2024-09-08 17:13:06,946 [INFO]  starting up 24-09-08-1713_P1 at 2.3126496667973697
2024-09-08 17:13:06,974 [INFO]  git SHA: 81bb9571f5ebf4a29a61722b4b9ef57e80f22bd5
2024-09-08 17:13:06,974 [INFO]  Configuration file: config/v1/1.json
2024-09-08 17:13:06,975 [INFO]  parameters {'reward_info': {'-4': {'desc': 'pattern_1', 'image': 'images[0]'}, '-3': {'desc': 'pattern_2', 'image': 'images[1]'}, '-2': {'desc': 'pattern_3', 'image': 'images[2]'}, '-1': {'desc': 'pattern_4', 'image': 'images[3]'}, '0': {'desc': 'pattern_5', 'image': 'images[4]'}, '1': {'desc': 'pattern_6', 'image': 'images[5]'}, '2': {'desc': 'pattern_7', 'image': 'images[6]'}, '3': {'desc': 'pattern_8', 'image': 'images[7]'}, '4': {'desc': 'pattern_9', 'image': 'images[8]'}}, 'images': ['pattern_1.png', 'pattern_2.png', 'pattern_3.png', 'pattern_4.png', 'pattern_5.png', 'pattern_6.png', 'pattern_7.png', 'pattern_8.png', 'pattern_9.png'], 'points_per_cent': 1, 'revealed': True, 'layout': [[0.0, 0.5], [-0.27032040872779883, 0.4206267664155905], [-0.4548159976772592, 0.20770750650094316], [-0.4949107209404664, -0.07115741913664247], [-0.3778747871771292, -0.3274303669726425], [-0.14086627842071486, -0.4797464868072487], [0.14086627842071464, -0.47974648680724874], [0.37787478717712886, -0.32743036697264283], [0.4949107209404664, -0.07115741913664264], [0.4548159976772592, 0.20770750650094305], [0.27032040872779883, 0.4206267664155906]]}
2024-09-08 17:13:08,146 [INFO]  Setting up window with size: (1350, 750) and full_screen: True
2024-09-08 17:13:08,147 [INFO]  Created window with size [3840 2160]
2024-09-08 17:13:08,198 [INFO]  begin intro
2024-09-08 17:13:08,198 [DEBUG]  message: Welcome! (None)
2024-09-08 17:13:52,714 [INFO]  begin trial {"kind": "GraphTrial", "graph": [[1, 3], [2, 4], [3, 5], [4, 6], [5, 7], [6, 8], [7, 9], [8, 10], [], [], []], "rewards": [null, null, null, null, null, null, null, null, null, null, null], "reward_info": {"-4": {"desc": "pattern_1", "image": "images[0]"}, "-3": {"desc": "pattern_2", "image": "images[1]"}, "-2": {"desc": "pattern_3", "image": "images[2]"}, "-1": {"desc": "pattern_4", "image": "images[3]"}, "0": {"desc": "pattern_5", "image": "images[4]"}, "1": {"desc": "pattern_6", "image": "images[5]"}, "2": {"desc": "pattern_7", "image": "images[6]"}, "3": {"desc": "pattern_8", "image": "images[7]"}, "4": {"desc": "pattern_9", "image": "images[8]"}}, "initial_stage": "acting", "hide_states": false, "hide_rewards_while_acting": false, "hide_edges_while_acting": false, "gaze_contingent": false, "gaze_tolerance": 1.5, "fixation_lag": 0.5, "start": 0}
2024-09-08 17:13:52,715 [DEBUG]  GraphTrial.log 48.081 show graph 
2024-09-08 17:13:52,763 [DEBUG]  message: In this experiment, you will play a game on the board shown to the right. (None)
2024-09-08 17:13:56,651 [DEBUG]  GraphTrial.log 52.017 visit state = 0
2024-09-08 17:13:56,651 [DEBUG]  message: Your current location on the board is highlighted in blue. (None)
2024-09-08 17:14:00,919 [DEBUG]  message: The goal of the game is to collect as many points as you can. (None)
2024-09-08 17:14:03,223 [DEBUG]  message: Before we start, let's learn all the buttons you need in this game .  (None)
2024-09-08 17:14:11,999 [DEBUG]  message: Key F should be under your left index finger which you can switch the line you select.  (Press Key F to continue)
2024-09-08 17:14:20,863 [DEBUG]  message: Key J should be under your right index finger which to confirm your choice.  (Press Key J to continue)
2024-09-08 17:14:23,343 [DEBUG]  message: Now, let's try to play one roundPress Key F and Key J to move.  (None)
2024-09-08 17:14:23,357 [DEBUG]  GraphTrial.log 78.723 begin space 
2024-09-08 17:14:24,959 [DEBUG]  GraphTrial.log 80.325 initialize status = ok
2024-09-08 17:14:24,960 [DEBUG]  GraphTrial.log 80.326 show graph 
2024-09-08 17:14:24,971 [DEBUG]  GraphTrial.log 80.337 start flip_time = 80.33710129186511
2024-09-08 17:14:24,995 [DEBUG]  GraphTrial.log 80.361 get move selected = 1
2024-09-08 17:14:25,471 [DEBUG]  GraphTrial.log 80.837 switch selected = 3
2024-09-08 17:14:26,279 [DEBUG]  GraphTrial.log 81.645 select selected = 3
2024-09-08 17:14:26,279 [DEBUG]  GraphTrial.log 81.645 visit state = 3
2024-09-08 17:14:26,281 [INFO]  begin intro_reward
2024-09-08 17:14:26,281 [INFO]  begin trial {"kind": "GraphTrial", "graph": [], "rewards": [1, 2, 3, 4, -1, -2, -3, -4, 0, 0, 0], "reward_info": {"-4": {"desc": "pattern_1", "image": "images[0]"}, "-3": {"desc": "pattern_2", "image": "images[1]"}, "-2": {"desc": "pattern_3", "image": "images[2]"}, "-1": {"desc": "pattern_4", "image": "images[3]"}, "0": {"desc": "pattern_5", "image": "images[4]"}, "1": {"desc": "pattern_6", "image": "images[5]"}, "2": {"desc": "pattern_7", "image": "images[6]"}, "3": {"desc": "pattern_8", "image": "images[7]"}, "4": {"desc": "pattern_9", "image": "images[8]"}}, "initial_stage": "acting", "hide_states": false, "hide_rewards_while_acting": false, "hide_edges_while_acting": false, "gaze_contingent": false, "gaze_tolerance": 1.5, "fixation_lag": 0.5, "start": 0}
2024-09-08 17:14:26,282 [DEBUG]  GraphTrial.log 81.648 show graph 
2024-09-08 17:14:26,502 [DEBUG]  STREAM b'IHDR' 16 13
2024-09-08 17:14:26,503 [DEBUG]  STREAM b'IDAT' 41 65536
2024-09-08 17:14:26,516 [DEBUG]  STREAM b'IHDR' 16 13
2024-09-08 17:14:26,516 [DEBUG]  STREAM b'IDAT' 41 65536
2024-09-08 17:14:26,525 [DEBUG]  STREAM b'IHDR' 16 13
2024-09-08 17:14:26,525 [DEBUG]  STREAM b'IDAT' 41 65536
2024-09-08 17:14:26,532 [DEBUG]  STREAM b'IHDR' 16 13
2024-09-08 17:14:26,532 [DEBUG]  STREAM b'IDAT' 41 65536
2024-09-08 17:14:26,545 [DEBUG]  STREAM b'IHDR' 16 13
2024-09-08 17:14:26,545 [DEBUG]  STREAM b'IDAT' 41 65536
2024-09-08 17:14:26,551 [DEBUG]  STREAM b'IHDR' 16 13
2024-09-08 17:14:26,551 [DEBUG]  STREAM b'IDAT' 41 65536
2024-09-08 17:14:26,557 [DEBUG]  STREAM b'IHDR' 16 13
2024-09-08 17:14:26,557 [DEBUG]  STREAM b'IDAT' 41 65536
2024-09-08 17:14:26,562 [DEBUG]  STREAM b'IHDR' 16 13
2024-09-08 17:14:26,562 [DEBUG]  STREAM b'IDAT' 41 65536
2024-09-08 17:14:26,572 [DEBUG]  STREAM b'IHDR' 16 13
2024-09-08 17:14:26,572 [DEBUG]  STREAM b'IDAT' 41 65536
2024-09-08 17:14:26,578 [DEBUG]  STREAM b'IHDR' 16 13
2024-09-08 17:14:26,578 [DEBUG]  STREAM b'IDAT' 41 65536
2024-09-08 17:14:26,583 [DEBUG]  STREAM b'IHDR' 16 13
2024-09-08 17:14:26,583 [DEBUG]  STREAM b'IDAT' 41 65536
2024-09-08 17:14:26,587 [DEBUG]  STREAM b'IHDR' 16 13
2024-09-08 17:14:26,587 [DEBUG]  STREAM b'IDAT' 41 65536
2024-09-08 17:14:26,596 [DEBUG]  STREAM b'IHDR' 16 13
2024-09-08 17:14:26,596 [DEBUG]  STREAM b'IDAT' 41 65536
2024-09-08 17:14:26,601 [DEBUG]  STREAM b'IHDR' 16 13
2024-09-08 17:14:26,601 [DEBUG]  STREAM b'IDAT' 41 65536
2024-09-08 17:14:26,605 [DEBUG]  STREAM b'IHDR' 16 13
2024-09-08 17:14:26,605 [DEBUG]  STREAM b'IDAT' 41 65536
2024-09-08 17:14:26,610 [DEBUG]  STREAM b'IHDR' 16 13
2024-09-08 17:14:26,610 [DEBUG]  STREAM b'IDAT' 41 65536
2024-09-08 17:14:26,618 [DEBUG]  STREAM b'IHDR' 16 13
2024-09-08 17:14:26,618 [DEBUG]  STREAM b'IDAT' 41 65536
2024-09-08 17:14:26,622 [DEBUG]  STREAM b'IHDR' 16 13
2024-09-08 17:14:26,622 [DEBUG]  STREAM b'IDAT' 41 65536
2024-09-08 17:14:26,626 [DEBUG]  STREAM b'IHDR' 16 13
2024-09-08 17:14:26,626 [DEBUG]  STREAM b'IDAT' 41 65536
2024-09-08 17:14:26,630 [DEBUG]  STREAM b'IHDR' 16 13
2024-09-08 17:14:26,630 [DEBUG]  STREAM b'IDAT' 41 65536
2024-09-08 17:14:26,638 [DEBUG]  STREAM b'IHDR' 16 13
2024-09-08 17:14:26,638 [DEBUG]  STREAM b'IDAT' 41 65536
2024-09-08 17:14:26,642 [DEBUG]  STREAM b'IHDR' 16 13
2024-09-08 17:14:26,642 [DEBUG]  STREAM b'IDAT' 41 65536
2024-09-08 17:14:26,646 [DEBUG]  STREAM b'IHDR' 16 13
2024-09-08 17:14:26,646 [DEBUG]  STREAM b'IDAT' 41 65536
2024-09-08 17:14:26,650 [DEBUG]  STREAM b'IHDR' 16 13
2024-09-08 17:14:26,650 [DEBUG]  STREAM b'IDAT' 41 65536
2024-09-08 17:14:26,658 [DEBUG]  STREAM b'IHDR' 16 13
2024-09-08 17:14:26,658 [DEBUG]  STREAM b'IDAT' 41 65536
2024-09-08 17:14:26,662 [DEBUG]  STREAM b'IHDR' 16 13
2024-09-08 17:14:26,662 [DEBUG]  STREAM b'IDAT' 41 65536
2024-09-08 17:14:26,666 [DEBUG]  STREAM b'IHDR' 16 13
2024-09-08 17:14:26,666 [DEBUG]  STREAM b'IDAT' 41 65536
2024-09-08 17:14:26,670 [DEBUG]  STREAM b'IHDR' 16 13
2024-09-08 17:14:26,670 [DEBUG]  STREAM b'IDAT' 41 65536
2024-09-08 17:14:26,678 [DEBUG]  STREAM b'IHDR' 16 13
2024-09-08 17:14:26,678 [DEBUG]  STREAM b'IDAT' 41 65536
2024-09-08 17:14:26,682 [DEBUG]  STREAM b'IHDR' 16 13
2024-09-08 17:14:26,682 [DEBUG]  STREAM b'IDAT' 41 65536
2024-09-08 17:14:26,686 [DEBUG]  STREAM b'IHDR' 16 13
2024-09-08 17:14:26,686 [DEBUG]  STREAM b'IDAT' 41 65536
2024-09-08 17:14:26,690 [DEBUG]  STREAM b'IHDR' 16 13
2024-09-08 17:14:26,690 [DEBUG]  STREAM b'IDAT' 41 65536
2024-09-08 17:14:26,698 [DEBUG]  STREAM b'IHDR' 16 13
2024-09-08 17:14:26,698 [DEBUG]  STREAM b'IDAT' 41 65536
2024-09-08 17:14:26,702 [DEBUG]  STREAM b'IHDR' 16 13
2024-09-08 17:14:26,702 [DEBUG]  STREAM b'IDAT' 41 65536
2024-09-08 17:14:26,706 [DEBUG]  STREAM b'IHDR' 16 13
2024-09-08 17:14:26,706 [DEBUG]  STREAM b'IDAT' 41 65536
2024-09-08 17:14:26,710 [DEBUG]  STREAM b'IHDR' 16 13
2024-09-08 17:14:26,710 [DEBUG]  STREAM b'IDAT' 41 65536
2024-09-08 17:14:26,718 [DEBUG]  STREAM b'IHDR' 16 13
2024-09-08 17:14:26,718 [DEBUG]  STREAM b'IDAT' 41 65536
2024-09-08 17:14:26,722 [DEBUG]  STREAM b'IHDR' 16 13
2024-09-08 17:14:26,722 [DEBUG]  STREAM b'IDAT' 41 65536
2024-09-08 17:14:26,726 [DEBUG]  STREAM b'IHDR' 16 13
2024-09-08 17:14:26,726 [DEBUG]  STREAM b'IDAT' 41 65536
2024-09-08 17:14:26,730 [DEBUG]  STREAM b'IHDR' 16 13
2024-09-08 17:14:26,730 [DEBUG]  STREAM b'IDAT' 41 65536
2024-09-08 17:14:26,737 [DEBUG]  STREAM b'IHDR' 16 13
2024-09-08 17:14:26,737 [DEBUG]  STREAM b'IDAT' 41 65536
2024-09-08 17:14:26,742 [DEBUG]  STREAM b'IHDR' 16 13
2024-09-08 17:14:26,742 [DEBUG]  STREAM b'IDAT' 41 65536
2024-09-08 17:14:26,746 [DEBUG]  STREAM b'IHDR' 16 13
2024-09-08 17:14:26,746 [DEBUG]  STREAM b'IDAT' 41 65536
2024-09-08 17:14:26,750 [DEBUG]  STREAM b'IHDR' 16 13
2024-09-08 17:14:26,750 [DEBUG]  STREAM b'IDAT' 41 65536
2024-09-08 17:14:26,755 [DEBUG]  message: In this game, you will see these diamonds. (None)
2024-09-08 17:14:28,277 [DEBUG]  message: Specifically, you want the ones that look like those. These earn you points.  (None)
2024-09-08 17:15:03,658 [DEBUG]  message: The diamonds look like those are bad. They take away points! (None)
2024-09-08 17:15:07,050 [DEBUG]  message: The diamonds that with four edges are natual. You won't gain or loss any point! (None)
2024-09-08 17:15:11,791 [DEBUG]  message: Take you time to remeber how much each item worth! (None)
2024-09-08 17:15:23,747 [INFO]  begin learn
2024-09-08 17:15:23,748 [DEBUG]  message: Now, let's see if you can identify which item have higher value. (None)
2024-09-08 17:15:28,935 [DEBUG]  message: You need to get 8 trials correct out of 10 before you can start the main tasks. (None)
2024-09-08 17:15:31,703 [INFO]  begin trial {"kind": "GraphTrial", "graph": [[], [], [], [], [3, 1], [], [], [], [], [], []], "rewards": [null, 4, null, 0, null, null, null, null, null, null, null], "reward_info": {"-4": {"desc": "pattern_1", "image": "images[0]"}, "-3": {"desc": "pattern_2", "image": "images[1]"}, "-2": {"desc": "pattern_3", "image": "images[2]"}, "-1": {"desc": "pattern_4", "image": "images[3]"}, "0": {"desc": "pattern_5", "image": "images[4]"}, "1": {"desc": "pattern_6", "image": "images[5]"}, "2": {"desc": "pattern_7", "image": "images[6]"}, "3": {"desc": "pattern_8", "image": "images[7]"}, "4": {"desc": "pattern_9", "image": "images[8]"}}, "initial_stage": "planning", "hide_states": false, "hide_rewards_while_acting": false, "hide_edges_while_acting": false, "gaze_contingent": false, "gaze_tolerance": 1.5, "fixation_lag": 0.5, "start": 4}
2024-09-08 17:15:31,703 [DEBUG]  GraphTrial.log 147.069 begin space 
2024-09-08 17:15:32,455 [DEBUG]  GraphTrial.log 147.821 initialize status = ok
2024-09-08 17:15:32,455 [DEBUG]  GraphTrial.log 147.821 show graph 
2024-09-08 17:15:32,463 [DEBUG]  STREAM b'IHDR' 16 13
2024-09-08 17:15:32,463 [DEBUG]  STREAM b'IDAT' 41 65536
2024-09-08 17:15:32,468 [DEBUG]  STREAM b'IHDR' 16 13
2024-09-08 17:15:32,468 [DEBUG]  STREAM b'IDAT' 41 65536
2024-09-08 17:15:32,473 [DEBUG]  STREAM b'IHDR' 16 13
2024-09-08 17:15:32,473 [DEBUG]  STREAM b'IDAT' 41 65536
2024-09-08 17:15:32,477 [DEBUG]  STREAM b'IHDR' 16 13
2024-09-08 17:15:32,477 [DEBUG]  STREAM b'IDAT' 41 65536
2024-09-08 17:15:32,488 [DEBUG]  STREAM b'IHDR' 16 13
2024-09-08 17:15:32,488 [DEBUG]  STREAM b'IDAT' 41 65536
2024-09-08 17:15:32,493 [DEBUG]  STREAM b'IHDR' 16 13
2024-09-08 17:15:32,493 [DEBUG]  STREAM b'IDAT' 41 65536
2024-09-08 17:15:32,497 [DEBUG]  STREAM b'IHDR' 16 13
2024-09-08 17:15:32,497 [DEBUG]  STREAM b'IDAT' 41 65536
2024-09-08 17:15:32,501 [DEBUG]  STREAM b'IHDR' 16 13
2024-09-08 17:15:32,501 [DEBUG]  STREAM b'IDAT' 41 65536
2024-09-08 17:15:32,528 [DEBUG]  GraphTrial.log 147.894 visit state = 4
2024-09-08 17:15:32,533 [DEBUG]  GraphTrial.log 147.899 start flip_time = 147.89903295855038
2024-09-08 17:15:32,538 [DEBUG]  GraphTrial.log 147.904 get move selected = 1
2024-09-08 17:15:33,776 [DEBUG]  GraphTrial.log 149.142 switch selected = 3
2024-09-08 17:15:34,704 [DEBUG]  GraphTrial.log 150.070 switch selected = 1
2024-09-08 17:15:34,855 [DEBUG]  GraphTrial.log 150.220 select selected = 1
2024-09-08 17:15:34,855 [DEBUG]  GraphTrial.log 150.220 visit state = 1
2024-09-08 17:15:36,698 [DEBUG]  GraphTrial.log 152.064 done 
2024-09-08 17:15:36,698 [INFO]  end trial [{"time": 147.0691461667884, "event": "begin space"}, {"time": 147.8209314167034, "event": "initialize", "status": "ok"}, {"time": 147.82098941667937, "event": "show graph"}, {"time": 147.8938657499384, "event": "visit", "state": 4}, {"time": 147.89908262505196, "event": "start", "flip_time": 147.89903295855038}, {"time": 147.9040454167407, "event": "get move", "selected": 1}, {"time": 149.1419766668696, "event": "switch", "selected": 3}, {"time": 150.06977650010958, "event": "switch", "selected": 1}, {"time": 150.22045004181564, "event": "select", "selected": 1}, {"time": 150.2204901666846, "event": "visit", "state": 1}, {"time": 152.06411662511528, "event": "done"}]
2024-09-08 17:15:36,698 [DEBUG]  message: You've successfully passed 1 out of 10 trials. (None)
2024-09-08 17:15:36,712 [INFO]  begin trial {"kind": "GraphTrial", "graph": [[], [], [], [], [], [], [7, 10], [], [], [], []], "rewards": [null, null, null, null, null, null, null, -1, null, null, 2], "reward_info": {"-4": {"desc": "pattern_1", "image": "images[0]"}, "-3": {"desc": "pattern_2", "image": "images[1]"}, "-2": {"desc": "pattern_3", "image": "images[2]"}, "-1": {"desc": "pattern_4", "image": "images[3]"}, "0": {"desc": "pattern_5", "image": "images[4]"}, "1": {"desc": "pattern_6", "image": "images[5]"}, "2": {"desc": "pattern_7", "image": "images[6]"}, "3": {"desc": "pattern_8", "image": "images[7]"}, "4": {"desc": "pattern_9", "image": "images[8]"}}, "initial_stage": "planning", "hide_states": false, "hide_rewards_while_acting": false, "hide_edges_while_acting": false, "gaze_contingent": false, "gaze_tolerance": 1.5, "fixation_lag": 0.5, "start": 6}
2024-09-08 17:15:36,712 [DEBUG]  GraphTrial.log 152.078 begin space 
2024-09-08 17:15:37,887 [DEBUG]  GraphTrial.log 153.253 initialize status = ok
2024-09-08 17:15:37,888 [DEBUG]  GraphTrial.log 153.254 show graph 
2024-09-08 17:15:37,912 [DEBUG]  STREAM b'IHDR' 16 13
2024-09-08 17:15:37,912 [DEBUG]  STREAM b'IDAT' 41 65536
2024-09-08 17:15:37,916 [DEBUG]  STREAM b'IHDR' 16 13
2024-09-08 17:15:37,916 [DEBUG]  STREAM b'IDAT' 41 65536
2024-09-08 17:15:37,921 [DEBUG]  STREAM b'IHDR' 16 13
2024-09-08 17:15:37,921 [DEBUG]  STREAM b'IDAT' 41 65536
2024-09-08 17:15:37,925 [DEBUG]  STREAM b'IHDR' 16 13
2024-09-08 17:15:37,925 [DEBUG]  STREAM b'IDAT' 41 65536
2024-09-08 17:15:37,938 [DEBUG]  STREAM b'IHDR' 16 13
2024-09-08 17:15:37,938 [DEBUG]  STREAM b'IDAT' 41 65536
2024-09-08 17:15:37,942 [DEBUG]  STREAM b'IHDR' 16 13
2024-09-08 17:15:37,942 [DEBUG]  STREAM b'IDAT' 41 65536
2024-09-08 17:15:37,947 [DEBUG]  STREAM b'IHDR' 16 13
2024-09-08 17:15:37,947 [DEBUG]  STREAM b'IDAT' 41 65536
2024-09-08 17:15:37,951 [DEBUG]  STREAM b'IHDR' 16 13
2024-09-08 17:15:37,951 [DEBUG]  STREAM b'IDAT' 41 65536
2024-09-08 17:15:37,958 [DEBUG]  GraphTrial.log 153.324 visit state = 6
2024-09-08 17:15:37,964 [DEBUG]  GraphTrial.log 153.330 start flip_time = 153.329924458405
2024-09-08 17:15:37,969 [DEBUG]  GraphTrial.log 153.335 get move selected = 7
2024-09-08 17:15:38,720 [DEBUG]  GraphTrial.log 154.086 switch selected = 10
2024-09-08 17:15:39,016 [DEBUG]  GraphTrial.log 154.382 switch selected = 7
2024-09-08 17:15:39,375 [DEBUG]  GraphTrial.log 154.741 switch selected = 10
2024-09-08 17:15:39,623 [DEBUG]  GraphTrial.log 154.988 select selected = 10
2024-09-08 17:15:39,623 [DEBUG]  GraphTrial.log 154.988 visit state = 10
2024-09-08 17:15:41,478 [DEBUG]  GraphTrial.log 156.843 done 
2024-09-08 17:15:41,478 [INFO]  end trial [{"time": 152.07817212492228, "event": "begin space"}, {"time": 153.25327929179184, "event": "initialize", "status": "ok"}, {"time": 153.2535487918649, "event": "show graph"}, {"time": 153.32379850000143, "event": "visit", "state": 6}, {"time": 153.32997616683133, "event": "start", "flip_time": 153.329924458405}, {"time": 153.33484916668385, "event": "get move", "selected": 7}, {"time": 154.08594725001603, "event": "switch", "selected": 10}, {"time": 154.3816208334174, "event": "switch", "selected": 7}, {"time": 154.7413032085169, "event": "switch", "selected": 10}, {"time": 154.98843850009143, "event": "select", "selected": 10}, {"time": 154.98847858351655, "event": "visit", "state": 10}, {"time": 156.8434237916954, "event": "done"}]
2024-09-08 17:15:41,478 [DEBUG]  message: You've successfully passed 2 out of 10 trials. (None)
2024-09-08 17:15:41,487 [INFO]  begin trial {"kind": "GraphTrial", "graph": [[], [], [], [], [], [], [], [], [10, 3], [], []], "rewards": [null, null, null, 3, null, null, null, null, null, null, 0], "reward_info": {"-4": {"desc": "pattern_1", "image": "images[0]"}, "-3": {"desc": "pattern_2", "image": "images[1]"}, "-2": {"desc": "pattern_3", "image": "images[2]"}, "-1": {"desc": "pattern_4", "image": "images[3]"}, "0": {"desc": "pattern_5", "image": "images[4]"}, "1": {"desc": "pattern_6", "image": "images[5]"}, "2": {"desc": "pattern_7", "image": "images[6]"}, "3": {"desc": "pattern_8", "image": "images[7]"}, "4": {"desc": "pattern_9", "image": "images[8]"}}, "initial_stage": "planning", "hide_states": false, "hide_rewards_while_acting": false, "hide_edges_while_acting": false, "gaze_contingent": false, "gaze_tolerance": 1.5, "fixation_lag": 0.5, "start": 8}
2024-09-08 17:15:41,487 [DEBUG]  GraphTrial.log 156.853 begin space 
2024-09-08 17:15:41,719 [DEBUG]  GraphTrial.log 157.085 initialize status = ok
2024-09-08 17:15:41,719 [DEBUG]  GraphTrial.log 157.085 show graph 
2024-09-08 17:15:41,733 [DEBUG]  STREAM b'IHDR' 16 13
2024-09-08 17:15:41,733 [DEBUG]  STREAM b'IDAT' 41 65536
2024-09-08 17:15:41,738 [DEBUG]  STREAM b'IHDR' 16 13
2024-09-08 17:15:41,738 [DEBUG]  STREAM b'IDAT' 41 65536
2024-09-08 17:15:41,743 [DEBUG]  STREAM b'IHDR' 16 13
2024-09-08 17:15:41,743 [DEBUG]  STREAM b'IDAT' 41 65536
2024-09-08 17:15:41,747 [DEBUG]  STREAM b'IHDR' 16 13
2024-09-08 17:15:41,747 [DEBUG]  STREAM b'IDAT' 41 65536
2024-09-08 17:15:41,772 [DEBUG]  STREAM b'IHDR' 16 13
2024-09-08 17:15:41,772 [DEBUG]  STREAM b'IDAT' 41 65536
2024-09-08 17:15:41,776 [DEBUG]  STREAM b'IHDR' 16 13
2024-09-08 17:15:41,776 [DEBUG]  STREAM b'IDAT' 41 65536
2024-09-08 17:15:41,780 [DEBUG]  STREAM b'IHDR' 16 13
2024-09-08 17:15:41,780 [DEBUG]  STREAM b'IDAT' 41 65536
2024-09-08 17:15:41,784 [DEBUG]  STREAM b'IHDR' 16 13
2024-09-08 17:15:41,784 [DEBUG]  STREAM b'IDAT' 41 65536
2024-09-08 17:15:41,791 [DEBUG]  GraphTrial.log 157.157 visit state = 8
2024-09-08 17:15:41,795 [DEBUG]  GraphTrial.log 157.161 start flip_time = 157.16077262512408
2024-09-08 17:15:41,798 [DEBUG]  GraphTrial.log 157.164 get move selected = 3
2024-09-08 17:15:43,559 [DEBUG]  GraphTrial.log 158.925 select selected = 3
2024-09-08 17:15:43,559 [DEBUG]  GraphTrial.log 158.925 visit state = 3
2024-09-08 17:15:45,412 [DEBUG]  GraphTrial.log 160.778 done 
2024-09-08 17:15:45,412 [INFO]  end trial [{"time": 156.85266416682862, "event": "begin space"}, {"time": 157.08527095848694, "event": "initialize", "status": "ok"}, {"time": 157.0853199167177, "event": "show graph"}, {"time": 157.15707287495025, "event": "visit", "state": 8}, {"time": 157.160816000076, "event": "start", "flip_time": 157.16077262512408}, {"time": 157.16427224990912, "event": "get move", "selected": 3}, {"time": 158.92509087501094, "event": "select", "selected": 3}, {"time": 158.92512975004502, "event": "visit", "state": 3}, {"time": 160.77782341674902, "event": "done"}]
2024-09-08 17:15:45,412 [DEBUG]  message: You've successfully passed 3 out of 10 trials. (None)
2024-09-08 17:15:45,420 [INFO]  begin trial {"kind": "GraphTrial", "graph": [[], [], [], [2, 0], [], [], [], [], [], [], []], "rewards": [-3, null, 0, null, null, null, null, null, null, null, null], "reward_info": {"-4": {"desc": "pattern_1", "image": "images[0]"}, "-3": {"desc": "pattern_2", "image": "images[1]"}, "-2": {"desc": "pattern_3", "image": "images[2]"}, "-1": {"desc": "pattern_4", "image": "images[3]"}, "0": {"desc": "pattern_5", "image": "images[4]"}, "1": {"desc": "pattern_6", "image": "images[5]"}, "2": {"desc": "pattern_7", "image": "images[6]"}, "3": {"desc": "pattern_8", "image": "images[7]"}, "4": {"desc": "pattern_9", "image": "images[8]"}}, "initial_stage": "planning", "hide_states": false, "hide_rewards_while_acting": false, "hide_edges_while_acting": false, "gaze_contingent": false, "gaze_tolerance": 1.5, "fixation_lag": 0.5, "start": 3}
2024-09-08 17:15:45,420 [DEBUG]  GraphTrial.log 160.786 begin space 
2024-09-08 17:15:45,912 [DEBUG]  GraphTrial.log 161.277 initialize status = ok
2024-09-08 17:15:45,912 [DEBUG]  GraphTrial.log 161.277 show graph 
2024-09-08 17:15:45,916 [DEBUG]  STREAM b'IHDR' 16 13
2024-09-08 17:15:45,916 [DEBUG]  STREAM b'IDAT' 41 65536
2024-09-08 17:15:45,921 [DEBUG]  STREAM b'IHDR' 16 13
2024-09-08 17:15:45,921 [DEBUG]  STREAM b'IDAT' 41 65536
2024-09-08 17:15:45,925 [DEBUG]  STREAM b'IHDR' 16 13
2024-09-08 17:15:45,925 [DEBUG]  STREAM b'IDAT' 41 65536
2024-09-08 17:15:45,929 [DEBUG]  STREAM b'IHDR' 16 13
2024-09-08 17:15:45,929 [DEBUG]  STREAM b'IDAT' 41 65536
2024-09-08 17:15:45,940 [DEBUG]  STREAM b'IHDR' 16 13
2024-09-08 17:15:45,940 [DEBUG]  STREAM b'IDAT' 41 65536
2024-09-08 17:15:45,944 [DEBUG]  STREAM b'IHDR' 16 13
2024-09-08 17:15:45,944 [DEBUG]  STREAM b'IDAT' 41 65536
2024-09-08 17:15:45,948 [DEBUG]  STREAM b'IHDR' 16 13
2024-09-08 17:15:45,948 [DEBUG]  STREAM b'IDAT' 41 65536
2024-09-08 17:15:45,952 [DEBUG]  STREAM b'IHDR' 16 13
2024-09-08 17:15:45,952 [DEBUG]  STREAM b'IDAT' 41 65536
2024-09-08 17:15:45,982 [DEBUG]  GraphTrial.log 161.348 visit state = 3
2024-09-08 17:15:45,986 [DEBUG]  GraphTrial.log 161.351 start flip_time = 161.35143787506968
2024-09-08 17:15:45,995 [DEBUG]  GraphTrial.log 161.361 get move selected = 2
2024-09-08 17:15:48,264 [DEBUG]  GraphTrial.log 163.630 switch selected = 0
2024-09-08 17:15:48,687 [DEBUG]  GraphTrial.log 164.053 select selected = 0
2024-09-08 17:15:48,687 [DEBUG]  GraphTrial.log 164.053 visit state = 0
2024-09-08 17:15:50,530 [DEBUG]  GraphTrial.log 165.896 done 
2024-09-08 17:15:50,531 [INFO]  end trial [{"time": 160.78592895856127, "event": "begin space"}, {"time": 161.27738662506454, "event": "initialize", "status": "ok"}, {"time": 161.27744566672482, "event": "show graph"}, {"time": 161.34769825008698, "event": "visit", "state": 3}, {"time": 161.35147362505086, "event": "start", "flip_time": 161.35143787506968}, {"time": 161.3606914167758, "event": "get move", "selected": 2}, {"time": 163.62996491673402, "event": "switch", "selected": 0}, {"time": 164.05278041679412, "event": "select", "selected": 0}, {"time": 164.0528226250317, "event": "visit", "state": 0}, {"time": 165.89620866673067, "event": "done"}]
2024-09-08 17:15:50,531 [DEBUG]  message: Incorrect, let's try another trial! (None)
2024-09-08 17:15:50,545 [INFO]  begin trial {"kind": "GraphTrial", "graph": [[], [], [], [], [], [], [], [], [], [4, 5], []], "rewards": [null, null, null, null, -2, 2, null, null, null, null, null], "reward_info": {"-4": {"desc": "pattern_1", "image": "images[0]"}, "-3": {"desc": "pattern_2", "image": "images[1]"}, "-2": {"desc": "pattern_3", "image": "images[2]"}, "-1": {"desc": "pattern_4", "image": "images[3]"}, "0": {"desc": "pattern_5", "image": "images[4]"}, "1": {"desc": "pattern_6", "image": "images[5]"}, "2": {"desc": "pattern_7", "image": "images[6]"}, "3": {"desc": "pattern_8", "image": "images[7]"}, "4": {"desc": "pattern_9", "image": "images[8]"}}, "initial_stage": "planning", "hide_states": false, "hide_rewards_while_acting": false, "hide_edges_while_acting": false, "gaze_contingent": false, "gaze_tolerance": 1.5, "fixation_lag": 0.5, "start": 9}
2024-09-08 17:15:50,545 [DEBUG]  GraphTrial.log 165.911 begin space 
2024-09-08 17:15:51,351 [DEBUG]  GraphTrial.log 166.717 initialize status = ok
2024-09-08 17:15:51,351 [DEBUG]  GraphTrial.log 166.717 show graph 
2024-09-08 17:15:51,367 [DEBUG]  STREAM b'IHDR' 16 13
2024-09-08 17:15:51,368 [DEBUG]  STREAM b'IDAT' 41 65536
2024-09-08 17:15:51,372 [DEBUG]  STREAM b'IHDR' 16 13
2024-09-08 17:15:51,372 [DEBUG]  STREAM b'IDAT' 41 65536
2024-09-08 17:15:51,377 [DEBUG]  STREAM b'IHDR' 16 13
2024-09-08 17:15:51,377 [DEBUG]  STREAM b'IDAT' 41 65536
2024-09-08 17:15:51,381 [DEBUG]  STREAM b'IHDR' 16 13
2024-09-08 17:15:51,381 [DEBUG]  STREAM b'IDAT' 41 65536
2024-09-08 17:15:51,388 [DEBUG]  STREAM b'IHDR' 16 13
2024-09-08 17:15:51,388 [DEBUG]  STREAM b'IDAT' 41 65536
2024-09-08 17:15:51,392 [DEBUG]  STREAM b'IHDR' 16 13
2024-09-08 17:15:51,392 [DEBUG]  STREAM b'IDAT' 41 65536
2024-09-08 17:15:51,397 [DEBUG]  STREAM b'IHDR' 16 13
2024-09-08 17:15:51,397 [DEBUG]  STREAM b'IDAT' 41 65536
2024-09-08 17:15:51,401 [DEBUG]  STREAM b'IHDR' 16 13
2024-09-08 17:15:51,401 [DEBUG]  STREAM b'IDAT' 41 65536
2024-09-08 17:15:51,422 [DEBUG]  GraphTrial.log 166.788 visit state = 9
2024-09-08 17:15:51,426 [DEBUG]  GraphTrial.log 166.792 start flip_time = 166.79167945845984
2024-09-08 17:15:51,430 [DEBUG]  GraphTrial.log 166.796 get move selected = 4
2024-09-08 17:15:53,152 [DEBUG]  GraphTrial.log 168.518 switch selected = 5
2024-09-08 17:15:53,863 [DEBUG]  GraphTrial.log 169.229 select selected = 5
2024-09-08 17:15:53,864 [DEBUG]  GraphTrial.log 169.229 visit state = 5
2024-09-08 17:15:55,698 [DEBUG]  GraphTrial.log 171.064 done 
2024-09-08 17:15:55,699 [INFO]  end trial [{"time": 165.91069745854475, "event": "begin space"}, {"time": 166.71720420848578, "event": "initialize", "status": "ok"}, {"time": 166.7172522500623, "event": "show graph"}, {"time": 166.78784637502395, "event": "visit", "state": 9}, {"time": 166.79171875002794, "event": "start", "flip_time": 166.79167945845984}, {"time": 166.7956887499895, "event": "get move", "selected": 4}, {"time": 168.51799716684036, "event": "switch", "selected": 5}, {"time": 169.2292347084731, "event": "select", "selected": 5}, {"time": 169.22931479173712, "event": "visit", "state": 5}, {"time": 171.06382275000215, "event": "done"}]
2024-09-08 17:15:55,699 [DEBUG]  message: You've successfully passed 4 out of 10 trials. (None)
2024-09-08 17:15:55,712 [INFO]  begin trial {"kind": "GraphTrial", "graph": [[], [], [], [], [], [], [], [], [3, 2], [], []], "rewards": [null, null, -4, 0, null, null, null, null, null, null, null], "reward_info": {"-4": {"desc": "pattern_1", "image": "images[0]"}, "-3": {"desc": "pattern_2", "image": "images[1]"}, "-2": {"desc": "pattern_3", "image": "images[2]"}, "-1": {"desc": "pattern_4", "image": "images[3]"}, "0": {"desc": "pattern_5", "image": "images[4]"}, "1": {"desc": "pattern_6", "image": "images[5]"}, "2": {"desc": "pattern_7", "image": "images[6]"}, "3": {"desc": "pattern_8", "image": "images[7]"}, "4": {"desc": "pattern_9", "image": "images[8]"}}, "initial_stage": "planning", "hide_states": false, "hide_rewards_while_acting": false, "hide_edges_while_acting": false, "gaze_contingent": false, "gaze_tolerance": 1.5, "fixation_lag": 0.5, "start": 8}
2024-09-08 17:15:55,712 [DEBUG]  GraphTrial.log 171.078 begin space 
2024-09-08 17:15:56,576 [DEBUG]  GraphTrial.log 171.941 initialize status = ok
2024-09-08 17:15:56,576 [DEBUG]  GraphTrial.log 171.941 show graph 
2024-09-08 17:15:56,586 [DEBUG]  STREAM b'IHDR' 16 13
2024-09-08 17:15:56,586 [DEBUG]  STREAM b'IDAT' 41 65536
2024-09-08 17:15:56,591 [DEBUG]  STREAM b'IHDR' 16 13
2024-09-08 17:15:56,591 [DEBUG]  STREAM b'IDAT' 41 65536
2024-09-08 17:15:56,595 [DEBUG]  STREAM b'IHDR' 16 13
2024-09-08 17:15:56,595 [DEBUG]  STREAM b'IDAT' 41 65536
2024-09-08 17:15:56,599 [DEBUG]  STREAM b'IHDR' 16 13
2024-09-08 17:15:56,599 [DEBUG]  STREAM b'IDAT' 41 65536
2024-09-08 17:15:56,607 [DEBUG]  STREAM b'IHDR' 16 13
2024-09-08 17:15:56,607 [DEBUG]  STREAM b'IDAT' 41 65536
2024-09-08 17:15:56,611 [DEBUG]  STREAM b'IHDR' 16 13
2024-09-08 17:15:56,611 [DEBUG]  STREAM b'IDAT' 41 65536
2024-09-08 17:15:56,615 [DEBUG]  STREAM b'IHDR' 16 13
2024-09-08 17:15:56,615 [DEBUG]  STREAM b'IDAT' 41 65536
2024-09-08 17:15:56,619 [DEBUG]  STREAM b'IHDR' 16 13
2024-09-08 17:15:56,619 [DEBUG]  STREAM b'IDAT' 41 65536
2024-09-08 17:15:56,646 [DEBUG]  GraphTrial.log 172.012 visit state = 8
2024-09-08 17:15:56,650 [DEBUG]  GraphTrial.log 172.016 start flip_time = 172.01582833356224
2024-09-08 17:15:56,654 [DEBUG]  GraphTrial.log 172.019 get move selected = 2
2024-09-08 17:15:57,904 [DEBUG]  GraphTrial.log 173.270 switch selected = 3
2024-09-08 17:15:59,256 [DEBUG]  GraphTrial.log 174.622 switch selected = 2
2024-09-08 17:15:59,880 [DEBUG]  GraphTrial.log 175.246 switch selected = 3
2024-09-08 17:16:00,223 [DEBUG]  GraphTrial.log 175.589 select selected = 3
2024-09-08 17:16:00,223 [DEBUG]  GraphTrial.log 175.589 visit state = 3
2024-09-08 17:16:02,079 [DEBUG]  GraphTrial.log 177.445 done 
2024-09-08 17:16:02,079 [INFO]  end trial [{"time": 171.07790470845066, "event": "begin space"}, {"time": 171.9413602501154, "event": "initialize", "status": "ok"}, {"time": 171.94141683354974, "event": "show graph"}, {"time": 172.01208775001578, "event": "visit", "state": 8}, {"time": 172.01586804166436, "event": "start", "flip_time": 172.01582833356224}, {"time": 172.0193059584126, "event": "get move", "selected": 2}, {"time": 173.26996850012802, "event": "switch", "selected": 3}, {"time": 174.62185762496665, "event": "switch", "selected": 2}, {"time": 175.245740625076, "event": "switch", "selected": 3}, {"time": 175.5888011250645, "event": "select", "selected": 3}, {"time": 175.58884270861745, "event": "visit", "state": 3}, {"time": 177.44457687507384, "event": "done"}]
2024-09-08 17:16:02,079 [DEBUG]  message: You've successfully passed 5 out of 10 trials. (None)
2024-09-08 17:16:02,087 [INFO]  begin trial {"kind": "GraphTrial", "graph": [[], [], [], [4, 7], [], [], [], [], [], [], []], "rewards": [null, null, null, null, 1, null, null, -4, null, null, null], "reward_info": {"-4": {"desc": "pattern_1", "image": "images[0]"}, "-3": {"desc": "pattern_2", "image": "images[1]"}, "-2": {"desc": "pattern_3", "image": "images[2]"}, "-1": {"desc": "pattern_4", "image": "images[3]"}, "0": {"desc": "pattern_5", "image": "images[4]"}, "1": {"desc": "pattern_6", "image": "images[5]"}, "2": {"desc": "pattern_7", "image": "images[6]"}, "3": {"desc": "pattern_8", "image": "images[7]"}, "4": {"desc": "pattern_9", "image": "images[8]"}}, "initial_stage": "planning", "hide_states": false, "hide_rewards_while_acting": false, "hide_edges_while_acting": false, "gaze_contingent": false, "gaze_tolerance": 1.5, "fixation_lag": 0.5, "start": 3}
2024-09-08 17:16:02,087 [DEBUG]  GraphTrial.log 177.453 begin space 
2024-09-08 17:16:02,975 [DEBUG]  GraphTrial.log 178.341 initialize status = ok
2024-09-08 17:16:02,976 [DEBUG]  GraphTrial.log 178.341 show graph 
2024-09-08 17:16:02,991 [DEBUG]  STREAM b'IHDR' 16 13
2024-09-08 17:16:02,991 [DEBUG]  STREAM b'IDAT' 41 65536
2024-09-08 17:16:02,996 [DEBUG]  STREAM b'IHDR' 16 13
2024-09-08 17:16:02,996 [DEBUG]  STREAM b'IDAT' 41 65536
2024-09-08 17:16:03,000 [DEBUG]  STREAM b'IHDR' 16 13
2024-09-08 17:16:03,000 [DEBUG]  STREAM b'IDAT' 41 65536
2024-09-08 17:16:03,004 [DEBUG]  STREAM b'IHDR' 16 13
2024-09-08 17:16:03,004 [DEBUG]  STREAM b'IDAT' 41 65536
2024-09-08 17:16:03,018 [DEBUG]  STREAM b'IHDR' 16 13
2024-09-08 17:16:03,018 [DEBUG]  STREAM b'IDAT' 41 65536
2024-09-08 17:16:03,022 [DEBUG]  STREAM b'IHDR' 16 13
2024-09-08 17:16:03,022 [DEBUG]  STREAM b'IDAT' 41 65536
2024-09-08 17:16:03,026 [DEBUG]  STREAM b'IHDR' 16 13
2024-09-08 17:16:03,026 [DEBUG]  STREAM b'IDAT' 41 65536
2024-09-08 17:16:03,030 [DEBUG]  STREAM b'IHDR' 16 13
2024-09-08 17:16:03,030 [DEBUG]  STREAM b'IDAT' 41 65536
2024-09-08 17:16:03,045 [DEBUG]  GraphTrial.log 178.411 visit state = 3
2024-09-08 17:16:03,050 [DEBUG]  GraphTrial.log 178.415 start flip_time = 178.41490962496027
2024-09-08 17:16:03,053 [DEBUG]  GraphTrial.log 178.419 get move selected = 4
2024-09-08 17:16:04,240 [DEBUG]  GraphTrial.log 179.606 switch selected = 7
2024-09-08 17:16:05,072 [DEBUG]  GraphTrial.log 180.438 switch selected = 4
2024-09-08 17:16:05,567 [DEBUG]  GraphTrial.log 180.933 select selected = 4
2024-09-08 17:16:05,567 [DEBUG]  GraphTrial.log 180.933 visit state = 4
2024-09-08 17:16:07,414 [DEBUG]  GraphTrial.log 182.780 done 
2024-09-08 17:16:07,414 [INFO]  end trial [{"time": 177.45321258343756, "event": "begin space"}, {"time": 178.34122524992563, "event": "initialize", "status": "ok"}, {"time": 178.3412799166981, "event": "show graph"}, {"time": 178.41110774991103, "event": "visit", "state": 3}, {"time": 178.41527554183267, "event": "start", "flip_time": 178.41490962496027}, {"time": 178.4188515418209, "event": "get move", "selected": 4}, {"time": 179.60587279172614, "event": "switch", "selected": 7}, {"time": 180.43775712512434, "event": "switch", "selected": 4}, {"time": 180.93265166669153, "event": "select", "selected": 4}, {"time": 180.9326923750341, "event": "visit", "state": 4}, {"time": 182.7797933749389, "event": "done"}]
2024-09-08 17:16:07,414 [DEBUG]  message: You've successfully passed 6 out of 10 trials. (None)
2024-09-08 17:16:07,428 [INFO]  begin trial {"kind": "GraphTrial", "graph": [[], [], [], [], [0, 5], [], [], [], [], [], []], "rewards": [4, null, null, null, null, 2, null, null, null, null, null], "reward_info": {"-4": {"desc": "pattern_1", "image": "images[0]"}, "-3": {"desc": "pattern_2", "image": "images[1]"}, "-2": {"desc": "pattern_3", "image": "images[2]"}, "-1": {"desc": "pattern_4", "image": "images[3]"}, "0": {"desc": "pattern_5", "image": "images[4]"}, "1": {"desc": "pattern_6", "image": "images[5]"}, "2": {"desc": "pattern_7", "image": "images[6]"}, "3": {"desc": "pattern_8", "image": "images[7]"}, "4": {"desc": "pattern_9", "image": "images[8]"}}, "initial_stage": "planning", "hide_states": false, "hide_rewards_while_acting": false, "hide_edges_while_acting": false, "gaze_contingent": false, "gaze_tolerance": 1.5, "fixation_lag": 0.5, "start": 4}
2024-09-08 17:16:07,428 [DEBUG]  GraphTrial.log 182.794 begin space 
2024-09-08 17:16:08,200 [DEBUG]  GraphTrial.log 183.565 initialize status = ok
2024-09-08 17:16:08,200 [DEBUG]  GraphTrial.log 183.565 show graph 
2024-09-08 17:16:08,204 [DEBUG]  STREAM b'IHDR' 16 13
2024-09-08 17:16:08,204 [DEBUG]  STREAM b'IDAT' 41 65536
2024-09-08 17:16:08,210 [DEBUG]  STREAM b'IHDR' 16 13
2024-09-08 17:16:08,210 [DEBUG]  STREAM b'IDAT' 41 65536
2024-09-08 17:16:08,214 [DEBUG]  STREAM b'IHDR' 16 13
2024-09-08 17:16:08,214 [DEBUG]  STREAM b'IDAT' 41 65536
2024-09-08 17:16:08,219 [DEBUG]  STREAM b'IHDR' 16 13
2024-09-08 17:16:08,219 [DEBUG]  STREAM b'IDAT' 41 65536
2024-09-08 17:16:08,238 [DEBUG]  STREAM b'IHDR' 16 13
2024-09-08 17:16:08,238 [DEBUG]  STREAM b'IDAT' 41 65536
2024-09-08 17:16:08,242 [DEBUG]  STREAM b'IHDR' 16 13
2024-09-08 17:16:08,242 [DEBUG]  STREAM b'IDAT' 41 65536
2024-09-08 17:16:08,247 [DEBUG]  STREAM b'IHDR' 16 13
2024-09-08 17:16:08,247 [DEBUG]  STREAM b'IDAT' 41 65536
2024-09-08 17:16:08,251 [DEBUG]  STREAM b'IHDR' 16 13
2024-09-08 17:16:08,251 [DEBUG]  STREAM b'IDAT' 41 65536
2024-09-08 17:16:08,272 [DEBUG]  GraphTrial.log 183.638 visit state = 4
2024-09-08 17:16:08,276 [DEBUG]  GraphTrial.log 183.642 start flip_time = 183.64161512511782
2024-09-08 17:16:08,280 [DEBUG]  GraphTrial.log 183.646 get move selected = 0
2024-09-08 17:16:08,960 [DEBUG]  GraphTrial.log 184.326 switch selected = 5
2024-09-08 17:16:10,880 [DEBUG]  GraphTrial.log 186.246 switch selected = 0
2024-09-08 17:16:11,439 [DEBUG]  GraphTrial.log 186.805 select selected = 0
2024-09-08 17:16:11,439 [DEBUG]  GraphTrial.log 186.805 visit state = 0
2024-09-08 17:16:13,298 [DEBUG]  GraphTrial.log 188.664 done 
2024-09-08 17:16:13,299 [INFO]  end trial [{"time": 182.7939983336255, "event": "begin space"}, {"time": 183.56527658342384, "event": "initialize", "status": "ok"}, {"time": 183.56533324997872, "event": "show graph"}, {"time": 183.63790595857427, "event": "visit", "state": 4}, {"time": 183.64166241674684, "event": "start", "flip_time": 183.64161512511782}, {"time": 183.64573920844123, "event": "get move", "selected": 0}, {"time": 184.32595212501474, "event": "switch", "selected": 5}, {"time": 186.24576904182322, "event": "switch", "selected": 0}, {"time": 186.80477787507698, "event": "select", "selected": 0}, {"time": 186.8048202500213, "event": "visit", "state": 0}, {"time": 188.6641921249684, "event": "done"}]
2024-09-08 17:16:13,299 [DEBUG]  message: You've successfully passed 7 out of 10 trials. (None)
2024-09-08 17:16:13,312 [INFO]  begin trial {"kind": "GraphTrial", "graph": [[], [], [], [], [], [], [], [], [3, 7], [], []], "rewards": [null, null, null, -1, null, null, null, 4, null, null, null], "reward_info": {"-4": {"desc": "pattern_1", "image": "images[0]"}, "-3": {"desc": "pattern_2", "image": "images[1]"}, "-2": {"desc": "pattern_3", "image": "images[2]"}, "-1": {"desc": "pattern_4", "image": "images[3]"}, "0": {"desc": "pattern_5", "image": "images[4]"}, "1": {"desc": "pattern_6", "image": "images[5]"}, "2": {"desc": "pattern_7", "image": "images[6]"}, "3": {"desc": "pattern_8", "image": "images[7]"}, "4": {"desc": "pattern_9", "image": "images[8]"}}, "initial_stage": "planning", "hide_states": false, "hide_rewards_while_acting": false, "hide_edges_while_acting": false, "gaze_contingent": false, "gaze_tolerance": 1.5, "fixation_lag": 0.5, "start": 8}
2024-09-08 17:16:13,312 [DEBUG]  GraphTrial.log 188.678 begin space 
2024-09-08 17:16:13,904 [DEBUG]  GraphTrial.log 189.269 initialize status = ok
2024-09-08 17:16:13,904 [DEBUG]  GraphTrial.log 189.269 show graph 
2024-09-08 17:16:13,917 [DEBUG]  STREAM b'IHDR' 16 13
2024-09-08 17:16:13,917 [DEBUG]  STREAM b'IDAT' 41 65536
2024-09-08 17:16:13,922 [DEBUG]  STREAM b'IHDR' 16 13
2024-09-08 17:16:13,922 [DEBUG]  STREAM b'IDAT' 41 65536
2024-09-08 17:16:13,926 [DEBUG]  STREAM b'IHDR' 16 13
2024-09-08 17:16:13,926 [DEBUG]  STREAM b'IDAT' 41 65536
2024-09-08 17:16:13,930 [DEBUG]  STREAM b'IHDR' 16 13
2024-09-08 17:16:13,930 [DEBUG]  STREAM b'IDAT' 41 65536
2024-09-08 17:16:13,946 [DEBUG]  STREAM b'IHDR' 16 13
2024-09-08 17:16:13,946 [DEBUG]  STREAM b'IDAT' 41 65536
2024-09-08 17:16:13,950 [DEBUG]  STREAM b'IHDR' 16 13
2024-09-08 17:16:13,950 [DEBUG]  STREAM b'IDAT' 41 65536
2024-09-08 17:16:13,955 [DEBUG]  STREAM b'IHDR' 16 13
2024-09-08 17:16:13,955 [DEBUG]  STREAM b'IDAT' 41 65536
2024-09-08 17:16:13,959 [DEBUG]  STREAM b'IHDR' 16 13
2024-09-08 17:16:13,959 [DEBUG]  STREAM b'IDAT' 41 65536
2024-09-08 17:16:13,975 [DEBUG]  GraphTrial.log 189.341 visit state = 8
2024-09-08 17:16:13,979 [DEBUG]  GraphTrial.log 189.344 start flip_time = 189.34439220861532
2024-09-08 17:16:13,982 [DEBUG]  GraphTrial.log 189.348 get move selected = 3
2024-09-08 17:16:14,848 [DEBUG]  GraphTrial.log 190.214 switch selected = 7
2024-09-08 17:16:15,311 [DEBUG]  GraphTrial.log 190.677 select selected = 7
2024-09-08 17:16:15,311 [DEBUG]  GraphTrial.log 190.677 visit state = 7
2024-09-08 17:16:17,182 [DEBUG]  GraphTrial.log 192.547 done 
2024-09-08 17:16:17,182 [INFO]  end trial [{"time": 188.67789654177614, "event": "begin space"}, {"time": 189.2692357499618, "event": "initialize", "status": "ok"}, {"time": 189.26928687491454, "event": "show graph"}, {"time": 189.3406365835108, "event": "visit", "state": 8}, {"time": 189.34443241683766, "event": "start", "flip_time": 189.34439220861532}, {"time": 189.34785245847888, "event": "get move", "selected": 3}, {"time": 190.21394479181617, "event": "switch", "selected": 7}, {"time": 190.67691825004295, "event": "select", "selected": 7}, {"time": 190.676959291799, "event": "visit", "state": 7}, {"time": 192.5473495416809, "event": "done"}]
2024-09-08 17:16:17,182 [DEBUG]  message: You've successfully passed 8 out of 10 trials. (None)
2024-09-08 17:16:17,194 [DEBUG]  message: Congratulations! You've achieved the required 8 correct trials. (None)
2024-09-08 17:16:23,163 [INFO]  begin practice
2024-09-08 17:16:23,163 [DEBUG]  message: Let's try a few harder practice rounds. (complete 2 practice rounds to continue)
2024-09-08 17:16:23,174 [INFO]  begin trial {"kind": "GraphTrial", "graph": [[], [], [], [7, 1], [], [10, 0], [2, 4], [], [6, 2], [5, 3], []], "rewards": [4, -4, -3, 1, -2, -3, 0, 4, 2, null, -4], "reward_info": {"-4": {"desc": "pattern_1", "image": "images[0]"}, "-3": {"desc": "pattern_2", "image": "images[1]"}, "-2": {"desc": "pattern_3", "image": "images[2]"}, "-1": {"desc": "pattern_4", "image": "images[3]"}, "0": {"desc": "pattern_5", "image": "images[4]"}, "1": {"desc": "pattern_6", "image": "images[5]"}, "2": {"desc": "pattern_7", "image": "images[6]"}, "3": {"desc": "pattern_8", "image": "images[7]"}, "4": {"desc": "pattern_9", "image": "images[8]"}}, "initial_stage": "planning", "hide_states": false, "hide_rewards_while_acting": false, "hide_edges_while_acting": false, "gaze_contingent": false, "gaze_tolerance": 1.5, "fixation_lag": 0.5, "start": 9}
2024-09-08 17:16:23,174 [DEBUG]  GraphTrial.log 198.539 begin space 
2024-09-08 17:16:25,200 [DEBUG]  GraphTrial.log 200.565 initialize status = ok
2024-09-08 17:16:25,200 [DEBUG]  GraphTrial.log 200.565 show graph 
2024-09-08 17:16:25,203 [DEBUG]  STREAM b'IHDR' 16 13
2024-09-08 17:16:25,204 [DEBUG]  STREAM b'IDAT' 41 65536
2024-09-08 17:16:25,208 [DEBUG]  STREAM b'IHDR' 16 13
2024-09-08 17:16:25,208 [DEBUG]  STREAM b'IDAT' 41 65536
2024-09-08 17:16:25,213 [DEBUG]  STREAM b'IHDR' 16 13
2024-09-08 17:16:25,213 [DEBUG]  STREAM b'IDAT' 41 65536
2024-09-08 17:16:25,217 [DEBUG]  STREAM b'IHDR' 16 13
2024-09-08 17:16:25,217 [DEBUG]  STREAM b'IDAT' 41 65536
2024-09-08 17:16:25,226 [DEBUG]  STREAM b'IHDR' 16 13
2024-09-08 17:16:25,226 [DEBUG]  STREAM b'IDAT' 41 65536
2024-09-08 17:16:25,231 [DEBUG]  STREAM b'IHDR' 16 13
2024-09-08 17:16:25,231 [DEBUG]  STREAM b'IDAT' 41 65536
2024-09-08 17:16:25,235 [DEBUG]  STREAM b'IHDR' 16 13
2024-09-08 17:16:25,235 [DEBUG]  STREAM b'IDAT' 41 65536
2024-09-08 17:16:25,239 [DEBUG]  STREAM b'IHDR' 16 13
2024-09-08 17:16:25,239 [DEBUG]  STREAM b'IDAT' 41 65536
2024-09-08 17:16:25,246 [DEBUG]  STREAM b'IHDR' 16 13
2024-09-08 17:16:25,246 [DEBUG]  STREAM b'IDAT' 41 65536
2024-09-08 17:16:25,251 [DEBUG]  STREAM b'IHDR' 16 13
2024-09-08 17:16:25,251 [DEBUG]  STREAM b'IDAT' 41 65536
2024-09-08 17:16:25,255 [DEBUG]  STREAM b'IHDR' 16 13
2024-09-08 17:16:25,255 [DEBUG]  STREAM b'IDAT' 41 65536
2024-09-08 17:16:25,259 [DEBUG]  STREAM b'IHDR' 16 13
2024-09-08 17:16:25,259 [DEBUG]  STREAM b'IDAT' 41 65536
2024-09-08 17:16:25,267 [DEBUG]  STREAM b'IHDR' 16 13
2024-09-08 17:16:25,267 [DEBUG]  STREAM b'IDAT' 41 65536
2024-09-08 17:16:25,271 [DEBUG]  STREAM b'IHDR' 16 13
2024-09-08 17:16:25,271 [DEBUG]  STREAM b'IDAT' 41 65536
2024-09-08 17:16:25,275 [DEBUG]  STREAM b'IHDR' 16 13
2024-09-08 17:16:25,275 [DEBUG]  STREAM b'IDAT' 41 65536
2024-09-08 17:16:25,279 [DEBUG]  STREAM b'IHDR' 16 13
2024-09-08 17:16:25,279 [DEBUG]  STREAM b'IDAT' 41 65536
2024-09-08 17:16:25,287 [DEBUG]  STREAM b'IHDR' 16 13
2024-09-08 17:16:25,287 [DEBUG]  STREAM b'IDAT' 41 65536
2024-09-08 17:16:25,291 [DEBUG]  STREAM b'IHDR' 16 13
2024-09-08 17:16:25,291 [DEBUG]  STREAM b'IDAT' 41 65536
2024-09-08 17:16:25,295 [DEBUG]  STREAM b'IHDR' 16 13
2024-09-08 17:16:25,295 [DEBUG]  STREAM b'IDAT' 41 65536
2024-09-08 17:16:25,299 [DEBUG]  STREAM b'IHDR' 16 13
2024-09-08 17:16:25,299 [DEBUG]  STREAM b'IDAT' 41 65536
2024-09-08 17:16:25,307 [DEBUG]  STREAM b'IHDR' 16 13
2024-09-08 17:16:25,307 [DEBUG]  STREAM b'IDAT' 41 65536
2024-09-08 17:16:25,311 [DEBUG]  STREAM b'IHDR' 16 13
2024-09-08 17:16:25,311 [DEBUG]  STREAM b'IDAT' 41 65536
2024-09-08 17:16:25,315 [DEBUG]  STREAM b'IHDR' 16 13
2024-09-08 17:16:25,315 [DEBUG]  STREAM b'IDAT' 41 65536
2024-09-08 17:16:25,319 [DEBUG]  STREAM b'IHDR' 16 13
2024-09-08 17:16:25,319 [DEBUG]  STREAM b'IDAT' 41 65536
2024-09-08 17:16:25,326 [DEBUG]  STREAM b'IHDR' 16 13
2024-09-08 17:16:25,326 [DEBUG]  STREAM b'IDAT' 41 65536
2024-09-08 17:16:25,331 [DEBUG]  STREAM b'IHDR' 16 13
2024-09-08 17:16:25,331 [DEBUG]  STREAM b'IDAT' 41 65536
2024-09-08 17:16:25,335 [DEBUG]  STREAM b'IHDR' 16 13
2024-09-08 17:16:25,335 [DEBUG]  STREAM b'IDAT' 41 65536
2024-09-08 17:16:25,339 [DEBUG]  STREAM b'IHDR' 16 13
2024-09-08 17:16:25,339 [DEBUG]  STREAM b'IDAT' 41 65536
2024-09-08 17:16:25,346 [DEBUG]  STREAM b'IHDR' 16 13
2024-09-08 17:16:25,346 [DEBUG]  STREAM b'IDAT' 41 65536
2024-09-08 17:16:25,351 [DEBUG]  STREAM b'IHDR' 16 13
2024-09-08 17:16:25,351 [DEBUG]  STREAM b'IDAT' 41 65536
2024-09-08 17:16:25,355 [DEBUG]  STREAM b'IHDR' 16 13
2024-09-08 17:16:25,355 [DEBUG]  STREAM b'IDAT' 41 65536
2024-09-08 17:16:25,360 [DEBUG]  STREAM b'IHDR' 16 13
2024-09-08 17:16:25,360 [DEBUG]  STREAM b'IDAT' 41 65536
2024-09-08 17:16:25,367 [DEBUG]  STREAM b'IHDR' 16 13
2024-09-08 17:16:25,367 [DEBUG]  STREAM b'IDAT' 41 65536
2024-09-08 17:16:25,372 [DEBUG]  STREAM b'IHDR' 16 13
2024-09-08 17:16:25,372 [DEBUG]  STREAM b'IDAT' 41 65536
2024-09-08 17:16:25,376 [DEBUG]  STREAM b'IHDR' 16 13
2024-09-08 17:16:25,376 [DEBUG]  STREAM b'IDAT' 41 65536
2024-09-08 17:16:25,380 [DEBUG]  STREAM b'IHDR' 16 13
2024-09-08 17:16:25,380 [DEBUG]  STREAM b'IDAT' 41 65536
2024-09-08 17:16:25,391 [DEBUG]  STREAM b'IHDR' 16 13
2024-09-08 17:16:25,391 [DEBUG]  STREAM b'IDAT' 41 65536
2024-09-08 17:16:25,395 [DEBUG]  STREAM b'IHDR' 16 13
2024-09-08 17:16:25,395 [DEBUG]  STREAM b'IDAT' 41 65536
2024-09-08 17:16:25,399 [DEBUG]  STREAM b'IHDR' 16 13
2024-09-08 17:16:25,399 [DEBUG]  STREAM b'IDAT' 41 65536
2024-09-08 17:16:25,403 [DEBUG]  STREAM b'IHDR' 16 13
2024-09-08 17:16:25,403 [DEBUG]  STREAM b'IDAT' 41 65536
2024-09-08 17:16:25,417 [DEBUG]  GraphTrial.log 200.782 visit state = 9
2024-09-08 17:16:25,425 [DEBUG]  GraphTrial.log 200.791 start flip_time = 200.79057133360766
2024-09-08 17:16:25,433 [DEBUG]  GraphTrial.log 200.798 get move selected = 3
2024-09-08 17:16:26,169 [DEBUG]  GraphTrial.log 201.534 switch selected = 5
2024-09-08 17:16:34,760 [DEBUG]  GraphTrial.log 210.125 select selected = 5
2024-09-08 17:16:34,760 [DEBUG]  GraphTrial.log 210.125 visit state = 5
2024-09-08 17:16:34,779 [DEBUG]  GraphTrial.log 210.145 get move selected = 0
2024-09-08 17:16:35,375 [DEBUG]  GraphTrial.log 210.741 select selected = 0
2024-09-08 17:16:35,375 [DEBUG]  GraphTrial.log 210.741 visit state = 0
2024-09-08 17:16:37,248 [DEBUG]  GraphTrial.log 212.614 done 
2024-09-08 17:16:37,248 [INFO]  end trial [{"time": 198.5393924585078, "event": "begin space"}, {"time": 200.56524941674434, "event": "initialize", "status": "ok"}, {"time": 200.5653232918121, "event": "show graph"}, {"time": 200.78223325009458, "event": "visit", "state": 9}, {"time": 200.79064658354037, "event": "start", "flip_time": 200.79057133360766}, {"time": 200.79836641671136, "event": "get move", "selected": 3}, {"time": 201.5341736250557, "event": "switch", "selected": 5}, {"time": 210.12518025003374, "event": "select", "selected": 5}, {"time": 210.12523016682826, "event": "visit", "state": 5}, {"time": 210.1445429166779, "event": "get move", "selected": 0}, {"time": 210.74080991675146, "event": "select", "selected": 0}, {"time": 210.74085183348507, "event": "visit", "state": 0}, {"time": 212.61385395843536, "event": "done"}]
2024-09-08 17:16:37,248 [DEBUG]  message: You got 1 points on that round, but you could have gotten 5.
Let's try again. Try to make as many points as possible! (None)
2024-09-08 17:16:37,262 [INFO]  begin trial {"kind": "GraphTrial", "graph": [[], [], [], [7, 1], [], [10, 0], [2, 4], [], [6, 2], [5, 3], []], "rewards": [4, -4, -3, 1, -2, -3, 0, 4, 2, null, -4], "reward_info": {"-4": {"desc": "pattern_1", "image": "images[0]"}, "-3": {"desc": "pattern_2", "image": "images[1]"}, "-2": {"desc": "pattern_3", "image": "images[2]"}, "-1": {"desc": "pattern_4", "image": "images[3]"}, "0": {"desc": "pattern_5", "image": "images[4]"}, "1": {"desc": "pattern_6", "image": "images[5]"}, "2": {"desc": "pattern_7", "image": "images[6]"}, "3": {"desc": "pattern_8", "image": "images[7]"}, "4": {"desc": "pattern_9", "image": "images[8]"}}, "initial_stage": "planning", "hide_states": false, "hide_rewards_while_acting": false, "hide_edges_while_acting": false, "gaze_contingent": false, "gaze_tolerance": 1.5, "fixation_lag": 0.5, "start": 9}
2024-09-08 17:16:37,262 [DEBUG]  GraphTrial.log 212.628 begin space 
2024-09-08 17:16:41,128 [DEBUG]  GraphTrial.log 216.493 initialize status = ok
2024-09-08 17:16:41,128 [DEBUG]  GraphTrial.log 216.493 show graph 
2024-09-08 17:16:41,132 [DEBUG]  STREAM b'IHDR' 16 13
2024-09-08 17:16:41,132 [DEBUG]  STREAM b'IDAT' 41 65536
2024-09-08 17:16:41,136 [DEBUG]  STREAM b'IHDR' 16 13
2024-09-08 17:16:41,137 [DEBUG]  STREAM b'IDAT' 41 65536
2024-09-08 17:16:41,141 [DEBUG]  STREAM b'IHDR' 16 13
2024-09-08 17:16:41,141 [DEBUG]  STREAM b'IDAT' 41 65536
2024-09-08 17:16:41,145 [DEBUG]  STREAM b'IHDR' 16 13
2024-09-08 17:16:41,145 [DEBUG]  STREAM b'IDAT' 41 65536
2024-09-08 17:16:41,153 [DEBUG]  STREAM b'IHDR' 16 13
2024-09-08 17:16:41,153 [DEBUG]  STREAM b'IDAT' 41 65536
2024-09-08 17:16:41,158 [DEBUG]  STREAM b'IHDR' 16 13
2024-09-08 17:16:41,158 [DEBUG]  STREAM b'IDAT' 41 65536
2024-09-08 17:16:41,162 [DEBUG]  STREAM b'IHDR' 16 13
2024-09-08 17:16:41,162 [DEBUG]  STREAM b'IDAT' 41 65536
2024-09-08 17:16:41,166 [DEBUG]  STREAM b'IHDR' 16 13
2024-09-08 17:16:41,166 [DEBUG]  STREAM b'IDAT' 41 65536
2024-09-08 17:16:41,173 [DEBUG]  STREAM b'IHDR' 16 13
2024-09-08 17:16:41,173 [DEBUG]  STREAM b'IDAT' 41 65536
2024-09-08 17:16:41,178 [DEBUG]  STREAM b'IHDR' 16 13
2024-09-08 17:16:41,178 [DEBUG]  STREAM b'IDAT' 41 65536
2024-09-08 17:16:41,182 [DEBUG]  STREAM b'IHDR' 16 13
2024-09-08 17:16:41,182 [DEBUG]  STREAM b'IDAT' 41 65536
2024-09-08 17:16:41,186 [DEBUG]  STREAM b'IHDR' 16 13
2024-09-08 17:16:41,186 [DEBUG]  STREAM b'IDAT' 41 65536
2024-09-08 17:16:41,193 [DEBUG]  STREAM b'IHDR' 16 13
2024-09-08 17:16:41,193 [DEBUG]  STREAM b'IDAT' 41 65536
2024-09-08 17:16:41,197 [DEBUG]  STREAM b'IHDR' 16 13
2024-09-08 17:16:41,197 [DEBUG]  STREAM b'IDAT' 41 65536
2024-09-08 17:16:41,201 [DEBUG]  STREAM b'IHDR' 16 13
2024-09-08 17:16:41,201 [DEBUG]  STREAM b'IDAT' 41 65536
2024-09-08 17:16:41,205 [DEBUG]  STREAM b'IHDR' 16 13
2024-09-08 17:16:41,205 [DEBUG]  STREAM b'IDAT' 41 65536
2024-09-08 17:16:41,213 [DEBUG]  STREAM b'IHDR' 16 13
2024-09-08 17:16:41,213 [DEBUG]  STREAM b'IDAT' 41 65536
2024-09-08 17:16:41,217 [DEBUG]  STREAM b'IHDR' 16 13
2024-09-08 17:16:41,217 [DEBUG]  STREAM b'IDAT' 41 65536
2024-09-08 17:16:41,221 [DEBUG]  STREAM b'IHDR' 16 13
2024-09-08 17:16:41,221 [DEBUG]  STREAM b'IDAT' 41 65536
2024-09-08 17:16:41,225 [DEBUG]  STREAM b'IHDR' 16 13
2024-09-08 17:16:41,225 [DEBUG]  STREAM b'IDAT' 41 65536
2024-09-08 17:16:41,232 [DEBUG]  STREAM b'IHDR' 16 13
2024-09-08 17:16:41,232 [DEBUG]  STREAM b'IDAT' 41 65536
2024-09-08 17:16:41,236 [DEBUG]  STREAM b'IHDR' 16 13
2024-09-08 17:16:41,236 [DEBUG]  STREAM b'IDAT' 41 65536
2024-09-08 17:16:41,241 [DEBUG]  STREAM b'IHDR' 16 13
2024-09-08 17:16:41,241 [DEBUG]  STREAM b'IDAT' 41 65536
2024-09-08 17:16:41,245 [DEBUG]  STREAM b'IHDR' 16 13
2024-09-08 17:16:41,245 [DEBUG]  STREAM b'IDAT' 41 65536
2024-09-08 17:16:41,252 [DEBUG]  STREAM b'IHDR' 16 13
2024-09-08 17:16:41,252 [DEBUG]  STREAM b'IDAT' 41 65536
2024-09-08 17:16:41,256 [DEBUG]  STREAM b'IHDR' 16 13
2024-09-08 17:16:41,256 [DEBUG]  STREAM b'IDAT' 41 65536
2024-09-08 17:16:41,260 [DEBUG]  STREAM b'IHDR' 16 13
2024-09-08 17:16:41,260 [DEBUG]  STREAM b'IDAT' 41 65536
2024-09-08 17:16:41,264 [DEBUG]  STREAM b'IHDR' 16 13
2024-09-08 17:16:41,264 [DEBUG]  STREAM b'IDAT' 41 65536
2024-09-08 17:16:41,272 [DEBUG]  STREAM b'IHDR' 16 13
2024-09-08 17:16:41,272 [DEBUG]  STREAM b'IDAT' 41 65536
2024-09-08 17:16:41,276 [DEBUG]  STREAM b'IHDR' 16 13
2024-09-08 17:16:41,276 [DEBUG]  STREAM b'IDAT' 41 65536
2024-09-08 17:16:41,281 [DEBUG]  STREAM b'IHDR' 16 13
2024-09-08 17:16:41,281 [DEBUG]  STREAM b'IDAT' 41 65536
2024-09-08 17:16:41,285 [DEBUG]  STREAM b'IHDR' 16 13
2024-09-08 17:16:41,285 [DEBUG]  STREAM b'IDAT' 41 65536
2024-09-08 17:16:41,293 [DEBUG]  STREAM b'IHDR' 16 13
2024-09-08 17:16:41,293 [DEBUG]  STREAM b'IDAT' 41 65536
2024-09-08 17:16:41,297 [DEBUG]  STREAM b'IHDR' 16 13
2024-09-08 17:16:41,297 [DEBUG]  STREAM b'IDAT' 41 65536
2024-09-08 17:16:41,301 [DEBUG]  STREAM b'IHDR' 16 13
2024-09-08 17:16:41,301 [DEBUG]  STREAM b'IDAT' 41 65536
2024-09-08 17:16:41,306 [DEBUG]  STREAM b'IHDR' 16 13
2024-09-08 17:16:41,306 [DEBUG]  STREAM b'IDAT' 41 65536
2024-09-08 17:16:41,316 [DEBUG]  STREAM b'IHDR' 16 13
2024-09-08 17:16:41,316 [DEBUG]  STREAM b'IDAT' 41 65536
2024-09-08 17:16:41,320 [DEBUG]  STREAM b'IHDR' 16 13
2024-09-08 17:16:41,320 [DEBUG]  STREAM b'IDAT' 41 65536
2024-09-08 17:16:41,324 [DEBUG]  STREAM b'IHDR' 16 13
2024-09-08 17:16:41,324 [DEBUG]  STREAM b'IDAT' 41 65536
2024-09-08 17:16:41,328 [DEBUG]  STREAM b'IHDR' 16 13
2024-09-08 17:16:41,328 [DEBUG]  STREAM b'IDAT' 41 65536
2024-09-08 17:16:41,342 [DEBUG]  GraphTrial.log 216.708 visit state = 9
2024-09-08 17:16:41,351 [DEBUG]  GraphTrial.log 216.717 start flip_time = 216.71688683354296
2024-09-08 17:16:41,358 [DEBUG]  GraphTrial.log 216.724 get move selected = 5
2024-09-08 17:16:45,657 [DEBUG]  GraphTrial.log 221.022 switch selected = 3
2024-09-08 17:16:46,135 [DEBUG]  GraphTrial.log 221.501 select selected = 3
2024-09-08 17:16:46,135 [DEBUG]  GraphTrial.log 221.501 visit state = 3
2024-09-08 17:16:46,147 [DEBUG]  GraphTrial.log 221.513 get move selected = 7
2024-09-08 17:16:46,943 [DEBUG]  GraphTrial.log 222.309 select selected = 7
2024-09-08 17:16:46,943 [DEBUG]  GraphTrial.log 222.309 visit state = 7
2024-09-08 17:16:48,829 [DEBUG]  GraphTrial.log 224.194 done 
2024-09-08 17:16:48,829 [INFO]  end trial [{"time": 212.6278470000252, "event": "begin space"}, {"time": 216.4933838751167, "event": "initialize", "status": "ok"}, {"time": 216.49344254168682, "event": "show graph"}, {"time": 216.7076385000255, "event": "visit", "state": 9}, {"time": 216.71696933358908, "event": "start", "flip_time": 216.71688683354296}, {"time": 216.72389425011352, "event": "get move", "selected": 5}, {"time": 221.0222520835232, "event": "switch", "selected": 3}, {"time": 221.5008147917688, "event": "select", "selected": 3}, {"time": 221.5008704168722, "event": "visit", "state": 3}, {"time": 221.5127273334656, "event": "get move", "selected": 7}, {"time": 222.3090277086012, "event": "select", "selected": 7}, {"time": 222.30906666675583, "event": "visit", "state": 7}, {"time": 224.1944962500129, "event": "done"}]
2024-09-08 17:16:48,829 [DEBUG]  message: Let's try a few harder practice rounds. (complete 1 practice rounds to continue)
2024-09-08 17:16:48,838 [INFO]  begin trial {"kind": "GraphTrial", "graph": [[], [10, 7], [3, 6], [6, 0], [], [4, 8], [], [], [], [1, 5], []], "rewards": [-1, -2, -1, -3, 3, -4, 3, 0, 1, null, -2], "reward_info": {"-4": {"desc": "pattern_1", "image": "images[0]"}, "-3": {"desc": "pattern_2", "image": "images[1]"}, "-2": {"desc": "pattern_3", "image": "images[2]"}, "-1": {"desc": "pattern_4", "image": "images[3]"}, "0": {"desc": "pattern_5", "image": "images[4]"}, "1": {"desc": "pattern_6", "image": "images[5]"}, "2": {"desc": "pattern_7", "image": "images[6]"}, "3": {"desc": "pattern_8", "image": "images[7]"}, "4": {"desc": "pattern_9", "image": "images[8]"}}, "initial_stage": "planning", "hide_states": false, "hide_rewards_while_acting": false, "hide_edges_while_acting": false, "gaze_contingent": false, "gaze_tolerance": 1.5, "fixation_lag": 0.5, "start": 9}
2024-09-08 17:16:48,838 [DEBUG]  GraphTrial.log 224.204 begin space 
2024-09-08 17:16:49,440 [DEBUG]  GraphTrial.log 224.805 initialize status = ok
2024-09-08 17:16:49,440 [DEBUG]  GraphTrial.log 224.805 show graph 
2024-09-08 17:16:49,444 [DEBUG]  STREAM b'IHDR' 16 13
2024-09-08 17:16:49,444 [DEBUG]  STREAM b'IDAT' 41 65536
2024-09-08 17:16:49,449 [DEBUG]  STREAM b'IHDR' 16 13
2024-09-08 17:16:49,449 [DEBUG]  STREAM b'IDAT' 41 65536
2024-09-08 17:16:49,453 [DEBUG]  STREAM b'IHDR' 16 13
2024-09-08 17:16:49,453 [DEBUG]  STREAM b'IDAT' 41 65536
2024-09-08 17:16:49,457 [DEBUG]  STREAM b'IHDR' 16 13
2024-09-08 17:16:49,457 [DEBUG]  STREAM b'IDAT' 41 65536
2024-09-08 17:16:49,465 [DEBUG]  STREAM b'IHDR' 16 13
2024-09-08 17:16:49,465 [DEBUG]  STREAM b'IDAT' 41 65536
2024-09-08 17:16:49,469 [DEBUG]  STREAM b'IHDR' 16 13
2024-09-08 17:16:49,469 [DEBUG]  STREAM b'IDAT' 41 65536
2024-09-08 17:16:49,473 [DEBUG]  STREAM b'IHDR' 16 13
2024-09-08 17:16:49,473 [DEBUG]  STREAM b'IDAT' 41 65536
2024-09-08 17:16:49,477 [DEBUG]  STREAM b'IHDR' 16 13
2024-09-08 17:16:49,477 [DEBUG]  STREAM b'IDAT' 41 65536
2024-09-08 17:16:49,484 [DEBUG]  STREAM b'IHDR' 16 13
2024-09-08 17:16:49,484 [DEBUG]  STREAM b'IDAT' 41 65536
2024-09-08 17:16:49,488 [DEBUG]  STREAM b'IHDR' 16 13
2024-09-08 17:16:49,488 [DEBUG]  STREAM b'IDAT' 41 65536
2024-09-08 17:16:49,492 [DEBUG]  STREAM b'IHDR' 16 13
2024-09-08 17:16:49,492 [DEBUG]  STREAM b'IDAT' 41 65536
2024-09-08 17:16:49,496 [DEBUG]  STREAM b'IHDR' 16 13
2024-09-08 17:16:49,496 [DEBUG]  STREAM b'IDAT' 41 65536
2024-09-08 17:16:49,504 [DEBUG]  STREAM b'IHDR' 16 13
2024-09-08 17:16:49,504 [DEBUG]  STREAM b'IDAT' 41 65536
2024-09-08 17:16:49,508 [DEBUG]  STREAM b'IHDR' 16 13
2024-09-08 17:16:49,508 [DEBUG]  STREAM b'IDAT' 41 65536
2024-09-08 17:16:49,512 [DEBUG]  STREAM b'IHDR' 16 13
2024-09-08 17:16:49,512 [DEBUG]  STREAM b'IDAT' 41 65536
2024-09-08 17:16:49,516 [DEBUG]  STREAM b'IHDR' 16 13
2024-09-08 17:16:49,516 [DEBUG]  STREAM b'IDAT' 41 65536
2024-09-08 17:16:49,524 [DEBUG]  STREAM b'IHDR' 16 13
2024-09-08 17:16:49,524 [DEBUG]  STREAM b'IDAT' 41 65536
2024-09-08 17:16:49,529 [DEBUG]  STREAM b'IHDR' 16 13
2024-09-08 17:16:49,529 [DEBUG]  STREAM b'IDAT' 41 65536
2024-09-08 17:16:49,533 [DEBUG]  STREAM b'IHDR' 16 13
2024-09-08 17:16:49,533 [DEBUG]  STREAM b'IDAT' 41 65536
2024-09-08 17:16:49,538 [DEBUG]  STREAM b'IHDR' 16 13
2024-09-08 17:16:49,538 [DEBUG]  STREAM b'IDAT' 41 65536
2024-09-08 17:16:49,545 [DEBUG]  STREAM b'IHDR' 16 13
2024-09-08 17:16:49,545 [DEBUG]  STREAM b'IDAT' 41 65536
2024-09-08 17:16:49,550 [DEBUG]  STREAM b'IHDR' 16 13
2024-09-08 17:16:49,550 [DEBUG]  STREAM b'IDAT' 41 65536
2024-09-08 17:16:49,554 [DEBUG]  STREAM b'IHDR' 16 13
2024-09-08 17:16:49,554 [DEBUG]  STREAM b'IDAT' 41 65536
2024-09-08 17:16:49,558 [DEBUG]  STREAM b'IHDR' 16 13
2024-09-08 17:16:49,558 [DEBUG]  STREAM b'IDAT' 41 65536
2024-09-08 17:16:49,565 [DEBUG]  STREAM b'IHDR' 16 13
2024-09-08 17:16:49,565 [DEBUG]  STREAM b'IDAT' 41 65536
2024-09-08 17:16:49,570 [DEBUG]  STREAM b'IHDR' 16 13
2024-09-08 17:16:49,570 [DEBUG]  STREAM b'IDAT' 41 65536
2024-09-08 17:16:49,574 [DEBUG]  STREAM b'IHDR' 16 13
2024-09-08 17:16:49,574 [DEBUG]  STREAM b'IDAT' 41 65536
2024-09-08 17:16:49,578 [DEBUG]  STREAM b'IHDR' 16 13
2024-09-08 17:16:49,578 [DEBUG]  STREAM b'IDAT' 41 65536
2024-09-08 17:16:49,586 [DEBUG]  STREAM b'IHDR' 16 13
2024-09-08 17:16:49,586 [DEBUG]  STREAM b'IDAT' 41 65536
2024-09-08 17:16:49,590 [DEBUG]  STREAM b'IHDR' 16 13
2024-09-08 17:16:49,590 [DEBUG]  STREAM b'IDAT' 41 65536
2024-09-08 17:16:49,594 [DEBUG]  STREAM b'IHDR' 16 13
2024-09-08 17:16:49,594 [DEBUG]  STREAM b'IDAT' 41 65536
2024-09-08 17:16:49,599 [DEBUG]  STREAM b'IHDR' 16 13
2024-09-08 17:16:49,599 [DEBUG]  STREAM b'IDAT' 41 65536
2024-09-08 17:16:49,606 [DEBUG]  STREAM b'IHDR' 16 13
2024-09-08 17:16:49,606 [DEBUG]  STREAM b'IDAT' 41 65536
2024-09-08 17:16:49,610 [DEBUG]  STREAM b'IHDR' 16 13
2024-09-08 17:16:49,610 [DEBUG]  STREAM b'IDAT' 41 65536
2024-09-08 17:16:49,614 [DEBUG]  STREAM b'IHDR' 16 13
2024-09-08 17:16:49,614 [DEBUG]  STREAM b'IDAT' 41 65536
2024-09-08 17:16:49,618 [DEBUG]  STREAM b'IHDR' 16 13
2024-09-08 17:16:49,618 [DEBUG]  STREAM b'IDAT' 41 65536
2024-09-08 17:16:49,628 [DEBUG]  STREAM b'IHDR' 16 13
2024-09-08 17:16:49,628 [DEBUG]  STREAM b'IDAT' 41 65536
2024-09-08 17:16:49,632 [DEBUG]  STREAM b'IHDR' 16 13
2024-09-08 17:16:49,632 [DEBUG]  STREAM b'IDAT' 41 65536
2024-09-08 17:16:49,636 [DEBUG]  STREAM b'IHDR' 16 13
2024-09-08 17:16:49,636 [DEBUG]  STREAM b'IDAT' 41 65536
2024-09-08 17:16:49,640 [DEBUG]  STREAM b'IHDR' 16 13
2024-09-08 17:16:49,640 [DEBUG]  STREAM b'IDAT' 41 65536
2024-09-08 17:16:49,654 [DEBUG]  GraphTrial.log 225.020 visit state = 9
2024-09-08 17:16:49,660 [DEBUG]  GraphTrial.log 225.026 start flip_time = 225.02551058353856
2024-09-08 17:16:49,666 [DEBUG]  GraphTrial.log 225.031 get move selected = 5
2024-09-08 17:16:52,505 [DEBUG]  GraphTrial.log 227.870 switch selected = 1
2024-09-08 17:16:54,064 [DEBUG]  GraphTrial.log 229.430 switch selected = 5
2024-09-08 17:16:57,064 [DEBUG]  GraphTrial.log 232.429 select selected = 5
2024-09-08 17:16:57,064 [DEBUG]  GraphTrial.log 232.429 visit state = 5
2024-09-08 17:16:57,076 [DEBUG]  GraphTrial.log 232.442 get move selected = 8
2024-09-08 17:16:57,552 [DEBUG]  GraphTrial.log 232.918 switch selected = 4
2024-09-08 17:16:57,903 [DEBUG]  GraphTrial.log 233.269 select selected = 4
2024-09-08 17:16:57,903 [DEBUG]  GraphTrial.log 233.269 visit state = 4
2024-09-08 17:16:59,795 [DEBUG]  GraphTrial.log 235.161 done 
2024-09-08 17:16:59,796 [INFO]  end trial [{"time": 224.203980416758, "event": "begin space"}, {"time": 224.80523012508638, "event": "initialize", "status": "ok"}, {"time": 224.80528179183602, "event": "show graph"}, {"time": 225.01958529185504, "event": "visit", "state": 9}, {"time": 225.0255911250133, "event": "start", "flip_time": 225.02551058353856}, {"time": 225.03131920844316, "event": "get move", "selected": 5}, {"time": 227.87005770858377, "event": "switch", "selected": 1}, {"time": 229.42990075005218, "event": "switch", "selected": 5}, {"time": 232.4292091249954, "event": "select", "selected": 5}, {"time": 232.42927516670898, "event": "visit", "state": 5}, {"time": 232.44190516672097, "event": "get move", "selected": 8}, {"time": 232.91760249994695, "event": "switch", "selected": 4}, {"time": 233.2686928336043, "event": "select", "selected": 4}, {"time": 233.2687310418114, "event": "visit", "state": 4}, {"time": 235.1609057500027, "event": "done"}]
2024-09-08 17:16:59,796 [DEBUG]  message: You got -1 points on that round, but you could have gotten 0.
Let's try again. Try to make as many points as possible! (None)
2024-09-08 17:16:59,803 [INFO]  begin trial {"kind": "GraphTrial", "graph": [[], [10, 7], [3, 6], [6, 0], [], [4, 8], [], [], [], [1, 5], []], "rewards": [-1, -2, -1, -3, 3, -4, 3, 0, 1, null, -2], "reward_info": {"-4": {"desc": "pattern_1", "image": "images[0]"}, "-3": {"desc": "pattern_2", "image": "images[1]"}, "-2": {"desc": "pattern_3", "image": "images[2]"}, "-1": {"desc": "pattern_4", "image": "images[3]"}, "0": {"desc": "pattern_5", "image": "images[4]"}, "1": {"desc": "pattern_6", "image": "images[5]"}, "2": {"desc": "pattern_7", "image": "images[6]"}, "3": {"desc": "pattern_8", "image": "images[7]"}, "4": {"desc": "pattern_9", "image": "images[8]"}}, "initial_stage": "planning", "hide_states": false, "hide_rewards_while_acting": false, "hide_edges_while_acting": false, "gaze_contingent": false, "gaze_tolerance": 1.5, "fixation_lag": 0.5, "start": 9}
2024-09-08 17:16:59,804 [DEBUG]  GraphTrial.log 235.169 begin space 
2024-09-08 17:17:00,735 [DEBUG]  GraphTrial.log 236.101 initialize status = ok
2024-09-08 17:17:00,735 [DEBUG]  GraphTrial.log 236.101 show graph 
2024-09-08 17:17:00,739 [DEBUG]  STREAM b'IHDR' 16 13
2024-09-08 17:17:00,739 [DEBUG]  STREAM b'IDAT' 41 65536
2024-09-08 17:17:00,744 [DEBUG]  STREAM b'IHDR' 16 13
2024-09-08 17:17:00,744 [DEBUG]  STREAM b'IDAT' 41 65536
2024-09-08 17:17:00,748 [DEBUG]  STREAM b'IHDR' 16 13
2024-09-08 17:17:00,748 [DEBUG]  STREAM b'IDAT' 41 65536
2024-09-08 17:17:00,752 [DEBUG]  STREAM b'IHDR' 16 13
2024-09-08 17:17:00,752 [DEBUG]  STREAM b'IDAT' 41 65536
2024-09-08 17:17:00,759 [DEBUG]  STREAM b'IHDR' 16 13
2024-09-08 17:17:00,759 [DEBUG]  STREAM b'IDAT' 41 65536
2024-09-08 17:17:00,763 [DEBUG]  STREAM b'IHDR' 16 13
2024-09-08 17:17:00,763 [DEBUG]  STREAM b'IDAT' 41 65536
2024-09-08 17:17:00,768 [DEBUG]  STREAM b'IHDR' 16 13
2024-09-08 17:17:00,768 [DEBUG]  STREAM b'IDAT' 41 65536
2024-09-08 17:17:00,771 [DEBUG]  STREAM b'IHDR' 16 13
2024-09-08 17:17:00,772 [DEBUG]  STREAM b'IDAT' 41 65536
2024-09-08 17:17:00,779 [DEBUG]  STREAM b'IHDR' 16 13
2024-09-08 17:17:00,779 [DEBUG]  STREAM b'IDAT' 41 65536
2024-09-08 17:17:00,783 [DEBUG]  STREAM b'IHDR' 16 13
2024-09-08 17:17:00,783 [DEBUG]  STREAM b'IDAT' 41 65536
2024-09-08 17:17:00,787 [DEBUG]  STREAM b'IHDR' 16 13
2024-09-08 17:17:00,787 [DEBUG]  STREAM b'IDAT' 41 65536
2024-09-08 17:17:00,791 [DEBUG]  STREAM b'IHDR' 16 13
2024-09-08 17:17:00,791 [DEBUG]  STREAM b'IDAT' 41 65536
2024-09-08 17:17:00,798 [DEBUG]  STREAM b'IHDR' 16 13
2024-09-08 17:17:00,798 [DEBUG]  STREAM b'IDAT' 41 65536
2024-09-08 17:17:00,802 [DEBUG]  STREAM b'IHDR' 16 13
2024-09-08 17:17:00,802 [DEBUG]  STREAM b'IDAT' 41 65536
2024-09-08 17:17:00,807 [DEBUG]  STREAM b'IHDR' 16 13
2024-09-08 17:17:00,807 [DEBUG]  STREAM b'IDAT' 41 65536
2024-09-08 17:17:00,811 [DEBUG]  STREAM b'IHDR' 16 13
2024-09-08 17:17:00,811 [DEBUG]  STREAM b'IDAT' 41 65536
2024-09-08 17:17:00,818 [DEBUG]  STREAM b'IHDR' 16 13
2024-09-08 17:17:00,818 [DEBUG]  STREAM b'IDAT' 41 65536
2024-09-08 17:17:00,822 [DEBUG]  STREAM b'IHDR' 16 13
2024-09-08 17:17:00,822 [DEBUG]  STREAM b'IDAT' 41 65536
2024-09-08 17:17:00,827 [DEBUG]  STREAM b'IHDR' 16 13
2024-09-08 17:17:00,827 [DEBUG]  STREAM b'IDAT' 41 65536
2024-09-08 17:17:00,831 [DEBUG]  STREAM b'IHDR' 16 13
2024-09-08 17:17:00,831 [DEBUG]  STREAM b'IDAT' 41 65536
2024-09-08 17:17:00,839 [DEBUG]  STREAM b'IHDR' 16 13
2024-09-08 17:17:00,839 [DEBUG]  STREAM b'IDAT' 41 65536
2024-09-08 17:17:00,843 [DEBUG]  STREAM b'IHDR' 16 13
2024-09-08 17:17:00,843 [DEBUG]  STREAM b'IDAT' 41 65536
2024-09-08 17:17:00,847 [DEBUG]  STREAM b'IHDR' 16 13
2024-09-08 17:17:00,847 [DEBUG]  STREAM b'IDAT' 41 65536
2024-09-08 17:17:00,851 [DEBUG]  STREAM b'IHDR' 16 13
2024-09-08 17:17:00,851 [DEBUG]  STREAM b'IDAT' 41 65536
2024-09-08 17:17:00,859 [DEBUG]  STREAM b'IHDR' 16 13
2024-09-08 17:17:00,859 [DEBUG]  STREAM b'IDAT' 41 65536
2024-09-08 17:17:00,863 [DEBUG]  STREAM b'IHDR' 16 13
2024-09-08 17:17:00,863 [DEBUG]  STREAM b'IDAT' 41 65536
2024-09-08 17:17:00,868 [DEBUG]  STREAM b'IHDR' 16 13
2024-09-08 17:17:00,868 [DEBUG]  STREAM b'IDAT' 41 65536
2024-09-08 17:17:00,872 [DEBUG]  STREAM b'IHDR' 16 13
2024-09-08 17:17:00,872 [DEBUG]  STREAM b'IDAT' 41 65536
2024-09-08 17:17:00,880 [DEBUG]  STREAM b'IHDR' 16 13
2024-09-08 17:17:00,880 [DEBUG]  STREAM b'IDAT' 41 65536
2024-09-08 17:17:00,884 [DEBUG]  STREAM b'IHDR' 16 13
2024-09-08 17:17:00,884 [DEBUG]  STREAM b'IDAT' 41 65536
2024-09-08 17:17:00,888 [DEBUG]  STREAM b'IHDR' 16 13
2024-09-08 17:17:00,888 [DEBUG]  STREAM b'IDAT' 41 65536
2024-09-08 17:17:00,892 [DEBUG]  STREAM b'IHDR' 16 13
2024-09-08 17:17:00,892 [DEBUG]  STREAM b'IDAT' 41 65536
2024-09-08 17:17:00,899 [DEBUG]  STREAM b'IHDR' 16 13
2024-09-08 17:17:00,899 [DEBUG]  STREAM b'IDAT' 41 65536
2024-09-08 17:17:00,904 [DEBUG]  STREAM b'IHDR' 16 13
2024-09-08 17:17:00,904 [DEBUG]  STREAM b'IDAT' 41 65536
2024-09-08 17:17:00,908 [DEBUG]  STREAM b'IHDR' 16 13
2024-09-08 17:17:00,908 [DEBUG]  STREAM b'IDAT' 41 65536
2024-09-08 17:17:00,912 [DEBUG]  STREAM b'IHDR' 16 13
2024-09-08 17:17:00,912 [DEBUG]  STREAM b'IDAT' 41 65536
2024-09-08 17:17:00,922 [DEBUG]  STREAM b'IHDR' 16 13
2024-09-08 17:17:00,922 [DEBUG]  STREAM b'IDAT' 41 65536
2024-09-08 17:17:00,926 [DEBUG]  STREAM b'IHDR' 16 13
2024-09-08 17:17:00,926 [DEBUG]  STREAM b'IDAT' 41 65536
2024-09-08 17:17:00,930 [DEBUG]  STREAM b'IHDR' 16 13
2024-09-08 17:17:00,930 [DEBUG]  STREAM b'IDAT' 41 65536
2024-09-08 17:17:00,934 [DEBUG]  STREAM b'IHDR' 16 13
2024-09-08 17:17:00,934 [DEBUG]  STREAM b'IDAT' 41 65536
2024-09-08 17:17:00,948 [DEBUG]  GraphTrial.log 236.313 visit state = 9
2024-09-08 17:17:00,957 [DEBUG]  GraphTrial.log 236.322 start flip_time = 236.32230616686866
2024-09-08 17:17:00,969 [DEBUG]  GraphTrial.log 236.334 get move selected = 5
2024-09-08 17:17:01,585 [DEBUG]  GraphTrial.log 236.950 switch selected = 1
2024-09-08 17:17:02,160 [DEBUG]  GraphTrial.log 237.526 switch selected = 5
2024-09-08 17:17:07,592 [DEBUG]  GraphTrial.log 242.957 select selected = 5
2024-09-08 17:17:07,592 [DEBUG]  GraphTrial.log 242.957 visit state = 5
2024-09-08 17:17:07,612 [DEBUG]  GraphTrial.log 242.978 get move selected = 8
2024-09-08 17:17:08,288 [DEBUG]  GraphTrial.log 243.654 switch selected = 4
2024-09-08 17:17:08,847 [DEBUG]  GraphTrial.log 244.213 select selected = 4
2024-09-08 17:17:08,847 [DEBUG]  GraphTrial.log 244.213 visit state = 4
2024-09-08 17:17:10,698 [DEBUG]  GraphTrial.log 246.064 done 
2024-09-08 17:17:10,698 [INFO]  end trial [{"time": 235.1690841668751, "event": "begin space"}, {"time": 236.10079300007783, "event": "initialize", "status": "ok"}, {"time": 236.10085637494922, "event": "show graph"}, {"time": 236.31329766684212, "event": "visit", "state": 9}, {"time": 236.32238254183903, "event": "start", "flip_time": 236.32230616686866}, {"time": 236.33405099995434, "event": "get move", "selected": 5}, {"time": 236.95010525011458, "event": "switch", "selected": 1}, {"time": 237.52597262500785, "event": "switch", "selected": 5}, {"time": 242.95706720859744, "event": "select", "selected": 5}, {"time": 242.95711295842193, "event": "visit", "state": 5}, {"time": 242.9779262500815, "event": "get move", "selected": 8}, {"time": 243.65387608343735, "event": "switch", "selected": 4}, {"time": 244.21281466679648, "event": "select", "selected": 4}, {"time": 244.21285358350724, "event": "visit", "state": 4}, {"time": 246.06367558357306, "event": "done"}]
2024-09-08 17:17:10,698 [DEBUG]  message: You got -1 points on that round, but you could have gotten 0.
Let's try again. Try to make as many points as possible! (None)
2024-09-08 17:17:10,712 [INFO]  begin trial {"kind": "GraphTrial", "graph": [[], [10, 7], [3, 6], [6, 0], [], [4, 8], [], [], [], [1, 5], []], "rewards": [-1, -2, -1, -3, 3, -4, 3, 0, 1, null, -2], "reward_info": {"-4": {"desc": "pattern_1", "image": "images[0]"}, "-3": {"desc": "pattern_2", "image": "images[1]"}, "-2": {"desc": "pattern_3", "image": "images[2]"}, "-1": {"desc": "pattern_4", "image": "images[3]"}, "0": {"desc": "pattern_5", "image": "images[4]"}, "1": {"desc": "pattern_6", "image": "images[5]"}, "2": {"desc": "pattern_7", "image": "images[6]"}, "3": {"desc": "pattern_8", "image": "images[7]"}, "4": {"desc": "pattern_9", "image": "images[8]"}}, "initial_stage": "planning", "hide_states": false, "hide_rewards_while_acting": false, "hide_edges_while_acting": false, "gaze_contingent": false, "gaze_tolerance": 1.5, "fixation_lag": 0.5, "start": 9}
2024-09-08 17:17:10,712 [DEBUG]  GraphTrial.log 246.078 begin space 
2024-09-08 17:17:11,408 [DEBUG]  GraphTrial.log 246.773 initialize status = ok
2024-09-08 17:17:11,408 [DEBUG]  GraphTrial.log 246.773 show graph 
2024-09-08 17:17:11,412 [DEBUG]  STREAM b'IHDR' 16 13
2024-09-08 17:17:11,412 [DEBUG]  STREAM b'IDAT' 41 65536
2024-09-08 17:17:11,416 [DEBUG]  STREAM b'IHDR' 16 13
2024-09-08 17:17:11,416 [DEBUG]  STREAM b'IDAT' 41 65536
2024-09-08 17:17:11,420 [DEBUG]  STREAM b'IHDR' 16 13
2024-09-08 17:17:11,420 [DEBUG]  STREAM b'IDAT' 41 65536
2024-09-08 17:17:11,424 [DEBUG]  STREAM b'IHDR' 16 13
2024-09-08 17:17:11,424 [DEBUG]  STREAM b'IDAT' 41 65536
2024-09-08 17:17:11,431 [DEBUG]  STREAM b'IHDR' 16 13
2024-09-08 17:17:11,432 [DEBUG]  STREAM b'IDAT' 41 65536
2024-09-08 17:17:11,436 [DEBUG]  STREAM b'IHDR' 16 13
2024-09-08 17:17:11,436 [DEBUG]  STREAM b'IDAT' 41 65536
2024-09-08 17:17:11,440 [DEBUG]  STREAM b'IHDR' 16 13
2024-09-08 17:17:11,440 [DEBUG]  STREAM b'IDAT' 41 65536
2024-09-08 17:17:11,444 [DEBUG]  STREAM b'IHDR' 16 13
2024-09-08 17:17:11,444 [DEBUG]  STREAM b'IDAT' 41 65536
2024-09-08 17:17:11,451 [DEBUG]  STREAM b'IHDR' 16 13
2024-09-08 17:17:11,451 [DEBUG]  STREAM b'IDAT' 41 65536
2024-09-08 17:17:11,455 [DEBUG]  STREAM b'IHDR' 16 13
2024-09-08 17:17:11,455 [DEBUG]  STREAM b'IDAT' 41 65536
2024-09-08 17:17:11,459 [DEBUG]  STREAM b'IHDR' 16 13
2024-09-08 17:17:11,459 [DEBUG]  STREAM b'IDAT' 41 65536
2024-09-08 17:17:11,463 [DEBUG]  STREAM b'IHDR' 16 13
2024-09-08 17:17:11,463 [DEBUG]  STREAM b'IDAT' 41 65536
2024-09-08 17:17:11,470 [DEBUG]  STREAM b'IHDR' 16 13
2024-09-08 17:17:11,470 [DEBUG]  STREAM b'IDAT' 41 65536
2024-09-08 17:17:11,475 [DEBUG]  STREAM b'IHDR' 16 13
2024-09-08 17:17:11,475 [DEBUG]  STREAM b'IDAT' 41 65536
2024-09-08 17:17:11,479 [DEBUG]  STREAM b'IHDR' 16 13
2024-09-08 17:17:11,479 [DEBUG]  STREAM b'IDAT' 41 65536
2024-09-08 17:17:11,483 [DEBUG]  STREAM b'IHDR' 16 13
2024-09-08 17:17:11,483 [DEBUG]  STREAM b'IDAT' 41 65536
2024-09-08 17:17:11,490 [DEBUG]  STREAM b'IHDR' 16 13
2024-09-08 17:17:11,490 [DEBUG]  STREAM b'IDAT' 41 65536
2024-09-08 17:17:11,495 [DEBUG]  STREAM b'IHDR' 16 13
2024-09-08 17:17:11,495 [DEBUG]  STREAM b'IDAT' 41 65536
2024-09-08 17:17:11,499 [DEBUG]  STREAM b'IHDR' 16 13
2024-09-08 17:17:11,499 [DEBUG]  STREAM b'IDAT' 41 65536
2024-09-08 17:17:11,503 [DEBUG]  STREAM b'IHDR' 16 13
2024-09-08 17:17:11,503 [DEBUG]  STREAM b'IDAT' 41 65536
2024-09-08 17:17:11,511 [DEBUG]  STREAM b'IHDR' 16 13
2024-09-08 17:17:11,511 [DEBUG]  STREAM b'IDAT' 41 65536
2024-09-08 17:17:11,515 [DEBUG]  STREAM b'IHDR' 16 13
2024-09-08 17:17:11,515 [DEBUG]  STREAM b'IDAT' 41 65536
2024-09-08 17:17:11,519 [DEBUG]  STREAM b'IHDR' 16 13
2024-09-08 17:17:11,519 [DEBUG]  STREAM b'IDAT' 41 65536
2024-09-08 17:17:11,523 [DEBUG]  STREAM b'IHDR' 16 13
2024-09-08 17:17:11,523 [DEBUG]  STREAM b'IDAT' 41 65536
2024-09-08 17:17:11,531 [DEBUG]  STREAM b'IHDR' 16 13
2024-09-08 17:17:11,531 [DEBUG]  STREAM b'IDAT' 41 65536
2024-09-08 17:17:11,535 [DEBUG]  STREAM b'IHDR' 16 13
2024-09-08 17:17:11,535 [DEBUG]  STREAM b'IDAT' 41 65536
2024-09-08 17:17:11,540 [DEBUG]  STREAM b'IHDR' 16 13
2024-09-08 17:17:11,540 [DEBUG]  STREAM b'IDAT' 41 65536
2024-09-08 17:17:11,544 [DEBUG]  STREAM b'IHDR' 16 13
2024-09-08 17:17:11,544 [DEBUG]  STREAM b'IDAT' 41 65536
2024-09-08 17:17:11,552 [DEBUG]  STREAM b'IHDR' 16 13
2024-09-08 17:17:11,552 [DEBUG]  STREAM b'IDAT' 41 65536
2024-09-08 17:17:11,556 [DEBUG]  STREAM b'IHDR' 16 13
2024-09-08 17:17:11,556 [DEBUG]  STREAM b'IDAT' 41 65536
2024-09-08 17:17:11,560 [DEBUG]  STREAM b'IHDR' 16 13
2024-09-08 17:17:11,560 [DEBUG]  STREAM b'IDAT' 41 65536
2024-09-08 17:17:11,564 [DEBUG]  STREAM b'IHDR' 16 13
2024-09-08 17:17:11,564 [DEBUG]  STREAM b'IDAT' 41 65536
2024-09-08 17:17:11,571 [DEBUG]  STREAM b'IHDR' 16 13
2024-09-08 17:17:11,571 [DEBUG]  STREAM b'IDAT' 41 65536
2024-09-08 17:17:11,576 [DEBUG]  STREAM b'IHDR' 16 13
2024-09-08 17:17:11,576 [DEBUG]  STREAM b'IDAT' 41 65536
2024-09-08 17:17:11,580 [DEBUG]  STREAM b'IHDR' 16 13
2024-09-08 17:17:11,580 [DEBUG]  STREAM b'IDAT' 41 65536
2024-09-08 17:17:11,584 [DEBUG]  STREAM b'IHDR' 16 13
2024-09-08 17:17:11,584 [DEBUG]  STREAM b'IDAT' 41 65536
2024-09-08 17:17:11,594 [DEBUG]  STREAM b'IHDR' 16 13
2024-09-08 17:17:11,594 [DEBUG]  STREAM b'IDAT' 41 65536
2024-09-08 17:17:11,598 [DEBUG]  STREAM b'IHDR' 16 13
2024-09-08 17:17:11,598 [DEBUG]  STREAM b'IDAT' 41 65536
2024-09-08 17:17:11,602 [DEBUG]  STREAM b'IHDR' 16 13
2024-09-08 17:17:11,602 [DEBUG]  STREAM b'IDAT' 41 65536
2024-09-08 17:17:11,606 [DEBUG]  STREAM b'IHDR' 16 13
2024-09-08 17:17:11,606 [DEBUG]  STREAM b'IDAT' 41 65536
2024-09-08 17:17:11,620 [DEBUG]  GraphTrial.log 246.985 visit state = 9
2024-09-08 17:17:11,626 [DEBUG]  GraphTrial.log 246.991 start flip_time = 246.9910201667808
2024-09-08 17:17:11,631 [DEBUG]  GraphTrial.log 246.997 get move selected = 1
2024-09-08 17:17:12,369 [DEBUG]  GraphTrial.log 247.734 switch selected = 5
2024-09-08 17:17:17,632 [DEBUG]  GraphTrial.log 252.998 switch selected = 1
2024-09-08 17:17:19,504 [DEBUG]  GraphTrial.log 254.870 switch selected = 5
2024-09-08 17:17:21,208 [DEBUG]  GraphTrial.log 256.573 select selected = 5
2024-09-08 17:17:21,208 [DEBUG]  GraphTrial.log 256.573 visit state = 5
2024-09-08 17:17:21,229 [DEBUG]  GraphTrial.log 256.595 get move selected = 8
2024-09-08 17:17:21,712 [DEBUG]  GraphTrial.log 257.078 switch selected = 4
2024-09-08 17:17:22,079 [DEBUG]  GraphTrial.log 257.445 select selected = 4
2024-09-08 17:17:22,079 [DEBUG]  GraphTrial.log 257.445 visit state = 4
2024-09-08 17:17:23,961 [DEBUG]  GraphTrial.log 259.327 done 
2024-09-08 17:17:23,961 [INFO]  end trial [{"time": 246.0777664585039, "event": "begin space"}, {"time": 246.77323408355005, "event": "initialize", "status": "ok"}, {"time": 246.77328929165378, "event": "show graph"}, {"time": 246.98509158357047, "event": "visit", "state": 9}, {"time": 246.99110333342105, "event": "start", "flip_time": 246.9910201667808}, {"time": 246.99668683344498, "event": "get move", "selected": 1}, {"time": 247.73411154164933, "event": "switch", "selected": 5}, {"time": 252.99782266677357, "event": "switch", "selected": 1}, {"time": 254.8699002501089, "event": "switch", "selected": 5}, {"time": 256.57301170844585, "event": "select", "selected": 5}, {"time": 256.57305283355527, "event": "visit", "state": 5}, {"time": 256.59455400006846, "event": "get move", "selected": 8}, {"time": 257.07785716676153, "event": "switch", "selected": 4}, {"time": 257.4446433749981, "event": "select", "selected": 4}, {"time": 257.44468187494203, "event": "visit", "state": 4}, {"time": 259.3265821249224, "event": "done"}]
2024-09-08 17:17:23,962 [DEBUG]  message: You got -1 points on that round, but you could have gotten 0.
Let's try again. Try to make as many points as possible! (None)
2024-09-08 17:17:23,966 [INFO]  begin trial {"kind": "GraphTrial", "graph": [[], [10, 7], [3, 6], [6, 0], [], [4, 8], [], [], [], [1, 5], []], "rewards": [-1, -2, -1, -3, 3, -4, 3, 0, 1, null, -2], "reward_info": {"-4": {"desc": "pattern_1", "image": "images[0]"}, "-3": {"desc": "pattern_2", "image": "images[1]"}, "-2": {"desc": "pattern_3", "image": "images[2]"}, "-1": {"desc": "pattern_4", "image": "images[3]"}, "0": {"desc": "pattern_5", "image": "images[4]"}, "1": {"desc": "pattern_6", "image": "images[5]"}, "2": {"desc": "pattern_7", "image": "images[6]"}, "3": {"desc": "pattern_8", "image": "images[7]"}, "4": {"desc": "pattern_9", "image": "images[8]"}}, "initial_stage": "planning", "hide_states": false, "hide_rewards_while_acting": false, "hide_edges_while_acting": false, "gaze_contingent": false, "gaze_tolerance": 1.5, "fixation_lag": 0.5, "start": 9}
2024-09-08 17:17:23,966 [WARNING]  failed practice trial 2
2024-09-08 17:17:23,966 [DEBUG]  message: Please check in with the experimenter (Wait for the experimenter (space))
2024-09-08 17:17:26,807 [INFO]  begin trial {"kind": "GraphTrial", "graph": [[], [10, 7], [3, 6], [6, 0], [], [4, 8], [], [], [], [1, 5], []], "rewards": [-1, -2, -1, -3, 3, -4, 3, 0, 1, null, -2], "reward_info": {"-4": {"desc": "pattern_1", "image": "images[0]"}, "-3": {"desc": "pattern_2", "image": "images[1]"}, "-2": {"desc": "pattern_3", "image": "images[2]"}, "-1": {"desc": "pattern_4", "image": "images[3]"}, "0": {"desc": "pattern_5", "image": "images[4]"}, "1": {"desc": "pattern_6", "image": "images[5]"}, "2": {"desc": "pattern_7", "image": "images[6]"}, "3": {"desc": "pattern_8", "image": "images[7]"}, "4": {"desc": "pattern_9", "image": "images[8]"}}, "initial_stage": "planning", "hide_states": false, "hide_rewards_while_acting": false, "hide_edges_while_acting": false, "gaze_contingent": false, "gaze_tolerance": 1.5, "fixation_lag": 0.5, "start": 9}
2024-09-08 17:17:26,808 [DEBUG]  GraphTrial.log 262.173 begin space 
2024-09-08 17:17:30,096 [DEBUG]  GraphTrial.log 265.461 initialize status = ok
2024-09-08 17:17:30,096 [DEBUG]  GraphTrial.log 265.461 show graph 
2024-09-08 17:17:30,100 [DEBUG]  STREAM b'IHDR' 16 13
2024-09-08 17:17:30,100 [DEBUG]  STREAM b'IDAT' 41 65536
2024-09-08 17:17:30,105 [DEBUG]  STREAM b'IHDR' 16 13
2024-09-08 17:17:30,105 [DEBUG]  STREAM b'IDAT' 41 65536
2024-09-08 17:17:30,110 [DEBUG]  STREAM b'IHDR' 16 13
2024-09-08 17:17:30,110 [DEBUG]  STREAM b'IDAT' 41 65536
2024-09-08 17:17:30,114 [DEBUG]  STREAM b'IHDR' 16 13
2024-09-08 17:17:30,114 [DEBUG]  STREAM b'IDAT' 41 65536
2024-09-08 17:17:30,121 [DEBUG]  STREAM b'IHDR' 16 13
2024-09-08 17:17:30,121 [DEBUG]  STREAM b'IDAT' 41 65536
2024-09-08 17:17:30,126 [DEBUG]  STREAM b'IHDR' 16 13
2024-09-08 17:17:30,126 [DEBUG]  STREAM b'IDAT' 41 65536
2024-09-08 17:17:30,130 [DEBUG]  STREAM b'IHDR' 16 13
2024-09-08 17:17:30,130 [DEBUG]  STREAM b'IDAT' 41 65536
2024-09-08 17:17:30,134 [DEBUG]  STREAM b'IHDR' 16 13
2024-09-08 17:17:30,134 [DEBUG]  STREAM b'IDAT' 41 65536
2024-09-08 17:17:30,142 [DEBUG]  STREAM b'IHDR' 16 13
2024-09-08 17:17:30,142 [DEBUG]  STREAM b'IDAT' 41 65536
2024-09-08 17:17:30,146 [DEBUG]  STREAM b'IHDR' 16 13
2024-09-08 17:17:30,146 [DEBUG]  STREAM b'IDAT' 41 65536
2024-09-08 17:17:30,150 [DEBUG]  STREAM b'IHDR' 16 13
2024-09-08 17:17:30,150 [DEBUG]  STREAM b'IDAT' 41 65536
2024-09-08 17:17:30,154 [DEBUG]  STREAM b'IHDR' 16 13
2024-09-08 17:17:30,154 [DEBUG]  STREAM b'IDAT' 41 65536
2024-09-08 17:17:30,161 [DEBUG]  STREAM b'IHDR' 16 13
2024-09-08 17:17:30,161 [DEBUG]  STREAM b'IDAT' 41 65536
2024-09-08 17:17:30,166 [DEBUG]  STREAM b'IHDR' 16 13
2024-09-08 17:17:30,166 [DEBUG]  STREAM b'IDAT' 41 65536
2024-09-08 17:17:30,170 [DEBUG]  STREAM b'IHDR' 16 13
2024-09-08 17:17:30,170 [DEBUG]  STREAM b'IDAT' 41 65536
2024-09-08 17:17:30,174 [DEBUG]  STREAM b'IHDR' 16 13
2024-09-08 17:17:30,174 [DEBUG]  STREAM b'IDAT' 41 65536
2024-09-08 17:17:30,181 [DEBUG]  STREAM b'IHDR' 16 13
2024-09-08 17:17:30,181 [DEBUG]  STREAM b'IDAT' 41 65536
2024-09-08 17:17:30,186 [DEBUG]  STREAM b'IHDR' 16 13
2024-09-08 17:17:30,186 [DEBUG]  STREAM b'IDAT' 41 65536
2024-09-08 17:17:30,191 [DEBUG]  STREAM b'IHDR' 16 13
2024-09-08 17:17:30,191 [DEBUG]  STREAM b'IDAT' 41 65536
2024-09-08 17:17:30,195 [DEBUG]  STREAM b'IHDR' 16 13
2024-09-08 17:17:30,195 [DEBUG]  STREAM b'IDAT' 41 65536
2024-09-08 17:17:30,203 [DEBUG]  STREAM b'IHDR' 16 13
2024-09-08 17:17:30,203 [DEBUG]  STREAM b'IDAT' 41 65536
2024-09-08 17:17:30,207 [DEBUG]  STREAM b'IHDR' 16 13
2024-09-08 17:17:30,207 [DEBUG]  STREAM b'IDAT' 41 65536
2024-09-08 17:17:30,211 [DEBUG]  STREAM b'IHDR' 16 13
2024-09-08 17:17:30,211 [DEBUG]  STREAM b'IDAT' 41 65536
2024-09-08 17:17:30,215 [DEBUG]  STREAM b'IHDR' 16 13
2024-09-08 17:17:30,215 [DEBUG]  STREAM b'IDAT' 41 65536
2024-09-08 17:17:30,223 [DEBUG]  STREAM b'IHDR' 16 13
2024-09-08 17:17:30,223 [DEBUG]  STREAM b'IDAT' 41 65536
2024-09-08 17:17:30,227 [DEBUG]  STREAM b'IHDR' 16 13
2024-09-08 17:17:30,227 [DEBUG]  STREAM b'IDAT' 41 65536
2024-09-08 17:17:30,232 [DEBUG]  STREAM b'IHDR' 16 13
2024-09-08 17:17:30,232 [DEBUG]  STREAM b'IDAT' 41 65536
2024-09-08 17:17:30,236 [DEBUG]  STREAM b'IHDR' 16 13
2024-09-08 17:17:30,236 [DEBUG]  STREAM b'IDAT' 41 65536
2024-09-08 17:17:30,244 [DEBUG]  STREAM b'IHDR' 16 13
2024-09-08 17:17:30,244 [DEBUG]  STREAM b'IDAT' 41 65536
2024-09-08 17:17:30,248 [DEBUG]  STREAM b'IHDR' 16 13
2024-09-08 17:17:30,248 [DEBUG]  STREAM b'IDAT' 41 65536
2024-09-08 17:17:30,252 [DEBUG]  STREAM b'IHDR' 16 13
2024-09-08 17:17:30,252 [DEBUG]  STREAM b'IDAT' 41 65536
2024-09-08 17:17:30,256 [DEBUG]  STREAM b'IHDR' 16 13
2024-09-08 17:17:30,256 [DEBUG]  STREAM b'IDAT' 41 65536
2024-09-08 17:17:30,264 [DEBUG]  STREAM b'IHDR' 16 13
2024-09-08 17:17:30,264 [DEBUG]  STREAM b'IDAT' 41 65536
2024-09-08 17:17:30,268 [DEBUG]  STREAM b'IHDR' 16 13
2024-09-08 17:17:30,268 [DEBUG]  STREAM b'IDAT' 41 65536
2024-09-08 17:17:30,272 [DEBUG]  STREAM b'IHDR' 16 13
2024-09-08 17:17:30,272 [DEBUG]  STREAM b'IDAT' 41 65536
2024-09-08 17:17:30,276 [DEBUG]  STREAM b'IHDR' 16 13
2024-09-08 17:17:30,276 [DEBUG]  STREAM b'IDAT' 41 65536
2024-09-08 17:17:30,286 [DEBUG]  STREAM b'IHDR' 16 13
2024-09-08 17:17:30,287 [DEBUG]  STREAM b'IDAT' 41 65536
2024-09-08 17:17:30,291 [DEBUG]  STREAM b'IHDR' 16 13
2024-09-08 17:17:30,291 [DEBUG]  STREAM b'IDAT' 41 65536
2024-09-08 17:17:30,295 [DEBUG]  STREAM b'IHDR' 16 13
2024-09-08 17:17:30,295 [DEBUG]  STREAM b'IDAT' 41 65536
2024-09-08 17:17:30,299 [DEBUG]  STREAM b'IHDR' 16 13
2024-09-08 17:17:30,299 [DEBUG]  STREAM b'IDAT' 41 65536
2024-09-08 17:17:30,312 [DEBUG]  GraphTrial.log 265.678 visit state = 9
2024-09-08 17:17:30,321 [DEBUG]  GraphTrial.log 265.687 start flip_time = 265.6863831668161
2024-09-08 17:17:30,328 [DEBUG]  GraphTrial.log 265.694 get move selected = 5
2024-09-08 17:17:37,952 [DEBUG]  GraphTrial.log 273.317 select selected = 5
2024-09-08 17:17:37,952 [DEBUG]  GraphTrial.log 273.318 visit state = 5
2024-09-08 17:17:37,968 [DEBUG]  GraphTrial.log 273.334 get move selected = 4
2024-09-08 17:17:38,840 [DEBUG]  GraphTrial.log 274.205 select selected = 4
2024-09-08 17:17:38,840 [DEBUG]  GraphTrial.log 274.205 visit state = 4
2024-09-08 17:17:40,711 [DEBUG]  GraphTrial.log 276.076 done 
2024-09-08 17:17:40,711 [INFO]  end trial [{"time": 262.17318537505344, "event": "begin space"}, {"time": 265.4614014585968, "event": "initialize", "status": "ok"}, {"time": 265.461489666719, "event": "show graph"}, {"time": 265.6777864168398, "event": "visit", "state": 9}, {"time": 265.68664533342235, "event": "start", "flip_time": 265.6863831668161}, {"time": 265.69388583349064, "event": "get move", "selected": 5}, {"time": 273.3174582084175, "event": "select", "selected": 5}, {"time": 273.31750733358786, "event": "visit", "state": 5}, {"time": 273.33382491674274, "event": "get move", "selected": 4}, {"time": 274.20519420853816, "event": "select", "selected": 4}, {"time": 274.2052390000317, "event": "visit", "state": 4}, {"time": 276.0764527085703, "event": "done"}]
2024-09-08 17:17:40,711 [DEBUG]  message: Great job! (None)
2024-09-08 17:17:41,386 [INFO]  begin setup_eyetracker
2024-09-08 17:17:41,386 [DEBUG]  message: Now we're going to calibrate the eyetracker. Please tell the experimenter. (Wait for the experimenter (space))
2024-09-08 17:17:46,459 [INFO]  New EyeLink object
2024-09-08 17:17:46,459 [INFO]  Initializing new tracker
2024-09-08 17:17:46,727 [DEBUG]  EyeLink.message Set up calibration
2024-09-08 17:17:46,950 [INFO]  Tracker initialized
2024-09-08 17:17:46,951 [DEBUG]  EyeLink.message Set up calibration
2024-09-08 17:17:46,966 [INFO]  doTrackerSetup
2024-09-08 17:19:03,000 [INFO]  done doTrackerSetup
2024-09-08 17:19:03,032 [INFO]  begin intro_gaze
2024-09-08 17:19:03,032 [DEBUG]  message: At the beginning of each round, a circle will appear. Look straight at it and press space to start the round. (look at the circle and press space)
2024-09-08 17:19:09,996 [DEBUG]  message: Yup just like that. Make sure you hold your gaze steady on the circle before pressing space. (None)
2024-09-08 17:19:16,493 [INFO]  begin intro_main
2024-09-08 17:19:16,493 [DEBUG]  message: Alright! We're ready to begin the main phase of the experiment. (None)
2024-09-08 17:19:19,568 [DEBUG]  message: But first, you might be asking "What's in it for me?" ...Well, we thought of that! (None)
2024-09-08 17:19:22,256 [DEBUG]  message: Unlike other experiments you might have done, we don't have a fixed number of rounds. (None)
2024-09-08 17:19:24,184 [DEBUG]  message: Instead, you will do as as many rounds as it takes to earn 800 points. (None)
2024-09-08 17:19:29,080 [DEBUG]  message: To finish the study as quickly as possible, you'll have to balance making fast choices and selecting the best possible path. (None)
2024-09-08 17:19:34,264 [DEBUG]  message: Good luck! (None)
2024-09-08 17:19:34,939 [INFO]  begin run_main
2024-09-08 17:19:34,939 [INFO]  Trial 1 of 260
2024-09-08 17:19:36,120 [INFO]  begin trial {"kind": "GraphTrial", "graph": [[5, 1], [], [], [], [8, 7], [], [], [], [7, 6], [2, 3], [0, 9]], "rewards": [4, -3, -2, -1, 0, 3, 4, -3, 4, -2, null], "reward_info": {"-4": {"desc": "pattern_1", "image": "images[0]"}, "-3": {"desc": "pattern_2", "image": "images[1]"}, "-2": {"desc": "pattern_3", "image": "images[2]"}, "-1": {"desc": "pattern_4", "image": "images[3]"}, "0": {"desc": "pattern_5", "image": "images[4]"}, "1": {"desc": "pattern_6", "image": "images[5]"}, "2": {"desc": "pattern_7", "image": "images[6]"}, "3": {"desc": "pattern_8", "image": "images[7]"}, "4": {"desc": "pattern_9", "image": "images[8]"}}, "initial_stage": "planning", "hide_states": false, "hide_rewards_while_acting": false, "hide_edges_while_acting": false, "gaze_contingent": false, "gaze_tolerance": 1.5, "fixation_lag": 0.5, "start": 10}
2024-09-08 17:19:36,121 [INFO]  <eyetracking.EyeLink object at 0x16d719280>
2024-09-08 17:19:36,121 [DEBUG]  GraphTrial.log 391.485 begin drift_check 
2024-09-08 17:19:37,316 [DEBUG]  GraphTrial.log 392.681 initialize status = None
2024-09-08 17:19:37,316 [DEBUG]  GraphTrial.log 392.681 start recording 
2024-09-08 17:19:37,316 [INFO]  start_recording
2024-09-08 17:19:37,443 [DEBUG]  GraphTrial.log 392.808 show graph 
2024-09-08 17:19:37,452 [DEBUG]  STREAM b'IHDR' 16 13
2024-09-08 17:19:37,453 [DEBUG]  STREAM b'IDAT' 41 65536
2024-09-08 17:19:37,467 [DEBUG]  STREAM b'IHDR' 16 13
2024-09-08 17:19:37,467 [DEBUG]  STREAM b'IDAT' 41 65536
2024-09-08 17:19:37,477 [DEBUG]  STREAM b'IHDR' 16 13
2024-09-08 17:19:37,477 [DEBUG]  STREAM b'IDAT' 41 65536
2024-09-08 17:19:37,486 [DEBUG]  STREAM b'IHDR' 16 13
2024-09-08 17:19:37,486 [DEBUG]  STREAM b'IDAT' 41 65536
2024-09-08 17:19:37,496 [DEBUG]  STREAM b'IHDR' 16 13
2024-09-08 17:19:37,496 [DEBUG]  STREAM b'IDAT' 41 65536
2024-09-08 17:19:37,502 [DEBUG]  STREAM b'IHDR' 16 13
2024-09-08 17:19:37,502 [DEBUG]  STREAM b'IDAT' 41 65536
2024-09-08 17:19:37,508 [DEBUG]  STREAM b'IHDR' 16 13
2024-09-08 17:19:37,508 [DEBUG]  STREAM b'IDAT' 41 65536
2024-09-08 17:19:37,513 [DEBUG]  STREAM b'IHDR' 16 13
2024-09-08 17:19:37,513 [DEBUG]  STREAM b'IDAT' 41 65536
2024-09-08 17:19:37,520 [DEBUG]  STREAM b'IHDR' 16 13
2024-09-08 17:19:37,520 [DEBUG]  STREAM b'IDAT' 41 65536
2024-09-08 17:19:37,525 [DEBUG]  STREAM b'IHDR' 16 13
2024-09-08 17:19:37,525 [DEBUG]  STREAM b'IDAT' 41 65536
2024-09-08 17:19:37,530 [DEBUG]  STREAM b'IHDR' 16 13
2024-09-08 17:19:37,530 [DEBUG]  STREAM b'IDAT' 41 65536
2024-09-08 17:19:37,534 [DEBUG]  STREAM b'IHDR' 16 13
2024-09-08 17:19:37,534 [DEBUG]  STREAM b'IDAT' 41 65536
2024-09-08 17:19:37,540 [DEBUG]  STREAM b'IHDR' 16 13
2024-09-08 17:19:37,540 [DEBUG]  STREAM b'IDAT' 41 65536
2024-09-08 17:19:37,545 [DEBUG]  STREAM b'IHDR' 16 13
2024-09-08 17:19:37,545 [DEBUG]  STREAM b'IDAT' 41 65536
2024-09-08 17:19:37,549 [DEBUG]  STREAM b'IHDR' 16 13
2024-09-08 17:19:37,549 [DEBUG]  STREAM b'IDAT' 41 65536
2024-09-08 17:19:37,553 [DEBUG]  STREAM b'IHDR' 16 13
2024-09-08 17:19:37,553 [DEBUG]  STREAM b'IDAT' 41 65536
2024-09-08 17:19:37,558 [DEBUG]  STREAM b'IHDR' 16 13
2024-09-08 17:19:37,558 [DEBUG]  STREAM b'IDAT' 41 65536
2024-09-08 17:19:37,563 [DEBUG]  STREAM b'IHDR' 16 13
2024-09-08 17:19:37,563 [DEBUG]  STREAM b'IDAT' 41 65536
2024-09-08 17:19:37,567 [DEBUG]  STREAM b'IHDR' 16 13
2024-09-08 17:19:37,567 [DEBUG]  STREAM b'IDAT' 41 65536
2024-09-08 17:19:37,571 [DEBUG]  STREAM b'IHDR' 16 13
2024-09-08 17:19:37,571 [DEBUG]  STREAM b'IDAT' 41 65536
2024-09-08 17:19:37,577 [DEBUG]  STREAM b'IHDR' 16 13
2024-09-08 17:19:37,577 [DEBUG]  STREAM b'IDAT' 41 65536
2024-09-08 17:19:37,582 [DEBUG]  STREAM b'IHDR' 16 13
2024-09-08 17:19:37,582 [DEBUG]  STREAM b'IDAT' 41 65536
2024-09-08 17:19:37,587 [DEBUG]  STREAM b'IHDR' 16 13
2024-09-08 17:19:37,587 [DEBUG]  STREAM b'IDAT' 41 65536
2024-09-08 17:19:37,591 [DEBUG]  STREAM b'IHDR' 16 13
2024-09-08 17:19:37,591 [DEBUG]  STREAM b'IDAT' 41 65536
2024-09-08 17:19:37,597 [DEBUG]  STREAM b'IHDR' 16 13
2024-09-08 17:19:37,597 [DEBUG]  STREAM b'IDAT' 41 65536
2024-09-08 17:19:37,602 [DEBUG]  STREAM b'IHDR' 16 13
2024-09-08 17:19:37,602 [DEBUG]  STREAM b'IDAT' 41 65536
2024-09-08 17:19:37,606 [DEBUG]  STREAM b'IHDR' 16 13
2024-09-08 17:19:37,606 [DEBUG]  STREAM b'IDAT' 41 65536
2024-09-08 17:19:37,611 [DEBUG]  STREAM b'IHDR' 16 13
2024-09-08 17:19:37,611 [DEBUG]  STREAM b'IDAT' 41 65536
2024-09-08 17:19:37,616 [DEBUG]  STREAM b'IHDR' 16 13
2024-09-08 17:19:37,616 [DEBUG]  STREAM b'IDAT' 41 65536
2024-09-08 17:19:37,621 [DEBUG]  STREAM b'IHDR' 16 13
2024-09-08 17:19:37,621 [DEBUG]  STREAM b'IDAT' 41 65536
2024-09-08 17:19:37,625 [DEBUG]  STREAM b'IHDR' 16 13
2024-09-08 17:19:37,625 [DEBUG]  STREAM b'IDAT' 41 65536
2024-09-08 17:19:37,629 [DEBUG]  STREAM b'IHDR' 16 13
2024-09-08 17:19:37,629 [DEBUG]  STREAM b'IDAT' 41 65536
2024-09-08 17:19:37,634 [DEBUG]  STREAM b'IHDR' 16 13
2024-09-08 17:19:37,634 [DEBUG]  STREAM b'IDAT' 41 65536
2024-09-08 17:19:37,639 [DEBUG]  STREAM b'IHDR' 16 13
2024-09-08 17:19:37,639 [DEBUG]  STREAM b'IDAT' 41 65536
2024-09-08 17:19:37,644 [DEBUG]  STREAM b'IHDR' 16 13
2024-09-08 17:19:37,644 [DEBUG]  STREAM b'IDAT' 41 65536
2024-09-08 17:19:37,648 [DEBUG]  STREAM b'IHDR' 16 13
2024-09-08 17:19:37,648 [DEBUG]  STREAM b'IDAT' 41 65536
2024-09-08 17:19:37,654 [DEBUG]  STREAM b'IHDR' 16 13
2024-09-08 17:19:37,654 [DEBUG]  STREAM b'IDAT' 41 65536
2024-09-08 17:19:37,658 [DEBUG]  STREAM b'IHDR' 16 13
2024-09-08 17:19:37,658 [DEBUG]  STREAM b'IDAT' 41 65536
2024-09-08 17:19:37,662 [DEBUG]  STREAM b'IHDR' 16 13
2024-09-08 17:19:37,662 [DEBUG]  STREAM b'IDAT' 41 65536
2024-09-08 17:19:37,666 [DEBUG]  STREAM b'IHDR' 16 13
2024-09-08 17:19:37,666 [DEBUG]  STREAM b'IDAT' 41 65536
2024-09-08 17:19:37,678 [DEBUG]  GraphTrial.log 393.042 visit state = 10
2024-09-08 17:19:37,683 [DEBUG]  GraphTrial.log 393.047 start flip_time = 393.0474149999209
2024-09-08 17:19:37,687 [DEBUG]  GraphTrial.log 393.052 get move selected = 0
2024-09-08 17:19:42,201 [DEBUG]  GraphTrial.log 397.566 select selected = 0
2024-09-08 17:19:42,201 [DEBUG]  GraphTrial.log 397.566 visit state = 0
2024-09-08 17:19:42,212 [DEBUG]  GraphTrial.log 397.577 get move selected = 5
2024-09-08 17:19:43,241 [DEBUG]  GraphTrial.log 398.606 select selected = 5
2024-09-08 17:19:43,241 [DEBUG]  GraphTrial.log 398.606 visit state = 5
2024-09-08 17:19:45,097 [DEBUG]  GraphTrial.log 400.462 done 
2024-09-08 17:19:45,098 [INFO]  end trial [{"time": 391.48545645852573, "event": "begin drift_check"}, {"time": 392.6805785417091, "event": "initialize", "status": null}, {"time": 392.68093166686594, "event": "start recording"}, {"time": 392.8077762085013, "event": "show graph"}, {"time": 393.0424435418099, "event": "visit", "state": 10}, {"time": 393.04743475001305, "event": "start", "flip_time": 393.0474149999209}, {"time": 393.0522568335291, "event": "get move", "selected": 0}, {"time": 397.56567604164593, "event": "select", "selected": 0}, {"time": 397.56575391674414, "event": "visit", "state": 0}, {"time": 397.5765732501168, "event": "get move", "selected": 5}, {"time": 398.6055559166707, "event": "select", "selected": 5}, {"time": 398.6056304166559, "event": "visit", "state": 5}, {"time": 400.4623390834313, "event": "done"}]
2024-09-08 17:19:45,098 [INFO]  stop_recording
2024-09-08 17:19:45,142 [INFO]  gt.status is None
2024-09-08 17:19:45,142 [DEBUG]  add bonus points 7 (total = 57)
2024-09-08 17:19:45,142 [INFO]  Trial 2 of 260
2024-09-08 17:19:45,465 [INFO]  begin trial {"kind": "GraphTrial", "graph": [[], [], [], [9, 4], [8, 6], [10, 2], [], [], [], [7, 1], [2, 0]], "rewards": [-1, -4, 0, null, 4, 3, -2, -3, 4, -2, 3], "reward_info": {"-4": {"desc": "pattern_1", "image": "images[0]"}, "-3": {"desc": "pattern_2", "image": "images[1]"}, "-2": {"desc": "pattern_3", "image": "images[2]"}, "-1": {"desc": "pattern_4", "image": "images[3]"}, "0": {"desc": "pattern_5", "image": "images[4]"}, "1": {"desc": "pattern_6", "image": "images[5]"}, "2": {"desc": "pattern_7", "image": "images[6]"}, "3": {"desc": "pattern_8", "image": "images[7]"}, "4": {"desc": "pattern_9", "image": "images[8]"}}, "initial_stage": "planning", "hide_states": false, "hide_rewards_while_acting": false, "hide_edges_while_acting": false, "gaze_contingent": false, "gaze_tolerance": 1.5, "fixation_lag": 0.5, "start": 3}
2024-09-08 17:19:45,465 [INFO]  <eyetracking.EyeLink object at 0x16d719280>
2024-09-08 17:19:45,465 [DEBUG]  GraphTrial.log 400.830 begin drift_check 
2024-09-08 17:19:51,230 [DEBUG]  GraphTrial.log 406.594 initialize status = None
2024-09-08 17:19:51,230 [DEBUG]  GraphTrial.log 406.595 start recording 
2024-09-08 17:19:51,230 [INFO]  start_recording
2024-09-08 17:19:51,354 [DEBUG]  GraphTrial.log 406.719 show graph 
2024-09-08 17:19:51,363 [DEBUG]  STREAM b'IHDR' 16 13
2024-09-08 17:19:51,363 [DEBUG]  STREAM b'IDAT' 41 65536
2024-09-08 17:19:51,376 [DEBUG]  STREAM b'IHDR' 16 13
2024-09-08 17:19:51,377 [DEBUG]  STREAM b'IDAT' 41 65536
2024-09-08 17:19:51,386 [DEBUG]  STREAM b'IHDR' 16 13
2024-09-08 17:19:51,386 [DEBUG]  STREAM b'IDAT' 41 65536
2024-09-08 17:19:51,394 [DEBUG]  STREAM b'IHDR' 16 13
2024-09-08 17:19:51,394 [DEBUG]  STREAM b'IDAT' 41 65536
2024-09-08 17:19:51,404 [DEBUG]  STREAM b'IHDR' 16 13
2024-09-08 17:19:51,404 [DEBUG]  STREAM b'IDAT' 41 65536
2024-09-08 17:19:51,411 [DEBUG]  STREAM b'IHDR' 16 13
2024-09-08 17:19:51,411 [DEBUG]  STREAM b'IDAT' 41 65536
2024-09-08 17:19:51,417 [DEBUG]  STREAM b'IHDR' 16 13
2024-09-08 17:19:51,417 [DEBUG]  STREAM b'IDAT' 41 65536
2024-09-08 17:19:51,422 [DEBUG]  STREAM b'IHDR' 16 13
2024-09-08 17:19:51,422 [DEBUG]  STREAM b'IDAT' 41 65536
2024-09-08 17:19:51,429 [DEBUG]  STREAM b'IHDR' 16 13
2024-09-08 17:19:51,429 [DEBUG]  STREAM b'IDAT' 41 65536
2024-09-08 17:19:51,434 [DEBUG]  STREAM b'IHDR' 16 13
2024-09-08 17:19:51,434 [DEBUG]  STREAM b'IDAT' 41 65536
2024-09-08 17:19:51,439 [DEBUG]  STREAM b'IHDR' 16 13
2024-09-08 17:19:51,439 [DEBUG]  STREAM b'IDAT' 41 65536
2024-09-08 17:19:51,443 [DEBUG]  STREAM b'IHDR' 16 13
2024-09-08 17:19:51,443 [DEBUG]  STREAM b'IDAT' 41 65536
2024-09-08 17:19:51,451 [DEBUG]  STREAM b'IHDR' 16 13
2024-09-08 17:19:51,451 [DEBUG]  STREAM b'IDAT' 41 65536
2024-09-08 17:19:51,455 [DEBUG]  STREAM b'IHDR' 16 13
2024-09-08 17:19:51,456 [DEBUG]  STREAM b'IDAT' 41 65536
2024-09-08 17:19:51,460 [DEBUG]  STREAM b'IHDR' 16 13
2024-09-08 17:19:51,460 [DEBUG]  STREAM b'IDAT' 41 65536
2024-09-08 17:19:51,465 [DEBUG]  STREAM b'IHDR' 16 13
2024-09-08 17:19:51,465 [DEBUG]  STREAM b'IDAT' 41 65536
2024-09-08 17:19:51,471 [DEBUG]  STREAM b'IHDR' 16 13
2024-09-08 17:19:51,471 [DEBUG]  STREAM b'IDAT' 41 65536
2024-09-08 17:19:51,475 [DEBUG]  STREAM b'IHDR' 16 13
2024-09-08 17:19:51,475 [DEBUG]  STREAM b'IDAT' 41 65536
2024-09-08 17:19:51,480 [DEBUG]  STREAM b'IHDR' 16 13
2024-09-08 17:19:51,480 [DEBUG]  STREAM b'IDAT' 41 65536
2024-09-08 17:19:51,484 [DEBUG]  STREAM b'IHDR' 16 13
2024-09-08 17:19:51,484 [DEBUG]  STREAM b'IDAT' 41 65536
2024-09-08 17:19:51,490 [DEBUG]  STREAM b'IHDR' 16 13
2024-09-08 17:19:51,490 [DEBUG]  STREAM b'IDAT' 41 65536
2024-09-08 17:19:51,494 [DEBUG]  STREAM b'IHDR' 16 13
2024-09-08 17:19:51,494 [DEBUG]  STREAM b'IDAT' 41 65536
2024-09-08 17:19:51,498 [DEBUG]  STREAM b'IHDR' 16 13
2024-09-08 17:19:51,499 [DEBUG]  STREAM b'IDAT' 41 65536
2024-09-08 17:19:51,503 [DEBUG]  STREAM b'IHDR' 16 13
2024-09-08 17:19:51,503 [DEBUG]  STREAM b'IDAT' 41 65536
2024-09-08 17:19:51,508 [DEBUG]  STREAM b'IHDR' 16 13
2024-09-08 17:19:51,508 [DEBUG]  STREAM b'IDAT' 41 65536
2024-09-08 17:19:51,512 [DEBUG]  STREAM b'IHDR' 16 13
2024-09-08 17:19:51,512 [DEBUG]  STREAM b'IDAT' 41 65536
2024-09-08 17:19:51,517 [DEBUG]  STREAM b'IHDR' 16 13
2024-09-08 17:19:51,517 [DEBUG]  STREAM b'IDAT' 41 65536
2024-09-08 17:19:51,521 [DEBUG]  STREAM b'IHDR' 16 13
2024-09-08 17:19:51,521 [DEBUG]  STREAM b'IDAT' 41 65536
2024-09-08 17:19:51,526 [DEBUG]  STREAM b'IHDR' 16 13
2024-09-08 17:19:51,526 [DEBUG]  STREAM b'IDAT' 41 65536
2024-09-08 17:19:51,531 [DEBUG]  STREAM b'IHDR' 16 13
2024-09-08 17:19:51,531 [DEBUG]  STREAM b'IDAT' 41 65536
2024-09-08 17:19:51,535 [DEBUG]  STREAM b'IHDR' 16 13
2024-09-08 17:19:51,535 [DEBUG]  STREAM b'IDAT' 41 65536
2024-09-08 17:19:51,540 [DEBUG]  STREAM b'IHDR' 16 13
2024-09-08 17:19:51,540 [DEBUG]  STREAM b'IDAT' 41 65536
2024-09-08 17:19:51,546 [DEBUG]  STREAM b'IHDR' 16 13
2024-09-08 17:19:51,546 [DEBUG]  STREAM b'IDAT' 41 65536
2024-09-08 17:19:51,550 [DEBUG]  STREAM b'IHDR' 16 13
2024-09-08 17:19:51,550 [DEBUG]  STREAM b'IDAT' 41 65536
2024-09-08 17:19:51,554 [DEBUG]  STREAM b'IHDR' 16 13
2024-09-08 17:19:51,554 [DEBUG]  STREAM b'IDAT' 41 65536
2024-09-08 17:19:51,558 [DEBUG]  STREAM b'IHDR' 16 13
2024-09-08 17:19:51,558 [DEBUG]  STREAM b'IDAT' 41 65536
2024-09-08 17:19:51,564 [DEBUG]  STREAM b'IHDR' 16 13
2024-09-08 17:19:51,564 [DEBUG]  STREAM b'IDAT' 41 65536
2024-09-08 17:19:51,568 [DEBUG]  STREAM b'IHDR' 16 13
2024-09-08 17:19:51,568 [DEBUG]  STREAM b'IDAT' 41 65536
2024-09-08 17:19:51,573 [DEBUG]  STREAM b'IHDR' 16 13
2024-09-08 17:19:51,573 [DEBUG]  STREAM b'IDAT' 41 65536
2024-09-08 17:19:51,577 [DEBUG]  STREAM b'IHDR' 16 13
2024-09-08 17:19:51,577 [DEBUG]  STREAM b'IDAT' 41 65536
2024-09-08 17:19:51,587 [DEBUG]  GraphTrial.log 406.952 visit state = 3
2024-09-08 17:19:51,593 [DEBUG]  GraphTrial.log 406.957 start flip_time = 406.9574225000106
2024-09-08 17:19:51,598 [DEBUG]  GraphTrial.log 406.963 get move selected = 4
2024-09-08 17:19:58,801 [DEBUG]  GraphTrial.log 414.166 select selected = 4
2024-09-08 17:19:58,801 [DEBUG]  GraphTrial.log 414.166 visit state = 4
2024-09-08 17:19:58,811 [DEBUG]  GraphTrial.log 414.176 get move selected = 8
2024-09-08 17:19:59,240 [DEBUG]  GraphTrial.log 414.605 select selected = 8
2024-09-08 17:19:59,240 [DEBUG]  GraphTrial.log 414.605 visit state = 8
2024-09-08 17:20:01,095 [DEBUG]  GraphTrial.log 416.460 done 
2024-09-08 17:20:01,096 [INFO]  end trial [{"time": 400.8296189168468, "event": "begin drift_check"}, {"time": 406.5943492918741, "event": "initialize", "status": null}, {"time": 406.59451858350076, "event": "start recording"}, {"time": 406.71898070862517, "event": "show graph"}, {"time": 406.951963333413, "event": "visit", "state": 3}, {"time": 406.9574359168764, "event": "start", "flip_time": 406.9574225000106}, {"time": 406.9632790416945, "event": "get move", "selected": 4}, {"time": 414.16571362502873, "event": "select", "selected": 4}, {"time": 414.16579274996184, "event": "visit", "state": 4}, {"time": 414.17601533350535, "event": "get move", "selected": 8}, {"time": 414.60515408357605, "event": "select", "selected": 8}, {"time": 414.6052186668385, "event": "visit", "state": 8}, {"time": 416.4601950417273, "event": "done"}]
2024-09-08 17:20:01,096 [INFO]  stop_recording
2024-09-08 17:20:01,124 [INFO]  gt.status is None
2024-09-08 17:20:01,124 [DEBUG]  add bonus points 8 (total = 65)
2024-09-08 17:20:01,125 [INFO]  Trial 3 of 260
2024-09-08 17:20:02,473 [INFO]  begin trial {"kind": "GraphTrial", "graph": [[6], [], [3, 1], [], [8, 9], [], [], [2, 10], [9, 0], [], [5]], "rewards": [1, 0, -2, -4, 4, -1, 3, null, 4, 2, 1], "reward_info": {"-4": {"desc": "pattern_1", "image": "images[0]"}, "-3": {"desc": "pattern_2", "image": "images[1]"}, "-2": {"desc": "pattern_3", "image": "images[2]"}, "-1": {"desc": "pattern_4", "image": "images[3]"}, "0": {"desc": "pattern_5", "image": "images[4]"}, "1": {"desc": "pattern_6", "image": "images[5]"}, "2": {"desc": "pattern_7", "image": "images[6]"}, "3": {"desc": "pattern_8", "image": "images[7]"}, "4": {"desc": "pattern_9", "image": "images[8]"}}, "initial_stage": "planning", "hide_states": false, "hide_rewards_while_acting": false, "hide_edges_while_acting": false, "gaze_contingent": false, "gaze_tolerance": 1.5, "fixation_lag": 0.5, "start": 7}
2024-09-08 17:20:02,473 [INFO]  <eyetracking.EyeLink object at 0x16d719280>
2024-09-08 17:20:02,473 [DEBUG]  GraphTrial.log 417.838 begin drift_check 
2024-09-08 17:20:07,247 [DEBUG]  GraphTrial.log 422.612 initialize status = None
2024-09-08 17:20:07,247 [DEBUG]  GraphTrial.log 422.612 start recording 
2024-09-08 17:20:07,247 [INFO]  start_recording
2024-09-08 17:20:07,373 [DEBUG]  GraphTrial.log 422.737 show graph 
2024-09-08 17:20:07,382 [DEBUG]  STREAM b'IHDR' 16 13
2024-09-08 17:20:07,382 [DEBUG]  STREAM b'IDAT' 41 65536
2024-09-08 17:20:07,395 [DEBUG]  STREAM b'IHDR' 16 13
2024-09-08 17:20:07,395 [DEBUG]  STREAM b'IDAT' 41 65536
2024-09-08 17:20:07,405 [DEBUG]  STREAM b'IHDR' 16 13
2024-09-08 17:20:07,405 [DEBUG]  STREAM b'IDAT' 41 65536
2024-09-08 17:20:07,413 [DEBUG]  STREAM b'IHDR' 16 13
2024-09-08 17:20:07,413 [DEBUG]  STREAM b'IDAT' 41 65536
2024-09-08 17:20:07,422 [DEBUG]  STREAM b'IHDR' 16 13
2024-09-08 17:20:07,422 [DEBUG]  STREAM b'IDAT' 41 65536
2024-09-08 17:20:07,429 [DEBUG]  STREAM b'IHDR' 16 13
2024-09-08 17:20:07,429 [DEBUG]  STREAM b'IDAT' 41 65536
2024-09-08 17:20:07,434 [DEBUG]  STREAM b'IHDR' 16 13
2024-09-08 17:20:07,434 [DEBUG]  STREAM b'IDAT' 41 65536
2024-09-08 17:20:07,440 [DEBUG]  STREAM b'IHDR' 16 13
2024-09-08 17:20:07,440 [DEBUG]  STREAM b'IDAT' 41 65536
2024-09-08 17:20:07,447 [DEBUG]  STREAM b'IHDR' 16 13
2024-09-08 17:20:07,448 [DEBUG]  STREAM b'IDAT' 41 65536
2024-09-08 17:20:07,453 [DEBUG]  STREAM b'IHDR' 16 13
2024-09-08 17:20:07,453 [DEBUG]  STREAM b'IDAT' 41 65536
2024-09-08 17:20:07,457 [DEBUG]  STREAM b'IHDR' 16 13
2024-09-08 17:20:07,457 [DEBUG]  STREAM b'IDAT' 41 65536
2024-09-08 17:20:07,462 [DEBUG]  STREAM b'IHDR' 16 13
2024-09-08 17:20:07,462 [DEBUG]  STREAM b'IDAT' 41 65536
2024-09-08 17:20:07,468 [DEBUG]  STREAM b'IHDR' 16 13
2024-09-08 17:20:07,468 [DEBUG]  STREAM b'IDAT' 41 65536
2024-09-08 17:20:07,472 [DEBUG]  STREAM b'IHDR' 16 13
2024-09-08 17:20:07,472 [DEBUG]  STREAM b'IDAT' 41 65536
2024-09-08 17:20:07,477 [DEBUG]  STREAM b'IHDR' 16 13
2024-09-08 17:20:07,477 [DEBUG]  STREAM b'IDAT' 41 65536
2024-09-08 17:20:07,481 [DEBUG]  STREAM b'IHDR' 16 13
2024-09-08 17:20:07,481 [DEBUG]  STREAM b'IDAT' 41 65536
2024-09-08 17:20:07,486 [DEBUG]  STREAM b'IHDR' 16 13
2024-09-08 17:20:07,486 [DEBUG]  STREAM b'IDAT' 41 65536
2024-09-08 17:20:07,491 [DEBUG]  STREAM b'IHDR' 16 13
2024-09-08 17:20:07,491 [DEBUG]  STREAM b'IDAT' 41 65536
2024-09-08 17:20:07,496 [DEBUG]  STREAM b'IHDR' 16 13
2024-09-08 17:20:07,496 [DEBUG]  STREAM b'IDAT' 41 65536
2024-09-08 17:20:07,500 [DEBUG]  STREAM b'IHDR' 16 13
2024-09-08 17:20:07,500 [DEBUG]  STREAM b'IDAT' 41 65536
2024-09-08 17:20:07,506 [DEBUG]  STREAM b'IHDR' 16 13
2024-09-08 17:20:07,506 [DEBUG]  STREAM b'IDAT' 41 65536
2024-09-08 17:20:07,510 [DEBUG]  STREAM b'IHDR' 16 13
2024-09-08 17:20:07,510 [DEBUG]  STREAM b'IDAT' 41 65536
2024-09-08 17:20:07,514 [DEBUG]  STREAM b'IHDR' 16 13
2024-09-08 17:20:07,514 [DEBUG]  STREAM b'IDAT' 41 65536
2024-09-08 17:20:07,518 [DEBUG]  STREAM b'IHDR' 16 13
2024-09-08 17:20:07,518 [DEBUG]  STREAM b'IDAT' 41 65536
2024-09-08 17:20:07,524 [DEBUG]  STREAM b'IHDR' 16 13
2024-09-08 17:20:07,524 [DEBUG]  STREAM b'IDAT' 41 65536
2024-09-08 17:20:07,528 [DEBUG]  STREAM b'IHDR' 16 13
2024-09-08 17:20:07,528 [DEBUG]  STREAM b'IDAT' 41 65536
2024-09-08 17:20:07,533 [DEBUG]  STREAM b'IHDR' 16 13
2024-09-08 17:20:07,533 [DEBUG]  STREAM b'IDAT' 41 65536
2024-09-08 17:20:07,537 [DEBUG]  STREAM b'IHDR' 16 13
2024-09-08 17:20:07,537 [DEBUG]  STREAM b'IDAT' 41 65536
2024-09-08 17:20:07,544 [DEBUG]  STREAM b'IHDR' 16 13
2024-09-08 17:20:07,544 [DEBUG]  STREAM b'IDAT' 41 65536
2024-09-08 17:20:07,549 [DEBUG]  STREAM b'IHDR' 16 13
2024-09-08 17:20:07,549 [DEBUG]  STREAM b'IDAT' 41 65536
2024-09-08 17:20:07,553 [DEBUG]  STREAM b'IHDR' 16 13
2024-09-08 17:20:07,553 [DEBUG]  STREAM b'IDAT' 41 65536
2024-09-08 17:20:07,558 [DEBUG]  STREAM b'IHDR' 16 13
2024-09-08 17:20:07,558 [DEBUG]  STREAM b'IDAT' 41 65536
2024-09-08 17:20:07,565 [DEBUG]  STREAM b'IHDR' 16 13
2024-09-08 17:20:07,565 [DEBUG]  STREAM b'IDAT' 41 65536
2024-09-08 17:20:07,569 [DEBUG]  STREAM b'IHDR' 16 13
2024-09-08 17:20:07,570 [DEBUG]  STREAM b'IDAT' 41 65536
2024-09-08 17:20:07,574 [DEBUG]  STREAM b'IHDR' 16 13
2024-09-08 17:20:07,574 [DEBUG]  STREAM b'IDAT' 41 65536
2024-09-08 17:20:07,578 [DEBUG]  STREAM b'IHDR' 16 13
2024-09-08 17:20:07,578 [DEBUG]  STREAM b'IDAT' 41 65536
2024-09-08 17:20:07,584 [DEBUG]  STREAM b'IHDR' 16 13
2024-09-08 17:20:07,584 [DEBUG]  STREAM b'IDAT' 41 65536
2024-09-08 17:20:07,588 [DEBUG]  STREAM b'IHDR' 16 13
2024-09-08 17:20:07,588 [DEBUG]  STREAM b'IDAT' 41 65536
2024-09-08 17:20:07,592 [DEBUG]  STREAM b'IHDR' 16 13
2024-09-08 17:20:07,592 [DEBUG]  STREAM b'IDAT' 41 65536
2024-09-08 17:20:07,597 [DEBUG]  STREAM b'IHDR' 16 13
2024-09-08 17:20:07,597 [DEBUG]  STREAM b'IDAT' 41 65536
2024-09-08 17:20:07,606 [DEBUG]  GraphTrial.log 422.971 visit state = 7
2024-09-08 17:20:07,612 [DEBUG]  GraphTrial.log 422.976 start flip_time = 422.97641287511215
2024-09-08 17:20:07,616 [DEBUG]  GraphTrial.log 422.981 get move selected = 2
2024-09-08 17:20:12,057 [DEBUG]  GraphTrial.log 427.422 switch selected = 10
2024-09-08 17:20:12,881 [DEBUG]  GraphTrial.log 428.245 select selected = 10
2024-09-08 17:20:12,881 [DEBUG]  GraphTrial.log 428.245 visit state = 10
2024-09-08 17:20:12,889 [DEBUG]  GraphTrial.log 428.254 get move selected = 5
2024-09-08 17:20:13,377 [DEBUG]  GraphTrial.log 428.741 switch selected = 5
2024-09-08 17:20:13,993 [DEBUG]  GraphTrial.log 429.358 switch selected = 5
2024-09-08 17:20:14,385 [DEBUG]  GraphTrial.log 429.750 switch selected = 5
2024-09-08 17:20:14,705 [DEBUG]  GraphTrial.log 430.069 switch selected = 5
2024-09-08 17:20:14,936 [DEBUG]  GraphTrial.log 430.301 switch selected = 5
2024-09-08 17:20:15,544 [DEBUG]  GraphTrial.log 430.909 select selected = 5
2024-09-08 17:20:15,545 [DEBUG]  GraphTrial.log 430.909 visit state = 5
2024-09-08 17:20:17,413 [DEBUG]  GraphTrial.log 432.777 done 
2024-09-08 17:20:17,413 [INFO]  end trial [{"time": 417.8377798749134, "event": "begin drift_check"}, {"time": 422.6116032085847, "event": "initialize", "status": null}, {"time": 422.61197179183364, "event": "start recording"}, {"time": 422.73728895862587, "event": "show graph"}, {"time": 422.9709445417393, "event": "visit", "state": 7}, {"time": 422.97642916673794, "event": "start", "flip_time": 422.97641287511215}, {"time": 422.9811083751265, "event": "get move", "selected": 2}, {"time": 427.42200112505816, "event": "switch", "selected": 10}, {"time": 428.24531616666354, "event": "select", "selected": 10}, {"time": 428.24538704170845, "event": "visit", "state": 10}, {"time": 428.25371262500994, "event": "get move", "selected": 5}, {"time": 428.7414636251051, "event": "switch", "selected": 5}, {"time": 429.3576107916888, "event": "switch", "selected": 5}, {"time": 429.7496039585676, "event": "switch", "selected": 5}, {"time": 430.069319000002, "event": "switch", "selected": 5}, {"time": 430.3011762916576, "event": "switch", "selected": 5}, {"time": 430.9091640000697, "event": "select", "selected": 5}, {"time": 430.9093053750694, "event": "visit", "state": 5}, {"time": 432.7774707917124, "event": "done"}]
2024-09-08 17:20:17,413 [INFO]  stop_recording
2024-09-08 17:20:17,430 [INFO]  gt.status is None
2024-09-08 17:20:17,430 [DEBUG]  add bonus points 0 (total = 65)
2024-09-08 17:20:17,430 [INFO]  Trial 4 of 260
2024-09-08 17:20:18,329 [INFO]  begin trial {"kind": "GraphTrial", "graph": [[8], [2], [], [7, 9], [], [10, 4], [3, 0], [], [], [], [4, 1]], "rewards": [0, 2, -1, 0, 2, 4, null, 0, 1, -4, -1], "reward_info": {"-4": {"desc": "pattern_1", "image": "images[0]"}, "-3": {"desc": "pattern_2", "image": "images[1]"}, "-2": {"desc": "pattern_3", "image": "images[2]"}, "-1": {"desc": "pattern_4", "image": "images[3]"}, "0": {"desc": "pattern_5", "image": "images[4]"}, "1": {"desc": "pattern_6", "image": "images[5]"}, "2": {"desc": "pattern_7", "image": "images[6]"}, "3": {"desc": "pattern_8", "image": "images[7]"}, "4": {"desc": "pattern_9", "image": "images[8]"}}, "initial_stage": "planning", "hide_states": false, "hide_rewards_while_acting": false, "hide_edges_while_acting": false, "gaze_contingent": false, "gaze_tolerance": 1.5, "fixation_lag": 0.5, "start": 6}
2024-09-08 17:20:18,329 [INFO]  <eyetracking.EyeLink object at 0x16d719280>
2024-09-08 17:20:18,329 [DEBUG]  GraphTrial.log 433.694 begin drift_check 
2024-09-08 17:21:17,296 [INFO]  escape in drift correct
2024-09-08 17:21:20,246 [INFO]  drift check keys ['c']
2024-09-08 17:21:22,116 [DEBUG]  GraphTrial.log 497.481 initialize status = ok
2024-09-08 17:21:22,116 [DEBUG]  GraphTrial.log 497.481 start recording 
2024-09-08 17:21:22,117 [INFO]  start_recording
2024-09-08 17:21:22,242 [DEBUG]  GraphTrial.log 497.606 show graph 
2024-09-08 17:21:22,251 [DEBUG]  STREAM b'IHDR' 16 13
2024-09-08 17:21:22,251 [DEBUG]  STREAM b'IDAT' 41 65536
2024-09-08 17:21:22,264 [DEBUG]  STREAM b'IHDR' 16 13
2024-09-08 17:21:22,265 [DEBUG]  STREAM b'IDAT' 41 65536
2024-09-08 17:21:22,274 [DEBUG]  STREAM b'IHDR' 16 13
2024-09-08 17:21:22,274 [DEBUG]  STREAM b'IDAT' 41 65536
2024-09-08 17:21:22,281 [DEBUG]  STREAM b'IHDR' 16 13
2024-09-08 17:21:22,281 [DEBUG]  STREAM b'IDAT' 41 65536
2024-09-08 17:21:22,291 [DEBUG]  STREAM b'IHDR' 16 13
2024-09-08 17:21:22,291 [DEBUG]  STREAM b'IDAT' 41 65536
2024-09-08 17:21:22,298 [DEBUG]  STREAM b'IHDR' 16 13
2024-09-08 17:21:22,298 [DEBUG]  STREAM b'IDAT' 41 65536
2024-09-08 17:21:22,304 [DEBUG]  STREAM b'IHDR' 16 13
2024-09-08 17:21:22,304 [DEBUG]  STREAM b'IDAT' 41 65536
2024-09-08 17:21:22,309 [DEBUG]  STREAM b'IHDR' 16 13
2024-09-08 17:21:22,309 [DEBUG]  STREAM b'IDAT' 41 65536
2024-09-08 17:21:22,316 [DEBUG]  STREAM b'IHDR' 16 13
2024-09-08 17:21:22,316 [DEBUG]  STREAM b'IDAT' 41 65536
2024-09-08 17:21:22,321 [DEBUG]  STREAM b'IHDR' 16 13
2024-09-08 17:21:22,321 [DEBUG]  STREAM b'IDAT' 41 65536
2024-09-08 17:21:22,326 [DEBUG]  STREAM b'IHDR' 16 13
2024-09-08 17:21:22,326 [DEBUG]  STREAM b'IDAT' 41 65536
2024-09-08 17:21:22,330 [DEBUG]  STREAM b'IHDR' 16 13
2024-09-08 17:21:22,330 [DEBUG]  STREAM b'IDAT' 41 65536
2024-09-08 17:21:22,336 [DEBUG]  STREAM b'IHDR' 16 13
2024-09-08 17:21:22,336 [DEBUG]  STREAM b'IDAT' 41 65536
2024-09-08 17:21:22,340 [DEBUG]  STREAM b'IHDR' 16 13
2024-09-08 17:21:22,340 [DEBUG]  STREAM b'IDAT' 41 65536
2024-09-08 17:21:22,345 [DEBUG]  STREAM b'IHDR' 16 13
2024-09-08 17:21:22,345 [DEBUG]  STREAM b'IDAT' 41 65536
2024-09-08 17:21:22,349 [DEBUG]  STREAM b'IHDR' 16 13
2024-09-08 17:21:22,349 [DEBUG]  STREAM b'IDAT' 41 65536
2024-09-08 17:21:22,354 [DEBUG]  STREAM b'IHDR' 16 13
2024-09-08 17:21:22,354 [DEBUG]  STREAM b'IDAT' 41 65536
2024-09-08 17:21:22,359 [DEBUG]  STREAM b'IHDR' 16 13
2024-09-08 17:21:22,359 [DEBUG]  STREAM b'IDAT' 41 65536
2024-09-08 17:21:22,363 [DEBUG]  STREAM b'IHDR' 16 13
2024-09-08 17:21:22,363 [DEBUG]  STREAM b'IDAT' 41 65536
2024-09-08 17:21:22,367 [DEBUG]  STREAM b'IHDR' 16 13
2024-09-08 17:21:22,367 [DEBUG]  STREAM b'IDAT' 41 65536
2024-09-08 17:21:22,374 [DEBUG]  STREAM b'IHDR' 16 13
2024-09-08 17:21:22,374 [DEBUG]  STREAM b'IDAT' 41 65536
2024-09-08 17:21:22,379 [DEBUG]  STREAM b'IHDR' 16 13
2024-09-08 17:21:22,379 [DEBUG]  STREAM b'IDAT' 41 65536
2024-09-08 17:21:22,383 [DEBUG]  STREAM b'IHDR' 16 13
2024-09-08 17:21:22,383 [DEBUG]  STREAM b'IDAT' 41 65536
2024-09-08 17:21:22,388 [DEBUG]  STREAM b'IHDR' 16 13
2024-09-08 17:21:22,388 [DEBUG]  STREAM b'IDAT' 41 65536
2024-09-08 17:21:22,395 [DEBUG]  STREAM b'IHDR' 16 13
2024-09-08 17:21:22,395 [DEBUG]  STREAM b'IDAT' 41 65536
2024-09-08 17:21:22,399 [DEBUG]  STREAM b'IHDR' 16 13
2024-09-08 17:21:22,399 [DEBUG]  STREAM b'IDAT' 41 65536
2024-09-08 17:21:22,403 [DEBUG]  STREAM b'IHDR' 16 13
2024-09-08 17:21:22,403 [DEBUG]  STREAM b'IDAT' 41 65536
2024-09-08 17:21:22,407 [DEBUG]  STREAM b'IHDR' 16 13
2024-09-08 17:21:22,407 [DEBUG]  STREAM b'IDAT' 41 65536
2024-09-08 17:21:22,413 [DEBUG]  STREAM b'IHDR' 16 13
2024-09-08 17:21:22,413 [DEBUG]  STREAM b'IDAT' 41 65536
2024-09-08 17:21:22,417 [DEBUG]  STREAM b'IHDR' 16 13
2024-09-08 17:21:22,417 [DEBUG]  STREAM b'IDAT' 41 65536
2024-09-08 17:21:22,421 [DEBUG]  STREAM b'IHDR' 16 13
2024-09-08 17:21:22,421 [DEBUG]  STREAM b'IDAT' 41 65536
2024-09-08 17:21:22,425 [DEBUG]  STREAM b'IHDR' 16 13
2024-09-08 17:21:22,425 [DEBUG]  STREAM b'IDAT' 41 65536
2024-09-08 17:21:22,431 [DEBUG]  STREAM b'IHDR' 16 13
2024-09-08 17:21:22,431 [DEBUG]  STREAM b'IDAT' 41 65536
2024-09-08 17:21:22,435 [DEBUG]  STREAM b'IHDR' 16 13
2024-09-08 17:21:22,435 [DEBUG]  STREAM b'IDAT' 41 65536
2024-09-08 17:21:22,439 [DEBUG]  STREAM b'IHDR' 16 13
2024-09-08 17:21:22,439 [DEBUG]  STREAM b'IDAT' 41 65536
2024-09-08 17:21:22,443 [DEBUG]  STREAM b'IHDR' 16 13
2024-09-08 17:21:22,443 [DEBUG]  STREAM b'IDAT' 41 65536
2024-09-08 17:21:22,449 [DEBUG]  STREAM b'IHDR' 16 13
2024-09-08 17:21:22,449 [DEBUG]  STREAM b'IDAT' 41 65536
2024-09-08 17:21:22,453 [DEBUG]  STREAM b'IHDR' 16 13
2024-09-08 17:21:22,453 [DEBUG]  STREAM b'IDAT' 41 65536
2024-09-08 17:21:22,457 [DEBUG]  STREAM b'IHDR' 16 13
2024-09-08 17:21:22,457 [DEBUG]  STREAM b'IDAT' 41 65536
2024-09-08 17:21:22,461 [DEBUG]  STREAM b'IHDR' 16 13
2024-09-08 17:21:22,461 [DEBUG]  STREAM b'IDAT' 41 65536
2024-09-08 17:21:22,471 [DEBUG]  GraphTrial.log 497.835 visit state = 6
2024-09-08 17:21:22,476 [DEBUG]  GraphTrial.log 497.840 start flip_time = 497.84042987506837
2024-09-08 17:21:22,481 [DEBUG]  GraphTrial.log 497.846 get move selected = 3
2024-09-08 17:21:31,713 [DEBUG]  GraphTrial.log 507.078 select selected = 3
2024-09-08 17:21:31,714 [DEBUG]  GraphTrial.log 507.078 visit state = 3
2024-09-08 17:21:31,725 [DEBUG]  GraphTrial.log 507.089 get move selected = 9
2024-09-08 17:21:32,401 [DEBUG]  GraphTrial.log 507.766 select selected = 9
2024-09-08 17:21:32,401 [DEBUG]  GraphTrial.log 507.766 visit state = 9
2024-09-08 17:21:34,246 [DEBUG]  GraphTrial.log 509.610 done 
2024-09-08 17:21:34,246 [INFO]  end trial [{"time": 433.69364204164594, "event": "begin drift_check"}, {"time": 497.4806131666992, "event": "initialize", "status": "ok"}, {"time": 497.4808858335018, "event": "start recording"}, {"time": 497.6060542499181, "event": "show graph"}, {"time": 497.8349730416667, "event": "visit", "state": 6}, {"time": 497.84044341673143, "event": "start", "flip_time": 497.84042987506837}, {"time": 497.8459272084292, "event": "get move", "selected": 3}, {"time": 507.07779162493534, "event": "select", "selected": 3}, {"time": 507.0779345834162, "event": "visit", "state": 3}, {"time": 507.08948870841414, "event": "get move", "selected": 9}, {"time": 507.7655314167496, "event": "select", "selected": 9}, {"time": 507.7656210416462, "event": "visit", "state": 9}, {"time": 509.6103910000529, "event": "done"}]
2024-09-08 17:21:34,246 [INFO]  stop_recording
2024-09-08 17:21:34,263 [INFO]  gt.status is ok
2024-09-08 17:21:34,263 [DEBUG]  add bonus points -4 (total = 61)
2024-09-08 17:21:34,263 [INFO]  Trial 5 of 260
2024-09-08 17:21:35,169 [INFO]  begin trial {"kind": "GraphTrial", "graph": [[], [], [], [], [10, 1], [0, 2], [9, 7], [], [5, 6], [], [1, 3]], "rewards": [-4, 3, -3, 1, -2, -3, 2, 2, null, -4, 4], "reward_info": {"-4": {"desc": "pattern_1", "image": "images[0]"}, "-3": {"desc": "pattern_2", "image": "images[1]"}, "-2": {"desc": "pattern_3", "image": "images[2]"}, "-1": {"desc": "pattern_4", "image": "images[3]"}, "0": {"desc": "pattern_5", "image": "images[4]"}, "1": {"desc": "pattern_6", "image": "images[5]"}, "2": {"desc": "pattern_7", "image": "images[6]"}, "3": {"desc": "pattern_8", "image": "images[7]"}, "4": {"desc": "pattern_9", "image": "images[8]"}}, "initial_stage": "planning", "hide_states": false, "hide_rewards_while_acting": false, "hide_edges_while_acting": false, "gaze_contingent": false, "gaze_tolerance": 1.5, "fixation_lag": 0.5, "start": 8}
2024-09-08 17:21:35,169 [INFO]  <eyetracking.EyeLink object at 0x16d719280>
2024-09-08 17:21:35,169 [DEBUG]  GraphTrial.log 510.534 begin drift_check 
2024-09-08 17:21:38,614 [DEBUG]  GraphTrial.log 513.978 initialize status = None
2024-09-08 17:21:38,614 [DEBUG]  GraphTrial.log 513.979 start recording 
2024-09-08 17:21:38,615 [INFO]  start_recording
2024-09-08 17:21:38,739 [DEBUG]  GraphTrial.log 514.103 show graph 
2024-09-08 17:21:38,748 [DEBUG]  STREAM b'IHDR' 16 13
2024-09-08 17:21:38,748 [DEBUG]  STREAM b'IDAT' 41 65536
2024-09-08 17:21:38,761 [DEBUG]  STREAM b'IHDR' 16 13
2024-09-08 17:21:38,761 [DEBUG]  STREAM b'IDAT' 41 65536
2024-09-08 17:21:38,770 [DEBUG]  STREAM b'IHDR' 16 13
2024-09-08 17:21:38,770 [DEBUG]  STREAM b'IDAT' 41 65536
2024-09-08 17:21:38,778 [DEBUG]  STREAM b'IHDR' 16 13
2024-09-08 17:21:38,778 [DEBUG]  STREAM b'IDAT' 41 65536
2024-09-08 17:21:38,788 [DEBUG]  STREAM b'IHDR' 16 13
2024-09-08 17:21:38,788 [DEBUG]  STREAM b'IDAT' 41 65536
2024-09-08 17:21:38,796 [DEBUG]  STREAM b'IHDR' 16 13
2024-09-08 17:21:38,796 [DEBUG]  STREAM b'IDAT' 41 65536
2024-09-08 17:21:38,802 [DEBUG]  STREAM b'IHDR' 16 13
2024-09-08 17:21:38,803 [DEBUG]  STREAM b'IDAT' 41 65536
2024-09-08 17:21:38,808 [DEBUG]  STREAM b'IHDR' 16 13
2024-09-08 17:21:38,808 [DEBUG]  STREAM b'IDAT' 41 65536
2024-09-08 17:21:38,815 [DEBUG]  STREAM b'IHDR' 16 13
2024-09-08 17:21:38,815 [DEBUG]  STREAM b'IDAT' 41 65536
2024-09-08 17:21:38,821 [DEBUG]  STREAM b'IHDR' 16 13
2024-09-08 17:21:38,821 [DEBUG]  STREAM b'IDAT' 41 65536
2024-09-08 17:21:38,825 [DEBUG]  STREAM b'IHDR' 16 13
2024-09-08 17:21:38,825 [DEBUG]  STREAM b'IDAT' 41 65536
2024-09-08 17:21:38,830 [DEBUG]  STREAM b'IHDR' 16 13
2024-09-08 17:21:38,830 [DEBUG]  STREAM b'IDAT' 41 65536
2024-09-08 17:21:38,836 [DEBUG]  STREAM b'IHDR' 16 13
2024-09-08 17:21:38,836 [DEBUG]  STREAM b'IDAT' 41 65536
2024-09-08 17:21:38,840 [DEBUG]  STREAM b'IHDR' 16 13
2024-09-08 17:21:38,840 [DEBUG]  STREAM b'IDAT' 41 65536
2024-09-08 17:21:38,844 [DEBUG]  STREAM b'IHDR' 16 13
2024-09-08 17:21:38,844 [DEBUG]  STREAM b'IDAT' 41 65536
2024-09-08 17:21:38,849 [DEBUG]  STREAM b'IHDR' 16 13
2024-09-08 17:21:38,849 [DEBUG]  STREAM b'IDAT' 41 65536
2024-09-08 17:21:38,854 [DEBUG]  STREAM b'IHDR' 16 13
2024-09-08 17:21:38,854 [DEBUG]  STREAM b'IDAT' 41 65536
2024-09-08 17:21:38,859 [DEBUG]  STREAM b'IHDR' 16 13
2024-09-08 17:21:38,859 [DEBUG]  STREAM b'IDAT' 41 65536
2024-09-08 17:21:38,863 [DEBUG]  STREAM b'IHDR' 16 13
2024-09-08 17:21:38,863 [DEBUG]  STREAM b'IDAT' 41 65536
2024-09-08 17:21:38,867 [DEBUG]  STREAM b'IHDR' 16 13
2024-09-08 17:21:38,867 [DEBUG]  STREAM b'IDAT' 41 65536
2024-09-08 17:21:38,872 [DEBUG]  STREAM b'IHDR' 16 13
2024-09-08 17:21:38,872 [DEBUG]  STREAM b'IDAT' 41 65536
2024-09-08 17:21:38,877 [DEBUG]  STREAM b'IHDR' 16 13
2024-09-08 17:21:38,877 [DEBUG]  STREAM b'IDAT' 41 65536
2024-09-08 17:21:38,881 [DEBUG]  STREAM b'IHDR' 16 13
2024-09-08 17:21:38,881 [DEBUG]  STREAM b'IDAT' 41 65536
2024-09-08 17:21:38,885 [DEBUG]  STREAM b'IHDR' 16 13
2024-09-08 17:21:38,885 [DEBUG]  STREAM b'IDAT' 41 65536
2024-09-08 17:21:38,890 [DEBUG]  STREAM b'IHDR' 16 13
2024-09-08 17:21:38,890 [DEBUG]  STREAM b'IDAT' 41 65536
2024-09-08 17:21:38,895 [DEBUG]  STREAM b'IHDR' 16 13
2024-09-08 17:21:38,895 [DEBUG]  STREAM b'IDAT' 41 65536
2024-09-08 17:21:38,899 [DEBUG]  STREAM b'IHDR' 16 13
2024-09-08 17:21:38,899 [DEBUG]  STREAM b'IDAT' 41 65536
2024-09-08 17:21:38,903 [DEBUG]  STREAM b'IHDR' 16 13
2024-09-08 17:21:38,903 [DEBUG]  STREAM b'IDAT' 41 65536
2024-09-08 17:21:38,909 [DEBUG]  STREAM b'IHDR' 16 13
2024-09-08 17:21:38,909 [DEBUG]  STREAM b'IDAT' 41 65536
2024-09-08 17:21:38,913 [DEBUG]  STREAM b'IHDR' 16 13
2024-09-08 17:21:38,913 [DEBUG]  STREAM b'IDAT' 41 65536
2024-09-08 17:21:38,917 [DEBUG]  STREAM b'IHDR' 16 13
2024-09-08 17:21:38,917 [DEBUG]  STREAM b'IDAT' 41 65536
2024-09-08 17:21:38,922 [DEBUG]  STREAM b'IHDR' 16 13
2024-09-08 17:21:38,922 [DEBUG]  STREAM b'IDAT' 41 65536
2024-09-08 17:21:38,928 [DEBUG]  STREAM b'IHDR' 16 13
2024-09-08 17:21:38,928 [DEBUG]  STREAM b'IDAT' 41 65536
2024-09-08 17:21:38,933 [DEBUG]  STREAM b'IHDR' 16 13
2024-09-08 17:21:38,933 [DEBUG]  STREAM b'IDAT' 41 65536
2024-09-08 17:21:38,937 [DEBUG]  STREAM b'IHDR' 16 13
2024-09-08 17:21:38,937 [DEBUG]  STREAM b'IDAT' 41 65536
2024-09-08 17:21:38,941 [DEBUG]  STREAM b'IHDR' 16 13
2024-09-08 17:21:38,941 [DEBUG]  STREAM b'IDAT' 41 65536
2024-09-08 17:21:38,946 [DEBUG]  STREAM b'IHDR' 16 13
2024-09-08 17:21:38,946 [DEBUG]  STREAM b'IDAT' 41 65536
2024-09-08 17:21:38,951 [DEBUG]  STREAM b'IHDR' 16 13
2024-09-08 17:21:38,951 [DEBUG]  STREAM b'IDAT' 41 65536
2024-09-08 17:21:38,955 [DEBUG]  STREAM b'IHDR' 16 13
2024-09-08 17:21:38,955 [DEBUG]  STREAM b'IDAT' 41 65536
2024-09-08 17:21:38,960 [DEBUG]  STREAM b'IHDR' 16 13
2024-09-08 17:21:38,960 [DEBUG]  STREAM b'IDAT' 41 65536
2024-09-08 17:21:38,970 [DEBUG]  GraphTrial.log 514.334 visit state = 8
2024-09-08 17:21:38,975 [DEBUG]  GraphTrial.log 514.340 start flip_time = 514.3395947918762
2024-09-08 17:21:38,981 [DEBUG]  GraphTrial.log 514.346 get move selected = 5
2024-09-08 17:21:42,970 [DEBUG]  GraphTrial.log 518.334 switch selected = 6
2024-09-08 17:21:43,681 [DEBUG]  GraphTrial.log 519.045 select selected = 6
2024-09-08 17:21:43,681 [DEBUG]  GraphTrial.log 519.045 visit state = 6
2024-09-08 17:21:43,691 [DEBUG]  GraphTrial.log 519.055 get move selected = 9
2024-09-08 17:21:44,185 [DEBUG]  GraphTrial.log 519.550 switch selected = 7
2024-09-08 17:21:44,704 [DEBUG]  GraphTrial.log 520.068 select selected = 7
2024-09-08 17:21:44,704 [DEBUG]  GraphTrial.log 520.068 visit state = 7
2024-09-08 17:21:46,548 [DEBUG]  GraphTrial.log 521.912 done 
2024-09-08 17:21:46,548 [INFO]  end trial [{"time": 510.53365141665563, "event": "begin drift_check"}, {"time": 513.9783712085336, "event": "initialize", "status": null}, {"time": 513.9787572917994, "event": "start recording"}, {"time": 514.1034375417512, "event": "show graph"}, {"time": 514.3341754584108, "event": "visit", "state": 8}, {"time": 514.3396135834046, "event": "start", "flip_time": 514.3395947918762}, {"time": 514.3458331667352, "event": "get move", "selected": 5}, {"time": 518.3341323335189, "event": "switch", "selected": 6}, {"time": 519.0453720835503, "event": "select", "selected": 6}, {"time": 519.045442749979, "event": "visit", "state": 6}, {"time": 519.0550627917983, "event": "get move", "selected": 9}, {"time": 519.5495032086037, "event": "switch", "selected": 7}, {"time": 520.0683245835826, "event": "select", "selected": 7}, {"time": 520.0684037085157, "event": "visit", "state": 7}, {"time": 521.9122353335842, "event": "done"}]
2024-09-08 17:21:46,548 [INFO]  stop_recording
2024-09-08 17:21:46,564 [INFO]  gt.status is None
2024-09-08 17:21:46,564 [DEBUG]  add bonus points 4 (total = 65)
2024-09-08 17:21:46,564 [INFO]  Trial 6 of 260
2024-09-08 17:21:47,785 [INFO]  begin trial {"kind": "GraphTrial", "graph": [[], [10, 3], [], [], [], [7, 0], [5, 7], [], [9, 1], [4, 2], []], "rewards": [0, 4, 3, -3, -4, 4, 0, -3, null, -3, 4], "reward_info": {"-4": {"desc": "pattern_1", "image": "images[0]"}, "-3": {"desc": "pattern_2", "image": "images[1]"}, "-2": {"desc": "pattern_3", "image": "images[2]"}, "-1": {"desc": "pattern_4", "image": "images[3]"}, "0": {"desc": "pattern_5", "image": "images[4]"}, "1": {"desc": "pattern_6", "image": "images[5]"}, "2": {"desc": "pattern_7", "image": "images[6]"}, "3": {"desc": "pattern_8", "image": "images[7]"}, "4": {"desc": "pattern_9", "image": "images[8]"}}, "initial_stage": "planning", "hide_states": false, "hide_rewards_while_acting": false, "hide_edges_while_acting": false, "gaze_contingent": false, "gaze_tolerance": 1.5, "fixation_lag": 0.5, "start": 8}
2024-09-08 17:21:47,785 [INFO]  <eyetracking.EyeLink object at 0x16d719280>
2024-09-08 17:21:47,785 [DEBUG]  GraphTrial.log 523.150 begin drift_check 
2024-09-08 17:21:50,349 [DEBUG]  GraphTrial.log 525.713 initialize status = None
2024-09-08 17:21:50,349 [DEBUG]  GraphTrial.log 525.713 start recording 
2024-09-08 17:21:50,349 [INFO]  start_recording
2024-09-08 17:21:50,475 [DEBUG]  GraphTrial.log 525.839 show graph 
2024-09-08 17:21:50,483 [DEBUG]  STREAM b'IHDR' 16 13
2024-09-08 17:21:50,483 [DEBUG]  STREAM b'IDAT' 41 65536
2024-09-08 17:21:50,496 [DEBUG]  STREAM b'IHDR' 16 13
2024-09-08 17:21:50,496 [DEBUG]  STREAM b'IDAT' 41 65536
2024-09-08 17:21:50,506 [DEBUG]  STREAM b'IHDR' 16 13
2024-09-08 17:21:50,506 [DEBUG]  STREAM b'IDAT' 41 65536
2024-09-08 17:21:50,514 [DEBUG]  STREAM b'IHDR' 16 13
2024-09-08 17:21:50,514 [DEBUG]  STREAM b'IDAT' 41 65536
2024-09-08 17:21:50,524 [DEBUG]  STREAM b'IHDR' 16 13
2024-09-08 17:21:50,524 [DEBUG]  STREAM b'IDAT' 41 65536
2024-09-08 17:21:50,531 [DEBUG]  STREAM b'IHDR' 16 13
2024-09-08 17:21:50,531 [DEBUG]  STREAM b'IDAT' 41 65536
2024-09-08 17:21:50,537 [DEBUG]  STREAM b'IHDR' 16 13
2024-09-08 17:21:50,537 [DEBUG]  STREAM b'IDAT' 41 65536
2024-09-08 17:21:50,542 [DEBUG]  STREAM b'IHDR' 16 13
2024-09-08 17:21:50,542 [DEBUG]  STREAM b'IDAT' 41 65536
2024-09-08 17:21:50,550 [DEBUG]  STREAM b'IHDR' 16 13
2024-09-08 17:21:50,550 [DEBUG]  STREAM b'IDAT' 41 65536
2024-09-08 17:21:50,555 [DEBUG]  STREAM b'IHDR' 16 13
2024-09-08 17:21:50,555 [DEBUG]  STREAM b'IDAT' 41 65536
2024-09-08 17:21:50,560 [DEBUG]  STREAM b'IHDR' 16 13
2024-09-08 17:21:50,560 [DEBUG]  STREAM b'IDAT' 41 65536
2024-09-08 17:21:50,565 [DEBUG]  STREAM b'IHDR' 16 13
2024-09-08 17:21:50,565 [DEBUG]  STREAM b'IDAT' 41 65536
2024-09-08 17:21:50,571 [DEBUG]  STREAM b'IHDR' 16 13
2024-09-08 17:21:50,571 [DEBUG]  STREAM b'IDAT' 41 65536
2024-09-08 17:21:50,576 [DEBUG]  STREAM b'IHDR' 16 13
2024-09-08 17:21:50,576 [DEBUG]  STREAM b'IDAT' 41 65536
2024-09-08 17:21:50,580 [DEBUG]  STREAM b'IHDR' 16 13
2024-09-08 17:21:50,580 [DEBUG]  STREAM b'IDAT' 41 65536
2024-09-08 17:21:50,584 [DEBUG]  STREAM b'IHDR' 16 13
2024-09-08 17:21:50,584 [DEBUG]  STREAM b'IDAT' 41 65536
2024-09-08 17:21:50,590 [DEBUG]  STREAM b'IHDR' 16 13
2024-09-08 17:21:50,590 [DEBUG]  STREAM b'IDAT' 41 65536
2024-09-08 17:21:50,594 [DEBUG]  STREAM b'IHDR' 16 13
2024-09-08 17:21:50,594 [DEBUG]  STREAM b'IDAT' 41 65536
2024-09-08 17:21:50,598 [DEBUG]  STREAM b'IHDR' 16 13
2024-09-08 17:21:50,598 [DEBUG]  STREAM b'IDAT' 41 65536
2024-09-08 17:21:50,602 [DEBUG]  STREAM b'IHDR' 16 13
2024-09-08 17:21:50,602 [DEBUG]  STREAM b'IDAT' 41 65536
2024-09-08 17:21:50,608 [DEBUG]  STREAM b'IHDR' 16 13
2024-09-08 17:21:50,608 [DEBUG]  STREAM b'IDAT' 41 65536
2024-09-08 17:21:50,612 [DEBUG]  STREAM b'IHDR' 16 13
2024-09-08 17:21:50,612 [DEBUG]  STREAM b'IDAT' 41 65536
2024-09-08 17:21:50,617 [DEBUG]  STREAM b'IHDR' 16 13
2024-09-08 17:21:50,617 [DEBUG]  STREAM b'IDAT' 41 65536
2024-09-08 17:21:50,621 [DEBUG]  STREAM b'IHDR' 16 13
2024-09-08 17:21:50,621 [DEBUG]  STREAM b'IDAT' 41 65536
2024-09-08 17:21:50,627 [DEBUG]  STREAM b'IHDR' 16 13
2024-09-08 17:21:50,627 [DEBUG]  STREAM b'IDAT' 41 65536
2024-09-08 17:21:50,631 [DEBUG]  STREAM b'IHDR' 16 13
2024-09-08 17:21:50,631 [DEBUG]  STREAM b'IDAT' 41 65536
2024-09-08 17:21:50,635 [DEBUG]  STREAM b'IHDR' 16 13
2024-09-08 17:21:50,635 [DEBUG]  STREAM b'IDAT' 41 65536
2024-09-08 17:21:50,639 [DEBUG]  STREAM b'IHDR' 16 13
2024-09-08 17:21:50,639 [DEBUG]  STREAM b'IDAT' 41 65536
2024-09-08 17:21:50,645 [DEBUG]  STREAM b'IHDR' 16 13
2024-09-08 17:21:50,645 [DEBUG]  STREAM b'IDAT' 41 65536
2024-09-08 17:21:50,649 [DEBUG]  STREAM b'IHDR' 16 13
2024-09-08 17:21:50,649 [DEBUG]  STREAM b'IDAT' 41 65536
2024-09-08 17:21:50,653 [DEBUG]  STREAM b'IHDR' 16 13
2024-09-08 17:21:50,653 [DEBUG]  STREAM b'IDAT' 41 65536
2024-09-08 17:21:50,657 [DEBUG]  STREAM b'IHDR' 16 13
2024-09-08 17:21:50,657 [DEBUG]  STREAM b'IDAT' 41 65536
2024-09-08 17:21:50,664 [DEBUG]  STREAM b'IHDR' 16 13
2024-09-08 17:21:50,664 [DEBUG]  STREAM b'IDAT' 41 65536
2024-09-08 17:21:50,668 [DEBUG]  STREAM b'IHDR' 16 13
2024-09-08 17:21:50,668 [DEBUG]  STREAM b'IDAT' 41 65536
2024-09-08 17:21:50,672 [DEBUG]  STREAM b'IHDR' 16 13
2024-09-08 17:21:50,672 [DEBUG]  STREAM b'IDAT' 41 65536
2024-09-08 17:21:50,676 [DEBUG]  STREAM b'IHDR' 16 13
2024-09-08 17:21:50,676 [DEBUG]  STREAM b'IDAT' 41 65536
2024-09-08 17:21:50,682 [DEBUG]  STREAM b'IHDR' 16 13
2024-09-08 17:21:50,682 [DEBUG]  STREAM b'IDAT' 41 65536
2024-09-08 17:21:50,686 [DEBUG]  STREAM b'IHDR' 16 13
2024-09-08 17:21:50,686 [DEBUG]  STREAM b'IDAT' 41 65536
2024-09-08 17:21:50,691 [DEBUG]  STREAM b'IHDR' 16 13
2024-09-08 17:21:50,691 [DEBUG]  STREAM b'IDAT' 41 65536
2024-09-08 17:21:50,695 [DEBUG]  STREAM b'IHDR' 16 13
2024-09-08 17:21:50,695 [DEBUG]  STREAM b'IDAT' 41 65536
2024-09-08 17:21:50,706 [DEBUG]  GraphTrial.log 526.070 visit state = 8
2024-09-08 17:21:50,711 [DEBUG]  GraphTrial.log 526.076 start flip_time = 526.0757781667635
2024-09-08 17:21:50,716 [DEBUG]  GraphTrial.log 526.081 get move selected = 9
2024-09-08 17:21:54,090 [DEBUG]  GraphTrial.log 529.454 switch selected = 1
2024-09-08 17:21:54,593 [DEBUG]  GraphTrial.log 529.957 select selected = 1
2024-09-08 17:21:54,593 [DEBUG]  GraphTrial.log 529.957 visit state = 1
2024-09-08 17:21:54,613 [DEBUG]  GraphTrial.log 529.977 get move selected = 3
2024-09-08 17:21:54,985 [DEBUG]  GraphTrial.log 530.350 switch selected = 10
2024-09-08 17:21:55,401 [DEBUG]  GraphTrial.log 530.765 select selected = 10
2024-09-08 17:21:55,401 [DEBUG]  GraphTrial.log 530.765 visit state = 10
2024-09-08 17:21:57,231 [DEBUG]  GraphTrial.log 532.595 done 
2024-09-08 17:21:57,231 [INFO]  end trial [{"time": 523.1496870000847, "event": "begin drift_check"}, {"time": 525.7132677917834, "event": "initialize", "status": null}, {"time": 525.7134223335888, "event": "start recording"}, {"time": 525.8388376249932, "event": "show graph"}, {"time": 526.0704129168298, "event": "visit", "state": 8}, {"time": 526.0757928334642, "event": "start", "flip_time": 526.0757781667635}, {"time": 526.0805385001004, "event": "get move", "selected": 9}, {"time": 529.4540177916642, "event": "switch", "selected": 1}, {"time": 529.9571704585105, "event": "select", "selected": 1}, {"time": 529.9572472500149, "event": "visit", "state": 1}, {"time": 529.9770555000287, "event": "get move", "selected": 3}, {"time": 530.3496322918218, "event": "switch", "selected": 10}, {"time": 530.7650729999878, "event": "select", "selected": 10}, {"time": 530.7651367085055, "event": "visit", "state": 10}, {"time": 532.5954633750953, "event": "done"}]
2024-09-08 17:21:57,231 [INFO]  stop_recording
2024-09-08 17:21:57,248 [INFO]  gt.status is None
2024-09-08 17:21:57,248 [DEBUG]  add bonus points 8 (total = 73)
2024-09-08 17:21:57,248 [INFO]  Trial 7 of 260
2024-09-08 17:21:57,961 [INFO]  begin trial {"kind": "GraphTrial", "graph": [[4], [], [], [], [], [1, 10], [9, 2], [5, 1], [6, 0], [], [3]], "rewards": [-2, -3, 3, 4, 4, 0, -2, 4, null, -3, 0], "reward_info": {"-4": {"desc": "pattern_1", "image": "images[0]"}, "-3": {"desc": "pattern_2", "image": "images[1]"}, "-2": {"desc": "pattern_3", "image": "images[2]"}, "-1": {"desc": "pattern_4", "image": "images[3]"}, "0": {"desc": "pattern_5", "image": "images[4]"}, "1": {"desc": "pattern_6", "image": "images[5]"}, "2": {"desc": "pattern_7", "image": "images[6]"}, "3": {"desc": "pattern_8", "image": "images[7]"}, "4": {"desc": "pattern_9", "image": "images[8]"}}, "initial_stage": "planning", "hide_states": false, "hide_rewards_while_acting": false, "hide_edges_while_acting": false, "gaze_contingent": false, "gaze_tolerance": 1.5, "fixation_lag": 0.5, "start": 8}
2024-09-08 17:21:57,961 [INFO]  <eyetracking.EyeLink object at 0x16d719280>
2024-09-08 17:21:57,961 [DEBUG]  GraphTrial.log 533.326 begin drift_check 
2024-09-08 17:22:00,031 [DEBUG]  GraphTrial.log 535.395 initialize status = None
2024-09-08 17:22:00,031 [DEBUG]  GraphTrial.log 535.395 start recording 
2024-09-08 17:22:00,031 [INFO]  start_recording
2024-09-08 17:22:00,156 [DEBUG]  GraphTrial.log 535.520 show graph 
2024-09-08 17:22:00,164 [DEBUG]  STREAM b'IHDR' 16 13
2024-09-08 17:22:00,164 [DEBUG]  STREAM b'IDAT' 41 65536
2024-09-08 17:22:00,177 [DEBUG]  STREAM b'IHDR' 16 13
2024-09-08 17:22:00,177 [DEBUG]  STREAM b'IDAT' 41 65536
2024-09-08 17:22:00,186 [DEBUG]  STREAM b'IHDR' 16 13
2024-09-08 17:22:00,187 [DEBUG]  STREAM b'IDAT' 41 65536
2024-09-08 17:22:00,195 [DEBUG]  STREAM b'IHDR' 16 13
2024-09-08 17:22:00,195 [DEBUG]  STREAM b'IDAT' 41 65536
2024-09-08 17:22:00,204 [DEBUG]  STREAM b'IHDR' 16 13
2024-09-08 17:22:00,204 [DEBUG]  STREAM b'IDAT' 41 65536
2024-09-08 17:22:00,211 [DEBUG]  STREAM b'IHDR' 16 13
2024-09-08 17:22:00,211 [DEBUG]  STREAM b'IDAT' 41 65536
2024-09-08 17:22:00,216 [DEBUG]  STREAM b'IHDR' 16 13
2024-09-08 17:22:00,216 [DEBUG]  STREAM b'IDAT' 41 65536
2024-09-08 17:22:00,222 [DEBUG]  STREAM b'IHDR' 16 13
2024-09-08 17:22:00,222 [DEBUG]  STREAM b'IDAT' 41 65536
2024-09-08 17:22:00,229 [DEBUG]  STREAM b'IHDR' 16 13
2024-09-08 17:22:00,229 [DEBUG]  STREAM b'IDAT' 41 65536
2024-09-08 17:22:00,234 [DEBUG]  STREAM b'IHDR' 16 13
2024-09-08 17:22:00,234 [DEBUG]  STREAM b'IDAT' 41 65536
2024-09-08 17:22:00,239 [DEBUG]  STREAM b'IHDR' 16 13
2024-09-08 17:22:00,239 [DEBUG]  STREAM b'IDAT' 41 65536
2024-09-08 17:22:00,244 [DEBUG]  STREAM b'IHDR' 16 13
2024-09-08 17:22:00,244 [DEBUG]  STREAM b'IDAT' 41 65536
2024-09-08 17:22:00,250 [DEBUG]  STREAM b'IHDR' 16 13
2024-09-08 17:22:00,250 [DEBUG]  STREAM b'IDAT' 41 65536
2024-09-08 17:22:00,255 [DEBUG]  STREAM b'IHDR' 16 13
2024-09-08 17:22:00,255 [DEBUG]  STREAM b'IDAT' 41 65536
2024-09-08 17:22:00,260 [DEBUG]  STREAM b'IHDR' 16 13
2024-09-08 17:22:00,260 [DEBUG]  STREAM b'IDAT' 41 65536
2024-09-08 17:22:00,265 [DEBUG]  STREAM b'IHDR' 16 13
2024-09-08 17:22:00,265 [DEBUG]  STREAM b'IDAT' 41 65536
2024-09-08 17:22:00,270 [DEBUG]  STREAM b'IHDR' 16 13
2024-09-08 17:22:00,270 [DEBUG]  STREAM b'IDAT' 41 65536
2024-09-08 17:22:00,275 [DEBUG]  STREAM b'IHDR' 16 13
2024-09-08 17:22:00,275 [DEBUG]  STREAM b'IDAT' 41 65536
2024-09-08 17:22:00,279 [DEBUG]  STREAM b'IHDR' 16 13
2024-09-08 17:22:00,279 [DEBUG]  STREAM b'IDAT' 41 65536
2024-09-08 17:22:00,284 [DEBUG]  STREAM b'IHDR' 16 13
2024-09-08 17:22:00,284 [DEBUG]  STREAM b'IDAT' 41 65536
2024-09-08 17:22:00,290 [DEBUG]  STREAM b'IHDR' 16 13
2024-09-08 17:22:00,290 [DEBUG]  STREAM b'IDAT' 41 65536
2024-09-08 17:22:00,294 [DEBUG]  STREAM b'IHDR' 16 13
2024-09-08 17:22:00,294 [DEBUG]  STREAM b'IDAT' 41 65536
2024-09-08 17:22:00,298 [DEBUG]  STREAM b'IHDR' 16 13
2024-09-08 17:22:00,298 [DEBUG]  STREAM b'IDAT' 41 65536
2024-09-08 17:22:00,302 [DEBUG]  STREAM b'IHDR' 16 13
2024-09-08 17:22:00,302 [DEBUG]  STREAM b'IDAT' 41 65536
2024-09-08 17:22:00,308 [DEBUG]  STREAM b'IHDR' 16 13
2024-09-08 17:22:00,308 [DEBUG]  STREAM b'IDAT' 41 65536
2024-09-08 17:22:00,312 [DEBUG]  STREAM b'IHDR' 16 13
2024-09-08 17:22:00,312 [DEBUG]  STREAM b'IDAT' 41 65536
2024-09-08 17:22:00,316 [DEBUG]  STREAM b'IHDR' 16 13
2024-09-08 17:22:00,316 [DEBUG]  STREAM b'IDAT' 41 65536
2024-09-08 17:22:00,320 [DEBUG]  STREAM b'IHDR' 16 13
2024-09-08 17:22:00,320 [DEBUG]  STREAM b'IDAT' 41 65536
2024-09-08 17:22:00,325 [DEBUG]  STREAM b'IHDR' 16 13
2024-09-08 17:22:00,326 [DEBUG]  STREAM b'IDAT' 41 65536
2024-09-08 17:22:00,330 [DEBUG]  STREAM b'IHDR' 16 13
2024-09-08 17:22:00,330 [DEBUG]  STREAM b'IDAT' 41 65536
2024-09-08 17:22:00,335 [DEBUG]  STREAM b'IHDR' 16 13
2024-09-08 17:22:00,335 [DEBUG]  STREAM b'IDAT' 41 65536
2024-09-08 17:22:00,339 [DEBUG]  STREAM b'IHDR' 16 13
2024-09-08 17:22:00,339 [DEBUG]  STREAM b'IDAT' 41 65536
2024-09-08 17:22:00,346 [DEBUG]  STREAM b'IHDR' 16 13
2024-09-08 17:22:00,346 [DEBUG]  STREAM b'IDAT' 41 65536
2024-09-08 17:22:00,350 [DEBUG]  STREAM b'IHDR' 16 13
2024-09-08 17:22:00,350 [DEBUG]  STREAM b'IDAT' 41 65536
2024-09-08 17:22:00,354 [DEBUG]  STREAM b'IHDR' 16 13
2024-09-08 17:22:00,354 [DEBUG]  STREAM b'IDAT' 41 65536
2024-09-08 17:22:00,358 [DEBUG]  STREAM b'IHDR' 16 13
2024-09-08 17:22:00,358 [DEBUG]  STREAM b'IDAT' 41 65536
2024-09-08 17:22:00,364 [DEBUG]  STREAM b'IHDR' 16 13
2024-09-08 17:22:00,364 [DEBUG]  STREAM b'IDAT' 41 65536
2024-09-08 17:22:00,368 [DEBUG]  STREAM b'IHDR' 16 13
2024-09-08 17:22:00,368 [DEBUG]  STREAM b'IDAT' 41 65536
2024-09-08 17:22:00,372 [DEBUG]  STREAM b'IHDR' 16 13
2024-09-08 17:22:00,372 [DEBUG]  STREAM b'IDAT' 41 65536
2024-09-08 17:22:00,376 [DEBUG]  STREAM b'IHDR' 16 13
2024-09-08 17:22:00,376 [DEBUG]  STREAM b'IDAT' 41 65536
2024-09-08 17:22:00,386 [DEBUG]  GraphTrial.log 535.750 visit state = 8
2024-09-08 17:22:00,391 [DEBUG]  GraphTrial.log 535.756 start flip_time = 535.7557500000112
2024-09-08 17:22:00,398 [DEBUG]  GraphTrial.log 535.762 get move selected = 6
2024-09-08 17:22:08,706 [DEBUG]  GraphTrial.log 544.070 select selected = 6
2024-09-08 17:22:08,707 [DEBUG]  GraphTrial.log 544.071 visit state = 6
2024-09-08 17:22:08,724 [DEBUG]  GraphTrial.log 544.088 get move selected = 2
2024-09-08 17:22:10,449 [DEBUG]  GraphTrial.log 545.813 select selected = 2
2024-09-08 17:22:10,449 [DEBUG]  GraphTrial.log 545.813 visit state = 2
2024-09-08 17:22:12,298 [DEBUG]  GraphTrial.log 547.662 done 
2024-09-08 17:22:12,298 [INFO]  end trial [{"time": 533.325704791816, "event": "begin drift_check"}, {"time": 535.3950149999, "event": "initialize", "status": null}, {"time": 535.3953634167556, "event": "start recording"}, {"time": 535.5203688335605, "event": "show graph"}, {"time": 535.7504033334553, "event": "visit", "state": 8}, {"time": 535.7557637086138, "event": "start", "flip_time": 535.7557500000112}, {"time": 535.7624868336134, "event": "get move", "selected": 6}, {"time": 544.0699280835688, "event": "select", "selected": 6}, {"time": 544.0708886666689, "event": "visit", "state": 6}, {"time": 544.0878089584876, "event": "get move", "selected": 2}, {"time": 545.813409750117, "event": "select", "selected": 2}, {"time": 545.813484666869, "event": "visit", "state": 2}, {"time": 547.6623197500594, "event": "done"}]
2024-09-08 17:22:12,298 [INFO]  stop_recording
2024-09-08 17:22:12,314 [INFO]  gt.status is None
2024-09-08 17:22:12,314 [DEBUG]  add bonus points 1 (total = 74)
2024-09-08 17:22:12,314 [INFO]  Trial 8 of 260
2024-09-08 17:22:12,562 [INFO]  begin trial {"kind": "GraphTrial", "graph": [[6, 10], [], [], [], [], [4, 2], [10, 1], [5, 8], [3, 9], [], []], "rewards": [2, 3, -4, 1, -1, -1, -2, null, 1, 0, 1], "reward_info": {"-4": {"desc": "pattern_1", "image": "images[0]"}, "-3": {"desc": "pattern_2", "image": "images[1]"}, "-2": {"desc": "pattern_3", "image": "images[2]"}, "-1": {"desc": "pattern_4", "image": "images[3]"}, "0": {"desc": "pattern_5", "image": "images[4]"}, "1": {"desc": "pattern_6", "image": "images[5]"}, "2": {"desc": "pattern_7", "image": "images[6]"}, "3": {"desc": "pattern_8", "image": "images[7]"}, "4": {"desc": "pattern_9", "image": "images[8]"}}, "initial_stage": "planning", "hide_states": false, "hide_rewards_while_acting": false, "hide_edges_while_acting": false, "gaze_contingent": false, "gaze_tolerance": 1.5, "fixation_lag": 0.5, "start": 7}
2024-09-08 17:22:12,562 [INFO]  <eyetracking.EyeLink object at 0x16d719280>
2024-09-08 17:22:12,562 [DEBUG]  GraphTrial.log 547.926 begin drift_check 
2024-09-08 17:22:14,714 [DEBUG]  GraphTrial.log 550.078 initialize status = None
2024-09-08 17:22:14,714 [DEBUG]  GraphTrial.log 550.079 start recording 
2024-09-08 17:22:14,715 [INFO]  start_recording
2024-09-08 17:22:14,840 [DEBUG]  GraphTrial.log 550.205 show graph 
2024-09-08 17:22:14,850 [DEBUG]  STREAM b'IHDR' 16 13
2024-09-08 17:22:14,851 [DEBUG]  STREAM b'IDAT' 41 65536
2024-09-08 17:22:14,864 [DEBUG]  STREAM b'IHDR' 16 13
2024-09-08 17:22:14,864 [DEBUG]  STREAM b'IDAT' 41 65536
2024-09-08 17:22:14,874 [DEBUG]  STREAM b'IHDR' 16 13
2024-09-08 17:22:14,874 [DEBUG]  STREAM b'IDAT' 41 65536
2024-09-08 17:22:14,882 [DEBUG]  STREAM b'IHDR' 16 13
2024-09-08 17:22:14,882 [DEBUG]  STREAM b'IDAT' 41 65536
2024-09-08 17:22:14,892 [DEBUG]  STREAM b'IHDR' 16 13
2024-09-08 17:22:14,892 [DEBUG]  STREAM b'IDAT' 41 65536
2024-09-08 17:22:14,900 [DEBUG]  STREAM b'IHDR' 16 13
2024-09-08 17:22:14,900 [DEBUG]  STREAM b'IDAT' 41 65536
2024-09-08 17:22:14,906 [DEBUG]  STREAM b'IHDR' 16 13
2024-09-08 17:22:14,906 [DEBUG]  STREAM b'IDAT' 41 65536
2024-09-08 17:22:14,911 [DEBUG]  STREAM b'IHDR' 16 13
2024-09-08 17:22:14,911 [DEBUG]  STREAM b'IDAT' 41 65536
2024-09-08 17:22:14,919 [DEBUG]  STREAM b'IHDR' 16 13
2024-09-08 17:22:14,919 [DEBUG]  STREAM b'IDAT' 41 65536
2024-09-08 17:22:14,924 [DEBUG]  STREAM b'IHDR' 16 13
2024-09-08 17:22:14,924 [DEBUG]  STREAM b'IDAT' 41 65536
2024-09-08 17:22:14,929 [DEBUG]  STREAM b'IHDR' 16 13
2024-09-08 17:22:14,929 [DEBUG]  STREAM b'IDAT' 41 65536
2024-09-08 17:22:14,933 [DEBUG]  STREAM b'IHDR' 16 13
2024-09-08 17:22:14,933 [DEBUG]  STREAM b'IDAT' 41 65536
2024-09-08 17:22:14,939 [DEBUG]  STREAM b'IHDR' 16 13
2024-09-08 17:22:14,939 [DEBUG]  STREAM b'IDAT' 41 65536
2024-09-08 17:22:14,944 [DEBUG]  STREAM b'IHDR' 16 13
2024-09-08 17:22:14,944 [DEBUG]  STREAM b'IDAT' 41 65536
2024-09-08 17:22:14,948 [DEBUG]  STREAM b'IHDR' 16 13
2024-09-08 17:22:14,948 [DEBUG]  STREAM b'IDAT' 41 65536
2024-09-08 17:22:14,952 [DEBUG]  STREAM b'IHDR' 16 13
2024-09-08 17:22:14,952 [DEBUG]  STREAM b'IDAT' 41 65536
2024-09-08 17:22:14,957 [DEBUG]  STREAM b'IHDR' 16 13
2024-09-08 17:22:14,957 [DEBUG]  STREAM b'IDAT' 41 65536
2024-09-08 17:22:14,962 [DEBUG]  STREAM b'IHDR' 16 13
2024-09-08 17:22:14,962 [DEBUG]  STREAM b'IDAT' 41 65536
2024-09-08 17:22:14,966 [DEBUG]  STREAM b'IHDR' 16 13
2024-09-08 17:22:14,966 [DEBUG]  STREAM b'IDAT' 41 65536
2024-09-08 17:22:14,970 [DEBUG]  STREAM b'IHDR' 16 13
2024-09-08 17:22:14,970 [DEBUG]  STREAM b'IDAT' 41 65536
2024-09-08 17:22:14,975 [DEBUG]  STREAM b'IHDR' 16 13
2024-09-08 17:22:14,975 [DEBUG]  STREAM b'IDAT' 41 65536
2024-09-08 17:22:14,979 [DEBUG]  STREAM b'IHDR' 16 13
2024-09-08 17:22:14,979 [DEBUG]  STREAM b'IDAT' 41 65536
2024-09-08 17:22:14,983 [DEBUG]  STREAM b'IHDR' 16 13
2024-09-08 17:22:14,983 [DEBUG]  STREAM b'IDAT' 41 65536
2024-09-08 17:22:14,987 [DEBUG]  STREAM b'IHDR' 16 13
2024-09-08 17:22:14,987 [DEBUG]  STREAM b'IDAT' 41 65536
2024-09-08 17:22:14,993 [DEBUG]  STREAM b'IHDR' 16 13
2024-09-08 17:22:14,993 [DEBUG]  STREAM b'IDAT' 41 65536
2024-09-08 17:22:14,997 [DEBUG]  STREAM b'IHDR' 16 13
2024-09-08 17:22:14,997 [DEBUG]  STREAM b'IDAT' 41 65536
2024-09-08 17:22:15,001 [DEBUG]  STREAM b'IHDR' 16 13
2024-09-08 17:22:15,001 [DEBUG]  STREAM b'IDAT' 41 65536
2024-09-08 17:22:15,005 [DEBUG]  STREAM b'IHDR' 16 13
2024-09-08 17:22:15,006 [DEBUG]  STREAM b'IDAT' 41 65536
2024-09-08 17:22:15,012 [DEBUG]  STREAM b'IHDR' 16 13
2024-09-08 17:22:15,012 [DEBUG]  STREAM b'IDAT' 41 65536
2024-09-08 17:22:15,016 [DEBUG]  STREAM b'IHDR' 16 13
2024-09-08 17:22:15,016 [DEBUG]  STREAM b'IDAT' 41 65536
2024-09-08 17:22:15,020 [DEBUG]  STREAM b'IHDR' 16 13
2024-09-08 17:22:15,020 [DEBUG]  STREAM b'IDAT' 41 65536
2024-09-08 17:22:15,024 [DEBUG]  STREAM b'IHDR' 16 13
2024-09-08 17:22:15,025 [DEBUG]  STREAM b'IDAT' 41 65536
2024-09-08 17:22:15,030 [DEBUG]  STREAM b'IHDR' 16 13
2024-09-08 17:22:15,030 [DEBUG]  STREAM b'IDAT' 41 65536
2024-09-08 17:22:15,034 [DEBUG]  STREAM b'IHDR' 16 13
2024-09-08 17:22:15,034 [DEBUG]  STREAM b'IDAT' 41 65536
2024-09-08 17:22:15,039 [DEBUG]  STREAM b'IHDR' 16 13
2024-09-08 17:22:15,039 [DEBUG]  STREAM b'IDAT' 41 65536
2024-09-08 17:22:15,043 [DEBUG]  STREAM b'IHDR' 16 13
2024-09-08 17:22:15,043 [DEBUG]  STREAM b'IDAT' 41 65536
2024-09-08 17:22:15,048 [DEBUG]  STREAM b'IHDR' 16 13
2024-09-08 17:22:15,048 [DEBUG]  STREAM b'IDAT' 41 65536
2024-09-08 17:22:15,052 [DEBUG]  STREAM b'IHDR' 16 13
2024-09-08 17:22:15,052 [DEBUG]  STREAM b'IDAT' 41 65536
2024-09-08 17:22:15,057 [DEBUG]  STREAM b'IHDR' 16 13
2024-09-08 17:22:15,057 [DEBUG]  STREAM b'IDAT' 41 65536
2024-09-08 17:22:15,061 [DEBUG]  STREAM b'IHDR' 16 13
2024-09-08 17:22:15,061 [DEBUG]  STREAM b'IDAT' 41 65536
2024-09-08 17:22:15,071 [DEBUG]  GraphTrial.log 550.435 visit state = 7
2024-09-08 17:22:15,076 [DEBUG]  GraphTrial.log 550.440 start flip_time = 550.4404396249447
2024-09-08 17:22:15,081 [DEBUG]  GraphTrial.log 550.445 get move selected = 5
2024-09-08 17:22:18,593 [DEBUG]  GraphTrial.log 553.958 select selected = 5
2024-09-08 17:22:18,593 [DEBUG]  GraphTrial.log 553.958 visit state = 5
2024-09-08 17:22:18,613 [DEBUG]  GraphTrial.log 553.977 get move selected = 4
2024-09-08 17:22:19,065 [DEBUG]  GraphTrial.log 554.429 select selected = 4
2024-09-08 17:22:19,065 [DEBUG]  GraphTrial.log 554.429 visit state = 4
2024-09-08 17:22:20,931 [DEBUG]  GraphTrial.log 556.295 done 
2024-09-08 17:22:20,931 [INFO]  end trial [{"time": 547.926026083529, "event": "begin drift_check"}, {"time": 550.0783752501011, "event": "initialize", "status": null}, {"time": 550.0786636250559, "event": "start recording"}, {"time": 550.2046487918124, "event": "show graph"}, {"time": 550.4351492917631, "event": "visit", "state": 7}, {"time": 550.4404567501042, "event": "start", "flip_time": 550.4404396249447}, {"time": 550.44515745854, "event": "get move", "selected": 5}, {"time": 553.9576613749377, "event": "select", "selected": 5}, {"time": 553.9577432500664, "event": "visit", "state": 5}, {"time": 553.9769823334645, "event": "get move", "selected": 4}, {"time": 554.4291963335127, "event": "select", "selected": 4}, {"time": 554.4292671666481, "event": "visit", "state": 4}, {"time": 556.295394500019, "event": "done"}]
2024-09-08 17:22:20,931 [INFO]  stop_recording
2024-09-08 17:22:20,948 [INFO]  gt.status is None
2024-09-08 17:22:20,948 [DEBUG]  add bonus points -2 (total = 72)
2024-09-08 17:22:20,948 [INFO]  Trial 9 of 260
2024-09-08 17:22:21,665 [INFO]  begin trial {"kind": "GraphTrial", "graph": [[10, 2], [3, 5], [8], [9, 6], [0, 10], [7], [], [], [], [], []], "rewards": [-2, null, 4, 1, -1, -3, 4, -2, 3, -2, 4], "reward_info": {"-4": {"desc": "pattern_1", "image": "images[0]"}, "-3": {"desc": "pattern_2", "image": "images[1]"}, "-2": {"desc": "pattern_3", "image": "images[2]"}, "-1": {"desc": "pattern_4", "image": "images[3]"}, "0": {"desc": "pattern_5", "image": "images[4]"}, "1": {"desc": "pattern_6", "image": "images[5]"}, "2": {"desc": "pattern_7", "image": "images[6]"}, "3": {"desc": "pattern_8", "image": "images[7]"}, "4": {"desc": "pattern_9", "image": "images[8]"}}, "initial_stage": "planning", "hide_states": false, "hide_rewards_while_acting": false, "hide_edges_while_acting": false, "gaze_contingent": false, "gaze_tolerance": 1.5, "fixation_lag": 0.5, "start": 1}
2024-09-08 17:22:21,665 [INFO]  <eyetracking.EyeLink object at 0x16d719280>
2024-09-08 17:22:21,665 [DEBUG]  GraphTrial.log 557.030 begin drift_check 
2024-09-08 17:22:24,197 [DEBUG]  GraphTrial.log 559.562 initialize status = None
2024-09-08 17:22:24,198 [DEBUG]  GraphTrial.log 559.562 start recording 
2024-09-08 17:22:24,198 [INFO]  start_recording
2024-09-08 17:22:24,324 [DEBUG]  GraphTrial.log 559.688 show graph 
2024-09-08 17:22:24,333 [DEBUG]  STREAM b'IHDR' 16 13
2024-09-08 17:22:24,333 [DEBUG]  STREAM b'IDAT' 41 65536
2024-09-08 17:22:24,345 [DEBUG]  STREAM b'IHDR' 16 13
2024-09-08 17:22:24,346 [DEBUG]  STREAM b'IDAT' 41 65536
2024-09-08 17:22:24,355 [DEBUG]  STREAM b'IHDR' 16 13
2024-09-08 17:22:24,355 [DEBUG]  STREAM b'IDAT' 41 65536
2024-09-08 17:22:24,364 [DEBUG]  STREAM b'IHDR' 16 13
2024-09-08 17:22:24,364 [DEBUG]  STREAM b'IDAT' 41 65536
2024-09-08 17:22:24,376 [DEBUG]  STREAM b'IHDR' 16 13
2024-09-08 17:22:24,376 [DEBUG]  STREAM b'IDAT' 41 65536
2024-09-08 17:22:24,383 [DEBUG]  STREAM b'IHDR' 16 13
2024-09-08 17:22:24,383 [DEBUG]  STREAM b'IDAT' 41 65536
2024-09-08 17:22:24,389 [DEBUG]  STREAM b'IHDR' 16 13
2024-09-08 17:22:24,389 [DEBUG]  STREAM b'IDAT' 41 65536
2024-09-08 17:22:24,395 [DEBUG]  STREAM b'IHDR' 16 13
2024-09-08 17:22:24,395 [DEBUG]  STREAM b'IDAT' 41 65536
2024-09-08 17:22:24,402 [DEBUG]  STREAM b'IHDR' 16 13
2024-09-08 17:22:24,402 [DEBUG]  STREAM b'IDAT' 41 65536
2024-09-08 17:22:24,407 [DEBUG]  STREAM b'IHDR' 16 13
2024-09-08 17:22:24,407 [DEBUG]  STREAM b'IDAT' 41 65536
2024-09-08 17:22:24,411 [DEBUG]  STREAM b'IHDR' 16 13
2024-09-08 17:22:24,411 [DEBUG]  STREAM b'IDAT' 41 65536
2024-09-08 17:22:24,416 [DEBUG]  STREAM b'IHDR' 16 13
2024-09-08 17:22:24,416 [DEBUG]  STREAM b'IDAT' 41 65536
2024-09-08 17:22:24,422 [DEBUG]  STREAM b'IHDR' 16 13
2024-09-08 17:22:24,422 [DEBUG]  STREAM b'IDAT' 41 65536
2024-09-08 17:22:24,426 [DEBUG]  STREAM b'IHDR' 16 13
2024-09-08 17:22:24,426 [DEBUG]  STREAM b'IDAT' 41 65536
2024-09-08 17:22:24,430 [DEBUG]  STREAM b'IHDR' 16 13
2024-09-08 17:22:24,430 [DEBUG]  STREAM b'IDAT' 41 65536
2024-09-08 17:22:24,434 [DEBUG]  STREAM b'IHDR' 16 13
2024-09-08 17:22:24,434 [DEBUG]  STREAM b'IDAT' 41 65536
2024-09-08 17:22:24,440 [DEBUG]  STREAM b'IHDR' 16 13
2024-09-08 17:22:24,440 [DEBUG]  STREAM b'IDAT' 41 65536
2024-09-08 17:22:24,445 [DEBUG]  STREAM b'IHDR' 16 13
2024-09-08 17:22:24,445 [DEBUG]  STREAM b'IDAT' 41 65536
2024-09-08 17:22:24,449 [DEBUG]  STREAM b'IHDR' 16 13
2024-09-08 17:22:24,449 [DEBUG]  STREAM b'IDAT' 41 65536
2024-09-08 17:22:24,453 [DEBUG]  STREAM b'IHDR' 16 13
2024-09-08 17:22:24,453 [DEBUG]  STREAM b'IDAT' 41 65536
2024-09-08 17:22:24,459 [DEBUG]  STREAM b'IHDR' 16 13
2024-09-08 17:22:24,459 [DEBUG]  STREAM b'IDAT' 41 65536
2024-09-08 17:22:24,463 [DEBUG]  STREAM b'IHDR' 16 13
2024-09-08 17:22:24,463 [DEBUG]  STREAM b'IDAT' 41 65536
2024-09-08 17:22:24,468 [DEBUG]  STREAM b'IHDR' 16 13
2024-09-08 17:22:24,468 [DEBUG]  STREAM b'IDAT' 41 65536
2024-09-08 17:22:24,472 [DEBUG]  STREAM b'IHDR' 16 13
2024-09-08 17:22:24,472 [DEBUG]  STREAM b'IDAT' 41 65536
2024-09-08 17:22:24,478 [DEBUG]  STREAM b'IHDR' 16 13
2024-09-08 17:22:24,478 [DEBUG]  STREAM b'IDAT' 41 65536
2024-09-08 17:22:24,482 [DEBUG]  STREAM b'IHDR' 16 13
2024-09-08 17:22:24,482 [DEBUG]  STREAM b'IDAT' 41 65536
2024-09-08 17:22:24,486 [DEBUG]  STREAM b'IHDR' 16 13
2024-09-08 17:22:24,486 [DEBUG]  STREAM b'IDAT' 41 65536
2024-09-08 17:22:24,490 [DEBUG]  STREAM b'IHDR' 16 13
2024-09-08 17:22:24,490 [DEBUG]  STREAM b'IDAT' 41 65536
2024-09-08 17:22:24,496 [DEBUG]  STREAM b'IHDR' 16 13
2024-09-08 17:22:24,496 [DEBUG]  STREAM b'IDAT' 41 65536
2024-09-08 17:22:24,500 [DEBUG]  STREAM b'IHDR' 16 13
2024-09-08 17:22:24,500 [DEBUG]  STREAM b'IDAT' 41 65536
2024-09-08 17:22:24,505 [DEBUG]  STREAM b'IHDR' 16 13
2024-09-08 17:22:24,505 [DEBUG]  STREAM b'IDAT' 41 65536
2024-09-08 17:22:24,509 [DEBUG]  STREAM b'IHDR' 16 13
2024-09-08 17:22:24,509 [DEBUG]  STREAM b'IDAT' 41 65536
2024-09-08 17:22:24,515 [DEBUG]  STREAM b'IHDR' 16 13
2024-09-08 17:22:24,515 [DEBUG]  STREAM b'IDAT' 41 65536
2024-09-08 17:22:24,519 [DEBUG]  STREAM b'IHDR' 16 13
2024-09-08 17:22:24,519 [DEBUG]  STREAM b'IDAT' 41 65536
2024-09-08 17:22:24,523 [DEBUG]  STREAM b'IHDR' 16 13
2024-09-08 17:22:24,523 [DEBUG]  STREAM b'IDAT' 41 65536
2024-09-08 17:22:24,527 [DEBUG]  STREAM b'IHDR' 16 13
2024-09-08 17:22:24,527 [DEBUG]  STREAM b'IDAT' 41 65536
2024-09-08 17:22:24,533 [DEBUG]  STREAM b'IHDR' 16 13
2024-09-08 17:22:24,533 [DEBUG]  STREAM b'IDAT' 41 65536
2024-09-08 17:22:24,537 [DEBUG]  STREAM b'IHDR' 16 13
2024-09-08 17:22:24,537 [DEBUG]  STREAM b'IDAT' 41 65536
2024-09-08 17:22:24,542 [DEBUG]  STREAM b'IHDR' 16 13
2024-09-08 17:22:24,542 [DEBUG]  STREAM b'IDAT' 41 65536
2024-09-08 17:22:24,546 [DEBUG]  STREAM b'IHDR' 16 13
2024-09-08 17:22:24,546 [DEBUG]  STREAM b'IDAT' 41 65536
2024-09-08 17:22:24,556 [DEBUG]  GraphTrial.log 559.920 visit state = 1
2024-09-08 17:22:24,561 [DEBUG]  GraphTrial.log 559.926 start flip_time = 559.9255278334022
2024-09-08 17:22:24,566 [DEBUG]  GraphTrial.log 559.930 get move selected = 5
2024-09-08 17:22:28,762 [DEBUG]  GraphTrial.log 564.126 switch selected = 3
2024-09-08 17:22:30,233 [DEBUG]  GraphTrial.log 565.597 select selected = 3
2024-09-08 17:22:30,233 [DEBUG]  GraphTrial.log 565.598 visit state = 3
2024-09-08 17:22:30,244 [DEBUG]  GraphTrial.log 565.608 get move selected = 9
2024-09-08 17:22:30,617 [DEBUG]  GraphTrial.log 565.982 switch selected = 6
2024-09-08 17:22:30,865 [DEBUG]  GraphTrial.log 566.229 select selected = 6
2024-09-08 17:22:30,865 [DEBUG]  GraphTrial.log 566.229 visit state = 6
2024-09-08 17:22:32,731 [DEBUG]  GraphTrial.log 568.096 done 
2024-09-08 17:22:32,732 [INFO]  end trial [{"time": 557.0296205000486, "event": "begin drift_check"}, {"time": 559.5616904166527, "event": "initialize", "status": null}, {"time": 559.5619035416748, "event": "start recording"}, {"time": 559.6883579166606, "event": "show graph"}, {"time": 559.9204669585451, "event": "visit", "state": 1}, {"time": 559.9255451667123, "event": "start", "flip_time": 559.9255278334022}, {"time": 559.9302411249373, "event": "get move", "selected": 5}, {"time": 564.1261606668122, "event": "switch", "selected": 3}, {"time": 565.5974627917167, "event": "select", "selected": 3}, {"time": 565.5975414167624, "event": "visit", "state": 3}, {"time": 565.6082583749667, "event": "get move", "selected": 9}, {"time": 565.9816405836027, "event": "switch", "selected": 6}, {"time": 566.2289621250238, "event": "select", "selected": 6}, {"time": 566.2290379167534, "event": "visit", "state": 6}, {"time": 568.0955663335044, "event": "done"}]
2024-09-08 17:22:32,732 [INFO]  stop_recording
2024-09-08 17:22:32,757 [INFO]  gt.status is None
2024-09-08 17:22:32,757 [DEBUG]  add bonus points 5 (total = 77)
2024-09-08 17:22:32,757 [INFO]  Trial 10 of 260
2024-09-08 17:22:33,009 [INFO]  begin trial {"kind": "GraphTrial", "graph": [[8, 7], [0, 8], [6, 9], [], [10, 3], [4, 2], [], [], [], [], []], "rewards": [2, 2, 4, -3, -2, null, 1, -3, -4, -4, -2], "reward_info": {"-4": {"desc": "pattern_1", "image": "images[0]"}, "-3": {"desc": "pattern_2", "image": "images[1]"}, "-2": {"desc": "pattern_3", "image": "images[2]"}, "-1": {"desc": "pattern_4", "image": "images[3]"}, "0": {"desc": "pattern_5", "image": "images[4]"}, "1": {"desc": "pattern_6", "image": "images[5]"}, "2": {"desc": "pattern_7", "image": "images[6]"}, "3": {"desc": "pattern_8", "image": "images[7]"}, "4": {"desc": "pattern_9", "image": "images[8]"}}, "initial_stage": "planning", "hide_states": false, "hide_rewards_while_acting": false, "hide_edges_while_acting": false, "gaze_contingent": false, "gaze_tolerance": 1.5, "fixation_lag": 0.5, "start": 5}
2024-09-08 17:22:33,009 [INFO]  <eyetracking.EyeLink object at 0x16d719280>
2024-09-08 17:22:33,010 [DEBUG]  GraphTrial.log 568.374 begin drift_check 
2024-09-08 17:22:35,580 [DEBUG]  GraphTrial.log 570.944 initialize status = None
2024-09-08 17:22:35,580 [DEBUG]  GraphTrial.log 570.944 start recording 
2024-09-08 17:22:35,580 [INFO]  start_recording
2024-09-08 17:22:35,705 [DEBUG]  GraphTrial.log 571.069 show graph 
2024-09-08 17:22:35,712 [DEBUG]  STREAM b'IHDR' 16 13
2024-09-08 17:22:35,713 [DEBUG]  STREAM b'IDAT' 41 65536
2024-09-08 17:22:35,726 [DEBUG]  STREAM b'IHDR' 16 13
2024-09-08 17:22:35,726 [DEBUG]  STREAM b'IDAT' 41 65536
2024-09-08 17:22:35,736 [DEBUG]  STREAM b'IHDR' 16 13
2024-09-08 17:22:35,736 [DEBUG]  STREAM b'IDAT' 41 65536
2024-09-08 17:22:35,744 [DEBUG]  STREAM b'IHDR' 16 13
2024-09-08 17:22:35,744 [DEBUG]  STREAM b'IDAT' 41 65536
2024-09-08 17:22:35,754 [DEBUG]  STREAM b'IHDR' 16 13
2024-09-08 17:22:35,754 [DEBUG]  STREAM b'IDAT' 41 65536
2024-09-08 17:22:35,761 [DEBUG]  STREAM b'IHDR' 16 13
2024-09-08 17:22:35,761 [DEBUG]  STREAM b'IDAT' 41 65536
2024-09-08 17:22:35,767 [DEBUG]  STREAM b'IHDR' 16 13
2024-09-08 17:22:35,767 [DEBUG]  STREAM b'IDAT' 41 65536
2024-09-08 17:22:35,772 [DEBUG]  STREAM b'IHDR' 16 13
2024-09-08 17:22:35,772 [DEBUG]  STREAM b'IDAT' 41 65536
2024-09-08 17:22:35,779 [DEBUG]  STREAM b'IHDR' 16 13
2024-09-08 17:22:35,779 [DEBUG]  STREAM b'IDAT' 41 65536
2024-09-08 17:22:35,785 [DEBUG]  STREAM b'IHDR' 16 13
2024-09-08 17:22:35,785 [DEBUG]  STREAM b'IDAT' 41 65536
2024-09-08 17:22:35,790 [DEBUG]  STREAM b'IHDR' 16 13
2024-09-08 17:22:35,790 [DEBUG]  STREAM b'IDAT' 41 65536
2024-09-08 17:22:35,795 [DEBUG]  STREAM b'IHDR' 16 13
2024-09-08 17:22:35,795 [DEBUG]  STREAM b'IDAT' 41 65536
2024-09-08 17:22:35,801 [DEBUG]  STREAM b'IHDR' 16 13
2024-09-08 17:22:35,801 [DEBUG]  STREAM b'IDAT' 41 65536
2024-09-08 17:22:35,805 [DEBUG]  STREAM b'IHDR' 16 13
2024-09-08 17:22:35,805 [DEBUG]  STREAM b'IDAT' 41 65536
2024-09-08 17:22:35,810 [DEBUG]  STREAM b'IHDR' 16 13
2024-09-08 17:22:35,810 [DEBUG]  STREAM b'IDAT' 41 65536
2024-09-08 17:22:35,814 [DEBUG]  STREAM b'IHDR' 16 13
2024-09-08 17:22:35,814 [DEBUG]  STREAM b'IDAT' 41 65536
2024-09-08 17:22:35,819 [DEBUG]  STREAM b'IHDR' 16 13
2024-09-08 17:22:35,819 [DEBUG]  STREAM b'IDAT' 41 65536
2024-09-08 17:22:35,824 [DEBUG]  STREAM b'IHDR' 16 13
2024-09-08 17:22:35,824 [DEBUG]  STREAM b'IDAT' 41 65536
2024-09-08 17:22:35,828 [DEBUG]  STREAM b'IHDR' 16 13
2024-09-08 17:22:35,828 [DEBUG]  STREAM b'IDAT' 41 65536
2024-09-08 17:22:35,832 [DEBUG]  STREAM b'IHDR' 16 13
2024-09-08 17:22:35,832 [DEBUG]  STREAM b'IDAT' 41 65536
2024-09-08 17:22:35,838 [DEBUG]  STREAM b'IHDR' 16 13
2024-09-08 17:22:35,838 [DEBUG]  STREAM b'IDAT' 41 65536
2024-09-08 17:22:35,842 [DEBUG]  STREAM b'IHDR' 16 13
2024-09-08 17:22:35,842 [DEBUG]  STREAM b'IDAT' 41 65536
2024-09-08 17:22:35,846 [DEBUG]  STREAM b'IHDR' 16 13
2024-09-08 17:22:35,847 [DEBUG]  STREAM b'IDAT' 41 65536
2024-09-08 17:22:35,851 [DEBUG]  STREAM b'IHDR' 16 13
2024-09-08 17:22:35,851 [DEBUG]  STREAM b'IDAT' 41 65536
2024-09-08 17:22:35,856 [DEBUG]  STREAM b'IHDR' 16 13
2024-09-08 17:22:35,856 [DEBUG]  STREAM b'IDAT' 41 65536
2024-09-08 17:22:35,860 [DEBUG]  STREAM b'IHDR' 16 13
2024-09-08 17:22:35,860 [DEBUG]  STREAM b'IDAT' 41 65536
2024-09-08 17:22:35,864 [DEBUG]  STREAM b'IHDR' 16 13
2024-09-08 17:22:35,864 [DEBUG]  STREAM b'IDAT' 41 65536
2024-09-08 17:22:35,868 [DEBUG]  STREAM b'IHDR' 16 13
2024-09-08 17:22:35,868 [DEBUG]  STREAM b'IDAT' 41 65536
2024-09-08 17:22:35,874 [DEBUG]  STREAM b'IHDR' 16 13
2024-09-08 17:22:35,874 [DEBUG]  STREAM b'IDAT' 41 65536
2024-09-08 17:22:35,878 [DEBUG]  STREAM b'IHDR' 16 13
2024-09-08 17:22:35,878 [DEBUG]  STREAM b'IDAT' 41 65536
2024-09-08 17:22:35,882 [DEBUG]  STREAM b'IHDR' 16 13
2024-09-08 17:22:35,882 [DEBUG]  STREAM b'IDAT' 41 65536
2024-09-08 17:22:35,887 [DEBUG]  STREAM b'IHDR' 16 13
2024-09-08 17:22:35,887 [DEBUG]  STREAM b'IDAT' 41 65536
2024-09-08 17:22:35,892 [DEBUG]  STREAM b'IHDR' 16 13
2024-09-08 17:22:35,892 [DEBUG]  STREAM b'IDAT' 41 65536
2024-09-08 17:22:35,897 [DEBUG]  STREAM b'IHDR' 16 13
2024-09-08 17:22:35,897 [DEBUG]  STREAM b'IDAT' 41 65536
2024-09-08 17:22:35,901 [DEBUG]  STREAM b'IHDR' 16 13
2024-09-08 17:22:35,901 [DEBUG]  STREAM b'IDAT' 41 65536
2024-09-08 17:22:35,905 [DEBUG]  STREAM b'IHDR' 16 13
2024-09-08 17:22:35,905 [DEBUG]  STREAM b'IDAT' 41 65536
2024-09-08 17:22:35,911 [DEBUG]  STREAM b'IHDR' 16 13
2024-09-08 17:22:35,911 [DEBUG]  STREAM b'IDAT' 41 65536
2024-09-08 17:22:35,915 [DEBUG]  STREAM b'IHDR' 16 13
2024-09-08 17:22:35,915 [DEBUG]  STREAM b'IDAT' 41 65536
2024-09-08 17:22:35,919 [DEBUG]  STREAM b'IHDR' 16 13
2024-09-08 17:22:35,919 [DEBUG]  STREAM b'IDAT' 41 65536
2024-09-08 17:22:35,923 [DEBUG]  STREAM b'IHDR' 16 13
2024-09-08 17:22:35,923 [DEBUG]  STREAM b'IDAT' 41 65536
2024-09-08 17:22:35,933 [DEBUG]  GraphTrial.log 571.297 visit state = 5
2024-09-08 17:22:35,939 [DEBUG]  GraphTrial.log 571.303 start flip_time = 571.302688166732
2024-09-08 17:22:35,943 [DEBUG]  GraphTrial.log 571.307 get move selected = 2
2024-09-08 17:22:42,914 [DEBUG]  GraphTrial.log 578.278 select selected = 2
2024-09-08 17:22:42,914 [DEBUG]  GraphTrial.log 578.278 visit state = 2
2024-09-08 17:22:42,925 [DEBUG]  GraphTrial.log 578.289 get move selected = 6
2024-09-08 17:22:43,417 [DEBUG]  GraphTrial.log 578.781 select selected = 6
2024-09-08 17:22:43,417 [DEBUG]  GraphTrial.log 578.782 visit state = 6
2024-09-08 17:22:45,248 [DEBUG]  GraphTrial.log 580.612 done 
2024-09-08 17:22:45,248 [INFO]  end trial [{"time": 568.3736995835789, "event": "begin drift_check"}, {"time": 570.9440995000768, "event": "initialize", "status": null}, {"time": 570.9442974585108, "event": "start recording"}, {"time": 571.0688615418039, "event": "show graph"}, {"time": 571.2973269585054, "event": "visit", "state": 5}, {"time": 571.3027020418085, "event": "start", "flip_time": 571.302688166732}, {"time": 571.307307541836, "event": "get move", "selected": 2}, {"time": 578.2778154166881, "event": "select", "selected": 2}, {"time": 578.2778881250415, "event": "visit", "state": 2}, {"time": 578.2886715000495, "event": "get move", "selected": 6}, {"time": 578.7814666668419, "event": "select", "selected": 6}, {"time": 578.7815359167289, "event": "visit", "state": 6}, {"time": 580.6117960417178, "event": "done"}]
2024-09-08 17:22:45,248 [INFO]  stop_recording
2024-09-08 17:22:45,264 [INFO]  gt.status is None
2024-09-08 17:22:45,264 [DEBUG]  add bonus points 5 (total = 82)
2024-09-08 17:22:45,264 [INFO]  Trial 11 of 260
2024-09-08 17:22:45,601 [INFO]  begin trial {"kind": "GraphTrial", "graph": [[3, 10], [], [], [8, 2], [6, 5], [], [], [4, 6], [], [], [1, 9]], "rewards": [null, -4, -4, -3, 1, -3, 0, -4, -3, 4, 2], "reward_info": {"-4": {"desc": "pattern_1", "image": "images[0]"}, "-3": {"desc": "pattern_2", "image": "images[1]"}, "-2": {"desc": "pattern_3", "image": "images[2]"}, "-1": {"desc": "pattern_4", "image": "images[3]"}, "0": {"desc": "pattern_5", "image": "images[4]"}, "1": {"desc": "pattern_6", "image": "images[5]"}, "2": {"desc": "pattern_7", "image": "images[6]"}, "3": {"desc": "pattern_8", "image": "images[7]"}, "4": {"desc": "pattern_9", "image": "images[8]"}}, "initial_stage": "planning", "hide_states": false, "hide_rewards_while_acting": false, "hide_edges_while_acting": false, "gaze_contingent": false, "gaze_tolerance": 1.5, "fixation_lag": 0.5, "start": 0}
2024-09-08 17:22:45,602 [INFO]  <eyetracking.EyeLink object at 0x16d719280>
2024-09-08 17:22:45,602 [DEBUG]  GraphTrial.log 580.966 begin drift_check 
2024-09-08 17:22:47,698 [DEBUG]  GraphTrial.log 583.062 initialize status = None
2024-09-08 17:22:47,698 [DEBUG]  GraphTrial.log 583.062 start recording 
2024-09-08 17:22:47,698 [INFO]  start_recording
2024-09-08 17:22:47,831 [DEBUG]  GraphTrial.log 583.195 show graph 
2024-09-08 17:22:47,844 [DEBUG]  STREAM b'IHDR' 16 13
2024-09-08 17:22:47,845 [DEBUG]  STREAM b'IDAT' 41 65536
2024-09-08 17:22:47,858 [DEBUG]  STREAM b'IHDR' 16 13
2024-09-08 17:22:47,858 [DEBUG]  STREAM b'IDAT' 41 65536
2024-09-08 17:22:47,867 [DEBUG]  STREAM b'IHDR' 16 13
2024-09-08 17:22:47,867 [DEBUG]  STREAM b'IDAT' 41 65536
2024-09-08 17:22:47,875 [DEBUG]  STREAM b'IHDR' 16 13
2024-09-08 17:22:47,875 [DEBUG]  STREAM b'IDAT' 41 65536
2024-09-08 17:22:47,884 [DEBUG]  STREAM b'IHDR' 16 13
2024-09-08 17:22:47,884 [DEBUG]  STREAM b'IDAT' 41 65536
2024-09-08 17:22:47,890 [DEBUG]  STREAM b'IHDR' 16 13
2024-09-08 17:22:47,890 [DEBUG]  STREAM b'IDAT' 41 65536
2024-09-08 17:22:47,896 [DEBUG]  STREAM b'IHDR' 16 13
2024-09-08 17:22:47,896 [DEBUG]  STREAM b'IDAT' 41 65536
2024-09-08 17:22:47,901 [DEBUG]  STREAM b'IHDR' 16 13
2024-09-08 17:22:47,901 [DEBUG]  STREAM b'IDAT' 41 65536
2024-09-08 17:22:47,908 [DEBUG]  STREAM b'IHDR' 16 13
2024-09-08 17:22:47,908 [DEBUG]  STREAM b'IDAT' 41 65536
2024-09-08 17:22:47,913 [DEBUG]  STREAM b'IHDR' 16 13
2024-09-08 17:22:47,913 [DEBUG]  STREAM b'IDAT' 41 65536
2024-09-08 17:22:47,918 [DEBUG]  STREAM b'IHDR' 16 13
2024-09-08 17:22:47,918 [DEBUG]  STREAM b'IDAT' 41 65536
2024-09-08 17:22:47,922 [DEBUG]  STREAM b'IHDR' 16 13
2024-09-08 17:22:47,922 [DEBUG]  STREAM b'IDAT' 41 65536
2024-09-08 17:22:47,928 [DEBUG]  STREAM b'IHDR' 16 13
2024-09-08 17:22:47,928 [DEBUG]  STREAM b'IDAT' 41 65536
2024-09-08 17:22:47,933 [DEBUG]  STREAM b'IHDR' 16 13
2024-09-08 17:22:47,933 [DEBUG]  STREAM b'IDAT' 41 65536
2024-09-08 17:22:47,937 [DEBUG]  STREAM b'IHDR' 16 13
2024-09-08 17:22:47,937 [DEBUG]  STREAM b'IDAT' 41 65536
2024-09-08 17:22:47,941 [DEBUG]  STREAM b'IHDR' 16 13
2024-09-08 17:22:47,941 [DEBUG]  STREAM b'IDAT' 41 65536
2024-09-08 17:22:47,946 [DEBUG]  STREAM b'IHDR' 16 13
2024-09-08 17:22:47,947 [DEBUG]  STREAM b'IDAT' 41 65536
2024-09-08 17:22:47,951 [DEBUG]  STREAM b'IHDR' 16 13
2024-09-08 17:22:47,951 [DEBUG]  STREAM b'IDAT' 41 65536
2024-09-08 17:22:47,955 [DEBUG]  STREAM b'IHDR' 16 13
2024-09-08 17:22:47,955 [DEBUG]  STREAM b'IDAT' 41 65536
2024-09-08 17:22:47,959 [DEBUG]  STREAM b'IHDR' 16 13
2024-09-08 17:22:47,959 [DEBUG]  STREAM b'IDAT' 41 65536
2024-09-08 17:22:47,965 [DEBUG]  STREAM b'IHDR' 16 13
2024-09-08 17:22:47,965 [DEBUG]  STREAM b'IDAT' 41 65536
2024-09-08 17:22:47,970 [DEBUG]  STREAM b'IHDR' 16 13
2024-09-08 17:22:47,970 [DEBUG]  STREAM b'IDAT' 41 65536
2024-09-08 17:22:47,974 [DEBUG]  STREAM b'IHDR' 16 13
2024-09-08 17:22:47,974 [DEBUG]  STREAM b'IDAT' 41 65536
2024-09-08 17:22:47,978 [DEBUG]  STREAM b'IHDR' 16 13
2024-09-08 17:22:47,978 [DEBUG]  STREAM b'IDAT' 41 65536
2024-09-08 17:22:47,984 [DEBUG]  STREAM b'IHDR' 16 13
2024-09-08 17:22:47,984 [DEBUG]  STREAM b'IDAT' 41 65536
2024-09-08 17:22:47,988 [DEBUG]  STREAM b'IHDR' 16 13
2024-09-08 17:22:47,988 [DEBUG]  STREAM b'IDAT' 41 65536
2024-09-08 17:22:47,992 [DEBUG]  STREAM b'IHDR' 16 13
2024-09-08 17:22:47,992 [DEBUG]  STREAM b'IDAT' 41 65536
2024-09-08 17:22:47,996 [DEBUG]  STREAM b'IHDR' 16 13
2024-09-08 17:22:47,996 [DEBUG]  STREAM b'IDAT' 41 65536
2024-09-08 17:22:48,002 [DEBUG]  STREAM b'IHDR' 16 13
2024-09-08 17:22:48,002 [DEBUG]  STREAM b'IDAT' 41 65536
2024-09-08 17:22:48,006 [DEBUG]  STREAM b'IHDR' 16 13
2024-09-08 17:22:48,006 [DEBUG]  STREAM b'IDAT' 41 65536
2024-09-08 17:22:48,010 [DEBUG]  STREAM b'IHDR' 16 13
2024-09-08 17:22:48,010 [DEBUG]  STREAM b'IDAT' 41 65536
2024-09-08 17:22:48,014 [DEBUG]  STREAM b'IHDR' 16 13
2024-09-08 17:22:48,014 [DEBUG]  STREAM b'IDAT' 41 65536
2024-09-08 17:22:48,020 [DEBUG]  STREAM b'IHDR' 16 13
2024-09-08 17:22:48,020 [DEBUG]  STREAM b'IDAT' 41 65536
2024-09-08 17:22:48,024 [DEBUG]  STREAM b'IHDR' 16 13
2024-09-08 17:22:48,024 [DEBUG]  STREAM b'IDAT' 41 65536
2024-09-08 17:22:48,029 [DEBUG]  STREAM b'IHDR' 16 13
2024-09-08 17:22:48,029 [DEBUG]  STREAM b'IDAT' 41 65536
2024-09-08 17:22:48,033 [DEBUG]  STREAM b'IHDR' 16 13
2024-09-08 17:22:48,033 [DEBUG]  STREAM b'IDAT' 41 65536
2024-09-08 17:22:48,039 [DEBUG]  STREAM b'IHDR' 16 13
2024-09-08 17:22:48,039 [DEBUG]  STREAM b'IDAT' 41 65536
2024-09-08 17:22:48,043 [DEBUG]  STREAM b'IHDR' 16 13
2024-09-08 17:22:48,043 [DEBUG]  STREAM b'IDAT' 41 65536
2024-09-08 17:22:48,048 [DEBUG]  STREAM b'IHDR' 16 13
2024-09-08 17:22:48,048 [DEBUG]  STREAM b'IDAT' 41 65536
2024-09-08 17:22:48,052 [DEBUG]  STREAM b'IHDR' 16 13
2024-09-08 17:22:48,052 [DEBUG]  STREAM b'IDAT' 41 65536
2024-09-08 17:22:48,062 [DEBUG]  GraphTrial.log 583.426 visit state = 0
2024-09-08 17:22:48,067 [DEBUG]  GraphTrial.log 583.431 start flip_time = 583.4312408335973
2024-09-08 17:22:48,072 [DEBUG]  GraphTrial.log 583.436 get move selected = 3
2024-09-08 17:22:52,090 [DEBUG]  GraphTrial.log 587.454 switch selected = 10
2024-09-08 17:22:52,809 [DEBUG]  GraphTrial.log 588.173 select selected = 10
2024-09-08 17:22:52,809 [DEBUG]  GraphTrial.log 588.173 visit state = 10
2024-09-08 17:22:52,829 [DEBUG]  GraphTrial.log 588.194 get move selected = 9
2024-09-08 17:22:53,825 [DEBUG]  GraphTrial.log 589.189 select selected = 9
2024-09-08 17:22:53,825 [DEBUG]  GraphTrial.log 589.189 visit state = 9
2024-09-08 17:22:55,681 [DEBUG]  GraphTrial.log 591.045 done 
2024-09-08 17:22:55,681 [INFO]  end trial [{"time": 580.9656859999523, "event": "begin drift_check"}, {"time": 583.0619413335808, "event": "initialize", "status": null}, {"time": 583.062316125026, "event": "start recording"}, {"time": 583.1948292916641, "event": "show graph"}, {"time": 583.4257756250445, "event": "visit", "state": 0}, {"time": 583.4312610835768, "event": "start", "flip_time": 583.4312408335973}, {"time": 583.4361610834021, "event": "get move", "selected": 3}, {"time": 587.454092333559, "event": "switch", "selected": 10}, {"time": 588.1732782085892, "event": "select", "selected": 10}, {"time": 588.1733581249136, "event": "visit", "state": 10}, {"time": 588.1935829585418, "event": "get move", "selected": 9}, {"time": 589.1893229999114, "event": "select", "selected": 9}, {"time": 589.189386874903, "event": "visit", "state": 9}, {"time": 591.0453917086124, "event": "done"}]
2024-09-08 17:22:55,682 [INFO]  stop_recording
2024-09-08 17:22:55,697 [INFO]  gt.status is None
2024-09-08 17:22:55,697 [DEBUG]  add bonus points 6 (total = 88)
2024-09-08 17:22:55,697 [INFO]  Trial 12 of 260
2024-09-08 17:22:56,033 [INFO]  begin trial {"kind": "GraphTrial", "graph": [[7, 8], [], [], [6, 4], [1, 2], [], [10, 5], [8, 9], [], [], []], "rewards": [-1, 2, -3, null, 1, 0, -3, 4, 0, 3, -1], "reward_info": {"-4": {"desc": "pattern_1", "image": "images[0]"}, "-3": {"desc": "pattern_2", "image": "images[1]"}, "-2": {"desc": "pattern_3", "image": "images[2]"}, "-1": {"desc": "pattern_4", "image": "images[3]"}, "0": {"desc": "pattern_5", "image": "images[4]"}, "1": {"desc": "pattern_6", "image": "images[5]"}, "2": {"desc": "pattern_7", "image": "images[6]"}, "3": {"desc": "pattern_8", "image": "images[7]"}, "4": {"desc": "pattern_9", "image": "images[8]"}}, "initial_stage": "planning", "hide_states": false, "hide_rewards_while_acting": false, "hide_edges_while_acting": false, "gaze_contingent": false, "gaze_tolerance": 1.5, "fixation_lag": 0.5, "start": 3}
2024-09-08 17:22:56,034 [INFO]  <eyetracking.EyeLink object at 0x16d719280>
2024-09-08 17:22:56,034 [DEBUG]  GraphTrial.log 591.398 begin drift_check 
2024-09-08 17:22:58,598 [DEBUG]  GraphTrial.log 593.962 initialize status = None
2024-09-08 17:22:58,598 [DEBUG]  GraphTrial.log 593.962 start recording 
2024-09-08 17:22:58,598 [INFO]  start_recording
2024-09-08 17:22:58,724 [DEBUG]  GraphTrial.log 594.088 show graph 
2024-09-08 17:22:58,734 [DEBUG]  STREAM b'IHDR' 16 13
2024-09-08 17:22:58,734 [DEBUG]  STREAM b'IDAT' 41 65536
2024-09-08 17:22:58,747 [DEBUG]  STREAM b'IHDR' 16 13
2024-09-08 17:22:58,748 [DEBUG]  STREAM b'IDAT' 41 65536
2024-09-08 17:22:58,757 [DEBUG]  STREAM b'IHDR' 16 13
2024-09-08 17:22:58,757 [DEBUG]  STREAM b'IDAT' 41 65536
2024-09-08 17:22:58,765 [DEBUG]  STREAM b'IHDR' 16 13
2024-09-08 17:22:58,765 [DEBUG]  STREAM b'IDAT' 41 65536
2024-09-08 17:22:58,774 [DEBUG]  STREAM b'IHDR' 16 13
2024-09-08 17:22:58,774 [DEBUG]  STREAM b'IDAT' 41 65536
2024-09-08 17:22:58,781 [DEBUG]  STREAM b'IHDR' 16 13
2024-09-08 17:22:58,781 [DEBUG]  STREAM b'IDAT' 41 65536
2024-09-08 17:22:58,787 [DEBUG]  STREAM b'IHDR' 16 13
2024-09-08 17:22:58,787 [DEBUG]  STREAM b'IDAT' 41 65536
2024-09-08 17:22:58,792 [DEBUG]  STREAM b'IHDR' 16 13
2024-09-08 17:22:58,792 [DEBUG]  STREAM b'IDAT' 41 65536
2024-09-08 17:22:58,799 [DEBUG]  STREAM b'IHDR' 16 13
2024-09-08 17:22:58,799 [DEBUG]  STREAM b'IDAT' 41 65536
2024-09-08 17:22:58,804 [DEBUG]  STREAM b'IHDR' 16 13
2024-09-08 17:22:58,804 [DEBUG]  STREAM b'IDAT' 41 65536
2024-09-08 17:22:58,809 [DEBUG]  STREAM b'IHDR' 16 13
2024-09-08 17:22:58,809 [DEBUG]  STREAM b'IDAT' 41 65536
2024-09-08 17:22:58,814 [DEBUG]  STREAM b'IHDR' 16 13
2024-09-08 17:22:58,814 [DEBUG]  STREAM b'IDAT' 41 65536
2024-09-08 17:22:58,821 [DEBUG]  STREAM b'IHDR' 16 13
2024-09-08 17:22:58,821 [DEBUG]  STREAM b'IDAT' 41 65536
2024-09-08 17:22:58,825 [DEBUG]  STREAM b'IHDR' 16 13
2024-09-08 17:22:58,825 [DEBUG]  STREAM b'IDAT' 41 65536
2024-09-08 17:22:58,829 [DEBUG]  STREAM b'IHDR' 16 13
2024-09-08 17:22:58,829 [DEBUG]  STREAM b'IDAT' 41 65536
2024-09-08 17:22:58,833 [DEBUG]  STREAM b'IHDR' 16 13
2024-09-08 17:22:58,833 [DEBUG]  STREAM b'IDAT' 41 65536
2024-09-08 17:22:58,839 [DEBUG]  STREAM b'IHDR' 16 13
2024-09-08 17:22:58,839 [DEBUG]  STREAM b'IDAT' 41 65536
2024-09-08 17:22:58,843 [DEBUG]  STREAM b'IHDR' 16 13
2024-09-08 17:22:58,843 [DEBUG]  STREAM b'IDAT' 41 65536
2024-09-08 17:22:58,847 [DEBUG]  STREAM b'IHDR' 16 13
2024-09-08 17:22:58,847 [DEBUG]  STREAM b'IDAT' 41 65536
2024-09-08 17:22:58,852 [DEBUG]  STREAM b'IHDR' 16 13
2024-09-08 17:22:58,852 [DEBUG]  STREAM b'IDAT' 41 65536
2024-09-08 17:22:58,857 [DEBUG]  STREAM b'IHDR' 16 13
2024-09-08 17:22:58,857 [DEBUG]  STREAM b'IDAT' 41 65536
2024-09-08 17:22:58,861 [DEBUG]  STREAM b'IHDR' 16 13
2024-09-08 17:22:58,861 [DEBUG]  STREAM b'IDAT' 41 65536
2024-09-08 17:22:58,865 [DEBUG]  STREAM b'IHDR' 16 13
2024-09-08 17:22:58,865 [DEBUG]  STREAM b'IDAT' 41 65536
2024-09-08 17:22:58,869 [DEBUG]  STREAM b'IHDR' 16 13
2024-09-08 17:22:58,869 [DEBUG]  STREAM b'IDAT' 41 65536
2024-09-08 17:22:58,875 [DEBUG]  STREAM b'IHDR' 16 13
2024-09-08 17:22:58,875 [DEBUG]  STREAM b'IDAT' 41 65536
2024-09-08 17:22:58,880 [DEBUG]  STREAM b'IHDR' 16 13
2024-09-08 17:22:58,880 [DEBUG]  STREAM b'IDAT' 41 65536
2024-09-08 17:22:58,884 [DEBUG]  STREAM b'IHDR' 16 13
2024-09-08 17:22:58,884 [DEBUG]  STREAM b'IDAT' 41 65536
2024-09-08 17:22:58,888 [DEBUG]  STREAM b'IHDR' 16 13
2024-09-08 17:22:58,888 [DEBUG]  STREAM b'IDAT' 41 65536
2024-09-08 17:22:58,895 [DEBUG]  STREAM b'IHDR' 16 13
2024-09-08 17:22:58,895 [DEBUG]  STREAM b'IDAT' 41 65536
2024-09-08 17:22:58,899 [DEBUG]  STREAM b'IHDR' 16 13
2024-09-08 17:22:58,899 [DEBUG]  STREAM b'IDAT' 41 65536
2024-09-08 17:22:58,904 [DEBUG]  STREAM b'IHDR' 16 13
2024-09-08 17:22:58,904 [DEBUG]  STREAM b'IDAT' 41 65536
2024-09-08 17:22:58,908 [DEBUG]  STREAM b'IHDR' 16 13
2024-09-08 17:22:58,908 [DEBUG]  STREAM b'IDAT' 41 65536
2024-09-08 17:22:58,914 [DEBUG]  STREAM b'IHDR' 16 13
2024-09-08 17:22:58,914 [DEBUG]  STREAM b'IDAT' 41 65536
2024-09-08 17:22:58,919 [DEBUG]  STREAM b'IHDR' 16 13
2024-09-08 17:22:58,919 [DEBUG]  STREAM b'IDAT' 41 65536
2024-09-08 17:22:58,923 [DEBUG]  STREAM b'IHDR' 16 13
2024-09-08 17:22:58,923 [DEBUG]  STREAM b'IDAT' 41 65536
2024-09-08 17:22:58,928 [DEBUG]  STREAM b'IHDR' 16 13
2024-09-08 17:22:58,928 [DEBUG]  STREAM b'IDAT' 41 65536
2024-09-08 17:22:58,934 [DEBUG]  STREAM b'IHDR' 16 13
2024-09-08 17:22:58,934 [DEBUG]  STREAM b'IDAT' 41 65536
2024-09-08 17:22:58,938 [DEBUG]  STREAM b'IHDR' 16 13
2024-09-08 17:22:58,938 [DEBUG]  STREAM b'IDAT' 41 65536
2024-09-08 17:22:58,942 [DEBUG]  STREAM b'IHDR' 16 13
2024-09-08 17:22:58,942 [DEBUG]  STREAM b'IDAT' 41 65536
2024-09-08 17:22:58,946 [DEBUG]  STREAM b'IHDR' 16 13
2024-09-08 17:22:58,946 [DEBUG]  STREAM b'IDAT' 41 65536
2024-09-08 17:22:58,955 [DEBUG]  GraphTrial.log 594.319 visit state = 3
2024-09-08 17:22:58,961 [DEBUG]  GraphTrial.log 594.325 start flip_time = 594.3248501666822
2024-09-08 17:22:58,965 [DEBUG]  GraphTrial.log 594.329 get move selected = 4
2024-09-08 17:23:03,578 [DEBUG]  GraphTrial.log 598.942 select selected = 4
2024-09-08 17:23:03,578 [DEBUG]  GraphTrial.log 598.942 visit state = 4
2024-09-08 17:23:03,589 [DEBUG]  GraphTrial.log 598.954 get move selected = 2
2024-09-08 17:23:04,394 [DEBUG]  GraphTrial.log 599.758 switch selected = 1
2024-09-08 17:23:04,625 [DEBUG]  GraphTrial.log 599.989 select selected = 1
2024-09-08 17:23:04,625 [DEBUG]  GraphTrial.log 599.989 visit state = 1
2024-09-08 17:23:06,481 [DEBUG]  GraphTrial.log 601.845 done 
2024-09-08 17:23:06,481 [INFO]  end trial [{"time": 591.3976459167898, "event": "begin drift_check"}, {"time": 593.9616642501205, "event": "initialize", "status": null}, {"time": 593.9619818334468, "event": "start recording"}, {"time": 594.0880324584432, "event": "show graph"}, {"time": 594.3194185835309, "event": "visit", "state": 3}, {"time": 594.3248696667142, "event": "start", "flip_time": 594.3248501666822}, {"time": 594.3294696668163, "event": "get move", "selected": 4}, {"time": 598.9416651667561, "event": "select", "selected": 4}, {"time": 598.9417452916969, "event": "visit", "state": 4}, {"time": 598.9535560000222, "event": "get move", "selected": 2}, {"time": 599.7579820000101, "event": "switch", "selected": 1}, {"time": 599.9891289167572, "event": "select", "selected": 1}, {"time": 599.9891942085233, "event": "visit", "state": 1}, {"time": 601.8451372084673, "event": "done"}]
2024-09-08 17:23:06,481 [INFO]  stop_recording
2024-09-08 17:23:06,499 [INFO]  gt.status is None
2024-09-08 17:23:06,499 [DEBUG]  add bonus points 3 (total = 91)
2024-09-08 17:23:06,499 [INFO]  Trial 13 of 260
2024-09-08 17:23:06,777 [INFO]  begin trial {"kind": "GraphTrial", "graph": [[3, 7], [6, 8], [], [9, 4], [], [1, 6], [], [10, 2], [], [], []], "rewards": [null, 0, -4, -3, -2, 0, 2, 1, 4, -4, -2], "reward_info": {"-4": {"desc": "pattern_1", "image": "images[0]"}, "-3": {"desc": "pattern_2", "image": "images[1]"}, "-2": {"desc": "pattern_3", "image": "images[2]"}, "-1": {"desc": "pattern_4", "image": "images[3]"}, "0": {"desc": "pattern_5", "image": "images[4]"}, "1": {"desc": "pattern_6", "image": "images[5]"}, "2": {"desc": "pattern_7", "image": "images[6]"}, "3": {"desc": "pattern_8", "image": "images[7]"}, "4": {"desc": "pattern_9", "image": "images[8]"}}, "initial_stage": "planning", "hide_states": false, "hide_rewards_while_acting": false, "hide_edges_while_acting": false, "gaze_contingent": false, "gaze_tolerance": 1.5, "fixation_lag": 0.5, "start": 0}
2024-09-08 17:23:06,778 [INFO]  <eyetracking.EyeLink object at 0x16d719280>
2024-09-08 17:23:06,778 [DEBUG]  GraphTrial.log 602.142 begin drift_check 
2024-09-08 17:23:09,681 [DEBUG]  GraphTrial.log 605.045 initialize status = None
2024-09-08 17:23:09,681 [DEBUG]  GraphTrial.log 605.045 start recording 
2024-09-08 17:23:09,682 [INFO]  start_recording
2024-09-08 17:23:09,808 [DEBUG]  GraphTrial.log 605.172 show graph 
2024-09-08 17:23:09,820 [DEBUG]  STREAM b'IHDR' 16 13
2024-09-08 17:23:09,821 [DEBUG]  STREAM b'IDAT' 41 65536
2024-09-08 17:23:09,833 [DEBUG]  STREAM b'IHDR' 16 13
2024-09-08 17:23:09,833 [DEBUG]  STREAM b'IDAT' 41 65536
2024-09-08 17:23:09,843 [DEBUG]  STREAM b'IHDR' 16 13
2024-09-08 17:23:09,843 [DEBUG]  STREAM b'IDAT' 41 65536
2024-09-08 17:23:09,850 [DEBUG]  STREAM b'IHDR' 16 13
2024-09-08 17:23:09,850 [DEBUG]  STREAM b'IDAT' 41 65536
2024-09-08 17:23:09,860 [DEBUG]  STREAM b'IHDR' 16 13
2024-09-08 17:23:09,860 [DEBUG]  STREAM b'IDAT' 41 65536
2024-09-08 17:23:09,866 [DEBUG]  STREAM b'IHDR' 16 13
2024-09-08 17:23:09,866 [DEBUG]  STREAM b'IDAT' 41 65536
2024-09-08 17:23:09,872 [DEBUG]  STREAM b'IHDR' 16 13
2024-09-08 17:23:09,872 [DEBUG]  STREAM b'IDAT' 41 65536
2024-09-08 17:23:09,877 [DEBUG]  STREAM b'IHDR' 16 13
2024-09-08 17:23:09,877 [DEBUG]  STREAM b'IDAT' 41 65536
2024-09-08 17:23:09,884 [DEBUG]  STREAM b'IHDR' 16 13
2024-09-08 17:23:09,884 [DEBUG]  STREAM b'IDAT' 41 65536
2024-09-08 17:23:09,889 [DEBUG]  STREAM b'IHDR' 16 13
2024-09-08 17:23:09,889 [DEBUG]  STREAM b'IDAT' 41 65536
2024-09-08 17:23:09,894 [DEBUG]  STREAM b'IHDR' 16 13
2024-09-08 17:23:09,894 [DEBUG]  STREAM b'IDAT' 41 65536
2024-09-08 17:23:09,898 [DEBUG]  STREAM b'IHDR' 16 13
2024-09-08 17:23:09,898 [DEBUG]  STREAM b'IDAT' 41 65536
2024-09-08 17:23:09,905 [DEBUG]  STREAM b'IHDR' 16 13
2024-09-08 17:23:09,905 [DEBUG]  STREAM b'IDAT' 41 65536
2024-09-08 17:23:09,910 [DEBUG]  STREAM b'IHDR' 16 13
2024-09-08 17:23:09,910 [DEBUG]  STREAM b'IDAT' 41 65536
2024-09-08 17:23:09,914 [DEBUG]  STREAM b'IHDR' 16 13
2024-09-08 17:23:09,914 [DEBUG]  STREAM b'IDAT' 41 65536
2024-09-08 17:23:09,918 [DEBUG]  STREAM b'IHDR' 16 13
2024-09-08 17:23:09,918 [DEBUG]  STREAM b'IDAT' 41 65536
2024-09-08 17:23:09,924 [DEBUG]  STREAM b'IHDR' 16 13
2024-09-08 17:23:09,924 [DEBUG]  STREAM b'IDAT' 41 65536
2024-09-08 17:23:09,928 [DEBUG]  STREAM b'IHDR' 16 13
2024-09-08 17:23:09,928 [DEBUG]  STREAM b'IDAT' 41 65536
2024-09-08 17:23:09,932 [DEBUG]  STREAM b'IHDR' 16 13
2024-09-08 17:23:09,932 [DEBUG]  STREAM b'IDAT' 41 65536
2024-09-08 17:23:09,936 [DEBUG]  STREAM b'IHDR' 16 13
2024-09-08 17:23:09,936 [DEBUG]  STREAM b'IDAT' 41 65536
2024-09-08 17:23:09,942 [DEBUG]  STREAM b'IHDR' 16 13
2024-09-08 17:23:09,942 [DEBUG]  STREAM b'IDAT' 41 65536
2024-09-08 17:23:09,946 [DEBUG]  STREAM b'IHDR' 16 13
2024-09-08 17:23:09,946 [DEBUG]  STREAM b'IDAT' 41 65536
2024-09-08 17:23:09,951 [DEBUG]  STREAM b'IHDR' 16 13
2024-09-08 17:23:09,951 [DEBUG]  STREAM b'IDAT' 41 65536
2024-09-08 17:23:09,955 [DEBUG]  STREAM b'IHDR' 16 13
2024-09-08 17:23:09,955 [DEBUG]  STREAM b'IDAT' 41 65536
2024-09-08 17:23:09,960 [DEBUG]  STREAM b'IHDR' 16 13
2024-09-08 17:23:09,960 [DEBUG]  STREAM b'IDAT' 41 65536
2024-09-08 17:23:09,965 [DEBUG]  STREAM b'IHDR' 16 13
2024-09-08 17:23:09,965 [DEBUG]  STREAM b'IDAT' 41 65536
2024-09-08 17:23:09,969 [DEBUG]  STREAM b'IHDR' 16 13
2024-09-08 17:23:09,969 [DEBUG]  STREAM b'IDAT' 41 65536
2024-09-08 17:23:09,973 [DEBUG]  STREAM b'IHDR' 16 13
2024-09-08 17:23:09,973 [DEBUG]  STREAM b'IDAT' 41 65536
2024-09-08 17:23:09,978 [DEBUG]  STREAM b'IHDR' 16 13
2024-09-08 17:23:09,978 [DEBUG]  STREAM b'IDAT' 41 65536
2024-09-08 17:23:09,983 [DEBUG]  STREAM b'IHDR' 16 13
2024-09-08 17:23:09,983 [DEBUG]  STREAM b'IDAT' 41 65536
2024-09-08 17:23:09,987 [DEBUG]  STREAM b'IHDR' 16 13
2024-09-08 17:23:09,987 [DEBUG]  STREAM b'IDAT' 41 65536
2024-09-08 17:23:09,992 [DEBUG]  STREAM b'IHDR' 16 13
2024-09-08 17:23:09,992 [DEBUG]  STREAM b'IDAT' 41 65536
2024-09-08 17:23:09,998 [DEBUG]  STREAM b'IHDR' 16 13
2024-09-08 17:23:09,998 [DEBUG]  STREAM b'IDAT' 41 65536
2024-09-08 17:23:10,002 [DEBUG]  STREAM b'IHDR' 16 13
2024-09-08 17:23:10,002 [DEBUG]  STREAM b'IDAT' 41 65536
2024-09-08 17:23:10,006 [DEBUG]  STREAM b'IHDR' 16 13
2024-09-08 17:23:10,006 [DEBUG]  STREAM b'IDAT' 41 65536
2024-09-08 17:23:10,010 [DEBUG]  STREAM b'IHDR' 16 13
2024-09-08 17:23:10,010 [DEBUG]  STREAM b'IDAT' 41 65536
2024-09-08 17:23:10,016 [DEBUG]  STREAM b'IHDR' 16 13
2024-09-08 17:23:10,016 [DEBUG]  STREAM b'IDAT' 41 65536
2024-09-08 17:23:10,020 [DEBUG]  STREAM b'IHDR' 16 13
2024-09-08 17:23:10,020 [DEBUG]  STREAM b'IDAT' 41 65536
2024-09-08 17:23:10,024 [DEBUG]  STREAM b'IHDR' 16 13
2024-09-08 17:23:10,024 [DEBUG]  STREAM b'IDAT' 41 65536
2024-09-08 17:23:10,028 [DEBUG]  STREAM b'IHDR' 16 13
2024-09-08 17:23:10,028 [DEBUG]  STREAM b'IDAT' 41 65536
2024-09-08 17:23:10,038 [DEBUG]  GraphTrial.log 605.402 visit state = 0
2024-09-08 17:23:10,042 [DEBUG]  GraphTrial.log 605.407 start flip_time = 605.4064855417237
2024-09-08 17:23:10,048 [DEBUG]  GraphTrial.log 605.412 get move selected = 3
2024-09-08 17:23:13,626 [DEBUG]  GraphTrial.log 608.990 select selected = 3
2024-09-08 17:23:13,626 [DEBUG]  GraphTrial.log 608.990 visit state = 3
2024-09-08 17:23:13,646 [DEBUG]  GraphTrial.log 609.010 get move selected = 4
2024-09-08 17:23:16,114 [DEBUG]  GraphTrial.log 611.478 select selected = 4
2024-09-08 17:23:16,114 [DEBUG]  GraphTrial.log 611.478 visit state = 4
2024-09-08 17:23:17,996 [DEBUG]  GraphTrial.log 613.360 done 
2024-09-08 17:23:17,996 [INFO]  end trial [{"time": 602.1416484999936, "event": "begin drift_check"}, {"time": 605.0450691250153, "event": "initialize", "status": null}, {"time": 605.0454863335472, "event": "start recording"}, {"time": 605.1721015416551, "event": "show graph"}, {"time": 605.401547125075, "event": "visit", "state": 0}, {"time": 605.4065020000562, "event": "start", "flip_time": 605.4064855417237}, {"time": 605.4122005000245, "event": "get move", "selected": 3}, {"time": 608.9897160835098, "event": "select", "selected": 3}, {"time": 608.9897863334045, "event": "visit", "state": 3}, {"time": 609.0101763335988, "event": "get move", "selected": 4}, {"time": 611.4776301668026, "event": "select", "selected": 4}, {"time": 611.4779104166664, "event": "visit", "state": 4}, {"time": 613.3601972500328, "event": "done"}]
2024-09-08 17:23:17,996 [INFO]  stop_recording
2024-09-08 17:23:18,013 [INFO]  gt.status is None
2024-09-08 17:23:18,013 [DEBUG]  add bonus points -5 (total = 86)
2024-09-08 17:23:18,013 [INFO]  Trial 14 of 260
2024-09-08 17:23:18,202 [INFO]  begin trial {"kind": "GraphTrial", "graph": [[], [], [6, 5], [], [0], [3], [7, 8], [], [], [10, 1], [1, 4]], "rewards": [-2, -3, null, 3, -3, 3, -4, -3, 1, -3, 1], "reward_info": {"-4": {"desc": "pattern_1", "image": "images[0]"}, "-3": {"desc": "pattern_2", "image": "images[1]"}, "-2": {"desc": "pattern_3", "image": "images[2]"}, "-1": {"desc": "pattern_4", "image": "images[3]"}, "0": {"desc": "pattern_5", "image": "images[4]"}, "1": {"desc": "pattern_6", "image": "images[5]"}, "2": {"desc": "pattern_7", "image": "images[6]"}, "3": {"desc": "pattern_8", "image": "images[7]"}, "4": {"desc": "pattern_9", "image": "images[8]"}}, "initial_stage": "planning", "hide_states": false, "hide_rewards_while_acting": false, "hide_edges_while_acting": false, "gaze_contingent": false, "gaze_tolerance": 1.5, "fixation_lag": 0.5, "start": 2}
2024-09-08 17:23:18,202 [INFO]  <eyetracking.EyeLink object at 0x16d719280>
2024-09-08 17:23:18,202 [DEBUG]  GraphTrial.log 613.566 begin drift_check 
2024-09-08 17:23:20,648 [DEBUG]  GraphTrial.log 616.012 initialize status = None
2024-09-08 17:23:20,648 [DEBUG]  GraphTrial.log 616.012 start recording 
2024-09-08 17:23:20,648 [INFO]  start_recording
2024-09-08 17:23:20,773 [DEBUG]  GraphTrial.log 616.137 show graph 
2024-09-08 17:23:20,783 [DEBUG]  STREAM b'IHDR' 16 13
2024-09-08 17:23:20,783 [DEBUG]  STREAM b'IDAT' 41 65536
2024-09-08 17:23:20,796 [DEBUG]  STREAM b'IHDR' 16 13
2024-09-08 17:23:20,796 [DEBUG]  STREAM b'IDAT' 41 65536
2024-09-08 17:23:20,806 [DEBUG]  STREAM b'IHDR' 16 13
2024-09-08 17:23:20,806 [DEBUG]  STREAM b'IDAT' 41 65536
2024-09-08 17:23:20,814 [DEBUG]  STREAM b'IHDR' 16 13
2024-09-08 17:23:20,814 [DEBUG]  STREAM b'IDAT' 41 65536
2024-09-08 17:23:20,825 [DEBUG]  STREAM b'IHDR' 16 13
2024-09-08 17:23:20,826 [DEBUG]  STREAM b'IDAT' 41 65536
2024-09-08 17:23:20,832 [DEBUG]  STREAM b'IHDR' 16 13
2024-09-08 17:23:20,832 [DEBUG]  STREAM b'IDAT' 41 65536
2024-09-08 17:23:20,837 [DEBUG]  STREAM b'IHDR' 16 13
2024-09-08 17:23:20,837 [DEBUG]  STREAM b'IDAT' 41 65536
2024-09-08 17:23:20,843 [DEBUG]  STREAM b'IHDR' 16 13
2024-09-08 17:23:20,843 [DEBUG]  STREAM b'IDAT' 41 65536
2024-09-08 17:23:20,851 [DEBUG]  STREAM b'IHDR' 16 13
2024-09-08 17:23:20,851 [DEBUG]  STREAM b'IDAT' 41 65536
2024-09-08 17:23:20,857 [DEBUG]  STREAM b'IHDR' 16 13
2024-09-08 17:23:20,857 [DEBUG]  STREAM b'IDAT' 41 65536
2024-09-08 17:23:20,862 [DEBUG]  STREAM b'IHDR' 16 13
2024-09-08 17:23:20,862 [DEBUG]  STREAM b'IDAT' 41 65536
2024-09-08 17:23:20,867 [DEBUG]  STREAM b'IHDR' 16 13
2024-09-08 17:23:20,867 [DEBUG]  STREAM b'IDAT' 41 65536
2024-09-08 17:23:20,873 [DEBUG]  STREAM b'IHDR' 16 13
2024-09-08 17:23:20,873 [DEBUG]  STREAM b'IDAT' 41 65536
2024-09-08 17:23:20,878 [DEBUG]  STREAM b'IHDR' 16 13
2024-09-08 17:23:20,878 [DEBUG]  STREAM b'IDAT' 41 65536
2024-09-08 17:23:20,882 [DEBUG]  STREAM b'IHDR' 16 13
2024-09-08 17:23:20,882 [DEBUG]  STREAM b'IDAT' 41 65536
2024-09-08 17:23:20,886 [DEBUG]  STREAM b'IHDR' 16 13
2024-09-08 17:23:20,886 [DEBUG]  STREAM b'IDAT' 41 65536
2024-09-08 17:23:20,891 [DEBUG]  STREAM b'IHDR' 16 13
2024-09-08 17:23:20,891 [DEBUG]  STREAM b'IDAT' 41 65536
2024-09-08 17:23:20,896 [DEBUG]  STREAM b'IHDR' 16 13
2024-09-08 17:23:20,896 [DEBUG]  STREAM b'IDAT' 41 65536
2024-09-08 17:23:20,900 [DEBUG]  STREAM b'IHDR' 16 13
2024-09-08 17:23:20,900 [DEBUG]  STREAM b'IDAT' 41 65536
2024-09-08 17:23:20,905 [DEBUG]  STREAM b'IHDR' 16 13
2024-09-08 17:23:20,905 [DEBUG]  STREAM b'IDAT' 41 65536
2024-09-08 17:23:20,911 [DEBUG]  STREAM b'IHDR' 16 13
2024-09-08 17:23:20,911 [DEBUG]  STREAM b'IDAT' 41 65536
2024-09-08 17:23:20,915 [DEBUG]  STREAM b'IHDR' 16 13
2024-09-08 17:23:20,915 [DEBUG]  STREAM b'IDAT' 41 65536
2024-09-08 17:23:20,919 [DEBUG]  STREAM b'IHDR' 16 13
2024-09-08 17:23:20,919 [DEBUG]  STREAM b'IDAT' 41 65536
2024-09-08 17:23:20,923 [DEBUG]  STREAM b'IHDR' 16 13
2024-09-08 17:23:20,923 [DEBUG]  STREAM b'IDAT' 41 65536
2024-09-08 17:23:20,929 [DEBUG]  STREAM b'IHDR' 16 13
2024-09-08 17:23:20,929 [DEBUG]  STREAM b'IDAT' 41 65536
2024-09-08 17:23:20,933 [DEBUG]  STREAM b'IHDR' 16 13
2024-09-08 17:23:20,933 [DEBUG]  STREAM b'IDAT' 41 65536
2024-09-08 17:23:20,937 [DEBUG]  STREAM b'IHDR' 16 13
2024-09-08 17:23:20,937 [DEBUG]  STREAM b'IDAT' 41 65536
2024-09-08 17:23:20,941 [DEBUG]  STREAM b'IHDR' 16 13
2024-09-08 17:23:20,941 [DEBUG]  STREAM b'IDAT' 41 65536
2024-09-08 17:23:20,946 [DEBUG]  STREAM b'IHDR' 16 13
2024-09-08 17:23:20,946 [DEBUG]  STREAM b'IDAT' 41 65536
2024-09-08 17:23:20,951 [DEBUG]  STREAM b'IHDR' 16 13
2024-09-08 17:23:20,951 [DEBUG]  STREAM b'IDAT' 41 65536
2024-09-08 17:23:20,955 [DEBUG]  STREAM b'IHDR' 16 13
2024-09-08 17:23:20,955 [DEBUG]  STREAM b'IDAT' 41 65536
2024-09-08 17:23:20,959 [DEBUG]  STREAM b'IHDR' 16 13
2024-09-08 17:23:20,959 [DEBUG]  STREAM b'IDAT' 41 65536
2024-09-08 17:23:20,964 [DEBUG]  STREAM b'IHDR' 16 13
2024-09-08 17:23:20,964 [DEBUG]  STREAM b'IDAT' 41 65536
2024-09-08 17:23:20,968 [DEBUG]  STREAM b'IHDR' 16 13
2024-09-08 17:23:20,968 [DEBUG]  STREAM b'IDAT' 41 65536
2024-09-08 17:23:20,972 [DEBUG]  STREAM b'IHDR' 16 13
2024-09-08 17:23:20,972 [DEBUG]  STREAM b'IDAT' 41 65536
2024-09-08 17:23:20,977 [DEBUG]  STREAM b'IHDR' 16 13
2024-09-08 17:23:20,977 [DEBUG]  STREAM b'IDAT' 41 65536
2024-09-08 17:23:20,982 [DEBUG]  STREAM b'IHDR' 16 13
2024-09-08 17:23:20,982 [DEBUG]  STREAM b'IDAT' 41 65536
2024-09-08 17:23:20,986 [DEBUG]  STREAM b'IHDR' 16 13
2024-09-08 17:23:20,986 [DEBUG]  STREAM b'IDAT' 41 65536
2024-09-08 17:23:20,990 [DEBUG]  STREAM b'IHDR' 16 13
2024-09-08 17:23:20,990 [DEBUG]  STREAM b'IDAT' 41 65536
2024-09-08 17:23:20,994 [DEBUG]  STREAM b'IHDR' 16 13
2024-09-08 17:23:20,994 [DEBUG]  STREAM b'IDAT' 41 65536
2024-09-08 17:23:21,004 [DEBUG]  GraphTrial.log 616.368 visit state = 2
2024-09-08 17:23:21,009 [DEBUG]  GraphTrial.log 616.373 start flip_time = 616.3732572917361
2024-09-08 17:23:21,015 [DEBUG]  GraphTrial.log 616.379 get move selected = 5
2024-09-08 17:23:21,834 [DEBUG]  GraphTrial.log 617.198 switch selected = 6
2024-09-08 17:23:22,514 [DEBUG]  GraphTrial.log 617.878 switch selected = 5
2024-09-08 17:23:23,177 [DEBUG]  GraphTrial.log 618.541 select selected = 5
2024-09-08 17:23:23,177 [DEBUG]  GraphTrial.log 618.541 visit state = 5
2024-09-08 17:23:23,187 [DEBUG]  GraphTrial.log 618.551 get move selected = 3
2024-09-08 17:23:23,665 [DEBUG]  GraphTrial.log 619.029 select selected = 3
2024-09-08 17:23:23,665 [DEBUG]  GraphTrial.log 619.029 visit state = 3
2024-09-08 17:23:25,546 [DEBUG]  GraphTrial.log 620.910 done 
2024-09-08 17:23:25,547 [INFO]  end trial [{"time": 613.5656579586212, "event": "begin drift_check"}, {"time": 616.0115600835998, "event": "initialize", "status": null}, {"time": 616.0117150417063, "event": "start recording"}, {"time": 616.1372934167739, "event": "show graph"}, {"time": 616.3679106668569, "event": "visit", "state": 2}, {"time": 616.373274249956, "event": "start", "flip_time": 616.3732572917361}, {"time": 616.3789018334355, "event": "get move", "selected": 5}, {"time": 617.1980712085497, "event": "switch", "selected": 6}, {"time": 617.8777792500332, "event": "switch", "selected": 5}, {"time": 618.5413635000587, "event": "select", "selected": 5}, {"time": 618.541433500126, "event": "visit", "state": 5}, {"time": 618.551079625031, "event": "get move", "selected": 3}, {"time": 619.0291761250701, "event": "select", "selected": 3}, {"time": 619.0292416666634, "event": "visit", "state": 3}, {"time": 620.9103480835911, "event": "done"}]
2024-09-08 17:23:25,547 [INFO]  stop_recording
2024-09-08 17:23:25,565 [INFO]  gt.status is None
2024-09-08 17:23:25,565 [DEBUG]  add bonus points 6 (total = 92)
2024-09-08 17:23:25,565 [INFO]  Trial 15 of 260
2024-09-08 17:23:25,890 [INFO]  begin trial {"kind": "GraphTrial", "graph": [[10, 3], [], [4, 9], [], [], [], [2, 7], [8, 1], [], [], [3, 5]], "rewards": [-4, 2, 1, 2, 4, 0, null, -1, -2, -2, 1], "reward_info": {"-4": {"desc": "pattern_1", "image": "images[0]"}, "-3": {"desc": "pattern_2", "image": "images[1]"}, "-2": {"desc": "pattern_3", "image": "images[2]"}, "-1": {"desc": "pattern_4", "image": "images[3]"}, "0": {"desc": "pattern_5", "image": "images[4]"}, "1": {"desc": "pattern_6", "image": "images[5]"}, "2": {"desc": "pattern_7", "image": "images[6]"}, "3": {"desc": "pattern_8", "image": "images[7]"}, "4": {"desc": "pattern_9", "image": "images[8]"}}, "initial_stage": "planning", "hide_states": false, "hide_rewards_while_acting": false, "hide_edges_while_acting": false, "gaze_contingent": false, "gaze_tolerance": 1.5, "fixation_lag": 0.5, "start": 6}
2024-09-08 17:23:25,890 [INFO]  <eyetracking.EyeLink object at 0x16d719280>
2024-09-08 17:23:25,890 [DEBUG]  GraphTrial.log 621.254 begin drift_check 
2024-09-08 17:23:28,580 [DEBUG]  GraphTrial.log 623.944 initialize status = None
2024-09-08 17:23:28,580 [DEBUG]  GraphTrial.log 623.944 start recording 
2024-09-08 17:23:28,580 [INFO]  start_recording
2024-09-08 17:23:28,707 [DEBUG]  GraphTrial.log 624.070 show graph 
2024-09-08 17:23:28,715 [DEBUG]  STREAM b'IHDR' 16 13
2024-09-08 17:23:28,715 [DEBUG]  STREAM b'IDAT' 41 65536
2024-09-08 17:23:28,727 [DEBUG]  STREAM b'IHDR' 16 13
2024-09-08 17:23:28,728 [DEBUG]  STREAM b'IDAT' 41 65536
2024-09-08 17:23:28,737 [DEBUG]  STREAM b'IHDR' 16 13
2024-09-08 17:23:28,737 [DEBUG]  STREAM b'IDAT' 41 65536
2024-09-08 17:23:28,745 [DEBUG]  STREAM b'IHDR' 16 13
2024-09-08 17:23:28,745 [DEBUG]  STREAM b'IDAT' 41 65536
2024-09-08 17:23:28,755 [DEBUG]  STREAM b'IHDR' 16 13
2024-09-08 17:23:28,755 [DEBUG]  STREAM b'IDAT' 41 65536
2024-09-08 17:23:28,762 [DEBUG]  STREAM b'IHDR' 16 13
2024-09-08 17:23:28,762 [DEBUG]  STREAM b'IDAT' 41 65536
2024-09-08 17:23:28,768 [DEBUG]  STREAM b'IHDR' 16 13
2024-09-08 17:23:28,768 [DEBUG]  STREAM b'IDAT' 41 65536
2024-09-08 17:23:28,773 [DEBUG]  STREAM b'IHDR' 16 13
2024-09-08 17:23:28,773 [DEBUG]  STREAM b'IDAT' 41 65536
2024-09-08 17:23:28,780 [DEBUG]  STREAM b'IHDR' 16 13
2024-09-08 17:23:28,780 [DEBUG]  STREAM b'IDAT' 41 65536
2024-09-08 17:23:28,785 [DEBUG]  STREAM b'IHDR' 16 13
2024-09-08 17:23:28,785 [DEBUG]  STREAM b'IDAT' 41 65536
2024-09-08 17:23:28,790 [DEBUG]  STREAM b'IHDR' 16 13
2024-09-08 17:23:28,790 [DEBUG]  STREAM b'IDAT' 41 65536
2024-09-08 17:23:28,795 [DEBUG]  STREAM b'IHDR' 16 13
2024-09-08 17:23:28,795 [DEBUG]  STREAM b'IDAT' 41 65536
2024-09-08 17:23:28,800 [DEBUG]  STREAM b'IHDR' 16 13
2024-09-08 17:23:28,800 [DEBUG]  STREAM b'IDAT' 41 65536
2024-09-08 17:23:28,805 [DEBUG]  STREAM b'IHDR' 16 13
2024-09-08 17:23:28,805 [DEBUG]  STREAM b'IDAT' 41 65536
2024-09-08 17:23:28,810 [DEBUG]  STREAM b'IHDR' 16 13
2024-09-08 17:23:28,810 [DEBUG]  STREAM b'IDAT' 41 65536
2024-09-08 17:23:28,814 [DEBUG]  STREAM b'IHDR' 16 13
2024-09-08 17:23:28,814 [DEBUG]  STREAM b'IDAT' 41 65536
2024-09-08 17:23:28,820 [DEBUG]  STREAM b'IHDR' 16 13
2024-09-08 17:23:28,820 [DEBUG]  STREAM b'IDAT' 41 65536
2024-09-08 17:23:28,824 [DEBUG]  STREAM b'IHDR' 16 13
2024-09-08 17:23:28,824 [DEBUG]  STREAM b'IDAT' 41 65536
2024-09-08 17:23:28,829 [DEBUG]  STREAM b'IHDR' 16 13
2024-09-08 17:23:28,829 [DEBUG]  STREAM b'IDAT' 41 65536
2024-09-08 17:23:28,833 [DEBUG]  STREAM b'IHDR' 16 13
2024-09-08 17:23:28,833 [DEBUG]  STREAM b'IDAT' 41 65536
2024-09-08 17:23:28,839 [DEBUG]  STREAM b'IHDR' 16 13
2024-09-08 17:23:28,839 [DEBUG]  STREAM b'IDAT' 41 65536
2024-09-08 17:23:28,843 [DEBUG]  STREAM b'IHDR' 16 13
2024-09-08 17:23:28,843 [DEBUG]  STREAM b'IDAT' 41 65536
2024-09-08 17:23:28,847 [DEBUG]  STREAM b'IHDR' 16 13
2024-09-08 17:23:28,847 [DEBUG]  STREAM b'IDAT' 41 65536
2024-09-08 17:23:28,852 [DEBUG]  STREAM b'IHDR' 16 13
2024-09-08 17:23:28,852 [DEBUG]  STREAM b'IDAT' 41 65536
2024-09-08 17:23:28,859 [DEBUG]  STREAM b'IHDR' 16 13
2024-09-08 17:23:28,859 [DEBUG]  STREAM b'IDAT' 41 65536
2024-09-08 17:23:28,863 [DEBUG]  STREAM b'IHDR' 16 13
2024-09-08 17:23:28,864 [DEBUG]  STREAM b'IDAT' 41 65536
2024-09-08 17:23:28,868 [DEBUG]  STREAM b'IHDR' 16 13
2024-09-08 17:23:28,868 [DEBUG]  STREAM b'IDAT' 41 65536
2024-09-08 17:23:28,872 [DEBUG]  STREAM b'IHDR' 16 13
2024-09-08 17:23:28,872 [DEBUG]  STREAM b'IDAT' 41 65536
2024-09-08 17:23:28,877 [DEBUG]  STREAM b'IHDR' 16 13
2024-09-08 17:23:28,877 [DEBUG]  STREAM b'IDAT' 41 65536
2024-09-08 17:23:28,881 [DEBUG]  STREAM b'IHDR' 16 13
2024-09-08 17:23:28,881 [DEBUG]  STREAM b'IDAT' 41 65536
2024-09-08 17:23:28,885 [DEBUG]  STREAM b'IHDR' 16 13
2024-09-08 17:23:28,885 [DEBUG]  STREAM b'IDAT' 41 65536
2024-09-08 17:23:28,889 [DEBUG]  STREAM b'IHDR' 16 13
2024-09-08 17:23:28,889 [DEBUG]  STREAM b'IDAT' 41 65536
2024-09-08 17:23:28,895 [DEBUG]  STREAM b'IHDR' 16 13
2024-09-08 17:23:28,895 [DEBUG]  STREAM b'IDAT' 41 65536
2024-09-08 17:23:28,899 [DEBUG]  STREAM b'IHDR' 16 13
2024-09-08 17:23:28,899 [DEBUG]  STREAM b'IDAT' 41 65536
2024-09-08 17:23:28,903 [DEBUG]  STREAM b'IHDR' 16 13
2024-09-08 17:23:28,903 [DEBUG]  STREAM b'IDAT' 41 65536
2024-09-08 17:23:28,907 [DEBUG]  STREAM b'IHDR' 16 13
2024-09-08 17:23:28,907 [DEBUG]  STREAM b'IDAT' 41 65536
2024-09-08 17:23:28,912 [DEBUG]  STREAM b'IHDR' 16 13
2024-09-08 17:23:28,912 [DEBUG]  STREAM b'IDAT' 41 65536
2024-09-08 17:23:28,917 [DEBUG]  STREAM b'IHDR' 16 13
2024-09-08 17:23:28,917 [DEBUG]  STREAM b'IDAT' 41 65536
2024-09-08 17:23:28,921 [DEBUG]  STREAM b'IHDR' 16 13
2024-09-08 17:23:28,921 [DEBUG]  STREAM b'IDAT' 41 65536
2024-09-08 17:23:28,925 [DEBUG]  STREAM b'IHDR' 16 13
2024-09-08 17:23:28,925 [DEBUG]  STREAM b'IDAT' 41 65536
2024-09-08 17:23:28,934 [DEBUG]  GraphTrial.log 624.298 visit state = 6
2024-09-08 17:23:28,939 [DEBUG]  GraphTrial.log 624.303 start flip_time = 624.3032672086265
2024-09-08 17:23:28,944 [DEBUG]  GraphTrial.log 624.308 get move selected = 2
2024-09-08 17:23:35,026 [DEBUG]  GraphTrial.log 630.390 select selected = 2
2024-09-08 17:23:35,026 [DEBUG]  GraphTrial.log 630.390 visit state = 2
2024-09-08 17:23:35,047 [DEBUG]  GraphTrial.log 630.411 get move selected = 9
2024-09-08 17:23:35,594 [DEBUG]  GraphTrial.log 630.958 switch selected = 4
2024-09-08 17:23:35,961 [DEBUG]  GraphTrial.log 631.325 select selected = 4
2024-09-08 17:23:35,961 [DEBUG]  GraphTrial.log 631.325 visit state = 4
2024-09-08 17:23:37,815 [DEBUG]  GraphTrial.log 633.179 done 
2024-09-08 17:23:37,815 [INFO]  end trial [{"time": 621.2536872499622, "event": "begin drift_check"}, {"time": 623.9439199168701, "event": "initialize", "status": null}, {"time": 623.9442020833958, "event": "start recording"}, {"time": 624.0704837085214, "event": "show graph"}, {"time": 624.2982994166669, "event": "visit", "state": 6}, {"time": 624.3032794585451, "event": "start", "flip_time": 624.3032672086265}, {"time": 624.307977499906, "event": "get move", "selected": 2}, {"time": 630.3898211249616, "event": "select", "selected": 2}, {"time": 630.3899013334885, "event": "visit", "state": 2}, {"time": 630.410821958445, "event": "get move", "selected": 9}, {"time": 630.9576576249674, "event": "switch", "selected": 4}, {"time": 631.3251152918674, "event": "select", "selected": 4}, {"time": 631.3251790835056, "event": "visit", "state": 4}, {"time": 633.1787552500609, "event": "done"}]
2024-09-08 17:23:37,815 [INFO]  stop_recording
2024-09-08 17:23:37,831 [INFO]  gt.status is None
2024-09-08 17:23:37,831 [DEBUG]  add bonus points 5 (total = 97)
2024-09-08 17:23:37,831 [INFO]  Trial 16 of 260
2024-09-08 17:23:37,890 [INFO]  begin trial {"kind": "GraphTrial", "graph": [[], [8], [10], [5, 1], [9, 6], [0, 7], [], [], [], [6, 2], []], "rewards": [-1, -4, 0, null, 1, 4, 0, -3, -3, 4, -1], "reward_info": {"-4": {"desc": "pattern_1", "image": "images[0]"}, "-3": {"desc": "pattern_2", "image": "images[1]"}, "-2": {"desc": "pattern_3", "image": "images[2]"}, "-1": {"desc": "pattern_4", "image": "images[3]"}, "0": {"desc": "pattern_5", "image": "images[4]"}, "1": {"desc": "pattern_6", "image": "images[5]"}, "2": {"desc": "pattern_7", "image": "images[6]"}, "3": {"desc": "pattern_8", "image": "images[7]"}, "4": {"desc": "pattern_9", "image": "images[8]"}}, "initial_stage": "planning", "hide_states": false, "hide_rewards_while_acting": false, "hide_edges_while_acting": false, "gaze_contingent": false, "gaze_tolerance": 1.5, "fixation_lag": 0.5, "start": 3}
2024-09-08 17:23:37,890 [INFO]  <eyetracking.EyeLink object at 0x16d719280>
2024-09-08 17:23:37,890 [DEBUG]  GraphTrial.log 633.254 begin drift_check 
2024-09-08 17:23:40,098 [DEBUG]  GraphTrial.log 635.462 initialize status = None
2024-09-08 17:23:40,098 [DEBUG]  GraphTrial.log 635.462 start recording 
2024-09-08 17:23:40,098 [INFO]  start_recording
2024-09-08 17:23:40,225 [DEBUG]  GraphTrial.log 635.589 show graph 
2024-09-08 17:23:40,234 [DEBUG]  STREAM b'IHDR' 16 13
2024-09-08 17:23:40,234 [DEBUG]  STREAM b'IDAT' 41 65536
2024-09-08 17:23:40,246 [DEBUG]  STREAM b'IHDR' 16 13
2024-09-08 17:23:40,247 [DEBUG]  STREAM b'IDAT' 41 65536
2024-09-08 17:23:40,256 [DEBUG]  STREAM b'IHDR' 16 13
2024-09-08 17:23:40,256 [DEBUG]  STREAM b'IDAT' 41 65536
2024-09-08 17:23:40,264 [DEBUG]  STREAM b'IHDR' 16 13
2024-09-08 17:23:40,264 [DEBUG]  STREAM b'IDAT' 41 65536
2024-09-08 17:23:40,273 [DEBUG]  STREAM b'IHDR' 16 13
2024-09-08 17:23:40,273 [DEBUG]  STREAM b'IDAT' 41 65536
2024-09-08 17:23:40,280 [DEBUG]  STREAM b'IHDR' 16 13
2024-09-08 17:23:40,280 [DEBUG]  STREAM b'IDAT' 41 65536
2024-09-08 17:23:40,285 [DEBUG]  STREAM b'IHDR' 16 13
2024-09-08 17:23:40,286 [DEBUG]  STREAM b'IDAT' 41 65536
2024-09-08 17:23:40,291 [DEBUG]  STREAM b'IHDR' 16 13
2024-09-08 17:23:40,291 [DEBUG]  STREAM b'IDAT' 41 65536
2024-09-08 17:23:40,298 [DEBUG]  STREAM b'IHDR' 16 13
2024-09-08 17:23:40,298 [DEBUG]  STREAM b'IDAT' 41 65536
2024-09-08 17:23:40,303 [DEBUG]  STREAM b'IHDR' 16 13
2024-09-08 17:23:40,303 [DEBUG]  STREAM b'IDAT' 41 65536
2024-09-08 17:23:40,308 [DEBUG]  STREAM b'IHDR' 16 13
2024-09-08 17:23:40,308 [DEBUG]  STREAM b'IDAT' 41 65536
2024-09-08 17:23:40,312 [DEBUG]  STREAM b'IHDR' 16 13
2024-09-08 17:23:40,312 [DEBUG]  STREAM b'IDAT' 41 65536
2024-09-08 17:23:40,320 [DEBUG]  STREAM b'IHDR' 16 13
2024-09-08 17:23:40,320 [DEBUG]  STREAM b'IDAT' 41 65536
2024-09-08 17:23:40,324 [DEBUG]  STREAM b'IHDR' 16 13
2024-09-08 17:23:40,324 [DEBUG]  STREAM b'IDAT' 41 65536
2024-09-08 17:23:40,328 [DEBUG]  STREAM b'IHDR' 16 13
2024-09-08 17:23:40,328 [DEBUG]  STREAM b'IDAT' 41 65536
2024-09-08 17:23:40,333 [DEBUG]  STREAM b'IHDR' 16 13
2024-09-08 17:23:40,333 [DEBUG]  STREAM b'IDAT' 41 65536
2024-09-08 17:23:40,338 [DEBUG]  STREAM b'IHDR' 16 13
2024-09-08 17:23:40,338 [DEBUG]  STREAM b'IDAT' 41 65536
2024-09-08 17:23:40,343 [DEBUG]  STREAM b'IHDR' 16 13
2024-09-08 17:23:40,343 [DEBUG]  STREAM b'IDAT' 41 65536
2024-09-08 17:23:40,347 [DEBUG]  STREAM b'IHDR' 16 13
2024-09-08 17:23:40,347 [DEBUG]  STREAM b'IDAT' 41 65536
2024-09-08 17:23:40,352 [DEBUG]  STREAM b'IHDR' 16 13
2024-09-08 17:23:40,352 [DEBUG]  STREAM b'IDAT' 41 65536
2024-09-08 17:23:40,357 [DEBUG]  STREAM b'IHDR' 16 13
2024-09-08 17:23:40,357 [DEBUG]  STREAM b'IDAT' 41 65536
2024-09-08 17:23:40,362 [DEBUG]  STREAM b'IHDR' 16 13
2024-09-08 17:23:40,362 [DEBUG]  STREAM b'IDAT' 41 65536
2024-09-08 17:23:40,366 [DEBUG]  STREAM b'IHDR' 16 13
2024-09-08 17:23:40,366 [DEBUG]  STREAM b'IDAT' 41 65536
2024-09-08 17:23:40,370 [DEBUG]  STREAM b'IHDR' 16 13
2024-09-08 17:23:40,370 [DEBUG]  STREAM b'IDAT' 41 65536
2024-09-08 17:23:40,376 [DEBUG]  STREAM b'IHDR' 16 13
2024-09-08 17:23:40,376 [DEBUG]  STREAM b'IDAT' 41 65536
2024-09-08 17:23:40,380 [DEBUG]  STREAM b'IHDR' 16 13
2024-09-08 17:23:40,380 [DEBUG]  STREAM b'IDAT' 41 65536
2024-09-08 17:23:40,384 [DEBUG]  STREAM b'IHDR' 16 13
2024-09-08 17:23:40,384 [DEBUG]  STREAM b'IDAT' 41 65536
2024-09-08 17:23:40,388 [DEBUG]  STREAM b'IHDR' 16 13
2024-09-08 17:23:40,388 [DEBUG]  STREAM b'IDAT' 41 65536
2024-09-08 17:23:40,393 [DEBUG]  STREAM b'IHDR' 16 13
2024-09-08 17:23:40,393 [DEBUG]  STREAM b'IDAT' 41 65536
2024-09-08 17:23:40,398 [DEBUG]  STREAM b'IHDR' 16 13
2024-09-08 17:23:40,398 [DEBUG]  STREAM b'IDAT' 41 65536
2024-09-08 17:23:40,402 [DEBUG]  STREAM b'IHDR' 16 13
2024-09-08 17:23:40,402 [DEBUG]  STREAM b'IDAT' 41 65536
2024-09-08 17:23:40,406 [DEBUG]  STREAM b'IHDR' 16 13
2024-09-08 17:23:40,406 [DEBUG]  STREAM b'IDAT' 41 65536
2024-09-08 17:23:40,411 [DEBUG]  STREAM b'IHDR' 16 13
2024-09-08 17:23:40,411 [DEBUG]  STREAM b'IDAT' 41 65536
2024-09-08 17:23:40,416 [DEBUG]  STREAM b'IHDR' 16 13
2024-09-08 17:23:40,416 [DEBUG]  STREAM b'IDAT' 41 65536
2024-09-08 17:23:40,420 [DEBUG]  STREAM b'IHDR' 16 13
2024-09-08 17:23:40,420 [DEBUG]  STREAM b'IDAT' 41 65536
2024-09-08 17:23:40,425 [DEBUG]  STREAM b'IHDR' 16 13
2024-09-08 17:23:40,425 [DEBUG]  STREAM b'IDAT' 41 65536
2024-09-08 17:23:40,431 [DEBUG]  STREAM b'IHDR' 16 13
2024-09-08 17:23:40,431 [DEBUG]  STREAM b'IDAT' 41 65536
2024-09-08 17:23:40,435 [DEBUG]  STREAM b'IHDR' 16 13
2024-09-08 17:23:40,435 [DEBUG]  STREAM b'IDAT' 41 65536
2024-09-08 17:23:40,439 [DEBUG]  STREAM b'IHDR' 16 13
2024-09-08 17:23:40,439 [DEBUG]  STREAM b'IDAT' 41 65536
2024-09-08 17:23:40,443 [DEBUG]  STREAM b'IHDR' 16 13
2024-09-08 17:23:40,443 [DEBUG]  STREAM b'IDAT' 41 65536
2024-09-08 17:23:40,452 [DEBUG]  GraphTrial.log 635.816 visit state = 3
2024-09-08 17:23:40,457 [DEBUG]  GraphTrial.log 635.821 start flip_time = 635.8212281668093
2024-09-08 17:23:40,462 [DEBUG]  GraphTrial.log 635.826 get move selected = 1
2024-09-08 17:23:47,362 [DEBUG]  GraphTrial.log 642.726 switch selected = 5
2024-09-08 17:23:47,889 [DEBUG]  GraphTrial.log 643.253 select selected = 5
2024-09-08 17:23:47,889 [DEBUG]  GraphTrial.log 643.253 visit state = 5
2024-09-08 17:23:47,900 [DEBUG]  GraphTrial.log 643.264 get move selected = 0
2024-09-08 17:23:48,561 [DEBUG]  GraphTrial.log 643.925 select selected = 0
2024-09-08 17:23:48,561 [DEBUG]  GraphTrial.log 643.925 visit state = 0
2024-09-08 17:23:50,429 [DEBUG]  GraphTrial.log 645.793 done 
2024-09-08 17:23:50,430 [INFO]  end trial [{"time": 633.2537406249903, "event": "begin drift_check"}, {"time": 635.4617924999911, "event": "initialize", "status": null}, {"time": 635.4621245418675, "event": "start recording"}, {"time": 635.58891770849, "event": "show graph"}, {"time": 635.8161676668096, "event": "visit", "state": 3}, {"time": 635.8212572918274, "event": "start", "flip_time": 635.8212281668093}, {"time": 635.8259942918085, "event": "get move", "selected": 1}, {"time": 642.726288374979, "event": "switch", "selected": 5}, {"time": 643.2528599584475, "event": "select", "selected": 5}, {"time": 643.2529309585225, "event": "visit", "state": 5}, {"time": 643.2640307084657, "event": "get move", "selected": 0}, {"time": 643.9252405418083, "event": "select", "selected": 0}, {"time": 643.9253041667398, "event": "visit", "state": 0}, {"time": 645.7933067500126, "event": "done"}]
2024-09-08 17:23:50,430 [INFO]  stop_recording
2024-09-08 17:23:50,445 [INFO]  gt.status is None
2024-09-08 17:23:50,446 [DEBUG]  add bonus points 3 (total = 100)
2024-09-08 17:23:50,446 [INFO]  Trial 17 of 260
2024-09-08 17:23:50,730 [INFO]  begin trial {"kind": "GraphTrial", "graph": [[10, 9], [2, 6], [7, 8], [], [], [], [5, 3], [], [], [], [9, 4]], "rewards": [1, null, 2, 1, 0, -4, 4, -1, -3, -4, 1], "reward_info": {"-4": {"desc": "pattern_1", "image": "images[0]"}, "-3": {"desc": "pattern_2", "image": "images[1]"}, "-2": {"desc": "pattern_3", "image": "images[2]"}, "-1": {"desc": "pattern_4", "image": "images[3]"}, "0": {"desc": "pattern_5", "image": "images[4]"}, "1": {"desc": "pattern_6", "image": "images[5]"}, "2": {"desc": "pattern_7", "image": "images[6]"}, "3": {"desc": "pattern_8", "image": "images[7]"}, "4": {"desc": "pattern_9", "image": "images[8]"}}, "initial_stage": "planning", "hide_states": false, "hide_rewards_while_acting": false, "hide_edges_while_acting": false, "gaze_contingent": false, "gaze_tolerance": 1.5, "fixation_lag": 0.5, "start": 1}
2024-09-08 17:23:50,730 [INFO]  <eyetracking.EyeLink object at 0x16d719280>
2024-09-08 17:23:50,730 [DEBUG]  GraphTrial.log 646.094 begin drift_check 
2024-09-08 17:23:52,815 [DEBUG]  GraphTrial.log 648.179 initialize status = None
2024-09-08 17:23:52,815 [DEBUG]  GraphTrial.log 648.179 start recording 
2024-09-08 17:23:52,815 [INFO]  start_recording
2024-09-08 17:23:52,942 [DEBUG]  GraphTrial.log 648.306 show graph 
2024-09-08 17:23:52,951 [DEBUG]  STREAM b'IHDR' 16 13
2024-09-08 17:23:52,951 [DEBUG]  STREAM b'IDAT' 41 65536
2024-09-08 17:23:52,964 [DEBUG]  STREAM b'IHDR' 16 13
2024-09-08 17:23:52,964 [DEBUG]  STREAM b'IDAT' 41 65536
2024-09-08 17:23:52,974 [DEBUG]  STREAM b'IHDR' 16 13
2024-09-08 17:23:52,974 [DEBUG]  STREAM b'IDAT' 41 65536
2024-09-08 17:23:52,982 [DEBUG]  STREAM b'IHDR' 16 13
2024-09-08 17:23:52,982 [DEBUG]  STREAM b'IDAT' 41 65536
2024-09-08 17:23:52,993 [DEBUG]  STREAM b'IHDR' 16 13
2024-09-08 17:23:52,993 [DEBUG]  STREAM b'IDAT' 41 65536
2024-09-08 17:23:52,999 [DEBUG]  STREAM b'IHDR' 16 13
2024-09-08 17:23:52,999 [DEBUG]  STREAM b'IDAT' 41 65536
2024-09-08 17:23:53,005 [DEBUG]  STREAM b'IHDR' 16 13
2024-09-08 17:23:53,005 [DEBUG]  STREAM b'IDAT' 41 65536
2024-09-08 17:23:53,011 [DEBUG]  STREAM b'IHDR' 16 13
2024-09-08 17:23:53,011 [DEBUG]  STREAM b'IDAT' 41 65536
2024-09-08 17:23:53,018 [DEBUG]  STREAM b'IHDR' 16 13
2024-09-08 17:23:53,018 [DEBUG]  STREAM b'IDAT' 41 65536
2024-09-08 17:23:53,023 [DEBUG]  STREAM b'IHDR' 16 13
2024-09-08 17:23:53,023 [DEBUG]  STREAM b'IDAT' 41 65536
2024-09-08 17:23:53,027 [DEBUG]  STREAM b'IHDR' 16 13
2024-09-08 17:23:53,027 [DEBUG]  STREAM b'IDAT' 41 65536
2024-09-08 17:23:53,032 [DEBUG]  STREAM b'IHDR' 16 13
2024-09-08 17:23:53,032 [DEBUG]  STREAM b'IDAT' 41 65536
2024-09-08 17:23:53,038 [DEBUG]  STREAM b'IHDR' 16 13
2024-09-08 17:23:53,038 [DEBUG]  STREAM b'IDAT' 41 65536
2024-09-08 17:23:53,042 [DEBUG]  STREAM b'IHDR' 16 13
2024-09-08 17:23:53,042 [DEBUG]  STREAM b'IDAT' 41 65536
2024-09-08 17:23:53,047 [DEBUG]  STREAM b'IHDR' 16 13
2024-09-08 17:23:53,047 [DEBUG]  STREAM b'IDAT' 41 65536
2024-09-08 17:23:53,051 [DEBUG]  STREAM b'IHDR' 16 13
2024-09-08 17:23:53,051 [DEBUG]  STREAM b'IDAT' 41 65536
2024-09-08 17:23:53,056 [DEBUG]  STREAM b'IHDR' 16 13
2024-09-08 17:23:53,056 [DEBUG]  STREAM b'IDAT' 41 65536
2024-09-08 17:23:53,061 [DEBUG]  STREAM b'IHDR' 16 13
2024-09-08 17:23:53,061 [DEBUG]  STREAM b'IDAT' 41 65536
2024-09-08 17:23:53,065 [DEBUG]  STREAM b'IHDR' 16 13
2024-09-08 17:23:53,065 [DEBUG]  STREAM b'IDAT' 41 65536
2024-09-08 17:23:53,069 [DEBUG]  STREAM b'IHDR' 16 13
2024-09-08 17:23:53,069 [DEBUG]  STREAM b'IDAT' 41 65536
2024-09-08 17:23:53,074 [DEBUG]  STREAM b'IHDR' 16 13
2024-09-08 17:23:53,074 [DEBUG]  STREAM b'IDAT' 41 65536
2024-09-08 17:23:53,079 [DEBUG]  STREAM b'IHDR' 16 13
2024-09-08 17:23:53,079 [DEBUG]  STREAM b'IDAT' 41 65536
2024-09-08 17:23:53,083 [DEBUG]  STREAM b'IHDR' 16 13
2024-09-08 17:23:53,083 [DEBUG]  STREAM b'IDAT' 41 65536
2024-09-08 17:23:53,088 [DEBUG]  STREAM b'IHDR' 16 13
2024-09-08 17:23:53,088 [DEBUG]  STREAM b'IDAT' 41 65536
2024-09-08 17:23:53,094 [DEBUG]  STREAM b'IHDR' 16 13
2024-09-08 17:23:53,094 [DEBUG]  STREAM b'IDAT' 41 65536
2024-09-08 17:23:53,098 [DEBUG]  STREAM b'IHDR' 16 13
2024-09-08 17:23:53,098 [DEBUG]  STREAM b'IDAT' 41 65536
2024-09-08 17:23:53,102 [DEBUG]  STREAM b'IHDR' 16 13
2024-09-08 17:23:53,102 [DEBUG]  STREAM b'IDAT' 41 65536
2024-09-08 17:23:53,106 [DEBUG]  STREAM b'IHDR' 16 13
2024-09-08 17:23:53,106 [DEBUG]  STREAM b'IDAT' 41 65536
2024-09-08 17:23:53,111 [DEBUG]  STREAM b'IHDR' 16 13
2024-09-08 17:23:53,111 [DEBUG]  STREAM b'IDAT' 41 65536
2024-09-08 17:23:53,116 [DEBUG]  STREAM b'IHDR' 16 13
2024-09-08 17:23:53,116 [DEBUG]  STREAM b'IDAT' 41 65536
2024-09-08 17:23:53,120 [DEBUG]  STREAM b'IHDR' 16 13
2024-09-08 17:23:53,120 [DEBUG]  STREAM b'IDAT' 41 65536
2024-09-08 17:23:53,124 [DEBUG]  STREAM b'IHDR' 16 13
2024-09-08 17:23:53,124 [DEBUG]  STREAM b'IDAT' 41 65536
2024-09-08 17:23:53,129 [DEBUG]  STREAM b'IHDR' 16 13
2024-09-08 17:23:53,129 [DEBUG]  STREAM b'IDAT' 41 65536
2024-09-08 17:23:53,133 [DEBUG]  STREAM b'IHDR' 16 13
2024-09-08 17:23:53,133 [DEBUG]  STREAM b'IDAT' 41 65536
2024-09-08 17:23:53,138 [DEBUG]  STREAM b'IHDR' 16 13
2024-09-08 17:23:53,138 [DEBUG]  STREAM b'IDAT' 41 65536
2024-09-08 17:23:53,142 [DEBUG]  STREAM b'IHDR' 16 13
2024-09-08 17:23:53,142 [DEBUG]  STREAM b'IDAT' 41 65536
2024-09-08 17:23:53,147 [DEBUG]  STREAM b'IHDR' 16 13
2024-09-08 17:23:53,147 [DEBUG]  STREAM b'IDAT' 41 65536
2024-09-08 17:23:53,151 [DEBUG]  STREAM b'IHDR' 16 13
2024-09-08 17:23:53,151 [DEBUG]  STREAM b'IDAT' 41 65536
2024-09-08 17:23:53,155 [DEBUG]  STREAM b'IHDR' 16 13
2024-09-08 17:23:53,155 [DEBUG]  STREAM b'IDAT' 41 65536
2024-09-08 17:23:53,159 [DEBUG]  STREAM b'IHDR' 16 13
2024-09-08 17:23:53,159 [DEBUG]  STREAM b'IDAT' 41 65536
2024-09-08 17:23:53,169 [DEBUG]  GraphTrial.log 648.533 visit state = 1
2024-09-08 17:23:53,174 [DEBUG]  GraphTrial.log 648.538 start flip_time = 648.5377864586189
2024-09-08 17:23:53,179 [DEBUG]  GraphTrial.log 648.542 get move selected = 6
2024-09-08 17:23:57,626 [DEBUG]  GraphTrial.log 652.990 select selected = 6
2024-09-08 17:23:57,626 [DEBUG]  GraphTrial.log 652.990 visit state = 6
2024-09-08 17:23:57,648 [DEBUG]  GraphTrial.log 653.012 get move selected = 5
2024-09-08 17:23:58,154 [DEBUG]  GraphTrial.log 653.518 switch selected = 3
2024-09-08 17:23:58,433 [DEBUG]  GraphTrial.log 653.797 select selected = 3
2024-09-08 17:23:58,433 [DEBUG]  GraphTrial.log 653.797 visit state = 3
2024-09-08 17:24:00,313 [DEBUG]  GraphTrial.log 655.677 done 
2024-09-08 17:24:00,313 [INFO]  end trial [{"time": 646.0937661668286, "event": "begin drift_check"}, {"time": 648.1785121667199, "event": "initialize", "status": null}, {"time": 648.1789298334625, "event": "start recording"}, {"time": 648.3059742499609, "event": "show graph"}, {"time": 648.5328088335227, "event": "visit", "state": 1}, {"time": 648.5378044168465, "event": "start", "flip_time": 648.5377864586189}, {"time": 648.542477666866, "event": "get move", "selected": 6}, {"time": 652.9897539168596, "event": "select", "selected": 6}, {"time": 652.9898240834009, "event": "visit", "state": 6}, {"time": 653.0119078750722, "event": "get move", "selected": 5}, {"time": 653.5178417086136, "event": "switch", "selected": 3}, {"time": 653.7971523751039, "event": "select", "selected": 3}, {"time": 653.7972260417882, "event": "visit", "state": 3}, {"time": 655.6768371667713, "event": "done"}]
2024-09-08 17:24:00,313 [INFO]  stop_recording
2024-09-08 17:24:00,330 [INFO]  gt.status is None
2024-09-08 17:24:00,330 [DEBUG]  add bonus points 5 (total = 105)
2024-09-08 17:24:00,330 [INFO]  Trial 18 of 260
2024-09-08 17:24:00,482 [INFO]  begin trial {"kind": "GraphTrial", "graph": [[], [5], [8], [], [7, 2], [], [], [3, 6], [], [0, 1], [9, 0]], "rewards": [-3, 3, 2, -3, null, -3, 3, 4, -3, 2, -4], "reward_info": {"-4": {"desc": "pattern_1", "image": "images[0]"}, "-3": {"desc": "pattern_2", "image": "images[1]"}, "-2": {"desc": "pattern_3", "image": "images[2]"}, "-1": {"desc": "pattern_4", "image": "images[3]"}, "0": {"desc": "pattern_5", "image": "images[4]"}, "1": {"desc": "pattern_6", "image": "images[5]"}, "2": {"desc": "pattern_7", "image": "images[6]"}, "3": {"desc": "pattern_8", "image": "images[7]"}, "4": {"desc": "pattern_9", "image": "images[8]"}}, "initial_stage": "planning", "hide_states": false, "hide_rewards_while_acting": false, "hide_edges_while_acting": false, "gaze_contingent": false, "gaze_tolerance": 1.5, "fixation_lag": 0.5, "start": 4}
2024-09-08 17:24:00,482 [INFO]  <eyetracking.EyeLink object at 0x16d719280>
2024-09-08 17:24:00,482 [DEBUG]  GraphTrial.log 655.846 begin drift_check 
2024-09-08 17:24:02,846 [DEBUG]  GraphTrial.log 658.210 initialize status = None
2024-09-08 17:24:02,847 [DEBUG]  GraphTrial.log 658.210 start recording 
2024-09-08 17:24:02,847 [INFO]  start_recording
2024-09-08 17:24:02,972 [DEBUG]  GraphTrial.log 658.336 show graph 
2024-09-08 17:24:02,981 [DEBUG]  STREAM b'IHDR' 16 13
2024-09-08 17:24:02,981 [DEBUG]  STREAM b'IDAT' 41 65536
2024-09-08 17:24:02,993 [DEBUG]  STREAM b'IHDR' 16 13
2024-09-08 17:24:02,994 [DEBUG]  STREAM b'IDAT' 41 65536
2024-09-08 17:24:03,003 [DEBUG]  STREAM b'IHDR' 16 13
2024-09-08 17:24:03,003 [DEBUG]  STREAM b'IDAT' 41 65536
2024-09-08 17:24:03,012 [DEBUG]  STREAM b'IHDR' 16 13
2024-09-08 17:24:03,012 [DEBUG]  STREAM b'IDAT' 41 65536
2024-09-08 17:24:03,021 [DEBUG]  STREAM b'IHDR' 16 13
2024-09-08 17:24:03,021 [DEBUG]  STREAM b'IDAT' 41 65536
2024-09-08 17:24:03,028 [DEBUG]  STREAM b'IHDR' 16 13
2024-09-08 17:24:03,028 [DEBUG]  STREAM b'IDAT' 41 65536
2024-09-08 17:24:03,034 [DEBUG]  STREAM b'IHDR' 16 13
2024-09-08 17:24:03,034 [DEBUG]  STREAM b'IDAT' 41 65536
2024-09-08 17:24:03,040 [DEBUG]  STREAM b'IHDR' 16 13
2024-09-08 17:24:03,040 [DEBUG]  STREAM b'IDAT' 41 65536
2024-09-08 17:24:03,047 [DEBUG]  STREAM b'IHDR' 16 13
2024-09-08 17:24:03,047 [DEBUG]  STREAM b'IDAT' 41 65536
2024-09-08 17:24:03,053 [DEBUG]  STREAM b'IHDR' 16 13
2024-09-08 17:24:03,053 [DEBUG]  STREAM b'IDAT' 41 65536
2024-09-08 17:24:03,057 [DEBUG]  STREAM b'IHDR' 16 13
2024-09-08 17:24:03,057 [DEBUG]  STREAM b'IDAT' 41 65536
2024-09-08 17:24:03,062 [DEBUG]  STREAM b'IHDR' 16 13
2024-09-08 17:24:03,062 [DEBUG]  STREAM b'IDAT' 41 65536
2024-09-08 17:24:03,068 [DEBUG]  STREAM b'IHDR' 16 13
2024-09-08 17:24:03,068 [DEBUG]  STREAM b'IDAT' 41 65536
2024-09-08 17:24:03,073 [DEBUG]  STREAM b'IHDR' 16 13
2024-09-08 17:24:03,073 [DEBUG]  STREAM b'IDAT' 41 65536
2024-09-08 17:24:03,077 [DEBUG]  STREAM b'IHDR' 16 13
2024-09-08 17:24:03,077 [DEBUG]  STREAM b'IDAT' 41 65536
2024-09-08 17:24:03,081 [DEBUG]  STREAM b'IHDR' 16 13
2024-09-08 17:24:03,081 [DEBUG]  STREAM b'IDAT' 41 65536
2024-09-08 17:24:03,088 [DEBUG]  STREAM b'IHDR' 16 13
2024-09-08 17:24:03,088 [DEBUG]  STREAM b'IDAT' 41 65536
2024-09-08 17:24:03,092 [DEBUG]  STREAM b'IHDR' 16 13
2024-09-08 17:24:03,092 [DEBUG]  STREAM b'IDAT' 41 65536
2024-09-08 17:24:03,096 [DEBUG]  STREAM b'IHDR' 16 13
2024-09-08 17:24:03,096 [DEBUG]  STREAM b'IDAT' 41 65536
2024-09-08 17:24:03,100 [DEBUG]  STREAM b'IHDR' 16 13
2024-09-08 17:24:03,100 [DEBUG]  STREAM b'IDAT' 41 65536
2024-09-08 17:24:03,106 [DEBUG]  STREAM b'IHDR' 16 13
2024-09-08 17:24:03,106 [DEBUG]  STREAM b'IDAT' 41 65536
2024-09-08 17:24:03,110 [DEBUG]  STREAM b'IHDR' 16 13
2024-09-08 17:24:03,110 [DEBUG]  STREAM b'IDAT' 41 65536
2024-09-08 17:24:03,115 [DEBUG]  STREAM b'IHDR' 16 13
2024-09-08 17:24:03,115 [DEBUG]  STREAM b'IDAT' 41 65536
2024-09-08 17:24:03,119 [DEBUG]  STREAM b'IHDR' 16 13
2024-09-08 17:24:03,119 [DEBUG]  STREAM b'IDAT' 41 65536
2024-09-08 17:24:03,125 [DEBUG]  STREAM b'IHDR' 16 13
2024-09-08 17:24:03,125 [DEBUG]  STREAM b'IDAT' 41 65536
2024-09-08 17:24:03,130 [DEBUG]  STREAM b'IHDR' 16 13
2024-09-08 17:24:03,130 [DEBUG]  STREAM b'IDAT' 41 65536
2024-09-08 17:24:03,134 [DEBUG]  STREAM b'IHDR' 16 13
2024-09-08 17:24:03,134 [DEBUG]  STREAM b'IDAT' 41 65536
2024-09-08 17:24:03,138 [DEBUG]  STREAM b'IHDR' 16 13
2024-09-08 17:24:03,138 [DEBUG]  STREAM b'IDAT' 41 65536
2024-09-08 17:24:03,144 [DEBUG]  STREAM b'IHDR' 16 13
2024-09-08 17:24:03,144 [DEBUG]  STREAM b'IDAT' 41 65536
2024-09-08 17:24:03,148 [DEBUG]  STREAM b'IHDR' 16 13
2024-09-08 17:24:03,149 [DEBUG]  STREAM b'IDAT' 41 65536
2024-09-08 17:24:03,153 [DEBUG]  STREAM b'IHDR' 16 13
2024-09-08 17:24:03,153 [DEBUG]  STREAM b'IDAT' 41 65536
2024-09-08 17:24:03,157 [DEBUG]  STREAM b'IHDR' 16 13
2024-09-08 17:24:03,157 [DEBUG]  STREAM b'IDAT' 41 65536
2024-09-08 17:24:03,162 [DEBUG]  STREAM b'IHDR' 16 13
2024-09-08 17:24:03,162 [DEBUG]  STREAM b'IDAT' 41 65536
2024-09-08 17:24:03,167 [DEBUG]  STREAM b'IHDR' 16 13
2024-09-08 17:24:03,167 [DEBUG]  STREAM b'IDAT' 41 65536
2024-09-08 17:24:03,171 [DEBUG]  STREAM b'IHDR' 16 13
2024-09-08 17:24:03,171 [DEBUG]  STREAM b'IDAT' 41 65536
2024-09-08 17:24:03,175 [DEBUG]  STREAM b'IHDR' 16 13
2024-09-08 17:24:03,175 [DEBUG]  STREAM b'IDAT' 41 65536
2024-09-08 17:24:03,181 [DEBUG]  STREAM b'IHDR' 16 13
2024-09-08 17:24:03,181 [DEBUG]  STREAM b'IDAT' 41 65536
2024-09-08 17:24:03,185 [DEBUG]  STREAM b'IHDR' 16 13
2024-09-08 17:24:03,185 [DEBUG]  STREAM b'IDAT' 41 65536
2024-09-08 17:24:03,189 [DEBUG]  STREAM b'IHDR' 16 13
2024-09-08 17:24:03,189 [DEBUG]  STREAM b'IDAT' 41 65536
2024-09-08 17:24:03,193 [DEBUG]  STREAM b'IHDR' 16 13
2024-09-08 17:24:03,193 [DEBUG]  STREAM b'IDAT' 41 65536
2024-09-08 17:24:03,203 [DEBUG]  GraphTrial.log 658.567 visit state = 4
2024-09-08 17:24:03,208 [DEBUG]  GraphTrial.log 658.572 start flip_time = 658.5719691668637
2024-09-08 17:24:03,215 [DEBUG]  GraphTrial.log 658.579 get move selected = 7
2024-09-08 17:24:11,306 [DEBUG]  GraphTrial.log 666.670 select selected = 7
2024-09-08 17:24:11,307 [DEBUG]  GraphTrial.log 666.670 visit state = 7
2024-09-08 17:24:11,320 [DEBUG]  GraphTrial.log 666.684 get move selected = 3
2024-09-08 17:24:11,986 [DEBUG]  GraphTrial.log 667.350 switch selected = 6
2024-09-08 17:24:12,505 [DEBUG]  GraphTrial.log 667.869 select selected = 6
2024-09-08 17:24:12,505 [DEBUG]  GraphTrial.log 667.869 visit state = 6
2024-09-08 17:24:14,348 [DEBUG]  GraphTrial.log 669.712 done 
2024-09-08 17:24:14,348 [INFO]  end trial [{"time": 655.8457423751242, "event": "begin drift_check"}, {"time": 658.2101957916748, "event": "initialize", "status": null}, {"time": 658.2104067916516, "event": "start recording"}, {"time": 658.3358351667412, "event": "show graph"}, {"time": 658.5666231666692, "event": "visit", "state": 4}, {"time": 658.5719888336025, "event": "start", "flip_time": 658.5719691668637}, {"time": 658.5790436668321, "event": "get move", "selected": 7}, {"time": 666.6701177917421, "event": "select", "selected": 7}, {"time": 666.6704922500066, "event": "visit", "state": 7}, {"time": 666.6835124585778, "event": "get move", "selected": 3}, {"time": 667.3498187500518, "event": "switch", "selected": 6}, {"time": 667.8691840835381, "event": "select", "selected": 6}, {"time": 667.8692554584704, "event": "visit", "state": 6}, {"time": 669.7117545418441, "event": "done"}]
2024-09-08 17:24:14,348 [INFO]  stop_recording
2024-09-08 17:24:14,365 [INFO]  gt.status is None
2024-09-08 17:24:14,365 [DEBUG]  add bonus points 7 (total = 112)
2024-09-08 17:24:14,365 [INFO]  Trial 19 of 260
2024-09-08 17:24:14,546 [INFO]  begin trial {"kind": "GraphTrial", "graph": [[], [], [], [9, 4], [], [], [], [1, 6], [7, 10], [4, 5], [0, 2]], "rewards": [-3, -2, -1, 4, -3, -2, 3, 1, null, 1, -2], "reward_info": {"-4": {"desc": "pattern_1", "image": "images[0]"}, "-3": {"desc": "pattern_2", "image": "images[1]"}, "-2": {"desc": "pattern_3", "image": "images[2]"}, "-1": {"desc": "pattern_4", "image": "images[3]"}, "0": {"desc": "pattern_5", "image": "images[4]"}, "1": {"desc": "pattern_6", "image": "images[5]"}, "2": {"desc": "pattern_7", "image": "images[6]"}, "3": {"desc": "pattern_8", "image": "images[7]"}, "4": {"desc": "pattern_9", "image": "images[8]"}}, "initial_stage": "planning", "hide_states": false, "hide_rewards_while_acting": false, "hide_edges_while_acting": false, "gaze_contingent": false, "gaze_tolerance": 1.5, "fixation_lag": 0.5, "start": 8}
2024-09-08 17:24:14,546 [INFO]  <eyetracking.EyeLink object at 0x16d719280>
2024-09-08 17:24:14,546 [DEBUG]  GraphTrial.log 669.910 begin drift_check 
2024-09-08 17:24:16,631 [DEBUG]  GraphTrial.log 671.995 initialize status = None
2024-09-08 17:24:16,631 [DEBUG]  GraphTrial.log 671.995 start recording 
2024-09-08 17:24:16,632 [INFO]  start_recording
2024-09-08 17:24:16,756 [DEBUG]  GraphTrial.log 672.120 show graph 
2024-09-08 17:24:16,765 [DEBUG]  STREAM b'IHDR' 16 13
2024-09-08 17:24:16,765 [DEBUG]  STREAM b'IDAT' 41 65536
2024-09-08 17:24:16,778 [DEBUG]  STREAM b'IHDR' 16 13
2024-09-08 17:24:16,778 [DEBUG]  STREAM b'IDAT' 41 65536
2024-09-08 17:24:16,788 [DEBUG]  STREAM b'IHDR' 16 13
2024-09-08 17:24:16,788 [DEBUG]  STREAM b'IDAT' 41 65536
2024-09-08 17:24:16,796 [DEBUG]  STREAM b'IHDR' 16 13
2024-09-08 17:24:16,796 [DEBUG]  STREAM b'IDAT' 41 65536
2024-09-08 17:24:16,806 [DEBUG]  STREAM b'IHDR' 16 13
2024-09-08 17:24:16,806 [DEBUG]  STREAM b'IDAT' 41 65536
2024-09-08 17:24:16,813 [DEBUG]  STREAM b'IHDR' 16 13
2024-09-08 17:24:16,813 [DEBUG]  STREAM b'IDAT' 41 65536
2024-09-08 17:24:16,819 [DEBUG]  STREAM b'IHDR' 16 13
2024-09-08 17:24:16,819 [DEBUG]  STREAM b'IDAT' 41 65536
2024-09-08 17:24:16,824 [DEBUG]  STREAM b'IHDR' 16 13
2024-09-08 17:24:16,824 [DEBUG]  STREAM b'IDAT' 41 65536
2024-09-08 17:24:16,831 [DEBUG]  STREAM b'IHDR' 16 13
2024-09-08 17:24:16,831 [DEBUG]  STREAM b'IDAT' 41 65536
2024-09-08 17:24:16,836 [DEBUG]  STREAM b'IHDR' 16 13
2024-09-08 17:24:16,836 [DEBUG]  STREAM b'IDAT' 41 65536
2024-09-08 17:24:16,841 [DEBUG]  STREAM b'IHDR' 16 13
2024-09-08 17:24:16,841 [DEBUG]  STREAM b'IDAT' 41 65536
2024-09-08 17:24:16,845 [DEBUG]  STREAM b'IHDR' 16 13
2024-09-08 17:24:16,845 [DEBUG]  STREAM b'IDAT' 41 65536
2024-09-08 17:24:16,851 [DEBUG]  STREAM b'IHDR' 16 13
2024-09-08 17:24:16,851 [DEBUG]  STREAM b'IDAT' 41 65536
2024-09-08 17:24:16,856 [DEBUG]  STREAM b'IHDR' 16 13
2024-09-08 17:24:16,856 [DEBUG]  STREAM b'IDAT' 41 65536
2024-09-08 17:24:16,861 [DEBUG]  STREAM b'IHDR' 16 13
2024-09-08 17:24:16,861 [DEBUG]  STREAM b'IDAT' 41 65536
2024-09-08 17:24:16,865 [DEBUG]  STREAM b'IHDR' 16 13
2024-09-08 17:24:16,865 [DEBUG]  STREAM b'IDAT' 41 65536
2024-09-08 17:24:16,871 [DEBUG]  STREAM b'IHDR' 16 13
2024-09-08 17:24:16,871 [DEBUG]  STREAM b'IDAT' 41 65536
2024-09-08 17:24:16,875 [DEBUG]  STREAM b'IHDR' 16 13
2024-09-08 17:24:16,875 [DEBUG]  STREAM b'IDAT' 41 65536
2024-09-08 17:24:16,879 [DEBUG]  STREAM b'IHDR' 16 13
2024-09-08 17:24:16,879 [DEBUG]  STREAM b'IDAT' 41 65536
2024-09-08 17:24:16,883 [DEBUG]  STREAM b'IHDR' 16 13
2024-09-08 17:24:16,883 [DEBUG]  STREAM b'IDAT' 41 65536
2024-09-08 17:24:16,889 [DEBUG]  STREAM b'IHDR' 16 13
2024-09-08 17:24:16,889 [DEBUG]  STREAM b'IDAT' 41 65536
2024-09-08 17:24:16,893 [DEBUG]  STREAM b'IHDR' 16 13
2024-09-08 17:24:16,893 [DEBUG]  STREAM b'IDAT' 41 65536
2024-09-08 17:24:16,897 [DEBUG]  STREAM b'IHDR' 16 13
2024-09-08 17:24:16,897 [DEBUG]  STREAM b'IDAT' 41 65536
2024-09-08 17:24:16,901 [DEBUG]  STREAM b'IHDR' 16 13
2024-09-08 17:24:16,901 [DEBUG]  STREAM b'IDAT' 41 65536
2024-09-08 17:24:16,907 [DEBUG]  STREAM b'IHDR' 16 13
2024-09-08 17:24:16,907 [DEBUG]  STREAM b'IDAT' 41 65536
2024-09-08 17:24:16,911 [DEBUG]  STREAM b'IHDR' 16 13
2024-09-08 17:24:16,911 [DEBUG]  STREAM b'IDAT' 41 65536
2024-09-08 17:24:16,916 [DEBUG]  STREAM b'IHDR' 16 13
2024-09-08 17:24:16,916 [DEBUG]  STREAM b'IDAT' 41 65536
2024-09-08 17:24:16,920 [DEBUG]  STREAM b'IHDR' 16 13
2024-09-08 17:24:16,920 [DEBUG]  STREAM b'IDAT' 41 65536
2024-09-08 17:24:16,926 [DEBUG]  STREAM b'IHDR' 16 13
2024-09-08 17:24:16,926 [DEBUG]  STREAM b'IDAT' 41 65536
2024-09-08 17:24:16,931 [DEBUG]  STREAM b'IHDR' 16 13
2024-09-08 17:24:16,931 [DEBUG]  STREAM b'IDAT' 41 65536
2024-09-08 17:24:16,935 [DEBUG]  STREAM b'IHDR' 16 13
2024-09-08 17:24:16,935 [DEBUG]  STREAM b'IDAT' 41 65536
2024-09-08 17:24:16,939 [DEBUG]  STREAM b'IHDR' 16 13
2024-09-08 17:24:16,939 [DEBUG]  STREAM b'IDAT' 41 65536
2024-09-08 17:24:16,946 [DEBUG]  STREAM b'IHDR' 16 13
2024-09-08 17:24:16,946 [DEBUG]  STREAM b'IDAT' 41 65536
2024-09-08 17:24:16,950 [DEBUG]  STREAM b'IHDR' 16 13
2024-09-08 17:24:16,950 [DEBUG]  STREAM b'IDAT' 41 65536
2024-09-08 17:24:16,954 [DEBUG]  STREAM b'IHDR' 16 13
2024-09-08 17:24:16,954 [DEBUG]  STREAM b'IDAT' 41 65536
2024-09-08 17:24:16,958 [DEBUG]  STREAM b'IHDR' 16 13
2024-09-08 17:24:16,958 [DEBUG]  STREAM b'IDAT' 41 65536
2024-09-08 17:24:16,963 [DEBUG]  STREAM b'IHDR' 16 13
2024-09-08 17:24:16,963 [DEBUG]  STREAM b'IDAT' 41 65536
2024-09-08 17:24:16,968 [DEBUG]  STREAM b'IHDR' 16 13
2024-09-08 17:24:16,968 [DEBUG]  STREAM b'IDAT' 41 65536
2024-09-08 17:24:16,972 [DEBUG]  STREAM b'IHDR' 16 13
2024-09-08 17:24:16,972 [DEBUG]  STREAM b'IDAT' 41 65536
2024-09-08 17:24:16,976 [DEBUG]  STREAM b'IHDR' 16 13
2024-09-08 17:24:16,976 [DEBUG]  STREAM b'IDAT' 41 65536
2024-09-08 17:24:16,985 [DEBUG]  GraphTrial.log 672.349 visit state = 8
2024-09-08 17:24:16,991 [DEBUG]  GraphTrial.log 672.355 start flip_time = 672.3544932084624
2024-09-08 17:24:16,996 [DEBUG]  GraphTrial.log 672.359 get move selected = 7
2024-09-08 17:24:22,490 [DEBUG]  GraphTrial.log 677.854 select selected = 7
2024-09-08 17:24:22,490 [DEBUG]  GraphTrial.log 677.854 visit state = 7
2024-09-08 17:24:22,505 [DEBUG]  GraphTrial.log 677.869 get move selected = 6
2024-09-08 17:24:23,010 [DEBUG]  GraphTrial.log 678.374 select selected = 6
2024-09-08 17:24:23,010 [DEBUG]  GraphTrial.log 678.374 visit state = 6
2024-09-08 17:24:24,880 [DEBUG]  GraphTrial.log 680.243 done 
2024-09-08 17:24:24,880 [INFO]  end trial [{"time": 669.909775333479, "event": "begin drift_check"}, {"time": 671.9948854167014, "event": "initialize", "status": null}, {"time": 671.9952016249299, "event": "start recording"}, {"time": 672.1198040000163, "event": "show graph"}, {"time": 672.3491020416841, "event": "visit", "state": 8}, {"time": 672.3545129168779, "event": "start", "flip_time": 672.3544932084624}, {"time": 672.3592925418634, "event": "get move", "selected": 7}, {"time": 677.8538708335254, "event": "select", "selected": 7}, {"time": 677.8539444999769, "event": "visit", "state": 7}, {"time": 677.8689833749086, "event": "get move", "selected": 6}, {"time": 678.3735568334814, "event": "select", "selected": 6}, {"time": 678.373626541812, "event": "visit", "state": 6}, {"time": 680.2434297085274, "event": "done"}]
2024-09-08 17:24:24,880 [INFO]  stop_recording
2024-09-08 17:24:24,895 [INFO]  gt.status is None
2024-09-08 17:24:24,896 [DEBUG]  add bonus points 4 (total = 116)
2024-09-08 17:24:24,896 [INFO]  Trial 20 of 260
2024-09-08 17:24:25,170 [INFO]  begin trial {"kind": "GraphTrial", "graph": [[], [0], [], [4, 1], [5, 2], [], [], [9, 6], [10], [6, 8], []], "rewards": [-4, 0, 4, null, 4, -4, -3, -1, -4, 2, -1], "reward_info": {"-4": {"desc": "pattern_1", "image": "images[0]"}, "-3": {"desc": "pattern_2", "image": "images[1]"}, "-2": {"desc": "pattern_3", "image": "images[2]"}, "-1": {"desc": "pattern_4", "image": "images[3]"}, "0": {"desc": "pattern_5", "image": "images[4]"}, "1": {"desc": "pattern_6", "image": "images[5]"}, "2": {"desc": "pattern_7", "image": "images[6]"}, "3": {"desc": "pattern_8", "image": "images[7]"}, "4": {"desc": "pattern_9", "image": "images[8]"}}, "initial_stage": "planning", "hide_states": false, "hide_rewards_while_acting": false, "hide_edges_while_acting": false, "gaze_contingent": false, "gaze_tolerance": 1.5, "fixation_lag": 0.5, "start": 3}
2024-09-08 17:24:25,170 [INFO]  <eyetracking.EyeLink object at 0x16d719280>
2024-09-08 17:24:25,170 [DEBUG]  GraphTrial.log 680.534 begin drift_check 
2024-09-08 17:24:27,831 [DEBUG]  GraphTrial.log 683.195 initialize status = None
2024-09-08 17:24:27,831 [DEBUG]  GraphTrial.log 683.195 start recording 
2024-09-08 17:24:27,831 [INFO]  start_recording
2024-09-08 17:24:27,957 [DEBUG]  GraphTrial.log 683.321 show graph 
2024-09-08 17:24:27,966 [DEBUG]  STREAM b'IHDR' 16 13
2024-09-08 17:24:27,967 [DEBUG]  STREAM b'IDAT' 41 65536
2024-09-08 17:24:27,979 [DEBUG]  STREAM b'IHDR' 16 13
2024-09-08 17:24:27,979 [DEBUG]  STREAM b'IDAT' 41 65536
2024-09-08 17:24:27,989 [DEBUG]  STREAM b'IHDR' 16 13
2024-09-08 17:24:27,989 [DEBUG]  STREAM b'IDAT' 41 65536
2024-09-08 17:24:27,997 [DEBUG]  STREAM b'IHDR' 16 13
2024-09-08 17:24:27,997 [DEBUG]  STREAM b'IDAT' 41 65536
2024-09-08 17:24:28,007 [DEBUG]  STREAM b'IHDR' 16 13
2024-09-08 17:24:28,007 [DEBUG]  STREAM b'IDAT' 41 65536
2024-09-08 17:24:28,014 [DEBUG]  STREAM b'IHDR' 16 13
2024-09-08 17:24:28,014 [DEBUG]  STREAM b'IDAT' 41 65536
2024-09-08 17:24:28,019 [DEBUG]  STREAM b'IHDR' 16 13
2024-09-08 17:24:28,019 [DEBUG]  STREAM b'IDAT' 41 65536
2024-09-08 17:24:28,025 [DEBUG]  STREAM b'IHDR' 16 13
2024-09-08 17:24:28,025 [DEBUG]  STREAM b'IDAT' 41 65536
2024-09-08 17:24:28,032 [DEBUG]  STREAM b'IHDR' 16 13
2024-09-08 17:24:28,032 [DEBUG]  STREAM b'IDAT' 41 65536
2024-09-08 17:24:28,037 [DEBUG]  STREAM b'IHDR' 16 13
2024-09-08 17:24:28,037 [DEBUG]  STREAM b'IDAT' 41 65536
2024-09-08 17:24:28,042 [DEBUG]  STREAM b'IHDR' 16 13
2024-09-08 17:24:28,042 [DEBUG]  STREAM b'IDAT' 41 65536
2024-09-08 17:24:28,047 [DEBUG]  STREAM b'IHDR' 16 13
2024-09-08 17:24:28,047 [DEBUG]  STREAM b'IDAT' 41 65536
2024-09-08 17:24:28,055 [DEBUG]  STREAM b'IHDR' 16 13
2024-09-08 17:24:28,055 [DEBUG]  STREAM b'IDAT' 41 65536
2024-09-08 17:24:28,060 [DEBUG]  STREAM b'IHDR' 16 13
2024-09-08 17:24:28,060 [DEBUG]  STREAM b'IDAT' 41 65536
2024-09-08 17:24:28,064 [DEBUG]  STREAM b'IHDR' 16 13
2024-09-08 17:24:28,064 [DEBUG]  STREAM b'IDAT' 41 65536
2024-09-08 17:24:28,069 [DEBUG]  STREAM b'IHDR' 16 13
2024-09-08 17:24:28,069 [DEBUG]  STREAM b'IDAT' 41 65536
2024-09-08 17:24:28,075 [DEBUG]  STREAM b'IHDR' 16 13
2024-09-08 17:24:28,075 [DEBUG]  STREAM b'IDAT' 41 65536
2024-09-08 17:24:28,079 [DEBUG]  STREAM b'IHDR' 16 13
2024-09-08 17:24:28,079 [DEBUG]  STREAM b'IDAT' 41 65536
2024-09-08 17:24:28,083 [DEBUG]  STREAM b'IHDR' 16 13
2024-09-08 17:24:28,083 [DEBUG]  STREAM b'IDAT' 41 65536
2024-09-08 17:24:28,087 [DEBUG]  STREAM b'IHDR' 16 13
2024-09-08 17:24:28,087 [DEBUG]  STREAM b'IDAT' 41 65536
2024-09-08 17:24:28,093 [DEBUG]  STREAM b'IHDR' 16 13
2024-09-08 17:24:28,093 [DEBUG]  STREAM b'IDAT' 41 65536
2024-09-08 17:24:28,097 [DEBUG]  STREAM b'IHDR' 16 13
2024-09-08 17:24:28,097 [DEBUG]  STREAM b'IDAT' 41 65536
2024-09-08 17:24:28,101 [DEBUG]  STREAM b'IHDR' 16 13
2024-09-08 17:24:28,101 [DEBUG]  STREAM b'IDAT' 41 65536
2024-09-08 17:24:28,105 [DEBUG]  STREAM b'IHDR' 16 13
2024-09-08 17:24:28,105 [DEBUG]  STREAM b'IDAT' 41 65536
2024-09-08 17:24:28,110 [DEBUG]  STREAM b'IHDR' 16 13
2024-09-08 17:24:28,110 [DEBUG]  STREAM b'IDAT' 41 65536
2024-09-08 17:24:28,115 [DEBUG]  STREAM b'IHDR' 16 13
2024-09-08 17:24:28,115 [DEBUG]  STREAM b'IDAT' 41 65536
2024-09-08 17:24:28,119 [DEBUG]  STREAM b'IHDR' 16 13
2024-09-08 17:24:28,119 [DEBUG]  STREAM b'IDAT' 41 65536
2024-09-08 17:24:28,123 [DEBUG]  STREAM b'IHDR' 16 13
2024-09-08 17:24:28,123 [DEBUG]  STREAM b'IDAT' 41 65536
2024-09-08 17:24:28,128 [DEBUG]  STREAM b'IHDR' 16 13
2024-09-08 17:24:28,128 [DEBUG]  STREAM b'IDAT' 41 65536
2024-09-08 17:24:28,132 [DEBUG]  STREAM b'IHDR' 16 13
2024-09-08 17:24:28,132 [DEBUG]  STREAM b'IDAT' 41 65536
2024-09-08 17:24:28,136 [DEBUG]  STREAM b'IHDR' 16 13
2024-09-08 17:24:28,136 [DEBUG]  STREAM b'IDAT' 41 65536
2024-09-08 17:24:28,140 [DEBUG]  STREAM b'IHDR' 16 13
2024-09-08 17:24:28,141 [DEBUG]  STREAM b'IDAT' 41 65536
2024-09-08 17:24:28,146 [DEBUG]  STREAM b'IHDR' 16 13
2024-09-08 17:24:28,146 [DEBUG]  STREAM b'IDAT' 41 65536
2024-09-08 17:24:28,150 [DEBUG]  STREAM b'IHDR' 16 13
2024-09-08 17:24:28,150 [DEBUG]  STREAM b'IDAT' 41 65536
2024-09-08 17:24:28,155 [DEBUG]  STREAM b'IHDR' 16 13
2024-09-08 17:24:28,155 [DEBUG]  STREAM b'IDAT' 41 65536
2024-09-08 17:24:28,159 [DEBUG]  STREAM b'IHDR' 16 13
2024-09-08 17:24:28,159 [DEBUG]  STREAM b'IDAT' 41 65536
2024-09-08 17:24:28,164 [DEBUG]  STREAM b'IHDR' 16 13
2024-09-08 17:24:28,164 [DEBUG]  STREAM b'IDAT' 41 65536
2024-09-08 17:24:28,169 [DEBUG]  STREAM b'IHDR' 16 13
2024-09-08 17:24:28,169 [DEBUG]  STREAM b'IDAT' 41 65536
2024-09-08 17:24:28,173 [DEBUG]  STREAM b'IHDR' 16 13
2024-09-08 17:24:28,173 [DEBUG]  STREAM b'IDAT' 41 65536
2024-09-08 17:24:28,177 [DEBUG]  STREAM b'IHDR' 16 13
2024-09-08 17:24:28,177 [DEBUG]  STREAM b'IDAT' 41 65536
2024-09-08 17:24:28,186 [DEBUG]  GraphTrial.log 683.550 visit state = 3
2024-09-08 17:24:28,192 [DEBUG]  GraphTrial.log 683.555 start flip_time = 683.5552759999409
2024-09-08 17:24:28,199 [DEBUG]  GraphTrial.log 683.562 get move selected = 4
2024-09-08 17:24:30,498 [DEBUG]  GraphTrial.log 685.862 select selected = 4
2024-09-08 17:24:30,498 [DEBUG]  GraphTrial.log 685.862 visit state = 4
2024-09-08 17:24:30,509 [DEBUG]  GraphTrial.log 685.873 get move selected = 5
2024-09-08 17:24:31,106 [DEBUG]  GraphTrial.log 686.470 switch selected = 2
2024-09-08 17:24:31,433 [DEBUG]  GraphTrial.log 686.797 select selected = 2
2024-09-08 17:24:31,434 [DEBUG]  GraphTrial.log 686.797 visit state = 2
2024-09-08 17:24:33,265 [DEBUG]  GraphTrial.log 688.629 done 
2024-09-08 17:24:33,265 [INFO]  end trial [{"time": 680.5338342085015, "event": "begin drift_check"}, {"time": 683.1946013749111, "event": "initialize", "status": null}, {"time": 683.1949129584245, "event": "start recording"}, {"time": 683.3209233749658, "event": "show graph"}, {"time": 683.5499629585538, "event": "visit", "state": 3}, {"time": 683.5552924168296, "event": "start", "flip_time": 683.5552759999409}, {"time": 683.5622710417956, "event": "get move", "selected": 4}, {"time": 685.8617959585972, "event": "select", "selected": 4}, {"time": 685.8621277918573, "event": "visit", "state": 4}, {"time": 685.8727231249213, "event": "get move", "selected": 5}, {"time": 686.4699780836236, "event": "switch", "selected": 2}, {"time": 686.797156291781, "event": "select", "selected": 2}, {"time": 686.7972164999228, "event": "visit", "state": 2}, {"time": 688.6289890001062, "event": "done"}]
2024-09-08 17:24:33,266 [INFO]  stop_recording
2024-09-08 17:24:33,282 [INFO]  gt.status is None
2024-09-08 17:24:33,282 [DEBUG]  add bonus points 8 (total = 124)
2024-09-08 17:24:33,282 [INFO]  Trial 21 of 260
2024-09-08 17:24:33,530 [INFO]  begin trial {"kind": "GraphTrial", "graph": [[], [3, 4], [10, 0], [], [], [1, 2], [], [8, 6], [], [7, 8], []], "rewards": [-2, 3, -4, -2, 0, null, 4, 4, -3, -4, 3], "reward_info": {"-4": {"desc": "pattern_1", "image": "images[0]"}, "-3": {"desc": "pattern_2", "image": "images[1]"}, "-2": {"desc": "pattern_3", "image": "images[2]"}, "-1": {"desc": "pattern_4", "image": "images[3]"}, "0": {"desc": "pattern_5", "image": "images[4]"}, "1": {"desc": "pattern_6", "image": "images[5]"}, "2": {"desc": "pattern_7", "image": "images[6]"}, "3": {"desc": "pattern_8", "image": "images[7]"}, "4": {"desc": "pattern_9", "image": "images[8]"}}, "initial_stage": "planning", "hide_states": false, "hide_rewards_while_acting": false, "hide_edges_while_acting": false, "gaze_contingent": false, "gaze_tolerance": 1.5, "fixation_lag": 0.5, "start": 5}
2024-09-08 17:24:33,530 [INFO]  <eyetracking.EyeLink object at 0x16d719280>
2024-09-08 17:24:33,530 [DEBUG]  GraphTrial.log 688.894 begin drift_check 
2024-09-08 17:24:34,798 [DEBUG]  GraphTrial.log 690.162 initialize status = None
2024-09-08 17:24:34,799 [DEBUG]  GraphTrial.log 690.162 start recording 
2024-09-08 17:24:34,799 [INFO]  start_recording
2024-09-08 17:24:34,924 [DEBUG]  GraphTrial.log 690.288 show graph 
2024-09-08 17:24:34,933 [DEBUG]  STREAM b'IHDR' 16 13
2024-09-08 17:24:34,933 [DEBUG]  STREAM b'IDAT' 41 65536
2024-09-08 17:24:34,946 [DEBUG]  STREAM b'IHDR' 16 13
2024-09-08 17:24:34,946 [DEBUG]  STREAM b'IDAT' 41 65536
2024-09-08 17:24:34,956 [DEBUG]  STREAM b'IHDR' 16 13
2024-09-08 17:24:34,956 [DEBUG]  STREAM b'IDAT' 41 65536
2024-09-08 17:24:34,964 [DEBUG]  STREAM b'IHDR' 16 13
2024-09-08 17:24:34,964 [DEBUG]  STREAM b'IDAT' 41 65536
2024-09-08 17:24:34,973 [DEBUG]  STREAM b'IHDR' 16 13
2024-09-08 17:24:34,973 [DEBUG]  STREAM b'IDAT' 41 65536
2024-09-08 17:24:34,980 [DEBUG]  STREAM b'IHDR' 16 13
2024-09-08 17:24:34,980 [DEBUG]  STREAM b'IDAT' 41 65536
2024-09-08 17:24:34,987 [DEBUG]  STREAM b'IHDR' 16 13
2024-09-08 17:24:34,987 [DEBUG]  STREAM b'IDAT' 41 65536
2024-09-08 17:24:34,992 [DEBUG]  STREAM b'IHDR' 16 13
2024-09-08 17:24:34,992 [DEBUG]  STREAM b'IDAT' 41 65536
2024-09-08 17:24:34,999 [DEBUG]  STREAM b'IHDR' 16 13
2024-09-08 17:24:34,999 [DEBUG]  STREAM b'IDAT' 41 65536
2024-09-08 17:24:35,004 [DEBUG]  STREAM b'IHDR' 16 13
2024-09-08 17:24:35,005 [DEBUG]  STREAM b'IDAT' 41 65536
2024-09-08 17:24:35,009 [DEBUG]  STREAM b'IHDR' 16 13
2024-09-08 17:24:35,009 [DEBUG]  STREAM b'IDAT' 41 65536
2024-09-08 17:24:35,014 [DEBUG]  STREAM b'IHDR' 16 13
2024-09-08 17:24:35,014 [DEBUG]  STREAM b'IDAT' 41 65536
2024-09-08 17:24:35,020 [DEBUG]  STREAM b'IHDR' 16 13
2024-09-08 17:24:35,020 [DEBUG]  STREAM b'IDAT' 41 65536
2024-09-08 17:24:35,024 [DEBUG]  STREAM b'IHDR' 16 13
2024-09-08 17:24:35,024 [DEBUG]  STREAM b'IDAT' 41 65536
2024-09-08 17:24:35,028 [DEBUG]  STREAM b'IHDR' 16 13
2024-09-08 17:24:35,028 [DEBUG]  STREAM b'IDAT' 41 65536
2024-09-08 17:24:35,032 [DEBUG]  STREAM b'IHDR' 16 13
2024-09-08 17:24:35,032 [DEBUG]  STREAM b'IDAT' 41 65536
2024-09-08 17:24:35,038 [DEBUG]  STREAM b'IHDR' 16 13
2024-09-08 17:24:35,038 [DEBUG]  STREAM b'IDAT' 41 65536
2024-09-08 17:24:35,042 [DEBUG]  STREAM b'IHDR' 16 13
2024-09-08 17:24:35,042 [DEBUG]  STREAM b'IDAT' 41 65536
2024-09-08 17:24:35,046 [DEBUG]  STREAM b'IHDR' 16 13
2024-09-08 17:24:35,046 [DEBUG]  STREAM b'IDAT' 41 65536
2024-09-08 17:24:35,050 [DEBUG]  STREAM b'IHDR' 16 13
2024-09-08 17:24:35,050 [DEBUG]  STREAM b'IDAT' 41 65536
2024-09-08 17:24:35,057 [DEBUG]  STREAM b'IHDR' 16 13
2024-09-08 17:24:35,057 [DEBUG]  STREAM b'IDAT' 41 65536
2024-09-08 17:24:35,062 [DEBUG]  STREAM b'IHDR' 16 13
2024-09-08 17:24:35,062 [DEBUG]  STREAM b'IDAT' 41 65536
2024-09-08 17:24:35,066 [DEBUG]  STREAM b'IHDR' 16 13
2024-09-08 17:24:35,066 [DEBUG]  STREAM b'IDAT' 41 65536
2024-09-08 17:24:35,071 [DEBUG]  STREAM b'IHDR' 16 13
2024-09-08 17:24:35,071 [DEBUG]  STREAM b'IDAT' 41 65536
2024-09-08 17:24:35,076 [DEBUG]  STREAM b'IHDR' 16 13
2024-09-08 17:24:35,076 [DEBUG]  STREAM b'IDAT' 41 65536
2024-09-08 17:24:35,081 [DEBUG]  STREAM b'IHDR' 16 13
2024-09-08 17:24:35,081 [DEBUG]  STREAM b'IDAT' 41 65536
2024-09-08 17:24:35,085 [DEBUG]  STREAM b'IHDR' 16 13
2024-09-08 17:24:35,085 [DEBUG]  STREAM b'IDAT' 41 65536
2024-09-08 17:24:35,090 [DEBUG]  STREAM b'IHDR' 16 13
2024-09-08 17:24:35,090 [DEBUG]  STREAM b'IDAT' 41 65536
2024-09-08 17:24:35,096 [DEBUG]  STREAM b'IHDR' 16 13
2024-09-08 17:24:35,096 [DEBUG]  STREAM b'IDAT' 41 65536
2024-09-08 17:24:35,100 [DEBUG]  STREAM b'IHDR' 16 13
2024-09-08 17:24:35,100 [DEBUG]  STREAM b'IDAT' 41 65536
2024-09-08 17:24:35,104 [DEBUG]  STREAM b'IHDR' 16 13
2024-09-08 17:24:35,104 [DEBUG]  STREAM b'IDAT' 41 65536
2024-09-08 17:24:35,108 [DEBUG]  STREAM b'IHDR' 16 13
2024-09-08 17:24:35,108 [DEBUG]  STREAM b'IDAT' 41 65536
2024-09-08 17:24:35,114 [DEBUG]  STREAM b'IHDR' 16 13
2024-09-08 17:24:35,114 [DEBUG]  STREAM b'IDAT' 41 65536
2024-09-08 17:24:35,118 [DEBUG]  STREAM b'IHDR' 16 13
2024-09-08 17:24:35,118 [DEBUG]  STREAM b'IDAT' 41 65536
2024-09-08 17:24:35,122 [DEBUG]  STREAM b'IHDR' 16 13
2024-09-08 17:24:35,122 [DEBUG]  STREAM b'IDAT' 41 65536
2024-09-08 17:24:35,126 [DEBUG]  STREAM b'IHDR' 16 13
2024-09-08 17:24:35,126 [DEBUG]  STREAM b'IDAT' 41 65536
2024-09-08 17:24:35,131 [DEBUG]  STREAM b'IHDR' 16 13
2024-09-08 17:24:35,132 [DEBUG]  STREAM b'IDAT' 41 65536
2024-09-08 17:24:35,136 [DEBUG]  STREAM b'IHDR' 16 13
2024-09-08 17:24:35,136 [DEBUG]  STREAM b'IDAT' 41 65536
2024-09-08 17:24:35,141 [DEBUG]  STREAM b'IHDR' 16 13
2024-09-08 17:24:35,141 [DEBUG]  STREAM b'IDAT' 41 65536
2024-09-08 17:24:35,145 [DEBUG]  STREAM b'IHDR' 16 13
2024-09-08 17:24:35,145 [DEBUG]  STREAM b'IDAT' 41 65536
2024-09-08 17:24:35,155 [DEBUG]  GraphTrial.log 690.519 visit state = 5
2024-09-08 17:24:35,160 [DEBUG]  GraphTrial.log 690.524 start flip_time = 690.5238943749573
2024-09-08 17:24:35,165 [DEBUG]  GraphTrial.log 690.528 get move selected = 2
2024-09-08 17:24:41,027 [DEBUG]  GraphTrial.log 696.390 switch selected = 1
2024-09-08 17:24:41,330 [DEBUG]  GraphTrial.log 696.693 select selected = 1
2024-09-08 17:24:41,330 [DEBUG]  GraphTrial.log 696.693 visit state = 1
2024-09-08 17:24:41,338 [DEBUG]  GraphTrial.log 696.702 get move selected = 3
2024-09-08 17:24:41,722 [DEBUG]  GraphTrial.log 697.086 switch selected = 4
2024-09-08 17:24:42,153 [DEBUG]  GraphTrial.log 697.517 select selected = 4
2024-09-08 17:24:42,154 [DEBUG]  GraphTrial.log 697.517 visit state = 4
2024-09-08 17:24:43,998 [DEBUG]  GraphTrial.log 699.362 done 
2024-09-08 17:24:43,998 [INFO]  end trial [{"time": 688.8937709585298, "event": "begin drift_check"}, {"time": 690.1619536250364, "event": "initialize", "status": null}, {"time": 690.1624971251003, "event": "start recording"}, {"time": 690.2876012916677, "event": "show graph"}, {"time": 690.5185618335381, "event": "visit", "state": 5}, {"time": 690.523910791846, "event": "start", "flip_time": 690.5238943749573}, {"time": 690.5284424999263, "event": "get move", "selected": 2}, {"time": 696.3902067085728, "event": "switch", "selected": 1}, {"time": 696.6932855418418, "event": "select", "selected": 1}, {"time": 696.69336641673, "event": "visit", "state": 1}, {"time": 696.7017542084213, "event": "get move", "selected": 3}, {"time": 697.0857944583986, "event": "switch", "selected": 4}, {"time": 697.5171522917226, "event": "select", "selected": 4}, {"time": 697.5172225835267, "event": "visit", "state": 4}, {"time": 699.361807791749, "event": "done"}]
2024-09-08 17:24:43,998 [INFO]  stop_recording
2024-09-08 17:24:44,015 [INFO]  gt.status is None
2024-09-08 17:24:44,015 [DEBUG]  add bonus points 3 (total = 127)
2024-09-08 17:24:44,015 [INFO]  Trial 22 of 260
2024-09-08 17:24:44,258 [INFO]  begin trial {"kind": "GraphTrial", "graph": [[], [], [3, 6], [], [7], [10, 1], [0], [], [2, 3], [5, 4], []], "rewards": [-3, -1, -3, 0, 0, -3, -2, 4, 3, null, -3], "reward_info": {"-4": {"desc": "pattern_1", "image": "images[0]"}, "-3": {"desc": "pattern_2", "image": "images[1]"}, "-2": {"desc": "pattern_3", "image": "images[2]"}, "-1": {"desc": "pattern_4", "image": "images[3]"}, "0": {"desc": "pattern_5", "image": "images[4]"}, "1": {"desc": "pattern_6", "image": "images[5]"}, "2": {"desc": "pattern_7", "image": "images[6]"}, "3": {"desc": "pattern_8", "image": "images[7]"}, "4": {"desc": "pattern_9", "image": "images[8]"}}, "initial_stage": "planning", "hide_states": false, "hide_rewards_while_acting": false, "hide_edges_while_acting": false, "gaze_contingent": false, "gaze_tolerance": 1.5, "fixation_lag": 0.5, "start": 9}
2024-09-08 17:24:44,258 [INFO]  <eyetracking.EyeLink object at 0x16d719280>
2024-09-08 17:24:44,258 [DEBUG]  GraphTrial.log 699.622 begin drift_check 
2024-09-08 17:24:46,364 [DEBUG]  GraphTrial.log 701.728 initialize status = None
2024-09-08 17:24:46,364 [DEBUG]  GraphTrial.log 701.728 start recording 
2024-09-08 17:24:46,365 [INFO]  start_recording
2024-09-08 17:24:46,490 [DEBUG]  GraphTrial.log 701.854 show graph 
2024-09-08 17:24:46,499 [DEBUG]  STREAM b'IHDR' 16 13
2024-09-08 17:24:46,499 [DEBUG]  STREAM b'IDAT' 41 65536
2024-09-08 17:24:46,512 [DEBUG]  STREAM b'IHDR' 16 13
2024-09-08 17:24:46,512 [DEBUG]  STREAM b'IDAT' 41 65536
2024-09-08 17:24:46,522 [DEBUG]  STREAM b'IHDR' 16 13
2024-09-08 17:24:46,522 [DEBUG]  STREAM b'IDAT' 41 65536
2024-09-08 17:24:46,530 [DEBUG]  STREAM b'IHDR' 16 13
2024-09-08 17:24:46,530 [DEBUG]  STREAM b'IDAT' 41 65536
2024-09-08 17:24:46,540 [DEBUG]  STREAM b'IHDR' 16 13
2024-09-08 17:24:46,540 [DEBUG]  STREAM b'IDAT' 41 65536
2024-09-08 17:24:46,546 [DEBUG]  STREAM b'IHDR' 16 13
2024-09-08 17:24:46,546 [DEBUG]  STREAM b'IDAT' 41 65536
2024-09-08 17:24:46,552 [DEBUG]  STREAM b'IHDR' 16 13
2024-09-08 17:24:46,552 [DEBUG]  STREAM b'IDAT' 41 65536
2024-09-08 17:24:46,557 [DEBUG]  STREAM b'IHDR' 16 13
2024-09-08 17:24:46,557 [DEBUG]  STREAM b'IDAT' 41 65536
2024-09-08 17:24:46,564 [DEBUG]  STREAM b'IHDR' 16 13
2024-09-08 17:24:46,564 [DEBUG]  STREAM b'IDAT' 41 65536
2024-09-08 17:24:46,569 [DEBUG]  STREAM b'IHDR' 16 13
2024-09-08 17:24:46,569 [DEBUG]  STREAM b'IDAT' 41 65536
2024-09-08 17:24:46,574 [DEBUG]  STREAM b'IHDR' 16 13
2024-09-08 17:24:46,574 [DEBUG]  STREAM b'IDAT' 41 65536
2024-09-08 17:24:46,578 [DEBUG]  STREAM b'IHDR' 16 13
2024-09-08 17:24:46,578 [DEBUG]  STREAM b'IDAT' 41 65536
2024-09-08 17:24:46,584 [DEBUG]  STREAM b'IHDR' 16 13
2024-09-08 17:24:46,584 [DEBUG]  STREAM b'IDAT' 41 65536
2024-09-08 17:24:46,589 [DEBUG]  STREAM b'IHDR' 16 13
2024-09-08 17:24:46,589 [DEBUG]  STREAM b'IDAT' 41 65536
2024-09-08 17:24:46,593 [DEBUG]  STREAM b'IHDR' 16 13
2024-09-08 17:24:46,593 [DEBUG]  STREAM b'IDAT' 41 65536
2024-09-08 17:24:46,598 [DEBUG]  STREAM b'IHDR' 16 13
2024-09-08 17:24:46,598 [DEBUG]  STREAM b'IDAT' 41 65536
2024-09-08 17:24:46,603 [DEBUG]  STREAM b'IHDR' 16 13
2024-09-08 17:24:46,603 [DEBUG]  STREAM b'IDAT' 41 65536
2024-09-08 17:24:46,607 [DEBUG]  STREAM b'IHDR' 16 13
2024-09-08 17:24:46,607 [DEBUG]  STREAM b'IDAT' 41 65536
2024-09-08 17:24:46,612 [DEBUG]  STREAM b'IHDR' 16 13
2024-09-08 17:24:46,612 [DEBUG]  STREAM b'IDAT' 41 65536
2024-09-08 17:24:46,616 [DEBUG]  STREAM b'IHDR' 16 13
2024-09-08 17:24:46,616 [DEBUG]  STREAM b'IDAT' 41 65536
2024-09-08 17:24:46,621 [DEBUG]  STREAM b'IHDR' 16 13
2024-09-08 17:24:46,621 [DEBUG]  STREAM b'IDAT' 41 65536
2024-09-08 17:24:46,625 [DEBUG]  STREAM b'IHDR' 16 13
2024-09-08 17:24:46,625 [DEBUG]  STREAM b'IDAT' 41 65536
2024-09-08 17:24:46,630 [DEBUG]  STREAM b'IHDR' 16 13
2024-09-08 17:24:46,630 [DEBUG]  STREAM b'IDAT' 41 65536
2024-09-08 17:24:46,634 [DEBUG]  STREAM b'IHDR' 16 13
2024-09-08 17:24:46,634 [DEBUG]  STREAM b'IDAT' 41 65536
2024-09-08 17:24:46,639 [DEBUG]  STREAM b'IHDR' 16 13
2024-09-08 17:24:46,639 [DEBUG]  STREAM b'IDAT' 41 65536
2024-09-08 17:24:46,643 [DEBUG]  STREAM b'IHDR' 16 13
2024-09-08 17:24:46,643 [DEBUG]  STREAM b'IDAT' 41 65536
2024-09-08 17:24:46,647 [DEBUG]  STREAM b'IHDR' 16 13
2024-09-08 17:24:46,647 [DEBUG]  STREAM b'IDAT' 41 65536
2024-09-08 17:24:46,651 [DEBUG]  STREAM b'IHDR' 16 13
2024-09-08 17:24:46,651 [DEBUG]  STREAM b'IDAT' 41 65536
2024-09-08 17:24:46,657 [DEBUG]  STREAM b'IHDR' 16 13
2024-09-08 17:24:46,657 [DEBUG]  STREAM b'IDAT' 41 65536
2024-09-08 17:24:46,661 [DEBUG]  STREAM b'IHDR' 16 13
2024-09-08 17:24:46,661 [DEBUG]  STREAM b'IDAT' 41 65536
2024-09-08 17:24:46,666 [DEBUG]  STREAM b'IHDR' 16 13
2024-09-08 17:24:46,666 [DEBUG]  STREAM b'IDAT' 41 65536
2024-09-08 17:24:46,670 [DEBUG]  STREAM b'IHDR' 16 13
2024-09-08 17:24:46,670 [DEBUG]  STREAM b'IDAT' 41 65536
2024-09-08 17:24:46,676 [DEBUG]  STREAM b'IHDR' 16 13
2024-09-08 17:24:46,676 [DEBUG]  STREAM b'IDAT' 41 65536
2024-09-08 17:24:46,681 [DEBUG]  STREAM b'IHDR' 16 13
2024-09-08 17:24:46,681 [DEBUG]  STREAM b'IDAT' 41 65536
2024-09-08 17:24:46,685 [DEBUG]  STREAM b'IHDR' 16 13
2024-09-08 17:24:46,685 [DEBUG]  STREAM b'IDAT' 41 65536
2024-09-08 17:24:46,690 [DEBUG]  STREAM b'IHDR' 16 13
2024-09-08 17:24:46,690 [DEBUG]  STREAM b'IDAT' 41 65536
2024-09-08 17:24:46,697 [DEBUG]  STREAM b'IHDR' 16 13
2024-09-08 17:24:46,697 [DEBUG]  STREAM b'IDAT' 41 65536
2024-09-08 17:24:46,701 [DEBUG]  STREAM b'IHDR' 16 13
2024-09-08 17:24:46,701 [DEBUG]  STREAM b'IDAT' 41 65536
2024-09-08 17:24:46,705 [DEBUG]  STREAM b'IHDR' 16 13
2024-09-08 17:24:46,705 [DEBUG]  STREAM b'IDAT' 41 65536
2024-09-08 17:24:46,709 [DEBUG]  STREAM b'IHDR' 16 13
2024-09-08 17:24:46,709 [DEBUG]  STREAM b'IDAT' 41 65536
2024-09-08 17:24:46,719 [DEBUG]  GraphTrial.log 702.082 visit state = 9
2024-09-08 17:24:46,724 [DEBUG]  GraphTrial.log 702.088 start flip_time = 702.0875779166818
2024-09-08 17:24:46,729 [DEBUG]  GraphTrial.log 702.092 get move selected = 5
2024-09-08 17:24:51,835 [DEBUG]  GraphTrial.log 707.198 switch selected = 4
2024-09-08 17:24:52,338 [DEBUG]  GraphTrial.log 707.702 select selected = 4
2024-09-08 17:24:52,338 [DEBUG]  GraphTrial.log 707.702 visit state = 4
2024-09-08 17:24:52,350 [DEBUG]  GraphTrial.log 707.714 get move selected = 7
2024-09-08 17:24:53,082 [DEBUG]  GraphTrial.log 708.446 select selected = 7
2024-09-08 17:24:53,083 [DEBUG]  GraphTrial.log 708.446 visit state = 7
2024-09-08 17:24:54,915 [DEBUG]  GraphTrial.log 710.278 done 
2024-09-08 17:24:54,915 [INFO]  end trial [{"time": 699.6218317500316, "event": "begin drift_check"}, {"time": 701.7278961250558, "event": "initialize", "status": null}, {"time": 701.7281219584402, "event": "start recording"}, {"time": 701.8536445836071, "event": "show graph"}, {"time": 702.082195749972, "event": "visit", "state": 9}, {"time": 702.0875922085252, "event": "start", "flip_time": 702.0875779166818}, {"time": 702.0923315417022, "event": "get move", "selected": 5}, {"time": 707.198280791752, "event": "switch", "selected": 4}, {"time": 707.7016785417218, "event": "select", "selected": 4}, {"time": 707.7017486249097, "event": "visit", "state": 4}, {"time": 707.714036958525, "event": "get move", "selected": 7}, {"time": 708.4458548335824, "event": "select", "selected": 7}, {"time": 708.446224541869, "event": "visit", "state": 7}, {"time": 710.2782463335898, "event": "done"}]
2024-09-08 17:24:54,915 [INFO]  stop_recording
2024-09-08 17:24:54,931 [INFO]  gt.status is None
2024-09-08 17:24:54,931 [DEBUG]  add bonus points 4 (total = 131)
2024-09-08 17:24:54,931 [INFO]  Trial 23 of 260
2024-09-08 17:24:55,130 [INFO]  begin trial {"kind": "GraphTrial", "graph": [[10], [], [5, 6], [4, 9], [9, 7], [], [], [1], [2, 0], [], []], "rewards": [0, -3, 4, -1, -1, 4, 2, -1, null, 1, 4], "reward_info": {"-4": {"desc": "pattern_1", "image": "images[0]"}, "-3": {"desc": "pattern_2", "image": "images[1]"}, "-2": {"desc": "pattern_3", "image": "images[2]"}, "-1": {"desc": "pattern_4", "image": "images[3]"}, "0": {"desc": "pattern_5", "image": "images[4]"}, "1": {"desc": "pattern_6", "image": "images[5]"}, "2": {"desc": "pattern_7", "image": "images[6]"}, "3": {"desc": "pattern_8", "image": "images[7]"}, "4": {"desc": "pattern_9", "image": "images[8]"}}, "initial_stage": "planning", "hide_states": false, "hide_rewards_while_acting": false, "hide_edges_while_acting": false, "gaze_contingent": false, "gaze_tolerance": 1.5, "fixation_lag": 0.5, "start": 8}
2024-09-08 17:24:55,130 [INFO]  <eyetracking.EyeLink object at 0x16d719280>
2024-09-08 17:24:55,130 [DEBUG]  GraphTrial.log 710.494 begin drift_check 
2024-09-08 17:24:57,281 [DEBUG]  GraphTrial.log 712.645 initialize status = None
2024-09-08 17:24:57,282 [DEBUG]  GraphTrial.log 712.645 start recording 
2024-09-08 17:24:57,282 [INFO]  start_recording
2024-09-08 17:24:57,408 [DEBUG]  GraphTrial.log 712.772 show graph 
2024-09-08 17:24:57,417 [DEBUG]  STREAM b'IHDR' 16 13
2024-09-08 17:24:57,417 [DEBUG]  STREAM b'IDAT' 41 65536
2024-09-08 17:24:57,429 [DEBUG]  STREAM b'IHDR' 16 13
2024-09-08 17:24:57,430 [DEBUG]  STREAM b'IDAT' 41 65536
2024-09-08 17:24:57,439 [DEBUG]  STREAM b'IHDR' 16 13
2024-09-08 17:24:57,440 [DEBUG]  STREAM b'IDAT' 41 65536
2024-09-08 17:24:57,448 [DEBUG]  STREAM b'IHDR' 16 13
2024-09-08 17:24:57,448 [DEBUG]  STREAM b'IDAT' 41 65536
2024-09-08 17:24:57,457 [DEBUG]  STREAM b'IHDR' 16 13
2024-09-08 17:24:57,457 [DEBUG]  STREAM b'IDAT' 41 65536
2024-09-08 17:24:57,464 [DEBUG]  STREAM b'IHDR' 16 13
2024-09-08 17:24:57,464 [DEBUG]  STREAM b'IDAT' 41 65536
2024-09-08 17:24:57,470 [DEBUG]  STREAM b'IHDR' 16 13
2024-09-08 17:24:57,470 [DEBUG]  STREAM b'IDAT' 41 65536
2024-09-08 17:24:57,475 [DEBUG]  STREAM b'IHDR' 16 13
2024-09-08 17:24:57,475 [DEBUG]  STREAM b'IDAT' 41 65536
2024-09-08 17:24:57,482 [DEBUG]  STREAM b'IHDR' 16 13
2024-09-08 17:24:57,482 [DEBUG]  STREAM b'IDAT' 41 65536
2024-09-08 17:24:57,487 [DEBUG]  STREAM b'IHDR' 16 13
2024-09-08 17:24:57,487 [DEBUG]  STREAM b'IDAT' 41 65536
2024-09-08 17:24:57,493 [DEBUG]  STREAM b'IHDR' 16 13
2024-09-08 17:24:57,493 [DEBUG]  STREAM b'IDAT' 41 65536
2024-09-08 17:24:57,498 [DEBUG]  STREAM b'IHDR' 16 13
2024-09-08 17:24:57,498 [DEBUG]  STREAM b'IDAT' 41 65536
2024-09-08 17:24:57,504 [DEBUG]  STREAM b'IHDR' 16 13
2024-09-08 17:24:57,504 [DEBUG]  STREAM b'IDAT' 41 65536
2024-09-08 17:24:57,508 [DEBUG]  STREAM b'IHDR' 16 13
2024-09-08 17:24:57,508 [DEBUG]  STREAM b'IDAT' 41 65536
2024-09-08 17:24:57,513 [DEBUG]  STREAM b'IHDR' 16 13
2024-09-08 17:24:57,513 [DEBUG]  STREAM b'IDAT' 41 65536
2024-09-08 17:24:57,517 [DEBUG]  STREAM b'IHDR' 16 13
2024-09-08 17:24:57,517 [DEBUG]  STREAM b'IDAT' 41 65536
2024-09-08 17:24:57,522 [DEBUG]  STREAM b'IHDR' 16 13
2024-09-08 17:24:57,522 [DEBUG]  STREAM b'IDAT' 41 65536
2024-09-08 17:24:57,526 [DEBUG]  STREAM b'IHDR' 16 13
2024-09-08 17:24:57,526 [DEBUG]  STREAM b'IDAT' 41 65536
2024-09-08 17:24:57,530 [DEBUG]  STREAM b'IHDR' 16 13
2024-09-08 17:24:57,530 [DEBUG]  STREAM b'IDAT' 41 65536
2024-09-08 17:24:57,534 [DEBUG]  STREAM b'IHDR' 16 13
2024-09-08 17:24:57,534 [DEBUG]  STREAM b'IDAT' 41 65536
2024-09-08 17:24:57,540 [DEBUG]  STREAM b'IHDR' 16 13
2024-09-08 17:24:57,540 [DEBUG]  STREAM b'IDAT' 41 65536
2024-09-08 17:24:57,544 [DEBUG]  STREAM b'IHDR' 16 13
2024-09-08 17:24:57,544 [DEBUG]  STREAM b'IDAT' 41 65536
2024-09-08 17:24:57,549 [DEBUG]  STREAM b'IHDR' 16 13
2024-09-08 17:24:57,549 [DEBUG]  STREAM b'IDAT' 41 65536
2024-09-08 17:24:57,553 [DEBUG]  STREAM b'IHDR' 16 13
2024-09-08 17:24:57,553 [DEBUG]  STREAM b'IDAT' 41 65536
2024-09-08 17:24:57,560 [DEBUG]  STREAM b'IHDR' 16 13
2024-09-08 17:24:57,560 [DEBUG]  STREAM b'IDAT' 41 65536
2024-09-08 17:24:57,565 [DEBUG]  STREAM b'IHDR' 16 13
2024-09-08 17:24:57,565 [DEBUG]  STREAM b'IDAT' 41 65536
2024-09-08 17:24:57,569 [DEBUG]  STREAM b'IHDR' 16 13
2024-09-08 17:24:57,569 [DEBUG]  STREAM b'IDAT' 41 65536
2024-09-08 17:24:57,573 [DEBUG]  STREAM b'IHDR' 16 13
2024-09-08 17:24:57,573 [DEBUG]  STREAM b'IDAT' 41 65536
2024-09-08 17:24:57,579 [DEBUG]  STREAM b'IHDR' 16 13
2024-09-08 17:24:57,579 [DEBUG]  STREAM b'IDAT' 41 65536
2024-09-08 17:24:57,583 [DEBUG]  STREAM b'IHDR' 16 13
2024-09-08 17:24:57,583 [DEBUG]  STREAM b'IDAT' 41 65536
2024-09-08 17:24:57,587 [DEBUG]  STREAM b'IHDR' 16 13
2024-09-08 17:24:57,587 [DEBUG]  STREAM b'IDAT' 41 65536
2024-09-08 17:24:57,591 [DEBUG]  STREAM b'IHDR' 16 13
2024-09-08 17:24:57,591 [DEBUG]  STREAM b'IDAT' 41 65536
2024-09-08 17:24:57,598 [DEBUG]  STREAM b'IHDR' 16 13
2024-09-08 17:24:57,598 [DEBUG]  STREAM b'IDAT' 41 65536
2024-09-08 17:24:57,602 [DEBUG]  STREAM b'IHDR' 16 13
2024-09-08 17:24:57,602 [DEBUG]  STREAM b'IDAT' 41 65536
2024-09-08 17:24:57,606 [DEBUG]  STREAM b'IHDR' 16 13
2024-09-08 17:24:57,606 [DEBUG]  STREAM b'IDAT' 41 65536
2024-09-08 17:24:57,610 [DEBUG]  STREAM b'IHDR' 16 13
2024-09-08 17:24:57,610 [DEBUG]  STREAM b'IDAT' 41 65536
2024-09-08 17:24:57,616 [DEBUG]  STREAM b'IHDR' 16 13
2024-09-08 17:24:57,616 [DEBUG]  STREAM b'IDAT' 41 65536
2024-09-08 17:24:57,620 [DEBUG]  STREAM b'IHDR' 16 13
2024-09-08 17:24:57,620 [DEBUG]  STREAM b'IDAT' 41 65536
2024-09-08 17:24:57,625 [DEBUG]  STREAM b'IHDR' 16 13
2024-09-08 17:24:57,625 [DEBUG]  STREAM b'IDAT' 41 65536
2024-09-08 17:24:57,629 [DEBUG]  STREAM b'IHDR' 16 13
2024-09-08 17:24:57,629 [DEBUG]  STREAM b'IDAT' 41 65536
2024-09-08 17:24:57,639 [DEBUG]  GraphTrial.log 713.003 visit state = 8
2024-09-08 17:24:57,644 [DEBUG]  GraphTrial.log 713.008 start flip_time = 713.0077127499972
2024-09-08 17:24:57,649 [DEBUG]  GraphTrial.log 713.012 get move selected = 0
2024-09-08 17:25:00,707 [DEBUG]  GraphTrial.log 716.070 switch selected = 2
2024-09-08 17:25:01,218 [DEBUG]  GraphTrial.log 716.581 select selected = 2
2024-09-08 17:25:01,218 [DEBUG]  GraphTrial.log 716.581 visit state = 2
2024-09-08 17:25:01,227 [DEBUG]  GraphTrial.log 716.590 get move selected = 6
2024-09-08 17:25:01,626 [DEBUG]  GraphTrial.log 716.990 switch selected = 5
2024-09-08 17:25:01,962 [DEBUG]  GraphTrial.log 717.325 select selected = 5
2024-09-08 17:25:01,962 [DEBUG]  GraphTrial.log 717.325 visit state = 5
2024-09-08 17:25:03,830 [DEBUG]  GraphTrial.log 719.194 done 
2024-09-08 17:25:03,830 [INFO]  end trial [{"time": 710.4937777086161, "event": "begin drift_check"}, {"time": 712.6448219167069, "event": "initialize", "status": null}, {"time": 712.64523679181, "event": "start recording"}, {"time": 712.771741416771, "event": "show graph"}, {"time": 713.0026903750841, "event": "visit", "state": 8}, {"time": 713.0077325834427, "event": "start", "flip_time": 713.0077127499972}, {"time": 713.0123030834366, "event": "get move", "selected": 0}, {"time": 716.0703270835802, "event": "switch", "selected": 2}, {"time": 716.5813768336084, "event": "select", "selected": 2}, {"time": 716.5814509168267, "event": "visit", "state": 2}, {"time": 716.5898589584976, "event": "get move", "selected": 6}, {"time": 716.9896594167221, "event": "switch", "selected": 5}, {"time": 717.3252602918074, "event": "select", "selected": 5}, {"time": 717.3253229167312, "event": "visit", "state": 5}, {"time": 719.1936264999676, "event": "done"}]
2024-09-08 17:25:03,830 [INFO]  stop_recording
2024-09-08 17:25:03,846 [INFO]  gt.status is None
2024-09-08 17:25:03,846 [DEBUG]  add bonus points 8 (total = 139)
2024-09-08 17:25:03,846 [INFO]  Trial 24 of 260
2024-09-08 17:25:04,066 [INFO]  begin trial {"kind": "GraphTrial", "graph": [[1, 2], [], [], [7], [], [0, 8], [], [], [4], [10, 6], [6, 3]], "rewards": [2, -2, -1, 2, -3, null, 2, -1, -3, 1, -1], "reward_info": {"-4": {"desc": "pattern_1", "image": "images[0]"}, "-3": {"desc": "pattern_2", "image": "images[1]"}, "-2": {"desc": "pattern_3", "image": "images[2]"}, "-1": {"desc": "pattern_4", "image": "images[3]"}, "0": {"desc": "pattern_5", "image": "images[4]"}, "1": {"desc": "pattern_6", "image": "images[5]"}, "2": {"desc": "pattern_7", "image": "images[6]"}, "3": {"desc": "pattern_8", "image": "images[7]"}, "4": {"desc": "pattern_9", "image": "images[8]"}}, "initial_stage": "planning", "hide_states": false, "hide_rewards_while_acting": false, "hide_edges_while_acting": false, "gaze_contingent": false, "gaze_tolerance": 1.5, "fixation_lag": 0.5, "start": 5}
2024-09-08 17:25:04,066 [INFO]  <eyetracking.EyeLink object at 0x16d719280>
2024-09-08 17:25:04,066 [DEBUG]  GraphTrial.log 719.430 begin drift_check 
2024-09-08 17:25:06,265 [DEBUG]  GraphTrial.log 721.629 initialize status = None
2024-09-08 17:25:06,265 [DEBUG]  GraphTrial.log 721.629 start recording 
2024-09-08 17:25:06,265 [INFO]  start_recording
2024-09-08 17:25:06,390 [DEBUG]  GraphTrial.log 721.753 show graph 
2024-09-08 17:25:06,399 [DEBUG]  STREAM b'IHDR' 16 13
2024-09-08 17:25:06,399 [DEBUG]  STREAM b'IDAT' 41 65536
2024-09-08 17:25:06,412 [DEBUG]  STREAM b'IHDR' 16 13
2024-09-08 17:25:06,412 [DEBUG]  STREAM b'IDAT' 41 65536
2024-09-08 17:25:06,422 [DEBUG]  STREAM b'IHDR' 16 13
2024-09-08 17:25:06,422 [DEBUG]  STREAM b'IDAT' 41 65536
2024-09-08 17:25:06,430 [DEBUG]  STREAM b'IHDR' 16 13
2024-09-08 17:25:06,430 [DEBUG]  STREAM b'IDAT' 41 65536
2024-09-08 17:25:06,440 [DEBUG]  STREAM b'IHDR' 16 13
2024-09-08 17:25:06,440 [DEBUG]  STREAM b'IDAT' 41 65536
2024-09-08 17:25:06,446 [DEBUG]  STREAM b'IHDR' 16 13
2024-09-08 17:25:06,446 [DEBUG]  STREAM b'IDAT' 41 65536
2024-09-08 17:25:06,452 [DEBUG]  STREAM b'IHDR' 16 13
2024-09-08 17:25:06,452 [DEBUG]  STREAM b'IDAT' 41 65536
2024-09-08 17:25:06,457 [DEBUG]  STREAM b'IHDR' 16 13
2024-09-08 17:25:06,457 [DEBUG]  STREAM b'IDAT' 41 65536
2024-09-08 17:25:06,464 [DEBUG]  STREAM b'IHDR' 16 13
2024-09-08 17:25:06,464 [DEBUG]  STREAM b'IDAT' 41 65536
2024-09-08 17:25:06,469 [DEBUG]  STREAM b'IHDR' 16 13
2024-09-08 17:25:06,469 [DEBUG]  STREAM b'IDAT' 41 65536
2024-09-08 17:25:06,474 [DEBUG]  STREAM b'IHDR' 16 13
2024-09-08 17:25:06,474 [DEBUG]  STREAM b'IDAT' 41 65536
2024-09-08 17:25:06,478 [DEBUG]  STREAM b'IHDR' 16 13
2024-09-08 17:25:06,478 [DEBUG]  STREAM b'IDAT' 41 65536
2024-09-08 17:25:06,484 [DEBUG]  STREAM b'IHDR' 16 13
2024-09-08 17:25:06,484 [DEBUG]  STREAM b'IDAT' 41 65536
2024-09-08 17:25:06,489 [DEBUG]  STREAM b'IHDR' 16 13
2024-09-08 17:25:06,489 [DEBUG]  STREAM b'IDAT' 41 65536
2024-09-08 17:25:06,493 [DEBUG]  STREAM b'IHDR' 16 13
2024-09-08 17:25:06,493 [DEBUG]  STREAM b'IDAT' 41 65536
2024-09-08 17:25:06,497 [DEBUG]  STREAM b'IHDR' 16 13
2024-09-08 17:25:06,498 [DEBUG]  STREAM b'IDAT' 41 65536
2024-09-08 17:25:06,503 [DEBUG]  STREAM b'IHDR' 16 13
2024-09-08 17:25:06,503 [DEBUG]  STREAM b'IDAT' 41 65536
2024-09-08 17:25:06,507 [DEBUG]  STREAM b'IHDR' 16 13
2024-09-08 17:25:06,507 [DEBUG]  STREAM b'IDAT' 41 65536
2024-09-08 17:25:06,512 [DEBUG]  STREAM b'IHDR' 16 13
2024-09-08 17:25:06,512 [DEBUG]  STREAM b'IDAT' 41 65536
2024-09-08 17:25:06,516 [DEBUG]  STREAM b'IHDR' 16 13
2024-09-08 17:25:06,516 [DEBUG]  STREAM b'IDAT' 41 65536
2024-09-08 17:25:06,522 [DEBUG]  STREAM b'IHDR' 16 13
2024-09-08 17:25:06,522 [DEBUG]  STREAM b'IDAT' 41 65536
2024-09-08 17:25:06,527 [DEBUG]  STREAM b'IHDR' 16 13
2024-09-08 17:25:06,527 [DEBUG]  STREAM b'IDAT' 41 65536
2024-09-08 17:25:06,531 [DEBUG]  STREAM b'IHDR' 16 13
2024-09-08 17:25:06,531 [DEBUG]  STREAM b'IDAT' 41 65536
2024-09-08 17:25:06,535 [DEBUG]  STREAM b'IHDR' 16 13
2024-09-08 17:25:06,535 [DEBUG]  STREAM b'IDAT' 41 65536
2024-09-08 17:25:06,541 [DEBUG]  STREAM b'IHDR' 16 13
2024-09-08 17:25:06,541 [DEBUG]  STREAM b'IDAT' 41 65536
2024-09-08 17:25:06,545 [DEBUG]  STREAM b'IHDR' 16 13
2024-09-08 17:25:06,545 [DEBUG]  STREAM b'IDAT' 41 65536
2024-09-08 17:25:06,549 [DEBUG]  STREAM b'IHDR' 16 13
2024-09-08 17:25:06,549 [DEBUG]  STREAM b'IDAT' 41 65536
2024-09-08 17:25:06,553 [DEBUG]  STREAM b'IHDR' 16 13
2024-09-08 17:25:06,553 [DEBUG]  STREAM b'IDAT' 41 65536
2024-09-08 17:25:06,558 [DEBUG]  STREAM b'IHDR' 16 13
2024-09-08 17:25:06,558 [DEBUG]  STREAM b'IDAT' 41 65536
2024-09-08 17:25:06,563 [DEBUG]  STREAM b'IHDR' 16 13
2024-09-08 17:25:06,563 [DEBUG]  STREAM b'IDAT' 41 65536
2024-09-08 17:25:06,567 [DEBUG]  STREAM b'IHDR' 16 13
2024-09-08 17:25:06,567 [DEBUG]  STREAM b'IDAT' 41 65536
2024-09-08 17:25:06,571 [DEBUG]  STREAM b'IHDR' 16 13
2024-09-08 17:25:06,571 [DEBUG]  STREAM b'IDAT' 41 65536
2024-09-08 17:25:06,576 [DEBUG]  STREAM b'IHDR' 16 13
2024-09-08 17:25:06,576 [DEBUG]  STREAM b'IDAT' 41 65536
2024-09-08 17:25:06,580 [DEBUG]  STREAM b'IHDR' 16 13
2024-09-08 17:25:06,580 [DEBUG]  STREAM b'IDAT' 41 65536
2024-09-08 17:25:06,585 [DEBUG]  STREAM b'IHDR' 16 13
2024-09-08 17:25:06,585 [DEBUG]  STREAM b'IDAT' 41 65536
2024-09-08 17:25:06,589 [DEBUG]  STREAM b'IHDR' 16 13
2024-09-08 17:25:06,589 [DEBUG]  STREAM b'IDAT' 41 65536
2024-09-08 17:25:06,594 [DEBUG]  STREAM b'IHDR' 16 13
2024-09-08 17:25:06,594 [DEBUG]  STREAM b'IDAT' 41 65536
2024-09-08 17:25:06,598 [DEBUG]  STREAM b'IHDR' 16 13
2024-09-08 17:25:06,598 [DEBUG]  STREAM b'IDAT' 41 65536
2024-09-08 17:25:06,602 [DEBUG]  STREAM b'IHDR' 16 13
2024-09-08 17:25:06,602 [DEBUG]  STREAM b'IDAT' 41 65536
2024-09-08 17:25:06,606 [DEBUG]  STREAM b'IHDR' 16 13
2024-09-08 17:25:06,606 [DEBUG]  STREAM b'IDAT' 41 65536
2024-09-08 17:25:06,616 [DEBUG]  GraphTrial.log 721.979 visit state = 5
2024-09-08 17:25:06,621 [DEBUG]  GraphTrial.log 721.985 start flip_time = 721.9847379585262
2024-09-08 17:25:06,626 [DEBUG]  GraphTrial.log 721.990 get move selected = 8
2024-09-08 17:25:14,251 [DEBUG]  GraphTrial.log 729.614 switch selected = 0
2024-09-08 17:25:14,938 [DEBUG]  GraphTrial.log 730.301 select selected = 0
2024-09-08 17:25:14,938 [DEBUG]  GraphTrial.log 730.301 visit state = 0
2024-09-08 17:25:14,951 [DEBUG]  GraphTrial.log 730.314 get move selected = 2
2024-09-08 17:25:16,586 [DEBUG]  GraphTrial.log 731.950 select selected = 2
2024-09-08 17:25:16,586 [DEBUG]  GraphTrial.log 731.950 visit state = 2
2024-09-08 17:25:18,431 [DEBUG]  GraphTrial.log 733.795 done 
2024-09-08 17:25:18,432 [INFO]  end trial [{"time": 719.429745625006, "event": "begin drift_check"}, {"time": 721.6285071668681, "event": "initialize", "status": null}, {"time": 721.6288181249984, "event": "start recording"}, {"time": 721.7533345418051, "event": "show graph"}, {"time": 721.9793937085196, "event": "visit", "state": 5}, {"time": 721.9847529167309, "event": "start", "flip_time": 721.9847379585262}, {"time": 721.9896217500791, "event": "get move", "selected": 8}, {"time": 729.6142883750144, "event": "switch", "selected": 0}, {"time": 730.301372166723, "event": "select", "selected": 0}, {"time": 730.3014438750688, "event": "visit", "state": 0}, {"time": 730.3142915000208, "event": "get move", "selected": 2}, {"time": 731.9495390418451, "event": "select", "selected": 2}, {"time": 731.9495988334529, "event": "visit", "state": 2}, {"time": 733.7949862917885, "event": "done"}]
2024-09-08 17:25:18,432 [INFO]  stop_recording
2024-09-08 17:25:18,448 [INFO]  gt.status is None
2024-09-08 17:25:18,448 [DEBUG]  add bonus points 1 (total = 140)
2024-09-08 17:25:18,448 [INFO]  Trial 25 of 260
2024-09-08 17:25:18,642 [INFO]  begin trial {"kind": "GraphTrial", "graph": [[], [7, 2], [0], [1, 7], [], [], [4], [], [10, 6], [], [9, 5]], "rewards": [3, -2, 2, 2, -1, 4, -4, 2, null, -4, -3], "reward_info": {"-4": {"desc": "pattern_1", "image": "images[0]"}, "-3": {"desc": "pattern_2", "image": "images[1]"}, "-2": {"desc": "pattern_3", "image": "images[2]"}, "-1": {"desc": "pattern_4", "image": "images[3]"}, "0": {"desc": "pattern_5", "image": "images[4]"}, "1": {"desc": "pattern_6", "image": "images[5]"}, "2": {"desc": "pattern_7", "image": "images[6]"}, "3": {"desc": "pattern_8", "image": "images[7]"}, "4": {"desc": "pattern_9", "image": "images[8]"}}, "initial_stage": "planning", "hide_states": false, "hide_rewards_while_acting": false, "hide_edges_while_acting": false, "gaze_contingent": false, "gaze_tolerance": 1.5, "fixation_lag": 0.5, "start": 8}
2024-09-08 17:25:18,642 [INFO]  <eyetracking.EyeLink object at 0x16d719280>
2024-09-08 17:25:18,642 [DEBUG]  GraphTrial.log 734.006 begin drift_check 
2024-09-08 17:25:21,399 [DEBUG]  GraphTrial.log 736.762 initialize status = None
2024-09-08 17:25:21,399 [DEBUG]  GraphTrial.log 736.763 start recording 
2024-09-08 17:25:21,399 [INFO]  start_recording
2024-09-08 17:25:21,526 [DEBUG]  GraphTrial.log 736.889 show graph 
2024-09-08 17:25:21,534 [DEBUG]  STREAM b'IHDR' 16 13
2024-09-08 17:25:21,535 [DEBUG]  STREAM b'IDAT' 41 65536
2024-09-08 17:25:21,548 [DEBUG]  STREAM b'IHDR' 16 13
2024-09-08 17:25:21,548 [DEBUG]  STREAM b'IDAT' 41 65536
2024-09-08 17:25:21,558 [DEBUG]  STREAM b'IHDR' 16 13
2024-09-08 17:25:21,558 [DEBUG]  STREAM b'IDAT' 41 65536
2024-09-08 17:25:21,566 [DEBUG]  STREAM b'IHDR' 16 13
2024-09-08 17:25:21,566 [DEBUG]  STREAM b'IDAT' 41 65536
2024-09-08 17:25:21,576 [DEBUG]  STREAM b'IHDR' 16 13
2024-09-08 17:25:21,576 [DEBUG]  STREAM b'IDAT' 41 65536
2024-09-08 17:25:21,582 [DEBUG]  STREAM b'IHDR' 16 13
2024-09-08 17:25:21,582 [DEBUG]  STREAM b'IDAT' 41 65536
2024-09-08 17:25:21,588 [DEBUG]  STREAM b'IHDR' 16 13
2024-09-08 17:25:21,588 [DEBUG]  STREAM b'IDAT' 41 65536
2024-09-08 17:25:21,593 [DEBUG]  STREAM b'IHDR' 16 13
2024-09-08 17:25:21,593 [DEBUG]  STREAM b'IDAT' 41 65536
2024-09-08 17:25:21,600 [DEBUG]  STREAM b'IHDR' 16 13
2024-09-08 17:25:21,600 [DEBUG]  STREAM b'IDAT' 41 65536
2024-09-08 17:25:21,605 [DEBUG]  STREAM b'IHDR' 16 13
2024-09-08 17:25:21,605 [DEBUG]  STREAM b'IDAT' 41 65536
2024-09-08 17:25:21,610 [DEBUG]  STREAM b'IHDR' 16 13
2024-09-08 17:25:21,610 [DEBUG]  STREAM b'IDAT' 41 65536
2024-09-08 17:25:21,615 [DEBUG]  STREAM b'IHDR' 16 13
2024-09-08 17:25:21,615 [DEBUG]  STREAM b'IDAT' 41 65536
2024-09-08 17:25:21,621 [DEBUG]  STREAM b'IHDR' 16 13
2024-09-08 17:25:21,621 [DEBUG]  STREAM b'IDAT' 41 65536
2024-09-08 17:25:21,625 [DEBUG]  STREAM b'IHDR' 16 13
2024-09-08 17:25:21,625 [DEBUG]  STREAM b'IDAT' 41 65536
2024-09-08 17:25:21,630 [DEBUG]  STREAM b'IHDR' 16 13
2024-09-08 17:25:21,630 [DEBUG]  STREAM b'IDAT' 41 65536
2024-09-08 17:25:21,634 [DEBUG]  STREAM b'IHDR' 16 13
2024-09-08 17:25:21,634 [DEBUG]  STREAM b'IDAT' 41 65536
2024-09-08 17:25:21,640 [DEBUG]  STREAM b'IHDR' 16 13
2024-09-08 17:25:21,640 [DEBUG]  STREAM b'IDAT' 41 65536
2024-09-08 17:25:21,644 [DEBUG]  STREAM b'IHDR' 16 13
2024-09-08 17:25:21,644 [DEBUG]  STREAM b'IDAT' 41 65536
2024-09-08 17:25:21,648 [DEBUG]  STREAM b'IHDR' 16 13
2024-09-08 17:25:21,648 [DEBUG]  STREAM b'IDAT' 41 65536
2024-09-08 17:25:21,652 [DEBUG]  STREAM b'IHDR' 16 13
2024-09-08 17:25:21,652 [DEBUG]  STREAM b'IDAT' 41 65536
2024-09-08 17:25:21,658 [DEBUG]  STREAM b'IHDR' 16 13
2024-09-08 17:25:21,658 [DEBUG]  STREAM b'IDAT' 41 65536
2024-09-08 17:25:21,663 [DEBUG]  STREAM b'IHDR' 16 13
2024-09-08 17:25:21,663 [DEBUG]  STREAM b'IDAT' 41 65536
2024-09-08 17:25:21,668 [DEBUG]  STREAM b'IHDR' 16 13
2024-09-08 17:25:21,668 [DEBUG]  STREAM b'IDAT' 41 65536
2024-09-08 17:25:21,672 [DEBUG]  STREAM b'IHDR' 16 13
2024-09-08 17:25:21,672 [DEBUG]  STREAM b'IDAT' 41 65536
2024-09-08 17:25:21,678 [DEBUG]  STREAM b'IHDR' 16 13
2024-09-08 17:25:21,678 [DEBUG]  STREAM b'IDAT' 41 65536
2024-09-08 17:25:21,682 [DEBUG]  STREAM b'IHDR' 16 13
2024-09-08 17:25:21,682 [DEBUG]  STREAM b'IDAT' 41 65536
2024-09-08 17:25:21,687 [DEBUG]  STREAM b'IHDR' 16 13
2024-09-08 17:25:21,687 [DEBUG]  STREAM b'IDAT' 41 65536
2024-09-08 17:25:21,691 [DEBUG]  STREAM b'IHDR' 16 13
2024-09-08 17:25:21,691 [DEBUG]  STREAM b'IDAT' 41 65536
2024-09-08 17:25:21,696 [DEBUG]  STREAM b'IHDR' 16 13
2024-09-08 17:25:21,696 [DEBUG]  STREAM b'IDAT' 41 65536
2024-09-08 17:25:21,701 [DEBUG]  STREAM b'IHDR' 16 13
2024-09-08 17:25:21,701 [DEBUG]  STREAM b'IDAT' 41 65536
2024-09-08 17:25:21,705 [DEBUG]  STREAM b'IHDR' 16 13
2024-09-08 17:25:21,705 [DEBUG]  STREAM b'IDAT' 41 65536
2024-09-08 17:25:21,709 [DEBUG]  STREAM b'IHDR' 16 13
2024-09-08 17:25:21,709 [DEBUG]  STREAM b'IDAT' 41 65536
2024-09-08 17:25:21,716 [DEBUG]  STREAM b'IHDR' 16 13
2024-09-08 17:25:21,716 [DEBUG]  STREAM b'IDAT' 41 65536
2024-09-08 17:25:21,720 [DEBUG]  STREAM b'IHDR' 16 13
2024-09-08 17:25:21,720 [DEBUG]  STREAM b'IDAT' 41 65536
2024-09-08 17:25:21,724 [DEBUG]  STREAM b'IHDR' 16 13
2024-09-08 17:25:21,724 [DEBUG]  STREAM b'IDAT' 41 65536
2024-09-08 17:25:21,728 [DEBUG]  STREAM b'IHDR' 16 13
2024-09-08 17:25:21,729 [DEBUG]  STREAM b'IDAT' 41 65536
2024-09-08 17:25:21,734 [DEBUG]  STREAM b'IHDR' 16 13
2024-09-08 17:25:21,734 [DEBUG]  STREAM b'IDAT' 41 65536
2024-09-08 17:25:21,739 [DEBUG]  STREAM b'IHDR' 16 13
2024-09-08 17:25:21,739 [DEBUG]  STREAM b'IDAT' 41 65536
2024-09-08 17:25:21,743 [DEBUG]  STREAM b'IHDR' 16 13
2024-09-08 17:25:21,743 [DEBUG]  STREAM b'IDAT' 41 65536
2024-09-08 17:25:21,747 [DEBUG]  STREAM b'IHDR' 16 13
2024-09-08 17:25:21,747 [DEBUG]  STREAM b'IDAT' 41 65536
2024-09-08 17:25:21,756 [DEBUG]  GraphTrial.log 737.120 visit state = 8
2024-09-08 17:25:21,763 [DEBUG]  GraphTrial.log 737.126 start flip_time = 737.1261839999352
2024-09-08 17:25:21,767 [DEBUG]  GraphTrial.log 737.131 get move selected = 10
2024-09-08 17:25:25,690 [DEBUG]  GraphTrial.log 741.054 select selected = 10
2024-09-08 17:25:25,690 [DEBUG]  GraphTrial.log 741.054 visit state = 10
2024-09-08 17:25:25,705 [DEBUG]  GraphTrial.log 741.068 get move selected = 5
2024-09-08 17:25:26,138 [DEBUG]  GraphTrial.log 741.501 select selected = 5
2024-09-08 17:25:26,138 [DEBUG]  GraphTrial.log 741.502 visit state = 5
2024-09-08 17:25:27,980 [DEBUG]  GraphTrial.log 743.343 done 
2024-09-08 17:25:27,980 [INFO]  end trial [{"time": 734.005903541809, "event": "begin drift_check"}, {"time": 736.7622568749357, "event": "initialize", "status": null}, {"time": 736.7627355416771, "event": "start recording"}, {"time": 736.889290416846, "event": "show graph"}, {"time": 737.1199737084098, "event": "visit", "state": 8}, {"time": 737.1262038750574, "event": "start", "flip_time": 737.1261839999352}, {"time": 737.1309302917216, "event": "get move", "selected": 10}, {"time": 741.0538706250954, "event": "select", "selected": 10}, {"time": 741.0539402083959, "event": "visit", "state": 10}, {"time": 741.0684974584728, "event": "get move", "selected": 5}, {"time": 741.5014622500166, "event": "select", "selected": 5}, {"time": 741.5015265417751, "event": "visit", "state": 5}, {"time": 743.3432682917919, "event": "done"}]
2024-09-08 17:25:27,980 [INFO]  stop_recording
2024-09-08 17:25:27,996 [INFO]  gt.status is None
2024-09-08 17:25:27,997 [DEBUG]  add bonus points 1 (total = 141)
2024-09-08 17:25:27,997 [INFO]  Trial 26 of 260
2024-09-08 17:25:28,266 [INFO]  begin trial {"kind": "GraphTrial", "graph": [[], [8, 6], [0], [4, 9], [], [10], [], [3, 5], [6, 2], [], []], "rewards": [-2, 3, 1, -4, 1, 3, 2, null, 0, -3, -1], "reward_info": {"-4": {"desc": "pattern_1", "image": "images[0]"}, "-3": {"desc": "pattern_2", "image": "images[1]"}, "-2": {"desc": "pattern_3", "image": "images[2]"}, "-1": {"desc": "pattern_4", "image": "images[3]"}, "0": {"desc": "pattern_5", "image": "images[4]"}, "1": {"desc": "pattern_6", "image": "images[5]"}, "2": {"desc": "pattern_7", "image": "images[6]"}, "3": {"desc": "pattern_8", "image": "images[7]"}, "4": {"desc": "pattern_9", "image": "images[8]"}}, "initial_stage": "planning", "hide_states": false, "hide_rewards_while_acting": false, "hide_edges_while_acting": false, "gaze_contingent": false, "gaze_tolerance": 1.5, "fixation_lag": 0.5, "start": 7}
2024-09-08 17:25:28,266 [INFO]  <eyetracking.EyeLink object at 0x16d719280>
2024-09-08 17:25:28,266 [DEBUG]  GraphTrial.log 743.630 begin drift_check 
2024-09-08 17:25:30,947 [DEBUG]  GraphTrial.log 746.310 initialize status = None
2024-09-08 17:25:30,947 [DEBUG]  GraphTrial.log 746.311 start recording 
2024-09-08 17:25:30,947 [INFO]  start_recording
2024-09-08 17:25:31,072 [DEBUG]  GraphTrial.log 746.435 show graph 
2024-09-08 17:25:31,081 [DEBUG]  STREAM b'IHDR' 16 13
2024-09-08 17:25:31,081 [DEBUG]  STREAM b'IDAT' 41 65536
2024-09-08 17:25:31,094 [DEBUG]  STREAM b'IHDR' 16 13
2024-09-08 17:25:31,094 [DEBUG]  STREAM b'IDAT' 41 65536
2024-09-08 17:25:31,104 [DEBUG]  STREAM b'IHDR' 16 13
2024-09-08 17:25:31,104 [DEBUG]  STREAM b'IDAT' 41 65536
2024-09-08 17:25:31,112 [DEBUG]  STREAM b'IHDR' 16 13
2024-09-08 17:25:31,112 [DEBUG]  STREAM b'IDAT' 41 65536
2024-09-08 17:25:31,121 [DEBUG]  STREAM b'IHDR' 16 13
2024-09-08 17:25:31,121 [DEBUG]  STREAM b'IDAT' 41 65536
2024-09-08 17:25:31,128 [DEBUG]  STREAM b'IHDR' 16 13
2024-09-08 17:25:31,128 [DEBUG]  STREAM b'IDAT' 41 65536
2024-09-08 17:25:31,135 [DEBUG]  STREAM b'IHDR' 16 13
2024-09-08 17:25:31,135 [DEBUG]  STREAM b'IDAT' 41 65536
2024-09-08 17:25:31,140 [DEBUG]  STREAM b'IHDR' 16 13
2024-09-08 17:25:31,140 [DEBUG]  STREAM b'IDAT' 41 65536
2024-09-08 17:25:31,148 [DEBUG]  STREAM b'IHDR' 16 13
2024-09-08 17:25:31,148 [DEBUG]  STREAM b'IDAT' 41 65536
2024-09-08 17:25:31,153 [DEBUG]  STREAM b'IHDR' 16 13
2024-09-08 17:25:31,154 [DEBUG]  STREAM b'IDAT' 41 65536
2024-09-08 17:25:31,158 [DEBUG]  STREAM b'IHDR' 16 13
2024-09-08 17:25:31,158 [DEBUG]  STREAM b'IDAT' 41 65536
2024-09-08 17:25:31,163 [DEBUG]  STREAM b'IHDR' 16 13
2024-09-08 17:25:31,163 [DEBUG]  STREAM b'IDAT' 41 65536
2024-09-08 17:25:31,169 [DEBUG]  STREAM b'IHDR' 16 13
2024-09-08 17:25:31,169 [DEBUG]  STREAM b'IDAT' 41 65536
2024-09-08 17:25:31,173 [DEBUG]  STREAM b'IHDR' 16 13
2024-09-08 17:25:31,173 [DEBUG]  STREAM b'IDAT' 41 65536
2024-09-08 17:25:31,177 [DEBUG]  STREAM b'IHDR' 16 13
2024-09-08 17:25:31,177 [DEBUG]  STREAM b'IDAT' 41 65536
2024-09-08 17:25:31,182 [DEBUG]  STREAM b'IHDR' 16 13
2024-09-08 17:25:31,182 [DEBUG]  STREAM b'IDAT' 41 65536
2024-09-08 17:25:31,187 [DEBUG]  STREAM b'IHDR' 16 13
2024-09-08 17:25:31,187 [DEBUG]  STREAM b'IDAT' 41 65536
2024-09-08 17:25:31,191 [DEBUG]  STREAM b'IHDR' 16 13
2024-09-08 17:25:31,191 [DEBUG]  STREAM b'IDAT' 41 65536
2024-09-08 17:25:31,195 [DEBUG]  STREAM b'IHDR' 16 13
2024-09-08 17:25:31,196 [DEBUG]  STREAM b'IDAT' 41 65536
2024-09-08 17:25:31,200 [DEBUG]  STREAM b'IHDR' 16 13
2024-09-08 17:25:31,200 [DEBUG]  STREAM b'IDAT' 41 65536
2024-09-08 17:25:31,205 [DEBUG]  STREAM b'IHDR' 16 13
2024-09-08 17:25:31,205 [DEBUG]  STREAM b'IDAT' 41 65536
2024-09-08 17:25:31,210 [DEBUG]  STREAM b'IHDR' 16 13
2024-09-08 17:25:31,210 [DEBUG]  STREAM b'IDAT' 41 65536
2024-09-08 17:25:31,214 [DEBUG]  STREAM b'IHDR' 16 13
2024-09-08 17:25:31,214 [DEBUG]  STREAM b'IDAT' 41 65536
2024-09-08 17:25:31,219 [DEBUG]  STREAM b'IHDR' 16 13
2024-09-08 17:25:31,219 [DEBUG]  STREAM b'IDAT' 41 65536
2024-09-08 17:25:31,224 [DEBUG]  STREAM b'IHDR' 16 13
2024-09-08 17:25:31,224 [DEBUG]  STREAM b'IDAT' 41 65536
2024-09-08 17:25:31,229 [DEBUG]  STREAM b'IHDR' 16 13
2024-09-08 17:25:31,229 [DEBUG]  STREAM b'IDAT' 41 65536
2024-09-08 17:25:31,233 [DEBUG]  STREAM b'IHDR' 16 13
2024-09-08 17:25:31,233 [DEBUG]  STREAM b'IDAT' 41 65536
2024-09-08 17:25:31,237 [DEBUG]  STREAM b'IHDR' 16 13
2024-09-08 17:25:31,237 [DEBUG]  STREAM b'IDAT' 41 65536
2024-09-08 17:25:31,244 [DEBUG]  STREAM b'IHDR' 16 13
2024-09-08 17:25:31,244 [DEBUG]  STREAM b'IDAT' 41 65536
2024-09-08 17:25:31,249 [DEBUG]  STREAM b'IHDR' 16 13
2024-09-08 17:25:31,249 [DEBUG]  STREAM b'IDAT' 41 65536
2024-09-08 17:25:31,253 [DEBUG]  STREAM b'IHDR' 16 13
2024-09-08 17:25:31,253 [DEBUG]  STREAM b'IDAT' 41 65536
2024-09-08 17:25:31,257 [DEBUG]  STREAM b'IHDR' 16 13
2024-09-08 17:25:31,257 [DEBUG]  STREAM b'IDAT' 41 65536
2024-09-08 17:25:31,263 [DEBUG]  STREAM b'IHDR' 16 13
2024-09-08 17:25:31,263 [DEBUG]  STREAM b'IDAT' 41 65536
2024-09-08 17:25:31,267 [DEBUG]  STREAM b'IHDR' 16 13
2024-09-08 17:25:31,267 [DEBUG]  STREAM b'IDAT' 41 65536
2024-09-08 17:25:31,271 [DEBUG]  STREAM b'IHDR' 16 13
2024-09-08 17:25:31,271 [DEBUG]  STREAM b'IDAT' 41 65536
2024-09-08 17:25:31,275 [DEBUG]  STREAM b'IHDR' 16 13
2024-09-08 17:25:31,275 [DEBUG]  STREAM b'IDAT' 41 65536
2024-09-08 17:25:31,280 [DEBUG]  STREAM b'IHDR' 16 13
2024-09-08 17:25:31,280 [DEBUG]  STREAM b'IDAT' 41 65536
2024-09-08 17:25:31,285 [DEBUG]  STREAM b'IHDR' 16 13
2024-09-08 17:25:31,285 [DEBUG]  STREAM b'IDAT' 41 65536
2024-09-08 17:25:31,289 [DEBUG]  STREAM b'IHDR' 16 13
2024-09-08 17:25:31,289 [DEBUG]  STREAM b'IDAT' 41 65536
2024-09-08 17:25:31,293 [DEBUG]  STREAM b'IHDR' 16 13
2024-09-08 17:25:31,293 [DEBUG]  STREAM b'IDAT' 41 65536
2024-09-08 17:25:31,302 [DEBUG]  GraphTrial.log 746.666 visit state = 7
2024-09-08 17:25:31,308 [DEBUG]  GraphTrial.log 746.671 start flip_time = 746.6709873750806
2024-09-08 17:25:31,312 [DEBUG]  GraphTrial.log 746.676 get move selected = 5
2024-09-08 17:25:37,835 [DEBUG]  GraphTrial.log 753.198 select selected = 5
2024-09-08 17:25:37,836 [DEBUG]  GraphTrial.log 753.199 visit state = 5
2024-09-08 17:25:37,857 [DEBUG]  GraphTrial.log 753.220 get move selected = 10
2024-09-08 17:25:38,282 [DEBUG]  GraphTrial.log 753.645 select selected = 10
2024-09-08 17:25:38,282 [DEBUG]  GraphTrial.log 753.646 visit state = 10
2024-09-08 17:25:40,148 [DEBUG]  GraphTrial.log 755.512 done 
2024-09-08 17:25:40,149 [INFO]  end trial [{"time": 743.6297981666867, "event": "begin drift_check"}, {"time": 746.3104155000765, "event": "initialize", "status": null}, {"time": 746.3105985417496, "event": "start recording"}, {"time": 746.4354606249835, "event": "show graph"}, {"time": 746.6656769167166, "event": "visit", "state": 7}, {"time": 746.6710032499395, "event": "start", "flip_time": 746.6709873750806}, {"time": 746.6757486250717, "event": "get move", "selected": 5}, {"time": 753.1980795001145, "event": "select", "selected": 5}, {"time": 753.1989633750636, "event": "visit", "state": 5}, {"time": 753.2203912085388, "event": "get move", "selected": 10}, {"time": 753.6454937916715, "event": "select", "selected": 10}, {"time": 753.6455659999046, "event": "visit", "state": 10}, {"time": 755.5117895836011, "event": "done"}]
2024-09-08 17:25:40,149 [INFO]  stop_recording
2024-09-08 17:25:40,165 [INFO]  gt.status is None
2024-09-08 17:25:40,165 [DEBUG]  add bonus points 2 (total = 143)
2024-09-08 17:25:40,165 [INFO]  Trial 27 of 260
2024-09-08 17:25:40,298 [INFO]  begin trial {"kind": "GraphTrial", "graph": [[6, 5], [], [], [8, 4], [], [], [5, 2], [9, 1], [], [], [7, 3]], "rewards": [-2, 2, -2, -3, 1, -3, 4, 4, -3, -2, null], "reward_info": {"-4": {"desc": "pattern_1", "image": "images[0]"}, "-3": {"desc": "pattern_2", "image": "images[1]"}, "-2": {"desc": "pattern_3", "image": "images[2]"}, "-1": {"desc": "pattern_4", "image": "images[3]"}, "0": {"desc": "pattern_5", "image": "images[4]"}, "1": {"desc": "pattern_6", "image": "images[5]"}, "2": {"desc": "pattern_7", "image": "images[6]"}, "3": {"desc": "pattern_8", "image": "images[7]"}, "4": {"desc": "pattern_9", "image": "images[8]"}}, "initial_stage": "planning", "hide_states": false, "hide_rewards_while_acting": false, "hide_edges_while_acting": false, "gaze_contingent": false, "gaze_tolerance": 1.5, "fixation_lag": 0.5, "start": 10}
2024-09-08 17:25:40,298 [INFO]  <eyetracking.EyeLink object at 0x16d719280>
2024-09-08 17:25:40,298 [DEBUG]  GraphTrial.log 755.662 begin drift_check 
2024-09-08 17:25:43,464 [DEBUG]  GraphTrial.log 758.827 initialize status = None
2024-09-08 17:25:43,464 [DEBUG]  GraphTrial.log 758.828 start recording 
2024-09-08 17:25:43,465 [INFO]  start_recording
2024-09-08 17:25:43,590 [DEBUG]  GraphTrial.log 758.953 show graph 
2024-09-08 17:25:43,598 [DEBUG]  STREAM b'IHDR' 16 13
2024-09-08 17:25:43,599 [DEBUG]  STREAM b'IDAT' 41 65536
2024-09-08 17:25:43,611 [DEBUG]  STREAM b'IHDR' 16 13
2024-09-08 17:25:43,611 [DEBUG]  STREAM b'IDAT' 41 65536
2024-09-08 17:25:43,621 [DEBUG]  STREAM b'IHDR' 16 13
2024-09-08 17:25:43,621 [DEBUG]  STREAM b'IDAT' 41 65536
2024-09-08 17:25:43,629 [DEBUG]  STREAM b'IHDR' 16 13
2024-09-08 17:25:43,629 [DEBUG]  STREAM b'IDAT' 41 65536
2024-09-08 17:25:43,639 [DEBUG]  STREAM b'IHDR' 16 13
2024-09-08 17:25:43,639 [DEBUG]  STREAM b'IDAT' 41 65536
2024-09-08 17:25:43,646 [DEBUG]  STREAM b'IHDR' 16 13
2024-09-08 17:25:43,646 [DEBUG]  STREAM b'IDAT' 41 65536
2024-09-08 17:25:43,652 [DEBUG]  STREAM b'IHDR' 16 13
2024-09-08 17:25:43,652 [DEBUG]  STREAM b'IDAT' 41 65536
2024-09-08 17:25:43,657 [DEBUG]  STREAM b'IHDR' 16 13
2024-09-08 17:25:43,657 [DEBUG]  STREAM b'IDAT' 41 65536
2024-09-08 17:25:43,664 [DEBUG]  STREAM b'IHDR' 16 13
2024-09-08 17:25:43,665 [DEBUG]  STREAM b'IDAT' 41 65536
2024-09-08 17:25:43,670 [DEBUG]  STREAM b'IHDR' 16 13
2024-09-08 17:25:43,670 [DEBUG]  STREAM b'IDAT' 41 65536
2024-09-08 17:25:43,674 [DEBUG]  STREAM b'IHDR' 16 13
2024-09-08 17:25:43,674 [DEBUG]  STREAM b'IDAT' 41 65536
2024-09-08 17:25:43,679 [DEBUG]  STREAM b'IHDR' 16 13
2024-09-08 17:25:43,679 [DEBUG]  STREAM b'IDAT' 41 65536
2024-09-08 17:25:43,685 [DEBUG]  STREAM b'IHDR' 16 13
2024-09-08 17:25:43,685 [DEBUG]  STREAM b'IDAT' 41 65536
2024-09-08 17:25:43,689 [DEBUG]  STREAM b'IHDR' 16 13
2024-09-08 17:25:43,689 [DEBUG]  STREAM b'IDAT' 41 65536
2024-09-08 17:25:43,694 [DEBUG]  STREAM b'IHDR' 16 13
2024-09-08 17:25:43,694 [DEBUG]  STREAM b'IDAT' 41 65536
2024-09-08 17:25:43,698 [DEBUG]  STREAM b'IHDR' 16 13
2024-09-08 17:25:43,698 [DEBUG]  STREAM b'IDAT' 41 65536
2024-09-08 17:25:43,703 [DEBUG]  STREAM b'IHDR' 16 13
2024-09-08 17:25:43,703 [DEBUG]  STREAM b'IDAT' 41 65536
2024-09-08 17:25:43,708 [DEBUG]  STREAM b'IHDR' 16 13
2024-09-08 17:25:43,708 [DEBUG]  STREAM b'IDAT' 41 65536
2024-09-08 17:25:43,712 [DEBUG]  STREAM b'IHDR' 16 13
2024-09-08 17:25:43,712 [DEBUG]  STREAM b'IDAT' 41 65536
2024-09-08 17:25:43,716 [DEBUG]  STREAM b'IHDR' 16 13
2024-09-08 17:25:43,716 [DEBUG]  STREAM b'IDAT' 41 65536
2024-09-08 17:25:43,721 [DEBUG]  STREAM b'IHDR' 16 13
2024-09-08 17:25:43,721 [DEBUG]  STREAM b'IDAT' 41 65536
2024-09-08 17:25:43,725 [DEBUG]  STREAM b'IHDR' 16 13
2024-09-08 17:25:43,725 [DEBUG]  STREAM b'IDAT' 41 65536
2024-09-08 17:25:43,729 [DEBUG]  STREAM b'IHDR' 16 13
2024-09-08 17:25:43,729 [DEBUG]  STREAM b'IDAT' 41 65536
2024-09-08 17:25:43,734 [DEBUG]  STREAM b'IHDR' 16 13
2024-09-08 17:25:43,734 [DEBUG]  STREAM b'IDAT' 41 65536
2024-09-08 17:25:43,740 [DEBUG]  STREAM b'IHDR' 16 13
2024-09-08 17:25:43,740 [DEBUG]  STREAM b'IDAT' 41 65536
2024-09-08 17:25:43,745 [DEBUG]  STREAM b'IHDR' 16 13
2024-09-08 17:25:43,745 [DEBUG]  STREAM b'IDAT' 41 65536
2024-09-08 17:25:43,750 [DEBUG]  STREAM b'IHDR' 16 13
2024-09-08 17:25:43,750 [DEBUG]  STREAM b'IDAT' 41 65536
2024-09-08 17:25:43,754 [DEBUG]  STREAM b'IHDR' 16 13
2024-09-08 17:25:43,754 [DEBUG]  STREAM b'IDAT' 41 65536
2024-09-08 17:25:43,760 [DEBUG]  STREAM b'IHDR' 16 13
2024-09-08 17:25:43,760 [DEBUG]  STREAM b'IDAT' 41 65536
2024-09-08 17:25:43,765 [DEBUG]  STREAM b'IHDR' 16 13
2024-09-08 17:25:43,765 [DEBUG]  STREAM b'IDAT' 41 65536
2024-09-08 17:25:43,770 [DEBUG]  STREAM b'IHDR' 16 13
2024-09-08 17:25:43,770 [DEBUG]  STREAM b'IDAT' 41 65536
2024-09-08 17:25:43,775 [DEBUG]  STREAM b'IHDR' 16 13
2024-09-08 17:25:43,775 [DEBUG]  STREAM b'IDAT' 41 65536
2024-09-08 17:25:43,781 [DEBUG]  STREAM b'IHDR' 16 13
2024-09-08 17:25:43,781 [DEBUG]  STREAM b'IDAT' 41 65536
2024-09-08 17:25:43,785 [DEBUG]  STREAM b'IHDR' 16 13
2024-09-08 17:25:43,785 [DEBUG]  STREAM b'IDAT' 41 65536
2024-09-08 17:25:43,789 [DEBUG]  STREAM b'IHDR' 16 13
2024-09-08 17:25:43,789 [DEBUG]  STREAM b'IDAT' 41 65536
2024-09-08 17:25:43,793 [DEBUG]  STREAM b'IHDR' 16 13
2024-09-08 17:25:43,793 [DEBUG]  STREAM b'IDAT' 41 65536
2024-09-08 17:25:43,798 [DEBUG]  STREAM b'IHDR' 16 13
2024-09-08 17:25:43,798 [DEBUG]  STREAM b'IDAT' 41 65536
2024-09-08 17:25:43,803 [DEBUG]  STREAM b'IHDR' 16 13
2024-09-08 17:25:43,803 [DEBUG]  STREAM b'IDAT' 41 65536
2024-09-08 17:25:43,807 [DEBUG]  STREAM b'IHDR' 16 13
2024-09-08 17:25:43,807 [DEBUG]  STREAM b'IDAT' 41 65536
2024-09-08 17:25:43,811 [DEBUG]  STREAM b'IHDR' 16 13
2024-09-08 17:25:43,811 [DEBUG]  STREAM b'IDAT' 41 65536
2024-09-08 17:25:43,822 [DEBUG]  GraphTrial.log 759.186 visit state = 10
2024-09-08 17:25:43,828 [DEBUG]  GraphTrial.log 759.191 start flip_time = 759.1910519585945
2024-09-08 17:25:43,832 [DEBUG]  GraphTrial.log 759.196 get move selected = 7
2024-09-08 17:25:47,506 [DEBUG]  GraphTrial.log 762.870 select selected = 7
2024-09-08 17:25:47,507 [DEBUG]  GraphTrial.log 762.870 visit state = 7
2024-09-08 17:25:47,521 [DEBUG]  GraphTrial.log 762.884 get move selected = 1
2024-09-08 17:25:47,906 [DEBUG]  GraphTrial.log 763.270 select selected = 1
2024-09-08 17:25:47,906 [DEBUG]  GraphTrial.log 763.270 visit state = 1
2024-09-08 17:25:49,748 [DEBUG]  GraphTrial.log 765.112 done 
2024-09-08 17:25:49,748 [INFO]  end trial [{"time": 755.6617560416926, "event": "begin drift_check"}, {"time": 758.8274495834485, "event": "initialize", "status": null}, {"time": 758.8277918749955, "event": "start recording"}, {"time": 758.9529326667544, "event": "show graph"}, {"time": 759.185694958549, "event": "visit", "state": 10}, {"time": 759.1910707917996, "event": "start", "flip_time": 759.1910519585945}, {"time": 759.1955945417285, "event": "get move", "selected": 7}, {"time": 762.8698851249646, "event": "select", "selected": 7}, {"time": 762.8699582917616, "event": "visit", "state": 7}, {"time": 762.884463166818, "event": "get move", "selected": 1}, {"time": 763.2696000416763, "event": "select", "selected": 1}, {"time": 763.269662541803, "event": "visit", "state": 1}, {"time": 765.1115324585699, "event": "done"}]
2024-09-08 17:25:49,748 [INFO]  stop_recording
2024-09-08 17:25:49,766 [INFO]  gt.status is None
2024-09-08 17:25:49,766 [DEBUG]  add bonus points 6 (total = 149)
2024-09-08 17:25:49,766 [INFO]  Trial 28 of 260
2024-09-08 17:25:50,290 [INFO]  begin trial {"kind": "GraphTrial", "graph": [[], [8, 7], [], [5, 4], [], [4, 9], [], [0, 10], [6, 2], [], []], "rewards": [2, null, 3, 2, 2, 0, -1, -3, -1, 3, 3], "reward_info": {"-4": {"desc": "pattern_1", "image": "images[0]"}, "-3": {"desc": "pattern_2", "image": "images[1]"}, "-2": {"desc": "pattern_3", "image": "images[2]"}, "-1": {"desc": "pattern_4", "image": "images[3]"}, "0": {"desc": "pattern_5", "image": "images[4]"}, "1": {"desc": "pattern_6", "image": "images[5]"}, "2": {"desc": "pattern_7", "image": "images[6]"}, "3": {"desc": "pattern_8", "image": "images[7]"}, "4": {"desc": "pattern_9", "image": "images[8]"}}, "initial_stage": "planning", "hide_states": false, "hide_rewards_while_acting": false, "hide_edges_while_acting": false, "gaze_contingent": false, "gaze_tolerance": 1.5, "fixation_lag": 0.5, "start": 1}
2024-09-08 17:25:50,290 [INFO]  <eyetracking.EyeLink object at 0x16d719280>
2024-09-08 17:25:50,290 [DEBUG]  GraphTrial.log 765.654 begin drift_check 
2024-09-08 17:25:53,181 [DEBUG]  GraphTrial.log 768.545 initialize status = None
2024-09-08 17:25:53,182 [DEBUG]  GraphTrial.log 768.545 start recording 
2024-09-08 17:25:53,182 [INFO]  start_recording
2024-09-08 17:25:53,312 [DEBUG]  GraphTrial.log 768.675 show graph 
2024-09-08 17:25:53,321 [DEBUG]  STREAM b'IHDR' 16 13
2024-09-08 17:25:53,321 [DEBUG]  STREAM b'IDAT' 41 65536
2024-09-08 17:25:53,334 [DEBUG]  STREAM b'IHDR' 16 13
2024-09-08 17:25:53,334 [DEBUG]  STREAM b'IDAT' 41 65536
2024-09-08 17:25:53,344 [DEBUG]  STREAM b'IHDR' 16 13
2024-09-08 17:25:53,344 [DEBUG]  STREAM b'IDAT' 41 65536
2024-09-08 17:25:53,352 [DEBUG]  STREAM b'IHDR' 16 13
2024-09-08 17:25:53,352 [DEBUG]  STREAM b'IDAT' 41 65536
2024-09-08 17:25:53,364 [DEBUG]  STREAM b'IHDR' 16 13
2024-09-08 17:25:53,364 [DEBUG]  STREAM b'IDAT' 41 65536
2024-09-08 17:25:53,372 [DEBUG]  STREAM b'IHDR' 16 13
2024-09-08 17:25:53,372 [DEBUG]  STREAM b'IDAT' 41 65536
2024-09-08 17:25:53,378 [DEBUG]  STREAM b'IHDR' 16 13
2024-09-08 17:25:53,378 [DEBUG]  STREAM b'IDAT' 41 65536
2024-09-08 17:25:53,383 [DEBUG]  STREAM b'IHDR' 16 13
2024-09-08 17:25:53,383 [DEBUG]  STREAM b'IDAT' 41 65536
2024-09-08 17:25:53,390 [DEBUG]  STREAM b'IHDR' 16 13
2024-09-08 17:25:53,390 [DEBUG]  STREAM b'IDAT' 41 65536
2024-09-08 17:25:53,395 [DEBUG]  STREAM b'IHDR' 16 13
2024-09-08 17:25:53,395 [DEBUG]  STREAM b'IDAT' 41 65536
2024-09-08 17:25:53,400 [DEBUG]  STREAM b'IHDR' 16 13
2024-09-08 17:25:53,400 [DEBUG]  STREAM b'IDAT' 41 65536
2024-09-08 17:25:53,405 [DEBUG]  STREAM b'IHDR' 16 13
2024-09-08 17:25:53,405 [DEBUG]  STREAM b'IDAT' 41 65536
2024-09-08 17:25:53,411 [DEBUG]  STREAM b'IHDR' 16 13
2024-09-08 17:25:53,411 [DEBUG]  STREAM b'IDAT' 41 65536
2024-09-08 17:25:53,415 [DEBUG]  STREAM b'IHDR' 16 13
2024-09-08 17:25:53,415 [DEBUG]  STREAM b'IDAT' 41 65536
2024-09-08 17:25:53,420 [DEBUG]  STREAM b'IHDR' 16 13
2024-09-08 17:25:53,420 [DEBUG]  STREAM b'IDAT' 41 65536
2024-09-08 17:25:53,424 [DEBUG]  STREAM b'IHDR' 16 13
2024-09-08 17:25:53,424 [DEBUG]  STREAM b'IDAT' 41 65536
2024-09-08 17:25:53,430 [DEBUG]  STREAM b'IHDR' 16 13
2024-09-08 17:25:53,430 [DEBUG]  STREAM b'IDAT' 41 65536
2024-09-08 17:25:53,435 [DEBUG]  STREAM b'IHDR' 16 13
2024-09-08 17:25:53,435 [DEBUG]  STREAM b'IDAT' 41 65536
2024-09-08 17:25:53,439 [DEBUG]  STREAM b'IHDR' 16 13
2024-09-08 17:25:53,439 [DEBUG]  STREAM b'IDAT' 41 65536
2024-09-08 17:25:53,443 [DEBUG]  STREAM b'IHDR' 16 13
2024-09-08 17:25:53,443 [DEBUG]  STREAM b'IDAT' 41 65536
2024-09-08 17:25:53,448 [DEBUG]  STREAM b'IHDR' 16 13
2024-09-08 17:25:53,449 [DEBUG]  STREAM b'IDAT' 41 65536
2024-09-08 17:25:53,453 [DEBUG]  STREAM b'IHDR' 16 13
2024-09-08 17:25:53,453 [DEBUG]  STREAM b'IDAT' 41 65536
2024-09-08 17:25:53,457 [DEBUG]  STREAM b'IHDR' 16 13
2024-09-08 17:25:53,457 [DEBUG]  STREAM b'IDAT' 41 65536
2024-09-08 17:25:53,461 [DEBUG]  STREAM b'IHDR' 16 13
2024-09-08 17:25:53,461 [DEBUG]  STREAM b'IDAT' 41 65536
2024-09-08 17:25:53,466 [DEBUG]  STREAM b'IHDR' 16 13
2024-09-08 17:25:53,466 [DEBUG]  STREAM b'IDAT' 41 65536
2024-09-08 17:25:53,471 [DEBUG]  STREAM b'IHDR' 16 13
2024-09-08 17:25:53,471 [DEBUG]  STREAM b'IDAT' 41 65536
2024-09-08 17:25:53,475 [DEBUG]  STREAM b'IHDR' 16 13
2024-09-08 17:25:53,475 [DEBUG]  STREAM b'IDAT' 41 65536
2024-09-08 17:25:53,479 [DEBUG]  STREAM b'IHDR' 16 13
2024-09-08 17:25:53,479 [DEBUG]  STREAM b'IDAT' 41 65536
2024-09-08 17:25:53,484 [DEBUG]  STREAM b'IHDR' 16 13
2024-09-08 17:25:53,484 [DEBUG]  STREAM b'IDAT' 41 65536
2024-09-08 17:25:53,488 [DEBUG]  STREAM b'IHDR' 16 13
2024-09-08 17:25:53,488 [DEBUG]  STREAM b'IDAT' 41 65536
2024-09-08 17:25:53,492 [DEBUG]  STREAM b'IHDR' 16 13
2024-09-08 17:25:53,492 [DEBUG]  STREAM b'IDAT' 41 65536
2024-09-08 17:25:53,496 [DEBUG]  STREAM b'IHDR' 16 13
2024-09-08 17:25:53,496 [DEBUG]  STREAM b'IDAT' 41 65536
2024-09-08 17:25:53,502 [DEBUG]  STREAM b'IHDR' 16 13
2024-09-08 17:25:53,502 [DEBUG]  STREAM b'IDAT' 41 65536
2024-09-08 17:25:53,506 [DEBUG]  STREAM b'IHDR' 16 13
2024-09-08 17:25:53,506 [DEBUG]  STREAM b'IDAT' 41 65536
2024-09-08 17:25:53,511 [DEBUG]  STREAM b'IHDR' 16 13
2024-09-08 17:25:53,511 [DEBUG]  STREAM b'IDAT' 41 65536
2024-09-08 17:25:53,515 [DEBUG]  STREAM b'IHDR' 16 13
2024-09-08 17:25:53,515 [DEBUG]  STREAM b'IDAT' 41 65536
2024-09-08 17:25:53,521 [DEBUG]  STREAM b'IHDR' 16 13
2024-09-08 17:25:53,521 [DEBUG]  STREAM b'IDAT' 41 65536
2024-09-08 17:25:53,525 [DEBUG]  STREAM b'IHDR' 16 13
2024-09-08 17:25:53,525 [DEBUG]  STREAM b'IDAT' 41 65536
2024-09-08 17:25:53,530 [DEBUG]  STREAM b'IHDR' 16 13
2024-09-08 17:25:53,530 [DEBUG]  STREAM b'IDAT' 41 65536
2024-09-08 17:25:53,534 [DEBUG]  STREAM b'IHDR' 16 13
2024-09-08 17:25:53,534 [DEBUG]  STREAM b'IDAT' 41 65536
2024-09-08 17:25:53,544 [DEBUG]  GraphTrial.log 768.908 visit state = 1
2024-09-08 17:25:53,550 [DEBUG]  GraphTrial.log 768.913 start flip_time = 768.9130159586202
2024-09-08 17:25:53,555 [DEBUG]  GraphTrial.log 768.918 get move selected = 7
2024-09-08 17:25:58,907 [DEBUG]  GraphTrial.log 774.270 switch selected = 8
2024-09-08 17:25:59,538 [DEBUG]  GraphTrial.log 774.902 select selected = 8
2024-09-08 17:25:59,538 [DEBUG]  GraphTrial.log 774.902 visit state = 8
2024-09-08 17:25:59,551 [DEBUG]  GraphTrial.log 774.914 get move selected = 2
2024-09-08 17:25:59,922 [DEBUG]  GraphTrial.log 775.286 select selected = 2
2024-09-08 17:25:59,922 [DEBUG]  GraphTrial.log 775.286 visit state = 2
2024-09-08 17:26:01,765 [DEBUG]  GraphTrial.log 777.128 done 
2024-09-08 17:26:01,765 [INFO]  end trial [{"time": 765.6537942085415, "event": "begin drift_check"}, {"time": 768.5448239999823, "event": "initialize", "status": null}, {"time": 768.5451373751275, "event": "start recording"}, {"time": 768.6752017918043, "event": "show graph"}, {"time": 768.9075638749637, "event": "visit", "state": 1}, {"time": 768.9130314167123, "event": "start", "flip_time": 768.9130159586202}, {"time": 768.9178779167123, "event": "get move", "selected": 7}, {"time": 774.2702322499827, "event": "switch", "selected": 8}, {"time": 774.901637083618, "event": "select", "selected": 8}, {"time": 774.9017102085054, "event": "visit", "state": 8}, {"time": 774.9141353750601, "event": "get move", "selected": 2}, {"time": 775.2856048750691, "event": "select", "selected": 2}, {"time": 775.2856683335267, "event": "visit", "state": 2}, {"time": 777.1283221249469, "event": "done"}]
2024-09-08 17:26:01,765 [INFO]  stop_recording
2024-09-08 17:26:01,782 [INFO]  gt.status is None
2024-09-08 17:26:01,782 [DEBUG]  add bonus points 2 (total = 151)
2024-09-08 17:26:01,782 [INFO]  Trial 29 of 260
2024-09-08 17:26:02,050 [INFO]  begin trial {"kind": "GraphTrial", "graph": [[], [4, 8], [9, 0], [], [], [], [1, 10], [], [], [0, 7], [3, 5]], "rewards": [2, -3, 4, 1, -4, -4, null, -2, 4, -2, -1], "reward_info": {"-4": {"desc": "pattern_1", "image": "images[0]"}, "-3": {"desc": "pattern_2", "image": "images[1]"}, "-2": {"desc": "pattern_3", "image": "images[2]"}, "-1": {"desc": "pattern_4", "image": "images[3]"}, "0": {"desc": "pattern_5", "image": "images[4]"}, "1": {"desc": "pattern_6", "image": "images[5]"}, "2": {"desc": "pattern_7", "image": "images[6]"}, "3": {"desc": "pattern_8", "image": "images[7]"}, "4": {"desc": "pattern_9", "image": "images[8]"}}, "initial_stage": "planning", "hide_states": false, "hide_rewards_while_acting": false, "hide_edges_while_acting": false, "gaze_contingent": false, "gaze_tolerance": 1.5, "fixation_lag": 0.5, "start": 6}
2024-09-08 17:26:02,051 [INFO]  <eyetracking.EyeLink object at 0x16d719280>
2024-09-08 17:26:02,051 [DEBUG]  GraphTrial.log 777.414 begin drift_check 
2024-09-08 17:26:03,698 [DEBUG]  GraphTrial.log 779.062 initialize status = None
2024-09-08 17:26:03,699 [DEBUG]  GraphTrial.log 779.062 start recording 
2024-09-08 17:26:03,699 [INFO]  start_recording
2024-09-08 17:26:03,824 [DEBUG]  GraphTrial.log 779.188 show graph 
2024-09-08 17:26:03,833 [DEBUG]  STREAM b'IHDR' 16 13
2024-09-08 17:26:03,833 [DEBUG]  STREAM b'IDAT' 41 65536
2024-09-08 17:26:03,846 [DEBUG]  STREAM b'IHDR' 16 13
2024-09-08 17:26:03,846 [DEBUG]  STREAM b'IDAT' 41 65536
2024-09-08 17:26:03,856 [DEBUG]  STREAM b'IHDR' 16 13
2024-09-08 17:26:03,856 [DEBUG]  STREAM b'IDAT' 41 65536
2024-09-08 17:26:03,864 [DEBUG]  STREAM b'IHDR' 16 13
2024-09-08 17:26:03,864 [DEBUG]  STREAM b'IDAT' 41 65536
2024-09-08 17:26:03,874 [DEBUG]  STREAM b'IHDR' 16 13
2024-09-08 17:26:03,874 [DEBUG]  STREAM b'IDAT' 41 65536
2024-09-08 17:26:03,880 [DEBUG]  STREAM b'IHDR' 16 13
2024-09-08 17:26:03,880 [DEBUG]  STREAM b'IDAT' 41 65536
2024-09-08 17:26:03,886 [DEBUG]  STREAM b'IHDR' 16 13
2024-09-08 17:26:03,886 [DEBUG]  STREAM b'IDAT' 41 65536
2024-09-08 17:26:03,891 [DEBUG]  STREAM b'IHDR' 16 13
2024-09-08 17:26:03,891 [DEBUG]  STREAM b'IDAT' 41 65536
2024-09-08 17:26:03,898 [DEBUG]  STREAM b'IHDR' 16 13
2024-09-08 17:26:03,898 [DEBUG]  STREAM b'IDAT' 41 65536
2024-09-08 17:26:03,904 [DEBUG]  STREAM b'IHDR' 16 13
2024-09-08 17:26:03,904 [DEBUG]  STREAM b'IDAT' 41 65536
2024-09-08 17:26:03,909 [DEBUG]  STREAM b'IHDR' 16 13
2024-09-08 17:26:03,909 [DEBUG]  STREAM b'IDAT' 41 65536
2024-09-08 17:26:03,914 [DEBUG]  STREAM b'IHDR' 16 13
2024-09-08 17:26:03,914 [DEBUG]  STREAM b'IDAT' 41 65536
2024-09-08 17:26:03,921 [DEBUG]  STREAM b'IHDR' 16 13
2024-09-08 17:26:03,921 [DEBUG]  STREAM b'IDAT' 41 65536
2024-09-08 17:26:03,926 [DEBUG]  STREAM b'IHDR' 16 13
2024-09-08 17:26:03,926 [DEBUG]  STREAM b'IDAT' 41 65536
2024-09-08 17:26:03,930 [DEBUG]  STREAM b'IHDR' 16 13
2024-09-08 17:26:03,930 [DEBUG]  STREAM b'IDAT' 41 65536
2024-09-08 17:26:03,934 [DEBUG]  STREAM b'IHDR' 16 13
2024-09-08 17:26:03,934 [DEBUG]  STREAM b'IDAT' 41 65536
2024-09-08 17:26:03,940 [DEBUG]  STREAM b'IHDR' 16 13
2024-09-08 17:26:03,940 [DEBUG]  STREAM b'IDAT' 41 65536
2024-09-08 17:26:03,945 [DEBUG]  STREAM b'IHDR' 16 13
2024-09-08 17:26:03,945 [DEBUG]  STREAM b'IDAT' 41 65536
2024-09-08 17:26:03,949 [DEBUG]  STREAM b'IHDR' 16 13
2024-09-08 17:26:03,949 [DEBUG]  STREAM b'IDAT' 41 65536
2024-09-08 17:26:03,953 [DEBUG]  STREAM b'IHDR' 16 13
2024-09-08 17:26:03,953 [DEBUG]  STREAM b'IDAT' 41 65536
2024-09-08 17:26:03,959 [DEBUG]  STREAM b'IHDR' 16 13
2024-09-08 17:26:03,959 [DEBUG]  STREAM b'IDAT' 41 65536
2024-09-08 17:26:03,963 [DEBUG]  STREAM b'IHDR' 16 13
2024-09-08 17:26:03,963 [DEBUG]  STREAM b'IDAT' 41 65536
2024-09-08 17:26:03,967 [DEBUG]  STREAM b'IHDR' 16 13
2024-09-08 17:26:03,967 [DEBUG]  STREAM b'IDAT' 41 65536
2024-09-08 17:26:03,971 [DEBUG]  STREAM b'IHDR' 16 13
2024-09-08 17:26:03,971 [DEBUG]  STREAM b'IDAT' 41 65536
2024-09-08 17:26:03,978 [DEBUG]  STREAM b'IHDR' 16 13
2024-09-08 17:26:03,978 [DEBUG]  STREAM b'IDAT' 41 65536
2024-09-08 17:26:03,983 [DEBUG]  STREAM b'IHDR' 16 13
2024-09-08 17:26:03,983 [DEBUG]  STREAM b'IDAT' 41 65536
2024-09-08 17:26:03,987 [DEBUG]  STREAM b'IHDR' 16 13
2024-09-08 17:26:03,987 [DEBUG]  STREAM b'IDAT' 41 65536
2024-09-08 17:26:03,991 [DEBUG]  STREAM b'IHDR' 16 13
2024-09-08 17:26:03,991 [DEBUG]  STREAM b'IDAT' 41 65536
2024-09-08 17:26:03,996 [DEBUG]  STREAM b'IHDR' 16 13
2024-09-08 17:26:03,996 [DEBUG]  STREAM b'IDAT' 41 65536
2024-09-08 17:26:04,001 [DEBUG]  STREAM b'IHDR' 16 13
2024-09-08 17:26:04,001 [DEBUG]  STREAM b'IDAT' 41 65536
2024-09-08 17:26:04,005 [DEBUG]  STREAM b'IHDR' 16 13
2024-09-08 17:26:04,005 [DEBUG]  STREAM b'IDAT' 41 65536
2024-09-08 17:26:04,010 [DEBUG]  STREAM b'IHDR' 16 13
2024-09-08 17:26:04,010 [DEBUG]  STREAM b'IDAT' 41 65536
2024-09-08 17:26:04,015 [DEBUG]  STREAM b'IHDR' 16 13
2024-09-08 17:26:04,016 [DEBUG]  STREAM b'IDAT' 41 65536
2024-09-08 17:26:04,020 [DEBUG]  STREAM b'IHDR' 16 13
2024-09-08 17:26:04,020 [DEBUG]  STREAM b'IDAT' 41 65536
2024-09-08 17:26:04,024 [DEBUG]  STREAM b'IHDR' 16 13
2024-09-08 17:26:04,024 [DEBUG]  STREAM b'IDAT' 41 65536
2024-09-08 17:26:04,028 [DEBUG]  STREAM b'IHDR' 16 13
2024-09-08 17:26:04,028 [DEBUG]  STREAM b'IDAT' 41 65536
2024-09-08 17:26:04,033 [DEBUG]  STREAM b'IHDR' 16 13
2024-09-08 17:26:04,033 [DEBUG]  STREAM b'IDAT' 41 65536
2024-09-08 17:26:04,037 [DEBUG]  STREAM b'IHDR' 16 13
2024-09-08 17:26:04,037 [DEBUG]  STREAM b'IDAT' 41 65536
2024-09-08 17:26:04,041 [DEBUG]  STREAM b'IHDR' 16 13
2024-09-08 17:26:04,041 [DEBUG]  STREAM b'IDAT' 41 65536
2024-09-08 17:26:04,045 [DEBUG]  STREAM b'IHDR' 16 13
2024-09-08 17:26:04,045 [DEBUG]  STREAM b'IDAT' 41 65536
2024-09-08 17:26:04,056 [DEBUG]  GraphTrial.log 779.419 visit state = 6
2024-09-08 17:26:04,061 [DEBUG]  GraphTrial.log 779.424 start flip_time = 779.4244328751229
2024-09-08 17:26:04,066 [DEBUG]  GraphTrial.log 779.429 get move selected = 1
2024-09-08 17:26:10,811 [DEBUG]  GraphTrial.log 786.174 select selected = 1
2024-09-08 17:26:10,811 [DEBUG]  GraphTrial.log 786.174 visit state = 1
2024-09-08 17:26:10,833 [DEBUG]  GraphTrial.log 786.197 get move selected = 8
2024-09-08 17:26:11,210 [DEBUG]  GraphTrial.log 786.574 select selected = 8
2024-09-08 17:26:11,210 [DEBUG]  GraphTrial.log 786.574 visit state = 8
2024-09-08 17:26:13,065 [DEBUG]  GraphTrial.log 788.429 done 
2024-09-08 17:26:13,066 [INFO]  end trial [{"time": 777.4140488749836, "event": "begin drift_check"}, {"time": 779.0615480418783, "event": "initialize", "status": null}, {"time": 779.0620764167979, "event": "start recording"}, {"time": 779.1875388335902, "event": "show graph"}, {"time": 779.4190183749888, "event": "visit", "state": 6}, {"time": 779.4244539584033, "event": "start", "flip_time": 779.4244328751229}, {"time": 779.4290261249989, "event": "get move", "selected": 1}, {"time": 786.1739544584416, "event": "select", "selected": 1}, {"time": 786.1740332499612, "event": "visit", "state": 1}, {"time": 786.1966729999986, "event": "get move", "selected": 8}, {"time": 786.5735997918528, "event": "select", "selected": 8}, {"time": 786.5736634999048, "event": "visit", "state": 8}, {"time": 788.4287912501022, "event": "done"}]
2024-09-08 17:26:13,066 [INFO]  stop_recording
2024-09-08 17:26:13,081 [INFO]  gt.status is None
2024-09-08 17:26:13,082 [DEBUG]  add bonus points 1 (total = 152)
2024-09-08 17:26:13,082 [INFO]  Trial 30 of 260
2024-09-08 17:26:14,947 [INFO]  begin trial {"kind": "GraphTrial", "graph": [[10, 4], [], [7], [6, 5], [], [], [], [], [3, 2], [1], [4, 9]], "rewards": [-2, 0, -1, -4, 1, 1, -1, 1, null, 4, 1], "reward_info": {"-4": {"desc": "pattern_1", "image": "images[0]"}, "-3": {"desc": "pattern_2", "image": "images[1]"}, "-2": {"desc": "pattern_3", "image": "images[2]"}, "-1": {"desc": "pattern_4", "image": "images[3]"}, "0": {"desc": "pattern_5", "image": "images[4]"}, "1": {"desc": "pattern_6", "image": "images[5]"}, "2": {"desc": "pattern_7", "image": "images[6]"}, "3": {"desc": "pattern_8", "image": "images[7]"}, "4": {"desc": "pattern_9", "image": "images[8]"}}, "initial_stage": "planning", "hide_states": false, "hide_rewards_while_acting": false, "hide_edges_while_acting": false, "gaze_contingent": false, "gaze_tolerance": 1.5, "fixation_lag": 0.5, "start": 8}
2024-09-08 17:26:14,947 [INFO]  <eyetracking.EyeLink object at 0x16d719280>
2024-09-08 17:26:14,947 [DEBUG]  GraphTrial.log 790.311 begin drift_check 
2024-09-08 17:26:16,345 [DEBUG]  GraphTrial.log 791.709 initialize status = None
2024-09-08 17:26:16,346 [DEBUG]  GraphTrial.log 791.710 start recording 
2024-09-08 17:26:16,346 [INFO]  start_recording
2024-09-08 17:26:16,472 [DEBUG]  GraphTrial.log 791.835 show graph 
2024-09-08 17:26:16,481 [DEBUG]  STREAM b'IHDR' 16 13
2024-09-08 17:26:16,481 [DEBUG]  STREAM b'IDAT' 41 65536
2024-09-08 17:26:16,495 [DEBUG]  STREAM b'IHDR' 16 13
2024-09-08 17:26:16,495 [DEBUG]  STREAM b'IDAT' 41 65536
2024-09-08 17:26:16,504 [DEBUG]  STREAM b'IHDR' 16 13
2024-09-08 17:26:16,504 [DEBUG]  STREAM b'IDAT' 41 65536
2024-09-08 17:26:16,512 [DEBUG]  STREAM b'IHDR' 16 13
2024-09-08 17:26:16,512 [DEBUG]  STREAM b'IDAT' 41 65536
2024-09-08 17:26:16,522 [DEBUG]  STREAM b'IHDR' 16 13
2024-09-08 17:26:16,522 [DEBUG]  STREAM b'IDAT' 41 65536
2024-09-08 17:26:16,529 [DEBUG]  STREAM b'IHDR' 16 13
2024-09-08 17:26:16,529 [DEBUG]  STREAM b'IDAT' 41 65536
2024-09-08 17:26:16,535 [DEBUG]  STREAM b'IHDR' 16 13
2024-09-08 17:26:16,535 [DEBUG]  STREAM b'IDAT' 41 65536
2024-09-08 17:26:16,540 [DEBUG]  STREAM b'IHDR' 16 13
2024-09-08 17:26:16,540 [DEBUG]  STREAM b'IDAT' 41 65536
2024-09-08 17:26:16,547 [DEBUG]  STREAM b'IHDR' 16 13
2024-09-08 17:26:16,547 [DEBUG]  STREAM b'IDAT' 41 65536
2024-09-08 17:26:16,552 [DEBUG]  STREAM b'IHDR' 16 13
2024-09-08 17:26:16,552 [DEBUG]  STREAM b'IDAT' 41 65536
2024-09-08 17:26:16,557 [DEBUG]  STREAM b'IHDR' 16 13
2024-09-08 17:26:16,557 [DEBUG]  STREAM b'IDAT' 41 65536
2024-09-08 17:26:16,561 [DEBUG]  STREAM b'IHDR' 16 13
2024-09-08 17:26:16,561 [DEBUG]  STREAM b'IDAT' 41 65536
2024-09-08 17:26:16,567 [DEBUG]  STREAM b'IHDR' 16 13
2024-09-08 17:26:16,567 [DEBUG]  STREAM b'IDAT' 41 65536
2024-09-08 17:26:16,572 [DEBUG]  STREAM b'IHDR' 16 13
2024-09-08 17:26:16,572 [DEBUG]  STREAM b'IDAT' 41 65536
2024-09-08 17:26:16,576 [DEBUG]  STREAM b'IHDR' 16 13
2024-09-08 17:26:16,576 [DEBUG]  STREAM b'IDAT' 41 65536
2024-09-08 17:26:16,580 [DEBUG]  STREAM b'IHDR' 16 13
2024-09-08 17:26:16,580 [DEBUG]  STREAM b'IDAT' 41 65536
2024-09-08 17:26:16,586 [DEBUG]  STREAM b'IHDR' 16 13
2024-09-08 17:26:16,586 [DEBUG]  STREAM b'IDAT' 41 65536
2024-09-08 17:26:16,590 [DEBUG]  STREAM b'IHDR' 16 13
2024-09-08 17:26:16,590 [DEBUG]  STREAM b'IDAT' 41 65536
2024-09-08 17:26:16,594 [DEBUG]  STREAM b'IHDR' 16 13
2024-09-08 17:26:16,594 [DEBUG]  STREAM b'IDAT' 41 65536
2024-09-08 17:26:16,598 [DEBUG]  STREAM b'IHDR' 16 13
2024-09-08 17:26:16,598 [DEBUG]  STREAM b'IDAT' 41 65536
2024-09-08 17:26:16,604 [DEBUG]  STREAM b'IHDR' 16 13
2024-09-08 17:26:16,604 [DEBUG]  STREAM b'IDAT' 41 65536
2024-09-08 17:26:16,608 [DEBUG]  STREAM b'IHDR' 16 13
2024-09-08 17:26:16,608 [DEBUG]  STREAM b'IDAT' 41 65536
2024-09-08 17:26:16,613 [DEBUG]  STREAM b'IHDR' 16 13
2024-09-08 17:26:16,613 [DEBUG]  STREAM b'IDAT' 41 65536
2024-09-08 17:26:16,617 [DEBUG]  STREAM b'IHDR' 16 13
2024-09-08 17:26:16,617 [DEBUG]  STREAM b'IDAT' 41 65536
2024-09-08 17:26:16,622 [DEBUG]  STREAM b'IHDR' 16 13
2024-09-08 17:26:16,622 [DEBUG]  STREAM b'IDAT' 41 65536
2024-09-08 17:26:16,627 [DEBUG]  STREAM b'IHDR' 16 13
2024-09-08 17:26:16,627 [DEBUG]  STREAM b'IDAT' 41 65536
2024-09-08 17:26:16,631 [DEBUG]  STREAM b'IHDR' 16 13
2024-09-08 17:26:16,631 [DEBUG]  STREAM b'IDAT' 41 65536
2024-09-08 17:26:16,635 [DEBUG]  STREAM b'IHDR' 16 13
2024-09-08 17:26:16,635 [DEBUG]  STREAM b'IDAT' 41 65536
2024-09-08 17:26:16,640 [DEBUG]  STREAM b'IHDR' 16 13
2024-09-08 17:26:16,640 [DEBUG]  STREAM b'IDAT' 41 65536
2024-09-08 17:26:16,644 [DEBUG]  STREAM b'IHDR' 16 13
2024-09-08 17:26:16,644 [DEBUG]  STREAM b'IDAT' 41 65536
2024-09-08 17:26:16,648 [DEBUG]  STREAM b'IHDR' 16 13
2024-09-08 17:26:16,648 [DEBUG]  STREAM b'IDAT' 41 65536
2024-09-08 17:26:16,652 [DEBUG]  STREAM b'IHDR' 16 13
2024-09-08 17:26:16,652 [DEBUG]  STREAM b'IDAT' 41 65536
2024-09-08 17:26:16,660 [DEBUG]  STREAM b'IHDR' 16 13
2024-09-08 17:26:16,660 [DEBUG]  STREAM b'IDAT' 41 65536
2024-09-08 17:26:16,665 [DEBUG]  STREAM b'IHDR' 16 13
2024-09-08 17:26:16,665 [DEBUG]  STREAM b'IDAT' 41 65536
2024-09-08 17:26:16,670 [DEBUG]  STREAM b'IHDR' 16 13
2024-09-08 17:26:16,670 [DEBUG]  STREAM b'IDAT' 41 65536
2024-09-08 17:26:16,674 [DEBUG]  STREAM b'IHDR' 16 13
2024-09-08 17:26:16,674 [DEBUG]  STREAM b'IDAT' 41 65536
2024-09-08 17:26:16,680 [DEBUG]  STREAM b'IHDR' 16 13
2024-09-08 17:26:16,680 [DEBUG]  STREAM b'IDAT' 41 65536
2024-09-08 17:26:16,684 [DEBUG]  STREAM b'IHDR' 16 13
2024-09-08 17:26:16,684 [DEBUG]  STREAM b'IDAT' 41 65536
2024-09-08 17:26:16,688 [DEBUG]  STREAM b'IHDR' 16 13
2024-09-08 17:26:16,688 [DEBUG]  STREAM b'IDAT' 41 65536
2024-09-08 17:26:16,692 [DEBUG]  STREAM b'IHDR' 16 13
2024-09-08 17:26:16,692 [DEBUG]  STREAM b'IDAT' 41 65536
2024-09-08 17:26:16,702 [DEBUG]  GraphTrial.log 792.065 visit state = 8
2024-09-08 17:26:16,708 [DEBUG]  GraphTrial.log 792.072 start flip_time = 792.0715667086188
2024-09-08 17:26:16,716 [DEBUG]  GraphTrial.log 792.079 get move selected = 2
2024-09-08 17:26:18,379 [DEBUG]  GraphTrial.log 793.742 switch selected = 3
2024-09-08 17:26:24,795 [DEBUG]  GraphTrial.log 800.158 switch selected = 2
2024-09-08 17:26:25,202 [DEBUG]  GraphTrial.log 800.565 select selected = 2
2024-09-08 17:26:25,202 [DEBUG]  GraphTrial.log 800.565 visit state = 2
2024-09-08 17:26:25,212 [DEBUG]  GraphTrial.log 800.575 get move selected = 7
2024-09-08 17:26:25,586 [DEBUG]  GraphTrial.log 800.949 select selected = 7
2024-09-08 17:26:25,586 [DEBUG]  GraphTrial.log 800.949 visit state = 7
2024-09-08 17:26:27,431 [DEBUG]  GraphTrial.log 802.795 done 
2024-09-08 17:26:27,432 [INFO]  end trial [{"time": 790.3105652916711, "event": "begin drift_check"}, {"time": 791.708662416786, "event": "initialize", "status": null}, {"time": 791.7095856249798, "event": "start recording"}, {"time": 791.8351196250878, "event": "show graph"}, {"time": 792.0652811250184, "event": "visit", "state": 8}, {"time": 792.0715836668387, "event": "start", "flip_time": 792.0715667086188}, {"time": 792.0790995834395, "event": "get move", "selected": 2}, {"time": 793.7421102086082, "event": "switch", "selected": 3}, {"time": 800.1580865418073, "event": "switch", "selected": 2}, {"time": 800.5653760416899, "event": "select", "selected": 2}, {"time": 800.5654480834492, "event": "visit", "state": 2}, {"time": 800.5749162917491, "event": "get move", "selected": 7}, {"time": 800.9493463749532, "event": "select", "selected": 7}, {"time": 800.9494079584256, "event": "visit", "state": 7}, {"time": 802.7946835418697, "event": "done"}]
2024-09-08 17:26:27,432 [INFO]  stop_recording
2024-09-08 17:26:27,448 [INFO]  gt.status is None
2024-09-08 17:26:27,448 [DEBUG]  add bonus points 0 (total = 152)
2024-09-08 17:26:27,448 [INFO]  Trial 31 of 260
2024-09-08 17:26:27,706 [INFO]  begin trial {"kind": "GraphTrial", "graph": [[1], [], [], [], [6, 3], [], [3, 9], [], [7, 5], [2], [8, 0]], "rewards": [3, 4, 1, 3, 2, 0, -1, 2, -1, -2, null], "reward_info": {"-4": {"desc": "pattern_1", "image": "images[0]"}, "-3": {"desc": "pattern_2", "image": "images[1]"}, "-2": {"desc": "pattern_3", "image": "images[2]"}, "-1": {"desc": "pattern_4", "image": "images[3]"}, "0": {"desc": "pattern_5", "image": "images[4]"}, "1": {"desc": "pattern_6", "image": "images[5]"}, "2": {"desc": "pattern_7", "image": "images[6]"}, "3": {"desc": "pattern_8", "image": "images[7]"}, "4": {"desc": "pattern_9", "image": "images[8]"}}, "initial_stage": "planning", "hide_states": false, "hide_rewards_while_acting": false, "hide_edges_while_acting": false, "gaze_contingent": false, "gaze_tolerance": 1.5, "fixation_lag": 0.5, "start": 10}
2024-09-08 17:26:27,707 [INFO]  <eyetracking.EyeLink object at 0x16d719280>
2024-09-08 17:26:27,707 [DEBUG]  GraphTrial.log 803.070 begin drift_check 
2024-09-08 17:26:28,682 [DEBUG]  GraphTrial.log 804.045 initialize status = None
2024-09-08 17:26:28,683 [DEBUG]  GraphTrial.log 804.046 start recording 
2024-09-08 17:26:28,683 [INFO]  start_recording
2024-09-08 17:26:28,809 [DEBUG]  GraphTrial.log 804.172 show graph 
2024-09-08 17:26:28,818 [DEBUG]  STREAM b'IHDR' 16 13
2024-09-08 17:26:28,818 [DEBUG]  STREAM b'IDAT' 41 65536
2024-09-08 17:26:28,832 [DEBUG]  STREAM b'IHDR' 16 13
2024-09-08 17:26:28,832 [DEBUG]  STREAM b'IDAT' 41 65536
2024-09-08 17:26:28,842 [DEBUG]  STREAM b'IHDR' 16 13
2024-09-08 17:26:28,842 [DEBUG]  STREAM b'IDAT' 41 65536
2024-09-08 17:26:28,851 [DEBUG]  STREAM b'IHDR' 16 13
2024-09-08 17:26:28,851 [DEBUG]  STREAM b'IDAT' 41 65536
2024-09-08 17:26:28,860 [DEBUG]  STREAM b'IHDR' 16 13
2024-09-08 17:26:28,861 [DEBUG]  STREAM b'IDAT' 41 65536
2024-09-08 17:26:28,867 [DEBUG]  STREAM b'IHDR' 16 13
2024-09-08 17:26:28,867 [DEBUG]  STREAM b'IDAT' 41 65536
2024-09-08 17:26:28,873 [DEBUG]  STREAM b'IHDR' 16 13
2024-09-08 17:26:28,873 [DEBUG]  STREAM b'IDAT' 41 65536
2024-09-08 17:26:28,879 [DEBUG]  STREAM b'IHDR' 16 13
2024-09-08 17:26:28,879 [DEBUG]  STREAM b'IDAT' 41 65536
2024-09-08 17:26:28,886 [DEBUG]  STREAM b'IHDR' 16 13
2024-09-08 17:26:28,886 [DEBUG]  STREAM b'IDAT' 41 65536
2024-09-08 17:26:28,891 [DEBUG]  STREAM b'IHDR' 16 13
2024-09-08 17:26:28,891 [DEBUG]  STREAM b'IDAT' 41 65536
2024-09-08 17:26:28,896 [DEBUG]  STREAM b'IHDR' 16 13
2024-09-08 17:26:28,896 [DEBUG]  STREAM b'IDAT' 41 65536
2024-09-08 17:26:28,900 [DEBUG]  STREAM b'IHDR' 16 13
2024-09-08 17:26:28,900 [DEBUG]  STREAM b'IDAT' 41 65536
2024-09-08 17:26:28,906 [DEBUG]  STREAM b'IHDR' 16 13
2024-09-08 17:26:28,906 [DEBUG]  STREAM b'IDAT' 41 65536
2024-09-08 17:26:28,911 [DEBUG]  STREAM b'IHDR' 16 13
2024-09-08 17:26:28,911 [DEBUG]  STREAM b'IDAT' 41 65536
2024-09-08 17:26:28,915 [DEBUG]  STREAM b'IHDR' 16 13
2024-09-08 17:26:28,915 [DEBUG]  STREAM b'IDAT' 41 65536
2024-09-08 17:26:28,920 [DEBUG]  STREAM b'IHDR' 16 13
2024-09-08 17:26:28,920 [DEBUG]  STREAM b'IDAT' 41 65536
2024-09-08 17:26:28,926 [DEBUG]  STREAM b'IHDR' 16 13
2024-09-08 17:26:28,926 [DEBUG]  STREAM b'IDAT' 41 65536
2024-09-08 17:26:28,931 [DEBUG]  STREAM b'IHDR' 16 13
2024-09-08 17:26:28,931 [DEBUG]  STREAM b'IDAT' 41 65536
2024-09-08 17:26:28,935 [DEBUG]  STREAM b'IHDR' 16 13
2024-09-08 17:26:28,935 [DEBUG]  STREAM b'IDAT' 41 65536
2024-09-08 17:26:28,939 [DEBUG]  STREAM b'IHDR' 16 13
2024-09-08 17:26:28,939 [DEBUG]  STREAM b'IDAT' 41 65536
2024-09-08 17:26:28,945 [DEBUG]  STREAM b'IHDR' 16 13
2024-09-08 17:26:28,945 [DEBUG]  STREAM b'IDAT' 41 65536
2024-09-08 17:26:28,949 [DEBUG]  STREAM b'IHDR' 16 13
2024-09-08 17:26:28,949 [DEBUG]  STREAM b'IDAT' 41 65536
2024-09-08 17:26:28,953 [DEBUG]  STREAM b'IHDR' 16 13
2024-09-08 17:26:28,953 [DEBUG]  STREAM b'IDAT' 41 65536
2024-09-08 17:26:28,957 [DEBUG]  STREAM b'IHDR' 16 13
2024-09-08 17:26:28,957 [DEBUG]  STREAM b'IDAT' 41 65536
2024-09-08 17:26:28,963 [DEBUG]  STREAM b'IHDR' 16 13
2024-09-08 17:26:28,963 [DEBUG]  STREAM b'IDAT' 41 65536
2024-09-08 17:26:28,967 [DEBUG]  STREAM b'IHDR' 16 13
2024-09-08 17:26:28,967 [DEBUG]  STREAM b'IDAT' 41 65536
2024-09-08 17:26:28,971 [DEBUG]  STREAM b'IHDR' 16 13
2024-09-08 17:26:28,971 [DEBUG]  STREAM b'IDAT' 41 65536
2024-09-08 17:26:28,975 [DEBUG]  STREAM b'IHDR' 16 13
2024-09-08 17:26:28,975 [DEBUG]  STREAM b'IDAT' 41 65536
2024-09-08 17:26:28,980 [DEBUG]  STREAM b'IHDR' 16 13
2024-09-08 17:26:28,980 [DEBUG]  STREAM b'IDAT' 41 65536
2024-09-08 17:26:28,985 [DEBUG]  STREAM b'IHDR' 16 13
2024-09-08 17:26:28,985 [DEBUG]  STREAM b'IDAT' 41 65536
2024-09-08 17:26:28,989 [DEBUG]  STREAM b'IHDR' 16 13
2024-09-08 17:26:28,989 [DEBUG]  STREAM b'IDAT' 41 65536
2024-09-08 17:26:28,993 [DEBUG]  STREAM b'IHDR' 16 13
2024-09-08 17:26:28,993 [DEBUG]  STREAM b'IDAT' 41 65536
2024-09-08 17:26:28,999 [DEBUG]  STREAM b'IHDR' 16 13
2024-09-08 17:26:28,999 [DEBUG]  STREAM b'IDAT' 41 65536
2024-09-08 17:26:29,003 [DEBUG]  STREAM b'IHDR' 16 13
2024-09-08 17:26:29,003 [DEBUG]  STREAM b'IDAT' 41 65536
2024-09-08 17:26:29,007 [DEBUG]  STREAM b'IHDR' 16 13
2024-09-08 17:26:29,007 [DEBUG]  STREAM b'IDAT' 41 65536
2024-09-08 17:26:29,011 [DEBUG]  STREAM b'IHDR' 16 13
2024-09-08 17:26:29,011 [DEBUG]  STREAM b'IDAT' 41 65536
2024-09-08 17:26:29,016 [DEBUG]  STREAM b'IHDR' 16 13
2024-09-08 17:26:29,016 [DEBUG]  STREAM b'IDAT' 41 65536
2024-09-08 17:26:29,020 [DEBUG]  STREAM b'IHDR' 16 13
2024-09-08 17:26:29,020 [DEBUG]  STREAM b'IDAT' 41 65536
2024-09-08 17:26:29,024 [DEBUG]  STREAM b'IHDR' 16 13
2024-09-08 17:26:29,024 [DEBUG]  STREAM b'IDAT' 41 65536
2024-09-08 17:26:29,028 [DEBUG]  STREAM b'IHDR' 16 13
2024-09-08 17:26:29,028 [DEBUG]  STREAM b'IDAT' 41 65536
2024-09-08 17:26:29,040 [DEBUG]  GraphTrial.log 804.403 visit state = 10
2024-09-08 17:26:29,045 [DEBUG]  GraphTrial.log 804.408 start flip_time = 804.4083200835157
2024-09-08 17:26:29,050 [DEBUG]  GraphTrial.log 804.413 get move selected = 0
2024-09-08 17:26:30,035 [DEBUG]  GraphTrial.log 805.398 select selected = 0
2024-09-08 17:26:30,035 [DEBUG]  GraphTrial.log 805.398 visit state = 0
2024-09-08 17:26:30,042 [DEBUG]  GraphTrial.log 805.405 get move selected = 1
2024-09-08 17:26:30,506 [DEBUG]  GraphTrial.log 805.869 select selected = 1
2024-09-08 17:26:30,506 [DEBUG]  GraphTrial.log 805.869 visit state = 1
2024-09-08 17:26:32,348 [DEBUG]  GraphTrial.log 807.711 done 
2024-09-08 17:26:32,348 [INFO]  end trial [{"time": 803.0698424167931, "event": "begin drift_check"}, {"time": 804.0452953334898, "event": "initialize", "status": null}, {"time": 804.045890833484, "event": "start recording"}, {"time": 804.172298708465, "event": "show graph"}, {"time": 804.4028893334325, "event": "visit", "state": 10}, {"time": 804.408336041728, "event": "start", "flip_time": 804.4083200835157}, {"time": 804.4128122918773, "event": "get move", "selected": 0}, {"time": 805.397870541783, "event": "select", "selected": 0}, {"time": 805.3979385418352, "event": "visit", "state": 0}, {"time": 805.4052434584592, "event": "get move", "selected": 1}, {"time": 805.869346708525, "event": "select", "selected": 1}, {"time": 805.8694111250807, "event": "visit", "state": 1}, {"time": 807.7113772085868, "event": "done"}]
2024-09-08 17:26:32,348 [INFO]  stop_recording
2024-09-08 17:26:32,365 [INFO]  gt.status is None
2024-09-08 17:26:32,365 [DEBUG]  add bonus points 7 (total = 159)
2024-09-08 17:26:32,365 [INFO]  Trial 32 of 260
2024-09-08 17:26:32,651 [INFO]  begin trial {"kind": "GraphTrial", "graph": [[8, 7], [], [], [], [], [2, 9], [5, 2], [10], [1, 3], [4], []], "rewards": [null, -4, 0, 4, -2, -3, -2, -1, 0, 1, 1], "reward_info": {"-4": {"desc": "pattern_1", "image": "images[0]"}, "-3": {"desc": "pattern_2", "image": "images[1]"}, "-2": {"desc": "pattern_3", "image": "images[2]"}, "-1": {"desc": "pattern_4", "image": "images[3]"}, "0": {"desc": "pattern_5", "image": "images[4]"}, "1": {"desc": "pattern_6", "image": "images[5]"}, "2": {"desc": "pattern_7", "image": "images[6]"}, "3": {"desc": "pattern_8", "image": "images[7]"}, "4": {"desc": "pattern_9", "image": "images[8]"}}, "initial_stage": "planning", "hide_states": false, "hide_rewards_while_acting": false, "hide_edges_while_acting": false, "gaze_contingent": false, "gaze_tolerance": 1.5, "fixation_lag": 0.5, "start": 0}
2024-09-08 17:26:32,651 [INFO]  <eyetracking.EyeLink object at 0x16d719280>
2024-09-08 17:26:32,651 [DEBUG]  GraphTrial.log 808.014 begin drift_check 
2024-09-08 17:26:34,815 [DEBUG]  GraphTrial.log 810.178 initialize status = None
2024-09-08 17:26:34,815 [DEBUG]  GraphTrial.log 810.178 start recording 
2024-09-08 17:26:34,815 [INFO]  start_recording
2024-09-08 17:26:34,941 [DEBUG]  GraphTrial.log 810.304 show graph 
2024-09-08 17:26:34,954 [DEBUG]  STREAM b'IHDR' 16 13
2024-09-08 17:26:34,954 [DEBUG]  STREAM b'IDAT' 41 65536
2024-09-08 17:26:34,967 [DEBUG]  STREAM b'IHDR' 16 13
2024-09-08 17:26:34,967 [DEBUG]  STREAM b'IDAT' 41 65536
2024-09-08 17:26:34,976 [DEBUG]  STREAM b'IHDR' 16 13
2024-09-08 17:26:34,976 [DEBUG]  STREAM b'IDAT' 41 65536
2024-09-08 17:26:34,984 [DEBUG]  STREAM b'IHDR' 16 13
2024-09-08 17:26:34,984 [DEBUG]  STREAM b'IDAT' 41 65536
2024-09-08 17:26:34,993 [DEBUG]  STREAM b'IHDR' 16 13
2024-09-08 17:26:34,993 [DEBUG]  STREAM b'IDAT' 41 65536
2024-09-08 17:26:34,999 [DEBUG]  STREAM b'IHDR' 16 13
2024-09-08 17:26:34,999 [DEBUG]  STREAM b'IDAT' 41 65536
2024-09-08 17:26:35,005 [DEBUG]  STREAM b'IHDR' 16 13
2024-09-08 17:26:35,005 [DEBUG]  STREAM b'IDAT' 41 65536
2024-09-08 17:26:35,010 [DEBUG]  STREAM b'IHDR' 16 13
2024-09-08 17:26:35,010 [DEBUG]  STREAM b'IDAT' 41 65536
2024-09-08 17:26:35,017 [DEBUG]  STREAM b'IHDR' 16 13
2024-09-08 17:26:35,017 [DEBUG]  STREAM b'IDAT' 41 65536
2024-09-08 17:26:35,022 [DEBUG]  STREAM b'IHDR' 16 13
2024-09-08 17:26:35,022 [DEBUG]  STREAM b'IDAT' 41 65536
2024-09-08 17:26:35,027 [DEBUG]  STREAM b'IHDR' 16 13
2024-09-08 17:26:35,027 [DEBUG]  STREAM b'IDAT' 41 65536
2024-09-08 17:26:35,032 [DEBUG]  STREAM b'IHDR' 16 13
2024-09-08 17:26:35,032 [DEBUG]  STREAM b'IDAT' 41 65536
2024-09-08 17:26:35,038 [DEBUG]  STREAM b'IHDR' 16 13
2024-09-08 17:26:35,038 [DEBUG]  STREAM b'IDAT' 41 65536
2024-09-08 17:26:35,043 [DEBUG]  STREAM b'IHDR' 16 13
2024-09-08 17:26:35,043 [DEBUG]  STREAM b'IDAT' 41 65536
2024-09-08 17:26:35,047 [DEBUG]  STREAM b'IHDR' 16 13
2024-09-08 17:26:35,047 [DEBUG]  STREAM b'IDAT' 41 65536
2024-09-08 17:26:35,051 [DEBUG]  STREAM b'IHDR' 16 13
2024-09-08 17:26:35,051 [DEBUG]  STREAM b'IDAT' 41 65536
2024-09-08 17:26:35,057 [DEBUG]  STREAM b'IHDR' 16 13
2024-09-08 17:26:35,057 [DEBUG]  STREAM b'IDAT' 41 65536
2024-09-08 17:26:35,062 [DEBUG]  STREAM b'IHDR' 16 13
2024-09-08 17:26:35,062 [DEBUG]  STREAM b'IDAT' 41 65536
2024-09-08 17:26:35,066 [DEBUG]  STREAM b'IHDR' 16 13
2024-09-08 17:26:35,066 [DEBUG]  STREAM b'IDAT' 41 65536
2024-09-08 17:26:35,070 [DEBUG]  STREAM b'IHDR' 16 13
2024-09-08 17:26:35,070 [DEBUG]  STREAM b'IDAT' 41 65536
2024-09-08 17:26:35,075 [DEBUG]  STREAM b'IHDR' 16 13
2024-09-08 17:26:35,075 [DEBUG]  STREAM b'IDAT' 41 65536
2024-09-08 17:26:35,080 [DEBUG]  STREAM b'IHDR' 16 13
2024-09-08 17:26:35,080 [DEBUG]  STREAM b'IDAT' 41 65536
2024-09-08 17:26:35,084 [DEBUG]  STREAM b'IHDR' 16 13
2024-09-08 17:26:35,084 [DEBUG]  STREAM b'IDAT' 41 65536
2024-09-08 17:26:35,088 [DEBUG]  STREAM b'IHDR' 16 13
2024-09-08 17:26:35,088 [DEBUG]  STREAM b'IDAT' 41 65536
2024-09-08 17:26:35,093 [DEBUG]  STREAM b'IHDR' 16 13
2024-09-08 17:26:35,093 [DEBUG]  STREAM b'IDAT' 41 65536
2024-09-08 17:26:35,097 [DEBUG]  STREAM b'IHDR' 16 13
2024-09-08 17:26:35,097 [DEBUG]  STREAM b'IDAT' 41 65536
2024-09-08 17:26:35,101 [DEBUG]  STREAM b'IHDR' 16 13
2024-09-08 17:26:35,101 [DEBUG]  STREAM b'IDAT' 41 65536
2024-09-08 17:26:35,105 [DEBUG]  STREAM b'IHDR' 16 13
2024-09-08 17:26:35,105 [DEBUG]  STREAM b'IDAT' 41 65536
2024-09-08 17:26:35,111 [DEBUG]  STREAM b'IHDR' 16 13
2024-09-08 17:26:35,111 [DEBUG]  STREAM b'IDAT' 41 65536
2024-09-08 17:26:35,115 [DEBUG]  STREAM b'IHDR' 16 13
2024-09-08 17:26:35,115 [DEBUG]  STREAM b'IDAT' 41 65536
2024-09-08 17:26:35,119 [DEBUG]  STREAM b'IHDR' 16 13
2024-09-08 17:26:35,119 [DEBUG]  STREAM b'IDAT' 41 65536
2024-09-08 17:26:35,123 [DEBUG]  STREAM b'IHDR' 16 13
2024-09-08 17:26:35,123 [DEBUG]  STREAM b'IDAT' 41 65536
2024-09-08 17:26:35,129 [DEBUG]  STREAM b'IHDR' 16 13
2024-09-08 17:26:35,129 [DEBUG]  STREAM b'IDAT' 41 65536
2024-09-08 17:26:35,133 [DEBUG]  STREAM b'IHDR' 16 13
2024-09-08 17:26:35,133 [DEBUG]  STREAM b'IDAT' 41 65536
2024-09-08 17:26:35,137 [DEBUG]  STREAM b'IHDR' 16 13
2024-09-08 17:26:35,137 [DEBUG]  STREAM b'IDAT' 41 65536
2024-09-08 17:26:35,141 [DEBUG]  STREAM b'IHDR' 16 13
2024-09-08 17:26:35,141 [DEBUG]  STREAM b'IDAT' 41 65536
2024-09-08 17:26:35,146 [DEBUG]  STREAM b'IHDR' 16 13
2024-09-08 17:26:35,146 [DEBUG]  STREAM b'IDAT' 41 65536
2024-09-08 17:26:35,151 [DEBUG]  STREAM b'IHDR' 16 13
2024-09-08 17:26:35,151 [DEBUG]  STREAM b'IDAT' 41 65536
2024-09-08 17:26:35,155 [DEBUG]  STREAM b'IHDR' 16 13
2024-09-08 17:26:35,155 [DEBUG]  STREAM b'IDAT' 41 65536
2024-09-08 17:26:35,159 [DEBUG]  STREAM b'IHDR' 16 13
2024-09-08 17:26:35,159 [DEBUG]  STREAM b'IDAT' 41 65536
2024-09-08 17:26:35,168 [DEBUG]  GraphTrial.log 810.532 visit state = 0
2024-09-08 17:26:35,174 [DEBUG]  GraphTrial.log 810.537 start flip_time = 810.5369729585946
2024-09-08 17:26:35,178 [DEBUG]  GraphTrial.log 810.542 get move selected = 7
2024-09-08 17:26:40,307 [DEBUG]  GraphTrial.log 815.670 switch selected = 8
2024-09-08 17:26:40,690 [DEBUG]  GraphTrial.log 816.053 select selected = 8
2024-09-08 17:26:40,690 [DEBUG]  GraphTrial.log 816.054 visit state = 8
2024-09-08 17:26:40,700 [DEBUG]  GraphTrial.log 816.063 get move selected = 3
2024-09-08 17:26:41,130 [DEBUG]  GraphTrial.log 816.493 select selected = 3
2024-09-08 17:26:41,130 [DEBUG]  GraphTrial.log 816.493 visit state = 3
2024-09-08 17:26:42,997 [DEBUG]  GraphTrial.log 818.360 done 
2024-09-08 17:26:42,997 [INFO]  end trial [{"time": 808.0139367501251, "event": "begin drift_check"}, {"time": 810.1781122917309, "event": "initialize", "status": null}, {"time": 810.1784242917784, "event": "start recording"}, {"time": 810.3044273750857, "event": "show graph"}, {"time": 810.5315715835895, "event": "visit", "state": 0}, {"time": 810.536987958476, "event": "start", "flip_time": 810.5369729585946}, {"time": 810.5416513334494, "event": "get move", "selected": 7}, {"time": 815.670398958493, "event": "switch", "selected": 8}, {"time": 816.0534502500668, "event": "select", "selected": 8}, {"time": 816.0535221251193, "event": "visit", "state": 8}, {"time": 816.0633735000156, "event": "get move", "selected": 3}, {"time": 816.4933320835698, "event": "select", "selected": 3}, {"time": 816.4933950835839, "event": "visit", "state": 3}, {"time": 818.3598868334666, "event": "done"}]
2024-09-08 17:26:42,997 [INFO]  stop_recording
2024-09-08 17:26:43,013 [INFO]  gt.status is None
2024-09-08 17:26:43,013 [DEBUG]  add bonus points 4 (total = 163)
2024-09-08 17:26:43,013 [INFO]  Trial 33 of 260
2024-09-08 17:26:43,243 [INFO]  begin trial {"kind": "GraphTrial", "graph": [[9, 7], [], [5, 8], [], [], [8, 10], [], [4], [], [3, 6], [1]], "rewards": [null, 0, -4, -4, 4, -3, 0, -1, -4, -4, -3], "reward_info": {"-4": {"desc": "pattern_1", "image": "images[0]"}, "-3": {"desc": "pattern_2", "image": "images[1]"}, "-2": {"desc": "pattern_3", "image": "images[2]"}, "-1": {"desc": "pattern_4", "image": "images[3]"}, "0": {"desc": "pattern_5", "image": "images[4]"}, "1": {"desc": "pattern_6", "image": "images[5]"}, "2": {"desc": "pattern_7", "image": "images[6]"}, "3": {"desc": "pattern_8", "image": "images[7]"}, "4": {"desc": "pattern_9", "image": "images[8]"}}, "initial_stage": "planning", "hide_states": false, "hide_rewards_while_acting": false, "hide_edges_while_acting": false, "gaze_contingent": false, "gaze_tolerance": 1.5, "fixation_lag": 0.5, "start": 0}
2024-09-08 17:26:43,243 [INFO]  <eyetracking.EyeLink object at 0x16d719280>
2024-09-08 17:26:43,243 [DEBUG]  GraphTrial.log 818.606 begin drift_check 
2024-09-08 17:26:48,534 [DEBUG]  GraphTrial.log 823.897 initialize status = None
2024-09-08 17:26:48,535 [DEBUG]  GraphTrial.log 823.898 start recording 
2024-09-08 17:26:48,535 [INFO]  start_recording
2024-09-08 17:26:48,662 [DEBUG]  GraphTrial.log 824.025 show graph 
2024-09-08 17:26:48,675 [DEBUG]  STREAM b'IHDR' 16 13
2024-09-08 17:26:48,675 [DEBUG]  STREAM b'IDAT' 41 65536
2024-09-08 17:26:48,689 [DEBUG]  STREAM b'IHDR' 16 13
2024-09-08 17:26:48,689 [DEBUG]  STREAM b'IDAT' 41 65536
2024-09-08 17:26:48,698 [DEBUG]  STREAM b'IHDR' 16 13
2024-09-08 17:26:48,698 [DEBUG]  STREAM b'IDAT' 41 65536
2024-09-08 17:26:48,706 [DEBUG]  STREAM b'IHDR' 16 13
2024-09-08 17:26:48,706 [DEBUG]  STREAM b'IDAT' 41 65536
2024-09-08 17:26:48,715 [DEBUG]  STREAM b'IHDR' 16 13
2024-09-08 17:26:48,715 [DEBUG]  STREAM b'IDAT' 41 65536
2024-09-08 17:26:48,722 [DEBUG]  STREAM b'IHDR' 16 13
2024-09-08 17:26:48,722 [DEBUG]  STREAM b'IDAT' 41 65536
2024-09-08 17:26:48,727 [DEBUG]  STREAM b'IHDR' 16 13
2024-09-08 17:26:48,727 [DEBUG]  STREAM b'IDAT' 41 65536
2024-09-08 17:26:48,732 [DEBUG]  STREAM b'IHDR' 16 13
2024-09-08 17:26:48,732 [DEBUG]  STREAM b'IDAT' 41 65536
2024-09-08 17:26:48,739 [DEBUG]  STREAM b'IHDR' 16 13
2024-09-08 17:26:48,739 [DEBUG]  STREAM b'IDAT' 41 65536
2024-09-08 17:26:48,744 [DEBUG]  STREAM b'IHDR' 16 13
2024-09-08 17:26:48,744 [DEBUG]  STREAM b'IDAT' 41 65536
2024-09-08 17:26:48,749 [DEBUG]  STREAM b'IHDR' 16 13
2024-09-08 17:26:48,749 [DEBUG]  STREAM b'IDAT' 41 65536
2024-09-08 17:26:48,753 [DEBUG]  STREAM b'IHDR' 16 13
2024-09-08 17:26:48,753 [DEBUG]  STREAM b'IDAT' 41 65536
2024-09-08 17:26:48,759 [DEBUG]  STREAM b'IHDR' 16 13
2024-09-08 17:26:48,759 [DEBUG]  STREAM b'IDAT' 41 65536
2024-09-08 17:26:48,765 [DEBUG]  STREAM b'IHDR' 16 13
2024-09-08 17:26:48,765 [DEBUG]  STREAM b'IDAT' 41 65536
2024-09-08 17:26:48,769 [DEBUG]  STREAM b'IHDR' 16 13
2024-09-08 17:26:48,769 [DEBUG]  STREAM b'IDAT' 41 65536
2024-09-08 17:26:48,774 [DEBUG]  STREAM b'IHDR' 16 13
2024-09-08 17:26:48,774 [DEBUG]  STREAM b'IDAT' 41 65536
2024-09-08 17:26:48,780 [DEBUG]  STREAM b'IHDR' 16 13
2024-09-08 17:26:48,780 [DEBUG]  STREAM b'IDAT' 41 65536
2024-09-08 17:26:48,784 [DEBUG]  STREAM b'IHDR' 16 13
2024-09-08 17:26:48,784 [DEBUG]  STREAM b'IDAT' 41 65536
2024-09-08 17:26:48,788 [DEBUG]  STREAM b'IHDR' 16 13
2024-09-08 17:26:48,788 [DEBUG]  STREAM b'IDAT' 41 65536
2024-09-08 17:26:48,792 [DEBUG]  STREAM b'IHDR' 16 13
2024-09-08 17:26:48,792 [DEBUG]  STREAM b'IDAT' 41 65536
2024-09-08 17:26:48,798 [DEBUG]  STREAM b'IHDR' 16 13
2024-09-08 17:26:48,798 [DEBUG]  STREAM b'IDAT' 41 65536
2024-09-08 17:26:48,802 [DEBUG]  STREAM b'IHDR' 16 13
2024-09-08 17:26:48,802 [DEBUG]  STREAM b'IDAT' 41 65536
2024-09-08 17:26:48,806 [DEBUG]  STREAM b'IHDR' 16 13
2024-09-08 17:26:48,806 [DEBUG]  STREAM b'IDAT' 41 65536
2024-09-08 17:26:48,810 [DEBUG]  STREAM b'IHDR' 16 13
2024-09-08 17:26:48,810 [DEBUG]  STREAM b'IDAT' 41 65536
2024-09-08 17:26:48,816 [DEBUG]  STREAM b'IHDR' 16 13
2024-09-08 17:26:48,816 [DEBUG]  STREAM b'IDAT' 41 65536
2024-09-08 17:26:48,820 [DEBUG]  STREAM b'IHDR' 16 13
2024-09-08 17:26:48,820 [DEBUG]  STREAM b'IDAT' 41 65536
2024-09-08 17:26:48,824 [DEBUG]  STREAM b'IHDR' 16 13
2024-09-08 17:26:48,824 [DEBUG]  STREAM b'IDAT' 41 65536
2024-09-08 17:26:48,828 [DEBUG]  STREAM b'IHDR' 16 13
2024-09-08 17:26:48,828 [DEBUG]  STREAM b'IDAT' 41 65536
2024-09-08 17:26:48,834 [DEBUG]  STREAM b'IHDR' 16 13
2024-09-08 17:26:48,834 [DEBUG]  STREAM b'IDAT' 41 65536
2024-09-08 17:26:48,838 [DEBUG]  STREAM b'IHDR' 16 13
2024-09-08 17:26:48,838 [DEBUG]  STREAM b'IDAT' 41 65536
2024-09-08 17:26:48,842 [DEBUG]  STREAM b'IHDR' 16 13
2024-09-08 17:26:48,842 [DEBUG]  STREAM b'IDAT' 41 65536
2024-09-08 17:26:48,846 [DEBUG]  STREAM b'IHDR' 16 13
2024-09-08 17:26:48,846 [DEBUG]  STREAM b'IDAT' 41 65536
2024-09-08 17:26:48,853 [DEBUG]  STREAM b'IHDR' 16 13
2024-09-08 17:26:48,853 [DEBUG]  STREAM b'IDAT' 41 65536
2024-09-08 17:26:48,857 [DEBUG]  STREAM b'IHDR' 16 13
2024-09-08 17:26:48,857 [DEBUG]  STREAM b'IDAT' 41 65536
2024-09-08 17:26:48,861 [DEBUG]  STREAM b'IHDR' 16 13
2024-09-08 17:26:48,861 [DEBUG]  STREAM b'IDAT' 41 65536
2024-09-08 17:26:48,865 [DEBUG]  STREAM b'IHDR' 16 13
2024-09-08 17:26:48,865 [DEBUG]  STREAM b'IDAT' 41 65536
2024-09-08 17:26:48,871 [DEBUG]  STREAM b'IHDR' 16 13
2024-09-08 17:26:48,871 [DEBUG]  STREAM b'IDAT' 41 65536
2024-09-08 17:26:48,875 [DEBUG]  STREAM b'IHDR' 16 13
2024-09-08 17:26:48,875 [DEBUG]  STREAM b'IDAT' 41 65536
2024-09-08 17:26:48,879 [DEBUG]  STREAM b'IHDR' 16 13
2024-09-08 17:26:48,879 [DEBUG]  STREAM b'IDAT' 41 65536
2024-09-08 17:26:48,883 [DEBUG]  STREAM b'IHDR' 16 13
2024-09-08 17:26:48,883 [DEBUG]  STREAM b'IDAT' 41 65536
2024-09-08 17:26:48,893 [DEBUG]  GraphTrial.log 824.256 visit state = 0
2024-09-08 17:26:48,898 [DEBUG]  GraphTrial.log 824.261 start flip_time = 824.2608238335233
2024-09-08 17:26:48,902 [DEBUG]  GraphTrial.log 824.266 get move selected = 7
2024-09-08 17:26:55,219 [DEBUG]  GraphTrial.log 830.582 select selected = 7
2024-09-08 17:26:55,219 [DEBUG]  GraphTrial.log 830.582 visit state = 7
2024-09-08 17:26:55,230 [DEBUG]  GraphTrial.log 830.593 get move selected = 4
2024-09-08 17:26:55,571 [DEBUG]  GraphTrial.log 830.934 select selected = 4
2024-09-08 17:26:55,571 [DEBUG]  GraphTrial.log 830.934 visit state = 4
2024-09-08 17:26:57,413 [DEBUG]  GraphTrial.log 832.776 done 
2024-09-08 17:26:57,413 [INFO]  end trial [{"time": 818.6060035834089, "event": "begin drift_check"}, {"time": 823.8971281249542, "event": "initialize", "status": null}, {"time": 823.8976562500466, "event": "start recording"}, {"time": 824.0248126666993, "event": "show graph"}, {"time": 824.2558370416518, "event": "visit", "state": 0}, {"time": 824.260836625006, "event": "start", "flip_time": 824.2608238335233}, {"time": 824.265547625022, "event": "get move", "selected": 7}, {"time": 830.5820039999671, "event": "select", "selected": 7}, {"time": 830.5820779586211, "event": "visit", "state": 7}, {"time": 830.5927939584944, "event": "get move", "selected": 4}, {"time": 830.9337202084716, "event": "select", "selected": 4}, {"time": 830.9337836250197, "event": "visit", "state": 4}, {"time": 832.7758953336161, "event": "done"}]
2024-09-08 17:26:57,413 [INFO]  stop_recording
2024-09-08 17:26:57,429 [INFO]  gt.status is None
2024-09-08 17:26:57,429 [DEBUG]  add bonus points 3 (total = 166)
2024-09-08 17:26:57,429 [INFO]  Trial 34 of 260
2024-09-08 17:26:58,961 [INFO]  begin trial {"kind": "GraphTrial", "graph": [[], [], [0, 9], [], [10, 3], [2, 0], [], [1], [4, 7], [6], []], "rewards": [4, -2, 1, -4, -3, 2, 2, 1, null, -4, -2], "reward_info": {"-4": {"desc": "pattern_1", "image": "images[0]"}, "-3": {"desc": "pattern_2", "image": "images[1]"}, "-2": {"desc": "pattern_3", "image": "images[2]"}, "-1": {"desc": "pattern_4", "image": "images[3]"}, "0": {"desc": "pattern_5", "image": "images[4]"}, "1": {"desc": "pattern_6", "image": "images[5]"}, "2": {"desc": "pattern_7", "image": "images[6]"}, "3": {"desc": "pattern_8", "image": "images[7]"}, "4": {"desc": "pattern_9", "image": "images[8]"}}, "initial_stage": "planning", "hide_states": false, "hide_rewards_while_acting": false, "hide_edges_while_acting": false, "gaze_contingent": false, "gaze_tolerance": 1.5, "fixation_lag": 0.5, "start": 8}
2024-09-08 17:26:58,961 [INFO]  <eyetracking.EyeLink object at 0x16d719280>
2024-09-08 17:26:58,961 [DEBUG]  GraphTrial.log 834.324 begin drift_check 
2024-09-08 17:27:04,765 [DEBUG]  GraphTrial.log 840.128 initialize status = None
2024-09-08 17:27:04,765 [DEBUG]  GraphTrial.log 840.128 start recording 
2024-09-08 17:27:04,765 [INFO]  start_recording
2024-09-08 17:27:04,890 [DEBUG]  GraphTrial.log 840.253 show graph 
2024-09-08 17:27:04,898 [DEBUG]  STREAM b'IHDR' 16 13
2024-09-08 17:27:04,899 [DEBUG]  STREAM b'IDAT' 41 65536
2024-09-08 17:27:04,912 [DEBUG]  STREAM b'IHDR' 16 13
2024-09-08 17:27:04,912 [DEBUG]  STREAM b'IDAT' 41 65536
2024-09-08 17:27:04,923 [DEBUG]  STREAM b'IHDR' 16 13
2024-09-08 17:27:04,923 [DEBUG]  STREAM b'IDAT' 41 65536
2024-09-08 17:27:04,931 [DEBUG]  STREAM b'IHDR' 16 13
2024-09-08 17:27:04,931 [DEBUG]  STREAM b'IDAT' 41 65536
2024-09-08 17:27:04,942 [DEBUG]  STREAM b'IHDR' 16 13
2024-09-08 17:27:04,942 [DEBUG]  STREAM b'IDAT' 41 65536
2024-09-08 17:27:04,948 [DEBUG]  STREAM b'IHDR' 16 13
2024-09-08 17:27:04,948 [DEBUG]  STREAM b'IDAT' 41 65536
2024-09-08 17:27:04,954 [DEBUG]  STREAM b'IHDR' 16 13
2024-09-08 17:27:04,954 [DEBUG]  STREAM b'IDAT' 41 65536
2024-09-08 17:27:04,959 [DEBUG]  STREAM b'IHDR' 16 13
2024-09-08 17:27:04,959 [DEBUG]  STREAM b'IDAT' 41 65536
2024-09-08 17:27:04,966 [DEBUG]  STREAM b'IHDR' 16 13
2024-09-08 17:27:04,966 [DEBUG]  STREAM b'IDAT' 41 65536
2024-09-08 17:27:04,971 [DEBUG]  STREAM b'IHDR' 16 13
2024-09-08 17:27:04,971 [DEBUG]  STREAM b'IDAT' 41 65536
2024-09-08 17:27:04,976 [DEBUG]  STREAM b'IHDR' 16 13
2024-09-08 17:27:04,976 [DEBUG]  STREAM b'IDAT' 41 65536
2024-09-08 17:27:04,980 [DEBUG]  STREAM b'IHDR' 16 13
2024-09-08 17:27:04,980 [DEBUG]  STREAM b'IDAT' 41 65536
2024-09-08 17:27:04,986 [DEBUG]  STREAM b'IHDR' 16 13
2024-09-08 17:27:04,986 [DEBUG]  STREAM b'IDAT' 41 65536
2024-09-08 17:27:04,991 [DEBUG]  STREAM b'IHDR' 16 13
2024-09-08 17:27:04,991 [DEBUG]  STREAM b'IDAT' 41 65536
2024-09-08 17:27:04,995 [DEBUG]  STREAM b'IHDR' 16 13
2024-09-08 17:27:04,995 [DEBUG]  STREAM b'IDAT' 41 65536
2024-09-08 17:27:04,999 [DEBUG]  STREAM b'IHDR' 16 13
2024-09-08 17:27:04,999 [DEBUG]  STREAM b'IDAT' 41 65536
2024-09-08 17:27:05,005 [DEBUG]  STREAM b'IHDR' 16 13
2024-09-08 17:27:05,005 [DEBUG]  STREAM b'IDAT' 41 65536
2024-09-08 17:27:05,009 [DEBUG]  STREAM b'IHDR' 16 13
2024-09-08 17:27:05,009 [DEBUG]  STREAM b'IDAT' 41 65536
2024-09-08 17:27:05,013 [DEBUG]  STREAM b'IHDR' 16 13
2024-09-08 17:27:05,013 [DEBUG]  STREAM b'IDAT' 41 65536
2024-09-08 17:27:05,017 [DEBUG]  STREAM b'IHDR' 16 13
2024-09-08 17:27:05,017 [DEBUG]  STREAM b'IDAT' 41 65536
2024-09-08 17:27:05,023 [DEBUG]  STREAM b'IHDR' 16 13
2024-09-08 17:27:05,023 [DEBUG]  STREAM b'IDAT' 41 65536
2024-09-08 17:27:05,028 [DEBUG]  STREAM b'IHDR' 16 13
2024-09-08 17:27:05,028 [DEBUG]  STREAM b'IDAT' 41 65536
2024-09-08 17:27:05,032 [DEBUG]  STREAM b'IHDR' 16 13
2024-09-08 17:27:05,032 [DEBUG]  STREAM b'IDAT' 41 65536
2024-09-08 17:27:05,036 [DEBUG]  STREAM b'IHDR' 16 13
2024-09-08 17:27:05,036 [DEBUG]  STREAM b'IDAT' 41 65536
2024-09-08 17:27:05,042 [DEBUG]  STREAM b'IHDR' 16 13
2024-09-08 17:27:05,042 [DEBUG]  STREAM b'IDAT' 41 65536
2024-09-08 17:27:05,047 [DEBUG]  STREAM b'IHDR' 16 13
2024-09-08 17:27:05,047 [DEBUG]  STREAM b'IDAT' 41 65536
2024-09-08 17:27:05,051 [DEBUG]  STREAM b'IHDR' 16 13
2024-09-08 17:27:05,051 [DEBUG]  STREAM b'IDAT' 41 65536
2024-09-08 17:27:05,055 [DEBUG]  STREAM b'IHDR' 16 13
2024-09-08 17:27:05,055 [DEBUG]  STREAM b'IDAT' 41 65536
2024-09-08 17:27:05,061 [DEBUG]  STREAM b'IHDR' 16 13
2024-09-08 17:27:05,061 [DEBUG]  STREAM b'IDAT' 41 65536
2024-09-08 17:27:05,065 [DEBUG]  STREAM b'IHDR' 16 13
2024-09-08 17:27:05,065 [DEBUG]  STREAM b'IDAT' 41 65536
2024-09-08 17:27:05,069 [DEBUG]  STREAM b'IHDR' 16 13
2024-09-08 17:27:05,069 [DEBUG]  STREAM b'IDAT' 41 65536
2024-09-08 17:27:05,073 [DEBUG]  STREAM b'IHDR' 16 13
2024-09-08 17:27:05,073 [DEBUG]  STREAM b'IDAT' 41 65536
2024-09-08 17:27:05,080 [DEBUG]  STREAM b'IHDR' 16 13
2024-09-08 17:27:05,080 [DEBUG]  STREAM b'IDAT' 41 65536
2024-09-08 17:27:05,084 [DEBUG]  STREAM b'IHDR' 16 13
2024-09-08 17:27:05,084 [DEBUG]  STREAM b'IDAT' 41 65536
2024-09-08 17:27:05,088 [DEBUG]  STREAM b'IHDR' 16 13
2024-09-08 17:27:05,088 [DEBUG]  STREAM b'IDAT' 41 65536
2024-09-08 17:27:05,092 [DEBUG]  STREAM b'IHDR' 16 13
2024-09-08 17:27:05,092 [DEBUG]  STREAM b'IDAT' 41 65536
2024-09-08 17:27:05,098 [DEBUG]  STREAM b'IHDR' 16 13
2024-09-08 17:27:05,098 [DEBUG]  STREAM b'IDAT' 41 65536
2024-09-08 17:27:05,102 [DEBUG]  STREAM b'IHDR' 16 13
2024-09-08 17:27:05,102 [DEBUG]  STREAM b'IDAT' 41 65536
2024-09-08 17:27:05,106 [DEBUG]  STREAM b'IHDR' 16 13
2024-09-08 17:27:05,106 [DEBUG]  STREAM b'IDAT' 41 65536
2024-09-08 17:27:05,110 [DEBUG]  STREAM b'IHDR' 16 13
2024-09-08 17:27:05,110 [DEBUG]  STREAM b'IDAT' 41 65536
2024-09-08 17:27:05,119 [DEBUG]  GraphTrial.log 840.483 visit state = 8
2024-09-08 17:27:05,125 [DEBUG]  GraphTrial.log 840.488 start flip_time = 840.4880976250861
2024-09-08 17:27:05,132 [DEBUG]  GraphTrial.log 840.495 get move selected = 4
2024-09-08 17:27:12,499 [DEBUG]  GraphTrial.log 847.862 switch selected = 7
2024-09-08 17:27:12,890 [DEBUG]  GraphTrial.log 848.253 select selected = 7
2024-09-08 17:27:12,890 [DEBUG]  GraphTrial.log 848.254 visit state = 7
2024-09-08 17:27:12,900 [DEBUG]  GraphTrial.log 848.263 get move selected = 1
2024-09-08 17:27:13,395 [DEBUG]  GraphTrial.log 848.758 select selected = 1
2024-09-08 17:27:13,395 [DEBUG]  GraphTrial.log 848.758 visit state = 1
2024-09-08 17:27:15,263 [DEBUG]  GraphTrial.log 850.626 done 
2024-09-08 17:27:15,264 [INFO]  end trial [{"time": 834.3244563334156, "event": "begin drift_check"}, {"time": 840.1276268749498, "event": "initialize", "status": null}, {"time": 840.1279859999195, "event": "start recording"}, {"time": 840.2530847918242, "event": "show graph"}, {"time": 840.4825187085662, "event": "visit", "state": 8}, {"time": 840.4881161667872, "event": "start", "flip_time": 840.4880976250861}, {"time": 840.4953259585891, "event": "get move", "selected": 4}, {"time": 847.8624688750133, "event": "switch", "selected": 7}, {"time": 848.2534324999433, "event": "select", "selected": 7}, {"time": 848.2535026667174, "event": "visit", "state": 7}, {"time": 848.2633221249562, "event": "get move", "selected": 1}, {"time": 848.75760191679, "event": "select", "selected": 1}, {"time": 848.7576655833982, "event": "visit", "state": 1}, {"time": 850.6264259584714, "event": "done"}]
2024-09-08 17:27:15,264 [INFO]  stop_recording
2024-09-08 17:27:15,280 [INFO]  gt.status is None
2024-09-08 17:27:15,280 [DEBUG]  add bonus points -1 (total = 165)
2024-09-08 17:27:15,280 [INFO]  Trial 35 of 260
2024-09-08 17:27:15,555 [INFO]  begin trial {"kind": "GraphTrial", "graph": [[], [], [], [1, 0], [], [], [], [6, 4], [10, 5], [3, 7], [5, 2]], "rewards": [3, -4, -2, -3, -2, -4, 4, -3, -4, null, -3], "reward_info": {"-4": {"desc": "pattern_1", "image": "images[0]"}, "-3": {"desc": "pattern_2", "image": "images[1]"}, "-2": {"desc": "pattern_3", "image": "images[2]"}, "-1": {"desc": "pattern_4", "image": "images[3]"}, "0": {"desc": "pattern_5", "image": "images[4]"}, "1": {"desc": "pattern_6", "image": "images[5]"}, "2": {"desc": "pattern_7", "image": "images[6]"}, "3": {"desc": "pattern_8", "image": "images[7]"}, "4": {"desc": "pattern_9", "image": "images[8]"}}, "initial_stage": "planning", "hide_states": false, "hide_rewards_while_acting": false, "hide_edges_while_acting": false, "gaze_contingent": false, "gaze_tolerance": 1.5, "fixation_lag": 0.5, "start": 9}
2024-09-08 17:27:15,555 [INFO]  <eyetracking.EyeLink object at 0x16d719280>
2024-09-08 17:27:15,555 [DEBUG]  GraphTrial.log 850.918 begin drift_check 
2024-09-08 17:27:17,481 [DEBUG]  GraphTrial.log 852.844 initialize status = None
2024-09-08 17:27:17,481 [DEBUG]  GraphTrial.log 852.845 start recording 
2024-09-08 17:27:17,482 [INFO]  start_recording
2024-09-08 17:27:17,608 [DEBUG]  GraphTrial.log 852.971 show graph 
2024-09-08 17:27:17,618 [DEBUG]  STREAM b'IHDR' 16 13
2024-09-08 17:27:17,618 [DEBUG]  STREAM b'IDAT' 41 65536
2024-09-08 17:27:17,632 [DEBUG]  STREAM b'IHDR' 16 13
2024-09-08 17:27:17,632 [DEBUG]  STREAM b'IDAT' 41 65536
2024-09-08 17:27:17,642 [DEBUG]  STREAM b'IHDR' 16 13
2024-09-08 17:27:17,642 [DEBUG]  STREAM b'IDAT' 41 65536
2024-09-08 17:27:17,650 [DEBUG]  STREAM b'IHDR' 16 13
2024-09-08 17:27:17,651 [DEBUG]  STREAM b'IDAT' 41 65536
2024-09-08 17:27:17,660 [DEBUG]  STREAM b'IHDR' 16 13
2024-09-08 17:27:17,660 [DEBUG]  STREAM b'IDAT' 41 65536
2024-09-08 17:27:17,667 [DEBUG]  STREAM b'IHDR' 16 13
2024-09-08 17:27:17,667 [DEBUG]  STREAM b'IDAT' 41 65536
2024-09-08 17:27:17,672 [DEBUG]  STREAM b'IHDR' 16 13
2024-09-08 17:27:17,672 [DEBUG]  STREAM b'IDAT' 41 65536
2024-09-08 17:27:17,678 [DEBUG]  STREAM b'IHDR' 16 13
2024-09-08 17:27:17,679 [DEBUG]  STREAM b'IDAT' 41 65536
2024-09-08 17:27:17,685 [DEBUG]  STREAM b'IHDR' 16 13
2024-09-08 17:27:17,685 [DEBUG]  STREAM b'IDAT' 41 65536
2024-09-08 17:27:17,690 [DEBUG]  STREAM b'IHDR' 16 13
2024-09-08 17:27:17,690 [DEBUG]  STREAM b'IDAT' 41 65536
2024-09-08 17:27:17,695 [DEBUG]  STREAM b'IHDR' 16 13
2024-09-08 17:27:17,695 [DEBUG]  STREAM b'IDAT' 41 65536
2024-09-08 17:27:17,699 [DEBUG]  STREAM b'IHDR' 16 13
2024-09-08 17:27:17,699 [DEBUG]  STREAM b'IDAT' 41 65536
2024-09-08 17:27:17,705 [DEBUG]  STREAM b'IHDR' 16 13
2024-09-08 17:27:17,705 [DEBUG]  STREAM b'IDAT' 41 65536
2024-09-08 17:27:17,710 [DEBUG]  STREAM b'IHDR' 16 13
2024-09-08 17:27:17,710 [DEBUG]  STREAM b'IDAT' 41 65536
2024-09-08 17:27:17,714 [DEBUG]  STREAM b'IHDR' 16 13
2024-09-08 17:27:17,714 [DEBUG]  STREAM b'IDAT' 41 65536
2024-09-08 17:27:17,718 [DEBUG]  STREAM b'IHDR' 16 13
2024-09-08 17:27:17,718 [DEBUG]  STREAM b'IDAT' 41 65536
2024-09-08 17:27:17,723 [DEBUG]  STREAM b'IHDR' 16 13
2024-09-08 17:27:17,723 [DEBUG]  STREAM b'IDAT' 41 65536
2024-09-08 17:27:17,728 [DEBUG]  STREAM b'IHDR' 16 13
2024-09-08 17:27:17,728 [DEBUG]  STREAM b'IDAT' 41 65536
2024-09-08 17:27:17,732 [DEBUG]  STREAM b'IHDR' 16 13
2024-09-08 17:27:17,732 [DEBUG]  STREAM b'IDAT' 41 65536
2024-09-08 17:27:17,736 [DEBUG]  STREAM b'IHDR' 16 13
2024-09-08 17:27:17,736 [DEBUG]  STREAM b'IDAT' 41 65536
2024-09-08 17:27:17,741 [DEBUG]  STREAM b'IHDR' 16 13
2024-09-08 17:27:17,741 [DEBUG]  STREAM b'IDAT' 41 65536
2024-09-08 17:27:17,745 [DEBUG]  STREAM b'IHDR' 16 13
2024-09-08 17:27:17,745 [DEBUG]  STREAM b'IDAT' 41 65536
2024-09-08 17:27:17,749 [DEBUG]  STREAM b'IHDR' 16 13
2024-09-08 17:27:17,749 [DEBUG]  STREAM b'IDAT' 41 65536
2024-09-08 17:27:17,754 [DEBUG]  STREAM b'IHDR' 16 13
2024-09-08 17:27:17,754 [DEBUG]  STREAM b'IDAT' 41 65536
2024-09-08 17:27:17,759 [DEBUG]  STREAM b'IHDR' 16 13
2024-09-08 17:27:17,759 [DEBUG]  STREAM b'IDAT' 41 65536
2024-09-08 17:27:17,764 [DEBUG]  STREAM b'IHDR' 16 13
2024-09-08 17:27:17,764 [DEBUG]  STREAM b'IDAT' 41 65536
2024-09-08 17:27:17,768 [DEBUG]  STREAM b'IHDR' 16 13
2024-09-08 17:27:17,768 [DEBUG]  STREAM b'IDAT' 41 65536
2024-09-08 17:27:17,772 [DEBUG]  STREAM b'IHDR' 16 13
2024-09-08 17:27:17,773 [DEBUG]  STREAM b'IDAT' 41 65536
2024-09-08 17:27:17,778 [DEBUG]  STREAM b'IHDR' 16 13
2024-09-08 17:27:17,778 [DEBUG]  STREAM b'IDAT' 41 65536
2024-09-08 17:27:17,783 [DEBUG]  STREAM b'IHDR' 16 13
2024-09-08 17:27:17,783 [DEBUG]  STREAM b'IDAT' 41 65536
2024-09-08 17:27:17,787 [DEBUG]  STREAM b'IHDR' 16 13
2024-09-08 17:27:17,787 [DEBUG]  STREAM b'IDAT' 41 65536
2024-09-08 17:27:17,791 [DEBUG]  STREAM b'IHDR' 16 13
2024-09-08 17:27:17,791 [DEBUG]  STREAM b'IDAT' 41 65536
2024-09-08 17:27:17,796 [DEBUG]  STREAM b'IHDR' 16 13
2024-09-08 17:27:17,796 [DEBUG]  STREAM b'IDAT' 41 65536
2024-09-08 17:27:17,800 [DEBUG]  STREAM b'IHDR' 16 13
2024-09-08 17:27:17,800 [DEBUG]  STREAM b'IDAT' 41 65536
2024-09-08 17:27:17,804 [DEBUG]  STREAM b'IHDR' 16 13
2024-09-08 17:27:17,804 [DEBUG]  STREAM b'IDAT' 41 65536
2024-09-08 17:27:17,809 [DEBUG]  STREAM b'IHDR' 16 13
2024-09-08 17:27:17,809 [DEBUG]  STREAM b'IDAT' 41 65536
2024-09-08 17:27:17,815 [DEBUG]  STREAM b'IHDR' 16 13
2024-09-08 17:27:17,815 [DEBUG]  STREAM b'IDAT' 41 65536
2024-09-08 17:27:17,819 [DEBUG]  STREAM b'IHDR' 16 13
2024-09-08 17:27:17,819 [DEBUG]  STREAM b'IDAT' 41 65536
2024-09-08 17:27:17,823 [DEBUG]  STREAM b'IHDR' 16 13
2024-09-08 17:27:17,824 [DEBUG]  STREAM b'IDAT' 41 65536
2024-09-08 17:27:17,828 [DEBUG]  STREAM b'IHDR' 16 13
2024-09-08 17:27:17,828 [DEBUG]  STREAM b'IDAT' 41 65536
2024-09-08 17:27:17,837 [DEBUG]  GraphTrial.log 853.200 visit state = 9
2024-09-08 17:27:17,843 [DEBUG]  GraphTrial.log 853.206 start flip_time = 853.2055933335796
2024-09-08 17:27:17,849 [DEBUG]  GraphTrial.log 853.212 get move selected = 7
2024-09-08 17:27:24,427 [DEBUG]  GraphTrial.log 859.790 select selected = 7
2024-09-08 17:27:24,427 [DEBUG]  GraphTrial.log 859.790 visit state = 7
2024-09-08 17:27:24,447 [DEBUG]  GraphTrial.log 859.810 get move selected = 6
2024-09-08 17:27:24,923 [DEBUG]  GraphTrial.log 860.286 select selected = 6
2024-09-08 17:27:24,923 [DEBUG]  GraphTrial.log 860.286 visit state = 6
2024-09-08 17:27:26,765 [DEBUG]  GraphTrial.log 862.128 done 
2024-09-08 17:27:26,765 [INFO]  end trial [{"time": 850.917937958613, "event": "begin drift_check"}, {"time": 852.8442071666941, "event": "initialize", "status": null}, {"time": 852.844517333433, "event": "start recording"}, {"time": 852.9711260418408, "event": "show graph"}, {"time": 853.2002604585141, "event": "visit", "state": 9}, {"time": 853.2056153335143, "event": "start", "flip_time": 853.2055933335796}, {"time": 853.2118942500092, "event": "get move", "selected": 7}, {"time": 859.7899772499222, "event": "select", "selected": 7}, {"time": 859.7900460835081, "event": "visit", "state": 7}, {"time": 859.8096434166655, "event": "get move", "selected": 6}, {"time": 860.2856740835123, "event": "select", "selected": 6}, {"time": 860.285738208564, "event": "visit", "state": 6}, {"time": 862.1280044168234, "event": "done"}]
2024-09-08 17:27:26,765 [INFO]  stop_recording
2024-09-08 17:27:26,781 [INFO]  gt.status is None
2024-09-08 17:27:26,782 [DEBUG]  add bonus points 1 (total = 166)
2024-09-08 17:27:26,782 [INFO]  Trial 36 of 260
2024-09-08 17:27:26,899 [INFO]  begin trial {"kind": "GraphTrial", "graph": [[5, 10], [8, 6], [], [], [], [2, 9], [], [], [6, 3], [], [4, 7]], "rewards": [null, 3, -1, -4, 0, 4, -1, -4, 4, 3, -4], "reward_info": {"-4": {"desc": "pattern_1", "image": "images[0]"}, "-3": {"desc": "pattern_2", "image": "images[1]"}, "-2": {"desc": "pattern_3", "image": "images[2]"}, "-1": {"desc": "pattern_4", "image": "images[3]"}, "0": {"desc": "pattern_5", "image": "images[4]"}, "1": {"desc": "pattern_6", "image": "images[5]"}, "2": {"desc": "pattern_7", "image": "images[6]"}, "3": {"desc": "pattern_8", "image": "images[7]"}, "4": {"desc": "pattern_9", "image": "images[8]"}}, "initial_stage": "planning", "hide_states": false, "hide_rewards_while_acting": false, "hide_edges_while_acting": false, "gaze_contingent": false, "gaze_tolerance": 1.5, "fixation_lag": 0.5, "start": 0}
2024-09-08 17:27:26,899 [INFO]  <eyetracking.EyeLink object at 0x16d719280>
2024-09-08 17:27:26,899 [DEBUG]  GraphTrial.log 862.262 begin drift_check 
2024-09-08 17:27:28,118 [DEBUG]  GraphTrial.log 863.481 initialize status = None
2024-09-08 17:27:28,119 [DEBUG]  GraphTrial.log 863.482 start recording 
2024-09-08 17:27:28,119 [INFO]  start_recording
2024-09-08 17:27:28,246 [DEBUG]  GraphTrial.log 863.609 show graph 
2024-09-08 17:27:28,259 [DEBUG]  STREAM b'IHDR' 16 13
2024-09-08 17:27:28,259 [DEBUG]  STREAM b'IDAT' 41 65536
2024-09-08 17:27:28,272 [DEBUG]  STREAM b'IHDR' 16 13
2024-09-08 17:27:28,273 [DEBUG]  STREAM b'IDAT' 41 65536
2024-09-08 17:27:28,282 [DEBUG]  STREAM b'IHDR' 16 13
2024-09-08 17:27:28,282 [DEBUG]  STREAM b'IDAT' 41 65536
2024-09-08 17:27:28,290 [DEBUG]  STREAM b'IHDR' 16 13
2024-09-08 17:27:28,290 [DEBUG]  STREAM b'IDAT' 41 65536
2024-09-08 17:27:28,300 [DEBUG]  STREAM b'IHDR' 16 13
2024-09-08 17:27:28,300 [DEBUG]  STREAM b'IDAT' 41 65536
2024-09-08 17:27:28,306 [DEBUG]  STREAM b'IHDR' 16 13
2024-09-08 17:27:28,306 [DEBUG]  STREAM b'IDAT' 41 65536
2024-09-08 17:27:28,311 [DEBUG]  STREAM b'IHDR' 16 13
2024-09-08 17:27:28,311 [DEBUG]  STREAM b'IDAT' 41 65536
2024-09-08 17:27:28,316 [DEBUG]  STREAM b'IHDR' 16 13
2024-09-08 17:27:28,316 [DEBUG]  STREAM b'IDAT' 41 65536
2024-09-08 17:27:28,323 [DEBUG]  STREAM b'IHDR' 16 13
2024-09-08 17:27:28,323 [DEBUG]  STREAM b'IDAT' 41 65536
2024-09-08 17:27:28,328 [DEBUG]  STREAM b'IHDR' 16 13
2024-09-08 17:27:28,328 [DEBUG]  STREAM b'IDAT' 41 65536
2024-09-08 17:27:28,333 [DEBUG]  STREAM b'IHDR' 16 13
2024-09-08 17:27:28,333 [DEBUG]  STREAM b'IDAT' 41 65536
2024-09-08 17:27:28,337 [DEBUG]  STREAM b'IHDR' 16 13
2024-09-08 17:27:28,337 [DEBUG]  STREAM b'IDAT' 41 65536
2024-09-08 17:27:28,343 [DEBUG]  STREAM b'IHDR' 16 13
2024-09-08 17:27:28,343 [DEBUG]  STREAM b'IDAT' 41 65536
2024-09-08 17:27:28,348 [DEBUG]  STREAM b'IHDR' 16 13
2024-09-08 17:27:28,348 [DEBUG]  STREAM b'IDAT' 41 65536
2024-09-08 17:27:28,352 [DEBUG]  STREAM b'IHDR' 16 13
2024-09-08 17:27:28,352 [DEBUG]  STREAM b'IDAT' 41 65536
2024-09-08 17:27:28,356 [DEBUG]  STREAM b'IHDR' 16 13
2024-09-08 17:27:28,356 [DEBUG]  STREAM b'IDAT' 41 65536
2024-09-08 17:27:28,362 [DEBUG]  STREAM b'IHDR' 16 13
2024-09-08 17:27:28,362 [DEBUG]  STREAM b'IDAT' 41 65536
2024-09-08 17:27:28,366 [DEBUG]  STREAM b'IHDR' 16 13
2024-09-08 17:27:28,366 [DEBUG]  STREAM b'IDAT' 41 65536
2024-09-08 17:27:28,371 [DEBUG]  STREAM b'IHDR' 16 13
2024-09-08 17:27:28,371 [DEBUG]  STREAM b'IDAT' 41 65536
2024-09-08 17:27:28,375 [DEBUG]  STREAM b'IHDR' 16 13
2024-09-08 17:27:28,375 [DEBUG]  STREAM b'IDAT' 41 65536
2024-09-08 17:27:28,381 [DEBUG]  STREAM b'IHDR' 16 13
2024-09-08 17:27:28,381 [DEBUG]  STREAM b'IDAT' 41 65536
2024-09-08 17:27:28,385 [DEBUG]  STREAM b'IHDR' 16 13
2024-09-08 17:27:28,385 [DEBUG]  STREAM b'IDAT' 41 65536
2024-09-08 17:27:28,389 [DEBUG]  STREAM b'IHDR' 16 13
2024-09-08 17:27:28,389 [DEBUG]  STREAM b'IDAT' 41 65536
2024-09-08 17:27:28,393 [DEBUG]  STREAM b'IHDR' 16 13
2024-09-08 17:27:28,393 [DEBUG]  STREAM b'IDAT' 41 65536
2024-09-08 17:27:28,399 [DEBUG]  STREAM b'IHDR' 16 13
2024-09-08 17:27:28,399 [DEBUG]  STREAM b'IDAT' 41 65536
2024-09-08 17:27:28,403 [DEBUG]  STREAM b'IHDR' 16 13
2024-09-08 17:27:28,403 [DEBUG]  STREAM b'IDAT' 41 65536
2024-09-08 17:27:28,407 [DEBUG]  STREAM b'IHDR' 16 13
2024-09-08 17:27:28,407 [DEBUG]  STREAM b'IDAT' 41 65536
2024-09-08 17:27:28,411 [DEBUG]  STREAM b'IHDR' 16 13
2024-09-08 17:27:28,411 [DEBUG]  STREAM b'IDAT' 41 65536
2024-09-08 17:27:28,416 [DEBUG]  STREAM b'IHDR' 16 13
2024-09-08 17:27:28,417 [DEBUG]  STREAM b'IDAT' 41 65536
2024-09-08 17:27:28,421 [DEBUG]  STREAM b'IHDR' 16 13
2024-09-08 17:27:28,421 [DEBUG]  STREAM b'IDAT' 41 65536
2024-09-08 17:27:28,426 [DEBUG]  STREAM b'IHDR' 16 13
2024-09-08 17:27:28,426 [DEBUG]  STREAM b'IDAT' 41 65536
2024-09-08 17:27:28,430 [DEBUG]  STREAM b'IHDR' 16 13
2024-09-08 17:27:28,430 [DEBUG]  STREAM b'IDAT' 41 65536
2024-09-08 17:27:28,436 [DEBUG]  STREAM b'IHDR' 16 13
2024-09-08 17:27:28,436 [DEBUG]  STREAM b'IDAT' 41 65536
2024-09-08 17:27:28,440 [DEBUG]  STREAM b'IHDR' 16 13
2024-09-08 17:27:28,440 [DEBUG]  STREAM b'IDAT' 41 65536
2024-09-08 17:27:28,445 [DEBUG]  STREAM b'IHDR' 16 13
2024-09-08 17:27:28,445 [DEBUG]  STREAM b'IDAT' 41 65536
2024-09-08 17:27:28,449 [DEBUG]  STREAM b'IHDR' 16 13
2024-09-08 17:27:28,449 [DEBUG]  STREAM b'IDAT' 41 65536
2024-09-08 17:27:28,455 [DEBUG]  STREAM b'IHDR' 16 13
2024-09-08 17:27:28,455 [DEBUG]  STREAM b'IDAT' 41 65536
2024-09-08 17:27:28,459 [DEBUG]  STREAM b'IHDR' 16 13
2024-09-08 17:27:28,459 [DEBUG]  STREAM b'IDAT' 41 65536
2024-09-08 17:27:28,463 [DEBUG]  STREAM b'IHDR' 16 13
2024-09-08 17:27:28,463 [DEBUG]  STREAM b'IDAT' 41 65536
2024-09-08 17:27:28,467 [DEBUG]  STREAM b'IHDR' 16 13
2024-09-08 17:27:28,467 [DEBUG]  STREAM b'IDAT' 41 65536
2024-09-08 17:27:28,477 [DEBUG]  GraphTrial.log 863.840 visit state = 0
2024-09-08 17:27:28,482 [DEBUG]  GraphTrial.log 863.845 start flip_time = 863.8450615000911
2024-09-08 17:27:28,487 [DEBUG]  GraphTrial.log 863.850 get move selected = 10
2024-09-08 17:27:30,411 [DEBUG]  GraphTrial.log 865.774 switch selected = 5
2024-09-08 17:27:30,899 [DEBUG]  GraphTrial.log 866.262 select selected = 5
2024-09-08 17:27:30,899 [DEBUG]  GraphTrial.log 866.262 visit state = 5
2024-09-08 17:27:30,908 [DEBUG]  GraphTrial.log 866.271 get move selected = 9
2024-09-08 17:27:31,298 [DEBUG]  GraphTrial.log 866.661 select selected = 9
2024-09-08 17:27:31,298 [DEBUG]  GraphTrial.log 866.661 visit state = 9
2024-09-08 17:27:33,165 [DEBUG]  GraphTrial.log 868.528 done 
2024-09-08 17:27:33,165 [INFO]  end trial [{"time": 862.2619100001175, "event": "begin drift_check"}, {"time": 863.4812207084615, "event": "initialize", "status": null}, {"time": 863.4815270418767, "event": "start recording"}, {"time": 863.6088104585651, "event": "show graph"}, {"time": 863.8400771250017, "event": "visit", "state": 0}, {"time": 863.8450754168443, "event": "start", "flip_time": 863.8450615000911}, {"time": 863.8497081666719, "event": "get move", "selected": 10}, {"time": 865.7743879999034, "event": "switch", "selected": 5}, {"time": 866.2617241668049, "event": "select", "selected": 5}, {"time": 866.2618038335349, "event": "visit", "state": 5}, {"time": 866.2710903335828, "event": "get move", "selected": 9}, {"time": 866.661341333529, "event": "select", "selected": 9}, {"time": 866.6614075417165, "event": "visit", "state": 9}, {"time": 868.5278707500547, "event": "done"}]
2024-09-08 17:27:33,165 [INFO]  stop_recording
2024-09-08 17:27:33,181 [INFO]  gt.status is None
2024-09-08 17:27:33,181 [DEBUG]  add bonus points 7 (total = 173)
2024-09-08 17:27:33,181 [INFO]  Trial 37 of 260
2024-09-08 17:27:33,395 [INFO]  begin trial {"kind": "GraphTrial", "graph": [[9], [7], [3, 10], [], [], [2, 0], [8, 4], [], [4, 1], [], []], "rewards": [-4, 3, 3, -4, 2, null, -1, -4, -2, 1, 2], "reward_info": {"-4": {"desc": "pattern_1", "image": "images[0]"}, "-3": {"desc": "pattern_2", "image": "images[1]"}, "-2": {"desc": "pattern_3", "image": "images[2]"}, "-1": {"desc": "pattern_4", "image": "images[3]"}, "0": {"desc": "pattern_5", "image": "images[4]"}, "1": {"desc": "pattern_6", "image": "images[5]"}, "2": {"desc": "pattern_7", "image": "images[6]"}, "3": {"desc": "pattern_8", "image": "images[7]"}, "4": {"desc": "pattern_9", "image": "images[8]"}}, "initial_stage": "planning", "hide_states": false, "hide_rewards_while_acting": false, "hide_edges_while_acting": false, "gaze_contingent": false, "gaze_tolerance": 1.5, "fixation_lag": 0.5, "start": 5}
2024-09-08 17:27:33,395 [INFO]  <eyetracking.EyeLink object at 0x16d719280>
2024-09-08 17:27:33,395 [DEBUG]  GraphTrial.log 868.758 begin drift_check 
2024-09-08 17:27:34,232 [DEBUG]  GraphTrial.log 869.595 initialize status = None
2024-09-08 17:27:34,233 [DEBUG]  GraphTrial.log 869.596 start recording 
2024-09-08 17:27:34,233 [INFO]  start_recording
2024-09-08 17:27:34,358 [DEBUG]  GraphTrial.log 869.721 show graph 
2024-09-08 17:27:34,367 [DEBUG]  STREAM b'IHDR' 16 13
2024-09-08 17:27:34,367 [DEBUG]  STREAM b'IDAT' 41 65536
2024-09-08 17:27:34,380 [DEBUG]  STREAM b'IHDR' 16 13
2024-09-08 17:27:34,380 [DEBUG]  STREAM b'IDAT' 41 65536
2024-09-08 17:27:34,390 [DEBUG]  STREAM b'IHDR' 16 13
2024-09-08 17:27:34,390 [DEBUG]  STREAM b'IDAT' 41 65536
2024-09-08 17:27:34,398 [DEBUG]  STREAM b'IHDR' 16 13
2024-09-08 17:27:34,398 [DEBUG]  STREAM b'IDAT' 41 65536
2024-09-08 17:27:34,407 [DEBUG]  STREAM b'IHDR' 16 13
2024-09-08 17:27:34,407 [DEBUG]  STREAM b'IDAT' 41 65536
2024-09-08 17:27:34,414 [DEBUG]  STREAM b'IHDR' 16 13
2024-09-08 17:27:34,414 [DEBUG]  STREAM b'IDAT' 41 65536
2024-09-08 17:27:34,420 [DEBUG]  STREAM b'IHDR' 16 13
2024-09-08 17:27:34,420 [DEBUG]  STREAM b'IDAT' 41 65536
2024-09-08 17:27:34,426 [DEBUG]  STREAM b'IHDR' 16 13
2024-09-08 17:27:34,426 [DEBUG]  STREAM b'IDAT' 41 65536
2024-09-08 17:27:34,433 [DEBUG]  STREAM b'IHDR' 16 13
2024-09-08 17:27:34,433 [DEBUG]  STREAM b'IDAT' 41 65536
2024-09-08 17:27:34,439 [DEBUG]  STREAM b'IHDR' 16 13
2024-09-08 17:27:34,439 [DEBUG]  STREAM b'IDAT' 41 65536
2024-09-08 17:27:34,444 [DEBUG]  STREAM b'IHDR' 16 13
2024-09-08 17:27:34,444 [DEBUG]  STREAM b'IDAT' 41 65536
2024-09-08 17:27:34,449 [DEBUG]  STREAM b'IHDR' 16 13
2024-09-08 17:27:34,449 [DEBUG]  STREAM b'IDAT' 41 65536
2024-09-08 17:27:34,455 [DEBUG]  STREAM b'IHDR' 16 13
2024-09-08 17:27:34,455 [DEBUG]  STREAM b'IDAT' 41 65536
2024-09-08 17:27:34,460 [DEBUG]  STREAM b'IHDR' 16 13
2024-09-08 17:27:34,460 [DEBUG]  STREAM b'IDAT' 41 65536
2024-09-08 17:27:34,464 [DEBUG]  STREAM b'IHDR' 16 13
2024-09-08 17:27:34,464 [DEBUG]  STREAM b'IDAT' 41 65536
2024-09-08 17:27:34,468 [DEBUG]  STREAM b'IHDR' 16 13
2024-09-08 17:27:34,468 [DEBUG]  STREAM b'IDAT' 41 65536
2024-09-08 17:27:34,473 [DEBUG]  STREAM b'IHDR' 16 13
2024-09-08 17:27:34,473 [DEBUG]  STREAM b'IDAT' 41 65536
2024-09-08 17:27:34,478 [DEBUG]  STREAM b'IHDR' 16 13
2024-09-08 17:27:34,478 [DEBUG]  STREAM b'IDAT' 41 65536
2024-09-08 17:27:34,482 [DEBUG]  STREAM b'IHDR' 16 13
2024-09-08 17:27:34,482 [DEBUG]  STREAM b'IDAT' 41 65536
2024-09-08 17:27:34,486 [DEBUG]  STREAM b'IHDR' 16 13
2024-09-08 17:27:34,486 [DEBUG]  STREAM b'IDAT' 41 65536
2024-09-08 17:27:34,493 [DEBUG]  STREAM b'IHDR' 16 13
2024-09-08 17:27:34,493 [DEBUG]  STREAM b'IDAT' 41 65536
2024-09-08 17:27:34,497 [DEBUG]  STREAM b'IHDR' 16 13
2024-09-08 17:27:34,497 [DEBUG]  STREAM b'IDAT' 41 65536
2024-09-08 17:27:34,501 [DEBUG]  STREAM b'IHDR' 16 13
2024-09-08 17:27:34,501 [DEBUG]  STREAM b'IDAT' 41 65536
2024-09-08 17:27:34,505 [DEBUG]  STREAM b'IHDR' 16 13
2024-09-08 17:27:34,505 [DEBUG]  STREAM b'IDAT' 41 65536
2024-09-08 17:27:34,510 [DEBUG]  STREAM b'IHDR' 16 13
2024-09-08 17:27:34,510 [DEBUG]  STREAM b'IDAT' 41 65536
2024-09-08 17:27:34,515 [DEBUG]  STREAM b'IHDR' 16 13
2024-09-08 17:27:34,515 [DEBUG]  STREAM b'IDAT' 41 65536
2024-09-08 17:27:34,519 [DEBUG]  STREAM b'IHDR' 16 13
2024-09-08 17:27:34,519 [DEBUG]  STREAM b'IDAT' 41 65536
2024-09-08 17:27:34,523 [DEBUG]  STREAM b'IHDR' 16 13
2024-09-08 17:27:34,523 [DEBUG]  STREAM b'IDAT' 41 65536
2024-09-08 17:27:34,528 [DEBUG]  STREAM b'IHDR' 16 13
2024-09-08 17:27:34,528 [DEBUG]  STREAM b'IDAT' 41 65536
2024-09-08 17:27:34,533 [DEBUG]  STREAM b'IHDR' 16 13
2024-09-08 17:27:34,533 [DEBUG]  STREAM b'IDAT' 41 65536
2024-09-08 17:27:34,537 [DEBUG]  STREAM b'IHDR' 16 13
2024-09-08 17:27:34,537 [DEBUG]  STREAM b'IDAT' 41 65536
2024-09-08 17:27:34,541 [DEBUG]  STREAM b'IHDR' 16 13
2024-09-08 17:27:34,541 [DEBUG]  STREAM b'IDAT' 41 65536
2024-09-08 17:27:34,546 [DEBUG]  STREAM b'IHDR' 16 13
2024-09-08 17:27:34,546 [DEBUG]  STREAM b'IDAT' 41 65536
2024-09-08 17:27:34,551 [DEBUG]  STREAM b'IHDR' 16 13
2024-09-08 17:27:34,551 [DEBUG]  STREAM b'IDAT' 41 65536
2024-09-08 17:27:34,555 [DEBUG]  STREAM b'IHDR' 16 13
2024-09-08 17:27:34,555 [DEBUG]  STREAM b'IDAT' 41 65536
2024-09-08 17:27:34,559 [DEBUG]  STREAM b'IHDR' 16 13
2024-09-08 17:27:34,559 [DEBUG]  STREAM b'IDAT' 41 65536
2024-09-08 17:27:34,564 [DEBUG]  STREAM b'IHDR' 16 13
2024-09-08 17:27:34,564 [DEBUG]  STREAM b'IDAT' 41 65536
2024-09-08 17:27:34,568 [DEBUG]  STREAM b'IHDR' 16 13
2024-09-08 17:27:34,568 [DEBUG]  STREAM b'IDAT' 41 65536
2024-09-08 17:27:34,573 [DEBUG]  STREAM b'IHDR' 16 13
2024-09-08 17:27:34,573 [DEBUG]  STREAM b'IDAT' 41 65536
2024-09-08 17:27:34,577 [DEBUG]  STREAM b'IHDR' 16 13
2024-09-08 17:27:34,577 [DEBUG]  STREAM b'IDAT' 41 65536
2024-09-08 17:27:34,587 [DEBUG]  GraphTrial.log 869.950 visit state = 5
2024-09-08 17:27:34,592 [DEBUG]  GraphTrial.log 869.955 start flip_time = 869.9551223749295
2024-09-08 17:27:34,599 [DEBUG]  GraphTrial.log 869.962 get move selected = 0
2024-09-08 17:27:38,115 [DEBUG]  GraphTrial.log 873.478 switch selected = 2
2024-09-08 17:27:38,595 [DEBUG]  GraphTrial.log 873.958 select selected = 2
2024-09-08 17:27:38,595 [DEBUG]  GraphTrial.log 873.958 visit state = 2
2024-09-08 17:27:38,604 [DEBUG]  GraphTrial.log 873.967 get move selected = 3
2024-09-08 17:27:38,979 [DEBUG]  GraphTrial.log 874.342 switch selected = 10
2024-09-08 17:27:39,306 [DEBUG]  GraphTrial.log 874.669 select selected = 10
2024-09-08 17:27:39,306 [DEBUG]  GraphTrial.log 874.669 visit state = 10
2024-09-08 17:27:41,148 [DEBUG]  GraphTrial.log 876.511 done 
2024-09-08 17:27:41,148 [INFO]  end trial [{"time": 868.7579840000253, "event": "begin drift_check"}, {"time": 869.594977916684, "event": "initialize", "status": null}, {"time": 869.5955455417279, "event": "start recording"}, {"time": 869.7208110834472, "event": "show graph"}, {"time": 869.9496385417879, "event": "visit", "state": 5}, {"time": 869.9551375000738, "event": "start", "flip_time": 869.9551223749295}, {"time": 869.9617624999955, "event": "get move", "selected": 0}, {"time": 873.4783247916494, "event": "switch", "selected": 2}, {"time": 873.9576416667551, "event": "select", "selected": 2}, {"time": 873.9577149585821, "event": "visit", "state": 2}, {"time": 873.9669433336239, "event": "get move", "selected": 3}, {"time": 874.3420461250935, "event": "switch", "selected": 10}, {"time": 874.6693511249032, "event": "select", "selected": 10}, {"time": 874.6694165416993, "event": "visit", "state": 10}, {"time": 876.5111687916797, "event": "done"}]
2024-09-08 17:27:41,148 [INFO]  stop_recording
2024-09-08 17:27:41,165 [INFO]  gt.status is None
2024-09-08 17:27:41,165 [DEBUG]  add bonus points 5 (total = 178)
2024-09-08 17:27:41,165 [INFO]  Trial 38 of 260
2024-09-08 17:27:41,227 [INFO]  begin trial {"kind": "GraphTrial", "graph": [[], [], [9, 5], [], [10, 6], [], [7, 1], [], [], [5, 0], [8, 3]], "rewards": [-4, -1, 1, -4, null, 3, 2, 1, 1, -3, 1], "reward_info": {"-4": {"desc": "pattern_1", "image": "images[0]"}, "-3": {"desc": "pattern_2", "image": "images[1]"}, "-2": {"desc": "pattern_3", "image": "images[2]"}, "-1": {"desc": "pattern_4", "image": "images[3]"}, "0": {"desc": "pattern_5", "image": "images[4]"}, "1": {"desc": "pattern_6", "image": "images[5]"}, "2": {"desc": "pattern_7", "image": "images[6]"}, "3": {"desc": "pattern_8", "image": "images[7]"}, "4": {"desc": "pattern_9", "image": "images[8]"}}, "initial_stage": "planning", "hide_states": false, "hide_rewards_while_acting": false, "hide_edges_while_acting": false, "gaze_contingent": false, "gaze_tolerance": 1.5, "fixation_lag": 0.5, "start": 4}
2024-09-08 17:27:41,227 [INFO]  <eyetracking.EyeLink object at 0x16d719280>
2024-09-08 17:27:41,227 [DEBUG]  GraphTrial.log 876.590 begin drift_check 
2024-09-08 17:27:42,815 [DEBUG]  GraphTrial.log 878.178 initialize status = None
2024-09-08 17:27:42,815 [DEBUG]  GraphTrial.log 878.178 start recording 
2024-09-08 17:27:42,815 [INFO]  start_recording
2024-09-08 17:27:42,939 [DEBUG]  GraphTrial.log 878.302 show graph 
2024-09-08 17:27:42,948 [DEBUG]  STREAM b'IHDR' 16 13
2024-09-08 17:27:42,948 [DEBUG]  STREAM b'IDAT' 41 65536
2024-09-08 17:27:42,961 [DEBUG]  STREAM b'IHDR' 16 13
2024-09-08 17:27:42,961 [DEBUG]  STREAM b'IDAT' 41 65536
2024-09-08 17:27:42,970 [DEBUG]  STREAM b'IHDR' 16 13
2024-09-08 17:27:42,971 [DEBUG]  STREAM b'IDAT' 41 65536
2024-09-08 17:27:42,978 [DEBUG]  STREAM b'IHDR' 16 13
2024-09-08 17:27:42,979 [DEBUG]  STREAM b'IDAT' 41 65536
2024-09-08 17:27:42,988 [DEBUG]  STREAM b'IHDR' 16 13
2024-09-08 17:27:42,988 [DEBUG]  STREAM b'IDAT' 41 65536
2024-09-08 17:27:42,994 [DEBUG]  STREAM b'IHDR' 16 13
2024-09-08 17:27:42,994 [DEBUG]  STREAM b'IDAT' 41 65536
2024-09-08 17:27:43,000 [DEBUG]  STREAM b'IHDR' 16 13
2024-09-08 17:27:43,000 [DEBUG]  STREAM b'IDAT' 41 65536
2024-09-08 17:27:43,005 [DEBUG]  STREAM b'IHDR' 16 13
2024-09-08 17:27:43,005 [DEBUG]  STREAM b'IDAT' 41 65536
2024-09-08 17:27:43,012 [DEBUG]  STREAM b'IHDR' 16 13
2024-09-08 17:27:43,012 [DEBUG]  STREAM b'IDAT' 41 65536
2024-09-08 17:27:43,017 [DEBUG]  STREAM b'IHDR' 16 13
2024-09-08 17:27:43,017 [DEBUG]  STREAM b'IDAT' 41 65536
2024-09-08 17:27:43,022 [DEBUG]  STREAM b'IHDR' 16 13
2024-09-08 17:27:43,022 [DEBUG]  STREAM b'IDAT' 41 65536
2024-09-08 17:27:43,027 [DEBUG]  STREAM b'IHDR' 16 13
2024-09-08 17:27:43,027 [DEBUG]  STREAM b'IDAT' 41 65536
2024-09-08 17:27:43,033 [DEBUG]  STREAM b'IHDR' 16 13
2024-09-08 17:27:43,033 [DEBUG]  STREAM b'IDAT' 41 65536
2024-09-08 17:27:43,037 [DEBUG]  STREAM b'IHDR' 16 13
2024-09-08 17:27:43,037 [DEBUG]  STREAM b'IDAT' 41 65536
2024-09-08 17:27:43,042 [DEBUG]  STREAM b'IHDR' 16 13
2024-09-08 17:27:43,042 [DEBUG]  STREAM b'IDAT' 41 65536
2024-09-08 17:27:43,046 [DEBUG]  STREAM b'IHDR' 16 13
2024-09-08 17:27:43,046 [DEBUG]  STREAM b'IDAT' 41 65536
2024-09-08 17:27:43,052 [DEBUG]  STREAM b'IHDR' 16 13
2024-09-08 17:27:43,052 [DEBUG]  STREAM b'IDAT' 41 65536
2024-09-08 17:27:43,057 [DEBUG]  STREAM b'IHDR' 16 13
2024-09-08 17:27:43,057 [DEBUG]  STREAM b'IDAT' 41 65536
2024-09-08 17:27:43,061 [DEBUG]  STREAM b'IHDR' 16 13
2024-09-08 17:27:43,061 [DEBUG]  STREAM b'IDAT' 41 65536
2024-09-08 17:27:43,066 [DEBUG]  STREAM b'IHDR' 16 13
2024-09-08 17:27:43,066 [DEBUG]  STREAM b'IDAT' 41 65536
2024-09-08 17:27:43,072 [DEBUG]  STREAM b'IHDR' 16 13
2024-09-08 17:27:43,072 [DEBUG]  STREAM b'IDAT' 41 65536
2024-09-08 17:27:43,076 [DEBUG]  STREAM b'IHDR' 16 13
2024-09-08 17:27:43,076 [DEBUG]  STREAM b'IDAT' 41 65536
2024-09-08 17:27:43,080 [DEBUG]  STREAM b'IHDR' 16 13
2024-09-08 17:27:43,080 [DEBUG]  STREAM b'IDAT' 41 65536
2024-09-08 17:27:43,084 [DEBUG]  STREAM b'IHDR' 16 13
2024-09-08 17:27:43,084 [DEBUG]  STREAM b'IDAT' 41 65536
2024-09-08 17:27:43,090 [DEBUG]  STREAM b'IHDR' 16 13
2024-09-08 17:27:43,090 [DEBUG]  STREAM b'IDAT' 41 65536
2024-09-08 17:27:43,094 [DEBUG]  STREAM b'IHDR' 16 13
2024-09-08 17:27:43,094 [DEBUG]  STREAM b'IDAT' 41 65536
2024-09-08 17:27:43,098 [DEBUG]  STREAM b'IHDR' 16 13
2024-09-08 17:27:43,098 [DEBUG]  STREAM b'IDAT' 41 65536
2024-09-08 17:27:43,102 [DEBUG]  STREAM b'IHDR' 16 13
2024-09-08 17:27:43,102 [DEBUG]  STREAM b'IDAT' 41 65536
2024-09-08 17:27:43,108 [DEBUG]  STREAM b'IHDR' 16 13
2024-09-08 17:27:43,108 [DEBUG]  STREAM b'IDAT' 41 65536
2024-09-08 17:27:43,112 [DEBUG]  STREAM b'IHDR' 16 13
2024-09-08 17:27:43,112 [DEBUG]  STREAM b'IDAT' 41 65536
2024-09-08 17:27:43,116 [DEBUG]  STREAM b'IHDR' 16 13
2024-09-08 17:27:43,116 [DEBUG]  STREAM b'IDAT' 41 65536
2024-09-08 17:27:43,120 [DEBUG]  STREAM b'IHDR' 16 13
2024-09-08 17:27:43,120 [DEBUG]  STREAM b'IDAT' 41 65536
2024-09-08 17:27:43,125 [DEBUG]  STREAM b'IHDR' 16 13
2024-09-08 17:27:43,125 [DEBUG]  STREAM b'IDAT' 41 65536
2024-09-08 17:27:43,130 [DEBUG]  STREAM b'IHDR' 16 13
2024-09-08 17:27:43,130 [DEBUG]  STREAM b'IDAT' 41 65536
2024-09-08 17:27:43,134 [DEBUG]  STREAM b'IHDR' 16 13
2024-09-08 17:27:43,134 [DEBUG]  STREAM b'IDAT' 41 65536
2024-09-08 17:27:43,138 [DEBUG]  STREAM b'IHDR' 16 13
2024-09-08 17:27:43,138 [DEBUG]  STREAM b'IDAT' 41 65536
2024-09-08 17:27:43,143 [DEBUG]  STREAM b'IHDR' 16 13
2024-09-08 17:27:43,143 [DEBUG]  STREAM b'IDAT' 41 65536
2024-09-08 17:27:43,147 [DEBUG]  STREAM b'IHDR' 16 13
2024-09-08 17:27:43,148 [DEBUG]  STREAM b'IDAT' 41 65536
2024-09-08 17:27:43,152 [DEBUG]  STREAM b'IHDR' 16 13
2024-09-08 17:27:43,152 [DEBUG]  STREAM b'IDAT' 41 65536
2024-09-08 17:27:43,156 [DEBUG]  STREAM b'IHDR' 16 13
2024-09-08 17:27:43,156 [DEBUG]  STREAM b'IDAT' 41 65536
2024-09-08 17:27:43,165 [DEBUG]  GraphTrial.log 878.528 visit state = 4
2024-09-08 17:27:43,171 [DEBUG]  GraphTrial.log 878.533 start flip_time = 878.5334301250987
2024-09-08 17:27:43,175 [DEBUG]  GraphTrial.log 878.538 get move selected = 10
2024-09-08 17:27:49,684 [DEBUG]  GraphTrial.log 885.046 switch selected = 6
2024-09-08 17:27:50,107 [DEBUG]  GraphTrial.log 885.469 select selected = 6
2024-09-08 17:27:50,107 [DEBUG]  GraphTrial.log 885.470 visit state = 6
2024-09-08 17:27:50,118 [DEBUG]  GraphTrial.log 885.480 get move selected = 7
2024-09-08 17:27:50,523 [DEBUG]  GraphTrial.log 885.886 select selected = 7
2024-09-08 17:27:50,523 [DEBUG]  GraphTrial.log 885.886 visit state = 7
2024-09-08 17:27:52,365 [DEBUG]  GraphTrial.log 887.728 done 
2024-09-08 17:27:52,365 [INFO]  end trial [{"time": 876.5899915418122, "event": "begin drift_check"}, {"time": 878.1778209167533, "event": "initialize", "status": null}, {"time": 878.17813245859, "event": "start recording"}, {"time": 878.301995875081, "event": "show graph"}, {"time": 878.5281063334551, "event": "visit", "state": 4}, {"time": 878.5334464167245, "event": "start", "flip_time": 878.5334301250987}, {"time": 878.5381975418422, "event": "get move", "selected": 10}, {"time": 885.0464766668156, "event": "switch", "selected": 6}, {"time": 885.4694444586057, "event": "select", "selected": 6}, {"time": 885.469520708546, "event": "visit", "state": 6}, {"time": 885.4804540418554, "event": "get move", "selected": 7}, {"time": 885.8856163749006, "event": "select", "selected": 7}, {"time": 885.8856817085762, "event": "visit", "state": 7}, {"time": 887.7280990835279, "event": "done"}]
2024-09-08 17:27:52,365 [INFO]  stop_recording
2024-09-08 17:27:52,381 [INFO]  gt.status is None
2024-09-08 17:27:52,381 [DEBUG]  add bonus points 3 (total = 181)
2024-09-08 17:27:52,381 [INFO]  Trial 39 of 260
2024-09-08 17:27:52,635 [INFO]  begin trial {"kind": "GraphTrial", "graph": [[8, 7], [4], [], [5, 9], [], [], [3, 10], [], [7, 1], [], [2]], "rewards": [2, -4, 0, -1, -2, -1, null, -3, 1, -3, -1], "reward_info": {"-4": {"desc": "pattern_1", "image": "images[0]"}, "-3": {"desc": "pattern_2", "image": "images[1]"}, "-2": {"desc": "pattern_3", "image": "images[2]"}, "-1": {"desc": "pattern_4", "image": "images[3]"}, "0": {"desc": "pattern_5", "image": "images[4]"}, "1": {"desc": "pattern_6", "image": "images[5]"}, "2": {"desc": "pattern_7", "image": "images[6]"}, "3": {"desc": "pattern_8", "image": "images[7]"}, "4": {"desc": "pattern_9", "image": "images[8]"}}, "initial_stage": "planning", "hide_states": false, "hide_rewards_while_acting": false, "hide_edges_while_acting": false, "gaze_contingent": false, "gaze_tolerance": 1.5, "fixation_lag": 0.5, "start": 6}
2024-09-08 17:27:52,635 [INFO]  <eyetracking.EyeLink object at 0x16d719280>
2024-09-08 17:27:52,635 [DEBUG]  GraphTrial.log 887.998 begin drift_check 
2024-09-08 17:27:59,180 [DEBUG]  GraphTrial.log 894.543 initialize status = None
2024-09-08 17:27:59,181 [DEBUG]  GraphTrial.log 894.544 start recording 
2024-09-08 17:27:59,181 [INFO]  start_recording
2024-09-08 17:27:59,307 [DEBUG]  GraphTrial.log 894.670 show graph 
2024-09-08 17:27:59,316 [DEBUG]  STREAM b'IHDR' 16 13
2024-09-08 17:27:59,316 [DEBUG]  STREAM b'IDAT' 41 65536
2024-09-08 17:27:59,329 [DEBUG]  STREAM b'IHDR' 16 13
2024-09-08 17:27:59,329 [DEBUG]  STREAM b'IDAT' 41 65536
2024-09-08 17:27:59,339 [DEBUG]  STREAM b'IHDR' 16 13
2024-09-08 17:27:59,339 [DEBUG]  STREAM b'IDAT' 41 65536
2024-09-08 17:27:59,347 [DEBUG]  STREAM b'IHDR' 16 13
2024-09-08 17:27:59,347 [DEBUG]  STREAM b'IDAT' 41 65536
2024-09-08 17:27:59,356 [DEBUG]  STREAM b'IHDR' 16 13
2024-09-08 17:27:59,356 [DEBUG]  STREAM b'IDAT' 41 65536
2024-09-08 17:27:59,363 [DEBUG]  STREAM b'IHDR' 16 13
2024-09-08 17:27:59,363 [DEBUG]  STREAM b'IDAT' 41 65536
2024-09-08 17:27:59,369 [DEBUG]  STREAM b'IHDR' 16 13
2024-09-08 17:27:59,369 [DEBUG]  STREAM b'IDAT' 41 65536
2024-09-08 17:27:59,374 [DEBUG]  STREAM b'IHDR' 16 13
2024-09-08 17:27:59,374 [DEBUG]  STREAM b'IDAT' 41 65536
2024-09-08 17:27:59,381 [DEBUG]  STREAM b'IHDR' 16 13
2024-09-08 17:27:59,381 [DEBUG]  STREAM b'IDAT' 41 65536
2024-09-08 17:27:59,386 [DEBUG]  STREAM b'IHDR' 16 13
2024-09-08 17:27:59,386 [DEBUG]  STREAM b'IDAT' 41 65536
2024-09-08 17:27:59,391 [DEBUG]  STREAM b'IHDR' 16 13
2024-09-08 17:27:59,391 [DEBUG]  STREAM b'IDAT' 41 65536
2024-09-08 17:27:59,395 [DEBUG]  STREAM b'IHDR' 16 13
2024-09-08 17:27:59,395 [DEBUG]  STREAM b'IDAT' 41 65536
2024-09-08 17:27:59,401 [DEBUG]  STREAM b'IHDR' 16 13
2024-09-08 17:27:59,401 [DEBUG]  STREAM b'IDAT' 41 65536
2024-09-08 17:27:59,406 [DEBUG]  STREAM b'IHDR' 16 13
2024-09-08 17:27:59,406 [DEBUG]  STREAM b'IDAT' 41 65536
2024-09-08 17:27:59,410 [DEBUG]  STREAM b'IHDR' 16 13
2024-09-08 17:27:59,410 [DEBUG]  STREAM b'IDAT' 41 65536
2024-09-08 17:27:59,414 [DEBUG]  STREAM b'IHDR' 16 13
2024-09-08 17:27:59,414 [DEBUG]  STREAM b'IDAT' 41 65536
2024-09-08 17:27:59,419 [DEBUG]  STREAM b'IHDR' 16 13
2024-09-08 17:27:59,419 [DEBUG]  STREAM b'IDAT' 41 65536
2024-09-08 17:27:59,424 [DEBUG]  STREAM b'IHDR' 16 13
2024-09-08 17:27:59,424 [DEBUG]  STREAM b'IDAT' 41 65536
2024-09-08 17:27:59,428 [DEBUG]  STREAM b'IHDR' 16 13
2024-09-08 17:27:59,428 [DEBUG]  STREAM b'IDAT' 41 65536
2024-09-08 17:27:59,432 [DEBUG]  STREAM b'IHDR' 16 13
2024-09-08 17:27:59,432 [DEBUG]  STREAM b'IDAT' 41 65536
2024-09-08 17:27:59,437 [DEBUG]  STREAM b'IHDR' 16 13
2024-09-08 17:27:59,437 [DEBUG]  STREAM b'IDAT' 41 65536
2024-09-08 17:27:59,441 [DEBUG]  STREAM b'IHDR' 16 13
2024-09-08 17:27:59,441 [DEBUG]  STREAM b'IDAT' 41 65536
2024-09-08 17:27:59,445 [DEBUG]  STREAM b'IHDR' 16 13
2024-09-08 17:27:59,445 [DEBUG]  STREAM b'IDAT' 41 65536
2024-09-08 17:27:59,449 [DEBUG]  STREAM b'IHDR' 16 13
2024-09-08 17:27:59,449 [DEBUG]  STREAM b'IDAT' 41 65536
2024-09-08 17:27:59,456 [DEBUG]  STREAM b'IHDR' 16 13
2024-09-08 17:27:59,456 [DEBUG]  STREAM b'IDAT' 41 65536
2024-09-08 17:27:59,460 [DEBUG]  STREAM b'IHDR' 16 13
2024-09-08 17:27:59,460 [DEBUG]  STREAM b'IDAT' 41 65536
2024-09-08 17:27:59,464 [DEBUG]  STREAM b'IHDR' 16 13
2024-09-08 17:27:59,464 [DEBUG]  STREAM b'IDAT' 41 65536
2024-09-08 17:27:59,468 [DEBUG]  STREAM b'IHDR' 16 13
2024-09-08 17:27:59,468 [DEBUG]  STREAM b'IDAT' 41 65536
2024-09-08 17:27:59,474 [DEBUG]  STREAM b'IHDR' 16 13
2024-09-08 17:27:59,474 [DEBUG]  STREAM b'IDAT' 41 65536
2024-09-08 17:27:59,478 [DEBUG]  STREAM b'IHDR' 16 13
2024-09-08 17:27:59,478 [DEBUG]  STREAM b'IDAT' 41 65536
2024-09-08 17:27:59,482 [DEBUG]  STREAM b'IHDR' 16 13
2024-09-08 17:27:59,482 [DEBUG]  STREAM b'IDAT' 41 65536
2024-09-08 17:27:59,486 [DEBUG]  STREAM b'IHDR' 16 13
2024-09-08 17:27:59,486 [DEBUG]  STREAM b'IDAT' 41 65536
2024-09-08 17:27:59,491 [DEBUG]  STREAM b'IHDR' 16 13
2024-09-08 17:27:59,492 [DEBUG]  STREAM b'IDAT' 41 65536
2024-09-08 17:27:59,496 [DEBUG]  STREAM b'IHDR' 16 13
2024-09-08 17:27:59,496 [DEBUG]  STREAM b'IDAT' 41 65536
2024-09-08 17:27:59,500 [DEBUG]  STREAM b'IHDR' 16 13
2024-09-08 17:27:59,500 [DEBUG]  STREAM b'IDAT' 41 65536
2024-09-08 17:27:59,504 [DEBUG]  STREAM b'IHDR' 16 13
2024-09-08 17:27:59,504 [DEBUG]  STREAM b'IDAT' 41 65536
2024-09-08 17:27:59,509 [DEBUG]  STREAM b'IHDR' 16 13
2024-09-08 17:27:59,509 [DEBUG]  STREAM b'IDAT' 41 65536
2024-09-08 17:27:59,514 [DEBUG]  STREAM b'IHDR' 16 13
2024-09-08 17:27:59,514 [DEBUG]  STREAM b'IDAT' 41 65536
2024-09-08 17:27:59,518 [DEBUG]  STREAM b'IHDR' 16 13
2024-09-08 17:27:59,518 [DEBUG]  STREAM b'IDAT' 41 65536
2024-09-08 17:27:59,522 [DEBUG]  STREAM b'IHDR' 16 13
2024-09-08 17:27:59,522 [DEBUG]  STREAM b'IDAT' 41 65536
2024-09-08 17:27:59,531 [DEBUG]  GraphTrial.log 894.894 visit state = 6
2024-09-08 17:27:59,536 [DEBUG]  GraphTrial.log 894.899 start flip_time = 894.8990402917843
2024-09-08 17:27:59,542 [DEBUG]  GraphTrial.log 894.905 get move selected = 3
2024-09-08 17:28:05,652 [DEBUG]  GraphTrial.log 901.015 switch selected = 10
2024-09-08 17:28:08,675 [DEBUG]  GraphTrial.log 904.038 select selected = 10
2024-09-08 17:28:08,675 [DEBUG]  GraphTrial.log 904.038 visit state = 10
2024-09-08 17:28:08,697 [DEBUG]  GraphTrial.log 904.060 get move selected = 2
2024-09-08 17:28:09,051 [DEBUG]  GraphTrial.log 904.413 select selected = 2
2024-09-08 17:28:09,051 [DEBUG]  GraphTrial.log 904.414 visit state = 2
2024-09-08 17:28:10,882 [DEBUG]  GraphTrial.log 906.245 done 
2024-09-08 17:28:10,882 [INFO]  end trial [{"time": 887.9980485418346, "event": "begin drift_check"}, {"time": 894.5432769584004, "event": "initialize", "status": null}, {"time": 894.543614000082, "event": "start recording"}, {"time": 894.6695879586041, "event": "show graph"}, {"time": 894.8939651250839, "event": "visit", "state": 6}, {"time": 894.8990572085604, "event": "start", "flip_time": 894.8990402917843}, {"time": 894.9047476251144, "event": "get move", "selected": 3}, {"time": 901.0145506667905, "event": "switch", "selected": 10}, {"time": 904.0380299999379, "event": "select", "selected": 10}, {"time": 904.0381683749147, "event": "visit", "state": 10}, {"time": 904.0598385834601, "event": "get move", "selected": 2}, {"time": 904.4134901249781, "event": "select", "selected": 2}, {"time": 904.4138043751009, "event": "visit", "state": 2}, {"time": 906.2445529999677, "event": "done"}]
2024-09-08 17:28:10,882 [INFO]  stop_recording
2024-09-08 17:28:10,899 [INFO]  gt.status is None
2024-09-08 17:28:10,899 [DEBUG]  add bonus points -1 (total = 180)
2024-09-08 17:28:10,899 [INFO]  Trial 40 of 260
2024-09-08 17:28:11,251 [INFO]  begin trial {"kind": "GraphTrial", "graph": [[1, 8], [], [], [5, 2], [], [2, 4], [], [9, 0], [], [6, 10], []], "rewards": [-4, -2, 4, -2, -1, 1, 3, null, -1, 3, -4], "reward_info": {"-4": {"desc": "pattern_1", "image": "images[0]"}, "-3": {"desc": "pattern_2", "image": "images[1]"}, "-2": {"desc": "pattern_3", "image": "images[2]"}, "-1": {"desc": "pattern_4", "image": "images[3]"}, "0": {"desc": "pattern_5", "image": "images[4]"}, "1": {"desc": "pattern_6", "image": "images[5]"}, "2": {"desc": "pattern_7", "image": "images[6]"}, "3": {"desc": "pattern_8", "image": "images[7]"}, "4": {"desc": "pattern_9", "image": "images[8]"}}, "initial_stage": "planning", "hide_states": false, "hide_rewards_while_acting": false, "hide_edges_while_acting": false, "gaze_contingent": false, "gaze_tolerance": 1.5, "fixation_lag": 0.5, "start": 7}
2024-09-08 17:28:11,251 [INFO]  <eyetracking.EyeLink object at 0x16d719280>
2024-09-08 17:28:11,251 [DEBUG]  GraphTrial.log 906.614 begin drift_check 
2024-09-08 17:28:13,969 [DEBUG]  GraphTrial.log 909.332 initialize status = None
2024-09-08 17:28:13,970 [DEBUG]  GraphTrial.log 909.332 start recording 
2024-09-08 17:28:13,970 [INFO]  start_recording
2024-09-08 17:28:14,095 [DEBUG]  GraphTrial.log 909.458 show graph 
2024-09-08 17:28:14,104 [DEBUG]  STREAM b'IHDR' 16 13
2024-09-08 17:28:14,104 [DEBUG]  STREAM b'IDAT' 41 65536
2024-09-08 17:28:14,117 [DEBUG]  STREAM b'IHDR' 16 13
2024-09-08 17:28:14,117 [DEBUG]  STREAM b'IDAT' 41 65536
2024-09-08 17:28:14,127 [DEBUG]  STREAM b'IHDR' 16 13
2024-09-08 17:28:14,127 [DEBUG]  STREAM b'IDAT' 41 65536
2024-09-08 17:28:14,135 [DEBUG]  STREAM b'IHDR' 16 13
2024-09-08 17:28:14,135 [DEBUG]  STREAM b'IDAT' 41 65536
2024-09-08 17:28:14,144 [DEBUG]  STREAM b'IHDR' 16 13
2024-09-08 17:28:14,144 [DEBUG]  STREAM b'IDAT' 41 65536
2024-09-08 17:28:14,151 [DEBUG]  STREAM b'IHDR' 16 13
2024-09-08 17:28:14,151 [DEBUG]  STREAM b'IDAT' 41 65536
2024-09-08 17:28:14,157 [DEBUG]  STREAM b'IHDR' 16 13
2024-09-08 17:28:14,157 [DEBUG]  STREAM b'IDAT' 41 65536
2024-09-08 17:28:14,162 [DEBUG]  STREAM b'IHDR' 16 13
2024-09-08 17:28:14,162 [DEBUG]  STREAM b'IDAT' 41 65536
2024-09-08 17:28:14,169 [DEBUG]  STREAM b'IHDR' 16 13
2024-09-08 17:28:14,169 [DEBUG]  STREAM b'IDAT' 41 65536
2024-09-08 17:28:14,175 [DEBUG]  STREAM b'IHDR' 16 13
2024-09-08 17:28:14,175 [DEBUG]  STREAM b'IDAT' 41 65536
2024-09-08 17:28:14,180 [DEBUG]  STREAM b'IHDR' 16 13
2024-09-08 17:28:14,180 [DEBUG]  STREAM b'IDAT' 41 65536
2024-09-08 17:28:14,185 [DEBUG]  STREAM b'IHDR' 16 13
2024-09-08 17:28:14,185 [DEBUG]  STREAM b'IDAT' 41 65536
2024-09-08 17:28:14,191 [DEBUG]  STREAM b'IHDR' 16 13
2024-09-08 17:28:14,191 [DEBUG]  STREAM b'IDAT' 41 65536
2024-09-08 17:28:14,196 [DEBUG]  STREAM b'IHDR' 16 13
2024-09-08 17:28:14,196 [DEBUG]  STREAM b'IDAT' 41 65536
2024-09-08 17:28:14,200 [DEBUG]  STREAM b'IHDR' 16 13
2024-09-08 17:28:14,200 [DEBUG]  STREAM b'IDAT' 41 65536
2024-09-08 17:28:14,204 [DEBUG]  STREAM b'IHDR' 16 13
2024-09-08 17:28:14,204 [DEBUG]  STREAM b'IDAT' 41 65536
2024-09-08 17:28:14,210 [DEBUG]  STREAM b'IHDR' 16 13
2024-09-08 17:28:14,210 [DEBUG]  STREAM b'IDAT' 41 65536
2024-09-08 17:28:14,214 [DEBUG]  STREAM b'IHDR' 16 13
2024-09-08 17:28:14,214 [DEBUG]  STREAM b'IDAT' 41 65536
2024-09-08 17:28:14,218 [DEBUG]  STREAM b'IHDR' 16 13
2024-09-08 17:28:14,218 [DEBUG]  STREAM b'IDAT' 41 65536
2024-09-08 17:28:14,222 [DEBUG]  STREAM b'IHDR' 16 13
2024-09-08 17:28:14,222 [DEBUG]  STREAM b'IDAT' 41 65536
2024-09-08 17:28:14,228 [DEBUG]  STREAM b'IHDR' 16 13
2024-09-08 17:28:14,228 [DEBUG]  STREAM b'IDAT' 41 65536
2024-09-08 17:28:14,232 [DEBUG]  STREAM b'IHDR' 16 13
2024-09-08 17:28:14,232 [DEBUG]  STREAM b'IDAT' 41 65536
2024-09-08 17:28:14,236 [DEBUG]  STREAM b'IHDR' 16 13
2024-09-08 17:28:14,236 [DEBUG]  STREAM b'IDAT' 41 65536
2024-09-08 17:28:14,240 [DEBUG]  STREAM b'IHDR' 16 13
2024-09-08 17:28:14,240 [DEBUG]  STREAM b'IDAT' 41 65536
2024-09-08 17:28:14,246 [DEBUG]  STREAM b'IHDR' 16 13
2024-09-08 17:28:14,246 [DEBUG]  STREAM b'IDAT' 41 65536
2024-09-08 17:28:14,251 [DEBUG]  STREAM b'IHDR' 16 13
2024-09-08 17:28:14,251 [DEBUG]  STREAM b'IDAT' 41 65536
2024-09-08 17:28:14,256 [DEBUG]  STREAM b'IHDR' 16 13
2024-09-08 17:28:14,256 [DEBUG]  STREAM b'IDAT' 41 65536
2024-09-08 17:28:14,260 [DEBUG]  STREAM b'IHDR' 16 13
2024-09-08 17:28:14,260 [DEBUG]  STREAM b'IDAT' 41 65536
2024-09-08 17:28:14,267 [DEBUG]  STREAM b'IHDR' 16 13
2024-09-08 17:28:14,267 [DEBUG]  STREAM b'IDAT' 41 65536
2024-09-08 17:28:14,271 [DEBUG]  STREAM b'IHDR' 16 13
2024-09-08 17:28:14,271 [DEBUG]  STREAM b'IDAT' 41 65536
2024-09-08 17:28:14,275 [DEBUG]  STREAM b'IHDR' 16 13
2024-09-08 17:28:14,275 [DEBUG]  STREAM b'IDAT' 41 65536
2024-09-08 17:28:14,279 [DEBUG]  STREAM b'IHDR' 16 13
2024-09-08 17:28:14,279 [DEBUG]  STREAM b'IDAT' 41 65536
2024-09-08 17:28:14,285 [DEBUG]  STREAM b'IHDR' 16 13
2024-09-08 17:28:14,285 [DEBUG]  STREAM b'IDAT' 41 65536
2024-09-08 17:28:14,289 [DEBUG]  STREAM b'IHDR' 16 13
2024-09-08 17:28:14,289 [DEBUG]  STREAM b'IDAT' 41 65536
2024-09-08 17:28:14,294 [DEBUG]  STREAM b'IHDR' 16 13
2024-09-08 17:28:14,294 [DEBUG]  STREAM b'IDAT' 41 65536
2024-09-08 17:28:14,298 [DEBUG]  STREAM b'IHDR' 16 13
2024-09-08 17:28:14,298 [DEBUG]  STREAM b'IDAT' 41 65536
2024-09-08 17:28:14,304 [DEBUG]  STREAM b'IHDR' 16 13
2024-09-08 17:28:14,304 [DEBUG]  STREAM b'IDAT' 41 65536
2024-09-08 17:28:14,308 [DEBUG]  STREAM b'IHDR' 16 13
2024-09-08 17:28:14,308 [DEBUG]  STREAM b'IDAT' 41 65536
2024-09-08 17:28:14,312 [DEBUG]  STREAM b'IHDR' 16 13
2024-09-08 17:28:14,312 [DEBUG]  STREAM b'IDAT' 41 65536
2024-09-08 17:28:14,316 [DEBUG]  STREAM b'IHDR' 16 13
2024-09-08 17:28:14,316 [DEBUG]  STREAM b'IDAT' 41 65536
2024-09-08 17:28:14,326 [DEBUG]  GraphTrial.log 909.689 visit state = 7
2024-09-08 17:28:14,331 [DEBUG]  GraphTrial.log 909.694 start flip_time = 909.693580375053
2024-09-08 17:28:14,337 [DEBUG]  GraphTrial.log 909.700 get move selected = 9
2024-09-08 17:28:17,043 [DEBUG]  GraphTrial.log 912.406 select selected = 9
2024-09-08 17:28:17,043 [DEBUG]  GraphTrial.log 912.406 visit state = 9
2024-09-08 17:28:17,066 [DEBUG]  GraphTrial.log 912.429 get move selected = 6
2024-09-08 17:28:17,755 [DEBUG]  GraphTrial.log 913.118 select selected = 6
2024-09-08 17:28:17,755 [DEBUG]  GraphTrial.log 913.118 visit state = 6
2024-09-08 17:28:19,598 [DEBUG]  GraphTrial.log 914.961 done 
2024-09-08 17:28:19,599 [INFO]  end trial [{"time": 906.6140448334627, "event": "begin drift_check"}, {"time": 909.3322457917966, "event": "initialize", "status": null}, {"time": 909.3324439167045, "event": "start recording"}, {"time": 909.4579140418209, "event": "show graph"}, {"time": 909.6886475000065, "event": "visit", "state": 7}, {"time": 909.6935953749344, "event": "start", "flip_time": 909.693580375053}, {"time": 909.6995032085106, "event": "get move", "selected": 9}, {"time": 912.4059602499474, "event": "select", "selected": 9}, {"time": 912.4061110834591, "event": "visit", "state": 9}, {"time": 912.4290140001103, "event": "get move", "selected": 6}, {"time": 913.1177716250531, "event": "select", "selected": 6}, {"time": 913.1178432086017, "event": "visit", "state": 6}, {"time": 914.9612076249905, "event": "done"}]
2024-09-08 17:28:19,599 [INFO]  stop_recording
2024-09-08 17:28:19,615 [INFO]  gt.status is None
2024-09-08 17:28:19,615 [DEBUG]  add bonus points 6 (total = 186)
2024-09-08 17:28:19,615 [INFO]  Trial 41 of 260
2024-09-08 17:28:19,915 [INFO]  begin trial {"kind": "GraphTrial", "graph": [[], [10, 2], [4], [], [], [3, 6], [0], [5, 3], [], [], [9, 8]], "rewards": [-1, null, -2, -3, -4, 2, -3, -4, -2, 0, -2], "reward_info": {"-4": {"desc": "pattern_1", "image": "images[0]"}, "-3": {"desc": "pattern_2", "image": "images[1]"}, "-2": {"desc": "pattern_3", "image": "images[2]"}, "-1": {"desc": "pattern_4", "image": "images[3]"}, "0": {"desc": "pattern_5", "image": "images[4]"}, "1": {"desc": "pattern_6", "image": "images[5]"}, "2": {"desc": "pattern_7", "image": "images[6]"}, "3": {"desc": "pattern_8", "image": "images[7]"}, "4": {"desc": "pattern_9", "image": "images[8]"}}, "initial_stage": "planning", "hide_states": false, "hide_rewards_while_acting": false, "hide_edges_while_acting": false, "gaze_contingent": false, "gaze_tolerance": 1.5, "fixation_lag": 0.5, "start": 1}
2024-09-08 17:28:19,915 [INFO]  <eyetracking.EyeLink object at 0x16d719280>
2024-09-08 17:28:19,915 [DEBUG]  GraphTrial.log 915.278 begin drift_check 
2024-09-08 17:28:22,148 [DEBUG]  GraphTrial.log 917.511 initialize status = None
2024-09-08 17:28:22,149 [DEBUG]  GraphTrial.log 917.511 start recording 
2024-09-08 17:28:22,149 [INFO]  start_recording
2024-09-08 17:28:22,275 [DEBUG]  GraphTrial.log 917.637 show graph 
2024-09-08 17:28:22,283 [DEBUG]  STREAM b'IHDR' 16 13
2024-09-08 17:28:22,283 [DEBUG]  STREAM b'IDAT' 41 65536
2024-09-08 17:28:22,296 [DEBUG]  STREAM b'IHDR' 16 13
2024-09-08 17:28:22,296 [DEBUG]  STREAM b'IDAT' 41 65536
2024-09-08 17:28:22,305 [DEBUG]  STREAM b'IHDR' 16 13
2024-09-08 17:28:22,305 [DEBUG]  STREAM b'IDAT' 41 65536
2024-09-08 17:28:22,313 [DEBUG]  STREAM b'IHDR' 16 13
2024-09-08 17:28:22,313 [DEBUG]  STREAM b'IDAT' 41 65536
2024-09-08 17:28:22,324 [DEBUG]  STREAM b'IHDR' 16 13
2024-09-08 17:28:22,324 [DEBUG]  STREAM b'IDAT' 41 65536
2024-09-08 17:28:22,330 [DEBUG]  STREAM b'IHDR' 16 13
2024-09-08 17:28:22,330 [DEBUG]  STREAM b'IDAT' 41 65536
2024-09-08 17:28:22,335 [DEBUG]  STREAM b'IHDR' 16 13
2024-09-08 17:28:22,335 [DEBUG]  STREAM b'IDAT' 41 65536
2024-09-08 17:28:22,341 [DEBUG]  STREAM b'IHDR' 16 13
2024-09-08 17:28:22,341 [DEBUG]  STREAM b'IDAT' 41 65536
2024-09-08 17:28:22,348 [DEBUG]  STREAM b'IHDR' 16 13
2024-09-08 17:28:22,348 [DEBUG]  STREAM b'IDAT' 41 65536
2024-09-08 17:28:22,354 [DEBUG]  STREAM b'IHDR' 16 13
2024-09-08 17:28:22,354 [DEBUG]  STREAM b'IDAT' 41 65536
2024-09-08 17:28:22,358 [DEBUG]  STREAM b'IHDR' 16 13
2024-09-08 17:28:22,358 [DEBUG]  STREAM b'IDAT' 41 65536
2024-09-08 17:28:22,363 [DEBUG]  STREAM b'IHDR' 16 13
2024-09-08 17:28:22,363 [DEBUG]  STREAM b'IDAT' 41 65536
2024-09-08 17:28:22,369 [DEBUG]  STREAM b'IHDR' 16 13
2024-09-08 17:28:22,369 [DEBUG]  STREAM b'IDAT' 41 65536
2024-09-08 17:28:22,373 [DEBUG]  STREAM b'IHDR' 16 13
2024-09-08 17:28:22,373 [DEBUG]  STREAM b'IDAT' 41 65536
2024-09-08 17:28:22,377 [DEBUG]  STREAM b'IHDR' 16 13
2024-09-08 17:28:22,378 [DEBUG]  STREAM b'IDAT' 41 65536
2024-09-08 17:28:22,382 [DEBUG]  STREAM b'IHDR' 16 13
2024-09-08 17:28:22,382 [DEBUG]  STREAM b'IDAT' 41 65536
2024-09-08 17:28:22,387 [DEBUG]  STREAM b'IHDR' 16 13
2024-09-08 17:28:22,387 [DEBUG]  STREAM b'IDAT' 41 65536
2024-09-08 17:28:22,392 [DEBUG]  STREAM b'IHDR' 16 13
2024-09-08 17:28:22,392 [DEBUG]  STREAM b'IDAT' 41 65536
2024-09-08 17:28:22,396 [DEBUG]  STREAM b'IHDR' 16 13
2024-09-08 17:28:22,396 [DEBUG]  STREAM b'IDAT' 41 65536
2024-09-08 17:28:22,401 [DEBUG]  STREAM b'IHDR' 16 13
2024-09-08 17:28:22,401 [DEBUG]  STREAM b'IDAT' 41 65536
2024-09-08 17:28:22,406 [DEBUG]  STREAM b'IHDR' 16 13
2024-09-08 17:28:22,406 [DEBUG]  STREAM b'IDAT' 41 65536
2024-09-08 17:28:22,411 [DEBUG]  STREAM b'IHDR' 16 13
2024-09-08 17:28:22,411 [DEBUG]  STREAM b'IDAT' 41 65536
2024-09-08 17:28:22,415 [DEBUG]  STREAM b'IHDR' 16 13
2024-09-08 17:28:22,415 [DEBUG]  STREAM b'IDAT' 41 65536
2024-09-08 17:28:22,419 [DEBUG]  STREAM b'IHDR' 16 13
2024-09-08 17:28:22,419 [DEBUG]  STREAM b'IDAT' 41 65536
2024-09-08 17:28:22,424 [DEBUG]  STREAM b'IHDR' 16 13
2024-09-08 17:28:22,424 [DEBUG]  STREAM b'IDAT' 41 65536
2024-09-08 17:28:22,428 [DEBUG]  STREAM b'IHDR' 16 13
2024-09-08 17:28:22,429 [DEBUG]  STREAM b'IDAT' 41 65536
2024-09-08 17:28:22,433 [DEBUG]  STREAM b'IHDR' 16 13
2024-09-08 17:28:22,433 [DEBUG]  STREAM b'IDAT' 41 65536
2024-09-08 17:28:22,437 [DEBUG]  STREAM b'IHDR' 16 13
2024-09-08 17:28:22,437 [DEBUG]  STREAM b'IDAT' 41 65536
2024-09-08 17:28:22,442 [DEBUG]  STREAM b'IHDR' 16 13
2024-09-08 17:28:22,442 [DEBUG]  STREAM b'IDAT' 41 65536
2024-09-08 17:28:22,446 [DEBUG]  STREAM b'IHDR' 16 13
2024-09-08 17:28:22,446 [DEBUG]  STREAM b'IDAT' 41 65536
2024-09-08 17:28:22,450 [DEBUG]  STREAM b'IHDR' 16 13
2024-09-08 17:28:22,451 [DEBUG]  STREAM b'IDAT' 41 65536
2024-09-08 17:28:22,455 [DEBUG]  STREAM b'IHDR' 16 13
2024-09-08 17:28:22,455 [DEBUG]  STREAM b'IDAT' 41 65536
2024-09-08 17:28:22,460 [DEBUG]  STREAM b'IHDR' 16 13
2024-09-08 17:28:22,460 [DEBUG]  STREAM b'IDAT' 41 65536
2024-09-08 17:28:22,465 [DEBUG]  STREAM b'IHDR' 16 13
2024-09-08 17:28:22,465 [DEBUG]  STREAM b'IDAT' 41 65536
2024-09-08 17:28:22,469 [DEBUG]  STREAM b'IHDR' 16 13
2024-09-08 17:28:22,469 [DEBUG]  STREAM b'IDAT' 41 65536
2024-09-08 17:28:22,473 [DEBUG]  STREAM b'IHDR' 16 13
2024-09-08 17:28:22,473 [DEBUG]  STREAM b'IDAT' 41 65536
2024-09-08 17:28:22,479 [DEBUG]  STREAM b'IHDR' 16 13
2024-09-08 17:28:22,479 [DEBUG]  STREAM b'IDAT' 41 65536
2024-09-08 17:28:22,483 [DEBUG]  STREAM b'IHDR' 16 13
2024-09-08 17:28:22,483 [DEBUG]  STREAM b'IDAT' 41 65536
2024-09-08 17:28:22,487 [DEBUG]  STREAM b'IHDR' 16 13
2024-09-08 17:28:22,487 [DEBUG]  STREAM b'IDAT' 41 65536
2024-09-08 17:28:22,491 [DEBUG]  STREAM b'IHDR' 16 13
2024-09-08 17:28:22,491 [DEBUG]  STREAM b'IDAT' 41 65536
2024-09-08 17:28:22,501 [DEBUG]  GraphTrial.log 917.864 visit state = 1
2024-09-08 17:28:22,507 [DEBUG]  GraphTrial.log 917.870 start flip_time = 917.869492250029
2024-09-08 17:28:22,512 [DEBUG]  GraphTrial.log 917.874 get move selected = 2
2024-09-08 17:28:30,996 [DEBUG]  GraphTrial.log 926.359 switch selected = 10
2024-09-08 17:28:32,163 [DEBUG]  GraphTrial.log 927.526 select selected = 10
2024-09-08 17:28:32,163 [DEBUG]  GraphTrial.log 927.526 visit state = 10
2024-09-08 17:28:32,173 [DEBUG]  GraphTrial.log 927.536 get move selected = 9
2024-09-08 17:28:32,619 [DEBUG]  GraphTrial.log 927.982 select selected = 9
2024-09-08 17:28:32,619 [DEBUG]  GraphTrial.log 927.982 visit state = 9
2024-09-08 17:28:34,463 [DEBUG]  GraphTrial.log 929.826 done 
2024-09-08 17:28:34,464 [INFO]  end trial [{"time": 915.2779945416842, "event": "begin drift_check"}, {"time": 917.5111282917205, "event": "initialize", "status": null}, {"time": 917.5114688335452, "event": "start recording"}, {"time": 917.637466708431, "event": "show graph"}, {"time": 917.8641281668097, "event": "visit", "state": 1}, {"time": 917.869513791753, "event": "start", "flip_time": 917.869492250029}, {"time": 917.8744310000911, "event": "get move", "selected": 2}, {"time": 926.3587737085763, "event": "switch", "selected": 10}, {"time": 927.5258744584862, "event": "select", "selected": 10}, {"time": 927.5259901250247, "event": "visit", "state": 10}, {"time": 927.5356558749918, "event": "get move", "selected": 9}, {"time": 927.9816833334044, "event": "select", "selected": 9}, {"time": 927.9817586666904, "event": "visit", "state": 9}, {"time": 929.8262281666975, "event": "done"}]
2024-09-08 17:28:34,464 [INFO]  stop_recording
2024-09-08 17:28:34,480 [INFO]  gt.status is None
2024-09-08 17:28:34,480 [DEBUG]  add bonus points -2 (total = 184)
2024-09-08 17:28:34,480 [INFO]  Trial 42 of 260
2024-09-08 17:28:35,515 [INFO]  begin trial {"kind": "GraphTrial", "graph": [[4, 8], [], [9, 3], [], [8, 6], [7, 2], [], [1, 10], [], [], []], "rewards": [-2, -3, -4, -1, -2, null, -2, 4, 4, -4, 3], "reward_info": {"-4": {"desc": "pattern_1", "image": "images[0]"}, "-3": {"desc": "pattern_2", "image": "images[1]"}, "-2": {"desc": "pattern_3", "image": "images[2]"}, "-1": {"desc": "pattern_4", "image": "images[3]"}, "0": {"desc": "pattern_5", "image": "images[4]"}, "1": {"desc": "pattern_6", "image": "images[5]"}, "2": {"desc": "pattern_7", "image": "images[6]"}, "3": {"desc": "pattern_8", "image": "images[7]"}, "4": {"desc": "pattern_9", "image": "images[8]"}}, "initial_stage": "planning", "hide_states": false, "hide_rewards_while_acting": false, "hide_edges_while_acting": false, "gaze_contingent": false, "gaze_tolerance": 1.5, "fixation_lag": 0.5, "start": 5}
2024-09-08 17:28:35,515 [INFO]  <eyetracking.EyeLink object at 0x16d719280>
2024-09-08 17:28:35,515 [DEBUG]  GraphTrial.log 930.877 begin drift_check 
2024-09-08 17:28:50,131 [DEBUG]  GraphTrial.log 945.493 initialize status = None
2024-09-08 17:28:50,131 [DEBUG]  GraphTrial.log 945.493 start recording 
2024-09-08 17:28:50,131 [INFO]  start_recording
2024-09-08 17:28:50,258 [DEBUG]  GraphTrial.log 945.621 show graph 
2024-09-08 17:28:50,267 [DEBUG]  STREAM b'IHDR' 16 13
2024-09-08 17:28:50,267 [DEBUG]  STREAM b'IDAT' 41 65536
2024-09-08 17:28:50,280 [DEBUG]  STREAM b'IHDR' 16 13
2024-09-08 17:28:50,280 [DEBUG]  STREAM b'IDAT' 41 65536
2024-09-08 17:28:50,290 [DEBUG]  STREAM b'IHDR' 16 13
2024-09-08 17:28:50,290 [DEBUG]  STREAM b'IDAT' 41 65536
2024-09-08 17:28:50,298 [DEBUG]  STREAM b'IHDR' 16 13
2024-09-08 17:28:50,298 [DEBUG]  STREAM b'IDAT' 41 65536
2024-09-08 17:28:50,308 [DEBUG]  STREAM b'IHDR' 16 13
2024-09-08 17:28:50,308 [DEBUG]  STREAM b'IDAT' 41 65536
2024-09-08 17:28:50,314 [DEBUG]  STREAM b'IHDR' 16 13
2024-09-08 17:28:50,314 [DEBUG]  STREAM b'IDAT' 41 65536
2024-09-08 17:28:50,320 [DEBUG]  STREAM b'IHDR' 16 13
2024-09-08 17:28:50,320 [DEBUG]  STREAM b'IDAT' 41 65536
2024-09-08 17:28:50,325 [DEBUG]  STREAM b'IHDR' 16 13
2024-09-08 17:28:50,325 [DEBUG]  STREAM b'IDAT' 41 65536
2024-09-08 17:28:50,332 [DEBUG]  STREAM b'IHDR' 16 13
2024-09-08 17:28:50,332 [DEBUG]  STREAM b'IDAT' 41 65536
2024-09-08 17:28:50,337 [DEBUG]  STREAM b'IHDR' 16 13
2024-09-08 17:28:50,337 [DEBUG]  STREAM b'IDAT' 41 65536
2024-09-08 17:28:50,342 [DEBUG]  STREAM b'IHDR' 16 13
2024-09-08 17:28:50,342 [DEBUG]  STREAM b'IDAT' 41 65536
2024-09-08 17:28:50,347 [DEBUG]  STREAM b'IHDR' 16 13
2024-09-08 17:28:50,347 [DEBUG]  STREAM b'IDAT' 41 65536
2024-09-08 17:28:50,353 [DEBUG]  STREAM b'IHDR' 16 13
2024-09-08 17:28:50,353 [DEBUG]  STREAM b'IDAT' 41 65536
2024-09-08 17:28:50,357 [DEBUG]  STREAM b'IHDR' 16 13
2024-09-08 17:28:50,357 [DEBUG]  STREAM b'IDAT' 41 65536
2024-09-08 17:28:50,361 [DEBUG]  STREAM b'IHDR' 16 13
2024-09-08 17:28:50,361 [DEBUG]  STREAM b'IDAT' 41 65536
2024-09-08 17:28:50,365 [DEBUG]  STREAM b'IHDR' 16 13
2024-09-08 17:28:50,365 [DEBUG]  STREAM b'IDAT' 41 65536
2024-09-08 17:28:50,371 [DEBUG]  STREAM b'IHDR' 16 13
2024-09-08 17:28:50,371 [DEBUG]  STREAM b'IDAT' 41 65536
2024-09-08 17:28:50,375 [DEBUG]  STREAM b'IHDR' 16 13
2024-09-08 17:28:50,375 [DEBUG]  STREAM b'IDAT' 41 65536
2024-09-08 17:28:50,379 [DEBUG]  STREAM b'IHDR' 16 13
2024-09-08 17:28:50,379 [DEBUG]  STREAM b'IDAT' 41 65536
2024-09-08 17:28:50,383 [DEBUG]  STREAM b'IHDR' 16 13
2024-09-08 17:28:50,383 [DEBUG]  STREAM b'IDAT' 41 65536
2024-09-08 17:28:50,390 [DEBUG]  STREAM b'IHDR' 16 13
2024-09-08 17:28:50,390 [DEBUG]  STREAM b'IDAT' 41 65536
2024-09-08 17:28:50,394 [DEBUG]  STREAM b'IHDR' 16 13
2024-09-08 17:28:50,394 [DEBUG]  STREAM b'IDAT' 41 65536
2024-09-08 17:28:50,398 [DEBUG]  STREAM b'IHDR' 16 13
2024-09-08 17:28:50,398 [DEBUG]  STREAM b'IDAT' 41 65536
2024-09-08 17:28:50,402 [DEBUG]  STREAM b'IHDR' 16 13
2024-09-08 17:28:50,402 [DEBUG]  STREAM b'IDAT' 41 65536
2024-09-08 17:28:50,407 [DEBUG]  STREAM b'IHDR' 16 13
2024-09-08 17:28:50,407 [DEBUG]  STREAM b'IDAT' 41 65536
2024-09-08 17:28:50,412 [DEBUG]  STREAM b'IHDR' 16 13
2024-09-08 17:28:50,412 [DEBUG]  STREAM b'IDAT' 41 65536
2024-09-08 17:28:50,416 [DEBUG]  STREAM b'IHDR' 16 13
2024-09-08 17:28:50,416 [DEBUG]  STREAM b'IDAT' 41 65536
2024-09-08 17:28:50,421 [DEBUG]  STREAM b'IHDR' 16 13
2024-09-08 17:28:50,421 [DEBUG]  STREAM b'IDAT' 41 65536
2024-09-08 17:28:50,426 [DEBUG]  STREAM b'IHDR' 16 13
2024-09-08 17:28:50,426 [DEBUG]  STREAM b'IDAT' 41 65536
2024-09-08 17:28:50,431 [DEBUG]  STREAM b'IHDR' 16 13
2024-09-08 17:28:50,431 [DEBUG]  STREAM b'IDAT' 41 65536
2024-09-08 17:28:50,435 [DEBUG]  STREAM b'IHDR' 16 13
2024-09-08 17:28:50,435 [DEBUG]  STREAM b'IDAT' 41 65536
2024-09-08 17:28:50,440 [DEBUG]  STREAM b'IHDR' 16 13
2024-09-08 17:28:50,440 [DEBUG]  STREAM b'IDAT' 41 65536
2024-09-08 17:28:50,446 [DEBUG]  STREAM b'IHDR' 16 13
2024-09-08 17:28:50,446 [DEBUG]  STREAM b'IDAT' 41 65536
2024-09-08 17:28:50,450 [DEBUG]  STREAM b'IHDR' 16 13
2024-09-08 17:28:50,450 [DEBUG]  STREAM b'IDAT' 41 65536
2024-09-08 17:28:50,454 [DEBUG]  STREAM b'IHDR' 16 13
2024-09-08 17:28:50,454 [DEBUG]  STREAM b'IDAT' 41 65536
2024-09-08 17:28:50,458 [DEBUG]  STREAM b'IHDR' 16 13
2024-09-08 17:28:50,458 [DEBUG]  STREAM b'IDAT' 41 65536
2024-09-08 17:28:50,463 [DEBUG]  STREAM b'IHDR' 16 13
2024-09-08 17:28:50,463 [DEBUG]  STREAM b'IDAT' 41 65536
2024-09-08 17:28:50,468 [DEBUG]  STREAM b'IHDR' 16 13
2024-09-08 17:28:50,468 [DEBUG]  STREAM b'IDAT' 41 65536
2024-09-08 17:28:50,472 [DEBUG]  STREAM b'IHDR' 16 13
2024-09-08 17:28:50,472 [DEBUG]  STREAM b'IDAT' 41 65536
2024-09-08 17:28:50,477 [DEBUG]  STREAM b'IHDR' 16 13
2024-09-08 17:28:50,477 [DEBUG]  STREAM b'IDAT' 41 65536
2024-09-08 17:28:50,487 [DEBUG]  GraphTrial.log 945.849 visit state = 5
2024-09-08 17:28:50,492 [DEBUG]  GraphTrial.log 945.854 start flip_time = 945.8544133750256
2024-09-08 17:28:50,499 [DEBUG]  GraphTrial.log 945.862 get move selected = 7
2024-09-08 17:28:53,827 [DEBUG]  GraphTrial.log 949.190 select selected = 7
2024-09-08 17:28:53,828 [DEBUG]  GraphTrial.log 949.190 visit state = 7
2024-09-08 17:28:53,847 [DEBUG]  GraphTrial.log 949.210 get move selected = 10
2024-09-08 17:28:54,267 [DEBUG]  GraphTrial.log 949.630 select selected = 10
2024-09-08 17:28:54,267 [DEBUG]  GraphTrial.log 949.630 visit state = 10
2024-09-08 17:28:56,147 [DEBUG]  GraphTrial.log 951.510 done 
2024-09-08 17:28:56,147 [INFO]  end trial [{"time": 930.8773867499549, "event": "begin drift_check"}, {"time": 945.4932652916759, "event": "initialize", "status": null}, {"time": 945.493462958606, "event": "start recording"}, {"time": 945.6207411249634, "event": "show graph"}, {"time": 945.8494800417684, "event": "visit", "state": 5}, {"time": 945.8544294168241, "event": "start", "flip_time": 945.8544133750256}, {"time": 945.8617515834048, "event": "get move", "selected": 7}, {"time": 949.190124791814, "event": "select", "selected": 7}, {"time": 949.1902107500937, "event": "visit", "state": 7}, {"time": 949.2097320000175, "event": "get move", "selected": 10}, {"time": 949.6296855418477, "event": "select", "selected": 10}, {"time": 949.6297462501097, "event": "visit", "state": 10}, {"time": 951.5097429584712, "event": "done"}]
2024-09-08 17:28:56,147 [INFO]  stop_recording
2024-09-08 17:28:56,164 [INFO]  gt.status is None
2024-09-08 17:28:56,164 [DEBUG]  add bonus points 7 (total = 191)
2024-09-08 17:28:56,164 [INFO]  Trial 43 of 260
2024-09-08 17:28:56,387 [INFO]  begin trial {"kind": "GraphTrial", "graph": [[6, 10], [5, 3], [], [], [], [3, 8], [7, 4], [], [2], [], [9]], "rewards": [null, 4, -4, -4, 0, -2, 1, -2, 3, 3, 3], "reward_info": {"-4": {"desc": "pattern_1", "image": "images[0]"}, "-3": {"desc": "pattern_2", "image": "images[1]"}, "-2": {"desc": "pattern_3", "image": "images[2]"}, "-1": {"desc": "pattern_4", "image": "images[3]"}, "0": {"desc": "pattern_5", "image": "images[4]"}, "1": {"desc": "pattern_6", "image": "images[5]"}, "2": {"desc": "pattern_7", "image": "images[6]"}, "3": {"desc": "pattern_8", "image": "images[7]"}, "4": {"desc": "pattern_9", "image": "images[8]"}}, "initial_stage": "planning", "hide_states": false, "hide_rewards_while_acting": false, "hide_edges_while_acting": false, "gaze_contingent": false, "gaze_tolerance": 1.5, "fixation_lag": 0.5, "start": 0}
2024-09-08 17:28:56,387 [INFO]  <eyetracking.EyeLink object at 0x16d719280>
2024-09-08 17:28:56,388 [DEBUG]  GraphTrial.log 951.750 begin drift_check 
2024-09-08 17:28:57,865 [DEBUG]  GraphTrial.log 953.228 initialize status = None
2024-09-08 17:28:57,865 [DEBUG]  GraphTrial.log 953.228 start recording 
2024-09-08 17:28:57,865 [INFO]  start_recording
2024-09-08 17:28:57,990 [DEBUG]  GraphTrial.log 953.353 show graph 
2024-09-08 17:28:58,004 [DEBUG]  STREAM b'IHDR' 16 13
2024-09-08 17:28:58,004 [DEBUG]  STREAM b'IDAT' 41 65536
2024-09-08 17:28:58,017 [DEBUG]  STREAM b'IHDR' 16 13
2024-09-08 17:28:58,017 [DEBUG]  STREAM b'IDAT' 41 65536
2024-09-08 17:28:58,027 [DEBUG]  STREAM b'IHDR' 16 13
2024-09-08 17:28:58,027 [DEBUG]  STREAM b'IDAT' 41 65536
2024-09-08 17:28:58,035 [DEBUG]  STREAM b'IHDR' 16 13
2024-09-08 17:28:58,035 [DEBUG]  STREAM b'IDAT' 41 65536
2024-09-08 17:28:58,044 [DEBUG]  STREAM b'IHDR' 16 13
2024-09-08 17:28:58,044 [DEBUG]  STREAM b'IDAT' 41 65536
2024-09-08 17:28:58,050 [DEBUG]  STREAM b'IHDR' 16 13
2024-09-08 17:28:58,050 [DEBUG]  STREAM b'IDAT' 41 65536
2024-09-08 17:28:58,056 [DEBUG]  STREAM b'IHDR' 16 13
2024-09-08 17:28:58,056 [DEBUG]  STREAM b'IDAT' 41 65536
2024-09-08 17:28:58,061 [DEBUG]  STREAM b'IHDR' 16 13
2024-09-08 17:28:58,061 [DEBUG]  STREAM b'IDAT' 41 65536
2024-09-08 17:28:58,067 [DEBUG]  STREAM b'IHDR' 16 13
2024-09-08 17:28:58,067 [DEBUG]  STREAM b'IDAT' 41 65536
2024-09-08 17:28:58,072 [DEBUG]  STREAM b'IHDR' 16 13
2024-09-08 17:28:58,072 [DEBUG]  STREAM b'IDAT' 41 65536
2024-09-08 17:28:58,077 [DEBUG]  STREAM b'IHDR' 16 13
2024-09-08 17:28:58,077 [DEBUG]  STREAM b'IDAT' 41 65536
2024-09-08 17:28:58,081 [DEBUG]  STREAM b'IHDR' 16 13
2024-09-08 17:28:58,081 [DEBUG]  STREAM b'IDAT' 41 65536
2024-09-08 17:28:58,087 [DEBUG]  STREAM b'IHDR' 16 13
2024-09-08 17:28:58,087 [DEBUG]  STREAM b'IDAT' 41 65536
2024-09-08 17:28:58,091 [DEBUG]  STREAM b'IHDR' 16 13
2024-09-08 17:28:58,091 [DEBUG]  STREAM b'IDAT' 41 65536
2024-09-08 17:28:58,096 [DEBUG]  STREAM b'IHDR' 16 13
2024-09-08 17:28:58,096 [DEBUG]  STREAM b'IDAT' 41 65536
2024-09-08 17:28:58,100 [DEBUG]  STREAM b'IHDR' 16 13
2024-09-08 17:28:58,100 [DEBUG]  STREAM b'IDAT' 41 65536
2024-09-08 17:28:58,105 [DEBUG]  STREAM b'IHDR' 16 13
2024-09-08 17:28:58,105 [DEBUG]  STREAM b'IDAT' 41 65536
2024-09-08 17:28:58,109 [DEBUG]  STREAM b'IHDR' 16 13
2024-09-08 17:28:58,109 [DEBUG]  STREAM b'IDAT' 41 65536
2024-09-08 17:28:58,113 [DEBUG]  STREAM b'IHDR' 16 13
2024-09-08 17:28:58,113 [DEBUG]  STREAM b'IDAT' 41 65536
2024-09-08 17:28:58,117 [DEBUG]  STREAM b'IHDR' 16 13
2024-09-08 17:28:58,117 [DEBUG]  STREAM b'IDAT' 41 65536
2024-09-08 17:28:58,123 [DEBUG]  STREAM b'IHDR' 16 13
2024-09-08 17:28:58,123 [DEBUG]  STREAM b'IDAT' 41 65536
2024-09-08 17:28:58,127 [DEBUG]  STREAM b'IHDR' 16 13
2024-09-08 17:28:58,127 [DEBUG]  STREAM b'IDAT' 41 65536
2024-09-08 17:28:58,131 [DEBUG]  STREAM b'IHDR' 16 13
2024-09-08 17:28:58,131 [DEBUG]  STREAM b'IDAT' 41 65536
2024-09-08 17:28:58,135 [DEBUG]  STREAM b'IHDR' 16 13
2024-09-08 17:28:58,135 [DEBUG]  STREAM b'IDAT' 41 65536
2024-09-08 17:28:58,140 [DEBUG]  STREAM b'IHDR' 16 13
2024-09-08 17:28:58,140 [DEBUG]  STREAM b'IDAT' 41 65536
2024-09-08 17:28:58,144 [DEBUG]  STREAM b'IHDR' 16 13
2024-09-08 17:28:58,144 [DEBUG]  STREAM b'IDAT' 41 65536
2024-09-08 17:28:58,148 [DEBUG]  STREAM b'IHDR' 16 13
2024-09-08 17:28:58,148 [DEBUG]  STREAM b'IDAT' 41 65536
2024-09-08 17:28:58,152 [DEBUG]  STREAM b'IHDR' 16 13
2024-09-08 17:28:58,152 [DEBUG]  STREAM b'IDAT' 41 65536
2024-09-08 17:28:58,158 [DEBUG]  STREAM b'IHDR' 16 13
2024-09-08 17:28:58,158 [DEBUG]  STREAM b'IDAT' 41 65536
2024-09-08 17:28:58,162 [DEBUG]  STREAM b'IHDR' 16 13
2024-09-08 17:28:58,162 [DEBUG]  STREAM b'IDAT' 41 65536
2024-09-08 17:28:58,167 [DEBUG]  STREAM b'IHDR' 16 13
2024-09-08 17:28:58,167 [DEBUG]  STREAM b'IDAT' 41 65536
2024-09-08 17:28:58,171 [DEBUG]  STREAM b'IHDR' 16 13
2024-09-08 17:28:58,171 [DEBUG]  STREAM b'IDAT' 41 65536
2024-09-08 17:28:58,177 [DEBUG]  STREAM b'IHDR' 16 13
2024-09-08 17:28:58,177 [DEBUG]  STREAM b'IDAT' 41 65536
2024-09-08 17:28:58,181 [DEBUG]  STREAM b'IHDR' 16 13
2024-09-08 17:28:58,181 [DEBUG]  STREAM b'IDAT' 41 65536
2024-09-08 17:28:58,185 [DEBUG]  STREAM b'IHDR' 16 13
2024-09-08 17:28:58,186 [DEBUG]  STREAM b'IDAT' 41 65536
2024-09-08 17:28:58,190 [DEBUG]  STREAM b'IHDR' 16 13
2024-09-08 17:28:58,190 [DEBUG]  STREAM b'IDAT' 41 65536
2024-09-08 17:28:58,196 [DEBUG]  STREAM b'IHDR' 16 13
2024-09-08 17:28:58,196 [DEBUG]  STREAM b'IDAT' 41 65536
2024-09-08 17:28:58,200 [DEBUG]  STREAM b'IHDR' 16 13
2024-09-08 17:28:58,200 [DEBUG]  STREAM b'IDAT' 41 65536
2024-09-08 17:28:58,204 [DEBUG]  STREAM b'IHDR' 16 13
2024-09-08 17:28:58,204 [DEBUG]  STREAM b'IDAT' 41 65536
2024-09-08 17:28:58,209 [DEBUG]  STREAM b'IHDR' 16 13
2024-09-08 17:28:58,209 [DEBUG]  STREAM b'IDAT' 41 65536
2024-09-08 17:28:58,219 [DEBUG]  GraphTrial.log 953.581 visit state = 0
2024-09-08 17:28:58,224 [DEBUG]  GraphTrial.log 953.587 start flip_time = 953.5866529168561
2024-09-08 17:28:58,229 [DEBUG]  GraphTrial.log 953.591 get move selected = 10
2024-09-08 17:28:59,739 [DEBUG]  GraphTrial.log 955.102 select selected = 10
2024-09-08 17:28:59,740 [DEBUG]  GraphTrial.log 955.102 visit state = 10
2024-09-08 17:28:59,754 [DEBUG]  GraphTrial.log 955.116 get move selected = 9
2024-09-08 17:29:00,379 [DEBUG]  GraphTrial.log 955.742 select selected = 9
2024-09-08 17:29:00,379 [DEBUG]  GraphTrial.log 955.742 visit state = 9
2024-09-08 17:29:02,247 [DEBUG]  GraphTrial.log 957.609 done 
2024-09-08 17:29:02,247 [INFO]  end trial [{"time": 951.7501707084011, "event": "begin drift_check"}, {"time": 953.2276138749439, "event": "initialize", "status": null}, {"time": 953.2277706668247, "event": "start recording"}, {"time": 953.3530119999778, "event": "show graph"}, {"time": 953.581321625039, "event": "visit", "state": 0}, {"time": 953.5866675416473, "event": "start", "flip_time": 953.5866529168561}, {"time": 953.5913283335976, "event": "get move", "selected": 10}, {"time": 955.1021166667342, "event": "select", "selected": 10}, {"time": 955.1021927499678, "event": "visit", "state": 10}, {"time": 955.1162609586027, "event": "get move", "selected": 9}, {"time": 955.7417726248968, "event": "select", "selected": 9}, {"time": 955.7419035835192, "event": "visit", "state": 9}, {"time": 957.6094725835137, "event": "done"}]
2024-09-08 17:29:02,247 [INFO]  stop_recording
2024-09-08 17:29:02,264 [INFO]  gt.status is None
2024-09-08 17:29:02,264 [DEBUG]  add bonus points 6 (total = 197)
2024-09-08 17:29:02,264 [INFO]  Trial 44 of 260
2024-09-08 17:29:02,595 [INFO]  begin trial {"kind": "GraphTrial", "graph": [[10, 1], [], [5, 8], [4, 2], [7, 9], [], [], [], [], [], [1, 6]], "rewards": [-4, 1, 2, null, -4, 3, 1, -4, -4, -1, 1], "reward_info": {"-4": {"desc": "pattern_1", "image": "images[0]"}, "-3": {"desc": "pattern_2", "image": "images[1]"}, "-2": {"desc": "pattern_3", "image": "images[2]"}, "-1": {"desc": "pattern_4", "image": "images[3]"}, "0": {"desc": "pattern_5", "image": "images[4]"}, "1": {"desc": "pattern_6", "image": "images[5]"}, "2": {"desc": "pattern_7", "image": "images[6]"}, "3": {"desc": "pattern_8", "image": "images[7]"}, "4": {"desc": "pattern_9", "image": "images[8]"}}, "initial_stage": "planning", "hide_states": false, "hide_rewards_while_acting": false, "hide_edges_while_acting": false, "gaze_contingent": false, "gaze_tolerance": 1.5, "fixation_lag": 0.5, "start": 3}
2024-09-08 17:29:02,595 [INFO]  <eyetracking.EyeLink object at 0x16d719280>
2024-09-08 17:29:02,595 [DEBUG]  GraphTrial.log 957.958 begin drift_check 
2024-09-08 17:29:05,614 [DEBUG]  GraphTrial.log 960.977 initialize status = None
2024-09-08 17:29:05,615 [DEBUG]  GraphTrial.log 960.977 start recording 
2024-09-08 17:29:05,615 [INFO]  start_recording
2024-09-08 17:29:05,739 [DEBUG]  GraphTrial.log 961.102 show graph 
2024-09-08 17:29:05,748 [DEBUG]  STREAM b'IHDR' 16 13
2024-09-08 17:29:05,748 [DEBUG]  STREAM b'IDAT' 41 65536
2024-09-08 17:29:05,760 [DEBUG]  STREAM b'IHDR' 16 13
2024-09-08 17:29:05,760 [DEBUG]  STREAM b'IDAT' 41 65536
2024-09-08 17:29:05,770 [DEBUG]  STREAM b'IHDR' 16 13
2024-09-08 17:29:05,770 [DEBUG]  STREAM b'IDAT' 41 65536
2024-09-08 17:29:05,778 [DEBUG]  STREAM b'IHDR' 16 13
2024-09-08 17:29:05,778 [DEBUG]  STREAM b'IDAT' 41 65536
2024-09-08 17:29:05,787 [DEBUG]  STREAM b'IHDR' 16 13
2024-09-08 17:29:05,787 [DEBUG]  STREAM b'IDAT' 41 65536
2024-09-08 17:29:05,794 [DEBUG]  STREAM b'IHDR' 16 13
2024-09-08 17:29:05,794 [DEBUG]  STREAM b'IDAT' 41 65536
2024-09-08 17:29:05,800 [DEBUG]  STREAM b'IHDR' 16 13
2024-09-08 17:29:05,800 [DEBUG]  STREAM b'IDAT' 41 65536
2024-09-08 17:29:05,806 [DEBUG]  STREAM b'IHDR' 16 13
2024-09-08 17:29:05,806 [DEBUG]  STREAM b'IDAT' 41 65536
2024-09-08 17:29:05,813 [DEBUG]  STREAM b'IHDR' 16 13
2024-09-08 17:29:05,813 [DEBUG]  STREAM b'IDAT' 41 65536
2024-09-08 17:29:05,818 [DEBUG]  STREAM b'IHDR' 16 13
2024-09-08 17:29:05,818 [DEBUG]  STREAM b'IDAT' 41 65536
2024-09-08 17:29:05,823 [DEBUG]  STREAM b'IHDR' 16 13
2024-09-08 17:29:05,823 [DEBUG]  STREAM b'IDAT' 41 65536
2024-09-08 17:29:05,828 [DEBUG]  STREAM b'IHDR' 16 13
2024-09-08 17:29:05,828 [DEBUG]  STREAM b'IDAT' 41 65536
2024-09-08 17:29:05,835 [DEBUG]  STREAM b'IHDR' 16 13
2024-09-08 17:29:05,835 [DEBUG]  STREAM b'IDAT' 41 65536
2024-09-08 17:29:05,840 [DEBUG]  STREAM b'IHDR' 16 13
2024-09-08 17:29:05,840 [DEBUG]  STREAM b'IDAT' 41 65536
2024-09-08 17:29:05,844 [DEBUG]  STREAM b'IHDR' 16 13
2024-09-08 17:29:05,844 [DEBUG]  STREAM b'IDAT' 41 65536
2024-09-08 17:29:05,848 [DEBUG]  STREAM b'IHDR' 16 13
2024-09-08 17:29:05,848 [DEBUG]  STREAM b'IDAT' 41 65536
2024-09-08 17:29:05,853 [DEBUG]  STREAM b'IHDR' 16 13
2024-09-08 17:29:05,853 [DEBUG]  STREAM b'IDAT' 41 65536
2024-09-08 17:29:05,858 [DEBUG]  STREAM b'IHDR' 16 13
2024-09-08 17:29:05,858 [DEBUG]  STREAM b'IDAT' 41 65536
2024-09-08 17:29:05,862 [DEBUG]  STREAM b'IHDR' 16 13
2024-09-08 17:29:05,862 [DEBUG]  STREAM b'IDAT' 41 65536
2024-09-08 17:29:05,867 [DEBUG]  STREAM b'IHDR' 16 13
2024-09-08 17:29:05,867 [DEBUG]  STREAM b'IDAT' 41 65536
2024-09-08 17:29:05,872 [DEBUG]  STREAM b'IHDR' 16 13
2024-09-08 17:29:05,872 [DEBUG]  STREAM b'IDAT' 41 65536
2024-09-08 17:29:05,876 [DEBUG]  STREAM b'IHDR' 16 13
2024-09-08 17:29:05,876 [DEBUG]  STREAM b'IDAT' 41 65536
2024-09-08 17:29:05,880 [DEBUG]  STREAM b'IHDR' 16 13
2024-09-08 17:29:05,880 [DEBUG]  STREAM b'IDAT' 41 65536
2024-09-08 17:29:05,884 [DEBUG]  STREAM b'IHDR' 16 13
2024-09-08 17:29:05,884 [DEBUG]  STREAM b'IDAT' 41 65536
2024-09-08 17:29:05,890 [DEBUG]  STREAM b'IHDR' 16 13
2024-09-08 17:29:05,890 [DEBUG]  STREAM b'IDAT' 41 65536
2024-09-08 17:29:05,894 [DEBUG]  STREAM b'IHDR' 16 13
2024-09-08 17:29:05,894 [DEBUG]  STREAM b'IDAT' 41 65536
2024-09-08 17:29:05,898 [DEBUG]  STREAM b'IHDR' 16 13
2024-09-08 17:29:05,898 [DEBUG]  STREAM b'IDAT' 41 65536
2024-09-08 17:29:05,902 [DEBUG]  STREAM b'IHDR' 16 13
2024-09-08 17:29:05,902 [DEBUG]  STREAM b'IDAT' 41 65536
2024-09-08 17:29:05,908 [DEBUG]  STREAM b'IHDR' 16 13
2024-09-08 17:29:05,908 [DEBUG]  STREAM b'IDAT' 41 65536
2024-09-08 17:29:05,912 [DEBUG]  STREAM b'IHDR' 16 13
2024-09-08 17:29:05,912 [DEBUG]  STREAM b'IDAT' 41 65536
2024-09-08 17:29:05,916 [DEBUG]  STREAM b'IHDR' 16 13
2024-09-08 17:29:05,916 [DEBUG]  STREAM b'IDAT' 41 65536
2024-09-08 17:29:05,920 [DEBUG]  STREAM b'IHDR' 16 13
2024-09-08 17:29:05,920 [DEBUG]  STREAM b'IDAT' 41 65536
2024-09-08 17:29:05,926 [DEBUG]  STREAM b'IHDR' 16 13
2024-09-08 17:29:05,926 [DEBUG]  STREAM b'IDAT' 41 65536
2024-09-08 17:29:05,930 [DEBUG]  STREAM b'IHDR' 16 13
2024-09-08 17:29:05,930 [DEBUG]  STREAM b'IDAT' 41 65536
2024-09-08 17:29:05,934 [DEBUG]  STREAM b'IHDR' 16 13
2024-09-08 17:29:05,934 [DEBUG]  STREAM b'IDAT' 41 65536
2024-09-08 17:29:05,938 [DEBUG]  STREAM b'IHDR' 16 13
2024-09-08 17:29:05,938 [DEBUG]  STREAM b'IDAT' 41 65536
2024-09-08 17:29:05,943 [DEBUG]  STREAM b'IHDR' 16 13
2024-09-08 17:29:05,943 [DEBUG]  STREAM b'IDAT' 41 65536
2024-09-08 17:29:05,947 [DEBUG]  STREAM b'IHDR' 16 13
2024-09-08 17:29:05,948 [DEBUG]  STREAM b'IDAT' 41 65536
2024-09-08 17:29:05,951 [DEBUG]  STREAM b'IHDR' 16 13
2024-09-08 17:29:05,951 [DEBUG]  STREAM b'IDAT' 41 65536
2024-09-08 17:29:05,956 [DEBUG]  STREAM b'IHDR' 16 13
2024-09-08 17:29:05,956 [DEBUG]  STREAM b'IDAT' 41 65536
2024-09-08 17:29:05,965 [DEBUG]  GraphTrial.log 961.328 visit state = 3
2024-09-08 17:29:05,970 [DEBUG]  GraphTrial.log 961.333 start flip_time = 961.3329562500585
2024-09-08 17:29:05,975 [DEBUG]  GraphTrial.log 961.338 get move selected = 2
2024-09-08 17:29:11,172 [DEBUG]  GraphTrial.log 966.534 select selected = 2
2024-09-08 17:29:11,172 [DEBUG]  GraphTrial.log 966.534 visit state = 2
2024-09-08 17:29:11,191 [DEBUG]  GraphTrial.log 966.554 get move selected = 5
2024-09-08 17:29:11,939 [DEBUG]  GraphTrial.log 967.302 select selected = 5
2024-09-08 17:29:11,939 [DEBUG]  GraphTrial.log 967.302 visit state = 5
2024-09-08 17:29:13,797 [DEBUG]  GraphTrial.log 969.160 done 
2024-09-08 17:29:13,797 [INFO]  end trial [{"time": 957.9580627917312, "event": "begin drift_check"}, {"time": 960.9770092500839, "event": "initialize", "status": null}, {"time": 960.9773452084046, "event": "start recording"}, {"time": 961.1017274584156, "event": "show graph"}, {"time": 961.3275633750018, "event": "visit", "state": 3}, {"time": 961.3329740834888, "event": "start", "flip_time": 961.3329562500585}, {"time": 961.3377633334603, "event": "get move", "selected": 2}, {"time": 966.5342454584315, "event": "select", "selected": 2}, {"time": 966.5343301668763, "event": "visit", "state": 2}, {"time": 966.5538437918294, "event": "get move", "selected": 5}, {"time": 967.3017890835181, "event": "select", "selected": 5}, {"time": 967.3018526667729, "event": "visit", "state": 5}, {"time": 969.1595982918516, "event": "done"}]
2024-09-08 17:29:13,797 [INFO]  stop_recording
2024-09-08 17:29:13,813 [INFO]  gt.status is None
2024-09-08 17:29:13,813 [DEBUG]  add bonus points 5 (total = 202)
2024-09-08 17:29:13,813 [INFO]  Trial 45 of 260
2024-09-08 17:29:14,531 [INFO]  begin trial {"kind": "GraphTrial", "graph": [[1], [], [8, 4], [5, 9], [], [], [3, 10], [], [4, 0], [], [7]], "rewards": [-2, 3, 3, -1, -2, -2, null, 4, -3, -4, 1], "reward_info": {"-4": {"desc": "pattern_1", "image": "images[0]"}, "-3": {"desc": "pattern_2", "image": "images[1]"}, "-2": {"desc": "pattern_3", "image": "images[2]"}, "-1": {"desc": "pattern_4", "image": "images[3]"}, "0": {"desc": "pattern_5", "image": "images[4]"}, "1": {"desc": "pattern_6", "image": "images[5]"}, "2": {"desc": "pattern_7", "image": "images[6]"}, "3": {"desc": "pattern_8", "image": "images[7]"}, "4": {"desc": "pattern_9", "image": "images[8]"}}, "initial_stage": "planning", "hide_states": false, "hide_rewards_while_acting": false, "hide_edges_while_acting": false, "gaze_contingent": false, "gaze_tolerance": 1.5, "fixation_lag": 0.5, "start": 6}
2024-09-08 17:29:14,531 [INFO]  <eyetracking.EyeLink object at 0x16d719280>
2024-09-08 17:29:14,531 [DEBUG]  GraphTrial.log 969.894 begin drift_check 
2024-09-08 17:29:16,231 [DEBUG]  GraphTrial.log 971.594 initialize status = None
2024-09-08 17:29:16,232 [DEBUG]  GraphTrial.log 971.594 start recording 
2024-09-08 17:29:16,232 [INFO]  start_recording
2024-09-08 17:29:16,357 [DEBUG]  GraphTrial.log 971.720 show graph 
2024-09-08 17:29:16,366 [DEBUG]  STREAM b'IHDR' 16 13
2024-09-08 17:29:16,366 [DEBUG]  STREAM b'IDAT' 41 65536
2024-09-08 17:29:16,378 [DEBUG]  STREAM b'IHDR' 16 13
2024-09-08 17:29:16,378 [DEBUG]  STREAM b'IDAT' 41 65536
2024-09-08 17:29:16,388 [DEBUG]  STREAM b'IHDR' 16 13
2024-09-08 17:29:16,388 [DEBUG]  STREAM b'IDAT' 41 65536
2024-09-08 17:29:16,396 [DEBUG]  STREAM b'IHDR' 16 13
2024-09-08 17:29:16,396 [DEBUG]  STREAM b'IDAT' 41 65536
2024-09-08 17:29:16,406 [DEBUG]  STREAM b'IHDR' 16 13
2024-09-08 17:29:16,406 [DEBUG]  STREAM b'IDAT' 41 65536
2024-09-08 17:29:16,413 [DEBUG]  STREAM b'IHDR' 16 13
2024-09-08 17:29:16,413 [DEBUG]  STREAM b'IDAT' 41 65536
2024-09-08 17:29:16,419 [DEBUG]  STREAM b'IHDR' 16 13
2024-09-08 17:29:16,419 [DEBUG]  STREAM b'IDAT' 41 65536
2024-09-08 17:29:16,425 [DEBUG]  STREAM b'IHDR' 16 13
2024-09-08 17:29:16,425 [DEBUG]  STREAM b'IDAT' 41 65536
2024-09-08 17:29:16,432 [DEBUG]  STREAM b'IHDR' 16 13
2024-09-08 17:29:16,432 [DEBUG]  STREAM b'IDAT' 41 65536
2024-09-08 17:29:16,437 [DEBUG]  STREAM b'IHDR' 16 13
2024-09-08 17:29:16,437 [DEBUG]  STREAM b'IDAT' 41 65536
2024-09-08 17:29:16,442 [DEBUG]  STREAM b'IHDR' 16 13
2024-09-08 17:29:16,442 [DEBUG]  STREAM b'IDAT' 41 65536
2024-09-08 17:29:16,447 [DEBUG]  STREAM b'IHDR' 16 13
2024-09-08 17:29:16,447 [DEBUG]  STREAM b'IDAT' 41 65536
2024-09-08 17:29:16,453 [DEBUG]  STREAM b'IHDR' 16 13
2024-09-08 17:29:16,453 [DEBUG]  STREAM b'IDAT' 41 65536
2024-09-08 17:29:16,458 [DEBUG]  STREAM b'IHDR' 16 13
2024-09-08 17:29:16,458 [DEBUG]  STREAM b'IDAT' 41 65536
2024-09-08 17:29:16,462 [DEBUG]  STREAM b'IHDR' 16 13
2024-09-08 17:29:16,462 [DEBUG]  STREAM b'IDAT' 41 65536
2024-09-08 17:29:16,466 [DEBUG]  STREAM b'IHDR' 16 13
2024-09-08 17:29:16,466 [DEBUG]  STREAM b'IDAT' 41 65536
2024-09-08 17:29:16,471 [DEBUG]  STREAM b'IHDR' 16 13
2024-09-08 17:29:16,471 [DEBUG]  STREAM b'IDAT' 41 65536
2024-09-08 17:29:16,475 [DEBUG]  STREAM b'IHDR' 16 13
2024-09-08 17:29:16,475 [DEBUG]  STREAM b'IDAT' 41 65536
2024-09-08 17:29:16,479 [DEBUG]  STREAM b'IHDR' 16 13
2024-09-08 17:29:16,479 [DEBUG]  STREAM b'IDAT' 41 65536
2024-09-08 17:29:16,483 [DEBUG]  STREAM b'IHDR' 16 13
2024-09-08 17:29:16,483 [DEBUG]  STREAM b'IDAT' 41 65536
2024-09-08 17:29:16,489 [DEBUG]  STREAM b'IHDR' 16 13
2024-09-08 17:29:16,489 [DEBUG]  STREAM b'IDAT' 41 65536
2024-09-08 17:29:16,493 [DEBUG]  STREAM b'IHDR' 16 13
2024-09-08 17:29:16,493 [DEBUG]  STREAM b'IDAT' 41 65536
2024-09-08 17:29:16,497 [DEBUG]  STREAM b'IHDR' 16 13
2024-09-08 17:29:16,497 [DEBUG]  STREAM b'IDAT' 41 65536
2024-09-08 17:29:16,501 [DEBUG]  STREAM b'IHDR' 16 13
2024-09-08 17:29:16,501 [DEBUG]  STREAM b'IDAT' 41 65536
2024-09-08 17:29:16,508 [DEBUG]  STREAM b'IHDR' 16 13
2024-09-08 17:29:16,508 [DEBUG]  STREAM b'IDAT' 41 65536
2024-09-08 17:29:16,512 [DEBUG]  STREAM b'IHDR' 16 13
2024-09-08 17:29:16,512 [DEBUG]  STREAM b'IDAT' 41 65536
2024-09-08 17:29:16,516 [DEBUG]  STREAM b'IHDR' 16 13
2024-09-08 17:29:16,516 [DEBUG]  STREAM b'IDAT' 41 65536
2024-09-08 17:29:16,521 [DEBUG]  STREAM b'IHDR' 16 13
2024-09-08 17:29:16,521 [DEBUG]  STREAM b'IDAT' 41 65536
2024-09-08 17:29:16,527 [DEBUG]  STREAM b'IHDR' 16 13
2024-09-08 17:29:16,527 [DEBUG]  STREAM b'IDAT' 41 65536
2024-09-08 17:29:16,532 [DEBUG]  STREAM b'IHDR' 16 13
2024-09-08 17:29:16,532 [DEBUG]  STREAM b'IDAT' 41 65536
2024-09-08 17:29:16,536 [DEBUG]  STREAM b'IHDR' 16 13
2024-09-08 17:29:16,536 [DEBUG]  STREAM b'IDAT' 41 65536
2024-09-08 17:29:16,540 [DEBUG]  STREAM b'IHDR' 16 13
2024-09-08 17:29:16,540 [DEBUG]  STREAM b'IDAT' 41 65536
2024-09-08 17:29:16,545 [DEBUG]  STREAM b'IHDR' 16 13
2024-09-08 17:29:16,545 [DEBUG]  STREAM b'IDAT' 41 65536
2024-09-08 17:29:16,550 [DEBUG]  STREAM b'IHDR' 16 13
2024-09-08 17:29:16,550 [DEBUG]  STREAM b'IDAT' 41 65536
2024-09-08 17:29:16,554 [DEBUG]  STREAM b'IHDR' 16 13
2024-09-08 17:29:16,554 [DEBUG]  STREAM b'IDAT' 41 65536
2024-09-08 17:29:16,558 [DEBUG]  STREAM b'IHDR' 16 13
2024-09-08 17:29:16,558 [DEBUG]  STREAM b'IDAT' 41 65536
2024-09-08 17:29:16,563 [DEBUG]  STREAM b'IHDR' 16 13
2024-09-08 17:29:16,563 [DEBUG]  STREAM b'IDAT' 41 65536
2024-09-08 17:29:16,567 [DEBUG]  STREAM b'IHDR' 16 13
2024-09-08 17:29:16,567 [DEBUG]  STREAM b'IDAT' 41 65536
2024-09-08 17:29:16,571 [DEBUG]  STREAM b'IHDR' 16 13
2024-09-08 17:29:16,571 [DEBUG]  STREAM b'IDAT' 41 65536
2024-09-08 17:29:16,575 [DEBUG]  STREAM b'IHDR' 16 13
2024-09-08 17:29:16,575 [DEBUG]  STREAM b'IDAT' 41 65536
2024-09-08 17:29:16,585 [DEBUG]  GraphTrial.log 971.947 visit state = 6
2024-09-08 17:29:16,590 [DEBUG]  GraphTrial.log 971.952 start flip_time = 971.952339624986
2024-09-08 17:29:16,595 [DEBUG]  GraphTrial.log 971.957 get move selected = 3
2024-09-08 17:29:22,388 [DEBUG]  GraphTrial.log 977.751 switch selected = 10
2024-09-08 17:29:22,955 [DEBUG]  GraphTrial.log 978.318 select selected = 10
2024-09-08 17:29:22,955 [DEBUG]  GraphTrial.log 978.318 visit state = 10
2024-09-08 17:29:22,968 [DEBUG]  GraphTrial.log 978.330 get move selected = 7
2024-09-08 17:29:23,363 [DEBUG]  GraphTrial.log 978.726 select selected = 7
2024-09-08 17:29:23,363 [DEBUG]  GraphTrial.log 978.726 visit state = 7
2024-09-08 17:29:25,230 [DEBUG]  GraphTrial.log 980.593 done 
2024-09-08 17:29:25,231 [INFO]  end trial [{"time": 969.8940182917286, "event": "begin drift_check"}, {"time": 971.593956625089, "event": "initialize", "status": null}, {"time": 971.5941388749052, "event": "start recording"}, {"time": 971.7196143334731, "event": "show graph"}, {"time": 971.9472583334427, "event": "visit", "state": 6}, {"time": 971.9523557918146, "event": "start", "flip_time": 971.952339624986}, {"time": 971.9571549168322, "event": "get move", "selected": 3}, {"time": 977.7506335834041, "event": "switch", "selected": 10}, {"time": 978.3177379586268, "event": "select", "selected": 10}, {"time": 978.3178130418528, "event": "visit", "state": 10}, {"time": 978.3304797499441, "event": "get move", "selected": 7}, {"time": 978.7256312917452, "event": "select", "selected": 7}, {"time": 978.7256929166615, "event": "visit", "state": 7}, {"time": 980.5929741668515, "event": "done"}]
2024-09-08 17:29:25,231 [INFO]  stop_recording
2024-09-08 17:29:25,246 [INFO]  gt.status is None
2024-09-08 17:29:25,247 [DEBUG]  add bonus points 5 (total = 207)
2024-09-08 17:29:25,247 [INFO]  Trial 46 of 260
2024-09-08 17:29:25,435 [INFO]  begin trial {"kind": "GraphTrial", "graph": [[], [], [1], [6, 2], [], [9, 8], [], [], [0], [7, 4], [3, 6]], "rewards": [2, -2, 2, -3, -4, null, -3, -2, 2, -4, -2], "reward_info": {"-4": {"desc": "pattern_1", "image": "images[0]"}, "-3": {"desc": "pattern_2", "image": "images[1]"}, "-2": {"desc": "pattern_3", "image": "images[2]"}, "-1": {"desc": "pattern_4", "image": "images[3]"}, "0": {"desc": "pattern_5", "image": "images[4]"}, "1": {"desc": "pattern_6", "image": "images[5]"}, "2": {"desc": "pattern_7", "image": "images[6]"}, "3": {"desc": "pattern_8", "image": "images[7]"}, "4": {"desc": "pattern_9", "image": "images[8]"}}, "initial_stage": "planning", "hide_states": false, "hide_rewards_while_acting": false, "hide_edges_while_acting": false, "gaze_contingent": false, "gaze_tolerance": 1.5, "fixation_lag": 0.5, "start": 5}
2024-09-08 17:29:25,435 [INFO]  <eyetracking.EyeLink object at 0x16d719280>
2024-09-08 17:29:25,435 [DEBUG]  GraphTrial.log 980.798 begin drift_check 
2024-09-08 17:29:27,299 [DEBUG]  GraphTrial.log 982.661 initialize status = None
2024-09-08 17:29:27,299 [DEBUG]  GraphTrial.log 982.661 start recording 
2024-09-08 17:29:27,299 [INFO]  start_recording
2024-09-08 17:29:27,424 [DEBUG]  GraphTrial.log 982.787 show graph 
2024-09-08 17:29:27,432 [DEBUG]  STREAM b'IHDR' 16 13
2024-09-08 17:29:27,433 [DEBUG]  STREAM b'IDAT' 41 65536
2024-09-08 17:29:27,445 [DEBUG]  STREAM b'IHDR' 16 13
2024-09-08 17:29:27,445 [DEBUG]  STREAM b'IDAT' 41 65536
2024-09-08 17:29:27,455 [DEBUG]  STREAM b'IHDR' 16 13
2024-09-08 17:29:27,455 [DEBUG]  STREAM b'IDAT' 41 65536
2024-09-08 17:29:27,463 [DEBUG]  STREAM b'IHDR' 16 13
2024-09-08 17:29:27,463 [DEBUG]  STREAM b'IDAT' 41 65536
2024-09-08 17:29:27,473 [DEBUG]  STREAM b'IHDR' 16 13
2024-09-08 17:29:27,473 [DEBUG]  STREAM b'IDAT' 41 65536
2024-09-08 17:29:27,480 [DEBUG]  STREAM b'IHDR' 16 13
2024-09-08 17:29:27,480 [DEBUG]  STREAM b'IDAT' 41 65536
2024-09-08 17:29:27,485 [DEBUG]  STREAM b'IHDR' 16 13
2024-09-08 17:29:27,485 [DEBUG]  STREAM b'IDAT' 41 65536
2024-09-08 17:29:27,491 [DEBUG]  STREAM b'IHDR' 16 13
2024-09-08 17:29:27,491 [DEBUG]  STREAM b'IDAT' 41 65536
2024-09-08 17:29:27,498 [DEBUG]  STREAM b'IHDR' 16 13
2024-09-08 17:29:27,498 [DEBUG]  STREAM b'IDAT' 41 65536
2024-09-08 17:29:27,503 [DEBUG]  STREAM b'IHDR' 16 13
2024-09-08 17:29:27,503 [DEBUG]  STREAM b'IDAT' 41 65536
2024-09-08 17:29:27,508 [DEBUG]  STREAM b'IHDR' 16 13
2024-09-08 17:29:27,508 [DEBUG]  STREAM b'IDAT' 41 65536
2024-09-08 17:29:27,512 [DEBUG]  STREAM b'IHDR' 16 13
2024-09-08 17:29:27,512 [DEBUG]  STREAM b'IDAT' 41 65536
2024-09-08 17:29:27,519 [DEBUG]  STREAM b'IHDR' 16 13
2024-09-08 17:29:27,519 [DEBUG]  STREAM b'IDAT' 41 65536
2024-09-08 17:29:27,523 [DEBUG]  STREAM b'IHDR' 16 13
2024-09-08 17:29:27,523 [DEBUG]  STREAM b'IDAT' 41 65536
2024-09-08 17:29:27,527 [DEBUG]  STREAM b'IHDR' 16 13
2024-09-08 17:29:27,527 [DEBUG]  STREAM b'IDAT' 41 65536
2024-09-08 17:29:27,532 [DEBUG]  STREAM b'IHDR' 16 13
2024-09-08 17:29:27,532 [DEBUG]  STREAM b'IDAT' 41 65536
2024-09-08 17:29:27,537 [DEBUG]  STREAM b'IHDR' 16 13
2024-09-08 17:29:27,537 [DEBUG]  STREAM b'IDAT' 41 65536
2024-09-08 17:29:27,541 [DEBUG]  STREAM b'IHDR' 16 13
2024-09-08 17:29:27,541 [DEBUG]  STREAM b'IDAT' 41 65536
2024-09-08 17:29:27,546 [DEBUG]  STREAM b'IHDR' 16 13
2024-09-08 17:29:27,546 [DEBUG]  STREAM b'IDAT' 41 65536
2024-09-08 17:29:27,550 [DEBUG]  STREAM b'IHDR' 16 13
2024-09-08 17:29:27,550 [DEBUG]  STREAM b'IDAT' 41 65536
2024-09-08 17:29:27,556 [DEBUG]  STREAM b'IHDR' 16 13
2024-09-08 17:29:27,556 [DEBUG]  STREAM b'IDAT' 41 65536
2024-09-08 17:29:27,560 [DEBUG]  STREAM b'IHDR' 16 13
2024-09-08 17:29:27,560 [DEBUG]  STREAM b'IDAT' 41 65536
2024-09-08 17:29:27,565 [DEBUG]  STREAM b'IHDR' 16 13
2024-09-08 17:29:27,565 [DEBUG]  STREAM b'IDAT' 41 65536
2024-09-08 17:29:27,569 [DEBUG]  STREAM b'IHDR' 16 13
2024-09-08 17:29:27,569 [DEBUG]  STREAM b'IDAT' 41 65536
2024-09-08 17:29:27,574 [DEBUG]  STREAM b'IHDR' 16 13
2024-09-08 17:29:27,574 [DEBUG]  STREAM b'IDAT' 41 65536
2024-09-08 17:29:27,578 [DEBUG]  STREAM b'IHDR' 16 13
2024-09-08 17:29:27,578 [DEBUG]  STREAM b'IDAT' 41 65536
2024-09-08 17:29:27,582 [DEBUG]  STREAM b'IHDR' 16 13
2024-09-08 17:29:27,582 [DEBUG]  STREAM b'IDAT' 41 65536
2024-09-08 17:29:27,586 [DEBUG]  STREAM b'IHDR' 16 13
2024-09-08 17:29:27,586 [DEBUG]  STREAM b'IDAT' 41 65536
2024-09-08 17:29:27,592 [DEBUG]  STREAM b'IHDR' 16 13
2024-09-08 17:29:27,592 [DEBUG]  STREAM b'IDAT' 41 65536
2024-09-08 17:29:27,596 [DEBUG]  STREAM b'IHDR' 16 13
2024-09-08 17:29:27,596 [DEBUG]  STREAM b'IDAT' 41 65536
2024-09-08 17:29:27,601 [DEBUG]  STREAM b'IHDR' 16 13
2024-09-08 17:29:27,601 [DEBUG]  STREAM b'IDAT' 41 65536
2024-09-08 17:29:27,605 [DEBUG]  STREAM b'IHDR' 16 13
2024-09-08 17:29:27,605 [DEBUG]  STREAM b'IDAT' 41 65536
2024-09-08 17:29:27,610 [DEBUG]  STREAM b'IHDR' 16 13
2024-09-08 17:29:27,610 [DEBUG]  STREAM b'IDAT' 41 65536
2024-09-08 17:29:27,615 [DEBUG]  STREAM b'IHDR' 16 13
2024-09-08 17:29:27,615 [DEBUG]  STREAM b'IDAT' 41 65536
2024-09-08 17:29:27,619 [DEBUG]  STREAM b'IHDR' 16 13
2024-09-08 17:29:27,619 [DEBUG]  STREAM b'IDAT' 41 65536
2024-09-08 17:29:27,623 [DEBUG]  STREAM b'IHDR' 16 13
2024-09-08 17:29:27,623 [DEBUG]  STREAM b'IDAT' 41 65536
2024-09-08 17:29:27,628 [DEBUG]  STREAM b'IHDR' 16 13
2024-09-08 17:29:27,628 [DEBUG]  STREAM b'IDAT' 41 65536
2024-09-08 17:29:27,633 [DEBUG]  STREAM b'IHDR' 16 13
2024-09-08 17:29:27,633 [DEBUG]  STREAM b'IDAT' 41 65536
2024-09-08 17:29:27,637 [DEBUG]  STREAM b'IHDR' 16 13
2024-09-08 17:29:27,637 [DEBUG]  STREAM b'IDAT' 41 65536
2024-09-08 17:29:27,641 [DEBUG]  STREAM b'IHDR' 16 13
2024-09-08 17:29:27,641 [DEBUG]  STREAM b'IDAT' 41 65536
2024-09-08 17:29:27,650 [DEBUG]  GraphTrial.log 983.013 visit state = 5
2024-09-08 17:29:27,656 [DEBUG]  GraphTrial.log 983.018 start flip_time = 983.0181430000812
2024-09-08 17:29:27,660 [DEBUG]  GraphTrial.log 983.023 get move selected = 8
2024-09-08 17:29:31,084 [DEBUG]  GraphTrial.log 986.446 select selected = 8
2024-09-08 17:29:31,084 [DEBUG]  GraphTrial.log 986.446 visit state = 8
2024-09-08 17:29:31,094 [DEBUG]  GraphTrial.log 986.457 get move selected = 0
2024-09-08 17:29:31,459 [DEBUG]  GraphTrial.log 986.822 select selected = 0
2024-09-08 17:29:31,459 [DEBUG]  GraphTrial.log 986.822 visit state = 0
2024-09-08 17:29:33,315 [DEBUG]  GraphTrial.log 988.678 done 
2024-09-08 17:29:33,316 [INFO]  end trial [{"time": 980.7979903335217, "event": "begin drift_check"}, {"time": 982.6611018751282, "event": "initialize", "status": null}, {"time": 982.6612773335073, "event": "start recording"}, {"time": 982.7867890000343, "event": "show graph"}, {"time": 983.0127742500044, "event": "visit", "state": 5}, {"time": 983.0181579585187, "event": "start", "flip_time": 983.0181430000812}, {"time": 983.0228598751128, "event": "get move", "selected": 8}, {"time": 986.4461163750384, "event": "select", "selected": 8}, {"time": 986.4461947085802, "event": "visit", "state": 8}, {"time": 986.4568618335761, "event": "get move", "selected": 0}, {"time": 986.8215681668371, "event": "select", "selected": 0}, {"time": 986.821630916791, "event": "visit", "state": 0}, {"time": 988.6778753334656, "event": "done"}]
2024-09-08 17:29:33,316 [INFO]  stop_recording
2024-09-08 17:29:33,331 [INFO]  gt.status is None
2024-09-08 17:29:33,331 [DEBUG]  add bonus points 4 (total = 211)
2024-09-08 17:29:33,331 [INFO]  Trial 47 of 260
2024-09-08 17:29:33,579 [INFO]  begin trial {"kind": "GraphTrial", "graph": [[9, 5], [], [6, 3], [], [], [], [3, 1], [4, 8], [], [], [7, 0]], "rewards": [0, 3, 3, -3, -3, -3, -1, -2, -2, 4, null], "reward_info": {"-4": {"desc": "pattern_1", "image": "images[0]"}, "-3": {"desc": "pattern_2", "image": "images[1]"}, "-2": {"desc": "pattern_3", "image": "images[2]"}, "-1": {"desc": "pattern_4", "image": "images[3]"}, "0": {"desc": "pattern_5", "image": "images[4]"}, "1": {"desc": "pattern_6", "image": "images[5]"}, "2": {"desc": "pattern_7", "image": "images[6]"}, "3": {"desc": "pattern_8", "image": "images[7]"}, "4": {"desc": "pattern_9", "image": "images[8]"}}, "initial_stage": "planning", "hide_states": false, "hide_rewards_while_acting": false, "hide_edges_while_acting": false, "gaze_contingent": false, "gaze_tolerance": 1.5, "fixation_lag": 0.5, "start": 10}
2024-09-08 17:29:33,579 [INFO]  <eyetracking.EyeLink object at 0x16d719280>
2024-09-08 17:29:33,580 [DEBUG]  GraphTrial.log 988.942 begin drift_check 
2024-09-08 17:29:34,598 [DEBUG]  GraphTrial.log 989.961 initialize status = None
2024-09-08 17:29:34,599 [DEBUG]  GraphTrial.log 989.961 start recording 
2024-09-08 17:29:34,599 [INFO]  start_recording
2024-09-08 17:29:34,725 [DEBUG]  GraphTrial.log 990.087 show graph 
2024-09-08 17:29:34,734 [DEBUG]  STREAM b'IHDR' 16 13
2024-09-08 17:29:34,735 [DEBUG]  STREAM b'IDAT' 41 65536
2024-09-08 17:29:34,747 [DEBUG]  STREAM b'IHDR' 16 13
2024-09-08 17:29:34,747 [DEBUG]  STREAM b'IDAT' 41 65536
2024-09-08 17:29:34,757 [DEBUG]  STREAM b'IHDR' 16 13
2024-09-08 17:29:34,757 [DEBUG]  STREAM b'IDAT' 41 65536
2024-09-08 17:29:34,765 [DEBUG]  STREAM b'IHDR' 16 13
2024-09-08 17:29:34,765 [DEBUG]  STREAM b'IDAT' 41 65536
2024-09-08 17:29:34,774 [DEBUG]  STREAM b'IHDR' 16 13
2024-09-08 17:29:34,774 [DEBUG]  STREAM b'IDAT' 41 65536
2024-09-08 17:29:34,781 [DEBUG]  STREAM b'IHDR' 16 13
2024-09-08 17:29:34,781 [DEBUG]  STREAM b'IDAT' 41 65536
2024-09-08 17:29:34,787 [DEBUG]  STREAM b'IHDR' 16 13
2024-09-08 17:29:34,787 [DEBUG]  STREAM b'IDAT' 41 65536
2024-09-08 17:29:34,793 [DEBUG]  STREAM b'IHDR' 16 13
2024-09-08 17:29:34,793 [DEBUG]  STREAM b'IDAT' 41 65536
2024-09-08 17:29:34,800 [DEBUG]  STREAM b'IHDR' 16 13
2024-09-08 17:29:34,800 [DEBUG]  STREAM b'IDAT' 41 65536
2024-09-08 17:29:34,805 [DEBUG]  STREAM b'IHDR' 16 13
2024-09-08 17:29:34,806 [DEBUG]  STREAM b'IDAT' 41 65536
2024-09-08 17:29:34,810 [DEBUG]  STREAM b'IHDR' 16 13
2024-09-08 17:29:34,811 [DEBUG]  STREAM b'IDAT' 41 65536
2024-09-08 17:29:34,815 [DEBUG]  STREAM b'IHDR' 16 13
2024-09-08 17:29:34,815 [DEBUG]  STREAM b'IDAT' 41 65536
2024-09-08 17:29:34,822 [DEBUG]  STREAM b'IHDR' 16 13
2024-09-08 17:29:34,822 [DEBUG]  STREAM b'IDAT' 41 65536
2024-09-08 17:29:34,826 [DEBUG]  STREAM b'IHDR' 16 13
2024-09-08 17:29:34,826 [DEBUG]  STREAM b'IDAT' 41 65536
2024-09-08 17:29:34,830 [DEBUG]  STREAM b'IHDR' 16 13
2024-09-08 17:29:34,830 [DEBUG]  STREAM b'IDAT' 41 65536
2024-09-08 17:29:34,834 [DEBUG]  STREAM b'IHDR' 16 13
2024-09-08 17:29:34,834 [DEBUG]  STREAM b'IDAT' 41 65536
2024-09-08 17:29:34,840 [DEBUG]  STREAM b'IHDR' 16 13
2024-09-08 17:29:34,840 [DEBUG]  STREAM b'IDAT' 41 65536
2024-09-08 17:29:34,844 [DEBUG]  STREAM b'IHDR' 16 13
2024-09-08 17:29:34,844 [DEBUG]  STREAM b'IDAT' 41 65536
2024-09-08 17:29:34,848 [DEBUG]  STREAM b'IHDR' 16 13
2024-09-08 17:29:34,848 [DEBUG]  STREAM b'IDAT' 41 65536
2024-09-08 17:29:34,852 [DEBUG]  STREAM b'IHDR' 16 13
2024-09-08 17:29:34,852 [DEBUG]  STREAM b'IDAT' 41 65536
2024-09-08 17:29:34,857 [DEBUG]  STREAM b'IHDR' 16 13
2024-09-08 17:29:34,857 [DEBUG]  STREAM b'IDAT' 41 65536
2024-09-08 17:29:34,861 [DEBUG]  STREAM b'IHDR' 16 13
2024-09-08 17:29:34,861 [DEBUG]  STREAM b'IDAT' 41 65536
2024-09-08 17:29:34,865 [DEBUG]  STREAM b'IHDR' 16 13
2024-09-08 17:29:34,865 [DEBUG]  STREAM b'IDAT' 41 65536
2024-09-08 17:29:34,869 [DEBUG]  STREAM b'IHDR' 16 13
2024-09-08 17:29:34,869 [DEBUG]  STREAM b'IDAT' 41 65536
2024-09-08 17:29:34,875 [DEBUG]  STREAM b'IHDR' 16 13
2024-09-08 17:29:34,875 [DEBUG]  STREAM b'IDAT' 41 65536
2024-09-08 17:29:34,879 [DEBUG]  STREAM b'IHDR' 16 13
2024-09-08 17:29:34,879 [DEBUG]  STREAM b'IDAT' 41 65536
2024-09-08 17:29:34,883 [DEBUG]  STREAM b'IHDR' 16 13
2024-09-08 17:29:34,883 [DEBUG]  STREAM b'IDAT' 41 65536
2024-09-08 17:29:34,887 [DEBUG]  STREAM b'IHDR' 16 13
2024-09-08 17:29:34,887 [DEBUG]  STREAM b'IDAT' 41 65536
2024-09-08 17:29:34,893 [DEBUG]  STREAM b'IHDR' 16 13
2024-09-08 17:29:34,893 [DEBUG]  STREAM b'IDAT' 41 65536
2024-09-08 17:29:34,897 [DEBUG]  STREAM b'IHDR' 16 13
2024-09-08 17:29:34,897 [DEBUG]  STREAM b'IDAT' 41 65536
2024-09-08 17:29:34,901 [DEBUG]  STREAM b'IHDR' 16 13
2024-09-08 17:29:34,901 [DEBUG]  STREAM b'IDAT' 41 65536
2024-09-08 17:29:34,905 [DEBUG]  STREAM b'IHDR' 16 13
2024-09-08 17:29:34,905 [DEBUG]  STREAM b'IDAT' 41 65536
2024-09-08 17:29:34,910 [DEBUG]  STREAM b'IHDR' 16 13
2024-09-08 17:29:34,910 [DEBUG]  STREAM b'IDAT' 41 65536
2024-09-08 17:29:34,915 [DEBUG]  STREAM b'IHDR' 16 13
2024-09-08 17:29:34,915 [DEBUG]  STREAM b'IDAT' 41 65536
2024-09-08 17:29:34,919 [DEBUG]  STREAM b'IHDR' 16 13
2024-09-08 17:29:34,919 [DEBUG]  STREAM b'IDAT' 41 65536
2024-09-08 17:29:34,923 [DEBUG]  STREAM b'IHDR' 16 13
2024-09-08 17:29:34,923 [DEBUG]  STREAM b'IDAT' 41 65536
2024-09-08 17:29:34,928 [DEBUG]  STREAM b'IHDR' 16 13
2024-09-08 17:29:34,928 [DEBUG]  STREAM b'IDAT' 41 65536
2024-09-08 17:29:34,933 [DEBUG]  STREAM b'IHDR' 16 13
2024-09-08 17:29:34,933 [DEBUG]  STREAM b'IDAT' 41 65536
2024-09-08 17:29:34,937 [DEBUG]  STREAM b'IHDR' 16 13
2024-09-08 17:29:34,937 [DEBUG]  STREAM b'IDAT' 41 65536
2024-09-08 17:29:34,942 [DEBUG]  STREAM b'IHDR' 16 13
2024-09-08 17:29:34,942 [DEBUG]  STREAM b'IDAT' 41 65536
2024-09-08 17:29:34,953 [DEBUG]  GraphTrial.log 990.315 visit state = 10
2024-09-08 17:29:34,958 [DEBUG]  GraphTrial.log 990.321 start flip_time = 990.3207927916665
2024-09-08 17:29:34,963 [DEBUG]  GraphTrial.log 990.325 get move selected = 7
2024-09-08 17:29:41,100 [DEBUG]  GraphTrial.log 996.463 switch selected = 0
2024-09-08 17:29:41,603 [DEBUG]  GraphTrial.log 996.966 select selected = 0
2024-09-08 17:29:41,603 [DEBUG]  GraphTrial.log 996.966 visit state = 0
2024-09-08 17:29:41,613 [DEBUG]  GraphTrial.log 996.975 get move selected = 9
2024-09-08 17:29:42,035 [DEBUG]  GraphTrial.log 997.398 select selected = 9
2024-09-08 17:29:42,035 [DEBUG]  GraphTrial.log 997.398 visit state = 9
2024-09-08 17:29:43,866 [DEBUG]  GraphTrial.log 999.228 done 
2024-09-08 17:29:43,866 [INFO]  end trial [{"time": 988.9420412085019, "event": "begin drift_check"}, {"time": 989.9606432917062, "event": "initialize", "status": null}, {"time": 989.9609993749764, "event": "start recording"}, {"time": 990.0871590834577, "event": "show graph"}, {"time": 990.3154410833959, "event": "visit", "state": 10}, {"time": 990.3208082499914, "event": "start", "flip_time": 990.3207927916665}, {"time": 990.3254462918267, "event": "get move", "selected": 7}, {"time": 996.4625312916469, "event": "switch", "selected": 0}, {"time": 996.9657980417833, "event": "select", "selected": 0}, {"time": 996.9658737918362, "event": "visit", "state": 0}, {"time": 996.9753152499907, "event": "get move", "selected": 9}, {"time": 997.3978415834717, "event": "select", "selected": 9}, {"time": 997.3979064167943, "event": "visit", "state": 9}, {"time": 999.2281955417711, "event": "done"}]
2024-09-08 17:29:43,866 [INFO]  stop_recording
2024-09-08 17:29:43,881 [INFO]  gt.status is None
2024-09-08 17:29:43,881 [DEBUG]  add bonus points 4 (total = 215)
2024-09-08 17:29:43,881 [INFO]  Trial 48 of 260
2024-09-08 17:29:44,827 [INFO]  begin trial {"kind": "GraphTrial", "graph": [[10, 1], [6], [], [], [9, 8], [], [], [0, 10], [3], [5, 2], []], "rewards": [2, -3, -1, 4, null, 1, 4, 2, 4, -3, -4], "reward_info": {"-4": {"desc": "pattern_1", "image": "images[0]"}, "-3": {"desc": "pattern_2", "image": "images[1]"}, "-2": {"desc": "pattern_3", "image": "images[2]"}, "-1": {"desc": "pattern_4", "image": "images[3]"}, "0": {"desc": "pattern_5", "image": "images[4]"}, "1": {"desc": "pattern_6", "image": "images[5]"}, "2": {"desc": "pattern_7", "image": "images[6]"}, "3": {"desc": "pattern_8", "image": "images[7]"}, "4": {"desc": "pattern_9", "image": "images[8]"}}, "initial_stage": "planning", "hide_states": false, "hide_rewards_while_acting": false, "hide_edges_while_acting": false, "gaze_contingent": false, "gaze_tolerance": 1.5, "fixation_lag": 0.5, "start": 4}
2024-09-08 17:29:44,827 [INFO]  <eyetracking.EyeLink object at 0x16d719280>
2024-09-08 17:29:44,827 [DEBUG]  GraphTrial.log 1000.190 begin drift_check 
2024-09-08 17:31:15,786 [INFO]  escape in drift correct
2024-09-08 17:31:18,191 [INFO]  drift check keys ['c']
2024-09-08 17:31:22,898 [DEBUG]  GraphTrial.log 1098.260 initialize status = ok
2024-09-08 17:31:22,898 [DEBUG]  GraphTrial.log 1098.260 start recording 
2024-09-08 17:31:22,898 [INFO]  start_recording
2024-09-08 17:31:23,023 [DEBUG]  GraphTrial.log 1098.385 show graph 
2024-09-08 17:31:23,033 [DEBUG]  STREAM b'IHDR' 16 13
2024-09-08 17:31:23,033 [DEBUG]  STREAM b'IDAT' 41 65536
2024-09-08 17:31:23,047 [DEBUG]  STREAM b'IHDR' 16 13
2024-09-08 17:31:23,047 [DEBUG]  STREAM b'IDAT' 41 65536
2024-09-08 17:31:23,056 [DEBUG]  STREAM b'IHDR' 16 13
2024-09-08 17:31:23,056 [DEBUG]  STREAM b'IDAT' 41 65536
2024-09-08 17:31:23,065 [DEBUG]  STREAM b'IHDR' 16 13
2024-09-08 17:31:23,065 [DEBUG]  STREAM b'IDAT' 41 65536
2024-09-08 17:31:23,074 [DEBUG]  STREAM b'IHDR' 16 13
2024-09-08 17:31:23,074 [DEBUG]  STREAM b'IDAT' 41 65536
2024-09-08 17:31:23,081 [DEBUG]  STREAM b'IHDR' 16 13
2024-09-08 17:31:23,081 [DEBUG]  STREAM b'IDAT' 41 65536
2024-09-08 17:31:23,086 [DEBUG]  STREAM b'IHDR' 16 13
2024-09-08 17:31:23,086 [DEBUG]  STREAM b'IDAT' 41 65536
2024-09-08 17:31:23,092 [DEBUG]  STREAM b'IHDR' 16 13
2024-09-08 17:31:23,092 [DEBUG]  STREAM b'IDAT' 41 65536
2024-09-08 17:31:23,099 [DEBUG]  STREAM b'IHDR' 16 13
2024-09-08 17:31:23,099 [DEBUG]  STREAM b'IDAT' 41 65536
2024-09-08 17:31:23,104 [DEBUG]  STREAM b'IHDR' 16 13
2024-09-08 17:31:23,104 [DEBUG]  STREAM b'IDAT' 41 65536
2024-09-08 17:31:23,109 [DEBUG]  STREAM b'IHDR' 16 13
2024-09-08 17:31:23,109 [DEBUG]  STREAM b'IDAT' 41 65536
2024-09-08 17:31:23,113 [DEBUG]  STREAM b'IHDR' 16 13
2024-09-08 17:31:23,113 [DEBUG]  STREAM b'IDAT' 41 65536
2024-09-08 17:31:23,119 [DEBUG]  STREAM b'IHDR' 16 13
2024-09-08 17:31:23,119 [DEBUG]  STREAM b'IDAT' 41 65536
2024-09-08 17:31:23,125 [DEBUG]  STREAM b'IHDR' 16 13
2024-09-08 17:31:23,125 [DEBUG]  STREAM b'IDAT' 41 65536
2024-09-08 17:31:23,129 [DEBUG]  STREAM b'IHDR' 16 13
2024-09-08 17:31:23,129 [DEBUG]  STREAM b'IDAT' 41 65536
2024-09-08 17:31:23,134 [DEBUG]  STREAM b'IHDR' 16 13
2024-09-08 17:31:23,134 [DEBUG]  STREAM b'IDAT' 41 65536
2024-09-08 17:31:23,141 [DEBUG]  STREAM b'IHDR' 16 13
2024-09-08 17:31:23,141 [DEBUG]  STREAM b'IDAT' 41 65536
2024-09-08 17:31:23,145 [DEBUG]  STREAM b'IHDR' 16 13
2024-09-08 17:31:23,145 [DEBUG]  STREAM b'IDAT' 41 65536
2024-09-08 17:31:23,149 [DEBUG]  STREAM b'IHDR' 16 13
2024-09-08 17:31:23,149 [DEBUG]  STREAM b'IDAT' 41 65536
2024-09-08 17:31:23,154 [DEBUG]  STREAM b'IHDR' 16 13
2024-09-08 17:31:23,154 [DEBUG]  STREAM b'IDAT' 41 65536
2024-09-08 17:31:23,159 [DEBUG]  STREAM b'IHDR' 16 13
2024-09-08 17:31:23,159 [DEBUG]  STREAM b'IDAT' 41 65536
2024-09-08 17:31:23,164 [DEBUG]  STREAM b'IHDR' 16 13
2024-09-08 17:31:23,164 [DEBUG]  STREAM b'IDAT' 41 65536
2024-09-08 17:31:23,168 [DEBUG]  STREAM b'IHDR' 16 13
2024-09-08 17:31:23,168 [DEBUG]  STREAM b'IDAT' 41 65536
2024-09-08 17:31:23,173 [DEBUG]  STREAM b'IHDR' 16 13
2024-09-08 17:31:23,173 [DEBUG]  STREAM b'IDAT' 41 65536
2024-09-08 17:31:23,178 [DEBUG]  STREAM b'IHDR' 16 13
2024-09-08 17:31:23,178 [DEBUG]  STREAM b'IDAT' 41 65536
2024-09-08 17:31:23,183 [DEBUG]  STREAM b'IHDR' 16 13
2024-09-08 17:31:23,183 [DEBUG]  STREAM b'IDAT' 41 65536
2024-09-08 17:31:23,187 [DEBUG]  STREAM b'IHDR' 16 13
2024-09-08 17:31:23,187 [DEBUG]  STREAM b'IDAT' 41 65536
2024-09-08 17:31:23,191 [DEBUG]  STREAM b'IHDR' 16 13
2024-09-08 17:31:23,191 [DEBUG]  STREAM b'IDAT' 41 65536
2024-09-08 17:31:23,197 [DEBUG]  STREAM b'IHDR' 16 13
2024-09-08 17:31:23,197 [DEBUG]  STREAM b'IDAT' 41 65536
2024-09-08 17:31:23,201 [DEBUG]  STREAM b'IHDR' 16 13
2024-09-08 17:31:23,201 [DEBUG]  STREAM b'IDAT' 41 65536
2024-09-08 17:31:23,206 [DEBUG]  STREAM b'IHDR' 16 13
2024-09-08 17:31:23,206 [DEBUG]  STREAM b'IDAT' 41 65536
2024-09-08 17:31:23,210 [DEBUG]  STREAM b'IHDR' 16 13
2024-09-08 17:31:23,210 [DEBUG]  STREAM b'IDAT' 41 65536
2024-09-08 17:31:23,216 [DEBUG]  STREAM b'IHDR' 16 13
2024-09-08 17:31:23,216 [DEBUG]  STREAM b'IDAT' 41 65536
2024-09-08 17:31:23,220 [DEBUG]  STREAM b'IHDR' 16 13
2024-09-08 17:31:23,220 [DEBUG]  STREAM b'IDAT' 41 65536
2024-09-08 17:31:23,224 [DEBUG]  STREAM b'IHDR' 16 13
2024-09-08 17:31:23,224 [DEBUG]  STREAM b'IDAT' 41 65536
2024-09-08 17:31:23,228 [DEBUG]  STREAM b'IHDR' 16 13
2024-09-08 17:31:23,228 [DEBUG]  STREAM b'IDAT' 41 65536
2024-09-08 17:31:23,234 [DEBUG]  STREAM b'IHDR' 16 13
2024-09-08 17:31:23,234 [DEBUG]  STREAM b'IDAT' 41 65536
2024-09-08 17:31:23,239 [DEBUG]  STREAM b'IHDR' 16 13
2024-09-08 17:31:23,239 [DEBUG]  STREAM b'IDAT' 41 65536
2024-09-08 17:31:23,243 [DEBUG]  STREAM b'IHDR' 16 13
2024-09-08 17:31:23,243 [DEBUG]  STREAM b'IDAT' 41 65536
2024-09-08 17:31:23,247 [DEBUG]  STREAM b'IHDR' 16 13
2024-09-08 17:31:23,247 [DEBUG]  STREAM b'IDAT' 41 65536
2024-09-08 17:31:23,257 [DEBUG]  GraphTrial.log 1098.619 visit state = 4
2024-09-08 17:31:23,262 [DEBUG]  GraphTrial.log 1098.624 start flip_time = 1098.624347416684
2024-09-08 17:31:23,267 [DEBUG]  GraphTrial.log 1098.629 get move selected = 9
2024-09-08 17:31:25,757 [DEBUG]  GraphTrial.log 1101.119 switch selected = 8
2024-09-08 17:31:26,204 [DEBUG]  GraphTrial.log 1101.566 select selected = 8
2024-09-08 17:31:26,204 [DEBUG]  GraphTrial.log 1101.566 visit state = 8
2024-09-08 17:31:26,213 [DEBUG]  GraphTrial.log 1101.575 get move selected = 3
2024-09-08 17:31:26,628 [DEBUG]  GraphTrial.log 1101.990 select selected = 3
2024-09-08 17:31:26,628 [DEBUG]  GraphTrial.log 1101.990 visit state = 3
2024-09-08 17:31:28,497 [DEBUG]  GraphTrial.log 1103.859 done 
2024-09-08 17:31:28,498 [INFO]  end trial [{"time": 1000.1898217499256, "event": "begin drift_check"}, {"time": 1098.2599484168459, "event": "initialize", "status": "ok"}, {"time": 1098.2602731250226, "event": "start recording"}, {"time": 1098.385261416668, "event": "show graph"}, {"time": 1098.6188542500604, "event": "visit", "state": 4}, {"time": 1098.6243671667762, "event": "start", "flip_time": 1098.624347416684}, {"time": 1098.6291469167918, "event": "get move", "selected": 9}, {"time": 1101.1187491249293, "event": "switch", "selected": 8}, {"time": 1101.5655832916964, "event": "select", "selected": 8}, {"time": 1101.5656671668403, "event": "visit", "state": 8}, {"time": 1101.5750338749494, "event": "get move", "selected": 3}, {"time": 1101.9898712499999, "event": "select", "selected": 3}, {"time": 1101.989934250014, "event": "visit", "state": 3}, {"time": 1103.8593777499627, "event": "done"}]
2024-09-08 17:31:28,498 [INFO]  stop_recording
2024-09-08 17:31:29,018 [INFO]  gt.status is ok
2024-09-08 17:31:29,018 [DEBUG]  add bonus points 8 (total = 223)
2024-09-08 17:31:29,018 [INFO]  Trial 49 of 260
2024-09-08 17:31:29,276 [INFO]  begin trial {"kind": "GraphTrial", "graph": [[], [0, 9], [7, 5], [2, 1], [10, 6], [], [], [], [4, 10], [], []], "rewards": [1, -3, -3, null, 3, 0, 1, 3, 4, 2, -1], "reward_info": {"-4": {"desc": "pattern_1", "image": "images[0]"}, "-3": {"desc": "pattern_2", "image": "images[1]"}, "-2": {"desc": "pattern_3", "image": "images[2]"}, "-1": {"desc": "pattern_4", "image": "images[3]"}, "0": {"desc": "pattern_5", "image": "images[4]"}, "1": {"desc": "pattern_6", "image": "images[5]"}, "2": {"desc": "pattern_7", "image": "images[6]"}, "3": {"desc": "pattern_8", "image": "images[7]"}, "4": {"desc": "pattern_9", "image": "images[8]"}}, "initial_stage": "planning", "hide_states": false, "hide_rewards_while_acting": false, "hide_edges_while_acting": false, "gaze_contingent": false, "gaze_tolerance": 1.5, "fixation_lag": 0.5, "start": 3}
2024-09-08 17:31:29,276 [INFO]  <eyetracking.EyeLink object at 0x16d719280>
2024-09-08 17:31:29,276 [DEBUG]  GraphTrial.log 1104.638 begin drift_check 
2024-09-08 17:31:30,132 [DEBUG]  GraphTrial.log 1105.494 initialize status = None
2024-09-08 17:31:30,132 [DEBUG]  GraphTrial.log 1105.494 start recording 
2024-09-08 17:31:30,133 [INFO]  start_recording
2024-09-08 17:31:30,260 [DEBUG]  GraphTrial.log 1105.622 show graph 
2024-09-08 17:31:30,268 [DEBUG]  STREAM b'IHDR' 16 13
2024-09-08 17:31:30,268 [DEBUG]  STREAM b'IDAT' 41 65536
2024-09-08 17:31:30,281 [DEBUG]  STREAM b'IHDR' 16 13
2024-09-08 17:31:30,281 [DEBUG]  STREAM b'IDAT' 41 65536
2024-09-08 17:31:30,291 [DEBUG]  STREAM b'IHDR' 16 13
2024-09-08 17:31:30,291 [DEBUG]  STREAM b'IDAT' 41 65536
2024-09-08 17:31:30,299 [DEBUG]  STREAM b'IHDR' 16 13
2024-09-08 17:31:30,300 [DEBUG]  STREAM b'IDAT' 41 65536
2024-09-08 17:31:30,309 [DEBUG]  STREAM b'IHDR' 16 13
2024-09-08 17:31:30,309 [DEBUG]  STREAM b'IDAT' 41 65536
2024-09-08 17:31:30,316 [DEBUG]  STREAM b'IHDR' 16 13
2024-09-08 17:31:30,316 [DEBUG]  STREAM b'IDAT' 41 65536
2024-09-08 17:31:30,321 [DEBUG]  STREAM b'IHDR' 16 13
2024-09-08 17:31:30,321 [DEBUG]  STREAM b'IDAT' 41 65536
2024-09-08 17:31:30,327 [DEBUG]  STREAM b'IHDR' 16 13
2024-09-08 17:31:30,327 [DEBUG]  STREAM b'IDAT' 41 65536
2024-09-08 17:31:30,334 [DEBUG]  STREAM b'IHDR' 16 13
2024-09-08 17:31:30,334 [DEBUG]  STREAM b'IDAT' 41 65536
2024-09-08 17:31:30,339 [DEBUG]  STREAM b'IHDR' 16 13
2024-09-08 17:31:30,339 [DEBUG]  STREAM b'IDAT' 41 65536
2024-09-08 17:31:30,343 [DEBUG]  STREAM b'IHDR' 16 13
2024-09-08 17:31:30,344 [DEBUG]  STREAM b'IDAT' 41 65536
2024-09-08 17:31:30,348 [DEBUG]  STREAM b'IHDR' 16 13
2024-09-08 17:31:30,348 [DEBUG]  STREAM b'IDAT' 41 65536
2024-09-08 17:31:30,356 [DEBUG]  STREAM b'IHDR' 16 13
2024-09-08 17:31:30,356 [DEBUG]  STREAM b'IDAT' 41 65536
2024-09-08 17:31:30,361 [DEBUG]  STREAM b'IHDR' 16 13
2024-09-08 17:31:30,361 [DEBUG]  STREAM b'IDAT' 41 65536
2024-09-08 17:31:30,366 [DEBUG]  STREAM b'IHDR' 16 13
2024-09-08 17:31:30,366 [DEBUG]  STREAM b'IDAT' 41 65536
2024-09-08 17:31:30,370 [DEBUG]  STREAM b'IHDR' 16 13
2024-09-08 17:31:30,370 [DEBUG]  STREAM b'IDAT' 41 65536
2024-09-08 17:31:30,376 [DEBUG]  STREAM b'IHDR' 16 13
2024-09-08 17:31:30,376 [DEBUG]  STREAM b'IDAT' 41 65536
2024-09-08 17:31:30,381 [DEBUG]  STREAM b'IHDR' 16 13
2024-09-08 17:31:30,381 [DEBUG]  STREAM b'IDAT' 41 65536
2024-09-08 17:31:30,385 [DEBUG]  STREAM b'IHDR' 16 13
2024-09-08 17:31:30,385 [DEBUG]  STREAM b'IDAT' 41 65536
2024-09-08 17:31:30,389 [DEBUG]  STREAM b'IHDR' 16 13
2024-09-08 17:31:30,389 [DEBUG]  STREAM b'IDAT' 41 65536
2024-09-08 17:31:30,395 [DEBUG]  STREAM b'IHDR' 16 13
2024-09-08 17:31:30,395 [DEBUG]  STREAM b'IDAT' 41 65536
2024-09-08 17:31:30,399 [DEBUG]  STREAM b'IHDR' 16 13
2024-09-08 17:31:30,399 [DEBUG]  STREAM b'IDAT' 41 65536
2024-09-08 17:31:30,403 [DEBUG]  STREAM b'IHDR' 16 13
2024-09-08 17:31:30,403 [DEBUG]  STREAM b'IDAT' 41 65536
2024-09-08 17:31:30,407 [DEBUG]  STREAM b'IHDR' 16 13
2024-09-08 17:31:30,407 [DEBUG]  STREAM b'IDAT' 41 65536
2024-09-08 17:31:30,413 [DEBUG]  STREAM b'IHDR' 16 13
2024-09-08 17:31:30,413 [DEBUG]  STREAM b'IDAT' 41 65536
2024-09-08 17:31:30,417 [DEBUG]  STREAM b'IHDR' 16 13
2024-09-08 17:31:30,417 [DEBUG]  STREAM b'IDAT' 41 65536
2024-09-08 17:31:30,422 [DEBUG]  STREAM b'IHDR' 16 13
2024-09-08 17:31:30,422 [DEBUG]  STREAM b'IDAT' 41 65536
2024-09-08 17:31:30,426 [DEBUG]  STREAM b'IHDR' 16 13
2024-09-08 17:31:30,426 [DEBUG]  STREAM b'IDAT' 41 65536
2024-09-08 17:31:30,432 [DEBUG]  STREAM b'IHDR' 16 13
2024-09-08 17:31:30,432 [DEBUG]  STREAM b'IDAT' 41 65536
2024-09-08 17:31:30,436 [DEBUG]  STREAM b'IHDR' 16 13
2024-09-08 17:31:30,436 [DEBUG]  STREAM b'IDAT' 41 65536
2024-09-08 17:31:30,441 [DEBUG]  STREAM b'IHDR' 16 13
2024-09-08 17:31:30,441 [DEBUG]  STREAM b'IDAT' 41 65536
2024-09-08 17:31:30,445 [DEBUG]  STREAM b'IHDR' 16 13
2024-09-08 17:31:30,445 [DEBUG]  STREAM b'IDAT' 41 65536
2024-09-08 17:31:30,451 [DEBUG]  STREAM b'IHDR' 16 13
2024-09-08 17:31:30,451 [DEBUG]  STREAM b'IDAT' 41 65536
2024-09-08 17:31:30,455 [DEBUG]  STREAM b'IHDR' 16 13
2024-09-08 17:31:30,455 [DEBUG]  STREAM b'IDAT' 41 65536
2024-09-08 17:31:30,460 [DEBUG]  STREAM b'IHDR' 16 13
2024-09-08 17:31:30,460 [DEBUG]  STREAM b'IDAT' 41 65536
2024-09-08 17:31:30,464 [DEBUG]  STREAM b'IHDR' 16 13
2024-09-08 17:31:30,464 [DEBUG]  STREAM b'IDAT' 41 65536
2024-09-08 17:31:30,470 [DEBUG]  STREAM b'IHDR' 16 13
2024-09-08 17:31:30,470 [DEBUG]  STREAM b'IDAT' 41 65536
2024-09-08 17:31:30,474 [DEBUG]  STREAM b'IHDR' 16 13
2024-09-08 17:31:30,474 [DEBUG]  STREAM b'IDAT' 41 65536
2024-09-08 17:31:30,478 [DEBUG]  STREAM b'IHDR' 16 13
2024-09-08 17:31:30,478 [DEBUG]  STREAM b'IDAT' 41 65536
2024-09-08 17:31:30,482 [DEBUG]  STREAM b'IHDR' 16 13
2024-09-08 17:31:30,482 [DEBUG]  STREAM b'IDAT' 41 65536
2024-09-08 17:31:30,491 [DEBUG]  GraphTrial.log 1105.853 visit state = 3
2024-09-08 17:31:30,496 [DEBUG]  GraphTrial.log 1105.858 start flip_time = 1105.858293291647
2024-09-08 17:31:30,501 [DEBUG]  GraphTrial.log 1105.863 get move selected = 1
2024-09-08 17:31:36,725 [DEBUG]  GraphTrial.log 1112.087 switch selected = 2
2024-09-08 17:31:37,972 [DEBUG]  GraphTrial.log 1113.334 select selected = 2
2024-09-08 17:31:37,972 [DEBUG]  GraphTrial.log 1113.334 visit state = 2
2024-09-08 17:31:37,988 [DEBUG]  GraphTrial.log 1113.350 get move selected = 5
2024-09-08 17:31:38,860 [DEBUG]  GraphTrial.log 1114.222 switch selected = 7
2024-09-08 17:31:38,987 [DEBUG]  GraphTrial.log 1114.349 select selected = 7
2024-09-08 17:31:38,987 [DEBUG]  GraphTrial.log 1114.349 visit state = 7
2024-09-08 17:31:40,866 [DEBUG]  GraphTrial.log 1116.228 done 
2024-09-08 17:31:40,866 [INFO]  end trial [{"time": 1104.6381763336249, "event": "begin drift_check"}, {"time": 1105.4940862918738, "event": "initialize", "status": null}, {"time": 1105.4944942086004, "event": "start recording"}, {"time": 1105.6216508750804, "event": "show graph"}, {"time": 1105.8532182085328, "event": "visit", "state": 3}, {"time": 1105.858315374935, "event": "start", "flip_time": 1105.858293291647}, {"time": 1105.863031083485, "event": "get move", "selected": 1}, {"time": 1112.0866898335516, "event": "switch", "selected": 2}, {"time": 1113.3339910418727, "event": "select", "selected": 2}, {"time": 1113.3340670000762, "event": "visit", "state": 2}, {"time": 1113.3498183335178, "event": "get move", "selected": 5}, {"time": 1114.2223077917006, "event": "switch", "selected": 7}, {"time": 1114.3494222084992, "event": "select", "selected": 7}, {"time": 1114.3494844166562, "event": "visit", "state": 7}, {"time": 1116.227761958493, "event": "done"}]
2024-09-08 17:31:40,866 [INFO]  stop_recording
2024-09-08 17:31:40,910 [INFO]  gt.status is None
2024-09-08 17:31:40,910 [DEBUG]  add bonus points 0 (total = 223)
2024-09-08 17:31:40,910 [INFO]  Trial 50 of 260
2024-09-08 17:31:41,116 [INFO]  begin trial {"kind": "GraphTrial", "graph": [[], [0, 5], [], [], [1, 0], [3], [], [8], [], [10, 7], [2, 6]], "rewards": [-3, 1, -4, -1, -4, -3, -1, -4, -4, null, 4], "reward_info": {"-4": {"desc": "pattern_1", "image": "images[0]"}, "-3": {"desc": "pattern_2", "image": "images[1]"}, "-2": {"desc": "pattern_3", "image": "images[2]"}, "-1": {"desc": "pattern_4", "image": "images[3]"}, "0": {"desc": "pattern_5", "image": "images[4]"}, "1": {"desc": "pattern_6", "image": "images[5]"}, "2": {"desc": "pattern_7", "image": "images[6]"}, "3": {"desc": "pattern_8", "image": "images[7]"}, "4": {"desc": "pattern_9", "image": "images[8]"}}, "initial_stage": "planning", "hide_states": false, "hide_rewards_while_acting": false, "hide_edges_while_acting": false, "gaze_contingent": false, "gaze_tolerance": 1.5, "fixation_lag": 0.5, "start": 9}
2024-09-08 17:31:41,116 [INFO]  <eyetracking.EyeLink object at 0x16d719280>
2024-09-08 17:31:41,116 [DEBUG]  GraphTrial.log 1116.478 begin drift_check 
2024-09-08 17:31:45,619 [DEBUG]  GraphTrial.log 1120.981 initialize status = None
2024-09-08 17:31:45,620 [DEBUG]  GraphTrial.log 1120.982 start recording 
2024-09-08 17:31:45,620 [INFO]  start_recording
2024-09-08 17:31:47,583 [DEBUG]  GraphTrial.log 1122.945 show graph 
2024-09-08 17:31:47,593 [DEBUG]  STREAM b'IHDR' 16 13
2024-09-08 17:31:47,593 [DEBUG]  STREAM b'IDAT' 41 65536
2024-09-08 17:31:47,607 [DEBUG]  STREAM b'IHDR' 16 13
2024-09-08 17:31:47,607 [DEBUG]  STREAM b'IDAT' 41 65536
2024-09-08 17:31:47,616 [DEBUG]  STREAM b'IHDR' 16 13
2024-09-08 17:31:47,616 [DEBUG]  STREAM b'IDAT' 41 65536
2024-09-08 17:31:47,624 [DEBUG]  STREAM b'IHDR' 16 13
2024-09-08 17:31:47,624 [DEBUG]  STREAM b'IDAT' 41 65536
2024-09-08 17:31:47,634 [DEBUG]  STREAM b'IHDR' 16 13
2024-09-08 17:31:47,634 [DEBUG]  STREAM b'IDAT' 41 65536
2024-09-08 17:31:47,641 [DEBUG]  STREAM b'IHDR' 16 13
2024-09-08 17:31:47,641 [DEBUG]  STREAM b'IDAT' 41 65536
2024-09-08 17:31:47,647 [DEBUG]  STREAM b'IHDR' 16 13
2024-09-08 17:31:47,647 [DEBUG]  STREAM b'IDAT' 41 65536
2024-09-08 17:31:47,652 [DEBUG]  STREAM b'IHDR' 16 13
2024-09-08 17:31:47,652 [DEBUG]  STREAM b'IDAT' 41 65536
2024-09-08 17:31:47,659 [DEBUG]  STREAM b'IHDR' 16 13
2024-09-08 17:31:47,659 [DEBUG]  STREAM b'IDAT' 41 65536
2024-09-08 17:31:47,664 [DEBUG]  STREAM b'IHDR' 16 13
2024-09-08 17:31:47,664 [DEBUG]  STREAM b'IDAT' 41 65536
2024-09-08 17:31:47,669 [DEBUG]  STREAM b'IHDR' 16 13
2024-09-08 17:31:47,669 [DEBUG]  STREAM b'IDAT' 41 65536
2024-09-08 17:31:47,673 [DEBUG]  STREAM b'IHDR' 16 13
2024-09-08 17:31:47,673 [DEBUG]  STREAM b'IDAT' 41 65536
2024-09-08 17:31:47,679 [DEBUG]  STREAM b'IHDR' 16 13
2024-09-08 17:31:47,679 [DEBUG]  STREAM b'IDAT' 41 65536
2024-09-08 17:31:47,684 [DEBUG]  STREAM b'IHDR' 16 13
2024-09-08 17:31:47,684 [DEBUG]  STREAM b'IDAT' 41 65536
2024-09-08 17:31:47,688 [DEBUG]  STREAM b'IHDR' 16 13
2024-09-08 17:31:47,688 [DEBUG]  STREAM b'IDAT' 41 65536
2024-09-08 17:31:47,692 [DEBUG]  STREAM b'IHDR' 16 13
2024-09-08 17:31:47,692 [DEBUG]  STREAM b'IDAT' 41 65536
2024-09-08 17:31:47,697 [DEBUG]  STREAM b'IHDR' 16 13
2024-09-08 17:31:47,697 [DEBUG]  STREAM b'IDAT' 41 65536
2024-09-08 17:31:47,702 [DEBUG]  STREAM b'IHDR' 16 13
2024-09-08 17:31:47,702 [DEBUG]  STREAM b'IDAT' 41 65536
2024-09-08 17:31:47,706 [DEBUG]  STREAM b'IHDR' 16 13
2024-09-08 17:31:47,706 [DEBUG]  STREAM b'IDAT' 41 65536
2024-09-08 17:31:47,710 [DEBUG]  STREAM b'IHDR' 16 13
2024-09-08 17:31:47,710 [DEBUG]  STREAM b'IDAT' 41 65536
2024-09-08 17:31:47,715 [DEBUG]  STREAM b'IHDR' 16 13
2024-09-08 17:31:47,715 [DEBUG]  STREAM b'IDAT' 41 65536
2024-09-08 17:31:47,720 [DEBUG]  STREAM b'IHDR' 16 13
2024-09-08 17:31:47,720 [DEBUG]  STREAM b'IDAT' 41 65536
2024-09-08 17:31:47,724 [DEBUG]  STREAM b'IHDR' 16 13
2024-09-08 17:31:47,724 [DEBUG]  STREAM b'IDAT' 41 65536
2024-09-08 17:31:47,728 [DEBUG]  STREAM b'IHDR' 16 13
2024-09-08 17:31:47,728 [DEBUG]  STREAM b'IDAT' 41 65536
2024-09-08 17:31:47,733 [DEBUG]  STREAM b'IHDR' 16 13
2024-09-08 17:31:47,733 [DEBUG]  STREAM b'IDAT' 41 65536
2024-09-08 17:31:47,737 [DEBUG]  STREAM b'IHDR' 16 13
2024-09-08 17:31:47,737 [DEBUG]  STREAM b'IDAT' 41 65536
2024-09-08 17:31:47,741 [DEBUG]  STREAM b'IHDR' 16 13
2024-09-08 17:31:47,741 [DEBUG]  STREAM b'IDAT' 41 65536
2024-09-08 17:31:47,745 [DEBUG]  STREAM b'IHDR' 16 13
2024-09-08 17:31:47,745 [DEBUG]  STREAM b'IDAT' 41 65536
2024-09-08 17:31:47,751 [DEBUG]  STREAM b'IHDR' 16 13
2024-09-08 17:31:47,751 [DEBUG]  STREAM b'IDAT' 41 65536
2024-09-08 17:31:47,755 [DEBUG]  STREAM b'IHDR' 16 13
2024-09-08 17:31:47,755 [DEBUG]  STREAM b'IDAT' 41 65536
2024-09-08 17:31:47,759 [DEBUG]  STREAM b'IHDR' 16 13
2024-09-08 17:31:47,759 [DEBUG]  STREAM b'IDAT' 41 65536
2024-09-08 17:31:47,763 [DEBUG]  STREAM b'IHDR' 16 13
2024-09-08 17:31:47,763 [DEBUG]  STREAM b'IDAT' 41 65536
2024-09-08 17:31:47,769 [DEBUG]  STREAM b'IHDR' 16 13
2024-09-08 17:31:47,769 [DEBUG]  STREAM b'IDAT' 41 65536
2024-09-08 17:31:47,773 [DEBUG]  STREAM b'IHDR' 16 13
2024-09-08 17:31:47,773 [DEBUG]  STREAM b'IDAT' 41 65536
2024-09-08 17:31:47,777 [DEBUG]  STREAM b'IHDR' 16 13
2024-09-08 17:31:47,777 [DEBUG]  STREAM b'IDAT' 41 65536
2024-09-08 17:31:47,781 [DEBUG]  STREAM b'IHDR' 16 13
2024-09-08 17:31:47,781 [DEBUG]  STREAM b'IDAT' 41 65536
2024-09-08 17:31:47,788 [DEBUG]  STREAM b'IHDR' 16 13
2024-09-08 17:31:47,788 [DEBUG]  STREAM b'IDAT' 41 65536
2024-09-08 17:31:47,793 [DEBUG]  STREAM b'IHDR' 16 13
2024-09-08 17:31:47,793 [DEBUG]  STREAM b'IDAT' 41 65536
2024-09-08 17:31:47,798 [DEBUG]  STREAM b'IHDR' 16 13
2024-09-08 17:31:47,798 [DEBUG]  STREAM b'IDAT' 41 65536
2024-09-08 17:31:47,802 [DEBUG]  STREAM b'IHDR' 16 13
2024-09-08 17:31:47,802 [DEBUG]  STREAM b'IDAT' 41 65536
2024-09-08 17:31:47,812 [DEBUG]  GraphTrial.log 1123.174 visit state = 9
2024-09-08 17:31:47,821 [DEBUG]  GraphTrial.log 1123.183 start flip_time = 1123.1824030417483
2024-09-08 17:31:47,827 [DEBUG]  GraphTrial.log 1123.189 get move selected = 7
2024-09-08 17:31:52,365 [DEBUG]  GraphTrial.log 1127.727 switch selected = 10
2024-09-08 17:31:52,908 [DEBUG]  GraphTrial.log 1128.270 select selected = 10
2024-09-08 17:31:52,908 [DEBUG]  GraphTrial.log 1128.270 visit state = 10
2024-09-08 17:31:52,918 [DEBUG]  GraphTrial.log 1128.280 get move selected = 6
2024-09-08 17:31:53,324 [DEBUG]  GraphTrial.log 1128.686 select selected = 6
2024-09-08 17:31:53,324 [DEBUG]  GraphTrial.log 1128.686 visit state = 6
2024-09-08 17:31:55,166 [DEBUG]  GraphTrial.log 1130.528 done 
2024-09-08 17:31:55,166 [INFO]  end trial [{"time": 1116.478086624993, "event": "begin drift_check"}, {"time": 1120.9807191248983, "event": "initialize", "status": null}, {"time": 1120.9818594586104, "event": "start recording"}, {"time": 1122.9448634167202, "event": "show graph"}, {"time": 1123.1740497916471, "event": "visit", "state": 9}, {"time": 1123.182593875099, "event": "start", "flip_time": 1123.1824030417483}, {"time": 1123.1889145418536, "event": "get move", "selected": 7}, {"time": 1127.7267540418543, "event": "switch", "selected": 10}, {"time": 1128.2697552500758, "event": "select", "selected": 10}, {"time": 1128.269826499978, "event": "visit", "state": 10}, {"time": 1128.2798390835524, "event": "get move", "selected": 6}, {"time": 1128.6857172499876, "event": "select", "selected": 6}, {"time": 1128.685782250017, "event": "visit", "state": 6}, {"time": 1130.5275052918587, "event": "done"}]
2024-09-08 17:31:55,166 [INFO]  stop_recording
2024-09-08 17:31:55,684 [INFO]  gt.status is None
2024-09-08 17:31:55,685 [DEBUG]  add bonus points 3 (total = 226)
2024-09-08 17:31:55,685 [INFO]  Trial 51 of 260
2024-09-08 17:31:56,252 [INFO]  begin trial {"kind": "GraphTrial", "graph": [[], [7], [], [], [3], [10, 0], [8, 1], [], [9, 2], [], [0, 4]], "rewards": [3, 4, 0, -3, 2, -1, null, 0, -4, -2, -2], "reward_info": {"-4": {"desc": "pattern_1", "image": "images[0]"}, "-3": {"desc": "pattern_2", "image": "images[1]"}, "-2": {"desc": "pattern_3", "image": "images[2]"}, "-1": {"desc": "pattern_4", "image": "images[3]"}, "0": {"desc": "pattern_5", "image": "images[4]"}, "1": {"desc": "pattern_6", "image": "images[5]"}, "2": {"desc": "pattern_7", "image": "images[6]"}, "3": {"desc": "pattern_8", "image": "images[7]"}, "4": {"desc": "pattern_9", "image": "images[8]"}}, "initial_stage": "planning", "hide_states": false, "hide_rewards_while_acting": false, "hide_edges_while_acting": false, "gaze_contingent": false, "gaze_tolerance": 1.5, "fixation_lag": 0.5, "start": 6}
2024-09-08 17:31:56,252 [INFO]  <eyetracking.EyeLink object at 0x16d719280>
2024-09-08 17:31:56,252 [DEBUG]  GraphTrial.log 1131.614 begin drift_check 
2024-09-08 17:31:58,429 [INFO]  escape in drift correct
2024-09-08 17:32:25,407 [INFO]  drift check keys ['r']
2024-09-08 17:32:25,412 [DEBUG]  GraphTrial.log 1160.774 initialize status = recalibrate
2024-09-08 17:32:25,413 [DEBUG]  GraphTrial.log 1160.774 done status = recalibrate
2024-09-08 17:32:25,413 [INFO]  begin recalibrate
2024-09-08 17:32:25,413 [DEBUG]  message: We're going to recalibrate the eyetracker. Please tell the experimenter. (Wait for the experimenter (space))
2024-09-08 17:32:27,710 [INFO]  doTrackerSetup
2024-09-08 17:33:15,584 [INFO]  done doTrackerSetup
2024-09-08 17:33:15,615 [INFO]  begin calibrate_gaze_tolerance
2024-09-08 17:33:15,615 [DEBUG]  message: We're going to check how well the eyetracker is working. (None)
2024-09-08 17:33:42,565 [DEBUG]  message: When the board comes up, just look at the O's as they appear. They should disappear. If it's not working, press X. (None)
2024-09-08 17:33:45,544 [ERROR]  Expected a list with a dictionary for trial data, got: [[], [], [], [], [], [], [], [], [], [], []]
2024-09-08 17:33:45,544 [INFO]  begin trial {"kind": "CalibrationTrial", "graph": [[], [], [], [], [], [], [], [], [], [], []], "rewards": [-1, -2, -1, -3, 3, -4, 3, 0, 1, null, -2], "reward_info": {"-4": {"desc": "pattern_1", "image": "images[0]"}, "-3": {"desc": "pattern_2", "image": "images[1]"}, "-2": {"desc": "pattern_3", "image": "images[2]"}, "-1": {"desc": "pattern_4", "image": "images[3]"}, "0": {"desc": "pattern_5", "image": "images[4]"}, "1": {"desc": "pattern_6", "image": "images[5]"}, "2": {"desc": "pattern_7", "image": "images[6]"}, "3": {"desc": "pattern_8", "image": "images[7]"}, "4": {"desc": "pattern_9", "image": "images[8]"}}, "initial_stage": "planning", "hide_states": false, "hide_rewards_while_acting": false, "hide_edges_while_acting": false, "gaze_contingent": true, "gaze_tolerance": 1.5, "fixation_lag": 0.1, "start": 9}
2024-09-08 17:33:45,544 [DEBUG]  CalibrationTrial.log 1240.906 start recording 
2024-09-08 17:33:45,544 [INFO]  start_recording
2024-09-08 17:33:45,675 [DEBUG]  CalibrationTrial.log 1241.036 show graph 
2024-09-08 17:33:45,679 [DEBUG]  STREAM b'IHDR' 16 13
2024-09-08 17:33:45,679 [DEBUG]  STREAM b'IDAT' 41 65536
2024-09-08 17:33:45,689 [DEBUG]  STREAM b'IHDR' 16 13
2024-09-08 17:33:45,689 [DEBUG]  STREAM b'IDAT' 41 65536
2024-09-08 17:33:45,696 [DEBUG]  STREAM b'IHDR' 16 13
2024-09-08 17:33:45,696 [DEBUG]  STREAM b'IDAT' 41 65536
2024-09-08 17:33:45,702 [DEBUG]  STREAM b'IHDR' 16 13
2024-09-08 17:33:45,702 [DEBUG]  STREAM b'IDAT' 41 65536
2024-09-08 17:33:45,711 [DEBUG]  STREAM b'IHDR' 16 13
2024-09-08 17:33:45,711 [DEBUG]  STREAM b'IDAT' 41 65536
2024-09-08 17:33:45,717 [DEBUG]  STREAM b'IHDR' 16 13
2024-09-08 17:33:45,717 [DEBUG]  STREAM b'IDAT' 41 65536
2024-09-08 17:33:45,723 [DEBUG]  STREAM b'IHDR' 16 13
2024-09-08 17:33:45,723 [DEBUG]  STREAM b'IDAT' 41 65536
2024-09-08 17:33:45,728 [DEBUG]  STREAM b'IHDR' 16 13
2024-09-08 17:33:45,728 [DEBUG]  STREAM b'IDAT' 41 65536
2024-09-08 17:33:45,734 [DEBUG]  STREAM b'IHDR' 16 13
2024-09-08 17:33:45,734 [DEBUG]  STREAM b'IDAT' 41 65536
2024-09-08 17:33:45,739 [DEBUG]  STREAM b'IHDR' 16 13
2024-09-08 17:33:45,739 [DEBUG]  STREAM b'IDAT' 41 65536
2024-09-08 17:33:45,743 [DEBUG]  STREAM b'IHDR' 16 13
2024-09-08 17:33:45,743 [DEBUG]  STREAM b'IDAT' 41 65536
2024-09-08 17:33:45,747 [DEBUG]  STREAM b'IHDR' 16 13
2024-09-08 17:33:45,747 [DEBUG]  STREAM b'IDAT' 41 65536
2024-09-08 17:33:45,753 [DEBUG]  STREAM b'IHDR' 16 13
2024-09-08 17:33:45,753 [DEBUG]  STREAM b'IDAT' 41 65536
2024-09-08 17:33:45,757 [DEBUG]  STREAM b'IHDR' 16 13
2024-09-08 17:33:45,757 [DEBUG]  STREAM b'IDAT' 41 65536
2024-09-08 17:33:45,762 [DEBUG]  STREAM b'IHDR' 16 13
2024-09-08 17:33:45,762 [DEBUG]  STREAM b'IDAT' 41 65536
2024-09-08 17:33:45,766 [DEBUG]  STREAM b'IHDR' 16 13
2024-09-08 17:33:45,766 [DEBUG]  STREAM b'IDAT' 41 65536
2024-09-08 17:33:45,772 [DEBUG]  STREAM b'IHDR' 16 13
2024-09-08 17:33:45,772 [DEBUG]  STREAM b'IDAT' 41 65536
2024-09-08 17:33:45,777 [DEBUG]  STREAM b'IHDR' 16 13
2024-09-08 17:33:45,777 [DEBUG]  STREAM b'IDAT' 41 65536
2024-09-08 17:33:45,781 [DEBUG]  STREAM b'IHDR' 16 13
2024-09-08 17:33:45,781 [DEBUG]  STREAM b'IDAT' 41 65536
2024-09-08 17:33:45,786 [DEBUG]  STREAM b'IHDR' 16 13
2024-09-08 17:33:45,786 [DEBUG]  STREAM b'IDAT' 41 65536
2024-09-08 17:33:45,791 [DEBUG]  STREAM b'IHDR' 16 13
2024-09-08 17:33:45,791 [DEBUG]  STREAM b'IDAT' 41 65536
2024-09-08 17:33:45,796 [DEBUG]  STREAM b'IHDR' 16 13
2024-09-08 17:33:45,796 [DEBUG]  STREAM b'IDAT' 41 65536
2024-09-08 17:33:45,800 [DEBUG]  STREAM b'IHDR' 16 13
2024-09-08 17:33:45,800 [DEBUG]  STREAM b'IDAT' 41 65536
2024-09-08 17:33:45,804 [DEBUG]  STREAM b'IHDR' 16 13
2024-09-08 17:33:45,804 [DEBUG]  STREAM b'IDAT' 41 65536
2024-09-08 17:33:45,809 [DEBUG]  STREAM b'IHDR' 16 13
2024-09-08 17:33:45,809 [DEBUG]  STREAM b'IDAT' 41 65536
2024-09-08 17:33:45,814 [DEBUG]  STREAM b'IHDR' 16 13
2024-09-08 17:33:45,814 [DEBUG]  STREAM b'IDAT' 41 65536
2024-09-08 17:33:45,818 [DEBUG]  STREAM b'IHDR' 16 13
2024-09-08 17:33:45,818 [DEBUG]  STREAM b'IDAT' 41 65536
2024-09-08 17:33:45,822 [DEBUG]  STREAM b'IHDR' 16 13
2024-09-08 17:33:45,823 [DEBUG]  STREAM b'IDAT' 41 65536
2024-09-08 17:33:45,829 [DEBUG]  STREAM b'IHDR' 16 13
2024-09-08 17:33:45,829 [DEBUG]  STREAM b'IDAT' 41 65536
2024-09-08 17:33:45,834 [DEBUG]  STREAM b'IHDR' 16 13
2024-09-08 17:33:45,834 [DEBUG]  STREAM b'IDAT' 41 65536
2024-09-08 17:33:45,838 [DEBUG]  STREAM b'IHDR' 16 13
2024-09-08 17:33:45,838 [DEBUG]  STREAM b'IDAT' 41 65536
2024-09-08 17:33:45,842 [DEBUG]  STREAM b'IHDR' 16 13
2024-09-08 17:33:45,842 [DEBUG]  STREAM b'IDAT' 41 65536
2024-09-08 17:33:45,848 [DEBUG]  STREAM b'IHDR' 16 13
2024-09-08 17:33:45,848 [DEBUG]  STREAM b'IDAT' 41 65536
2024-09-08 17:33:45,852 [DEBUG]  STREAM b'IHDR' 16 13
2024-09-08 17:33:45,852 [DEBUG]  STREAM b'IDAT' 41 65536
2024-09-08 17:33:45,856 [DEBUG]  STREAM b'IHDR' 16 13
2024-09-08 17:33:45,856 [DEBUG]  STREAM b'IDAT' 41 65536
2024-09-08 17:33:45,860 [DEBUG]  STREAM b'IHDR' 16 13
2024-09-08 17:33:45,860 [DEBUG]  STREAM b'IDAT' 41 65536
2024-09-08 17:33:45,866 [DEBUG]  STREAM b'IHDR' 16 13
2024-09-08 17:33:45,866 [DEBUG]  STREAM b'IDAT' 41 65536
2024-09-08 17:33:45,871 [DEBUG]  STREAM b'IHDR' 16 13
2024-09-08 17:33:45,871 [DEBUG]  STREAM b'IDAT' 41 65536
2024-09-08 17:33:45,875 [DEBUG]  STREAM b'IHDR' 16 13
2024-09-08 17:33:45,875 [DEBUG]  STREAM b'IDAT' 41 65536
2024-09-08 17:33:45,879 [DEBUG]  STREAM b'IHDR' 16 13
2024-09-08 17:33:45,879 [DEBUG]  STREAM b'IDAT' 41 65536
2024-09-08 17:33:45,887 [ERROR]  Index 0 is out of range for reward_labels
2024-09-08 17:33:45,887 [ERROR]  Index 1 is out of range for reward_labels
2024-09-08 17:33:45,887 [ERROR]  Index 2 is out of range for reward_labels
2024-09-08 17:33:45,887 [ERROR]  Index 3 is out of range for reward_labels
2024-09-08 17:33:45,887 [ERROR]  Index 4 is out of range for reward_labels
2024-09-08 17:33:45,887 [ERROR]  Index 5 is out of range for reward_labels
2024-09-08 17:33:45,887 [ERROR]  Index 6 is out of range for reward_labels
2024-09-08 17:33:45,887 [ERROR]  Index 7 is out of range for reward_labels
2024-09-08 17:33:45,887 [ERROR]  Index 8 is out of range for reward_labels
2024-09-08 17:33:45,887 [ERROR]  Index 9 is out of range for reward_labels
2024-09-08 17:33:45,887 [ERROR]  Index 10 is out of range for reward_labels
2024-09-08 17:33:45,887 [DEBUG]  update_node_labels []
2024-09-08 17:33:45,887 [DEBUG]  CalibrationTrial.log 1241.249 new target state = 7
2024-09-08 17:33:45,887 [ERROR]  Caught exception in stage calibrate_gaze_tolerance
Traceback (most recent call last):
  File "/Users/labadmin/twostep-eyetracking/experiment.py", line 36, in wrapper
    f(self, *args, **kwargs)
  File "/Users/labadmin/twostep-eyetracking/experiment.py", line 540, in calibrate_gaze_tolerance
    result = gt.run()
  File "/Users/labadmin/twostep-eyetracking/trial.py", line 618, in run
    self.start_time = self.tick()
  File "/Users/labadmin/twostep-eyetracking/trial.py", line 604, in tick
    t = time.time()
NameError: name 'time' is not defined
2024-09-08 17:33:56,055 [WARNING]  Retrying calibrate_gaze_tolerance
2024-09-08 17:33:56,055 [INFO]  begin calibrate_gaze_tolerance
2024-09-08 17:33:56,055 [DEBUG]  message: We're going to check how well the eyetracker is working. (None)
2024-09-08 17:33:57,567 [DEBUG]  message: When the board comes up, just look at the O's as they appear. They should disappear. If it's not working, press X. (None)
2024-09-08 17:34:01,157 [ERROR]  Expected a list with a dictionary for trial data, got: [[], [], [], [], [], [], [], [], [], [], []]
2024-09-08 17:34:01,157 [INFO]  begin trial {"kind": "CalibrationTrial", "graph": [[], [], [], [], [], [], [], [], [], [], []], "rewards": [-1, -2, -1, -3, 3, -4, 3, 0, 1, null, -2], "reward_info": {"-4": {"desc": "pattern_1", "image": "images[0]"}, "-3": {"desc": "pattern_2", "image": "images[1]"}, "-2": {"desc": "pattern_3", "image": "images[2]"}, "-1": {"desc": "pattern_4", "image": "images[3]"}, "0": {"desc": "pattern_5", "image": "images[4]"}, "1": {"desc": "pattern_6", "image": "images[5]"}, "2": {"desc": "pattern_7", "image": "images[6]"}, "3": {"desc": "pattern_8", "image": "images[7]"}, "4": {"desc": "pattern_9", "image": "images[8]"}}, "initial_stage": "planning", "hide_states": false, "hide_rewards_while_acting": false, "hide_edges_while_acting": false, "gaze_contingent": true, "gaze_tolerance": 1.5, "fixation_lag": 0.1, "start": 9}
2024-09-08 17:34:01,157 [DEBUG]  CalibrationTrial.log 1256.519 start recording 
2024-09-08 17:34:01,157 [INFO]  start_recording
2024-09-08 17:34:01,786 [DEBUG]  CalibrationTrial.log 1257.148 show graph 
2024-09-08 17:34:01,795 [DEBUG]  STREAM b'IHDR' 16 13
2024-09-08 17:34:01,795 [DEBUG]  STREAM b'IDAT' 41 65536
2024-09-08 17:34:01,805 [DEBUG]  STREAM b'IHDR' 16 13
2024-09-08 17:34:01,805 [DEBUG]  STREAM b'IDAT' 41 65536
2024-09-08 17:34:01,812 [DEBUG]  STREAM b'IHDR' 16 13
2024-09-08 17:34:01,812 [DEBUG]  STREAM b'IDAT' 41 65536
2024-09-08 17:34:01,818 [DEBUG]  STREAM b'IHDR' 16 13
2024-09-08 17:34:01,818 [DEBUG]  STREAM b'IDAT' 41 65536
2024-09-08 17:34:01,826 [DEBUG]  STREAM b'IHDR' 16 13
2024-09-08 17:34:01,826 [DEBUG]  STREAM b'IDAT' 41 65536
2024-09-08 17:34:01,832 [DEBUG]  STREAM b'IHDR' 16 13
2024-09-08 17:34:01,832 [DEBUG]  STREAM b'IDAT' 41 65536
2024-09-08 17:34:01,837 [DEBUG]  STREAM b'IHDR' 16 13
2024-09-08 17:34:01,837 [DEBUG]  STREAM b'IDAT' 41 65536
2024-09-08 17:34:01,842 [DEBUG]  STREAM b'IHDR' 16 13
2024-09-08 17:34:01,842 [DEBUG]  STREAM b'IDAT' 41 65536
2024-09-08 17:34:01,848 [DEBUG]  STREAM b'IHDR' 16 13
2024-09-08 17:34:01,848 [DEBUG]  STREAM b'IDAT' 41 65536
2024-09-08 17:34:01,853 [DEBUG]  STREAM b'IHDR' 16 13
2024-09-08 17:34:01,853 [DEBUG]  STREAM b'IDAT' 41 65536
2024-09-08 17:34:01,858 [DEBUG]  STREAM b'IHDR' 16 13
2024-09-08 17:34:01,858 [DEBUG]  STREAM b'IDAT' 41 65536
2024-09-08 17:34:01,862 [DEBUG]  STREAM b'IHDR' 16 13
2024-09-08 17:34:01,862 [DEBUG]  STREAM b'IDAT' 41 65536
2024-09-08 17:34:01,867 [DEBUG]  STREAM b'IHDR' 16 13
2024-09-08 17:34:01,867 [DEBUG]  STREAM b'IDAT' 41 65536
2024-09-08 17:34:01,872 [DEBUG]  STREAM b'IHDR' 16 13
2024-09-08 17:34:01,872 [DEBUG]  STREAM b'IDAT' 41 65536
2024-09-08 17:34:01,876 [DEBUG]  STREAM b'IHDR' 16 13
2024-09-08 17:34:01,876 [DEBUG]  STREAM b'IDAT' 41 65536
2024-09-08 17:34:01,880 [DEBUG]  STREAM b'IHDR' 16 13
2024-09-08 17:34:01,880 [DEBUG]  STREAM b'IDAT' 41 65536
2024-09-08 17:34:01,885 [DEBUG]  STREAM b'IHDR' 16 13
2024-09-08 17:34:01,885 [DEBUG]  STREAM b'IDAT' 41 65536
2024-09-08 17:34:01,890 [DEBUG]  STREAM b'IHDR' 16 13
2024-09-08 17:34:01,890 [DEBUG]  STREAM b'IDAT' 41 65536
2024-09-08 17:34:01,894 [DEBUG]  STREAM b'IHDR' 16 13
2024-09-08 17:34:01,894 [DEBUG]  STREAM b'IDAT' 41 65536
2024-09-08 17:34:01,899 [DEBUG]  STREAM b'IHDR' 16 13
2024-09-08 17:34:01,899 [DEBUG]  STREAM b'IDAT' 41 65536
2024-09-08 17:34:01,904 [DEBUG]  STREAM b'IHDR' 16 13
2024-09-08 17:34:01,905 [DEBUG]  STREAM b'IDAT' 41 65536
2024-09-08 17:34:01,909 [DEBUG]  STREAM b'IHDR' 16 13
2024-09-08 17:34:01,909 [DEBUG]  STREAM b'IDAT' 41 65536
2024-09-08 17:34:01,913 [DEBUG]  STREAM b'IHDR' 16 13
2024-09-08 17:34:01,913 [DEBUG]  STREAM b'IDAT' 41 65536
2024-09-08 17:34:01,917 [DEBUG]  STREAM b'IHDR' 16 13
2024-09-08 17:34:01,917 [DEBUG]  STREAM b'IDAT' 41 65536
2024-09-08 17:34:01,922 [DEBUG]  STREAM b'IHDR' 16 13
2024-09-08 17:34:01,922 [DEBUG]  STREAM b'IDAT' 41 65536
2024-09-08 17:34:01,927 [DEBUG]  STREAM b'IHDR' 16 13
2024-09-08 17:34:01,927 [DEBUG]  STREAM b'IDAT' 41 65536
2024-09-08 17:34:01,931 [DEBUG]  STREAM b'IHDR' 16 13
2024-09-08 17:34:01,931 [DEBUG]  STREAM b'IDAT' 41 65536
2024-09-08 17:34:01,935 [DEBUG]  STREAM b'IHDR' 16 13
2024-09-08 17:34:01,935 [DEBUG]  STREAM b'IDAT' 41 65536
2024-09-08 17:34:01,941 [DEBUG]  STREAM b'IHDR' 16 13
2024-09-08 17:34:01,941 [DEBUG]  STREAM b'IDAT' 41 65536
2024-09-08 17:34:01,945 [DEBUG]  STREAM b'IHDR' 16 13
2024-09-08 17:34:01,945 [DEBUG]  STREAM b'IDAT' 41 65536
2024-09-08 17:34:01,949 [DEBUG]  STREAM b'IHDR' 16 13
2024-09-08 17:34:01,950 [DEBUG]  STREAM b'IDAT' 41 65536
2024-09-08 17:34:01,954 [DEBUG]  STREAM b'IHDR' 16 13
2024-09-08 17:34:01,954 [DEBUG]  STREAM b'IDAT' 41 65536
2024-09-08 17:34:01,959 [DEBUG]  STREAM b'IHDR' 16 13
2024-09-08 17:34:01,959 [DEBUG]  STREAM b'IDAT' 41 65536
2024-09-08 17:34:01,963 [DEBUG]  STREAM b'IHDR' 16 13
2024-09-08 17:34:01,963 [DEBUG]  STREAM b'IDAT' 41 65536
2024-09-08 17:34:01,967 [DEBUG]  STREAM b'IHDR' 16 13
2024-09-08 17:34:01,967 [DEBUG]  STREAM b'IDAT' 41 65536
2024-09-08 17:34:01,971 [DEBUG]  STREAM b'IHDR' 16 13
2024-09-08 17:34:01,971 [DEBUG]  STREAM b'IDAT' 41 65536
2024-09-08 17:34:01,978 [DEBUG]  STREAM b'IHDR' 16 13
2024-09-08 17:34:01,978 [DEBUG]  STREAM b'IDAT' 41 65536
2024-09-08 17:34:01,982 [DEBUG]  STREAM b'IHDR' 16 13
2024-09-08 17:34:01,982 [DEBUG]  STREAM b'IDAT' 41 65536
2024-09-08 17:34:01,986 [DEBUG]  STREAM b'IHDR' 16 13
2024-09-08 17:34:01,986 [DEBUG]  STREAM b'IDAT' 41 65536
2024-09-08 17:34:01,990 [DEBUG]  STREAM b'IHDR' 16 13
2024-09-08 17:34:01,990 [DEBUG]  STREAM b'IDAT' 41 65536
2024-09-08 17:34:01,994 [ERROR]  Index 0 is out of range for reward_labels
2024-09-08 17:34:01,995 [ERROR]  Index 1 is out of range for reward_labels
2024-09-08 17:34:01,995 [ERROR]  Index 2 is out of range for reward_labels
2024-09-08 17:34:01,995 [ERROR]  Index 3 is out of range for reward_labels
2024-09-08 17:34:01,995 [ERROR]  Index 4 is out of range for reward_labels
2024-09-08 17:34:01,995 [ERROR]  Index 5 is out of range for reward_labels
2024-09-08 17:34:01,995 [ERROR]  Index 6 is out of range for reward_labels
2024-09-08 17:34:01,995 [ERROR]  Index 7 is out of range for reward_labels
2024-09-08 17:34:01,995 [ERROR]  Index 8 is out of range for reward_labels
2024-09-08 17:34:01,995 [ERROR]  Index 9 is out of range for reward_labels
2024-09-08 17:34:01,995 [ERROR]  Index 10 is out of range for reward_labels
2024-09-08 17:34:01,995 [DEBUG]  update_node_labels []
2024-09-08 17:34:01,995 [DEBUG]  CalibrationTrial.log 1257.356 new target state = 6
2024-09-08 17:34:01,995 [ERROR]  Caught exception in stage calibrate_gaze_tolerance
Traceback (most recent call last):
  File "/Users/labadmin/twostep-eyetracking/experiment.py", line 36, in wrapper
    f(self, *args, **kwargs)
  File "/Users/labadmin/twostep-eyetracking/experiment.py", line 540, in calibrate_gaze_tolerance
    result = gt.run()
  File "/Users/labadmin/twostep-eyetracking/trial.py", line 618, in run
    self.start_time = self.tick()
  File "/Users/labadmin/twostep-eyetracking/trial.py", line 604, in tick
    t = time.time()
NameError: name 'time' is not defined

During handling of the above exception, another exception occurred:

Traceback (most recent call last):
  File "/Users/labadmin/twostep-eyetracking/experiment.py", line 36, in wrapper
    f(self, *args, **kwargs)
  File "/Users/labadmin/twostep-eyetracking/experiment.py", line 540, in calibrate_gaze_tolerance
    result = gt.run()
  File "/Users/labadmin/twostep-eyetracking/trial.py", line 618, in run
    self.start_time = self.tick()
  File "/Users/labadmin/twostep-eyetracking/trial.py", line 604, in tick
    t = time.time()
NameError: name 'time' is not defined
2024-09-08 17:34:07,975 [WARNING]  Retrying calibrate_gaze_tolerance
2024-09-08 17:34:07,975 [INFO]  begin calibrate_gaze_tolerance
2024-09-08 17:34:07,975 [DEBUG]  message: We're going to check how well the eyetracker is working. (None)
2024-09-08 17:34:10,623 [DEBUG]  message: When the board comes up, just look at the O's as they appear. They should disappear. If it's not working, press X. (None)
2024-09-08 17:34:12,025 [ERROR]  Expected a list with a dictionary for trial data, got: [[], [], [], [], [], [], [], [], [], [], []]
2024-09-08 17:34:12,025 [INFO]  begin trial {"kind": "CalibrationTrial", "graph": [[], [], [], [], [], [], [], [], [], [], []], "rewards": [-1, -2, -1, -3, 3, -4, 3, 0, 1, null, -2], "reward_info": {"-4": {"desc": "pattern_1", "image": "images[0]"}, "-3": {"desc": "pattern_2", "image": "images[1]"}, "-2": {"desc": "pattern_3", "image": "images[2]"}, "-1": {"desc": "pattern_4", "image": "images[3]"}, "0": {"desc": "pattern_5", "image": "images[4]"}, "1": {"desc": "pattern_6", "image": "images[5]"}, "2": {"desc": "pattern_7", "image": "images[6]"}, "3": {"desc": "pattern_8", "image": "images[7]"}, "4": {"desc": "pattern_9", "image": "images[8]"}}, "initial_stage": "planning", "hide_states": false, "hide_rewards_while_acting": false, "hide_edges_while_acting": false, "gaze_contingent": true, "gaze_tolerance": 1.5, "fixation_lag": 0.1, "start": 9}
2024-09-08 17:34:12,025 [DEBUG]  CalibrationTrial.log 1267.387 start recording 
2024-09-08 17:34:12,025 [INFO]  start_recording
2024-09-08 17:34:12,653 [DEBUG]  CalibrationTrial.log 1268.015 show graph 
2024-09-08 17:34:12,661 [DEBUG]  STREAM b'IHDR' 16 13
2024-09-08 17:34:12,661 [DEBUG]  STREAM b'IDAT' 41 65536
2024-09-08 17:34:12,672 [DEBUG]  STREAM b'IHDR' 16 13
2024-09-08 17:34:12,672 [DEBUG]  STREAM b'IDAT' 41 65536
2024-09-08 17:34:12,681 [DEBUG]  STREAM b'IHDR' 16 13
2024-09-08 17:34:12,681 [DEBUG]  STREAM b'IDAT' 41 65536
2024-09-08 17:34:12,688 [DEBUG]  STREAM b'IHDR' 16 13
2024-09-08 17:34:12,688 [DEBUG]  STREAM b'IDAT' 41 65536
2024-09-08 17:34:12,696 [DEBUG]  STREAM b'IHDR' 16 13
2024-09-08 17:34:12,696 [DEBUG]  STREAM b'IDAT' 41 65536
2024-09-08 17:34:12,702 [DEBUG]  STREAM b'IHDR' 16 13
2024-09-08 17:34:12,702 [DEBUG]  STREAM b'IDAT' 41 65536
2024-09-08 17:34:12,708 [DEBUG]  STREAM b'IHDR' 16 13
2024-09-08 17:34:12,708 [DEBUG]  STREAM b'IDAT' 41 65536
2024-09-08 17:34:12,713 [DEBUG]  STREAM b'IHDR' 16 13
2024-09-08 17:34:12,713 [DEBUG]  STREAM b'IDAT' 41 65536
2024-09-08 17:34:12,719 [DEBUG]  STREAM b'IHDR' 16 13
2024-09-08 17:34:12,720 [DEBUG]  STREAM b'IDAT' 41 65536
2024-09-08 17:34:12,724 [DEBUG]  STREAM b'IHDR' 16 13
2024-09-08 17:34:12,724 [DEBUG]  STREAM b'IDAT' 41 65536
2024-09-08 17:34:12,729 [DEBUG]  STREAM b'IHDR' 16 13
2024-09-08 17:34:12,729 [DEBUG]  STREAM b'IDAT' 41 65536
2024-09-08 17:34:12,733 [DEBUG]  STREAM b'IHDR' 16 13
2024-09-08 17:34:12,733 [DEBUG]  STREAM b'IDAT' 41 65536
2024-09-08 17:34:12,739 [DEBUG]  STREAM b'IHDR' 16 13
2024-09-08 17:34:12,739 [DEBUG]  STREAM b'IDAT' 41 65536
2024-09-08 17:34:12,743 [DEBUG]  STREAM b'IHDR' 16 13
2024-09-08 17:34:12,743 [DEBUG]  STREAM b'IDAT' 41 65536
2024-09-08 17:34:12,748 [DEBUG]  STREAM b'IHDR' 16 13
2024-09-08 17:34:12,748 [DEBUG]  STREAM b'IDAT' 41 65536
2024-09-08 17:34:12,752 [DEBUG]  STREAM b'IHDR' 16 13
2024-09-08 17:34:12,752 [DEBUG]  STREAM b'IDAT' 41 65536
2024-09-08 17:34:12,757 [DEBUG]  STREAM b'IHDR' 16 13
2024-09-08 17:34:12,757 [DEBUG]  STREAM b'IDAT' 41 65536
2024-09-08 17:34:12,762 [DEBUG]  STREAM b'IHDR' 16 13
2024-09-08 17:34:12,762 [DEBUG]  STREAM b'IDAT' 41 65536
2024-09-08 17:34:12,766 [DEBUG]  STREAM b'IHDR' 16 13
2024-09-08 17:34:12,766 [DEBUG]  STREAM b'IDAT' 41 65536
2024-09-08 17:34:12,770 [DEBUG]  STREAM b'IHDR' 16 13
2024-09-08 17:34:12,770 [DEBUG]  STREAM b'IDAT' 41 65536
2024-09-08 17:34:12,776 [DEBUG]  STREAM b'IHDR' 16 13
2024-09-08 17:34:12,776 [DEBUG]  STREAM b'IDAT' 41 65536
2024-09-08 17:34:12,780 [DEBUG]  STREAM b'IHDR' 16 13
2024-09-08 17:34:12,780 [DEBUG]  STREAM b'IDAT' 41 65536
2024-09-08 17:34:12,784 [DEBUG]  STREAM b'IHDR' 16 13
2024-09-08 17:34:12,784 [DEBUG]  STREAM b'IDAT' 41 65536
2024-09-08 17:34:12,788 [DEBUG]  STREAM b'IHDR' 16 13
2024-09-08 17:34:12,788 [DEBUG]  STREAM b'IDAT' 41 65536
2024-09-08 17:34:12,794 [DEBUG]  STREAM b'IHDR' 16 13
2024-09-08 17:34:12,794 [DEBUG]  STREAM b'IDAT' 41 65536
2024-09-08 17:34:12,798 [DEBUG]  STREAM b'IHDR' 16 13
2024-09-08 17:34:12,798 [DEBUG]  STREAM b'IDAT' 41 65536
2024-09-08 17:34:12,803 [DEBUG]  STREAM b'IHDR' 16 13
2024-09-08 17:34:12,803 [DEBUG]  STREAM b'IDAT' 41 65536
2024-09-08 17:34:12,807 [DEBUG]  STREAM b'IHDR' 16 13
2024-09-08 17:34:12,807 [DEBUG]  STREAM b'IDAT' 41 65536
2024-09-08 17:34:12,813 [DEBUG]  STREAM b'IHDR' 16 13
2024-09-08 17:34:12,813 [DEBUG]  STREAM b'IDAT' 41 65536
2024-09-08 17:34:12,817 [DEBUG]  STREAM b'IHDR' 16 13
2024-09-08 17:34:12,817 [DEBUG]  STREAM b'IDAT' 41 65536
2024-09-08 17:34:12,821 [DEBUG]  STREAM b'IHDR' 16 13
2024-09-08 17:34:12,821 [DEBUG]  STREAM b'IDAT' 41 65536
2024-09-08 17:34:12,825 [DEBUG]  STREAM b'IHDR' 16 13
2024-09-08 17:34:12,825 [DEBUG]  STREAM b'IDAT' 41 65536
2024-09-08 17:34:12,831 [DEBUG]  STREAM b'IHDR' 16 13
2024-09-08 17:34:12,831 [DEBUG]  STREAM b'IDAT' 41 65536
2024-09-08 17:34:12,835 [DEBUG]  STREAM b'IHDR' 16 13
2024-09-08 17:34:12,835 [DEBUG]  STREAM b'IDAT' 41 65536
2024-09-08 17:34:12,839 [DEBUG]  STREAM b'IHDR' 16 13
2024-09-08 17:34:12,839 [DEBUG]  STREAM b'IDAT' 41 65536
2024-09-08 17:34:12,843 [DEBUG]  STREAM b'IHDR' 16 13
2024-09-08 17:34:12,843 [DEBUG]  STREAM b'IDAT' 41 65536
2024-09-08 17:34:12,849 [DEBUG]  STREAM b'IHDR' 16 13
2024-09-08 17:34:12,849 [DEBUG]  STREAM b'IDAT' 41 65536
2024-09-08 17:34:12,853 [DEBUG]  STREAM b'IHDR' 16 13
2024-09-08 17:34:12,853 [DEBUG]  STREAM b'IDAT' 41 65536
2024-09-08 17:34:12,857 [DEBUG]  STREAM b'IHDR' 16 13
2024-09-08 17:34:12,857 [DEBUG]  STREAM b'IDAT' 41 65536
2024-09-08 17:34:12,861 [DEBUG]  STREAM b'IHDR' 16 13
2024-09-08 17:34:12,861 [DEBUG]  STREAM b'IDAT' 41 65536
2024-09-08 17:34:12,866 [ERROR]  Index 0 is out of range for reward_labels
2024-09-08 17:34:12,866 [ERROR]  Index 1 is out of range for reward_labels
2024-09-08 17:34:12,866 [ERROR]  Index 2 is out of range for reward_labels
2024-09-08 17:34:12,866 [ERROR]  Index 3 is out of range for reward_labels
2024-09-08 17:34:12,866 [ERROR]  Index 4 is out of range for reward_labels
2024-09-08 17:34:12,866 [ERROR]  Index 5 is out of range for reward_labels
2024-09-08 17:34:12,866 [ERROR]  Index 6 is out of range for reward_labels
2024-09-08 17:34:12,866 [ERROR]  Index 7 is out of range for reward_labels
2024-09-08 17:34:12,866 [ERROR]  Index 8 is out of range for reward_labels
2024-09-08 17:34:12,866 [ERROR]  Index 9 is out of range for reward_labels
2024-09-08 17:34:12,866 [ERROR]  Index 10 is out of range for reward_labels
2024-09-08 17:34:12,866 [DEBUG]  update_node_labels []
2024-09-08 17:34:12,866 [DEBUG]  CalibrationTrial.log 1268.228 new target state = 10
2024-09-08 17:34:12,866 [ERROR]  Caught exception in stage calibrate_gaze_tolerance
Traceback (most recent call last):
  File "/Users/labadmin/twostep-eyetracking/experiment.py", line 36, in wrapper
    f(self, *args, **kwargs)
  File "/Users/labadmin/twostep-eyetracking/experiment.py", line 540, in calibrate_gaze_tolerance
    result = gt.run()
  File "/Users/labadmin/twostep-eyetracking/trial.py", line 618, in run
    self.start_time = self.tick()
  File "/Users/labadmin/twostep-eyetracking/trial.py", line 604, in tick
    t = time.time()
NameError: name 'time' is not defined

During handling of the above exception, another exception occurred:

Traceback (most recent call last):
  File "/Users/labadmin/twostep-eyetracking/experiment.py", line 36, in wrapper
    f(self, *args, **kwargs)
  File "/Users/labadmin/twostep-eyetracking/experiment.py", line 540, in calibrate_gaze_tolerance
    result = gt.run()
  File "/Users/labadmin/twostep-eyetracking/trial.py", line 618, in run
    self.start_time = self.tick()
  File "/Users/labadmin/twostep-eyetracking/trial.py", line 604, in tick
    t = time.time()
NameError: name 'time' is not defined

During handling of the above exception, another exception occurred:

Traceback (most recent call last):
  File "/Users/labadmin/twostep-eyetracking/experiment.py", line 36, in wrapper
    f(self, *args, **kwargs)
  File "/Users/labadmin/twostep-eyetracking/experiment.py", line 540, in calibrate_gaze_tolerance
    result = gt.run()
  File "/Users/labadmin/twostep-eyetracking/trial.py", line 618, in run
    self.start_time = self.tick()
  File "/Users/labadmin/twostep-eyetracking/trial.py", line 604, in tick
    t = time.time()
NameError: name 'time' is not defined
2024-09-08 17:34:14,606 [ERROR]  Caught exception in stage recalibrate
Traceback (most recent call last):
  File "/Users/labadmin/twostep-eyetracking/experiment.py", line 36, in wrapper
    f(self, *args, **kwargs)
  File "/Users/labadmin/twostep-eyetracking/experiment.py", line 540, in calibrate_gaze_tolerance
    result = gt.run()
  File "/Users/labadmin/twostep-eyetracking/trial.py", line 618, in run
    self.start_time = self.tick()
  File "/Users/labadmin/twostep-eyetracking/trial.py", line 604, in tick
    t = time.time()
NameError: name 'time' is not defined

During handling of the above exception, another exception occurred:

Traceback (most recent call last):
  File "/Users/labadmin/twostep-eyetracking/experiment.py", line 36, in wrapper
    f(self, *args, **kwargs)
  File "/Users/labadmin/twostep-eyetracking/experiment.py", line 540, in calibrate_gaze_tolerance
    result = gt.run()
  File "/Users/labadmin/twostep-eyetracking/trial.py", line 618, in run
    self.start_time = self.tick()
  File "/Users/labadmin/twostep-eyetracking/trial.py", line 604, in tick
    t = time.time()
NameError: name 'time' is not defined

During handling of the above exception, another exception occurred:

Traceback (most recent call last):
  File "/Users/labadmin/twostep-eyetracking/experiment.py", line 36, in wrapper
    f(self, *args, **kwargs)
  File "/Users/labadmin/twostep-eyetracking/experiment.py", line 504, in recalibrate
    self.calibrate_gaze_tolerance()
  File "/Users/labadmin/twostep-eyetracking/experiment.py", line 50, in wrapper
    wrapper(self, *args, **kwargs)
  File "/Users/labadmin/twostep-eyetracking/experiment.py", line 50, in wrapper
    wrapper(self, *args, **kwargs)
  File "/Users/labadmin/twostep-eyetracking/experiment.py", line 36, in wrapper
    f(self, *args, **kwargs)
  File "/Users/labadmin/twostep-eyetracking/experiment.py", line 540, in calibrate_gaze_tolerance
    result = gt.run()
  File "/Users/labadmin/twostep-eyetracking/trial.py", line 618, in run
    self.start_time = self.tick()
  File "/Users/labadmin/twostep-eyetracking/trial.py", line 604, in tick
    t = time.time()
NameError: name 'time' is not defined
2024-09-08 17:34:17,314 [ERROR]  Caught exception in run_main
Traceback (most recent call last):
  File "/Users/labadmin/twostep-eyetracking/experiment.py", line 36, in wrapper
    f(self, *args, **kwargs)
  File "/Users/labadmin/twostep-eyetracking/experiment.py", line 540, in calibrate_gaze_tolerance
    result = gt.run()
  File "/Users/labadmin/twostep-eyetracking/trial.py", line 618, in run
    self.start_time = self.tick()
  File "/Users/labadmin/twostep-eyetracking/trial.py", line 604, in tick
    t = time.time()
NameError: name 'time' is not defined

During handling of the above exception, another exception occurred:

Traceback (most recent call last):
  File "/Users/labadmin/twostep-eyetracking/experiment.py", line 36, in wrapper
    f(self, *args, **kwargs)
  File "/Users/labadmin/twostep-eyetracking/experiment.py", line 540, in calibrate_gaze_tolerance
    result = gt.run()
  File "/Users/labadmin/twostep-eyetracking/trial.py", line 618, in run
    self.start_time = self.tick()
  File "/Users/labadmin/twostep-eyetracking/trial.py", line 604, in tick
    t = time.time()
NameError: name 'time' is not defined

During handling of the above exception, another exception occurred:

Traceback (most recent call last):
  File "/Users/labadmin/twostep-eyetracking/experiment.py", line 682, in run_main
    self.recalibrate()
  File "/Users/labadmin/twostep-eyetracking/experiment.py", line 36, in wrapper
    f(self, *args, **kwargs)
  File "/Users/labadmin/twostep-eyetracking/experiment.py", line 504, in recalibrate
    self.calibrate_gaze_tolerance()
  File "/Users/labadmin/twostep-eyetracking/experiment.py", line 50, in wrapper
    wrapper(self, *args, **kwargs)
  File "/Users/labadmin/twostep-eyetracking/experiment.py", line 50, in wrapper
    wrapper(self, *args, **kwargs)
  File "/Users/labadmin/twostep-eyetracking/experiment.py", line 36, in wrapper
    f(self, *args, **kwargs)
  File "/Users/labadmin/twostep-eyetracking/experiment.py", line 540, in calibrate_gaze_tolerance
    result = gt.run()
  File "/Users/labadmin/twostep-eyetracking/trial.py", line 618, in run
    self.start_time = self.tick()
  File "/Users/labadmin/twostep-eyetracking/trial.py", line 604, in tick
    t = time.time()
NameError: name 'time' is not defined
2024-09-08 17:34:21,199 [INFO]  Trial 52 of 260
2024-09-08 17:34:33,695 [INFO]  begin trial {"kind": "GraphTrial", "graph": [[5, 10], [9, 8], [], [], [], [3, 7], [], [], [], [8, 6], [2, 4]], "rewards": [null, -2, -4, 4, -1, 2, -2, -3, -1, 0, -3], "reward_info": {"-4": {"desc": "pattern_1", "image": "images[0]"}, "-3": {"desc": "pattern_2", "image": "images[1]"}, "-2": {"desc": "pattern_3", "image": "images[2]"}, "-1": {"desc": "pattern_4", "image": "images[3]"}, "0": {"desc": "pattern_5", "image": "images[4]"}, "1": {"desc": "pattern_6", "image": "images[5]"}, "2": {"desc": "pattern_7", "image": "images[6]"}, "3": {"desc": "pattern_8", "image": "images[7]"}, "4": {"desc": "pattern_9", "image": "images[8]"}}, "initial_stage": "planning", "hide_states": false, "hide_rewards_while_acting": false, "hide_edges_while_acting": false, "gaze_contingent": false, "gaze_tolerance": 1.5, "fixation_lag": 0.5, "start": 0}
2024-09-08 17:34:33,695 [INFO]  <eyetracking.EyeLink object at 0x16d719280>
2024-09-08 17:34:33,695 [DEBUG]  GraphTrial.log 1289.056 begin drift_check 
2024-09-08 17:34:37,447 [DEBUG]  GraphTrial.log 1292.808 initialize status = None
2024-09-08 17:34:37,448 [DEBUG]  GraphTrial.log 1292.809 start recording 
2024-09-08 17:34:37,448 [INFO]  start_recording
2024-09-08 17:34:39,110 [DEBUG]  GraphTrial.log 1294.471 show graph 
2024-09-08 17:34:39,125 [DEBUG]  STREAM b'IHDR' 16 13
2024-09-08 17:34:39,125 [DEBUG]  STREAM b'IDAT' 41 65536
2024-09-08 17:34:39,138 [DEBUG]  STREAM b'IHDR' 16 13
2024-09-08 17:34:39,138 [DEBUG]  STREAM b'IDAT' 41 65536
2024-09-08 17:34:39,146 [DEBUG]  STREAM b'IHDR' 16 13
2024-09-08 17:34:39,146 [DEBUG]  STREAM b'IDAT' 41 65536
2024-09-08 17:34:39,154 [DEBUG]  STREAM b'IHDR' 16 13
2024-09-08 17:34:39,154 [DEBUG]  STREAM b'IDAT' 41 65536
2024-09-08 17:34:39,163 [DEBUG]  STREAM b'IHDR' 16 13
2024-09-08 17:34:39,163 [DEBUG]  STREAM b'IDAT' 41 65536
2024-09-08 17:34:39,169 [DEBUG]  STREAM b'IHDR' 16 13
2024-09-08 17:34:39,169 [DEBUG]  STREAM b'IDAT' 41 65536
2024-09-08 17:34:39,175 [DEBUG]  STREAM b'IHDR' 16 13
2024-09-08 17:34:39,175 [DEBUG]  STREAM b'IDAT' 41 65536
2024-09-08 17:34:39,180 [DEBUG]  STREAM b'IHDR' 16 13
2024-09-08 17:34:39,180 [DEBUG]  STREAM b'IDAT' 41 65536
2024-09-08 17:34:39,187 [DEBUG]  STREAM b'IHDR' 16 13
2024-09-08 17:34:39,187 [DEBUG]  STREAM b'IDAT' 41 65536
2024-09-08 17:34:39,192 [DEBUG]  STREAM b'IHDR' 16 13
2024-09-08 17:34:39,193 [DEBUG]  STREAM b'IDAT' 41 65536
2024-09-08 17:34:39,198 [DEBUG]  STREAM b'IHDR' 16 13
2024-09-08 17:34:39,198 [DEBUG]  STREAM b'IDAT' 41 65536
2024-09-08 17:34:39,202 [DEBUG]  STREAM b'IHDR' 16 13
2024-09-08 17:34:39,202 [DEBUG]  STREAM b'IDAT' 41 65536
2024-09-08 17:34:39,209 [DEBUG]  STREAM b'IHDR' 16 13
2024-09-08 17:34:39,209 [DEBUG]  STREAM b'IDAT' 41 65536
2024-09-08 17:34:39,213 [DEBUG]  STREAM b'IHDR' 16 13
2024-09-08 17:34:39,213 [DEBUG]  STREAM b'IDAT' 41 65536
2024-09-08 17:34:39,217 [DEBUG]  STREAM b'IHDR' 16 13
2024-09-08 17:34:39,217 [DEBUG]  STREAM b'IDAT' 41 65536
2024-09-08 17:34:39,221 [DEBUG]  STREAM b'IHDR' 16 13
2024-09-08 17:34:39,221 [DEBUG]  STREAM b'IDAT' 41 65536
2024-09-08 17:34:39,227 [DEBUG]  STREAM b'IHDR' 16 13
2024-09-08 17:34:39,227 [DEBUG]  STREAM b'IDAT' 41 65536
2024-09-08 17:34:39,231 [DEBUG]  STREAM b'IHDR' 16 13
2024-09-08 17:34:39,231 [DEBUG]  STREAM b'IDAT' 41 65536
2024-09-08 17:34:39,236 [DEBUG]  STREAM b'IHDR' 16 13
2024-09-08 17:34:39,236 [DEBUG]  STREAM b'IDAT' 41 65536
2024-09-08 17:34:39,240 [DEBUG]  STREAM b'IHDR' 16 13
2024-09-08 17:34:39,240 [DEBUG]  STREAM b'IDAT' 41 65536
2024-09-08 17:34:39,245 [DEBUG]  STREAM b'IHDR' 16 13
2024-09-08 17:34:39,245 [DEBUG]  STREAM b'IDAT' 41 65536
2024-09-08 17:34:39,250 [DEBUG]  STREAM b'IHDR' 16 13
2024-09-08 17:34:39,250 [DEBUG]  STREAM b'IDAT' 41 65536
2024-09-08 17:34:39,254 [DEBUG]  STREAM b'IHDR' 16 13
2024-09-08 17:34:39,254 [DEBUG]  STREAM b'IDAT' 41 65536
2024-09-08 17:34:39,258 [DEBUG]  STREAM b'IHDR' 16 13
2024-09-08 17:34:39,258 [DEBUG]  STREAM b'IDAT' 41 65536
2024-09-08 17:34:39,263 [DEBUG]  STREAM b'IHDR' 16 13
2024-09-08 17:34:39,263 [DEBUG]  STREAM b'IDAT' 41 65536
2024-09-08 17:34:39,267 [DEBUG]  STREAM b'IHDR' 16 13
2024-09-08 17:34:39,267 [DEBUG]  STREAM b'IDAT' 41 65536
2024-09-08 17:34:39,272 [DEBUG]  STREAM b'IHDR' 16 13
2024-09-08 17:34:39,272 [DEBUG]  STREAM b'IDAT' 41 65536
2024-09-08 17:34:39,276 [DEBUG]  STREAM b'IHDR' 16 13
2024-09-08 17:34:39,276 [DEBUG]  STREAM b'IDAT' 41 65536
2024-09-08 17:34:39,281 [DEBUG]  STREAM b'IHDR' 16 13
2024-09-08 17:34:39,281 [DEBUG]  STREAM b'IDAT' 41 65536
2024-09-08 17:34:39,285 [DEBUG]  STREAM b'IHDR' 16 13
2024-09-08 17:34:39,285 [DEBUG]  STREAM b'IDAT' 41 65536
2024-09-08 17:34:39,289 [DEBUG]  STREAM b'IHDR' 16 13
2024-09-08 17:34:39,289 [DEBUG]  STREAM b'IDAT' 41 65536
2024-09-08 17:34:39,293 [DEBUG]  STREAM b'IHDR' 16 13
2024-09-08 17:34:39,293 [DEBUG]  STREAM b'IDAT' 41 65536
2024-09-08 17:34:39,298 [DEBUG]  STREAM b'IHDR' 16 13
2024-09-08 17:34:39,298 [DEBUG]  STREAM b'IDAT' 41 65536
2024-09-08 17:34:39,303 [DEBUG]  STREAM b'IHDR' 16 13
2024-09-08 17:34:39,303 [DEBUG]  STREAM b'IDAT' 41 65536
2024-09-08 17:34:39,307 [DEBUG]  STREAM b'IHDR' 16 13
2024-09-08 17:34:39,307 [DEBUG]  STREAM b'IDAT' 41 65536
2024-09-08 17:34:39,311 [DEBUG]  STREAM b'IHDR' 16 13
2024-09-08 17:34:39,311 [DEBUG]  STREAM b'IDAT' 41 65536
2024-09-08 17:34:39,316 [DEBUG]  STREAM b'IHDR' 16 13
2024-09-08 17:34:39,317 [DEBUG]  STREAM b'IDAT' 41 65536
2024-09-08 17:34:39,321 [DEBUG]  STREAM b'IHDR' 16 13
2024-09-08 17:34:39,321 [DEBUG]  STREAM b'IDAT' 41 65536
2024-09-08 17:34:39,325 [DEBUG]  STREAM b'IHDR' 16 13
2024-09-08 17:34:39,325 [DEBUG]  STREAM b'IDAT' 41 65536
2024-09-08 17:34:39,329 [DEBUG]  STREAM b'IHDR' 16 13
2024-09-08 17:34:39,329 [DEBUG]  STREAM b'IDAT' 41 65536
2024-09-08 17:34:39,338 [DEBUG]  GraphTrial.log 1294.700 visit state = 0
2024-09-08 17:34:39,347 [DEBUG]  GraphTrial.log 1294.708 start flip_time = 1294.7080147918314
2024-09-08 17:34:39,353 [DEBUG]  GraphTrial.log 1294.714 get move selected = 10
2024-09-08 17:34:40,494 [DEBUG]  GraphTrial.log 1295.855 switch selected = 5
2024-09-08 17:34:43,477 [DEBUG]  GraphTrial.log 1298.838 select selected = 5
2024-09-08 17:34:43,477 [DEBUG]  GraphTrial.log 1298.838 visit state = 5
2024-09-08 17:34:43,499 [DEBUG]  GraphTrial.log 1298.861 get move selected = 3
2024-09-08 17:34:43,983 [DEBUG]  GraphTrial.log 1299.344 select selected = 3
2024-09-08 17:34:43,983 [DEBUG]  GraphTrial.log 1299.344 visit state = 3
2024-09-08 17:34:45,849 [DEBUG]  GraphTrial.log 1301.211 done 
2024-09-08 17:34:45,850 [INFO]  end trial [{"time": 1289.0564028334338, "event": "begin drift_check"}, {"time": 1292.807779249968, "event": "initialize", "status": null}, {"time": 1292.8087965417653, "event": "start recording"}, {"time": 1294.4712120834738, "event": "show graph"}, {"time": 1294.699676624965, "event": "visit", "state": 0}, {"time": 1294.7080269583967, "event": "start", "flip_time": 1294.7080147918314}, {"time": 1294.7138915418182, "event": "get move", "selected": 10}, {"time": 1295.8549335834105, "event": "switch", "selected": 5}, {"time": 1298.8380676249508, "event": "select", "selected": 5}, {"time": 1298.8381481249817, "event": "visit", "state": 5}, {"time": 1298.8606767917518, "event": "get move", "selected": 3}, {"time": 1299.3444255418144, "event": "select", "selected": 3}, {"time": 1299.3444937085733, "event": "visit", "state": 3}, {"time": 1301.2107037918177, "event": "done"}]
2024-09-08 17:34:45,850 [INFO]  stop_recording
2024-09-08 17:34:46,370 [INFO]  gt.status is None
2024-09-08 17:34:46,370 [DEBUG]  add bonus points 6 (total = 232)
2024-09-08 17:34:46,370 [INFO]  Trial 53 of 260
2024-09-08 17:34:46,653 [INFO]  begin trial {"kind": "GraphTrial", "graph": [[8, 6], [4, 2], [3], [], [], [0, 9], [], [], [], [7], [1, 4]], "rewards": [2, 1, -1, -3, -4, null, -4, -2, 4, -2, -1], "reward_info": {"-4": {"desc": "pattern_1", "image": "images[0]"}, "-3": {"desc": "pattern_2", "image": "images[1]"}, "-2": {"desc": "pattern_3", "image": "images[2]"}, "-1": {"desc": "pattern_4", "image": "images[3]"}, "0": {"desc": "pattern_5", "image": "images[4]"}, "1": {"desc": "pattern_6", "image": "images[5]"}, "2": {"desc": "pattern_7", "image": "images[6]"}, "3": {"desc": "pattern_8", "image": "images[7]"}, "4": {"desc": "pattern_9", "image": "images[8]"}}, "initial_stage": "planning", "hide_states": false, "hide_rewards_while_acting": false, "hide_edges_while_acting": false, "gaze_contingent": false, "gaze_tolerance": 1.5, "fixation_lag": 0.5, "start": 5}
2024-09-08 17:34:46,653 [INFO]  <eyetracking.EyeLink object at 0x16d719280>
2024-09-08 17:34:46,653 [DEBUG]  GraphTrial.log 1302.014 begin drift_check 
2024-09-08 17:34:48,828 [INFO]  escape in drift correct
2024-09-08 17:35:13,735 [INFO]  drift check keys ['space']
2024-09-08 17:35:55,842 [INFO]  escape in drift correct
2024-09-08 17:35:57,575 [INFO]  drift check keys ['c']
2024-09-08 17:36:17,582 [DEBUG]  GraphTrial.log 1392.943 initialize status = ok
2024-09-08 17:36:17,584 [DEBUG]  GraphTrial.log 1392.945 start recording 
2024-09-08 17:36:17,584 [INFO]  start_recording
2024-09-08 17:36:17,709 [DEBUG]  GraphTrial.log 1393.070 show graph 
2024-09-08 17:36:17,718 [DEBUG]  STREAM b'IHDR' 16 13
2024-09-08 17:36:17,718 [DEBUG]  STREAM b'IDAT' 41 65536
2024-09-08 17:36:17,731 [DEBUG]  STREAM b'IHDR' 16 13
2024-09-08 17:36:17,731 [DEBUG]  STREAM b'IDAT' 41 65536
2024-09-08 17:36:17,742 [DEBUG]  STREAM b'IHDR' 16 13
2024-09-08 17:36:17,742 [DEBUG]  STREAM b'IDAT' 41 65536
2024-09-08 17:36:17,750 [DEBUG]  STREAM b'IHDR' 16 13
2024-09-08 17:36:17,750 [DEBUG]  STREAM b'IDAT' 41 65536
2024-09-08 17:36:17,761 [DEBUG]  STREAM b'IHDR' 16 13
2024-09-08 17:36:17,761 [DEBUG]  STREAM b'IDAT' 41 65536
2024-09-08 17:36:17,767 [DEBUG]  STREAM b'IHDR' 16 13
2024-09-08 17:36:17,767 [DEBUG]  STREAM b'IDAT' 41 65536
2024-09-08 17:36:17,773 [DEBUG]  STREAM b'IHDR' 16 13
2024-09-08 17:36:17,773 [DEBUG]  STREAM b'IDAT' 41 65536
2024-09-08 17:36:17,778 [DEBUG]  STREAM b'IHDR' 16 13
2024-09-08 17:36:17,778 [DEBUG]  STREAM b'IDAT' 41 65536
2024-09-08 17:36:17,785 [DEBUG]  STREAM b'IHDR' 16 13
2024-09-08 17:36:17,785 [DEBUG]  STREAM b'IDAT' 41 65536
2024-09-08 17:36:17,790 [DEBUG]  STREAM b'IHDR' 16 13
2024-09-08 17:36:17,790 [DEBUG]  STREAM b'IDAT' 41 65536
2024-09-08 17:36:17,794 [DEBUG]  STREAM b'IHDR' 16 13
2024-09-08 17:36:17,794 [DEBUG]  STREAM b'IDAT' 41 65536
2024-09-08 17:36:17,799 [DEBUG]  STREAM b'IHDR' 16 13
2024-09-08 17:36:17,799 [DEBUG]  STREAM b'IDAT' 41 65536
2024-09-08 17:36:17,804 [DEBUG]  STREAM b'IHDR' 16 13
2024-09-08 17:36:17,805 [DEBUG]  STREAM b'IDAT' 41 65536
2024-09-08 17:36:17,809 [DEBUG]  STREAM b'IHDR' 16 13
2024-09-08 17:36:17,809 [DEBUG]  STREAM b'IDAT' 41 65536
2024-09-08 17:36:17,813 [DEBUG]  STREAM b'IHDR' 16 13
2024-09-08 17:36:17,813 [DEBUG]  STREAM b'IDAT' 41 65536
2024-09-08 17:36:17,817 [DEBUG]  STREAM b'IHDR' 16 13
2024-09-08 17:36:17,817 [DEBUG]  STREAM b'IDAT' 41 65536
2024-09-08 17:36:17,823 [DEBUG]  STREAM b'IHDR' 16 13
2024-09-08 17:36:17,823 [DEBUG]  STREAM b'IDAT' 41 65536
2024-09-08 17:36:17,827 [DEBUG]  STREAM b'IHDR' 16 13
2024-09-08 17:36:17,827 [DEBUG]  STREAM b'IDAT' 41 65536
2024-09-08 17:36:17,832 [DEBUG]  STREAM b'IHDR' 16 13
2024-09-08 17:36:17,832 [DEBUG]  STREAM b'IDAT' 41 65536
2024-09-08 17:36:17,836 [DEBUG]  STREAM b'IHDR' 16 13
2024-09-08 17:36:17,836 [DEBUG]  STREAM b'IDAT' 41 65536
2024-09-08 17:36:17,842 [DEBUG]  STREAM b'IHDR' 16 13
2024-09-08 17:36:17,842 [DEBUG]  STREAM b'IDAT' 41 65536
2024-09-08 17:36:17,846 [DEBUG]  STREAM b'IHDR' 16 13
2024-09-08 17:36:17,846 [DEBUG]  STREAM b'IDAT' 41 65536
2024-09-08 17:36:17,851 [DEBUG]  STREAM b'IHDR' 16 13
2024-09-08 17:36:17,851 [DEBUG]  STREAM b'IDAT' 41 65536
2024-09-08 17:36:17,855 [DEBUG]  STREAM b'IHDR' 16 13
2024-09-08 17:36:17,855 [DEBUG]  STREAM b'IDAT' 41 65536
2024-09-08 17:36:17,860 [DEBUG]  STREAM b'IHDR' 16 13
2024-09-08 17:36:17,860 [DEBUG]  STREAM b'IDAT' 41 65536
2024-09-08 17:36:17,864 [DEBUG]  STREAM b'IHDR' 16 13
2024-09-08 17:36:17,864 [DEBUG]  STREAM b'IDAT' 41 65536
2024-09-08 17:36:17,868 [DEBUG]  STREAM b'IHDR' 16 13
2024-09-08 17:36:17,868 [DEBUG]  STREAM b'IDAT' 41 65536
2024-09-08 17:36:17,872 [DEBUG]  STREAM b'IHDR' 16 13
2024-09-08 17:36:17,872 [DEBUG]  STREAM b'IDAT' 41 65536
2024-09-08 17:36:17,878 [DEBUG]  STREAM b'IHDR' 16 13
2024-09-08 17:36:17,878 [DEBUG]  STREAM b'IDAT' 41 65536
2024-09-08 17:36:17,882 [DEBUG]  STREAM b'IHDR' 16 13
2024-09-08 17:36:17,882 [DEBUG]  STREAM b'IDAT' 41 65536
2024-09-08 17:36:17,887 [DEBUG]  STREAM b'IHDR' 16 13
2024-09-08 17:36:17,887 [DEBUG]  STREAM b'IDAT' 41 65536
2024-09-08 17:36:17,891 [DEBUG]  STREAM b'IHDR' 16 13
2024-09-08 17:36:17,891 [DEBUG]  STREAM b'IDAT' 41 65536
2024-09-08 17:36:17,897 [DEBUG]  STREAM b'IHDR' 16 13
2024-09-08 17:36:17,897 [DEBUG]  STREAM b'IDAT' 41 65536
2024-09-08 17:36:17,901 [DEBUG]  STREAM b'IHDR' 16 13
2024-09-08 17:36:17,901 [DEBUG]  STREAM b'IDAT' 41 65536
2024-09-08 17:36:17,905 [DEBUG]  STREAM b'IHDR' 16 13
2024-09-08 17:36:17,905 [DEBUG]  STREAM b'IDAT' 41 65536
2024-09-08 17:36:17,909 [DEBUG]  STREAM b'IHDR' 16 13
2024-09-08 17:36:17,909 [DEBUG]  STREAM b'IDAT' 41 65536
2024-09-08 17:36:17,915 [DEBUG]  STREAM b'IHDR' 16 13
2024-09-08 17:36:17,915 [DEBUG]  STREAM b'IDAT' 41 65536
2024-09-08 17:36:17,919 [DEBUG]  STREAM b'IHDR' 16 13
2024-09-08 17:36:17,919 [DEBUG]  STREAM b'IDAT' 41 65536
2024-09-08 17:36:17,923 [DEBUG]  STREAM b'IHDR' 16 13
2024-09-08 17:36:17,923 [DEBUG]  STREAM b'IDAT' 41 65536
2024-09-08 17:36:17,927 [DEBUG]  STREAM b'IHDR' 16 13
2024-09-08 17:36:17,927 [DEBUG]  STREAM b'IDAT' 41 65536
2024-09-08 17:36:17,936 [DEBUG]  GraphTrial.log 1393.297 visit state = 5
2024-09-08 17:36:17,941 [DEBUG]  GraphTrial.log 1393.302 start flip_time = 1393.3023354166653
2024-09-08 17:36:17,948 [DEBUG]  GraphTrial.log 1393.308 get move selected = 9
2024-09-08 17:36:21,974 [DEBUG]  GraphTrial.log 1397.335 switch selected = 0
2024-09-08 17:36:22,493 [DEBUG]  GraphTrial.log 1397.854 select selected = 0
2024-09-08 17:36:22,493 [DEBUG]  GraphTrial.log 1397.854 visit state = 0
2024-09-08 17:36:22,502 [DEBUG]  GraphTrial.log 1397.863 get move selected = 8
2024-09-08 17:36:22,901 [DEBUG]  GraphTrial.log 1398.262 select selected = 8
2024-09-08 17:36:22,901 [DEBUG]  GraphTrial.log 1398.262 visit state = 8
2024-09-08 17:36:24,781 [DEBUG]  GraphTrial.log 1400.142 done 
2024-09-08 17:36:24,781 [INFO]  end trial [{"time": 1302.0143108335324, "event": "begin drift_check"}, {"time": 1392.9429760836065, "event": "initialize", "status": "ok"}, {"time": 1392.9448480834253, "event": "start recording"}, {"time": 1393.0697834168095, "event": "show graph"}, {"time": 1393.2973832499702, "event": "visit", "state": 5}, {"time": 1393.3023507918697, "event": "start", "flip_time": 1393.3023354166653}, {"time": 1393.3084104999434, "event": "get move", "selected": 9}, {"time": 1397.3349503334612, "event": "switch", "selected": 0}, {"time": 1397.8539373334497, "event": "select", "selected": 0}, {"time": 1397.854009541683, "event": "visit", "state": 0}, {"time": 1397.8627832918428, "event": "get move", "selected": 8}, {"time": 1398.2619509585202, "event": "select", "selected": 8}, {"time": 1398.2620119168423, "event": "visit", "state": 8}, {"time": 1400.1420444168616, "event": "done"}]
2024-09-08 17:36:24,781 [INFO]  stop_recording
2024-09-08 17:36:25,301 [INFO]  gt.status is ok
2024-09-08 17:36:25,301 [DEBUG]  add bonus points 6 (total = 238)
2024-09-08 17:36:25,302 [INFO]  Trial 54 of 260
2024-09-08 17:36:25,917 [INFO]  begin trial {"kind": "GraphTrial", "graph": [[6], [2, 5], [], [], [9, 8], [3], [], [1, 2], [], [], [4, 0]], "rewards": [0, 3, -2, -2, 0, 0, 1, -3, -4, 0, null], "reward_info": {"-4": {"desc": "pattern_1", "image": "images[0]"}, "-3": {"desc": "pattern_2", "image": "images[1]"}, "-2": {"desc": "pattern_3", "image": "images[2]"}, "-1": {"desc": "pattern_4", "image": "images[3]"}, "0": {"desc": "pattern_5", "image": "images[4]"}, "1": {"desc": "pattern_6", "image": "images[5]"}, "2": {"desc": "pattern_7", "image": "images[6]"}, "3": {"desc": "pattern_8", "image": "images[7]"}, "4": {"desc": "pattern_9", "image": "images[8]"}}, "initial_stage": "planning", "hide_states": false, "hide_rewards_while_acting": false, "hide_edges_while_acting": false, "gaze_contingent": false, "gaze_tolerance": 1.5, "fixation_lag": 0.5, "start": 10}
2024-09-08 17:36:25,918 [INFO]  <eyetracking.EyeLink object at 0x16d719280>
2024-09-08 17:36:25,918 [DEBUG]  GraphTrial.log 1401.278 begin drift_check 
2024-09-08 17:36:30,708 [DEBUG]  GraphTrial.log 1406.069 initialize status = None
2024-09-08 17:36:30,709 [DEBUG]  GraphTrial.log 1406.069 start recording 
2024-09-08 17:36:30,709 [INFO]  start_recording
2024-09-08 17:36:31,142 [DEBUG]  GraphTrial.log 1406.502 show graph 
2024-09-08 17:36:31,152 [DEBUG]  STREAM b'IHDR' 16 13
2024-09-08 17:36:31,152 [DEBUG]  STREAM b'IDAT' 41 65536
2024-09-08 17:36:31,165 [DEBUG]  STREAM b'IHDR' 16 13
2024-09-08 17:36:31,165 [DEBUG]  STREAM b'IDAT' 41 65536
2024-09-08 17:36:31,175 [DEBUG]  STREAM b'IHDR' 16 13
2024-09-08 17:36:31,175 [DEBUG]  STREAM b'IDAT' 41 65536
2024-09-08 17:36:31,183 [DEBUG]  STREAM b'IHDR' 16 13
2024-09-08 17:36:31,183 [DEBUG]  STREAM b'IDAT' 41 65536
2024-09-08 17:36:31,193 [DEBUG]  STREAM b'IHDR' 16 13
2024-09-08 17:36:31,193 [DEBUG]  STREAM b'IDAT' 41 65536
2024-09-08 17:36:31,201 [DEBUG]  STREAM b'IHDR' 16 13
2024-09-08 17:36:31,201 [DEBUG]  STREAM b'IDAT' 41 65536
2024-09-08 17:36:31,207 [DEBUG]  STREAM b'IHDR' 16 13
2024-09-08 17:36:31,207 [DEBUG]  STREAM b'IDAT' 41 65536
2024-09-08 17:36:31,213 [DEBUG]  STREAM b'IHDR' 16 13
2024-09-08 17:36:31,213 [DEBUG]  STREAM b'IDAT' 41 65536
2024-09-08 17:36:31,220 [DEBUG]  STREAM b'IHDR' 16 13
2024-09-08 17:36:31,220 [DEBUG]  STREAM b'IDAT' 41 65536
2024-09-08 17:36:31,225 [DEBUG]  STREAM b'IHDR' 16 13
2024-09-08 17:36:31,225 [DEBUG]  STREAM b'IDAT' 41 65536
2024-09-08 17:36:31,230 [DEBUG]  STREAM b'IHDR' 16 13
2024-09-08 17:36:31,230 [DEBUG]  STREAM b'IDAT' 41 65536
2024-09-08 17:36:31,234 [DEBUG]  STREAM b'IHDR' 16 13
2024-09-08 17:36:31,234 [DEBUG]  STREAM b'IDAT' 41 65536
2024-09-08 17:36:31,240 [DEBUG]  STREAM b'IHDR' 16 13
2024-09-08 17:36:31,240 [DEBUG]  STREAM b'IDAT' 41 65536
2024-09-08 17:36:31,244 [DEBUG]  STREAM b'IHDR' 16 13
2024-09-08 17:36:31,244 [DEBUG]  STREAM b'IDAT' 41 65536
2024-09-08 17:36:31,249 [DEBUG]  STREAM b'IHDR' 16 13
2024-09-08 17:36:31,249 [DEBUG]  STREAM b'IDAT' 41 65536
2024-09-08 17:36:31,253 [DEBUG]  STREAM b'IHDR' 16 13
2024-09-08 17:36:31,253 [DEBUG]  STREAM b'IDAT' 41 65536
2024-09-08 17:36:31,258 [DEBUG]  STREAM b'IHDR' 16 13
2024-09-08 17:36:31,258 [DEBUG]  STREAM b'IDAT' 41 65536
2024-09-08 17:36:31,262 [DEBUG]  STREAM b'IHDR' 16 13
2024-09-08 17:36:31,262 [DEBUG]  STREAM b'IDAT' 41 65536
2024-09-08 17:36:31,267 [DEBUG]  STREAM b'IHDR' 16 13
2024-09-08 17:36:31,267 [DEBUG]  STREAM b'IDAT' 41 65536
2024-09-08 17:36:31,271 [DEBUG]  STREAM b'IHDR' 16 13
2024-09-08 17:36:31,271 [DEBUG]  STREAM b'IDAT' 41 65536
2024-09-08 17:36:31,276 [DEBUG]  STREAM b'IHDR' 16 13
2024-09-08 17:36:31,276 [DEBUG]  STREAM b'IDAT' 41 65536
2024-09-08 17:36:31,281 [DEBUG]  STREAM b'IHDR' 16 13
2024-09-08 17:36:31,281 [DEBUG]  STREAM b'IDAT' 41 65536
2024-09-08 17:36:31,285 [DEBUG]  STREAM b'IHDR' 16 13
2024-09-08 17:36:31,285 [DEBUG]  STREAM b'IDAT' 41 65536
2024-09-08 17:36:31,289 [DEBUG]  STREAM b'IHDR' 16 13
2024-09-08 17:36:31,289 [DEBUG]  STREAM b'IDAT' 41 65536
2024-09-08 17:36:31,294 [DEBUG]  STREAM b'IHDR' 16 13
2024-09-08 17:36:31,294 [DEBUG]  STREAM b'IDAT' 41 65536
2024-09-08 17:36:31,299 [DEBUG]  STREAM b'IHDR' 16 13
2024-09-08 17:36:31,299 [DEBUG]  STREAM b'IDAT' 41 65536
2024-09-08 17:36:31,303 [DEBUG]  STREAM b'IHDR' 16 13
2024-09-08 17:36:31,303 [DEBUG]  STREAM b'IDAT' 41 65536
2024-09-08 17:36:31,307 [DEBUG]  STREAM b'IHDR' 16 13
2024-09-08 17:36:31,307 [DEBUG]  STREAM b'IDAT' 41 65536
2024-09-08 17:36:31,312 [DEBUG]  STREAM b'IHDR' 16 13
2024-09-08 17:36:31,312 [DEBUG]  STREAM b'IDAT' 41 65536
2024-09-08 17:36:31,316 [DEBUG]  STREAM b'IHDR' 16 13
2024-09-08 17:36:31,316 [DEBUG]  STREAM b'IDAT' 41 65536
2024-09-08 17:36:31,321 [DEBUG]  STREAM b'IHDR' 16 13
2024-09-08 17:36:31,321 [DEBUG]  STREAM b'IDAT' 41 65536
2024-09-08 17:36:31,325 [DEBUG]  STREAM b'IHDR' 16 13
2024-09-08 17:36:31,325 [DEBUG]  STREAM b'IDAT' 41 65536
2024-09-08 17:36:31,330 [DEBUG]  STREAM b'IHDR' 16 13
2024-09-08 17:36:31,330 [DEBUG]  STREAM b'IDAT' 41 65536
2024-09-08 17:36:31,334 [DEBUG]  STREAM b'IHDR' 16 13
2024-09-08 17:36:31,334 [DEBUG]  STREAM b'IDAT' 41 65536
2024-09-08 17:36:31,339 [DEBUG]  STREAM b'IHDR' 16 13
2024-09-08 17:36:31,339 [DEBUG]  STREAM b'IDAT' 41 65536
2024-09-08 17:36:31,343 [DEBUG]  STREAM b'IHDR' 16 13
2024-09-08 17:36:31,343 [DEBUG]  STREAM b'IDAT' 41 65536
2024-09-08 17:36:31,348 [DEBUG]  STREAM b'IHDR' 16 13
2024-09-08 17:36:31,348 [DEBUG]  STREAM b'IDAT' 41 65536
2024-09-08 17:36:31,352 [DEBUG]  STREAM b'IHDR' 16 13
2024-09-08 17:36:31,352 [DEBUG]  STREAM b'IDAT' 41 65536
2024-09-08 17:36:31,357 [DEBUG]  STREAM b'IHDR' 16 13
2024-09-08 17:36:31,357 [DEBUG]  STREAM b'IDAT' 41 65536
2024-09-08 17:36:31,361 [DEBUG]  STREAM b'IHDR' 16 13
2024-09-08 17:36:31,361 [DEBUG]  STREAM b'IDAT' 41 65536
2024-09-08 17:36:31,373 [DEBUG]  GraphTrial.log 1406.733 visit state = 10
2024-09-08 17:36:31,380 [DEBUG]  GraphTrial.log 1406.741 start flip_time = 1406.7409971668385
2024-09-08 17:36:31,386 [DEBUG]  GraphTrial.log 1406.747 get move selected = 4
2024-09-08 17:36:34,086 [DEBUG]  GraphTrial.log 1409.447 switch selected = 0
2024-09-08 17:36:34,782 [DEBUG]  GraphTrial.log 1410.143 switch selected = 4
2024-09-08 17:36:38,318 [DEBUG]  GraphTrial.log 1413.679 switch selected = 0
2024-09-08 17:36:38,589 [DEBUG]  GraphTrial.log 1413.950 select selected = 0
2024-09-08 17:36:38,589 [DEBUG]  GraphTrial.log 1413.950 visit state = 0
2024-09-08 17:36:38,602 [DEBUG]  GraphTrial.log 1413.963 get move selected = 6
2024-09-08 17:36:38,989 [DEBUG]  GraphTrial.log 1414.350 select selected = 6
2024-09-08 17:36:38,989 [DEBUG]  GraphTrial.log 1414.350 visit state = 6
2024-09-08 17:36:40,833 [DEBUG]  GraphTrial.log 1416.193 done 
2024-09-08 17:36:40,833 [INFO]  end trial [{"time": 1401.2784668749664, "event": "begin drift_check"}, {"time": 1406.0686759999953, "event": "initialize", "status": null}, {"time": 1406.0694518750533, "event": "start recording"}, {"time": 1406.5023814584129, "event": "show graph"}, {"time": 1406.73333800002, "event": "visit", "state": 10}, {"time": 1406.741005916847, "event": "start", "flip_time": 1406.7409971668385}, {"time": 1406.7469081666786, "event": "get move", "selected": 4}, {"time": 1409.4469715000596, "event": "switch", "selected": 0}, {"time": 1410.14260237501, "event": "switch", "selected": 4}, {"time": 1413.6785462500993, "event": "switch", "selected": 0}, {"time": 1413.949749083491, "event": "select", "selected": 0}, {"time": 1413.9498197499197, "event": "visit", "state": 0}, {"time": 1413.962859041756, "event": "get move", "selected": 6}, {"time": 1414.3501037084498, "event": "select", "selected": 6}, {"time": 1414.3501657918096, "event": "visit", "state": 6}, {"time": 1416.1933855835814, "event": "done"}]
2024-09-08 17:36:40,833 [INFO]  stop_recording
2024-09-08 17:36:41,350 [INFO]  gt.status is None
2024-09-08 17:36:41,350 [DEBUG]  add bonus points 1 (total = 239)
2024-09-08 17:36:41,351 [INFO]  Trial 55 of 260
2024-09-08 17:36:41,718 [INFO]  begin trial {"kind": "GraphTrial", "graph": [[2, 7], [5], [], [], [0, 2], [], [9, 1], [8], [], [3, 10], []], "rewards": [4, 2, -1, -2, 1, 3, null, 0, -4, -3, 0], "reward_info": {"-4": {"desc": "pattern_1", "image": "images[0]"}, "-3": {"desc": "pattern_2", "image": "images[1]"}, "-2": {"desc": "pattern_3", "image": "images[2]"}, "-1": {"desc": "pattern_4", "image": "images[3]"}, "0": {"desc": "pattern_5", "image": "images[4]"}, "1": {"desc": "pattern_6", "image": "images[5]"}, "2": {"desc": "pattern_7", "image": "images[6]"}, "3": {"desc": "pattern_8", "image": "images[7]"}, "4": {"desc": "pattern_9", "image": "images[8]"}}, "initial_stage": "planning", "hide_states": false, "hide_rewards_while_acting": false, "hide_edges_while_acting": false, "gaze_contingent": false, "gaze_tolerance": 1.5, "fixation_lag": 0.5, "start": 6}
2024-09-08 17:36:41,718 [INFO]  <eyetracking.EyeLink object at 0x16d719280>
2024-09-08 17:36:41,718 [DEBUG]  GraphTrial.log 1417.078 begin drift_check 
2024-09-08 17:36:43,917 [INFO]  escape in drift correct
2024-09-08 17:37:01,031 [INFO]  drift check keys ['a']
2024-09-08 17:37:01,037 [DEBUG]  GraphTrial.log 1436.398 initialize status = abort
2024-09-08 17:37:01,038 [DEBUG]  GraphTrial.log 1436.398 done status = abort
2024-09-08 17:37:01,038 [INFO]  gt.status is abort
2024-09-08 17:37:01,038 [DEBUG]  add bonus points 0 (total = 239)
2024-09-08 17:37:04,126 [INFO]  begin save_data
2024-09-08 17:37:04,126 [DEBUG]  message: You're done! Let's just save your data... (give us a few seconds)
2024-09-08 17:37:04,144 [INFO]  wrote data/exp/v1/24-09-08-1713_P1.json
2024-09-08 17:37:04,145 [INFO]  receiving eyelink data
2024-09-08 17:37:41,346 [INFO]  wrote data/eyelink/24-09-08-1713_P1/raw.edf
2024-09-08 17:37:41,350 [DEBUG]  message: Data saved! Please let the experimenter that you've completed the study. (press space to exit)
2024-09-08 17:37:58,285 [INFO]  begin save_data
2024-09-08 17:37:58,285 [DEBUG]  message: You're done! Let's just save your data... (give us a few seconds)
2024-09-08 17:37:58,292 [INFO]  wrote data/exp/v1/24-09-08-1713_P1.json
2024-09-08 17:37:58,292 [INFO]  receiving eyelink data
2024-09-08 17:37:58,292 [INFO]  wrote data/eyelink/24-09-08-1713_P1/raw.edf
2024-09-08 17:37:58,292 [DEBUG]  message: Data saved! Please let the experimenter that you've completed the study. (press space to exit)
