2024-09-09 10:41:12,481 [INFO]  starting up 24-09-09-1041_P2 at 3.340362749993801
2024-09-09 10:41:12,509 [INFO]  git SHA: 81bb9571f5ebf4a29a61722b4b9ef57e80f22bd5
2024-09-09 10:41:12,509 [INFO]  Configuration file: config/v1/2.json
2024-09-09 10:41:12,510 [INFO]  parameters {'reward_info': {'-4': {'desc': 'pattern_1', 'image': 'images[0]'}, '-3': {'desc': 'pattern_2', 'image': 'images[1]'}, '-2': {'desc': 'pattern_3', 'image': 'images[2]'}, '-1': {'desc': 'pattern_4', 'image': 'images[3]'}, '0': {'desc': 'pattern_5', 'image': 'images[4]'}, '1': {'desc': 'pattern_6', 'image': 'images[5]'}, '2': {'desc': 'pattern_7', 'image': 'images[6]'}, '3': {'desc': 'pattern_8', 'image': 'images[7]'}, '4': {'desc': 'pattern_9', 'image': 'images[8]'}}, 'images': ['pattern_1.png', 'pattern_2.png', 'pattern_3.png', 'pattern_4.png', 'pattern_5.png', 'pattern_6.png', 'pattern_7.png', 'pattern_8.png', 'pattern_9.png'], 'points_per_cent': 1, 'revealed': True, 'layout': [[0.0, 0.5], [-0.27032040872779883, 0.4206267664155905], [-0.4548159976772592, 0.20770750650094316], [-0.4949107209404664, -0.07115741913664247], [-0.3778747871771292, -0.3274303669726425], [-0.14086627842071486, -0.4797464868072487], [0.14086627842071464, -0.47974648680724874], [0.37787478717712886, -0.32743036697264283], [0.4949107209404664, -0.07115741913664264], [0.4548159976772592, 0.20770750650094305], [0.27032040872779883, 0.4206267664155906]]}
2024-09-09 10:41:13,711 [INFO]  Setting up window with size: (1350, 750) and full_screen: True
2024-09-09 10:41:13,712 [INFO]  Created window with size [3840 2160]
2024-09-09 10:41:13,760 [INFO]  begin intro
2024-09-09 10:41:13,761 [DEBUG]  message: Welcome! (None)
2024-09-09 10:41:31,845 [INFO]  begin trial {"kind": "GraphTrial", "graph": [[1, 3], [2, 4], [3, 5], [4, 6], [5, 7], [6, 8], [7, 9], [8, 10], [], [], []], "rewards": [null, null, null, null, null, null, null, null, null, null, null], "reward_info": {"-4": {"desc": "pattern_1", "image": "images[0]"}, "-3": {"desc": "pattern_2", "image": "images[1]"}, "-2": {"desc": "pattern_3", "image": "images[2]"}, "-1": {"desc": "pattern_4", "image": "images[3]"}, "0": {"desc": "pattern_5", "image": "images[4]"}, "1": {"desc": "pattern_6", "image": "images[5]"}, "2": {"desc": "pattern_7", "image": "images[6]"}, "3": {"desc": "pattern_8", "image": "images[7]"}, "4": {"desc": "pattern_9", "image": "images[8]"}}, "initial_stage": "acting", "hide_states": false, "hide_rewards_while_acting": false, "hide_edges_while_acting": false, "gaze_contingent": false, "gaze_tolerance": 1.5, "fixation_lag": 0.5, "start": 0}
2024-09-09 10:41:31,845 [DEBUG]  GraphTrial.log 22.705 show graph 
2024-09-09 10:41:31,893 [DEBUG]  message: In this experiment, you will play a game on the board shown to the right. (None)
2024-09-09 10:41:36,617 [DEBUG]  GraphTrial.log 27.476 visit state = 0
2024-09-09 10:41:36,617 [DEBUG]  message: Your current location on the board is highlighted in blue. (None)
2024-09-09 10:41:37,114 [DEBUG]  message: The goal of the game is to collect as many points as you can. (None)
2024-09-09 10:41:37,298 [DEBUG]  message: Before we start, let's learn all the buttons you need in this game .  (None)
2024-09-09 10:41:37,450 [DEBUG]  message: Key F should be under your left index finger which you can switch the line you select.  (Press Key F to continue)
2024-09-09 10:41:41,018 [DEBUG]  message: Key J should be under your right index finger which to confirm your choice.  (Press Key J to continue)
2024-09-09 10:41:42,042 [DEBUG]  message: Now, let's try to play one roundPress Key F and Key J to move.  (None)
2024-09-09 10:41:42,052 [DEBUG]  GraphTrial.log 32.911 begin space 
2024-09-09 10:41:42,922 [DEBUG]  GraphTrial.log 33.781 initialize status = ok
2024-09-09 10:41:42,922 [DEBUG]  GraphTrial.log 33.781 show graph 
2024-09-09 10:41:42,926 [DEBUG]  GraphTrial.log 33.786 start flip_time = 33.78554870840162
2024-09-09 10:41:42,933 [DEBUG]  GraphTrial.log 33.792 get move selected = 1
2024-09-09 10:41:43,811 [DEBUG]  GraphTrial.log 34.670 switch selected = 3
2024-09-09 10:41:44,186 [DEBUG]  GraphTrial.log 35.045 select selected = 3
2024-09-09 10:41:44,186 [DEBUG]  GraphTrial.log 35.046 visit state = 3
2024-09-09 10:41:44,189 [INFO]  begin intro_reward
2024-09-09 10:41:44,189 [INFO]  begin trial {"kind": "GraphTrial", "graph": [], "rewards": [1, 2, 3, 4, -1, -2, -3, -4, 0, 0, 0], "reward_info": {"-4": {"desc": "pattern_1", "image": "images[0]"}, "-3": {"desc": "pattern_2", "image": "images[1]"}, "-2": {"desc": "pattern_3", "image": "images[2]"}, "-1": {"desc": "pattern_4", "image": "images[3]"}, "0": {"desc": "pattern_5", "image": "images[4]"}, "1": {"desc": "pattern_6", "image": "images[5]"}, "2": {"desc": "pattern_7", "image": "images[6]"}, "3": {"desc": "pattern_8", "image": "images[7]"}, "4": {"desc": "pattern_9", "image": "images[8]"}}, "initial_stage": "acting", "hide_states": false, "hide_rewards_while_acting": false, "hide_edges_while_acting": false, "gaze_contingent": false, "gaze_tolerance": 1.5, "fixation_lag": 0.5, "start": 0}
2024-09-09 10:41:44,189 [DEBUG]  GraphTrial.log 35.048 show graph 
2024-09-09 10:41:44,207 [DEBUG]  STREAM b'IHDR' 16 13
2024-09-09 10:41:44,208 [DEBUG]  STREAM b'IDAT' 41 65536
2024-09-09 10:41:44,214 [DEBUG]  STREAM b'IHDR' 16 13
2024-09-09 10:41:44,214 [DEBUG]  STREAM b'IDAT' 41 65536
2024-09-09 10:41:44,219 [DEBUG]  STREAM b'IHDR' 16 13
2024-09-09 10:41:44,219 [DEBUG]  STREAM b'IDAT' 41 65536
2024-09-09 10:41:44,223 [DEBUG]  STREAM b'IHDR' 16 13
2024-09-09 10:41:44,223 [DEBUG]  STREAM b'IDAT' 41 65536
2024-09-09 10:41:44,231 [DEBUG]  STREAM b'IHDR' 16 13
2024-09-09 10:41:44,231 [DEBUG]  STREAM b'IDAT' 41 65536
2024-09-09 10:41:44,236 [DEBUG]  STREAM b'IHDR' 16 13
2024-09-09 10:41:44,236 [DEBUG]  STREAM b'IDAT' 41 65536
2024-09-09 10:41:44,240 [DEBUG]  STREAM b'IHDR' 16 13
2024-09-09 10:41:44,240 [DEBUG]  STREAM b'IDAT' 41 65536
2024-09-09 10:41:44,244 [DEBUG]  STREAM b'IHDR' 16 13
2024-09-09 10:41:44,244 [DEBUG]  STREAM b'IDAT' 41 65536
2024-09-09 10:41:44,252 [DEBUG]  STREAM b'IHDR' 16 13
2024-09-09 10:41:44,252 [DEBUG]  STREAM b'IDAT' 41 65536
2024-09-09 10:41:44,257 [DEBUG]  STREAM b'IHDR' 16 13
2024-09-09 10:41:44,257 [DEBUG]  STREAM b'IDAT' 41 65536
2024-09-09 10:41:44,262 [DEBUG]  STREAM b'IHDR' 16 13
2024-09-09 10:41:44,262 [DEBUG]  STREAM b'IDAT' 41 65536
2024-09-09 10:41:44,266 [DEBUG]  STREAM b'IHDR' 16 13
2024-09-09 10:41:44,266 [DEBUG]  STREAM b'IDAT' 41 65536
2024-09-09 10:41:44,274 [DEBUG]  STREAM b'IHDR' 16 13
2024-09-09 10:41:44,274 [DEBUG]  STREAM b'IDAT' 41 65536
2024-09-09 10:41:44,279 [DEBUG]  STREAM b'IHDR' 16 13
2024-09-09 10:41:44,279 [DEBUG]  STREAM b'IDAT' 41 65536
2024-09-09 10:41:44,284 [DEBUG]  STREAM b'IHDR' 16 13
2024-09-09 10:41:44,284 [DEBUG]  STREAM b'IDAT' 41 65536
2024-09-09 10:41:44,288 [DEBUG]  STREAM b'IHDR' 16 13
2024-09-09 10:41:44,288 [DEBUG]  STREAM b'IDAT' 41 65536
2024-09-09 10:41:44,296 [DEBUG]  STREAM b'IHDR' 16 13
2024-09-09 10:41:44,296 [DEBUG]  STREAM b'IDAT' 41 65536
2024-09-09 10:41:44,301 [DEBUG]  STREAM b'IHDR' 16 13
2024-09-09 10:41:44,301 [DEBUG]  STREAM b'IDAT' 41 65536
2024-09-09 10:41:44,305 [DEBUG]  STREAM b'IHDR' 16 13
2024-09-09 10:41:44,305 [DEBUG]  STREAM b'IDAT' 41 65536
2024-09-09 10:41:44,309 [DEBUG]  STREAM b'IHDR' 16 13
2024-09-09 10:41:44,309 [DEBUG]  STREAM b'IDAT' 41 65536
2024-09-09 10:41:44,316 [DEBUG]  STREAM b'IHDR' 16 13
2024-09-09 10:41:44,316 [DEBUG]  STREAM b'IDAT' 41 65536
2024-09-09 10:41:44,321 [DEBUG]  STREAM b'IHDR' 16 13
2024-09-09 10:41:44,321 [DEBUG]  STREAM b'IDAT' 41 65536
2024-09-09 10:41:44,325 [DEBUG]  STREAM b'IHDR' 16 13
2024-09-09 10:41:44,325 [DEBUG]  STREAM b'IDAT' 41 65536
2024-09-09 10:41:44,329 [DEBUG]  STREAM b'IHDR' 16 13
2024-09-09 10:41:44,329 [DEBUG]  STREAM b'IDAT' 41 65536
2024-09-09 10:41:44,336 [DEBUG]  STREAM b'IHDR' 16 13
2024-09-09 10:41:44,336 [DEBUG]  STREAM b'IDAT' 41 65536
2024-09-09 10:41:44,340 [DEBUG]  STREAM b'IHDR' 16 13
2024-09-09 10:41:44,341 [DEBUG]  STREAM b'IDAT' 41 65536
2024-09-09 10:41:44,345 [DEBUG]  STREAM b'IHDR' 16 13
2024-09-09 10:41:44,345 [DEBUG]  STREAM b'IDAT' 41 65536
2024-09-09 10:41:44,349 [DEBUG]  STREAM b'IHDR' 16 13
2024-09-09 10:41:44,349 [DEBUG]  STREAM b'IDAT' 41 65536
2024-09-09 10:41:44,356 [DEBUG]  STREAM b'IHDR' 16 13
2024-09-09 10:41:44,356 [DEBUG]  STREAM b'IDAT' 41 65536
2024-09-09 10:41:44,360 [DEBUG]  STREAM b'IHDR' 16 13
2024-09-09 10:41:44,360 [DEBUG]  STREAM b'IDAT' 41 65536
2024-09-09 10:41:44,364 [DEBUG]  STREAM b'IHDR' 16 13
2024-09-09 10:41:44,364 [DEBUG]  STREAM b'IDAT' 41 65536
2024-09-09 10:41:44,368 [DEBUG]  STREAM b'IHDR' 16 13
2024-09-09 10:41:44,368 [DEBUG]  STREAM b'IDAT' 41 65536
2024-09-09 10:41:44,376 [DEBUG]  STREAM b'IHDR' 16 13
2024-09-09 10:41:44,376 [DEBUG]  STREAM b'IDAT' 41 65536
2024-09-09 10:41:44,380 [DEBUG]  STREAM b'IHDR' 16 13
2024-09-09 10:41:44,380 [DEBUG]  STREAM b'IDAT' 41 65536
2024-09-09 10:41:44,384 [DEBUG]  STREAM b'IHDR' 16 13
2024-09-09 10:41:44,384 [DEBUG]  STREAM b'IDAT' 41 65536
2024-09-09 10:41:44,388 [DEBUG]  STREAM b'IHDR' 16 13
2024-09-09 10:41:44,388 [DEBUG]  STREAM b'IDAT' 41 65536
2024-09-09 10:41:44,396 [DEBUG]  STREAM b'IHDR' 16 13
2024-09-09 10:41:44,396 [DEBUG]  STREAM b'IDAT' 41 65536
2024-09-09 10:41:44,400 [DEBUG]  STREAM b'IHDR' 16 13
2024-09-09 10:41:44,400 [DEBUG]  STREAM b'IDAT' 41 65536
2024-09-09 10:41:44,404 [DEBUG]  STREAM b'IHDR' 16 13
2024-09-09 10:41:44,404 [DEBUG]  STREAM b'IDAT' 41 65536
2024-09-09 10:41:44,408 [DEBUG]  STREAM b'IHDR' 16 13
2024-09-09 10:41:44,408 [DEBUG]  STREAM b'IDAT' 41 65536
2024-09-09 10:41:44,415 [DEBUG]  STREAM b'IHDR' 16 13
2024-09-09 10:41:44,415 [DEBUG]  STREAM b'IDAT' 41 65536
2024-09-09 10:41:44,419 [DEBUG]  STREAM b'IHDR' 16 13
2024-09-09 10:41:44,420 [DEBUG]  STREAM b'IDAT' 41 65536
2024-09-09 10:41:44,424 [DEBUG]  STREAM b'IHDR' 16 13
2024-09-09 10:41:44,424 [DEBUG]  STREAM b'IDAT' 41 65536
2024-09-09 10:41:44,428 [DEBUG]  STREAM b'IHDR' 16 13
2024-09-09 10:41:44,428 [DEBUG]  STREAM b'IDAT' 41 65536
2024-09-09 10:41:44,433 [DEBUG]  message: In this game, you will see these diamonds. (None)
2024-09-09 10:41:47,792 [DEBUG]  message: Specifically, you want the ones that look like those. These earn you points.  (None)
2024-09-09 10:41:48,390 [DEBUG]  message: The diamonds look like those are bad. They take away points! (None)
2024-09-09 10:41:48,572 [DEBUG]  message: The diamonds that with four edges are natual. You won't gain or loss any point! (None)
2024-09-09 10:41:48,730 [DEBUG]  message: Take you time to remeber how much each item worth! (None)
2024-09-09 10:41:48,892 [INFO]  begin learn
2024-09-09 10:41:48,892 [DEBUG]  message: Now, let's see if you can identify which item have higher value. (None)
2024-09-09 10:41:49,122 [DEBUG]  message: You need to get 8 trials correct out of 10 before you can start the main tasks. (None)
2024-09-09 10:41:49,498 [INFO]  begin trial {"kind": "GraphTrial", "graph": [[], [], [], [], [], [4, 6], [], [], [], [], []], "rewards": [null, null, null, null, 0, null, -4, null, null, null, null], "reward_info": {"-4": {"desc": "pattern_1", "image": "images[0]"}, "-3": {"desc": "pattern_2", "image": "images[1]"}, "-2": {"desc": "pattern_3", "image": "images[2]"}, "-1": {"desc": "pattern_4", "image": "images[3]"}, "0": {"desc": "pattern_5", "image": "images[4]"}, "1": {"desc": "pattern_6", "image": "images[5]"}, "2": {"desc": "pattern_7", "image": "images[6]"}, "3": {"desc": "pattern_8", "image": "images[7]"}, "4": {"desc": "pattern_9", "image": "images[8]"}}, "initial_stage": "planning", "hide_states": false, "hide_rewards_while_acting": false, "hide_edges_while_acting": false, "gaze_contingent": false, "gaze_tolerance": 1.5, "fixation_lag": 0.5, "start": 5}
2024-09-09 10:41:49,498 [DEBUG]  GraphTrial.log 40.357 begin space 
2024-09-09 10:41:49,706 [DEBUG]  GraphTrial.log 40.565 initialize status = ok
2024-09-09 10:41:49,706 [DEBUG]  GraphTrial.log 40.565 show graph 
2024-09-09 10:41:49,722 [DEBUG]  STREAM b'IHDR' 16 13
2024-09-09 10:41:49,722 [DEBUG]  STREAM b'IDAT' 41 65536
2024-09-09 10:41:49,726 [DEBUG]  STREAM b'IHDR' 16 13
2024-09-09 10:41:49,726 [DEBUG]  STREAM b'IDAT' 41 65536
2024-09-09 10:41:49,730 [DEBUG]  STREAM b'IHDR' 16 13
2024-09-09 10:41:49,730 [DEBUG]  STREAM b'IDAT' 41 65536
2024-09-09 10:41:49,734 [DEBUG]  STREAM b'IHDR' 16 13
2024-09-09 10:41:49,734 [DEBUG]  STREAM b'IDAT' 41 65536
2024-09-09 10:41:49,745 [DEBUG]  STREAM b'IHDR' 16 13
2024-09-09 10:41:49,745 [DEBUG]  STREAM b'IDAT' 41 65536
2024-09-09 10:41:49,749 [DEBUG]  STREAM b'IHDR' 16 13
2024-09-09 10:41:49,749 [DEBUG]  STREAM b'IDAT' 41 65536
2024-09-09 10:41:49,753 [DEBUG]  STREAM b'IHDR' 16 13
2024-09-09 10:41:49,753 [DEBUG]  STREAM b'IDAT' 41 65536
2024-09-09 10:41:49,757 [DEBUG]  STREAM b'IHDR' 16 13
2024-09-09 10:41:49,757 [DEBUG]  STREAM b'IDAT' 41 65536
2024-09-09 10:41:49,775 [DEBUG]  GraphTrial.log 40.635 visit state = 5
2024-09-09 10:41:49,779 [DEBUG]  GraphTrial.log 40.639 start flip_time = 40.638810833217576
2024-09-09 10:41:49,784 [DEBUG]  GraphTrial.log 40.644 get move selected = 4
2024-09-09 10:41:50,595 [DEBUG]  GraphTrial.log 41.454 switch selected = 6
2024-09-09 10:41:50,826 [DEBUG]  GraphTrial.log 41.685 select selected = 6
2024-09-09 10:41:50,826 [DEBUG]  GraphTrial.log 41.685 visit state = 6
2024-09-09 10:41:52,694 [DEBUG]  GraphTrial.log 43.553 done 
2024-09-09 10:41:52,694 [INFO]  end trial [{"time": 40.35741816693917, "event": "begin space"}, {"time": 40.56538891675882, "event": "initialize", "status": "ok"}, {"time": 40.56544050015509, "event": "show graph"}, {"time": 40.634777958272025, "event": "visit", "state": 5}, {"time": 40.638854041928425, "event": "start", "flip_time": 40.638810833217576}, {"time": 40.64369379193522, "event": "get move", "selected": 4}, {"time": 41.45446087513119, "event": "switch", "selected": 6}, {"time": 41.68521754187532, "event": "select", "selected": 6}, {"time": 41.685254958225414, "event": "visit", "state": 6}, {"time": 43.55303083336912, "event": "done"}]
2024-09-09 10:41:52,694 [DEBUG]  message: Incorrect, let's try another trial! (None)
2024-09-09 10:41:52,698 [INFO]  begin trial {"kind": "GraphTrial", "graph": [[], [], [8, 1], [], [], [], [], [], [], [], []], "rewards": [null, 0, null, null, null, null, null, null, 1, null, null], "reward_info": {"-4": {"desc": "pattern_1", "image": "images[0]"}, "-3": {"desc": "pattern_2", "image": "images[1]"}, "-2": {"desc": "pattern_3", "image": "images[2]"}, "-1": {"desc": "pattern_4", "image": "images[3]"}, "0": {"desc": "pattern_5", "image": "images[4]"}, "1": {"desc": "pattern_6", "image": "images[5]"}, "2": {"desc": "pattern_7", "image": "images[6]"}, "3": {"desc": "pattern_8", "image": "images[7]"}, "4": {"desc": "pattern_9", "image": "images[8]"}}, "initial_stage": "planning", "hide_states": false, "hide_rewards_while_acting": false, "hide_edges_while_acting": false, "gaze_contingent": false, "gaze_tolerance": 1.5, "fixation_lag": 0.5, "start": 2}
2024-09-09 10:41:52,698 [DEBUG]  GraphTrial.log 43.558 begin space 
2024-09-09 10:41:53,218 [DEBUG]  GraphTrial.log 44.078 initialize status = ok
2024-09-09 10:41:53,218 [DEBUG]  GraphTrial.log 44.078 show graph 
2024-09-09 10:41:53,225 [DEBUG]  STREAM b'IHDR' 16 13
2024-09-09 10:41:53,225 [DEBUG]  STREAM b'IDAT' 41 65536
2024-09-09 10:41:53,229 [DEBUG]  STREAM b'IHDR' 16 13
2024-09-09 10:41:53,229 [DEBUG]  STREAM b'IDAT' 41 65536
2024-09-09 10:41:53,234 [DEBUG]  STREAM b'IHDR' 16 13
2024-09-09 10:41:53,234 [DEBUG]  STREAM b'IDAT' 41 65536
2024-09-09 10:41:53,238 [DEBUG]  STREAM b'IHDR' 16 13
2024-09-09 10:41:53,238 [DEBUG]  STREAM b'IDAT' 41 65536
2024-09-09 10:41:53,262 [DEBUG]  STREAM b'IHDR' 16 13
2024-09-09 10:41:53,262 [DEBUG]  STREAM b'IDAT' 41 65536
2024-09-09 10:41:53,267 [DEBUG]  STREAM b'IHDR' 16 13
2024-09-09 10:41:53,267 [DEBUG]  STREAM b'IDAT' 41 65536
2024-09-09 10:41:53,271 [DEBUG]  STREAM b'IHDR' 16 13
2024-09-09 10:41:53,271 [DEBUG]  STREAM b'IDAT' 41 65536
2024-09-09 10:41:53,275 [DEBUG]  STREAM b'IHDR' 16 13
2024-09-09 10:41:53,275 [DEBUG]  STREAM b'IDAT' 41 65536
2024-09-09 10:41:53,287 [DEBUG]  GraphTrial.log 44.147 visit state = 2
2024-09-09 10:41:53,291 [DEBUG]  GraphTrial.log 44.150 start flip_time = 44.15029379189946
2024-09-09 10:41:53,295 [DEBUG]  GraphTrial.log 44.155 get move selected = 1
2024-09-09 10:41:54,027 [DEBUG]  GraphTrial.log 44.886 switch selected = 8
2024-09-09 10:41:54,355 [DEBUG]  GraphTrial.log 45.214 switch selected = 1
2024-09-09 10:41:54,738 [DEBUG]  GraphTrial.log 45.597 select selected = 1
2024-09-09 10:41:54,738 [DEBUG]  GraphTrial.log 45.597 visit state = 1
2024-09-09 10:41:56,593 [DEBUG]  GraphTrial.log 47.453 done 
2024-09-09 10:41:56,593 [INFO]  end trial [{"time": 43.55750437499955, "event": "begin space"}, {"time": 44.07773679192178, "event": "initialize", "status": "ok"}, {"time": 44.07779112504795, "event": "show graph"}, {"time": 44.146600250154734, "event": "visit", "state": 2}, {"time": 44.15033416682854, "event": "start", "flip_time": 44.15029379189946}, {"time": 44.154604041948915, "event": "get move", "selected": 1}, {"time": 44.886410916922614, "event": "switch", "selected": 8}, {"time": 45.21428112499416, "event": "switch", "selected": 1}, {"time": 45.59719270840287, "event": "select", "selected": 1}, {"time": 45.597230500075966, "event": "visit", "state": 1}, {"time": 47.45278058340773, "event": "done"}]
2024-09-09 10:41:56,593 [DEBUG]  message: Incorrect, let's try another trial! (None)
2024-09-09 10:41:56,597 [INFO]  begin trial {"kind": "GraphTrial", "graph": [[], [], [], [], [], [], [], [], [], [1, 10], []], "rewards": [null, 0, null, null, null, null, null, null, null, null, -2], "reward_info": {"-4": {"desc": "pattern_1", "image": "images[0]"}, "-3": {"desc": "pattern_2", "image": "images[1]"}, "-2": {"desc": "pattern_3", "image": "images[2]"}, "-1": {"desc": "pattern_4", "image": "images[3]"}, "0": {"desc": "pattern_5", "image": "images[4]"}, "1": {"desc": "pattern_6", "image": "images[5]"}, "2": {"desc": "pattern_7", "image": "images[6]"}, "3": {"desc": "pattern_8", "image": "images[7]"}, "4": {"desc": "pattern_9", "image": "images[8]"}}, "initial_stage": "planning", "hide_states": false, "hide_rewards_while_acting": false, "hide_edges_while_acting": false, "gaze_contingent": false, "gaze_tolerance": 1.5, "fixation_lag": 0.5, "start": 9}
2024-09-09 10:41:56,597 [DEBUG]  GraphTrial.log 47.457 begin space 
2024-09-09 10:41:57,018 [DEBUG]  GraphTrial.log 47.878 initialize status = ok
2024-09-09 10:41:57,018 [DEBUG]  GraphTrial.log 47.878 show graph 
2024-09-09 10:41:57,025 [DEBUG]  STREAM b'IHDR' 16 13
2024-09-09 10:41:57,025 [DEBUG]  STREAM b'IDAT' 41 65536
2024-09-09 10:41:57,029 [DEBUG]  STREAM b'IHDR' 16 13
2024-09-09 10:41:57,029 [DEBUG]  STREAM b'IDAT' 41 65536
2024-09-09 10:41:57,033 [DEBUG]  STREAM b'IHDR' 16 13
2024-09-09 10:41:57,034 [DEBUG]  STREAM b'IDAT' 41 65536
2024-09-09 10:41:57,038 [DEBUG]  STREAM b'IHDR' 16 13
2024-09-09 10:41:57,038 [DEBUG]  STREAM b'IDAT' 41 65536
2024-09-09 10:41:57,068 [DEBUG]  STREAM b'IHDR' 16 13
2024-09-09 10:41:57,068 [DEBUG]  STREAM b'IDAT' 41 65536
2024-09-09 10:41:57,072 [DEBUG]  STREAM b'IHDR' 16 13
2024-09-09 10:41:57,072 [DEBUG]  STREAM b'IDAT' 41 65536
2024-09-09 10:41:57,076 [DEBUG]  STREAM b'IHDR' 16 13
2024-09-09 10:41:57,076 [DEBUG]  STREAM b'IDAT' 41 65536
2024-09-09 10:41:57,080 [DEBUG]  STREAM b'IHDR' 16 13
2024-09-09 10:41:57,080 [DEBUG]  STREAM b'IDAT' 41 65536
2024-09-09 10:41:57,087 [DEBUG]  GraphTrial.log 47.946 visit state = 9
2024-09-09 10:41:57,091 [DEBUG]  GraphTrial.log 47.950 start flip_time = 47.95012470823713
2024-09-09 10:41:57,094 [DEBUG]  GraphTrial.log 47.953 get move selected = 10
2024-09-09 10:41:57,971 [DEBUG]  GraphTrial.log 48.830 switch selected = 1
2024-09-09 10:41:58,754 [DEBUG]  GraphTrial.log 49.614 select selected = 1
2024-09-09 10:41:58,754 [DEBUG]  GraphTrial.log 49.614 visit state = 1
2024-09-09 10:42:00,613 [DEBUG]  GraphTrial.log 51.473 done 
2024-09-09 10:42:00,613 [INFO]  end trial [{"time": 47.45671412511729, "event": "begin space"}, {"time": 47.87771000014618, "event": "initialize", "status": "ok"}, {"time": 47.87776679173112, "event": "show graph"}, {"time": 47.946363291935995, "event": "visit", "state": 9}, {"time": 47.95018208329566, "event": "start", "flip_time": 47.95012470823713}, {"time": 47.95339845842682, "event": "get move", "selected": 10}, {"time": 48.83040591678582, "event": "switch", "selected": 1}, {"time": 49.613538041943684, "event": "select", "selected": 1}, {"time": 49.61357537517324, "event": "visit", "state": 1}, {"time": 51.4725877083838, "event": "done"}]
2024-09-09 10:42:00,613 [DEBUG]  message: You've successfully passed 1 out of 10 trials. (None)
2024-09-09 10:42:00,625 [INFO]  begin trial {"kind": "GraphTrial", "graph": [[], [], [], [], [10, 2], [], [], [], [], [], []], "rewards": [null, null, 2, null, null, null, null, null, null, null, -2], "reward_info": {"-4": {"desc": "pattern_1", "image": "images[0]"}, "-3": {"desc": "pattern_2", "image": "images[1]"}, "-2": {"desc": "pattern_3", "image": "images[2]"}, "-1": {"desc": "pattern_4", "image": "images[3]"}, "0": {"desc": "pattern_5", "image": "images[4]"}, "1": {"desc": "pattern_6", "image": "images[5]"}, "2": {"desc": "pattern_7", "image": "images[6]"}, "3": {"desc": "pattern_8", "image": "images[7]"}, "4": {"desc": "pattern_9", "image": "images[8]"}}, "initial_stage": "planning", "hide_states": false, "hide_rewards_while_acting": false, "hide_edges_while_acting": false, "gaze_contingent": false, "gaze_tolerance": 1.5, "fixation_lag": 0.5, "start": 4}
2024-09-09 10:42:00,626 [DEBUG]  GraphTrial.log 51.485 begin space 
2024-09-09 10:42:01,153 [DEBUG]  GraphTrial.log 52.013 initialize status = ok
2024-09-09 10:42:01,153 [DEBUG]  GraphTrial.log 52.013 show graph 
2024-09-09 10:42:01,163 [DEBUG]  STREAM b'IHDR' 16 13
2024-09-09 10:42:01,163 [DEBUG]  STREAM b'IDAT' 41 65536
2024-09-09 10:42:01,168 [DEBUG]  STREAM b'IHDR' 16 13
2024-09-09 10:42:01,168 [DEBUG]  STREAM b'IDAT' 41 65536
2024-09-09 10:42:01,172 [DEBUG]  STREAM b'IHDR' 16 13
2024-09-09 10:42:01,172 [DEBUG]  STREAM b'IDAT' 41 65536
2024-09-09 10:42:01,176 [DEBUG]  STREAM b'IHDR' 16 13
2024-09-09 10:42:01,176 [DEBUG]  STREAM b'IDAT' 41 65536
2024-09-09 10:42:01,204 [DEBUG]  STREAM b'IHDR' 16 13
2024-09-09 10:42:01,204 [DEBUG]  STREAM b'IDAT' 41 65536
2024-09-09 10:42:01,208 [DEBUG]  STREAM b'IHDR' 16 13
2024-09-09 10:42:01,208 [DEBUG]  STREAM b'IDAT' 41 65536
2024-09-09 10:42:01,212 [DEBUG]  STREAM b'IHDR' 16 13
2024-09-09 10:42:01,212 [DEBUG]  STREAM b'IDAT' 41 65536
2024-09-09 10:42:01,216 [DEBUG]  STREAM b'IHDR' 16 13
2024-09-09 10:42:01,216 [DEBUG]  STREAM b'IDAT' 41 65536
2024-09-09 10:42:01,223 [DEBUG]  GraphTrial.log 52.082 visit state = 4
2024-09-09 10:42:01,227 [DEBUG]  GraphTrial.log 52.087 start flip_time = 52.08621016680263
2024-09-09 10:42:01,230 [DEBUG]  GraphTrial.log 52.090 get move selected = 2
2024-09-09 10:42:02,602 [DEBUG]  GraphTrial.log 53.462 select selected = 2
2024-09-09 10:42:02,602 [DEBUG]  GraphTrial.log 53.462 visit state = 2
2024-09-09 10:42:04,459 [DEBUG]  GraphTrial.log 55.319 done 
2024-09-09 10:42:04,460 [INFO]  end trial [{"time": 51.48525737505406, "event": "begin space"}, {"time": 52.01292912499048, "event": "initialize", "status": "ok"}, {"time": 52.012992958305404, "event": "show graph"}, {"time": 52.08243091683835, "event": "visit", "state": 4}, {"time": 52.086561375064775, "event": "start", "flip_time": 52.08621016680263}, {"time": 52.08998875017278, "event": "get move", "selected": 2}, {"time": 53.461668791947886, "event": "select", "selected": 2}, {"time": 53.46170683344826, "event": "visit", "state": 2}, {"time": 55.318919458426535, "event": "done"}]
2024-09-09 10:42:04,460 [DEBUG]  message: You've successfully passed 2 out of 10 trials. (None)
2024-09-09 10:42:04,468 [INFO]  begin trial {"kind": "GraphTrial", "graph": [[9, 4], [], [], [], [], [], [], [], [], [], []], "rewards": [null, null, null, null, 2, null, null, null, null, 0, null], "reward_info": {"-4": {"desc": "pattern_1", "image": "images[0]"}, "-3": {"desc": "pattern_2", "image": "images[1]"}, "-2": {"desc": "pattern_3", "image": "images[2]"}, "-1": {"desc": "pattern_4", "image": "images[3]"}, "0": {"desc": "pattern_5", "image": "images[4]"}, "1": {"desc": "pattern_6", "image": "images[5]"}, "2": {"desc": "pattern_7", "image": "images[6]"}, "3": {"desc": "pattern_8", "image": "images[7]"}, "4": {"desc": "pattern_9", "image": "images[8]"}}, "initial_stage": "planning", "hide_states": false, "hide_rewards_while_acting": false, "hide_edges_while_acting": false, "gaze_contingent": false, "gaze_tolerance": 1.5, "fixation_lag": 0.5, "start": 0}
2024-09-09 10:42:04,468 [DEBUG]  GraphTrial.log 55.328 begin space 
2024-09-09 10:42:05,010 [DEBUG]  GraphTrial.log 55.870 initialize status = ok
2024-09-09 10:42:05,010 [DEBUG]  GraphTrial.log 55.870 show graph 
2024-09-09 10:42:05,026 [DEBUG]  STREAM b'IHDR' 16 13
2024-09-09 10:42:05,026 [DEBUG]  STREAM b'IDAT' 41 65536
2024-09-09 10:42:05,030 [DEBUG]  STREAM b'IHDR' 16 13
2024-09-09 10:42:05,030 [DEBUG]  STREAM b'IDAT' 41 65536
2024-09-09 10:42:05,035 [DEBUG]  STREAM b'IHDR' 16 13
2024-09-09 10:42:05,035 [DEBUG]  STREAM b'IDAT' 41 65536
2024-09-09 10:42:05,039 [DEBUG]  STREAM b'IHDR' 16 13
2024-09-09 10:42:05,039 [DEBUG]  STREAM b'IDAT' 41 65536
2024-09-09 10:42:05,058 [DEBUG]  STREAM b'IHDR' 16 13
2024-09-09 10:42:05,058 [DEBUG]  STREAM b'IDAT' 41 65536
2024-09-09 10:42:05,062 [DEBUG]  STREAM b'IHDR' 16 13
2024-09-09 10:42:05,062 [DEBUG]  STREAM b'IDAT' 41 65536
2024-09-09 10:42:05,066 [DEBUG]  STREAM b'IHDR' 16 13
2024-09-09 10:42:05,066 [DEBUG]  STREAM b'IDAT' 41 65536
2024-09-09 10:42:05,070 [DEBUG]  STREAM b'IHDR' 16 13
2024-09-09 10:42:05,070 [DEBUG]  STREAM b'IDAT' 41 65536
2024-09-09 10:42:05,080 [DEBUG]  GraphTrial.log 55.940 visit state = 0
2024-09-09 10:42:05,084 [DEBUG]  GraphTrial.log 55.943 start flip_time = 55.94341425015591
2024-09-09 10:42:05,093 [DEBUG]  GraphTrial.log 55.952 get move selected = 9
2024-09-09 10:42:05,811 [DEBUG]  GraphTrial.log 56.670 switch selected = 4
2024-09-09 10:42:06,178 [DEBUG]  GraphTrial.log 57.037 select selected = 4
2024-09-09 10:42:06,178 [DEBUG]  GraphTrial.log 57.037 visit state = 4
2024-09-09 10:42:08,060 [DEBUG]  GraphTrial.log 58.920 done 
2024-09-09 10:42:08,060 [INFO]  end trial [{"time": 55.32787416689098, "event": "begin space"}, {"time": 55.869822416920215, "event": "initialize", "status": "ok"}, {"time": 55.86987354187295, "event": "show graph"}, {"time": 55.93955220840871, "event": "visit", "state": 0}, {"time": 55.94345216685906, "event": "start", "flip_time": 55.94341425015591}, {"time": 55.95219562505372, "event": "get move", "selected": 9}, {"time": 56.67040875018574, "event": "switch", "selected": 4}, {"time": 57.03724137507379, "event": "select", "selected": 4}, {"time": 57.03727937513031, "event": "visit", "state": 4}, {"time": 58.91969658341259, "event": "done"}]
2024-09-09 10:42:08,060 [DEBUG]  message: You've successfully passed 3 out of 10 trials. (None)
2024-09-09 10:42:08,070 [INFO]  begin trial {"kind": "GraphTrial", "graph": [[], [], [], [], [], [], [], [], [], [], [9, 3]], "rewards": [null, null, null, 3, null, null, null, null, null, 0, null], "reward_info": {"-4": {"desc": "pattern_1", "image": "images[0]"}, "-3": {"desc": "pattern_2", "image": "images[1]"}, "-2": {"desc": "pattern_3", "image": "images[2]"}, "-1": {"desc": "pattern_4", "image": "images[3]"}, "0": {"desc": "pattern_5", "image": "images[4]"}, "1": {"desc": "pattern_6", "image": "images[5]"}, "2": {"desc": "pattern_7", "image": "images[6]"}, "3": {"desc": "pattern_8", "image": "images[7]"}, "4": {"desc": "pattern_9", "image": "images[8]"}}, "initial_stage": "planning", "hide_states": false, "hide_rewards_while_acting": false, "hide_edges_while_acting": false, "gaze_contingent": false, "gaze_tolerance": 1.5, "fixation_lag": 0.5, "start": 10}
2024-09-09 10:42:08,070 [DEBUG]  GraphTrial.log 58.930 begin space 
2024-09-09 10:42:08,218 [DEBUG]  GraphTrial.log 59.078 initialize status = ok
2024-09-09 10:42:08,218 [DEBUG]  GraphTrial.log 59.078 show graph 
2024-09-09 10:42:08,231 [DEBUG]  STREAM b'IHDR' 16 13
2024-09-09 10:42:08,231 [DEBUG]  STREAM b'IDAT' 41 65536
2024-09-09 10:42:08,236 [DEBUG]  STREAM b'IHDR' 16 13
2024-09-09 10:42:08,236 [DEBUG]  STREAM b'IDAT' 41 65536
2024-09-09 10:42:08,240 [DEBUG]  STREAM b'IHDR' 16 13
2024-09-09 10:42:08,240 [DEBUG]  STREAM b'IDAT' 41 65536
2024-09-09 10:42:08,244 [DEBUG]  STREAM b'IHDR' 16 13
2024-09-09 10:42:08,244 [DEBUG]  STREAM b'IDAT' 41 65536
2024-09-09 10:42:08,266 [DEBUG]  STREAM b'IHDR' 16 13
2024-09-09 10:42:08,266 [DEBUG]  STREAM b'IDAT' 41 65536
2024-09-09 10:42:08,271 [DEBUG]  STREAM b'IHDR' 16 13
2024-09-09 10:42:08,271 [DEBUG]  STREAM b'IDAT' 41 65536
2024-09-09 10:42:08,275 [DEBUG]  STREAM b'IHDR' 16 13
2024-09-09 10:42:08,275 [DEBUG]  STREAM b'IDAT' 41 65536
2024-09-09 10:42:08,279 [DEBUG]  STREAM b'IHDR' 16 13
2024-09-09 10:42:08,279 [DEBUG]  STREAM b'IDAT' 41 65536
2024-09-09 10:42:08,288 [DEBUG]  GraphTrial.log 59.148 visit state = 10
2024-09-09 10:42:08,292 [DEBUG]  GraphTrial.log 59.152 start flip_time = 59.15171854174696
2024-09-09 10:42:08,296 [DEBUG]  GraphTrial.log 59.155 get move selected = 9
2024-09-09 10:42:08,987 [DEBUG]  GraphTrial.log 59.846 switch selected = 3
2024-09-09 10:42:09,210 [DEBUG]  GraphTrial.log 60.069 select selected = 3
2024-09-09 10:42:09,210 [DEBUG]  GraphTrial.log 60.069 visit state = 3
2024-09-09 10:42:11,077 [DEBUG]  GraphTrial.log 61.936 done 
2024-09-09 10:42:11,077 [INFO]  end trial [{"time": 58.92976158321835, "event": "begin space"}, {"time": 59.077724999981, "event": "initialize", "status": "ok"}, {"time": 59.077773875091225, "event": "show graph"}, {"time": 59.148042416898534, "event": "visit", "state": 10}, {"time": 59.15175620839, "event": "start", "flip_time": 59.15171854174696}, {"time": 59.15515400003642, "event": "get move", "selected": 9}, {"time": 59.846444541821256, "event": "switch", "selected": 3}, {"time": 60.06945479172282, "event": "select", "selected": 3}, {"time": 60.0694915833883, "event": "visit", "state": 3}, {"time": 61.936052333330736, "event": "done"}]
2024-09-09 10:42:11,077 [DEBUG]  message: You've successfully passed 4 out of 10 trials. (None)
2024-09-09 10:42:11,085 [INFO]  begin trial {"kind": "GraphTrial", "graph": [[], [], [], [], [], [], [], [], [], [1, 2], []], "rewards": [null, 4, 2, null, null, null, null, null, null, null, null], "reward_info": {"-4": {"desc": "pattern_1", "image": "images[0]"}, "-3": {"desc": "pattern_2", "image": "images[1]"}, "-2": {"desc": "pattern_3", "image": "images[2]"}, "-1": {"desc": "pattern_4", "image": "images[3]"}, "0": {"desc": "pattern_5", "image": "images[4]"}, "1": {"desc": "pattern_6", "image": "images[5]"}, "2": {"desc": "pattern_7", "image": "images[6]"}, "3": {"desc": "pattern_8", "image": "images[7]"}, "4": {"desc": "pattern_9", "image": "images[8]"}}, "initial_stage": "planning", "hide_states": false, "hide_rewards_while_acting": false, "hide_edges_while_acting": false, "gaze_contingent": false, "gaze_tolerance": 1.5, "fixation_lag": 0.5, "start": 9}
2024-09-09 10:42:11,085 [DEBUG]  GraphTrial.log 61.945 begin space 
2024-09-09 10:42:11,418 [DEBUG]  GraphTrial.log 62.278 initialize status = ok
2024-09-09 10:42:11,418 [DEBUG]  GraphTrial.log 62.278 show graph 
2024-09-09 10:42:11,425 [DEBUG]  STREAM b'IHDR' 16 13
2024-09-09 10:42:11,425 [DEBUG]  STREAM b'IDAT' 41 65536
2024-09-09 10:42:11,430 [DEBUG]  STREAM b'IHDR' 16 13
2024-09-09 10:42:11,430 [DEBUG]  STREAM b'IDAT' 41 65536
2024-09-09 10:42:11,434 [DEBUG]  STREAM b'IHDR' 16 13
2024-09-09 10:42:11,434 [DEBUG]  STREAM b'IDAT' 41 65536
2024-09-09 10:42:11,439 [DEBUG]  STREAM b'IHDR' 16 13
2024-09-09 10:42:11,439 [DEBUG]  STREAM b'IDAT' 41 65536
2024-09-09 10:42:11,446 [DEBUG]  STREAM b'IHDR' 16 13
2024-09-09 10:42:11,446 [DEBUG]  STREAM b'IDAT' 41 65536
2024-09-09 10:42:11,451 [DEBUG]  STREAM b'IHDR' 16 13
2024-09-09 10:42:11,451 [DEBUG]  STREAM b'IDAT' 41 65536
2024-09-09 10:42:11,455 [DEBUG]  STREAM b'IHDR' 16 13
2024-09-09 10:42:11,455 [DEBUG]  STREAM b'IDAT' 41 65536
2024-09-09 10:42:11,459 [DEBUG]  STREAM b'IHDR' 16 13
2024-09-09 10:42:11,459 [DEBUG]  STREAM b'IDAT' 41 65536
2024-09-09 10:42:11,489 [DEBUG]  GraphTrial.log 62.348 visit state = 9
2024-09-09 10:42:11,493 [DEBUG]  GraphTrial.log 62.352 start flip_time = 62.35220225015655
2024-09-09 10:42:11,496 [DEBUG]  GraphTrial.log 62.356 get move selected = 1
2024-09-09 10:42:12,666 [DEBUG]  GraphTrial.log 63.526 select selected = 1
2024-09-09 10:42:12,666 [DEBUG]  GraphTrial.log 63.526 visit state = 1
2024-09-09 10:42:14,509 [DEBUG]  GraphTrial.log 65.369 done 
2024-09-09 10:42:14,510 [INFO]  end trial [{"time": 61.94499700004235, "event": "begin space"}, {"time": 62.27772808331065, "event": "initialize", "status": "ok"}, {"time": 62.27777462499216, "event": "show graph"}, {"time": 62.34845954179764, "event": "visit", "state": 9}, {"time": 62.35224058339372, "event": "start", "flip_time": 62.35220225015655}, {"time": 62.35563166672364, "event": "get move", "selected": 1}, {"time": 63.5257190419361, "event": "select", "selected": 1}, {"time": 63.525757083436474, "event": "visit", "state": 1}, {"time": 65.36897075013258, "event": "done"}]
2024-09-09 10:42:14,510 [DEBUG]  message: You've successfully passed 5 out of 10 trials. (None)
2024-09-09 10:42:14,517 [INFO]  begin trial {"kind": "GraphTrial", "graph": [[], [], [], [], [], [6, 2], [], [], [], [], []], "rewards": [null, null, -3, null, null, null, 0, null, null, null, null], "reward_info": {"-4": {"desc": "pattern_1", "image": "images[0]"}, "-3": {"desc": "pattern_2", "image": "images[1]"}, "-2": {"desc": "pattern_3", "image": "images[2]"}, "-1": {"desc": "pattern_4", "image": "images[3]"}, "0": {"desc": "pattern_5", "image": "images[4]"}, "1": {"desc": "pattern_6", "image": "images[5]"}, "2": {"desc": "pattern_7", "image": "images[6]"}, "3": {"desc": "pattern_8", "image": "images[7]"}, "4": {"desc": "pattern_9", "image": "images[8]"}}, "initial_stage": "planning", "hide_states": false, "hide_rewards_while_acting": false, "hide_edges_while_acting": false, "gaze_contingent": false, "gaze_tolerance": 1.5, "fixation_lag": 0.5, "start": 5}
2024-09-09 10:42:14,517 [DEBUG]  GraphTrial.log 65.377 begin space 
2024-09-09 10:42:14,746 [DEBUG]  GraphTrial.log 65.606 initialize status = ok
2024-09-09 10:42:14,746 [DEBUG]  GraphTrial.log 65.606 show graph 
2024-09-09 10:42:14,756 [DEBUG]  STREAM b'IHDR' 16 13
2024-09-09 10:42:14,756 [DEBUG]  STREAM b'IDAT' 41 65536
2024-09-09 10:42:14,760 [DEBUG]  STREAM b'IHDR' 16 13
2024-09-09 10:42:14,760 [DEBUG]  STREAM b'IDAT' 41 65536
2024-09-09 10:42:14,765 [DEBUG]  STREAM b'IHDR' 16 13
2024-09-09 10:42:14,765 [DEBUG]  STREAM b'IDAT' 41 65536
2024-09-09 10:42:14,769 [DEBUG]  STREAM b'IHDR' 16 13
2024-09-09 10:42:14,769 [DEBUG]  STREAM b'IDAT' 41 65536
2024-09-09 10:42:14,785 [DEBUG]  STREAM b'IHDR' 16 13
2024-09-09 10:42:14,785 [DEBUG]  STREAM b'IDAT' 41 65536
2024-09-09 10:42:14,789 [DEBUG]  STREAM b'IHDR' 16 13
2024-09-09 10:42:14,789 [DEBUG]  STREAM b'IDAT' 41 65536
2024-09-09 10:42:14,793 [DEBUG]  STREAM b'IHDR' 16 13
2024-09-09 10:42:14,793 [DEBUG]  STREAM b'IDAT' 41 65536
2024-09-09 10:42:14,797 [DEBUG]  STREAM b'IHDR' 16 13
2024-09-09 10:42:14,797 [DEBUG]  STREAM b'IDAT' 41 65536
2024-09-09 10:42:14,815 [DEBUG]  GraphTrial.log 65.675 visit state = 5
2024-09-09 10:42:14,819 [DEBUG]  GraphTrial.log 65.679 start flip_time = 65.67852924996987
2024-09-09 10:42:14,827 [DEBUG]  GraphTrial.log 65.686 get move selected = 6
2024-09-09 10:42:15,786 [DEBUG]  GraphTrial.log 66.646 select selected = 6
2024-09-09 10:42:15,786 [DEBUG]  GraphTrial.log 66.646 visit state = 6
2024-09-09 10:42:17,642 [DEBUG]  GraphTrial.log 68.502 done 
2024-09-09 10:42:17,642 [INFO]  end trial [{"time": 65.37703754194081, "event": "begin space"}, {"time": 65.60581745835952, "event": "initialize", "status": "ok"}, {"time": 65.60586558328941, "event": "show graph"}, {"time": 65.67481112503447, "event": "visit", "state": 5}, {"time": 65.67857099999674, "event": "start", "flip_time": 65.67852924996987}, {"time": 65.686187250074, "event": "get move", "selected": 6}, {"time": 66.64570087497123, "event": "select", "selected": 6}, {"time": 66.64574070833623, "event": "visit", "state": 6}, {"time": 68.50159108336084, "event": "done"}]
2024-09-09 10:42:17,642 [DEBUG]  message: You've successfully passed 6 out of 10 trials. (None)
2024-09-09 10:42:17,651 [INFO]  begin trial {"kind": "GraphTrial", "graph": [[], [5, 10], [], [], [], [], [], [], [], [], []], "rewards": [null, null, null, null, null, -4, null, null, null, null, -1], "reward_info": {"-4": {"desc": "pattern_1", "image": "images[0]"}, "-3": {"desc": "pattern_2", "image": "images[1]"}, "-2": {"desc": "pattern_3", "image": "images[2]"}, "-1": {"desc": "pattern_4", "image": "images[3]"}, "0": {"desc": "pattern_5", "image": "images[4]"}, "1": {"desc": "pattern_6", "image": "images[5]"}, "2": {"desc": "pattern_7", "image": "images[6]"}, "3": {"desc": "pattern_8", "image": "images[7]"}, "4": {"desc": "pattern_9", "image": "images[8]"}}, "initial_stage": "planning", "hide_states": false, "hide_rewards_while_acting": false, "hide_edges_while_acting": false, "gaze_contingent": false, "gaze_tolerance": 1.5, "fixation_lag": 0.5, "start": 1}
2024-09-09 10:42:17,651 [DEBUG]  GraphTrial.log 68.511 begin space 
2024-09-09 10:42:18,098 [DEBUG]  GraphTrial.log 68.958 initialize status = ok
2024-09-09 10:42:18,098 [DEBUG]  GraphTrial.log 68.958 show graph 
2024-09-09 10:42:18,116 [DEBUG]  STREAM b'IHDR' 16 13
2024-09-09 10:42:18,116 [DEBUG]  STREAM b'IDAT' 41 65536
2024-09-09 10:42:18,121 [DEBUG]  STREAM b'IHDR' 16 13
2024-09-09 10:42:18,121 [DEBUG]  STREAM b'IDAT' 41 65536
2024-09-09 10:42:18,125 [DEBUG]  STREAM b'IHDR' 16 13
2024-09-09 10:42:18,125 [DEBUG]  STREAM b'IDAT' 41 65536
2024-09-09 10:42:18,129 [DEBUG]  STREAM b'IHDR' 16 13
2024-09-09 10:42:18,129 [DEBUG]  STREAM b'IDAT' 41 65536
2024-09-09 10:42:18,148 [DEBUG]  STREAM b'IHDR' 16 13
2024-09-09 10:42:18,148 [DEBUG]  STREAM b'IDAT' 41 65536
2024-09-09 10:42:18,152 [DEBUG]  STREAM b'IHDR' 16 13
2024-09-09 10:42:18,152 [DEBUG]  STREAM b'IDAT' 41 65536
2024-09-09 10:42:18,156 [DEBUG]  STREAM b'IHDR' 16 13
2024-09-09 10:42:18,156 [DEBUG]  STREAM b'IDAT' 41 65536
2024-09-09 10:42:18,160 [DEBUG]  STREAM b'IHDR' 16 13
2024-09-09 10:42:18,160 [DEBUG]  STREAM b'IDAT' 41 65536
2024-09-09 10:42:18,166 [DEBUG]  GraphTrial.log 69.026 visit state = 1
2024-09-09 10:42:18,170 [DEBUG]  GraphTrial.log 69.030 start flip_time = 69.02978004189208
2024-09-09 10:42:18,176 [DEBUG]  GraphTrial.log 69.035 get move selected = 5
2024-09-09 10:42:19,186 [DEBUG]  GraphTrial.log 70.046 switch selected = 10
2024-09-09 10:42:19,642 [DEBUG]  GraphTrial.log 70.502 select selected = 10
2024-09-09 10:42:19,642 [DEBUG]  GraphTrial.log 70.502 visit state = 10
2024-09-09 10:42:21,513 [DEBUG]  GraphTrial.log 72.373 done 
2024-09-09 10:42:21,513 [INFO]  end trial [{"time": 68.51061800005846, "event": "begin space"}, {"time": 68.95773887517862, "event": "initialize", "status": "ok"}, {"time": 68.95778658334166, "event": "show graph"}, {"time": 69.02606179192662, "event": "visit", "state": 1}, {"time": 69.02981958328746, "event": "start", "flip_time": 69.02978004189208}, {"time": 69.03532341681421, "event": "get move", "selected": 5}, {"time": 70.04582733334973, "event": "switch", "selected": 10}, {"time": 70.50161300017498, "event": "select", "selected": 10}, {"time": 70.50165066681802, "event": "visit", "state": 10}, {"time": 72.37261733342893, "event": "done"}]
2024-09-09 10:42:21,513 [DEBUG]  message: You've successfully passed 7 out of 10 trials. (None)
2024-09-09 10:42:21,527 [ERROR]  Practice index exceeds available trials.
2024-09-09 10:42:21,527 [INFO]  begin trial {"kind": "GraphTrial", "graph": [[], [], [], [10, 8], [], [], [], [], [], [], []], "rewards": [null, null, null, null, null, null, null, null, 2, null, 4], "reward_info": {"-4": {"desc": "pattern_1", "image": "images[0]"}, "-3": {"desc": "pattern_2", "image": "images[1]"}, "-2": {"desc": "pattern_3", "image": "images[2]"}, "-1": {"desc": "pattern_4", "image": "images[3]"}, "0": {"desc": "pattern_5", "image": "images[4]"}, "1": {"desc": "pattern_6", "image": "images[5]"}, "2": {"desc": "pattern_7", "image": "images[6]"}, "3": {"desc": "pattern_8", "image": "images[7]"}, "4": {"desc": "pattern_9", "image": "images[8]"}}, "initial_stage": "planning", "hide_states": false, "hide_rewards_while_acting": false, "hide_edges_while_acting": false, "gaze_contingent": false, "gaze_tolerance": 1.5, "fixation_lag": 0.5, "start": 3}
2024-09-09 10:42:21,527 [DEBUG]  GraphTrial.log 72.387 begin space 
2024-09-09 10:42:21,778 [DEBUG]  GraphTrial.log 72.638 initialize status = ok
2024-09-09 10:42:21,778 [DEBUG]  GraphTrial.log 72.638 show graph 
2024-09-09 10:42:21,805 [DEBUG]  STREAM b'IHDR' 16 13
2024-09-09 10:42:21,805 [DEBUG]  STREAM b'IDAT' 41 65536
2024-09-09 10:42:21,809 [DEBUG]  STREAM b'IHDR' 16 13
2024-09-09 10:42:21,809 [DEBUG]  STREAM b'IDAT' 41 65536
2024-09-09 10:42:21,814 [DEBUG]  STREAM b'IHDR' 16 13
2024-09-09 10:42:21,814 [DEBUG]  STREAM b'IDAT' 41 65536
2024-09-09 10:42:21,818 [DEBUG]  STREAM b'IHDR' 16 13
2024-09-09 10:42:21,818 [DEBUG]  STREAM b'IDAT' 41 65536
2024-09-09 10:42:21,828 [DEBUG]  STREAM b'IHDR' 16 13
2024-09-09 10:42:21,828 [DEBUG]  STREAM b'IDAT' 41 65536
2024-09-09 10:42:21,833 [DEBUG]  STREAM b'IHDR' 16 13
2024-09-09 10:42:21,833 [DEBUG]  STREAM b'IDAT' 41 65536
2024-09-09 10:42:21,837 [DEBUG]  STREAM b'IHDR' 16 13
2024-09-09 10:42:21,837 [DEBUG]  STREAM b'IDAT' 41 65536
2024-09-09 10:42:21,842 [DEBUG]  STREAM b'IHDR' 16 13
2024-09-09 10:42:21,842 [DEBUG]  STREAM b'IDAT' 41 65536
2024-09-09 10:42:21,849 [DEBUG]  GraphTrial.log 72.708 visit state = 3
2024-09-09 10:42:21,853 [DEBUG]  GraphTrial.log 72.712 start flip_time = 72.71219470840879
2024-09-09 10:42:21,859 [DEBUG]  GraphTrial.log 72.719 get move selected = 10
2024-09-09 10:42:22,962 [DEBUG]  GraphTrial.log 73.822 select selected = 10
2024-09-09 10:42:22,962 [DEBUG]  GraphTrial.log 73.822 visit state = 10
2024-09-09 10:42:24,795 [DEBUG]  GraphTrial.log 75.655 done 
2024-09-09 10:42:24,795 [INFO]  end trial [{"time": 72.38654791680165, "event": "begin space"}, {"time": 72.63770208344795, "event": "initialize", "status": "ok"}, {"time": 72.63774999999441, "event": "show graph"}, {"time": 72.70845233323053, "event": "visit", "state": 3}, {"time": 72.71223591687158, "event": "start", "flip_time": 72.71219470840879}, {"time": 72.71886725001968, "event": "get move", "selected": 10}, {"time": 73.82158075016923, "event": "select", "selected": 10}, {"time": 73.82161900005303, "event": "visit", "state": 10}, {"time": 75.6548754167743, "event": "done"}]
2024-09-09 10:42:24,795 [DEBUG]  message: You've successfully passed 8 out of 10 trials. (None)
2024-09-09 10:42:24,810 [DEBUG]  message: Congratulations! You've achieved the required 8 correct trials. (None)
2024-09-09 10:42:25,548 [INFO]  begin practice
2024-09-09 10:42:25,548 [DEBUG]  message: Let's try a few harder practice rounds. (complete 2 practice rounds to continue)
2024-09-09 10:42:25,558 [INFO]  begin trial {"kind": "GraphTrial", "graph": [[], [], [], [2, 10], [9, 6], [3, 2], [1, 7], [], [], [8, 0], []], "rewards": [2, 1, -2, 3, null, -4, -2, 0, 4, 4, -1], "reward_info": {"-4": {"desc": "pattern_1", "image": "images[0]"}, "-3": {"desc": "pattern_2", "image": "images[1]"}, "-2": {"desc": "pattern_3", "image": "images[2]"}, "-1": {"desc": "pattern_4", "image": "images[3]"}, "0": {"desc": "pattern_5", "image": "images[4]"}, "1": {"desc": "pattern_6", "image": "images[5]"}, "2": {"desc": "pattern_7", "image": "images[6]"}, "3": {"desc": "pattern_8", "image": "images[7]"}, "4": {"desc": "pattern_9", "image": "images[8]"}}, "initial_stage": "planning", "hide_states": false, "hide_rewards_while_acting": false, "hide_edges_while_acting": false, "gaze_contingent": false, "gaze_tolerance": 1.5, "fixation_lag": 0.5, "start": 4}
2024-09-09 10:42:25,558 [DEBUG]  GraphTrial.log 76.418 begin space 
2024-09-09 10:42:26,106 [DEBUG]  GraphTrial.log 76.966 initialize status = ok
2024-09-09 10:42:26,106 [DEBUG]  GraphTrial.log 76.966 show graph 
2024-09-09 10:42:26,110 [DEBUG]  STREAM b'IHDR' 16 13
2024-09-09 10:42:26,110 [DEBUG]  STREAM b'IDAT' 41 65536
2024-09-09 10:42:26,114 [DEBUG]  STREAM b'IHDR' 16 13
2024-09-09 10:42:26,115 [DEBUG]  STREAM b'IDAT' 41 65536
2024-09-09 10:42:26,119 [DEBUG]  STREAM b'IHDR' 16 13
2024-09-09 10:42:26,119 [DEBUG]  STREAM b'IDAT' 41 65536
2024-09-09 10:42:26,123 [DEBUG]  STREAM b'IHDR' 16 13
2024-09-09 10:42:26,123 [DEBUG]  STREAM b'IDAT' 41 65536
2024-09-09 10:42:26,131 [DEBUG]  STREAM b'IHDR' 16 13
2024-09-09 10:42:26,131 [DEBUG]  STREAM b'IDAT' 41 65536
2024-09-09 10:42:26,135 [DEBUG]  STREAM b'IHDR' 16 13
2024-09-09 10:42:26,135 [DEBUG]  STREAM b'IDAT' 41 65536
2024-09-09 10:42:26,139 [DEBUG]  STREAM b'IHDR' 16 13
2024-09-09 10:42:26,139 [DEBUG]  STREAM b'IDAT' 41 65536
2024-09-09 10:42:26,143 [DEBUG]  STREAM b'IHDR' 16 13
2024-09-09 10:42:26,143 [DEBUG]  STREAM b'IDAT' 41 65536
2024-09-09 10:42:26,150 [DEBUG]  STREAM b'IHDR' 16 13
2024-09-09 10:42:26,150 [DEBUG]  STREAM b'IDAT' 41 65536
2024-09-09 10:42:26,154 [DEBUG]  STREAM b'IHDR' 16 13
2024-09-09 10:42:26,154 [DEBUG]  STREAM b'IDAT' 41 65536
2024-09-09 10:42:26,158 [DEBUG]  STREAM b'IHDR' 16 13
2024-09-09 10:42:26,158 [DEBUG]  STREAM b'IDAT' 41 65536
2024-09-09 10:42:26,162 [DEBUG]  STREAM b'IHDR' 16 13
2024-09-09 10:42:26,162 [DEBUG]  STREAM b'IDAT' 41 65536
2024-09-09 10:42:26,170 [DEBUG]  STREAM b'IHDR' 16 13
2024-09-09 10:42:26,170 [DEBUG]  STREAM b'IDAT' 41 65536
2024-09-09 10:42:26,174 [DEBUG]  STREAM b'IHDR' 16 13
2024-09-09 10:42:26,174 [DEBUG]  STREAM b'IDAT' 41 65536
2024-09-09 10:42:26,178 [DEBUG]  STREAM b'IHDR' 16 13
2024-09-09 10:42:26,178 [DEBUG]  STREAM b'IDAT' 41 65536
2024-09-09 10:42:26,183 [DEBUG]  STREAM b'IHDR' 16 13
2024-09-09 10:42:26,183 [DEBUG]  STREAM b'IDAT' 41 65536
2024-09-09 10:42:26,193 [DEBUG]  STREAM b'IHDR' 16 13
2024-09-09 10:42:26,193 [DEBUG]  STREAM b'IDAT' 41 65536
2024-09-09 10:42:26,197 [DEBUG]  STREAM b'IHDR' 16 13
2024-09-09 10:42:26,197 [DEBUG]  STREAM b'IDAT' 41 65536
2024-09-09 10:42:26,202 [DEBUG]  STREAM b'IHDR' 16 13
2024-09-09 10:42:26,202 [DEBUG]  STREAM b'IDAT' 41 65536
2024-09-09 10:42:26,206 [DEBUG]  STREAM b'IHDR' 16 13
2024-09-09 10:42:26,206 [DEBUG]  STREAM b'IDAT' 41 65536
2024-09-09 10:42:26,213 [DEBUG]  STREAM b'IHDR' 16 13
2024-09-09 10:42:26,213 [DEBUG]  STREAM b'IDAT' 41 65536
2024-09-09 10:42:26,217 [DEBUG]  STREAM b'IHDR' 16 13
2024-09-09 10:42:26,217 [DEBUG]  STREAM b'IDAT' 41 65536
2024-09-09 10:42:26,221 [DEBUG]  STREAM b'IHDR' 16 13
2024-09-09 10:42:26,221 [DEBUG]  STREAM b'IDAT' 41 65536
2024-09-09 10:42:26,225 [DEBUG]  STREAM b'IHDR' 16 13
2024-09-09 10:42:26,225 [DEBUG]  STREAM b'IDAT' 41 65536
2024-09-09 10:42:26,232 [DEBUG]  STREAM b'IHDR' 16 13
2024-09-09 10:42:26,232 [DEBUG]  STREAM b'IDAT' 41 65536
2024-09-09 10:42:26,236 [DEBUG]  STREAM b'IHDR' 16 13
2024-09-09 10:42:26,236 [DEBUG]  STREAM b'IDAT' 41 65536
2024-09-09 10:42:26,241 [DEBUG]  STREAM b'IHDR' 16 13
2024-09-09 10:42:26,241 [DEBUG]  STREAM b'IDAT' 41 65536
2024-09-09 10:42:26,245 [DEBUG]  STREAM b'IHDR' 16 13
2024-09-09 10:42:26,245 [DEBUG]  STREAM b'IDAT' 41 65536
2024-09-09 10:42:26,252 [DEBUG]  STREAM b'IHDR' 16 13
2024-09-09 10:42:26,252 [DEBUG]  STREAM b'IDAT' 41 65536
2024-09-09 10:42:26,256 [DEBUG]  STREAM b'IHDR' 16 13
2024-09-09 10:42:26,256 [DEBUG]  STREAM b'IDAT' 41 65536
2024-09-09 10:42:26,261 [DEBUG]  STREAM b'IHDR' 16 13
2024-09-09 10:42:26,261 [DEBUG]  STREAM b'IDAT' 41 65536
2024-09-09 10:42:26,265 [DEBUG]  STREAM b'IHDR' 16 13
2024-09-09 10:42:26,265 [DEBUG]  STREAM b'IDAT' 41 65536
2024-09-09 10:42:26,273 [DEBUG]  STREAM b'IHDR' 16 13
2024-09-09 10:42:26,273 [DEBUG]  STREAM b'IDAT' 41 65536
2024-09-09 10:42:26,277 [DEBUG]  STREAM b'IHDR' 16 13
2024-09-09 10:42:26,277 [DEBUG]  STREAM b'IDAT' 41 65536
2024-09-09 10:42:26,282 [DEBUG]  STREAM b'IHDR' 16 13
2024-09-09 10:42:26,282 [DEBUG]  STREAM b'IDAT' 41 65536
2024-09-09 10:42:26,286 [DEBUG]  STREAM b'IHDR' 16 13
2024-09-09 10:42:26,286 [DEBUG]  STREAM b'IDAT' 41 65536
2024-09-09 10:42:26,294 [DEBUG]  STREAM b'IHDR' 16 13
2024-09-09 10:42:26,294 [DEBUG]  STREAM b'IDAT' 41 65536
2024-09-09 10:42:26,298 [DEBUG]  STREAM b'IHDR' 16 13
2024-09-09 10:42:26,298 [DEBUG]  STREAM b'IDAT' 41 65536
2024-09-09 10:42:26,302 [DEBUG]  STREAM b'IHDR' 16 13
2024-09-09 10:42:26,302 [DEBUG]  STREAM b'IDAT' 41 65536
2024-09-09 10:42:26,306 [DEBUG]  STREAM b'IHDR' 16 13
2024-09-09 10:42:26,306 [DEBUG]  STREAM b'IDAT' 41 65536
2024-09-09 10:42:26,319 [DEBUG]  GraphTrial.log 77.179 visit state = 4
2024-09-09 10:42:26,326 [DEBUG]  GraphTrial.log 77.185 start flip_time = 77.1851764167659
2024-09-09 10:42:26,331 [DEBUG]  GraphTrial.log 77.191 get move selected = 9
2024-09-09 10:42:27,642 [DEBUG]  GraphTrial.log 78.501 select selected = 9
2024-09-09 10:42:27,642 [DEBUG]  GraphTrial.log 78.501 visit state = 9
2024-09-09 10:42:27,654 [DEBUG]  GraphTrial.log 78.513 get move selected = 0
2024-09-09 10:42:28,298 [DEBUG]  GraphTrial.log 79.157 select selected = 0
2024-09-09 10:42:28,298 [DEBUG]  GraphTrial.log 79.158 visit state = 0
2024-09-09 10:42:30,159 [DEBUG]  GraphTrial.log 81.019 done 
2024-09-09 10:42:30,160 [INFO]  end trial [{"time": 76.41772283334285, "event": "begin space"}, {"time": 76.96560679189861, "event": "initialize", "status": "ok"}, {"time": 76.96565758343786, "event": "show graph"}, {"time": 77.17903520842083, "event": "visit", "state": 4}, {"time": 77.1852636251133, "event": "start", "flip_time": 77.1851764167659}, {"time": 77.1909539999906, "event": "get move", "selected": 9}, {"time": 78.50144450017251, "event": "select", "selected": 9}, {"time": 78.50148508325219, "event": "visit", "state": 9}, {"time": 78.51340595842339, "event": "get move", "selected": 0}, {"time": 79.15747629175894, "event": "select", "selected": 0}, {"time": 79.15751479193568, "event": "visit", "state": 0}, {"time": 81.01898133335635, "event": "done"}]
2024-09-09 10:42:30,160 [DEBUG]  message: You got 6 points on that round, but you could have gotten 8.
Let's try again. Try to make as many points as possible! (None)
2024-09-09 10:42:30,164 [INFO]  begin trial {"kind": "GraphTrial", "graph": [[], [], [], [2, 10], [9, 6], [3, 2], [1, 7], [], [], [8, 0], []], "rewards": [2, 1, -2, 3, null, -4, -2, 0, 4, 4, -1], "reward_info": {"-4": {"desc": "pattern_1", "image": "images[0]"}, "-3": {"desc": "pattern_2", "image": "images[1]"}, "-2": {"desc": "pattern_3", "image": "images[2]"}, "-1": {"desc": "pattern_4", "image": "images[3]"}, "0": {"desc": "pattern_5", "image": "images[4]"}, "1": {"desc": "pattern_6", "image": "images[5]"}, "2": {"desc": "pattern_7", "image": "images[6]"}, "3": {"desc": "pattern_8", "image": "images[7]"}, "4": {"desc": "pattern_9", "image": "images[8]"}}, "initial_stage": "planning", "hide_states": false, "hide_rewards_while_acting": false, "hide_edges_while_acting": false, "gaze_contingent": false, "gaze_tolerance": 1.5, "fixation_lag": 0.5, "start": 4}
2024-09-09 10:42:30,164 [DEBUG]  GraphTrial.log 81.024 begin space 
2024-09-09 10:42:30,610 [DEBUG]  GraphTrial.log 81.470 initialize status = ok
2024-09-09 10:42:30,610 [DEBUG]  GraphTrial.log 81.470 show graph 
2024-09-09 10:42:30,614 [DEBUG]  STREAM b'IHDR' 16 13
2024-09-09 10:42:30,614 [DEBUG]  STREAM b'IDAT' 41 65536
2024-09-09 10:42:30,619 [DEBUG]  STREAM b'IHDR' 16 13
2024-09-09 10:42:30,619 [DEBUG]  STREAM b'IDAT' 41 65536
2024-09-09 10:42:30,623 [DEBUG]  STREAM b'IHDR' 16 13
2024-09-09 10:42:30,623 [DEBUG]  STREAM b'IDAT' 41 65536
2024-09-09 10:42:30,628 [DEBUG]  STREAM b'IHDR' 16 13
2024-09-09 10:42:30,628 [DEBUG]  STREAM b'IDAT' 41 65536
2024-09-09 10:42:30,635 [DEBUG]  STREAM b'IHDR' 16 13
2024-09-09 10:42:30,635 [DEBUG]  STREAM b'IDAT' 41 65536
2024-09-09 10:42:30,639 [DEBUG]  STREAM b'IHDR' 16 13
2024-09-09 10:42:30,639 [DEBUG]  STREAM b'IDAT' 41 65536
2024-09-09 10:42:30,644 [DEBUG]  STREAM b'IHDR' 16 13
2024-09-09 10:42:30,644 [DEBUG]  STREAM b'IDAT' 41 65536
2024-09-09 10:42:30,648 [DEBUG]  STREAM b'IHDR' 16 13
2024-09-09 10:42:30,648 [DEBUG]  STREAM b'IDAT' 41 65536
2024-09-09 10:42:30,655 [DEBUG]  STREAM b'IHDR' 16 13
2024-09-09 10:42:30,655 [DEBUG]  STREAM b'IDAT' 41 65536
2024-09-09 10:42:30,659 [DEBUG]  STREAM b'IHDR' 16 13
2024-09-09 10:42:30,659 [DEBUG]  STREAM b'IDAT' 41 65536
2024-09-09 10:42:30,663 [DEBUG]  STREAM b'IHDR' 16 13
2024-09-09 10:42:30,663 [DEBUG]  STREAM b'IDAT' 41 65536
2024-09-09 10:42:30,667 [DEBUG]  STREAM b'IHDR' 16 13
2024-09-09 10:42:30,667 [DEBUG]  STREAM b'IDAT' 41 65536
2024-09-09 10:42:30,675 [DEBUG]  STREAM b'IHDR' 16 13
2024-09-09 10:42:30,675 [DEBUG]  STREAM b'IDAT' 41 65536
2024-09-09 10:42:30,679 [DEBUG]  STREAM b'IHDR' 16 13
2024-09-09 10:42:30,679 [DEBUG]  STREAM b'IDAT' 41 65536
2024-09-09 10:42:30,684 [DEBUG]  STREAM b'IHDR' 16 13
2024-09-09 10:42:30,684 [DEBUG]  STREAM b'IDAT' 41 65536
2024-09-09 10:42:30,688 [DEBUG]  STREAM b'IHDR' 16 13
2024-09-09 10:42:30,688 [DEBUG]  STREAM b'IDAT' 41 65536
2024-09-09 10:42:30,698 [DEBUG]  STREAM b'IHDR' 16 13
2024-09-09 10:42:30,698 [DEBUG]  STREAM b'IDAT' 41 65536
2024-09-09 10:42:30,703 [DEBUG]  STREAM b'IHDR' 16 13
2024-09-09 10:42:30,703 [DEBUG]  STREAM b'IDAT' 41 65536
2024-09-09 10:42:30,707 [DEBUG]  STREAM b'IHDR' 16 13
2024-09-09 10:42:30,707 [DEBUG]  STREAM b'IDAT' 41 65536
2024-09-09 10:42:30,711 [DEBUG]  STREAM b'IHDR' 16 13
2024-09-09 10:42:30,711 [DEBUG]  STREAM b'IDAT' 41 65536
2024-09-09 10:42:30,718 [DEBUG]  STREAM b'IHDR' 16 13
2024-09-09 10:42:30,718 [DEBUG]  STREAM b'IDAT' 41 65536
2024-09-09 10:42:30,722 [DEBUG]  STREAM b'IHDR' 16 13
2024-09-09 10:42:30,722 [DEBUG]  STREAM b'IDAT' 41 65536
2024-09-09 10:42:30,726 [DEBUG]  STREAM b'IHDR' 16 13
2024-09-09 10:42:30,726 [DEBUG]  STREAM b'IDAT' 41 65536
2024-09-09 10:42:30,730 [DEBUG]  STREAM b'IHDR' 16 13
2024-09-09 10:42:30,730 [DEBUG]  STREAM b'IDAT' 41 65536
2024-09-09 10:42:30,737 [DEBUG]  STREAM b'IHDR' 16 13
2024-09-09 10:42:30,737 [DEBUG]  STREAM b'IDAT' 41 65536
2024-09-09 10:42:30,742 [DEBUG]  STREAM b'IHDR' 16 13
2024-09-09 10:42:30,742 [DEBUG]  STREAM b'IDAT' 41 65536
2024-09-09 10:42:30,746 [DEBUG]  STREAM b'IHDR' 16 13
2024-09-09 10:42:30,746 [DEBUG]  STREAM b'IDAT' 41 65536
2024-09-09 10:42:30,750 [DEBUG]  STREAM b'IHDR' 16 13
2024-09-09 10:42:30,750 [DEBUG]  STREAM b'IDAT' 41 65536
2024-09-09 10:42:30,757 [DEBUG]  STREAM b'IHDR' 16 13
2024-09-09 10:42:30,757 [DEBUG]  STREAM b'IDAT' 41 65536
2024-09-09 10:42:30,762 [DEBUG]  STREAM b'IHDR' 16 13
2024-09-09 10:42:30,762 [DEBUG]  STREAM b'IDAT' 41 65536
2024-09-09 10:42:30,766 [DEBUG]  STREAM b'IHDR' 16 13
2024-09-09 10:42:30,766 [DEBUG]  STREAM b'IDAT' 41 65536
2024-09-09 10:42:30,770 [DEBUG]  STREAM b'IHDR' 16 13
2024-09-09 10:42:30,770 [DEBUG]  STREAM b'IDAT' 41 65536
2024-09-09 10:42:30,778 [DEBUG]  STREAM b'IHDR' 16 13
2024-09-09 10:42:30,778 [DEBUG]  STREAM b'IDAT' 41 65536
2024-09-09 10:42:30,783 [DEBUG]  STREAM b'IHDR' 16 13
2024-09-09 10:42:30,783 [DEBUG]  STREAM b'IDAT' 41 65536
2024-09-09 10:42:30,787 [DEBUG]  STREAM b'IHDR' 16 13
2024-09-09 10:42:30,787 [DEBUG]  STREAM b'IDAT' 41 65536
2024-09-09 10:42:30,791 [DEBUG]  STREAM b'IHDR' 16 13
2024-09-09 10:42:30,791 [DEBUG]  STREAM b'IDAT' 41 65536
2024-09-09 10:42:30,799 [DEBUG]  STREAM b'IHDR' 16 13
2024-09-09 10:42:30,799 [DEBUG]  STREAM b'IDAT' 41 65536
2024-09-09 10:42:30,803 [DEBUG]  STREAM b'IHDR' 16 13
2024-09-09 10:42:30,803 [DEBUG]  STREAM b'IDAT' 41 65536
2024-09-09 10:42:30,807 [DEBUG]  STREAM b'IHDR' 16 13
2024-09-09 10:42:30,807 [DEBUG]  STREAM b'IDAT' 41 65536
2024-09-09 10:42:30,811 [DEBUG]  STREAM b'IHDR' 16 13
2024-09-09 10:42:30,811 [DEBUG]  STREAM b'IDAT' 41 65536
2024-09-09 10:42:30,825 [DEBUG]  GraphTrial.log 81.684 visit state = 4
2024-09-09 10:42:30,830 [DEBUG]  GraphTrial.log 81.690 start flip_time = 81.69001220841892
2024-09-09 10:42:30,836 [DEBUG]  GraphTrial.log 81.696 get move selected = 6
2024-09-09 10:42:31,603 [DEBUG]  GraphTrial.log 82.463 switch selected = 9
2024-09-09 10:42:31,986 [DEBUG]  GraphTrial.log 82.846 select selected = 9
2024-09-09 10:42:31,986 [DEBUG]  GraphTrial.log 82.846 visit state = 9
2024-09-09 10:42:31,997 [DEBUG]  GraphTrial.log 82.857 get move selected = 8
2024-09-09 10:42:32,466 [DEBUG]  GraphTrial.log 83.325 select selected = 8
2024-09-09 10:42:32,466 [DEBUG]  GraphTrial.log 83.326 visit state = 8
2024-09-09 10:42:34,326 [DEBUG]  GraphTrial.log 85.185 done 
2024-09-09 10:42:34,326 [INFO]  end trial [{"time": 81.02354404190555, "event": "begin space"}, {"time": 81.46992633328773, "event": "initialize", "status": "ok"}, {"time": 81.46999045833945, "event": "show graph"}, {"time": 81.68416958325543, "event": "visit", "state": 4}, {"time": 81.69009050005116, "event": "start", "flip_time": 81.69001220841892}, {"time": 81.69596295827068, "event": "get move", "selected": 6}, {"time": 82.46261083334684, "event": "switch", "selected": 9}, {"time": 82.84552737511694, "event": "select", "selected": 9}, {"time": 82.84556541685015, "event": "visit", "state": 9}, {"time": 82.85665937513113, "event": "get move", "selected": 8}, {"time": 83.32548450003378, "event": "select", "selected": 8}, {"time": 83.32551979180425, "event": "visit", "state": 8}, {"time": 85.18538341694511, "event": "done"}]
2024-09-09 10:42:34,326 [DEBUG]  message: Let's try a few harder practice rounds. (complete 1 practice rounds to continue)
2024-09-09 10:42:34,334 [INFO]  begin trial {"kind": "GraphTrial", "graph": [[3, 5], [], [], [7, 1], [], [4, 8], [], [], [], [10, 2], [2, 6]], "rewards": [null, -1, -4, -4, -4, 2, 2, -4, 4, -4, -2], "reward_info": {"-4": {"desc": "pattern_1", "image": "images[0]"}, "-3": {"desc": "pattern_2", "image": "images[1]"}, "-2": {"desc": "pattern_3", "image": "images[2]"}, "-1": {"desc": "pattern_4", "image": "images[3]"}, "0": {"desc": "pattern_5", "image": "images[4]"}, "1": {"desc": "pattern_6", "image": "images[5]"}, "2": {"desc": "pattern_7", "image": "images[6]"}, "3": {"desc": "pattern_8", "image": "images[7]"}, "4": {"desc": "pattern_9", "image": "images[8]"}}, "initial_stage": "planning", "hide_states": false, "hide_rewards_while_acting": false, "hide_edges_while_acting": false, "gaze_contingent": false, "gaze_tolerance": 1.5, "fixation_lag": 0.5, "start": 0}
2024-09-09 10:42:34,334 [DEBUG]  GraphTrial.log 85.193 begin space 
2024-09-09 10:42:34,850 [DEBUG]  GraphTrial.log 85.710 initialize status = ok
2024-09-09 10:42:34,850 [DEBUG]  GraphTrial.log 85.710 show graph 
2024-09-09 10:42:34,857 [DEBUG]  STREAM b'IHDR' 16 13
2024-09-09 10:42:34,857 [DEBUG]  STREAM b'IDAT' 41 65536
2024-09-09 10:42:34,862 [DEBUG]  STREAM b'IHDR' 16 13
2024-09-09 10:42:34,862 [DEBUG]  STREAM b'IDAT' 41 65536
2024-09-09 10:42:34,866 [DEBUG]  STREAM b'IHDR' 16 13
2024-09-09 10:42:34,866 [DEBUG]  STREAM b'IDAT' 41 65536
2024-09-09 10:42:34,870 [DEBUG]  STREAM b'IHDR' 16 13
2024-09-09 10:42:34,870 [DEBUG]  STREAM b'IDAT' 41 65536
2024-09-09 10:42:34,877 [DEBUG]  STREAM b'IHDR' 16 13
2024-09-09 10:42:34,877 [DEBUG]  STREAM b'IDAT' 41 65536
2024-09-09 10:42:34,881 [DEBUG]  STREAM b'IHDR' 16 13
2024-09-09 10:42:34,881 [DEBUG]  STREAM b'IDAT' 41 65536
2024-09-09 10:42:34,885 [DEBUG]  STREAM b'IHDR' 16 13
2024-09-09 10:42:34,885 [DEBUG]  STREAM b'IDAT' 41 65536
2024-09-09 10:42:34,889 [DEBUG]  STREAM b'IHDR' 16 13
2024-09-09 10:42:34,889 [DEBUG]  STREAM b'IDAT' 41 65536
2024-09-09 10:42:34,897 [DEBUG]  STREAM b'IHDR' 16 13
2024-09-09 10:42:34,897 [DEBUG]  STREAM b'IDAT' 41 65536
2024-09-09 10:42:34,901 [DEBUG]  STREAM b'IHDR' 16 13
2024-09-09 10:42:34,901 [DEBUG]  STREAM b'IDAT' 41 65536
2024-09-09 10:42:34,905 [DEBUG]  STREAM b'IHDR' 16 13
2024-09-09 10:42:34,905 [DEBUG]  STREAM b'IDAT' 41 65536
2024-09-09 10:42:34,909 [DEBUG]  STREAM b'IHDR' 16 13
2024-09-09 10:42:34,909 [DEBUG]  STREAM b'IDAT' 41 65536
2024-09-09 10:42:34,916 [DEBUG]  STREAM b'IHDR' 16 13
2024-09-09 10:42:34,916 [DEBUG]  STREAM b'IDAT' 41 65536
2024-09-09 10:42:34,920 [DEBUG]  STREAM b'IHDR' 16 13
2024-09-09 10:42:34,921 [DEBUG]  STREAM b'IDAT' 41 65536
2024-09-09 10:42:34,925 [DEBUG]  STREAM b'IHDR' 16 13
2024-09-09 10:42:34,925 [DEBUG]  STREAM b'IDAT' 41 65536
2024-09-09 10:42:34,929 [DEBUG]  STREAM b'IHDR' 16 13
2024-09-09 10:42:34,929 [DEBUG]  STREAM b'IDAT' 41 65536
2024-09-09 10:42:34,936 [DEBUG]  STREAM b'IHDR' 16 13
2024-09-09 10:42:34,936 [DEBUG]  STREAM b'IDAT' 41 65536
2024-09-09 10:42:34,940 [DEBUG]  STREAM b'IHDR' 16 13
2024-09-09 10:42:34,940 [DEBUG]  STREAM b'IDAT' 41 65536
2024-09-09 10:42:34,944 [DEBUG]  STREAM b'IHDR' 16 13
2024-09-09 10:42:34,944 [DEBUG]  STREAM b'IDAT' 41 65536
2024-09-09 10:42:34,949 [DEBUG]  STREAM b'IHDR' 16 13
2024-09-09 10:42:34,949 [DEBUG]  STREAM b'IDAT' 41 65536
2024-09-09 10:42:34,988 [DEBUG]  STREAM b'IHDR' 16 13
2024-09-09 10:42:34,988 [DEBUG]  STREAM b'IDAT' 41 65536
2024-09-09 10:42:34,993 [DEBUG]  STREAM b'IHDR' 16 13
2024-09-09 10:42:34,993 [DEBUG]  STREAM b'IDAT' 41 65536
2024-09-09 10:42:34,997 [DEBUG]  STREAM b'IHDR' 16 13
2024-09-09 10:42:34,997 [DEBUG]  STREAM b'IDAT' 41 65536
2024-09-09 10:42:35,002 [DEBUG]  STREAM b'IHDR' 16 13
2024-09-09 10:42:35,002 [DEBUG]  STREAM b'IDAT' 41 65536
2024-09-09 10:42:35,009 [DEBUG]  STREAM b'IHDR' 16 13
2024-09-09 10:42:35,009 [DEBUG]  STREAM b'IDAT' 41 65536
2024-09-09 10:42:35,014 [DEBUG]  STREAM b'IHDR' 16 13
2024-09-09 10:42:35,014 [DEBUG]  STREAM b'IDAT' 41 65536
2024-09-09 10:42:35,018 [DEBUG]  STREAM b'IHDR' 16 13
2024-09-09 10:42:35,018 [DEBUG]  STREAM b'IDAT' 41 65536
2024-09-09 10:42:35,022 [DEBUG]  STREAM b'IHDR' 16 13
2024-09-09 10:42:35,022 [DEBUG]  STREAM b'IDAT' 41 65536
2024-09-09 10:42:35,029 [DEBUG]  STREAM b'IHDR' 16 13
2024-09-09 10:42:35,029 [DEBUG]  STREAM b'IDAT' 41 65536
2024-09-09 10:42:35,034 [DEBUG]  STREAM b'IHDR' 16 13
2024-09-09 10:42:35,034 [DEBUG]  STREAM b'IDAT' 41 65536
2024-09-09 10:42:35,038 [DEBUG]  STREAM b'IHDR' 16 13
2024-09-09 10:42:35,038 [DEBUG]  STREAM b'IDAT' 41 65536
2024-09-09 10:42:35,043 [DEBUG]  STREAM b'IHDR' 16 13
2024-09-09 10:42:35,043 [DEBUG]  STREAM b'IDAT' 41 65536
2024-09-09 10:42:35,050 [DEBUG]  STREAM b'IHDR' 16 13
2024-09-09 10:42:35,050 [DEBUG]  STREAM b'IDAT' 41 65536
2024-09-09 10:42:35,054 [DEBUG]  STREAM b'IHDR' 16 13
2024-09-09 10:42:35,054 [DEBUG]  STREAM b'IDAT' 41 65536
2024-09-09 10:42:35,059 [DEBUG]  STREAM b'IHDR' 16 13
2024-09-09 10:42:35,059 [DEBUG]  STREAM b'IDAT' 41 65536
2024-09-09 10:42:35,063 [DEBUG]  STREAM b'IHDR' 16 13
2024-09-09 10:42:35,063 [DEBUG]  STREAM b'IDAT' 41 65536
2024-09-09 10:42:35,070 [DEBUG]  STREAM b'IHDR' 16 13
2024-09-09 10:42:35,070 [DEBUG]  STREAM b'IDAT' 41 65536
2024-09-09 10:42:35,074 [DEBUG]  STREAM b'IHDR' 16 13
2024-09-09 10:42:35,074 [DEBUG]  STREAM b'IDAT' 41 65536
2024-09-09 10:42:35,078 [DEBUG]  STREAM b'IHDR' 16 13
2024-09-09 10:42:35,078 [DEBUG]  STREAM b'IDAT' 41 65536
2024-09-09 10:42:35,082 [DEBUG]  STREAM b'IHDR' 16 13
2024-09-09 10:42:35,082 [DEBUG]  STREAM b'IDAT' 41 65536
2024-09-09 10:42:35,096 [DEBUG]  GraphTrial.log 85.955 visit state = 0
2024-09-09 10:42:35,102 [DEBUG]  GraphTrial.log 85.961 start flip_time = 85.96124595822766
2024-09-09 10:42:35,108 [DEBUG]  GraphTrial.log 85.967 get move selected = 5
2024-09-09 10:42:36,658 [DEBUG]  GraphTrial.log 87.518 select selected = 5
2024-09-09 10:42:36,658 [DEBUG]  GraphTrial.log 87.518 visit state = 5
2024-09-09 10:42:36,671 [DEBUG]  GraphTrial.log 87.530 get move selected = 8
2024-09-09 10:42:37,210 [DEBUG]  GraphTrial.log 88.070 select selected = 8
2024-09-09 10:42:37,210 [DEBUG]  GraphTrial.log 88.070 visit state = 8
2024-09-09 10:42:39,060 [DEBUG]  GraphTrial.log 89.919 done 
2024-09-09 10:42:39,060 [INFO]  end trial [{"time": 85.19334312505089, "event": "begin space"}, {"time": 85.70977729186416, "event": "initialize", "status": "ok"}, {"time": 85.70982466684654, "event": "show graph"}, {"time": 85.95521962502971, "event": "visit", "state": 0}, {"time": 85.9613300000783, "event": "start", "flip_time": 85.96124595822766}, {"time": 85.96724754176103, "event": "get move", "selected": 5}, {"time": 87.5179786668159, "event": "select", "selected": 5}, {"time": 87.51801529177465, "event": "visit", "state": 5}, {"time": 87.53041745838709, "event": "get move", "selected": 8}, {"time": 88.06967075006105, "event": "select", "selected": 8}, {"time": 88.06970945838839, "event": "visit", "state": 8}, {"time": 89.91922804177739, "event": "done"}]
2024-09-09 10:42:39,060 [DEBUG]  message: Great job! (None)
2024-09-09 10:42:39,612 [INFO]  begin setup_eyetracker
2024-09-09 10:42:39,612 [DEBUG]  message: Now we're going to calibrate the eyetracker. Please tell the experimenter. (Wait for the experimenter (space))
2024-09-09 10:42:40,332 [INFO]  New EyeLink object
2024-09-09 10:42:40,332 [INFO]  Initializing new tracker
2024-09-09 10:42:40,617 [DEBUG]  EyeLink.message Set up calibration
2024-09-09 10:42:40,810 [INFO]  Tracker initialized
2024-09-09 10:42:40,810 [DEBUG]  EyeLink.message Set up calibration
2024-09-09 10:42:40,826 [INFO]  doTrackerSetup
2024-09-09 10:44:12,250 [INFO]  done doTrackerSetup
2024-09-09 10:44:12,278 [INFO]  begin intro_gaze
2024-09-09 10:44:12,279 [DEBUG]  message: At the beginning of each round, a circle will appear. Look straight at it and press space to start the round. (look at the circle and press space)
2024-09-09 10:44:15,488 [DEBUG]  message: Yup just like that. Make sure you hold your gaze steady on the circle before pressing space. (None)
2024-09-09 10:44:16,204 [INFO]  begin intro_main
2024-09-09 10:44:16,204 [DEBUG]  message: Alright! We're ready to begin the main phase of the experiment. (None)
2024-09-09 10:44:16,682 [DEBUG]  message: But first, you might be asking "What's in it for me?" ...Well, we thought of that! (None)
2024-09-09 10:44:17,594 [DEBUG]  message: Unlike other experiments you might have done, we don't have a fixed number of rounds. (None)
2024-09-09 10:44:18,146 [DEBUG]  message: Instead, you will do as as many rounds as it takes to earn 800 points. (None)
2024-09-09 10:44:18,682 [DEBUG]  message: To finish the study as quickly as possible, you'll have to balance making fast choices and selecting the best possible path. (None)
2024-09-09 10:44:19,201 [DEBUG]  message: Good luck! (None)
2024-09-09 10:44:19,692 [INFO]  begin run_main
2024-09-09 10:44:19,692 [INFO]  Trial 1 of 260
2024-09-09 10:44:20,714 [INFO]  begin trial {"kind": "GraphTrial", "graph": [[], [], [9, 6], [8, 5], [], [10, 1], [], [], [0, 7], [6, 4], []], "rewards": [-3, -2, -1, null, 2, -4, -3, 4, 1, -1, -3], "reward_info": {"-4": {"desc": "pattern_1", "image": "images[0]"}, "-3": {"desc": "pattern_2", "image": "images[1]"}, "-2": {"desc": "pattern_3", "image": "images[2]"}, "-1": {"desc": "pattern_4", "image": "images[3]"}, "0": {"desc": "pattern_5", "image": "images[4]"}, "1": {"desc": "pattern_6", "image": "images[5]"}, "2": {"desc": "pattern_7", "image": "images[6]"}, "3": {"desc": "pattern_8", "image": "images[7]"}, "4": {"desc": "pattern_9", "image": "images[8]"}}, "initial_stage": "planning", "hide_states": false, "hide_rewards_while_acting": false, "hide_edges_while_acting": false, "gaze_contingent": false, "gaze_tolerance": 1.5, "fixation_lag": 0.5, "start": 3}
2024-09-09 10:44:20,714 [INFO]  <eyetracking.EyeLink object at 0x3162c3130>
2024-09-09 10:44:20,714 [DEBUG]  GraphTrial.log 191.574 begin drift_check 
2024-09-09 10:44:21,497 [DEBUG]  GraphTrial.log 192.357 initialize status = None
2024-09-09 10:44:21,497 [DEBUG]  GraphTrial.log 192.357 start recording 
2024-09-09 10:44:21,498 [INFO]  start_recording
2024-09-09 10:44:21,625 [DEBUG]  GraphTrial.log 192.485 show graph 
2024-09-09 10:44:21,634 [DEBUG]  STREAM b'IHDR' 16 13
2024-09-09 10:44:21,634 [DEBUG]  STREAM b'IDAT' 41 65536
2024-09-09 10:44:21,648 [DEBUG]  STREAM b'IHDR' 16 13
2024-09-09 10:44:21,648 [DEBUG]  STREAM b'IDAT' 41 65536
2024-09-09 10:44:21,658 [DEBUG]  STREAM b'IHDR' 16 13
2024-09-09 10:44:21,658 [DEBUG]  STREAM b'IDAT' 41 65536
2024-09-09 10:44:21,666 [DEBUG]  STREAM b'IHDR' 16 13
2024-09-09 10:44:21,666 [DEBUG]  STREAM b'IDAT' 41 65536
2024-09-09 10:44:21,675 [DEBUG]  STREAM b'IHDR' 16 13
2024-09-09 10:44:21,675 [DEBUG]  STREAM b'IDAT' 41 65536
2024-09-09 10:44:21,682 [DEBUG]  STREAM b'IHDR' 16 13
2024-09-09 10:44:21,682 [DEBUG]  STREAM b'IDAT' 41 65536
2024-09-09 10:44:21,688 [DEBUG]  STREAM b'IHDR' 16 13
2024-09-09 10:44:21,688 [DEBUG]  STREAM b'IDAT' 41 65536
2024-09-09 10:44:21,693 [DEBUG]  STREAM b'IHDR' 16 13
2024-09-09 10:44:21,693 [DEBUG]  STREAM b'IDAT' 41 65536
2024-09-09 10:44:21,700 [DEBUG]  STREAM b'IHDR' 16 13
2024-09-09 10:44:21,700 [DEBUG]  STREAM b'IDAT' 41 65536
2024-09-09 10:44:21,705 [DEBUG]  STREAM b'IHDR' 16 13
2024-09-09 10:44:21,705 [DEBUG]  STREAM b'IDAT' 41 65536
2024-09-09 10:44:21,710 [DEBUG]  STREAM b'IHDR' 16 13
2024-09-09 10:44:21,710 [DEBUG]  STREAM b'IDAT' 41 65536
2024-09-09 10:44:21,714 [DEBUG]  STREAM b'IHDR' 16 13
2024-09-09 10:44:21,714 [DEBUG]  STREAM b'IDAT' 41 65536
2024-09-09 10:44:21,721 [DEBUG]  STREAM b'IHDR' 16 13
2024-09-09 10:44:21,721 [DEBUG]  STREAM b'IDAT' 41 65536
2024-09-09 10:44:21,726 [DEBUG]  STREAM b'IHDR' 16 13
2024-09-09 10:44:21,726 [DEBUG]  STREAM b'IDAT' 41 65536
2024-09-09 10:44:21,731 [DEBUG]  STREAM b'IHDR' 16 13
2024-09-09 10:44:21,731 [DEBUG]  STREAM b'IDAT' 41 65536
2024-09-09 10:44:21,735 [DEBUG]  STREAM b'IHDR' 16 13
2024-09-09 10:44:21,735 [DEBUG]  STREAM b'IDAT' 41 65536
2024-09-09 10:44:21,741 [DEBUG]  STREAM b'IHDR' 16 13
2024-09-09 10:44:21,741 [DEBUG]  STREAM b'IDAT' 41 65536
2024-09-09 10:44:21,745 [DEBUG]  STREAM b'IHDR' 16 13
2024-09-09 10:44:21,745 [DEBUG]  STREAM b'IDAT' 41 65536
2024-09-09 10:44:21,750 [DEBUG]  STREAM b'IHDR' 16 13
2024-09-09 10:44:21,750 [DEBUG]  STREAM b'IDAT' 41 65536
2024-09-09 10:44:21,754 [DEBUG]  STREAM b'IHDR' 16 13
2024-09-09 10:44:21,754 [DEBUG]  STREAM b'IDAT' 41 65536
2024-09-09 10:44:21,760 [DEBUG]  STREAM b'IHDR' 16 13
2024-09-09 10:44:21,760 [DEBUG]  STREAM b'IDAT' 41 65536
2024-09-09 10:44:21,764 [DEBUG]  STREAM b'IHDR' 16 13
2024-09-09 10:44:21,764 [DEBUG]  STREAM b'IDAT' 41 65536
2024-09-09 10:44:21,768 [DEBUG]  STREAM b'IHDR' 16 13
2024-09-09 10:44:21,768 [DEBUG]  STREAM b'IDAT' 41 65536
2024-09-09 10:44:21,772 [DEBUG]  STREAM b'IHDR' 16 13
2024-09-09 10:44:21,772 [DEBUG]  STREAM b'IDAT' 41 65536
2024-09-09 10:44:21,778 [DEBUG]  STREAM b'IHDR' 16 13
2024-09-09 10:44:21,778 [DEBUG]  STREAM b'IDAT' 41 65536
2024-09-09 10:44:21,783 [DEBUG]  STREAM b'IHDR' 16 13
2024-09-09 10:44:21,783 [DEBUG]  STREAM b'IDAT' 41 65536
2024-09-09 10:44:21,788 [DEBUG]  STREAM b'IHDR' 16 13
2024-09-09 10:44:21,788 [DEBUG]  STREAM b'IDAT' 41 65536
2024-09-09 10:44:21,792 [DEBUG]  STREAM b'IHDR' 16 13
2024-09-09 10:44:21,792 [DEBUG]  STREAM b'IDAT' 41 65536
2024-09-09 10:44:21,798 [DEBUG]  STREAM b'IHDR' 16 13
2024-09-09 10:44:21,798 [DEBUG]  STREAM b'IDAT' 41 65536
2024-09-09 10:44:21,803 [DEBUG]  STREAM b'IHDR' 16 13
2024-09-09 10:44:21,803 [DEBUG]  STREAM b'IDAT' 41 65536
2024-09-09 10:44:21,807 [DEBUG]  STREAM b'IHDR' 16 13
2024-09-09 10:44:21,807 [DEBUG]  STREAM b'IDAT' 41 65536
2024-09-09 10:44:21,811 [DEBUG]  STREAM b'IHDR' 16 13
2024-09-09 10:44:21,811 [DEBUG]  STREAM b'IDAT' 41 65536
2024-09-09 10:44:21,816 [DEBUG]  STREAM b'IHDR' 16 13
2024-09-09 10:44:21,816 [DEBUG]  STREAM b'IDAT' 41 65536
2024-09-09 10:44:21,820 [DEBUG]  STREAM b'IHDR' 16 13
2024-09-09 10:44:21,821 [DEBUG]  STREAM b'IDAT' 41 65536
2024-09-09 10:44:21,825 [DEBUG]  STREAM b'IHDR' 16 13
2024-09-09 10:44:21,825 [DEBUG]  STREAM b'IDAT' 41 65536
2024-09-09 10:44:21,829 [DEBUG]  STREAM b'IHDR' 16 13
2024-09-09 10:44:21,829 [DEBUG]  STREAM b'IDAT' 41 65536
2024-09-09 10:44:21,834 [DEBUG]  STREAM b'IHDR' 16 13
2024-09-09 10:44:21,834 [DEBUG]  STREAM b'IDAT' 41 65536
2024-09-09 10:44:21,838 [DEBUG]  STREAM b'IHDR' 16 13
2024-09-09 10:44:21,838 [DEBUG]  STREAM b'IDAT' 41 65536
2024-09-09 10:44:21,842 [DEBUG]  STREAM b'IHDR' 16 13
2024-09-09 10:44:21,842 [DEBUG]  STREAM b'IDAT' 41 65536
2024-09-09 10:44:21,846 [DEBUG]  STREAM b'IHDR' 16 13
2024-09-09 10:44:21,846 [DEBUG]  STREAM b'IDAT' 41 65536
2024-09-09 10:44:21,856 [DEBUG]  GraphTrial.log 192.716 visit state = 3
2024-09-09 10:44:21,861 [DEBUG]  GraphTrial.log 192.721 start flip_time = 192.72100720833987
2024-09-09 10:44:21,866 [DEBUG]  GraphTrial.log 192.726 get move selected = 5
2024-09-09 10:44:25,610 [DEBUG]  GraphTrial.log 196.470 switch selected = 8
2024-09-09 10:44:25,986 [DEBUG]  GraphTrial.log 196.845 select selected = 8
2024-09-09 10:44:25,986 [DEBUG]  GraphTrial.log 196.846 visit state = 8
2024-09-09 10:44:25,997 [DEBUG]  GraphTrial.log 196.857 get move selected = 0
2024-09-09 10:44:26,490 [DEBUG]  GraphTrial.log 197.350 switch selected = 7
2024-09-09 10:44:27,298 [DEBUG]  GraphTrial.log 198.158 select selected = 7
2024-09-09 10:44:27,298 [DEBUG]  GraphTrial.log 198.158 visit state = 7
2024-09-09 10:44:29,145 [DEBUG]  GraphTrial.log 200.005 done 
2024-09-09 10:44:29,145 [INFO]  end trial [{"time": 191.57381729176268, "event": "begin drift_check"}, {"time": 192.3567114167381, "event": "initialize", "status": null}, {"time": 192.35724354186095, "event": "start recording"}, {"time": 192.48469604179263, "event": "show graph"}, {"time": 192.71594575000927, "event": "visit", "state": 3}, {"time": 192.72102283337153, "event": "start", "flip_time": 192.72100720833987}, {"time": 192.725720083341, "event": "get move", "selected": 5}, {"time": 196.47034966689534, "event": "switch", "selected": 8}, {"time": 196.84549525007606, "event": "select", "selected": 8}, {"time": 196.84556583338417, "event": "visit", "state": 8}, {"time": 196.8566346669104, "event": "get move", "selected": 0}, {"time": 197.3500582918059, "event": "switch", "selected": 7}, {"time": 198.15760225011036, "event": "select", "selected": 7}, {"time": 198.15767241688445, "event": "visit", "state": 7}, {"time": 200.00471237511374, "event": "done"}]
2024-09-09 10:44:29,145 [INFO]  stop_recording
2024-09-09 10:44:29,183 [INFO]  gt.status is None
2024-09-09 10:44:29,183 [DEBUG]  add bonus points 5 (total = 55)
2024-09-09 10:44:29,183 [INFO]  Trial 2 of 260
2024-09-09 10:44:29,586 [INFO]  begin trial {"kind": "GraphTrial", "graph": [[], [7, 0], [9, 8], [], [], [], [], [0, 3], [5, 4], [6, 10], []], "rewards": [-3, -1, null, 4, -1, 4, -2, -1, 3, 3, 0], "reward_info": {"-4": {"desc": "pattern_1", "image": "images[0]"}, "-3": {"desc": "pattern_2", "image": "images[1]"}, "-2": {"desc": "pattern_3", "image": "images[2]"}, "-1": {"desc": "pattern_4", "image": "images[3]"}, "0": {"desc": "pattern_5", "image": "images[4]"}, "1": {"desc": "pattern_6", "image": "images[5]"}, "2": {"desc": "pattern_7", "image": "images[6]"}, "3": {"desc": "pattern_8", "image": "images[7]"}, "4": {"desc": "pattern_9", "image": "images[8]"}}, "initial_stage": "planning", "hide_states": false, "hide_rewards_while_acting": false, "hide_edges_while_acting": false, "gaze_contingent": false, "gaze_tolerance": 1.5, "fixation_lag": 0.5, "start": 2}
2024-09-09 10:44:29,586 [INFO]  <eyetracking.EyeLink object at 0x3162c3130>
2024-09-09 10:44:29,586 [DEBUG]  GraphTrial.log 200.446 begin drift_check 
2024-09-09 10:44:30,363 [DEBUG]  GraphTrial.log 201.223 initialize status = None
2024-09-09 10:44:30,364 [DEBUG]  GraphTrial.log 201.224 start recording 
2024-09-09 10:44:30,364 [INFO]  start_recording
2024-09-09 10:44:30,490 [DEBUG]  GraphTrial.log 201.349 show graph 
2024-09-09 10:44:30,498 [DEBUG]  STREAM b'IHDR' 16 13
2024-09-09 10:44:30,498 [DEBUG]  STREAM b'IDAT' 41 65536
2024-09-09 10:44:30,511 [DEBUG]  STREAM b'IHDR' 16 13
2024-09-09 10:44:30,511 [DEBUG]  STREAM b'IDAT' 41 65536
2024-09-09 10:44:30,521 [DEBUG]  STREAM b'IHDR' 16 13
2024-09-09 10:44:30,521 [DEBUG]  STREAM b'IDAT' 41 65536
2024-09-09 10:44:30,529 [DEBUG]  STREAM b'IHDR' 16 13
2024-09-09 10:44:30,529 [DEBUG]  STREAM b'IDAT' 41 65536
2024-09-09 10:44:30,539 [DEBUG]  STREAM b'IHDR' 16 13
2024-09-09 10:44:30,539 [DEBUG]  STREAM b'IDAT' 41 65536
2024-09-09 10:44:30,545 [DEBUG]  STREAM b'IHDR' 16 13
2024-09-09 10:44:30,545 [DEBUG]  STREAM b'IDAT' 41 65536
2024-09-09 10:44:30,550 [DEBUG]  STREAM b'IHDR' 16 13
2024-09-09 10:44:30,550 [DEBUG]  STREAM b'IDAT' 41 65536
2024-09-09 10:44:30,556 [DEBUG]  STREAM b'IHDR' 16 13
2024-09-09 10:44:30,556 [DEBUG]  STREAM b'IDAT' 41 65536
2024-09-09 10:44:30,564 [DEBUG]  STREAM b'IHDR' 16 13
2024-09-09 10:44:30,564 [DEBUG]  STREAM b'IDAT' 41 65536
2024-09-09 10:44:30,569 [DEBUG]  STREAM b'IHDR' 16 13
2024-09-09 10:44:30,569 [DEBUG]  STREAM b'IDAT' 41 65536
2024-09-09 10:44:30,574 [DEBUG]  STREAM b'IHDR' 16 13
2024-09-09 10:44:30,574 [DEBUG]  STREAM b'IDAT' 41 65536
2024-09-09 10:44:30,579 [DEBUG]  STREAM b'IHDR' 16 13
2024-09-09 10:44:30,579 [DEBUG]  STREAM b'IDAT' 41 65536
2024-09-09 10:44:30,585 [DEBUG]  STREAM b'IHDR' 16 13
2024-09-09 10:44:30,586 [DEBUG]  STREAM b'IDAT' 41 65536
2024-09-09 10:44:30,590 [DEBUG]  STREAM b'IHDR' 16 13
2024-09-09 10:44:30,590 [DEBUG]  STREAM b'IDAT' 41 65536
2024-09-09 10:44:30,594 [DEBUG]  STREAM b'IHDR' 16 13
2024-09-09 10:44:30,594 [DEBUG]  STREAM b'IDAT' 41 65536
2024-09-09 10:44:30,598 [DEBUG]  STREAM b'IHDR' 16 13
2024-09-09 10:44:30,598 [DEBUG]  STREAM b'IDAT' 41 65536
2024-09-09 10:44:30,603 [DEBUG]  STREAM b'IHDR' 16 13
2024-09-09 10:44:30,603 [DEBUG]  STREAM b'IDAT' 41 65536
2024-09-09 10:44:30,608 [DEBUG]  STREAM b'IHDR' 16 13
2024-09-09 10:44:30,608 [DEBUG]  STREAM b'IDAT' 41 65536
2024-09-09 10:44:30,612 [DEBUG]  STREAM b'IHDR' 16 13
2024-09-09 10:44:30,613 [DEBUG]  STREAM b'IDAT' 41 65536
2024-09-09 10:44:30,617 [DEBUG]  STREAM b'IHDR' 16 13
2024-09-09 10:44:30,617 [DEBUG]  STREAM b'IDAT' 41 65536
2024-09-09 10:44:30,623 [DEBUG]  STREAM b'IHDR' 16 13
2024-09-09 10:44:30,623 [DEBUG]  STREAM b'IDAT' 41 65536
2024-09-09 10:44:30,627 [DEBUG]  STREAM b'IHDR' 16 13
2024-09-09 10:44:30,627 [DEBUG]  STREAM b'IDAT' 41 65536
2024-09-09 10:44:30,631 [DEBUG]  STREAM b'IHDR' 16 13
2024-09-09 10:44:30,631 [DEBUG]  STREAM b'IDAT' 41 65536
2024-09-09 10:44:30,635 [DEBUG]  STREAM b'IHDR' 16 13
2024-09-09 10:44:30,635 [DEBUG]  STREAM b'IDAT' 41 65536
2024-09-09 10:44:30,640 [DEBUG]  STREAM b'IHDR' 16 13
2024-09-09 10:44:30,640 [DEBUG]  STREAM b'IDAT' 41 65536
2024-09-09 10:44:30,644 [DEBUG]  STREAM b'IHDR' 16 13
2024-09-09 10:44:30,644 [DEBUG]  STREAM b'IDAT' 41 65536
2024-09-09 10:44:30,648 [DEBUG]  STREAM b'IHDR' 16 13
2024-09-09 10:44:30,648 [DEBUG]  STREAM b'IDAT' 41 65536
2024-09-09 10:44:30,652 [DEBUG]  STREAM b'IHDR' 16 13
2024-09-09 10:44:30,652 [DEBUG]  STREAM b'IDAT' 41 65536
2024-09-09 10:44:30,658 [DEBUG]  STREAM b'IHDR' 16 13
2024-09-09 10:44:30,658 [DEBUG]  STREAM b'IDAT' 41 65536
2024-09-09 10:44:30,663 [DEBUG]  STREAM b'IHDR' 16 13
2024-09-09 10:44:30,663 [DEBUG]  STREAM b'IDAT' 41 65536
2024-09-09 10:44:30,668 [DEBUG]  STREAM b'IHDR' 16 13
2024-09-09 10:44:30,668 [DEBUG]  STREAM b'IDAT' 41 65536
2024-09-09 10:44:30,672 [DEBUG]  STREAM b'IHDR' 16 13
2024-09-09 10:44:30,672 [DEBUG]  STREAM b'IDAT' 41 65536
2024-09-09 10:44:30,678 [DEBUG]  STREAM b'IHDR' 16 13
2024-09-09 10:44:30,678 [DEBUG]  STREAM b'IDAT' 41 65536
2024-09-09 10:44:30,683 [DEBUG]  STREAM b'IHDR' 16 13
2024-09-09 10:44:30,683 [DEBUG]  STREAM b'IDAT' 41 65536
2024-09-09 10:44:30,687 [DEBUG]  STREAM b'IHDR' 16 13
2024-09-09 10:44:30,687 [DEBUG]  STREAM b'IDAT' 41 65536
2024-09-09 10:44:30,691 [DEBUG]  STREAM b'IHDR' 16 13
2024-09-09 10:44:30,691 [DEBUG]  STREAM b'IDAT' 41 65536
2024-09-09 10:44:30,697 [DEBUG]  STREAM b'IHDR' 16 13
2024-09-09 10:44:30,697 [DEBUG]  STREAM b'IDAT' 41 65536
2024-09-09 10:44:30,702 [DEBUG]  STREAM b'IHDR' 16 13
2024-09-09 10:44:30,702 [DEBUG]  STREAM b'IDAT' 41 65536
2024-09-09 10:44:30,706 [DEBUG]  STREAM b'IHDR' 16 13
2024-09-09 10:44:30,706 [DEBUG]  STREAM b'IDAT' 41 65536
2024-09-09 10:44:30,710 [DEBUG]  STREAM b'IHDR' 16 13
2024-09-09 10:44:30,710 [DEBUG]  STREAM b'IDAT' 41 65536
2024-09-09 10:44:30,720 [DEBUG]  GraphTrial.log 201.580 visit state = 2
2024-09-09 10:44:30,725 [DEBUG]  GraphTrial.log 201.585 start flip_time = 201.5850475418847
2024-09-09 10:44:30,730 [DEBUG]  GraphTrial.log 201.590 get move selected = 8
2024-09-09 10:44:32,026 [DEBUG]  GraphTrial.log 202.886 select selected = 8
2024-09-09 10:44:32,026 [DEBUG]  GraphTrial.log 202.886 visit state = 8
2024-09-09 10:44:32,036 [DEBUG]  GraphTrial.log 202.896 get move selected = 5
2024-09-09 10:44:32,506 [DEBUG]  GraphTrial.log 203.366 select selected = 5
2024-09-09 10:44:32,506 [DEBUG]  GraphTrial.log 203.366 visit state = 5
2024-09-09 10:44:34,361 [DEBUG]  GraphTrial.log 205.221 done 
2024-09-09 10:44:34,361 [INFO]  end trial [{"time": 200.44596437504515, "event": "begin drift_check"}, {"time": 201.22329579177313, "event": "initialize", "status": null}, {"time": 201.22374225012027, "event": "start recording"}, {"time": 201.34936533332802, "event": "show graph"}, {"time": 201.5796804584097, "event": "visit", "state": 2}, {"time": 201.5850653334055, "event": "start", "flip_time": 201.5850475418847}, {"time": 201.5896650417708, "event": "get move", "selected": 8}, {"time": 202.88557941676117, "event": "select", "selected": 8}, {"time": 202.88587912498042, "event": "visit", "state": 8}, {"time": 202.8961865834426, "event": "get move", "selected": 5}, {"time": 203.36559054185636, "event": "select", "selected": 5}, {"time": 203.36566062504426, "event": "visit", "state": 5}, {"time": 205.22085566679016, "event": "done"}]
2024-09-09 10:44:34,361 [INFO]  stop_recording
2024-09-09 10:44:34,377 [INFO]  gt.status is None
2024-09-09 10:44:34,377 [DEBUG]  add bonus points 7 (total = 62)
2024-09-09 10:44:34,377 [INFO]  Trial 3 of 260
2024-09-09 10:44:34,930 [INFO]  begin trial {"kind": "GraphTrial", "graph": [[], [0, 4], [1, 0], [], [], [], [10, 9], [], [], [5, 3], [8, 7]], "rewards": [3, 2, -1, 2, -2, 0, null, -3, -1, 3, -4], "reward_info": {"-4": {"desc": "pattern_1", "image": "images[0]"}, "-3": {"desc": "pattern_2", "image": "images[1]"}, "-2": {"desc": "pattern_3", "image": "images[2]"}, "-1": {"desc": "pattern_4", "image": "images[3]"}, "0": {"desc": "pattern_5", "image": "images[4]"}, "1": {"desc": "pattern_6", "image": "images[5]"}, "2": {"desc": "pattern_7", "image": "images[6]"}, "3": {"desc": "pattern_8", "image": "images[7]"}, "4": {"desc": "pattern_9", "image": "images[8]"}}, "initial_stage": "planning", "hide_states": false, "hide_rewards_while_acting": false, "hide_edges_while_acting": false, "gaze_contingent": false, "gaze_tolerance": 1.5, "fixation_lag": 0.5, "start": 6}
2024-09-09 10:44:34,930 [INFO]  <eyetracking.EyeLink object at 0x3162c3130>
2024-09-09 10:44:34,930 [DEBUG]  GraphTrial.log 205.790 begin drift_check 
2024-09-09 10:44:35,811 [DEBUG]  GraphTrial.log 206.671 initialize status = None
2024-09-09 10:44:35,812 [DEBUG]  GraphTrial.log 206.672 start recording 
2024-09-09 10:44:35,812 [INFO]  start_recording
2024-09-09 10:44:35,940 [DEBUG]  GraphTrial.log 206.800 show graph 
2024-09-09 10:44:35,949 [DEBUG]  STREAM b'IHDR' 16 13
2024-09-09 10:44:35,949 [DEBUG]  STREAM b'IDAT' 41 65536
2024-09-09 10:44:35,963 [DEBUG]  STREAM b'IHDR' 16 13
2024-09-09 10:44:35,963 [DEBUG]  STREAM b'IDAT' 41 65536
2024-09-09 10:44:35,973 [DEBUG]  STREAM b'IHDR' 16 13
2024-09-09 10:44:35,973 [DEBUG]  STREAM b'IDAT' 41 65536
2024-09-09 10:44:35,982 [DEBUG]  STREAM b'IHDR' 16 13
2024-09-09 10:44:35,982 [DEBUG]  STREAM b'IDAT' 41 65536
2024-09-09 10:44:35,991 [DEBUG]  STREAM b'IHDR' 16 13
2024-09-09 10:44:35,991 [DEBUG]  STREAM b'IDAT' 41 65536
2024-09-09 10:44:35,998 [DEBUG]  STREAM b'IHDR' 16 13
2024-09-09 10:44:35,998 [DEBUG]  STREAM b'IDAT' 41 65536
2024-09-09 10:44:36,004 [DEBUG]  STREAM b'IHDR' 16 13
2024-09-09 10:44:36,004 [DEBUG]  STREAM b'IDAT' 41 65536
2024-09-09 10:44:36,009 [DEBUG]  STREAM b'IHDR' 16 13
2024-09-09 10:44:36,009 [DEBUG]  STREAM b'IDAT' 41 65536
2024-09-09 10:44:36,016 [DEBUG]  STREAM b'IHDR' 16 13
2024-09-09 10:44:36,016 [DEBUG]  STREAM b'IDAT' 41 65536
2024-09-09 10:44:36,021 [DEBUG]  STREAM b'IHDR' 16 13
2024-09-09 10:44:36,021 [DEBUG]  STREAM b'IDAT' 41 65536
2024-09-09 10:44:36,026 [DEBUG]  STREAM b'IHDR' 16 13
2024-09-09 10:44:36,026 [DEBUG]  STREAM b'IDAT' 41 65536
2024-09-09 10:44:36,030 [DEBUG]  STREAM b'IHDR' 16 13
2024-09-09 10:44:36,030 [DEBUG]  STREAM b'IDAT' 41 65536
2024-09-09 10:44:36,036 [DEBUG]  STREAM b'IHDR' 16 13
2024-09-09 10:44:36,036 [DEBUG]  STREAM b'IDAT' 41 65536
2024-09-09 10:44:36,041 [DEBUG]  STREAM b'IHDR' 16 13
2024-09-09 10:44:36,041 [DEBUG]  STREAM b'IDAT' 41 65536
2024-09-09 10:44:36,045 [DEBUG]  STREAM b'IHDR' 16 13
2024-09-09 10:44:36,045 [DEBUG]  STREAM b'IDAT' 41 65536
2024-09-09 10:44:36,049 [DEBUG]  STREAM b'IHDR' 16 13
2024-09-09 10:44:36,049 [DEBUG]  STREAM b'IDAT' 41 65536
2024-09-09 10:44:36,055 [DEBUG]  STREAM b'IHDR' 16 13
2024-09-09 10:44:36,055 [DEBUG]  STREAM b'IDAT' 41 65536
2024-09-09 10:44:36,059 [DEBUG]  STREAM b'IHDR' 16 13
2024-09-09 10:44:36,059 [DEBUG]  STREAM b'IDAT' 41 65536
2024-09-09 10:44:36,063 [DEBUG]  STREAM b'IHDR' 16 13
2024-09-09 10:44:36,063 [DEBUG]  STREAM b'IDAT' 41 65536
2024-09-09 10:44:36,067 [DEBUG]  STREAM b'IHDR' 16 13
2024-09-09 10:44:36,068 [DEBUG]  STREAM b'IDAT' 41 65536
2024-09-09 10:44:36,073 [DEBUG]  STREAM b'IHDR' 16 13
2024-09-09 10:44:36,073 [DEBUG]  STREAM b'IDAT' 41 65536
2024-09-09 10:44:36,077 [DEBUG]  STREAM b'IHDR' 16 13
2024-09-09 10:44:36,077 [DEBUG]  STREAM b'IDAT' 41 65536
2024-09-09 10:44:36,081 [DEBUG]  STREAM b'IHDR' 16 13
2024-09-09 10:44:36,081 [DEBUG]  STREAM b'IDAT' 41 65536
2024-09-09 10:44:36,085 [DEBUG]  STREAM b'IHDR' 16 13
2024-09-09 10:44:36,085 [DEBUG]  STREAM b'IDAT' 41 65536
2024-09-09 10:44:36,092 [DEBUG]  STREAM b'IHDR' 16 13
2024-09-09 10:44:36,092 [DEBUG]  STREAM b'IDAT' 41 65536
2024-09-09 10:44:36,096 [DEBUG]  STREAM b'IHDR' 16 13
2024-09-09 10:44:36,096 [DEBUG]  STREAM b'IDAT' 41 65536
2024-09-09 10:44:36,101 [DEBUG]  STREAM b'IHDR' 16 13
2024-09-09 10:44:36,101 [DEBUG]  STREAM b'IDAT' 41 65536
2024-09-09 10:44:36,105 [DEBUG]  STREAM b'IHDR' 16 13
2024-09-09 10:44:36,105 [DEBUG]  STREAM b'IDAT' 41 65536
2024-09-09 10:44:36,110 [DEBUG]  STREAM b'IHDR' 16 13
2024-09-09 10:44:36,110 [DEBUG]  STREAM b'IDAT' 41 65536
2024-09-09 10:44:36,114 [DEBUG]  STREAM b'IHDR' 16 13
2024-09-09 10:44:36,114 [DEBUG]  STREAM b'IDAT' 41 65536
2024-09-09 10:44:36,118 [DEBUG]  STREAM b'IHDR' 16 13
2024-09-09 10:44:36,118 [DEBUG]  STREAM b'IDAT' 41 65536
2024-09-09 10:44:36,122 [DEBUG]  STREAM b'IHDR' 16 13
2024-09-09 10:44:36,122 [DEBUG]  STREAM b'IDAT' 41 65536
2024-09-09 10:44:36,128 [DEBUG]  STREAM b'IHDR' 16 13
2024-09-09 10:44:36,128 [DEBUG]  STREAM b'IDAT' 41 65536
2024-09-09 10:44:36,132 [DEBUG]  STREAM b'IHDR' 16 13
2024-09-09 10:44:36,132 [DEBUG]  STREAM b'IDAT' 41 65536
2024-09-09 10:44:36,137 [DEBUG]  STREAM b'IHDR' 16 13
2024-09-09 10:44:36,137 [DEBUG]  STREAM b'IDAT' 41 65536
2024-09-09 10:44:36,141 [DEBUG]  STREAM b'IHDR' 16 13
2024-09-09 10:44:36,141 [DEBUG]  STREAM b'IDAT' 41 65536
2024-09-09 10:44:36,147 [DEBUG]  STREAM b'IHDR' 16 13
2024-09-09 10:44:36,147 [DEBUG]  STREAM b'IDAT' 41 65536
2024-09-09 10:44:36,151 [DEBUG]  STREAM b'IHDR' 16 13
2024-09-09 10:44:36,151 [DEBUG]  STREAM b'IDAT' 41 65536
2024-09-09 10:44:36,155 [DEBUG]  STREAM b'IHDR' 16 13
2024-09-09 10:44:36,156 [DEBUG]  STREAM b'IDAT' 41 65536
2024-09-09 10:44:36,160 [DEBUG]  STREAM b'IHDR' 16 13
2024-09-09 10:44:36,160 [DEBUG]  STREAM b'IDAT' 41 65536
2024-09-09 10:44:36,169 [DEBUG]  GraphTrial.log 207.029 visit state = 6
2024-09-09 10:44:36,175 [DEBUG]  GraphTrial.log 207.035 start flip_time = 207.03432708326727
2024-09-09 10:44:36,179 [DEBUG]  GraphTrial.log 207.039 get move selected = 9
2024-09-09 10:44:37,106 [DEBUG]  GraphTrial.log 207.966 select selected = 9
2024-09-09 10:44:37,106 [DEBUG]  GraphTrial.log 207.966 visit state = 9
2024-09-09 10:44:37,126 [DEBUG]  GraphTrial.log 207.986 get move selected = 3
2024-09-09 10:44:37,538 [DEBUG]  GraphTrial.log 208.398 select selected = 3
2024-09-09 10:44:37,538 [DEBUG]  GraphTrial.log 208.398 visit state = 3
2024-09-09 10:44:39,395 [DEBUG]  GraphTrial.log 210.255 done 
2024-09-09 10:44:39,395 [INFO]  end trial [{"time": 205.79014237504452, "event": "begin drift_check"}, {"time": 206.67117591691203, "event": "initialize", "status": null}, {"time": 206.67169404192828, "event": "start recording"}, {"time": 206.79996379185468, "event": "show graph"}, {"time": 207.02924812515266, "event": "visit", "state": 6}, {"time": 207.03467358322814, "event": "start", "flip_time": 207.03432708326727}, {"time": 207.03931650007144, "event": "get move", "selected": 9}, {"time": 207.9656419584062, "event": "select", "selected": 9}, {"time": 207.96572250011377, "event": "visit", "state": 9}, {"time": 207.985828791745, "event": "get move", "selected": 3}, {"time": 208.39762375014834, "event": "select", "selected": 3}, {"time": 208.39769583335146, "event": "visit", "state": 3}, {"time": 210.25468025007285, "event": "done"}]
2024-09-09 10:44:39,395 [INFO]  stop_recording
2024-09-09 10:44:39,411 [INFO]  gt.status is None
2024-09-09 10:44:39,411 [DEBUG]  add bonus points 5 (total = 67)
2024-09-09 10:44:39,411 [INFO]  Trial 4 of 260
2024-09-09 10:44:39,762 [INFO]  begin trial {"kind": "GraphTrial", "graph": [[], [], [8], [0, 6], [9, 5], [1], [], [3, 2], [], [], [4, 9]], "rewards": [-4, 4, 0, -4, 3, -3, 0, null, 4, 1, 1], "reward_info": {"-4": {"desc": "pattern_1", "image": "images[0]"}, "-3": {"desc": "pattern_2", "image": "images[1]"}, "-2": {"desc": "pattern_3", "image": "images[2]"}, "-1": {"desc": "pattern_4", "image": "images[3]"}, "0": {"desc": "pattern_5", "image": "images[4]"}, "1": {"desc": "pattern_6", "image": "images[5]"}, "2": {"desc": "pattern_7", "image": "images[6]"}, "3": {"desc": "pattern_8", "image": "images[7]"}, "4": {"desc": "pattern_9", "image": "images[8]"}}, "initial_stage": "planning", "hide_states": false, "hide_rewards_while_acting": false, "hide_edges_while_acting": false, "gaze_contingent": false, "gaze_tolerance": 1.5, "fixation_lag": 0.5, "start": 7}
2024-09-09 10:44:39,762 [INFO]  <eyetracking.EyeLink object at 0x3162c3130>
2024-09-09 10:44:39,762 [DEBUG]  GraphTrial.log 210.622 begin drift_check 
2024-09-09 10:44:40,396 [DEBUG]  GraphTrial.log 211.256 initialize status = None
2024-09-09 10:44:40,396 [DEBUG]  GraphTrial.log 211.256 start recording 
2024-09-09 10:44:40,397 [INFO]  start_recording
2024-09-09 10:44:40,524 [DEBUG]  GraphTrial.log 211.384 show graph 
2024-09-09 10:44:40,533 [DEBUG]  STREAM b'IHDR' 16 13
2024-09-09 10:44:40,533 [DEBUG]  STREAM b'IDAT' 41 65536
2024-09-09 10:44:40,545 [DEBUG]  STREAM b'IHDR' 16 13
2024-09-09 10:44:40,546 [DEBUG]  STREAM b'IDAT' 41 65536
2024-09-09 10:44:40,556 [DEBUG]  STREAM b'IHDR' 16 13
2024-09-09 10:44:40,556 [DEBUG]  STREAM b'IDAT' 41 65536
2024-09-09 10:44:40,564 [DEBUG]  STREAM b'IHDR' 16 13
2024-09-09 10:44:40,564 [DEBUG]  STREAM b'IDAT' 41 65536
2024-09-09 10:44:40,574 [DEBUG]  STREAM b'IHDR' 16 13
2024-09-09 10:44:40,574 [DEBUG]  STREAM b'IDAT' 41 65536
2024-09-09 10:44:40,581 [DEBUG]  STREAM b'IHDR' 16 13
2024-09-09 10:44:40,581 [DEBUG]  STREAM b'IDAT' 41 65536
2024-09-09 10:44:40,587 [DEBUG]  STREAM b'IHDR' 16 13
2024-09-09 10:44:40,587 [DEBUG]  STREAM b'IDAT' 41 65536
2024-09-09 10:44:40,593 [DEBUG]  STREAM b'IHDR' 16 13
2024-09-09 10:44:40,593 [DEBUG]  STREAM b'IDAT' 41 65536
2024-09-09 10:44:40,600 [DEBUG]  STREAM b'IHDR' 16 13
2024-09-09 10:44:40,600 [DEBUG]  STREAM b'IDAT' 41 65536
2024-09-09 10:44:40,605 [DEBUG]  STREAM b'IHDR' 16 13
2024-09-09 10:44:40,605 [DEBUG]  STREAM b'IDAT' 41 65536
2024-09-09 10:44:40,610 [DEBUG]  STREAM b'IHDR' 16 13
2024-09-09 10:44:40,610 [DEBUG]  STREAM b'IDAT' 41 65536
2024-09-09 10:44:40,614 [DEBUG]  STREAM b'IHDR' 16 13
2024-09-09 10:44:40,614 [DEBUG]  STREAM b'IDAT' 41 65536
2024-09-09 10:44:40,620 [DEBUG]  STREAM b'IHDR' 16 13
2024-09-09 10:44:40,620 [DEBUG]  STREAM b'IDAT' 41 65536
2024-09-09 10:44:40,625 [DEBUG]  STREAM b'IHDR' 16 13
2024-09-09 10:44:40,625 [DEBUG]  STREAM b'IDAT' 41 65536
2024-09-09 10:44:40,629 [DEBUG]  STREAM b'IHDR' 16 13
2024-09-09 10:44:40,629 [DEBUG]  STREAM b'IDAT' 41 65536
2024-09-09 10:44:40,633 [DEBUG]  STREAM b'IHDR' 16 13
2024-09-09 10:44:40,633 [DEBUG]  STREAM b'IDAT' 41 65536
2024-09-09 10:44:40,639 [DEBUG]  STREAM b'IHDR' 16 13
2024-09-09 10:44:40,639 [DEBUG]  STREAM b'IDAT' 41 65536
2024-09-09 10:44:40,644 [DEBUG]  STREAM b'IHDR' 16 13
2024-09-09 10:44:40,644 [DEBUG]  STREAM b'IDAT' 41 65536
2024-09-09 10:44:40,648 [DEBUG]  STREAM b'IHDR' 16 13
2024-09-09 10:44:40,648 [DEBUG]  STREAM b'IDAT' 41 65536
2024-09-09 10:44:40,652 [DEBUG]  STREAM b'IHDR' 16 13
2024-09-09 10:44:40,652 [DEBUG]  STREAM b'IDAT' 41 65536
2024-09-09 10:44:40,658 [DEBUG]  STREAM b'IHDR' 16 13
2024-09-09 10:44:40,658 [DEBUG]  STREAM b'IDAT' 41 65536
2024-09-09 10:44:40,662 [DEBUG]  STREAM b'IHDR' 16 13
2024-09-09 10:44:40,663 [DEBUG]  STREAM b'IDAT' 41 65536
2024-09-09 10:44:40,667 [DEBUG]  STREAM b'IHDR' 16 13
2024-09-09 10:44:40,667 [DEBUG]  STREAM b'IDAT' 41 65536
2024-09-09 10:44:40,671 [DEBUG]  STREAM b'IHDR' 16 13
2024-09-09 10:44:40,671 [DEBUG]  STREAM b'IDAT' 41 65536
2024-09-09 10:44:40,676 [DEBUG]  STREAM b'IHDR' 16 13
2024-09-09 10:44:40,676 [DEBUG]  STREAM b'IDAT' 41 65536
2024-09-09 10:44:40,680 [DEBUG]  STREAM b'IHDR' 16 13
2024-09-09 10:44:40,680 [DEBUG]  STREAM b'IDAT' 41 65536
2024-09-09 10:44:40,685 [DEBUG]  STREAM b'IHDR' 16 13
2024-09-09 10:44:40,685 [DEBUG]  STREAM b'IDAT' 41 65536
2024-09-09 10:44:40,689 [DEBUG]  STREAM b'IHDR' 16 13
2024-09-09 10:44:40,689 [DEBUG]  STREAM b'IDAT' 41 65536
2024-09-09 10:44:40,696 [DEBUG]  STREAM b'IHDR' 16 13
2024-09-09 10:44:40,696 [DEBUG]  STREAM b'IDAT' 41 65536
2024-09-09 10:44:40,700 [DEBUG]  STREAM b'IHDR' 16 13
2024-09-09 10:44:40,700 [DEBUG]  STREAM b'IDAT' 41 65536
2024-09-09 10:44:40,705 [DEBUG]  STREAM b'IHDR' 16 13
2024-09-09 10:44:40,705 [DEBUG]  STREAM b'IDAT' 41 65536
2024-09-09 10:44:40,709 [DEBUG]  STREAM b'IHDR' 16 13
2024-09-09 10:44:40,709 [DEBUG]  STREAM b'IDAT' 41 65536
2024-09-09 10:44:40,715 [DEBUG]  STREAM b'IHDR' 16 13
2024-09-09 10:44:40,715 [DEBUG]  STREAM b'IDAT' 41 65536
2024-09-09 10:44:40,719 [DEBUG]  STREAM b'IHDR' 16 13
2024-09-09 10:44:40,719 [DEBUG]  STREAM b'IDAT' 41 65536
2024-09-09 10:44:40,723 [DEBUG]  STREAM b'IHDR' 16 13
2024-09-09 10:44:40,723 [DEBUG]  STREAM b'IDAT' 41 65536
2024-09-09 10:44:40,727 [DEBUG]  STREAM b'IHDR' 16 13
2024-09-09 10:44:40,727 [DEBUG]  STREAM b'IDAT' 41 65536
2024-09-09 10:44:40,733 [DEBUG]  STREAM b'IHDR' 16 13
2024-09-09 10:44:40,733 [DEBUG]  STREAM b'IDAT' 41 65536
2024-09-09 10:44:40,737 [DEBUG]  STREAM b'IHDR' 16 13
2024-09-09 10:44:40,737 [DEBUG]  STREAM b'IDAT' 41 65536
2024-09-09 10:44:40,741 [DEBUG]  STREAM b'IHDR' 16 13
2024-09-09 10:44:40,741 [DEBUG]  STREAM b'IDAT' 41 65536
2024-09-09 10:44:40,745 [DEBUG]  STREAM b'IHDR' 16 13
2024-09-09 10:44:40,745 [DEBUG]  STREAM b'IDAT' 41 65536
2024-09-09 10:44:40,755 [DEBUG]  GraphTrial.log 211.615 visit state = 7
2024-09-09 10:44:40,760 [DEBUG]  GraphTrial.log 211.620 start flip_time = 211.6199577501975
2024-09-09 10:44:40,765 [DEBUG]  GraphTrial.log 211.625 get move selected = 3
2024-09-09 10:44:44,218 [DEBUG]  GraphTrial.log 215.078 switch selected = 2
2024-09-09 10:44:44,866 [DEBUG]  GraphTrial.log 215.726 switch selected = 3
2024-09-09 10:44:47,970 [DEBUG]  GraphTrial.log 218.830 switch selected = 2
2024-09-09 10:44:48,258 [DEBUG]  GraphTrial.log 219.118 select selected = 2
2024-09-09 10:44:48,258 [DEBUG]  GraphTrial.log 219.118 visit state = 2
2024-09-09 10:44:48,267 [DEBUG]  GraphTrial.log 219.127 get move selected = 8
2024-09-09 10:44:48,634 [DEBUG]  GraphTrial.log 219.494 select selected = 8
2024-09-09 10:44:48,634 [DEBUG]  GraphTrial.log 219.494 visit state = 8
2024-09-09 10:44:50,476 [DEBUG]  GraphTrial.log 221.336 done 
2024-09-09 10:44:50,476 [INFO]  end trial [{"time": 210.62192654190585, "event": "begin drift_check"}, {"time": 211.25599841680378, "event": "initialize", "status": null}, {"time": 211.25639083329588, "event": "start recording"}, {"time": 211.38384858332574, "event": "show graph"}, {"time": 211.61474908329546, "event": "visit", "state": 7}, {"time": 211.6199867501855, "event": "start", "flip_time": 211.6199577501975}, {"time": 211.62474025017582, "event": "get move", "selected": 3}, {"time": 215.0783335834276, "event": "switch", "selected": 2}, {"time": 215.72604683344252, "event": "switch", "selected": 3}, {"time": 218.83003050019033, "event": "switch", "selected": 2}, {"time": 219.11766591691412, "event": "select", "selected": 2}, {"time": 219.11776220821775, "event": "visit", "state": 2}, {"time": 219.12737229187042, "event": "get move", "selected": 8}, {"time": 219.49363425001502, "event": "select", "selected": 8}, {"time": 219.49370079184882, "event": "visit", "state": 8}, {"time": 221.33560075005516, "event": "done"}]
2024-09-09 10:44:50,476 [INFO]  stop_recording
2024-09-09 10:44:50,493 [INFO]  gt.status is None
2024-09-09 10:44:50,493 [DEBUG]  add bonus points 4 (total = 71)
2024-09-09 10:44:50,493 [INFO]  Trial 5 of 260
2024-09-09 10:44:53,721 [INFO]  begin trial {"kind": "GraphTrial", "graph": [[], [5, 0], [3], [], [], [], [4], [], [1, 6], [7, 2], [9, 7]], "rewards": [4, 2, -1, 4, -1, 1, 2, -2, null, -4, 3], "reward_info": {"-4": {"desc": "pattern_1", "image": "images[0]"}, "-3": {"desc": "pattern_2", "image": "images[1]"}, "-2": {"desc": "pattern_3", "image": "images[2]"}, "-1": {"desc": "pattern_4", "image": "images[3]"}, "0": {"desc": "pattern_5", "image": "images[4]"}, "1": {"desc": "pattern_6", "image": "images[5]"}, "2": {"desc": "pattern_7", "image": "images[6]"}, "3": {"desc": "pattern_8", "image": "images[7]"}, "4": {"desc": "pattern_9", "image": "images[8]"}}, "initial_stage": "planning", "hide_states": false, "hide_rewards_while_acting": false, "hide_edges_while_acting": false, "gaze_contingent": false, "gaze_tolerance": 1.5, "fixation_lag": 0.5, "start": 8}
2024-09-09 10:44:53,721 [INFO]  <eyetracking.EyeLink object at 0x3162c3130>
2024-09-09 10:44:53,721 [DEBUG]  GraphTrial.log 224.581 begin drift_check 
2024-09-09 10:44:57,894 [DEBUG]  GraphTrial.log 228.754 initialize status = None
2024-09-09 10:44:57,894 [DEBUG]  GraphTrial.log 228.754 start recording 
2024-09-09 10:44:57,894 [INFO]  start_recording
2024-09-09 10:44:58,021 [DEBUG]  GraphTrial.log 228.881 show graph 
2024-09-09 10:44:58,030 [DEBUG]  STREAM b'IHDR' 16 13
2024-09-09 10:44:58,030 [DEBUG]  STREAM b'IDAT' 41 65536
2024-09-09 10:44:58,043 [DEBUG]  STREAM b'IHDR' 16 13
2024-09-09 10:44:58,043 [DEBUG]  STREAM b'IDAT' 41 65536
2024-09-09 10:44:58,054 [DEBUG]  STREAM b'IHDR' 16 13
2024-09-09 10:44:58,054 [DEBUG]  STREAM b'IDAT' 41 65536
2024-09-09 10:44:58,062 [DEBUG]  STREAM b'IHDR' 16 13
2024-09-09 10:44:58,062 [DEBUG]  STREAM b'IDAT' 41 65536
2024-09-09 10:44:58,073 [DEBUG]  STREAM b'IHDR' 16 13
2024-09-09 10:44:58,073 [DEBUG]  STREAM b'IDAT' 41 65536
2024-09-09 10:44:58,080 [DEBUG]  STREAM b'IHDR' 16 13
2024-09-09 10:44:58,080 [DEBUG]  STREAM b'IDAT' 41 65536
2024-09-09 10:44:58,085 [DEBUG]  STREAM b'IHDR' 16 13
2024-09-09 10:44:58,085 [DEBUG]  STREAM b'IDAT' 41 65536
2024-09-09 10:44:58,091 [DEBUG]  STREAM b'IHDR' 16 13
2024-09-09 10:44:58,091 [DEBUG]  STREAM b'IDAT' 41 65536
2024-09-09 10:44:58,098 [DEBUG]  STREAM b'IHDR' 16 13
2024-09-09 10:44:58,098 [DEBUG]  STREAM b'IDAT' 41 65536
2024-09-09 10:44:58,103 [DEBUG]  STREAM b'IHDR' 16 13
2024-09-09 10:44:58,103 [DEBUG]  STREAM b'IDAT' 41 65536
2024-09-09 10:44:58,108 [DEBUG]  STREAM b'IHDR' 16 13
2024-09-09 10:44:58,108 [DEBUG]  STREAM b'IDAT' 41 65536
2024-09-09 10:44:58,112 [DEBUG]  STREAM b'IHDR' 16 13
2024-09-09 10:44:58,112 [DEBUG]  STREAM b'IDAT' 41 65536
2024-09-09 10:44:58,118 [DEBUG]  STREAM b'IHDR' 16 13
2024-09-09 10:44:58,118 [DEBUG]  STREAM b'IDAT' 41 65536
2024-09-09 10:44:58,123 [DEBUG]  STREAM b'IHDR' 16 13
2024-09-09 10:44:58,123 [DEBUG]  STREAM b'IDAT' 41 65536
2024-09-09 10:44:58,127 [DEBUG]  STREAM b'IHDR' 16 13
2024-09-09 10:44:58,127 [DEBUG]  STREAM b'IDAT' 41 65536
2024-09-09 10:44:58,132 [DEBUG]  STREAM b'IHDR' 16 13
2024-09-09 10:44:58,132 [DEBUG]  STREAM b'IDAT' 41 65536
2024-09-09 10:44:58,138 [DEBUG]  STREAM b'IHDR' 16 13
2024-09-09 10:44:58,138 [DEBUG]  STREAM b'IDAT' 41 65536
2024-09-09 10:44:58,142 [DEBUG]  STREAM b'IHDR' 16 13
2024-09-09 10:44:58,142 [DEBUG]  STREAM b'IDAT' 41 65536
2024-09-09 10:44:58,146 [DEBUG]  STREAM b'IHDR' 16 13
2024-09-09 10:44:58,146 [DEBUG]  STREAM b'IDAT' 41 65536
2024-09-09 10:44:58,150 [DEBUG]  STREAM b'IHDR' 16 13
2024-09-09 10:44:58,150 [DEBUG]  STREAM b'IDAT' 41 65536
2024-09-09 10:44:58,155 [DEBUG]  STREAM b'IHDR' 16 13
2024-09-09 10:44:58,155 [DEBUG]  STREAM b'IDAT' 41 65536
2024-09-09 10:44:58,159 [DEBUG]  STREAM b'IHDR' 16 13
2024-09-09 10:44:58,160 [DEBUG]  STREAM b'IDAT' 41 65536
2024-09-09 10:44:58,164 [DEBUG]  STREAM b'IHDR' 16 13
2024-09-09 10:44:58,164 [DEBUG]  STREAM b'IDAT' 41 65536
2024-09-09 10:44:58,168 [DEBUG]  STREAM b'IHDR' 16 13
2024-09-09 10:44:58,168 [DEBUG]  STREAM b'IDAT' 41 65536
2024-09-09 10:44:58,174 [DEBUG]  STREAM b'IHDR' 16 13
2024-09-09 10:44:58,174 [DEBUG]  STREAM b'IDAT' 41 65536
2024-09-09 10:44:58,178 [DEBUG]  STREAM b'IHDR' 16 13
2024-09-09 10:44:58,178 [DEBUG]  STREAM b'IDAT' 41 65536
2024-09-09 10:44:58,183 [DEBUG]  STREAM b'IHDR' 16 13
2024-09-09 10:44:58,183 [DEBUG]  STREAM b'IDAT' 41 65536
2024-09-09 10:44:58,187 [DEBUG]  STREAM b'IHDR' 16 13
2024-09-09 10:44:58,187 [DEBUG]  STREAM b'IDAT' 41 65536
2024-09-09 10:44:58,193 [DEBUG]  STREAM b'IHDR' 16 13
2024-09-09 10:44:58,193 [DEBUG]  STREAM b'IDAT' 41 65536
2024-09-09 10:44:58,197 [DEBUG]  STREAM b'IHDR' 16 13
2024-09-09 10:44:58,197 [DEBUG]  STREAM b'IDAT' 41 65536
2024-09-09 10:44:58,201 [DEBUG]  STREAM b'IHDR' 16 13
2024-09-09 10:44:58,201 [DEBUG]  STREAM b'IDAT' 41 65536
2024-09-09 10:44:58,205 [DEBUG]  STREAM b'IHDR' 16 13
2024-09-09 10:44:58,205 [DEBUG]  STREAM b'IDAT' 41 65536
2024-09-09 10:44:58,212 [DEBUG]  STREAM b'IHDR' 16 13
2024-09-09 10:44:58,212 [DEBUG]  STREAM b'IDAT' 41 65536
2024-09-09 10:44:58,216 [DEBUG]  STREAM b'IHDR' 16 13
2024-09-09 10:44:58,216 [DEBUG]  STREAM b'IDAT' 41 65536
2024-09-09 10:44:58,221 [DEBUG]  STREAM b'IHDR' 16 13
2024-09-09 10:44:58,221 [DEBUG]  STREAM b'IDAT' 41 65536
2024-09-09 10:44:58,225 [DEBUG]  STREAM b'IHDR' 16 13
2024-09-09 10:44:58,225 [DEBUG]  STREAM b'IDAT' 41 65536
2024-09-09 10:44:58,230 [DEBUG]  STREAM b'IHDR' 16 13
2024-09-09 10:44:58,230 [DEBUG]  STREAM b'IDAT' 41 65536
2024-09-09 10:44:58,235 [DEBUG]  STREAM b'IHDR' 16 13
2024-09-09 10:44:58,235 [DEBUG]  STREAM b'IDAT' 41 65536
2024-09-09 10:44:58,240 [DEBUG]  STREAM b'IHDR' 16 13
2024-09-09 10:44:58,240 [DEBUG]  STREAM b'IDAT' 41 65536
2024-09-09 10:44:58,244 [DEBUG]  STREAM b'IHDR' 16 13
2024-09-09 10:44:58,245 [DEBUG]  STREAM b'IDAT' 41 65536
2024-09-09 10:44:58,255 [DEBUG]  GraphTrial.log 229.115 visit state = 8
2024-09-09 10:44:58,260 [DEBUG]  GraphTrial.log 229.120 start flip_time = 229.11978166690096
2024-09-09 10:44:58,265 [DEBUG]  GraphTrial.log 229.125 get move selected = 1
2024-09-09 10:45:00,482 [DEBUG]  GraphTrial.log 231.342 select selected = 1
2024-09-09 10:45:00,482 [DEBUG]  GraphTrial.log 231.342 visit state = 1
2024-09-09 10:45:00,500 [DEBUG]  GraphTrial.log 231.360 get move selected = 5
2024-09-09 10:45:00,898 [DEBUG]  GraphTrial.log 231.758 switch selected = 0
2024-09-09 10:45:01,177 [DEBUG]  GraphTrial.log 232.037 select selected = 0
2024-09-09 10:45:01,177 [DEBUG]  GraphTrial.log 232.037 visit state = 0
2024-09-09 10:45:03,045 [DEBUG]  GraphTrial.log 233.905 done 
2024-09-09 10:45:03,045 [INFO]  end trial [{"time": 224.58149370830506, "event": "begin drift_check"}, {"time": 228.75392812513746, "event": "initialize", "status": null}, {"time": 228.7542837918736, "event": "start recording"}, {"time": 228.88119304180145, "event": "show graph"}, {"time": 229.11463195830584, "event": "visit", "state": 8}, {"time": 229.11979845841415, "event": "start", "flip_time": 229.11978166690096}, {"time": 229.12459258339368, "event": "get move", "selected": 1}, {"time": 231.34214712516405, "event": "select", "selected": 1}, {"time": 231.3422209583223, "event": "visit", "state": 1}, {"time": 231.35969591676258, "event": "get move", "selected": 5}, {"time": 231.75815208326094, "event": "switch", "selected": 0}, {"time": 232.03729858342558, "event": "select", "selected": 0}, {"time": 232.03736366680823, "event": "visit", "state": 0}, {"time": 233.90458916686475, "event": "done"}]
2024-09-09 10:45:03,045 [INFO]  stop_recording
2024-09-09 10:45:03,061 [INFO]  gt.status is None
2024-09-09 10:45:03,061 [DEBUG]  add bonus points 6 (total = 77)
2024-09-09 10:45:03,061 [INFO]  Trial 6 of 260
2024-09-09 10:45:05,770 [INFO]  begin trial {"kind": "GraphTrial", "graph": [[10, 4], [8, 3], [], [], [], [1, 0], [9, 2], [], [], [2, 7], []], "rewards": [1, 2, -3, 1, 1, null, 2, -2, 2, -1, 4], "reward_info": {"-4": {"desc": "pattern_1", "image": "images[0]"}, "-3": {"desc": "pattern_2", "image": "images[1]"}, "-2": {"desc": "pattern_3", "image": "images[2]"}, "-1": {"desc": "pattern_4", "image": "images[3]"}, "0": {"desc": "pattern_5", "image": "images[4]"}, "1": {"desc": "pattern_6", "image": "images[5]"}, "2": {"desc": "pattern_7", "image": "images[6]"}, "3": {"desc": "pattern_8", "image": "images[7]"}, "4": {"desc": "pattern_9", "image": "images[8]"}}, "initial_stage": "planning", "hide_states": false, "hide_rewards_while_acting": false, "hide_edges_while_acting": false, "gaze_contingent": false, "gaze_tolerance": 1.5, "fixation_lag": 0.5, "start": 5}
2024-09-09 10:45:05,770 [INFO]  <eyetracking.EyeLink object at 0x3162c3130>
2024-09-09 10:45:05,770 [DEBUG]  GraphTrial.log 236.630 begin drift_check 
2024-09-09 10:45:06,813 [INFO]  escape in drift correct
2024-09-09 10:45:08,770 [INFO]  drift check keys ['r']
2024-09-09 10:45:08,778 [DEBUG]  GraphTrial.log 239.638 initialize status = recalibrate
2024-09-09 10:45:08,778 [DEBUG]  GraphTrial.log 239.638 done status = recalibrate
2024-09-09 10:45:08,778 [INFO]  begin recalibrate
2024-09-09 10:45:08,778 [DEBUG]  message: We're going to recalibrate the eyetracker. Please tell the experimenter. (Wait for the experimenter (space))
2024-09-09 10:45:09,663 [INFO]  doTrackerSetup
2024-09-09 10:46:17,193 [INFO]  done doTrackerSetup
2024-09-09 10:46:17,226 [INFO]  begin calibrate_gaze_tolerance
2024-09-09 10:46:17,226 [DEBUG]  message: We're going to check how well the eyetracker is working. (None)
2024-09-09 10:46:19,530 [DEBUG]  message: When the board comes up, just look at the O's as they appear. They should disappear. If it's not working, press X. (None)
2024-09-09 10:46:20,668 [ERROR]  Expected a list with a dictionary for trial data, got: [[], [], [], [], [], [], [], [], [], [], []]
2024-09-09 10:46:20,668 [INFO]  begin trial {"kind": "CalibrationTrial", "graph": [[], [], [], [], [], [], [], [], [], [], []], "rewards": [null, -1, -4, -4, -4, 2, 2, -4, 4, -4, -2], "reward_info": {"-4": {"desc": "pattern_1", "image": "images[0]"}, "-3": {"desc": "pattern_2", "image": "images[1]"}, "-2": {"desc": "pattern_3", "image": "images[2]"}, "-1": {"desc": "pattern_4", "image": "images[3]"}, "0": {"desc": "pattern_5", "image": "images[4]"}, "1": {"desc": "pattern_6", "image": "images[5]"}, "2": {"desc": "pattern_7", "image": "images[6]"}, "3": {"desc": "pattern_8", "image": "images[7]"}, "4": {"desc": "pattern_9", "image": "images[8]"}}, "initial_stage": "planning", "hide_states": false, "hide_rewards_while_acting": false, "hide_edges_while_acting": false, "gaze_contingent": true, "gaze_tolerance": 1.5, "fixation_lag": 0.1, "start": 0}
2024-09-09 10:46:20,668 [DEBUG]  CalibrationTrial.log 311.529 start recording 
2024-09-09 10:46:20,668 [INFO]  start_recording
2024-09-09 10:46:20,793 [DEBUG]  CalibrationTrial.log 311.653 show graph 
2024-09-09 10:46:20,799 [DEBUG]  STREAM b'IHDR' 16 13
2024-09-09 10:46:20,799 [DEBUG]  STREAM b'IDAT' 41 65536
2024-09-09 10:46:20,808 [DEBUG]  STREAM b'IHDR' 16 13
2024-09-09 10:46:20,808 [DEBUG]  STREAM b'IDAT' 41 65536
2024-09-09 10:46:20,814 [DEBUG]  STREAM b'IHDR' 16 13
2024-09-09 10:46:20,814 [DEBUG]  STREAM b'IDAT' 41 65536
2024-09-09 10:46:20,820 [DEBUG]  STREAM b'IHDR' 16 13
2024-09-09 10:46:20,820 [DEBUG]  STREAM b'IDAT' 41 65536
2024-09-09 10:46:20,827 [DEBUG]  STREAM b'IHDR' 16 13
2024-09-09 10:46:20,827 [DEBUG]  STREAM b'IDAT' 41 65536
2024-09-09 10:46:20,833 [DEBUG]  STREAM b'IHDR' 16 13
2024-09-09 10:46:20,833 [DEBUG]  STREAM b'IDAT' 41 65536
2024-09-09 10:46:20,838 [DEBUG]  STREAM b'IHDR' 16 13
2024-09-09 10:46:20,838 [DEBUG]  STREAM b'IDAT' 41 65536
2024-09-09 10:46:20,843 [DEBUG]  STREAM b'IHDR' 16 13
2024-09-09 10:46:20,843 [DEBUG]  STREAM b'IDAT' 41 65536
2024-09-09 10:46:20,849 [DEBUG]  STREAM b'IHDR' 16 13
2024-09-09 10:46:20,849 [DEBUG]  STREAM b'IDAT' 41 65536
2024-09-09 10:46:20,854 [DEBUG]  STREAM b'IHDR' 16 13
2024-09-09 10:46:20,854 [DEBUG]  STREAM b'IDAT' 41 65536
2024-09-09 10:46:20,858 [DEBUG]  STREAM b'IHDR' 16 13
2024-09-09 10:46:20,858 [DEBUG]  STREAM b'IDAT' 41 65536
2024-09-09 10:46:20,863 [DEBUG]  STREAM b'IHDR' 16 13
2024-09-09 10:46:20,863 [DEBUG]  STREAM b'IDAT' 41 65536
2024-09-09 10:46:20,868 [DEBUG]  STREAM b'IHDR' 16 13
2024-09-09 10:46:20,868 [DEBUG]  STREAM b'IDAT' 41 65536
2024-09-09 10:46:20,873 [DEBUG]  STREAM b'IHDR' 16 13
2024-09-09 10:46:20,873 [DEBUG]  STREAM b'IDAT' 41 65536
2024-09-09 10:46:20,877 [DEBUG]  STREAM b'IHDR' 16 13
2024-09-09 10:46:20,877 [DEBUG]  STREAM b'IDAT' 41 65536
2024-09-09 10:46:20,881 [DEBUG]  STREAM b'IHDR' 16 13
2024-09-09 10:46:20,881 [DEBUG]  STREAM b'IDAT' 41 65536
2024-09-09 10:46:20,887 [DEBUG]  STREAM b'IHDR' 16 13
2024-09-09 10:46:20,887 [DEBUG]  STREAM b'IDAT' 41 65536
2024-09-09 10:46:20,892 [DEBUG]  STREAM b'IHDR' 16 13
2024-09-09 10:46:20,892 [DEBUG]  STREAM b'IDAT' 41 65536
2024-09-09 10:46:20,897 [DEBUG]  STREAM b'IHDR' 16 13
2024-09-09 10:46:20,897 [DEBUG]  STREAM b'IDAT' 41 65536
2024-09-09 10:46:20,901 [DEBUG]  STREAM b'IHDR' 16 13
2024-09-09 10:46:20,901 [DEBUG]  STREAM b'IDAT' 41 65536
2024-09-09 10:46:20,907 [DEBUG]  STREAM b'IHDR' 16 13
2024-09-09 10:46:20,907 [DEBUG]  STREAM b'IDAT' 41 65536
2024-09-09 10:46:20,911 [DEBUG]  STREAM b'IHDR' 16 13
2024-09-09 10:46:20,912 [DEBUG]  STREAM b'IDAT' 41 65536
2024-09-09 10:46:20,916 [DEBUG]  STREAM b'IHDR' 16 13
2024-09-09 10:46:20,916 [DEBUG]  STREAM b'IDAT' 41 65536
2024-09-09 10:46:20,920 [DEBUG]  STREAM b'IHDR' 16 13
2024-09-09 10:46:20,920 [DEBUG]  STREAM b'IDAT' 41 65536
2024-09-09 10:46:20,926 [DEBUG]  STREAM b'IHDR' 16 13
2024-09-09 10:46:20,926 [DEBUG]  STREAM b'IDAT' 41 65536
2024-09-09 10:46:20,930 [DEBUG]  STREAM b'IHDR' 16 13
2024-09-09 10:46:20,930 [DEBUG]  STREAM b'IDAT' 41 65536
2024-09-09 10:46:20,934 [DEBUG]  STREAM b'IHDR' 16 13
2024-09-09 10:46:20,934 [DEBUG]  STREAM b'IDAT' 41 65536
2024-09-09 10:46:20,938 [DEBUG]  STREAM b'IHDR' 16 13
2024-09-09 10:46:20,938 [DEBUG]  STREAM b'IDAT' 41 65536
2024-09-09 10:46:20,944 [DEBUG]  STREAM b'IHDR' 16 13
2024-09-09 10:46:20,944 [DEBUG]  STREAM b'IDAT' 41 65536
2024-09-09 10:46:20,949 [DEBUG]  STREAM b'IHDR' 16 13
2024-09-09 10:46:20,949 [DEBUG]  STREAM b'IDAT' 41 65536
2024-09-09 10:46:20,954 [DEBUG]  STREAM b'IHDR' 16 13
2024-09-09 10:46:20,954 [DEBUG]  STREAM b'IDAT' 41 65536
2024-09-09 10:46:20,958 [DEBUG]  STREAM b'IHDR' 16 13
2024-09-09 10:46:20,958 [DEBUG]  STREAM b'IDAT' 41 65536
2024-09-09 10:46:20,964 [DEBUG]  STREAM b'IHDR' 16 13
2024-09-09 10:46:20,964 [DEBUG]  STREAM b'IDAT' 41 65536
2024-09-09 10:46:20,968 [DEBUG]  STREAM b'IHDR' 16 13
2024-09-09 10:46:20,968 [DEBUG]  STREAM b'IDAT' 41 65536
2024-09-09 10:46:20,972 [DEBUG]  STREAM b'IHDR' 16 13
2024-09-09 10:46:20,972 [DEBUG]  STREAM b'IDAT' 41 65536
2024-09-09 10:46:20,977 [DEBUG]  STREAM b'IHDR' 16 13
2024-09-09 10:46:20,977 [DEBUG]  STREAM b'IDAT' 41 65536
2024-09-09 10:46:20,982 [DEBUG]  STREAM b'IHDR' 16 13
2024-09-09 10:46:20,982 [DEBUG]  STREAM b'IDAT' 41 65536
2024-09-09 10:46:20,987 [DEBUG]  STREAM b'IHDR' 16 13
2024-09-09 10:46:20,987 [DEBUG]  STREAM b'IDAT' 41 65536
2024-09-09 10:46:20,991 [DEBUG]  STREAM b'IHDR' 16 13
2024-09-09 10:46:20,991 [DEBUG]  STREAM b'IDAT' 41 65536
2024-09-09 10:46:20,995 [DEBUG]  STREAM b'IHDR' 16 13
2024-09-09 10:46:20,995 [DEBUG]  STREAM b'IDAT' 41 65536
2024-09-09 10:46:21,002 [ERROR]  Index 0 is out of range for reward_labels
2024-09-09 10:46:21,002 [ERROR]  Index 1 is out of range for reward_labels
2024-09-09 10:46:21,002 [ERROR]  Index 2 is out of range for reward_labels
2024-09-09 10:46:21,002 [ERROR]  Index 3 is out of range for reward_labels
2024-09-09 10:46:21,002 [ERROR]  Index 4 is out of range for reward_labels
2024-09-09 10:46:21,002 [ERROR]  Index 5 is out of range for reward_labels
2024-09-09 10:46:21,002 [ERROR]  Index 6 is out of range for reward_labels
2024-09-09 10:46:21,002 [ERROR]  Index 7 is out of range for reward_labels
2024-09-09 10:46:21,002 [ERROR]  Index 8 is out of range for reward_labels
2024-09-09 10:46:21,002 [ERROR]  Index 9 is out of range for reward_labels
2024-09-09 10:46:21,002 [ERROR]  Index 10 is out of range for reward_labels
2024-09-09 10:46:21,002 [DEBUG]  update_node_labels []
2024-09-09 10:46:21,002 [DEBUG]  CalibrationTrial.log 311.862 new target state = 7
2024-09-09 10:46:21,002 [ERROR]  Caught exception in stage calibrate_gaze_tolerance
Traceback (most recent call last):
  File "/Users/labadmin/twostep-eyetracking/experiment.py", line 36, in wrapper
    f(self, *args, **kwargs)
  File "/Users/labadmin/twostep-eyetracking/experiment.py", line 540, in calibrate_gaze_tolerance
    result = gt.run()
  File "/Users/labadmin/twostep-eyetracking/trial.py", line 618, in run
    self.start_time = self.tick()
  File "/Users/labadmin/twostep-eyetracking/trial.py", line 604, in tick
    t = time.time()
NameError: name 'time' is not defined
2024-09-09 10:46:23,642 [WARNING]  Retrying calibrate_gaze_tolerance
2024-09-09 10:46:23,642 [INFO]  begin calibrate_gaze_tolerance
2024-09-09 10:46:23,642 [DEBUG]  message: We're going to check how well the eyetracker is working. (None)
2024-09-09 10:46:32,001 [DEBUG]  message: When the board comes up, just look at the O's as they appear. They should disappear. If it's not working, press X. (None)
2024-09-09 10:46:32,620 [ERROR]  Expected a list with a dictionary for trial data, got: [[], [], [], [], [], [], [], [], [], [], []]
2024-09-09 10:46:32,620 [INFO]  begin trial {"kind": "CalibrationTrial", "graph": [[], [], [], [], [], [], [], [], [], [], []], "rewards": [null, -1, -4, -4, -4, 2, 2, -4, 4, -4, -2], "reward_info": {"-4": {"desc": "pattern_1", "image": "images[0]"}, "-3": {"desc": "pattern_2", "image": "images[1]"}, "-2": {"desc": "pattern_3", "image": "images[2]"}, "-1": {"desc": "pattern_4", "image": "images[3]"}, "0": {"desc": "pattern_5", "image": "images[4]"}, "1": {"desc": "pattern_6", "image": "images[5]"}, "2": {"desc": "pattern_7", "image": "images[6]"}, "3": {"desc": "pattern_8", "image": "images[7]"}, "4": {"desc": "pattern_9", "image": "images[8]"}}, "initial_stage": "planning", "hide_states": false, "hide_rewards_while_acting": false, "hide_edges_while_acting": false, "gaze_contingent": true, "gaze_tolerance": 1.5, "fixation_lag": 0.1, "start": 0}
2024-09-09 10:46:32,620 [DEBUG]  CalibrationTrial.log 323.480 start recording 
2024-09-09 10:46:32,620 [INFO]  start_recording
2024-09-09 10:46:32,746 [DEBUG]  CalibrationTrial.log 323.606 show graph 
2024-09-09 10:46:32,752 [DEBUG]  STREAM b'IHDR' 16 13
2024-09-09 10:46:32,752 [DEBUG]  STREAM b'IDAT' 41 65536
2024-09-09 10:46:32,760 [DEBUG]  STREAM b'IHDR' 16 13
2024-09-09 10:46:32,760 [DEBUG]  STREAM b'IDAT' 41 65536
2024-09-09 10:46:32,766 [DEBUG]  STREAM b'IHDR' 16 13
2024-09-09 10:46:32,766 [DEBUG]  STREAM b'IDAT' 41 65536
2024-09-09 10:46:32,772 [DEBUG]  STREAM b'IHDR' 16 13
2024-09-09 10:46:32,772 [DEBUG]  STREAM b'IDAT' 41 65536
2024-09-09 10:46:32,779 [DEBUG]  STREAM b'IHDR' 16 13
2024-09-09 10:46:32,779 [DEBUG]  STREAM b'IDAT' 41 65536
2024-09-09 10:46:32,785 [DEBUG]  STREAM b'IHDR' 16 13
2024-09-09 10:46:32,785 [DEBUG]  STREAM b'IDAT' 41 65536
2024-09-09 10:46:32,790 [DEBUG]  STREAM b'IHDR' 16 13
2024-09-09 10:46:32,790 [DEBUG]  STREAM b'IDAT' 41 65536
2024-09-09 10:46:32,795 [DEBUG]  STREAM b'IHDR' 16 13
2024-09-09 10:46:32,795 [DEBUG]  STREAM b'IDAT' 41 65536
2024-09-09 10:46:32,801 [DEBUG]  STREAM b'IHDR' 16 13
2024-09-09 10:46:32,801 [DEBUG]  STREAM b'IDAT' 41 65536
2024-09-09 10:46:32,806 [DEBUG]  STREAM b'IHDR' 16 13
2024-09-09 10:46:32,806 [DEBUG]  STREAM b'IDAT' 41 65536
2024-09-09 10:46:32,810 [DEBUG]  STREAM b'IHDR' 16 13
2024-09-09 10:46:32,810 [DEBUG]  STREAM b'IDAT' 41 65536
2024-09-09 10:46:32,815 [DEBUG]  STREAM b'IHDR' 16 13
2024-09-09 10:46:32,815 [DEBUG]  STREAM b'IDAT' 41 65536
2024-09-09 10:46:32,820 [DEBUG]  STREAM b'IHDR' 16 13
2024-09-09 10:46:32,820 [DEBUG]  STREAM b'IDAT' 41 65536
2024-09-09 10:46:32,825 [DEBUG]  STREAM b'IHDR' 16 13
2024-09-09 10:46:32,825 [DEBUG]  STREAM b'IDAT' 41 65536
2024-09-09 10:46:32,829 [DEBUG]  STREAM b'IHDR' 16 13
2024-09-09 10:46:32,829 [DEBUG]  STREAM b'IDAT' 41 65536
2024-09-09 10:46:32,833 [DEBUG]  STREAM b'IHDR' 16 13
2024-09-09 10:46:32,833 [DEBUG]  STREAM b'IDAT' 41 65536
2024-09-09 10:46:32,838 [DEBUG]  STREAM b'IHDR' 16 13
2024-09-09 10:46:32,838 [DEBUG]  STREAM b'IDAT' 41 65536
2024-09-09 10:46:32,843 [DEBUG]  STREAM b'IHDR' 16 13
2024-09-09 10:46:32,843 [DEBUG]  STREAM b'IDAT' 41 65536
2024-09-09 10:46:32,847 [DEBUG]  STREAM b'IHDR' 16 13
2024-09-09 10:46:32,847 [DEBUG]  STREAM b'IDAT' 41 65536
2024-09-09 10:46:32,851 [DEBUG]  STREAM b'IHDR' 16 13
2024-09-09 10:46:32,851 [DEBUG]  STREAM b'IDAT' 41 65536
2024-09-09 10:46:32,857 [DEBUG]  STREAM b'IHDR' 16 13
2024-09-09 10:46:32,857 [DEBUG]  STREAM b'IDAT' 41 65536
2024-09-09 10:46:32,861 [DEBUG]  STREAM b'IHDR' 16 13
2024-09-09 10:46:32,861 [DEBUG]  STREAM b'IDAT' 41 65536
2024-09-09 10:46:32,866 [DEBUG]  STREAM b'IHDR' 16 13
2024-09-09 10:46:32,866 [DEBUG]  STREAM b'IDAT' 41 65536
2024-09-09 10:46:32,870 [DEBUG]  STREAM b'IHDR' 16 13
2024-09-09 10:46:32,870 [DEBUG]  STREAM b'IDAT' 41 65536
2024-09-09 10:46:32,875 [DEBUG]  STREAM b'IHDR' 16 13
2024-09-09 10:46:32,876 [DEBUG]  STREAM b'IDAT' 41 65536
2024-09-09 10:46:32,880 [DEBUG]  STREAM b'IHDR' 16 13
2024-09-09 10:46:32,880 [DEBUG]  STREAM b'IDAT' 41 65536
2024-09-09 10:46:32,884 [DEBUG]  STREAM b'IHDR' 16 13
2024-09-09 10:46:32,884 [DEBUG]  STREAM b'IDAT' 41 65536
2024-09-09 10:46:32,888 [DEBUG]  STREAM b'IHDR' 16 13
2024-09-09 10:46:32,888 [DEBUG]  STREAM b'IDAT' 41 65536
2024-09-09 10:46:32,893 [DEBUG]  STREAM b'IHDR' 16 13
2024-09-09 10:46:32,893 [DEBUG]  STREAM b'IDAT' 41 65536
2024-09-09 10:46:32,898 [DEBUG]  STREAM b'IHDR' 16 13
2024-09-09 10:46:32,898 [DEBUG]  STREAM b'IDAT' 41 65536
2024-09-09 10:46:32,902 [DEBUG]  STREAM b'IHDR' 16 13
2024-09-09 10:46:32,902 [DEBUG]  STREAM b'IDAT' 41 65536
2024-09-09 10:46:32,907 [DEBUG]  STREAM b'IHDR' 16 13
2024-09-09 10:46:32,907 [DEBUG]  STREAM b'IDAT' 41 65536
2024-09-09 10:46:32,913 [DEBUG]  STREAM b'IHDR' 16 13
2024-09-09 10:46:32,913 [DEBUG]  STREAM b'IDAT' 41 65536
2024-09-09 10:46:32,917 [DEBUG]  STREAM b'IHDR' 16 13
2024-09-09 10:46:32,917 [DEBUG]  STREAM b'IDAT' 41 65536
2024-09-09 10:46:32,921 [DEBUG]  STREAM b'IHDR' 16 13
2024-09-09 10:46:32,921 [DEBUG]  STREAM b'IDAT' 41 65536
2024-09-09 10:46:32,925 [DEBUG]  STREAM b'IHDR' 16 13
2024-09-09 10:46:32,925 [DEBUG]  STREAM b'IDAT' 41 65536
2024-09-09 10:46:32,931 [DEBUG]  STREAM b'IHDR' 16 13
2024-09-09 10:46:32,931 [DEBUG]  STREAM b'IDAT' 41 65536
2024-09-09 10:46:32,935 [DEBUG]  STREAM b'IHDR' 16 13
2024-09-09 10:46:32,935 [DEBUG]  STREAM b'IDAT' 41 65536
2024-09-09 10:46:32,939 [DEBUG]  STREAM b'IHDR' 16 13
2024-09-09 10:46:32,939 [DEBUG]  STREAM b'IDAT' 41 65536
2024-09-09 10:46:32,943 [DEBUG]  STREAM b'IHDR' 16 13
2024-09-09 10:46:32,943 [DEBUG]  STREAM b'IDAT' 41 65536
2024-09-09 10:46:32,948 [ERROR]  Index 0 is out of range for reward_labels
2024-09-09 10:46:32,948 [ERROR]  Index 1 is out of range for reward_labels
2024-09-09 10:46:32,948 [ERROR]  Index 2 is out of range for reward_labels
2024-09-09 10:46:32,948 [ERROR]  Index 3 is out of range for reward_labels
2024-09-09 10:46:32,948 [ERROR]  Index 4 is out of range for reward_labels
2024-09-09 10:46:32,948 [ERROR]  Index 5 is out of range for reward_labels
2024-09-09 10:46:32,948 [ERROR]  Index 6 is out of range for reward_labels
2024-09-09 10:46:32,948 [ERROR]  Index 7 is out of range for reward_labels
2024-09-09 10:46:32,948 [ERROR]  Index 8 is out of range for reward_labels
2024-09-09 10:46:32,948 [ERROR]  Index 9 is out of range for reward_labels
2024-09-09 10:46:32,948 [ERROR]  Index 10 is out of range for reward_labels
2024-09-09 10:46:32,948 [DEBUG]  update_node_labels []
2024-09-09 10:46:32,948 [DEBUG]  CalibrationTrial.log 323.808 new target state = 8
2024-09-09 10:46:32,948 [ERROR]  Caught exception in stage calibrate_gaze_tolerance
Traceback (most recent call last):
  File "/Users/labadmin/twostep-eyetracking/experiment.py", line 36, in wrapper
    f(self, *args, **kwargs)
  File "/Users/labadmin/twostep-eyetracking/experiment.py", line 540, in calibrate_gaze_tolerance
    result = gt.run()
  File "/Users/labadmin/twostep-eyetracking/trial.py", line 618, in run
    self.start_time = self.tick()
  File "/Users/labadmin/twostep-eyetracking/trial.py", line 604, in tick
    t = time.time()
NameError: name 'time' is not defined

During handling of the above exception, another exception occurred:

Traceback (most recent call last):
  File "/Users/labadmin/twostep-eyetracking/experiment.py", line 36, in wrapper
    f(self, *args, **kwargs)
  File "/Users/labadmin/twostep-eyetracking/experiment.py", line 540, in calibrate_gaze_tolerance
    result = gt.run()
  File "/Users/labadmin/twostep-eyetracking/trial.py", line 618, in run
    self.start_time = self.tick()
  File "/Users/labadmin/twostep-eyetracking/trial.py", line 604, in tick
    t = time.time()
NameError: name 'time' is not defined
2024-09-09 10:46:33,983 [ERROR]  Caught exception in stage recalibrate
Traceback (most recent call last):
  File "/Users/labadmin/twostep-eyetracking/experiment.py", line 36, in wrapper
    f(self, *args, **kwargs)
  File "/Users/labadmin/twostep-eyetracking/experiment.py", line 540, in calibrate_gaze_tolerance
    result = gt.run()
  File "/Users/labadmin/twostep-eyetracking/trial.py", line 618, in run
    self.start_time = self.tick()
  File "/Users/labadmin/twostep-eyetracking/trial.py", line 604, in tick
    t = time.time()
NameError: name 'time' is not defined

During handling of the above exception, another exception occurred:

Traceback (most recent call last):
  File "/Users/labadmin/twostep-eyetracking/experiment.py", line 36, in wrapper
    f(self, *args, **kwargs)
  File "/Users/labadmin/twostep-eyetracking/experiment.py", line 504, in recalibrate
    self.calibrate_gaze_tolerance()
  File "/Users/labadmin/twostep-eyetracking/experiment.py", line 50, in wrapper
    wrapper(self, *args, **kwargs)
  File "/Users/labadmin/twostep-eyetracking/experiment.py", line 36, in wrapper
    f(self, *args, **kwargs)
  File "/Users/labadmin/twostep-eyetracking/experiment.py", line 540, in calibrate_gaze_tolerance
    result = gt.run()
  File "/Users/labadmin/twostep-eyetracking/trial.py", line 618, in run
    self.start_time = self.tick()
  File "/Users/labadmin/twostep-eyetracking/trial.py", line 604, in tick
    t = time.time()
NameError: name 'time' is not defined
2024-09-09 10:46:34,580 [ERROR]  Caught exception in run_main
Traceback (most recent call last):
  File "/Users/labadmin/twostep-eyetracking/experiment.py", line 36, in wrapper
    f(self, *args, **kwargs)
  File "/Users/labadmin/twostep-eyetracking/experiment.py", line 540, in calibrate_gaze_tolerance
    result = gt.run()
  File "/Users/labadmin/twostep-eyetracking/trial.py", line 618, in run
    self.start_time = self.tick()
  File "/Users/labadmin/twostep-eyetracking/trial.py", line 604, in tick
    t = time.time()
NameError: name 'time' is not defined

During handling of the above exception, another exception occurred:

Traceback (most recent call last):
  File "/Users/labadmin/twostep-eyetracking/experiment.py", line 682, in run_main
    self.recalibrate()
  File "/Users/labadmin/twostep-eyetracking/experiment.py", line 36, in wrapper
    f(self, *args, **kwargs)
  File "/Users/labadmin/twostep-eyetracking/experiment.py", line 504, in recalibrate
    self.calibrate_gaze_tolerance()
  File "/Users/labadmin/twostep-eyetracking/experiment.py", line 50, in wrapper
    wrapper(self, *args, **kwargs)
  File "/Users/labadmin/twostep-eyetracking/experiment.py", line 36, in wrapper
    f(self, *args, **kwargs)
  File "/Users/labadmin/twostep-eyetracking/experiment.py", line 540, in calibrate_gaze_tolerance
    result = gt.run()
  File "/Users/labadmin/twostep-eyetracking/trial.py", line 618, in run
    self.start_time = self.tick()
  File "/Users/labadmin/twostep-eyetracking/trial.py", line 604, in tick
    t = time.time()
NameError: name 'time' is not defined
2024-09-09 10:46:37,677 [INFO]  begin save_data
2024-09-09 10:46:37,677 [DEBUG]  message: You're done! Let's just save your data... (give us a few seconds)
2024-09-09 10:46:37,687 [INFO]  wrote data/exp/v1/24-09-09-1041_P2.json
2024-09-09 10:46:37,687 [INFO]  receiving eyelink data
2024-09-09 10:46:40,543 [INFO]  wrote data/eyelink/24-09-09-1041_P2/raw.edf
2024-09-09 10:46:40,544 [DEBUG]  message: Data saved! Please let the experimenter that you've completed the study. (press space to exit)
2024-09-09 10:46:50,701 [INFO]  begin save_data
2024-09-09 10:46:50,701 [DEBUG]  message: You're done! Let's just save your data... (give us a few seconds)
2024-09-09 10:46:50,707 [INFO]  wrote data/exp/v1/24-09-09-1041_P2.json
2024-09-09 10:46:50,707 [INFO]  receiving eyelink data
2024-09-09 10:46:50,707 [INFO]  wrote data/eyelink/24-09-09-1041_P2/raw.edf
2024-09-09 10:46:50,707 [DEBUG]  message: Data saved! Please let the experimenter that you've completed the study. (press space to exit)
