2024-09-09 11:33:57,613 [INFO]  starting up 24-09-09-1133_P3 at 3.1552374583334313
2024-09-09 11:33:57,634 [INFO]  git SHA: 06d4a7edf28a5434eb74779ffa7e2440f6f9a734
2024-09-09 11:33:57,634 [INFO]  Configuration file: config/v1/3.json
2024-09-09 11:33:57,635 [INFO]  parameters {'reward_info': {'-4': {'desc': 'pattern_1', 'image': 'images[0]'}, '-3': {'desc': 'pattern_2', 'image': 'images[1]'}, '-2': {'desc': 'pattern_3', 'image': 'images[2]'}, '-1': {'desc': 'pattern_4', 'image': 'images[3]'}, '0': {'desc': 'pattern_5', 'image': 'images[4]'}, '1': {'desc': 'pattern_6', 'image': 'images[5]'}, '2': {'desc': 'pattern_7', 'image': 'images[6]'}, '3': {'desc': 'pattern_8', 'image': 'images[7]'}, '4': {'desc': 'pattern_9', 'image': 'images[8]'}}, 'images': ['pattern_1.png', 'pattern_2.png', 'pattern_3.png', 'pattern_4.png', 'pattern_5.png', 'pattern_6.png', 'pattern_7.png', 'pattern_8.png', 'pattern_9.png'], 'points_per_cent': 1, 'revealed': True, 'layout': [[0.0, 0.5], [-0.27032040872779883, 0.4206267664155905], [-0.4548159976772592, 0.20770750650094316], [-0.4949107209404664, -0.07115741913664247], [-0.3778747871771292, -0.3274303669726425], [-0.14086627842071486, -0.4797464868072487], [0.14086627842071464, -0.47974648680724874], [0.37787478717712886, -0.32743036697264283], [0.4949107209404664, -0.07115741913664264], [0.4548159976772592, 0.20770750650094305], [0.27032040872779883, 0.4206267664155906]]}
2024-09-09 11:33:58,759 [INFO]  Setting up window with size: (1350, 750) and full_screen: True
2024-09-09 11:33:58,760 [INFO]  Created window with size [3840 2160]
2024-09-09 11:33:58,810 [INFO]  begin intro
2024-09-09 11:33:58,811 [DEBUG]  message: Welcome! (None)
2024-09-09 11:34:30,490 [INFO]  begin trial {"kind": "GraphTrial", "graph": [[1, 3], [2, 4], [3, 5], [4, 6], [5, 7], [6, 8], [7, 9], [8, 10], [], [], []], "rewards": [null, null, null, null, null, null, null, null, null, null, null], "reward_info": {"-4": {"desc": "pattern_1", "image": "images[0]"}, "-3": {"desc": "pattern_2", "image": "images[1]"}, "-2": {"desc": "pattern_3", "image": "images[2]"}, "-1": {"desc": "pattern_4", "image": "images[3]"}, "0": {"desc": "pattern_5", "image": "images[4]"}, "1": {"desc": "pattern_6", "image": "images[5]"}, "2": {"desc": "pattern_7", "image": "images[6]"}, "3": {"desc": "pattern_8", "image": "images[7]"}, "4": {"desc": "pattern_9", "image": "images[8]"}}, "initial_stage": "acting", "hide_states": false, "hide_rewards_while_acting": false, "hide_edges_while_acting": false, "gaze_contingent": false, "gaze_tolerance": 1.5, "fixation_lag": 0.5, "start": 0}
2024-09-09 11:34:30,491 [DEBUG]  GraphTrial.log 36.033 show graph 
2024-09-09 11:34:30,539 [DEBUG]  message: In this experiment, you will play a game on the board shown to the right. (None)
2024-09-09 11:34:35,500 [DEBUG]  GraphTrial.log 41.042 visit state = 0
2024-09-09 11:34:35,500 [DEBUG]  message: Your current location on the board is highlighted in blue. (None)
2024-09-09 11:34:37,569 [DEBUG]  message: The goal of the game is to collect as many points as you can. (None)
2024-09-09 11:34:46,489 [DEBUG]  message: Before we start, let's learn all the buttons you need in this game .  (None)
2024-09-09 11:34:48,473 [DEBUG]  message: Key F should be under your left index finger which you can switch the line you select.  (Press Key F to continue)
2024-09-09 11:34:55,359 [DEBUG]  message: Key J should be under your right index finger which to confirm your choice.  (Press Key J to continue)
2024-09-09 11:34:59,745 [DEBUG]  message: Now, let's try to play one roundPress Key F and Key J to move.  (None)
2024-09-09 11:34:59,757 [DEBUG]  GraphTrial.log 65.300 begin space 
2024-09-09 11:35:05,297 [DEBUG]  GraphTrial.log 70.839 initialize status = ok
2024-09-09 11:35:05,297 [DEBUG]  GraphTrial.log 70.840 show graph 
2024-09-09 11:35:05,305 [DEBUG]  GraphTrial.log 70.847 start flip_time = 70.84698795833356
2024-09-09 11:35:05,313 [DEBUG]  GraphTrial.log 70.856 get move selected = 3
2024-09-09 11:35:05,874 [DEBUG]  GraphTrial.log 71.416 switch selected = 1
2024-09-09 11:35:06,322 [DEBUG]  GraphTrial.log 71.864 switch selected = 3
2024-09-09 11:35:06,738 [DEBUG]  GraphTrial.log 72.280 switch selected = 1
2024-09-09 11:35:07,202 [DEBUG]  GraphTrial.log 72.744 switch selected = 3
2024-09-09 11:35:07,521 [DEBUG]  GraphTrial.log 73.063 select selected = 3
2024-09-09 11:35:07,521 [DEBUG]  GraphTrial.log 73.063 visit state = 3
2024-09-09 11:35:07,523 [INFO]  begin intro_reward
2024-09-09 11:35:07,523 [INFO]  begin trial {"kind": "GraphTrial", "graph": [], "rewards": [1, 2, 3, 4, -1, -2, -3, -4, 0, 0, 0], "reward_info": {"-4": {"desc": "pattern_1", "image": "images[0]"}, "-3": {"desc": "pattern_2", "image": "images[1]"}, "-2": {"desc": "pattern_3", "image": "images[2]"}, "-1": {"desc": "pattern_4", "image": "images[3]"}, "0": {"desc": "pattern_5", "image": "images[4]"}, "1": {"desc": "pattern_6", "image": "images[5]"}, "2": {"desc": "pattern_7", "image": "images[6]"}, "3": {"desc": "pattern_8", "image": "images[7]"}, "4": {"desc": "pattern_9", "image": "images[8]"}}, "initial_stage": "acting", "hide_states": false, "hide_rewards_while_acting": false, "hide_edges_while_acting": false, "gaze_contingent": false, "gaze_tolerance": 1.5, "fixation_lag": 0.5, "start": 0}
2024-09-09 11:35:07,523 [DEBUG]  GraphTrial.log 73.066 show graph 
2024-09-09 11:35:07,542 [DEBUG]  STREAM b'IHDR' 16 13
2024-09-09 11:35:07,542 [DEBUG]  STREAM b'IDAT' 41 65536
2024-09-09 11:35:07,549 [DEBUG]  STREAM b'IHDR' 16 13
2024-09-09 11:35:07,549 [DEBUG]  STREAM b'IDAT' 41 65536
2024-09-09 11:35:07,553 [DEBUG]  STREAM b'IHDR' 16 13
2024-09-09 11:35:07,553 [DEBUG]  STREAM b'IDAT' 41 65536
2024-09-09 11:35:07,557 [DEBUG]  STREAM b'IHDR' 16 13
2024-09-09 11:35:07,557 [DEBUG]  STREAM b'IDAT' 41 65536
2024-09-09 11:35:07,566 [DEBUG]  STREAM b'IHDR' 16 13
2024-09-09 11:35:07,566 [DEBUG]  STREAM b'IDAT' 41 65536
2024-09-09 11:35:07,570 [DEBUG]  STREAM b'IHDR' 16 13
2024-09-09 11:35:07,570 [DEBUG]  STREAM b'IDAT' 41 65536
2024-09-09 11:35:07,575 [DEBUG]  STREAM b'IHDR' 16 13
2024-09-09 11:35:07,575 [DEBUG]  STREAM b'IDAT' 41 65536
2024-09-09 11:35:07,579 [DEBUG]  STREAM b'IHDR' 16 13
2024-09-09 11:35:07,579 [DEBUG]  STREAM b'IDAT' 41 65536
2024-09-09 11:35:07,587 [DEBUG]  STREAM b'IHDR' 16 13
2024-09-09 11:35:07,587 [DEBUG]  STREAM b'IDAT' 41 65536
2024-09-09 11:35:07,592 [DEBUG]  STREAM b'IHDR' 16 13
2024-09-09 11:35:07,592 [DEBUG]  STREAM b'IDAT' 41 65536
2024-09-09 11:35:07,596 [DEBUG]  STREAM b'IHDR' 16 13
2024-09-09 11:35:07,597 [DEBUG]  STREAM b'IDAT' 41 65536
2024-09-09 11:35:07,601 [DEBUG]  STREAM b'IHDR' 16 13
2024-09-09 11:35:07,601 [DEBUG]  STREAM b'IDAT' 41 65536
2024-09-09 11:35:07,609 [DEBUG]  STREAM b'IHDR' 16 13
2024-09-09 11:35:07,609 [DEBUG]  STREAM b'IDAT' 41 65536
2024-09-09 11:35:07,614 [DEBUG]  STREAM b'IHDR' 16 13
2024-09-09 11:35:07,614 [DEBUG]  STREAM b'IDAT' 41 65536
2024-09-09 11:35:07,618 [DEBUG]  STREAM b'IHDR' 16 13
2024-09-09 11:35:07,618 [DEBUG]  STREAM b'IDAT' 41 65536
2024-09-09 11:35:07,623 [DEBUG]  STREAM b'IHDR' 16 13
2024-09-09 11:35:07,623 [DEBUG]  STREAM b'IDAT' 41 65536
2024-09-09 11:35:07,631 [DEBUG]  STREAM b'IHDR' 16 13
2024-09-09 11:35:07,631 [DEBUG]  STREAM b'IDAT' 41 65536
2024-09-09 11:35:07,635 [DEBUG]  STREAM b'IHDR' 16 13
2024-09-09 11:35:07,635 [DEBUG]  STREAM b'IDAT' 41 65536
2024-09-09 11:35:07,639 [DEBUG]  STREAM b'IHDR' 16 13
2024-09-09 11:35:07,639 [DEBUG]  STREAM b'IDAT' 41 65536
2024-09-09 11:35:07,643 [DEBUG]  STREAM b'IHDR' 16 13
2024-09-09 11:35:07,643 [DEBUG]  STREAM b'IDAT' 41 65536
2024-09-09 11:35:07,651 [DEBUG]  STREAM b'IHDR' 16 13
2024-09-09 11:35:07,651 [DEBUG]  STREAM b'IDAT' 41 65536
2024-09-09 11:35:07,655 [DEBUG]  STREAM b'IHDR' 16 13
2024-09-09 11:35:07,655 [DEBUG]  STREAM b'IDAT' 41 65536
2024-09-09 11:35:07,659 [DEBUG]  STREAM b'IHDR' 16 13
2024-09-09 11:35:07,659 [DEBUG]  STREAM b'IDAT' 41 65536
2024-09-09 11:35:07,663 [DEBUG]  STREAM b'IHDR' 16 13
2024-09-09 11:35:07,663 [DEBUG]  STREAM b'IDAT' 41 65536
2024-09-09 11:35:07,671 [DEBUG]  STREAM b'IHDR' 16 13
2024-09-09 11:35:07,671 [DEBUG]  STREAM b'IDAT' 41 65536
2024-09-09 11:35:07,675 [DEBUG]  STREAM b'IHDR' 16 13
2024-09-09 11:35:07,675 [DEBUG]  STREAM b'IDAT' 41 65536
2024-09-09 11:35:07,679 [DEBUG]  STREAM b'IHDR' 16 13
2024-09-09 11:35:07,679 [DEBUG]  STREAM b'IDAT' 41 65536
2024-09-09 11:35:07,683 [DEBUG]  STREAM b'IHDR' 16 13
2024-09-09 11:35:07,683 [DEBUG]  STREAM b'IDAT' 41 65536
2024-09-09 11:35:07,691 [DEBUG]  STREAM b'IHDR' 16 13
2024-09-09 11:35:07,691 [DEBUG]  STREAM b'IDAT' 41 65536
2024-09-09 11:35:07,695 [DEBUG]  STREAM b'IHDR' 16 13
2024-09-09 11:35:07,695 [DEBUG]  STREAM b'IDAT' 41 65536
2024-09-09 11:35:07,699 [DEBUG]  STREAM b'IHDR' 16 13
2024-09-09 11:35:07,699 [DEBUG]  STREAM b'IDAT' 41 65536
2024-09-09 11:35:07,703 [DEBUG]  STREAM b'IHDR' 16 13
2024-09-09 11:35:07,703 [DEBUG]  STREAM b'IDAT' 41 65536
2024-09-09 11:35:07,711 [DEBUG]  STREAM b'IHDR' 16 13
2024-09-09 11:35:07,711 [DEBUG]  STREAM b'IDAT' 41 65536
2024-09-09 11:35:07,715 [DEBUG]  STREAM b'IHDR' 16 13
2024-09-09 11:35:07,715 [DEBUG]  STREAM b'IDAT' 41 65536
2024-09-09 11:35:07,719 [DEBUG]  STREAM b'IHDR' 16 13
2024-09-09 11:35:07,719 [DEBUG]  STREAM b'IDAT' 41 65536
2024-09-09 11:35:07,723 [DEBUG]  STREAM b'IHDR' 16 13
2024-09-09 11:35:07,723 [DEBUG]  STREAM b'IDAT' 41 65536
2024-09-09 11:35:07,731 [DEBUG]  STREAM b'IHDR' 16 13
2024-09-09 11:35:07,731 [DEBUG]  STREAM b'IDAT' 41 65536
2024-09-09 11:35:07,735 [DEBUG]  STREAM b'IHDR' 16 13
2024-09-09 11:35:07,735 [DEBUG]  STREAM b'IDAT' 41 65536
2024-09-09 11:35:07,739 [DEBUG]  STREAM b'IHDR' 16 13
2024-09-09 11:35:07,739 [DEBUG]  STREAM b'IDAT' 41 65536
2024-09-09 11:35:07,743 [DEBUG]  STREAM b'IHDR' 16 13
2024-09-09 11:35:07,743 [DEBUG]  STREAM b'IDAT' 41 65536
2024-09-09 11:35:07,750 [DEBUG]  STREAM b'IHDR' 16 13
2024-09-09 11:35:07,750 [DEBUG]  STREAM b'IDAT' 41 65536
2024-09-09 11:35:07,755 [DEBUG]  STREAM b'IHDR' 16 13
2024-09-09 11:35:07,755 [DEBUG]  STREAM b'IDAT' 41 65536
2024-09-09 11:35:07,759 [DEBUG]  STREAM b'IHDR' 16 13
2024-09-09 11:35:07,759 [DEBUG]  STREAM b'IDAT' 41 65536
2024-09-09 11:35:07,763 [DEBUG]  STREAM b'IHDR' 16 13
2024-09-09 11:35:07,763 [DEBUG]  STREAM b'IDAT' 41 65536
2024-09-09 11:35:07,768 [DEBUG]  message: In this game, you will see these diamonds. (None)
2024-09-09 11:35:16,495 [DEBUG]  message: Specifically, you want the ones that look like those. These earn you points.  (None)
2024-09-09 11:35:24,878 [DEBUG]  message: The diamonds look like those are bad. They take away points! (None)
2024-09-09 11:35:31,340 [DEBUG]  message: The diamonds that with four edges are natual. You won't gain or loss any point! (None)
2024-09-09 11:35:41,497 [DEBUG]  message: Take you time to remeber how much each item worth! (None)
2024-09-09 11:36:00,661 [INFO]  begin learn
2024-09-09 11:36:00,661 [DEBUG]  message: Now, let's see if you can identify which item have higher value. (None)
2024-09-09 11:36:02,305 [DEBUG]  message: You need to get 8 trials correct out of 10 before you can start the main tasks. (None)
2024-09-09 11:36:04,097 [INFO]  begin trial {"kind": "GraphTrial", "graph": [[], [], [], [], [], [], [10, 2], [], [], [], []], "rewards": [null, null, 2, null, null, null, null, null, null, null, 4], "reward_info": {"-4": {"desc": "pattern_1", "image": "images[0]"}, "-3": {"desc": "pattern_2", "image": "images[1]"}, "-2": {"desc": "pattern_3", "image": "images[2]"}, "-1": {"desc": "pattern_4", "image": "images[3]"}, "0": {"desc": "pattern_5", "image": "images[4]"}, "1": {"desc": "pattern_6", "image": "images[5]"}, "2": {"desc": "pattern_7", "image": "images[6]"}, "3": {"desc": "pattern_8", "image": "images[7]"}, "4": {"desc": "pattern_9", "image": "images[8]"}}, "initial_stage": "planning", "hide_states": false, "hide_rewards_while_acting": false, "hide_edges_while_acting": false, "gaze_contingent": false, "gaze_tolerance": 1.5, "fixation_lag": 0.5, "start": 6}
2024-09-09 11:36:04,097 [DEBUG]  GraphTrial.log 129.640 begin space 
2024-09-09 11:36:04,697 [DEBUG]  GraphTrial.log 130.240 initialize status = ok
2024-09-09 11:36:04,697 [DEBUG]  GraphTrial.log 130.240 show graph 
2024-09-09 11:36:04,707 [DEBUG]  STREAM b'IHDR' 16 13
2024-09-09 11:36:04,707 [DEBUG]  STREAM b'IDAT' 41 65536
2024-09-09 11:36:04,712 [DEBUG]  STREAM b'IHDR' 16 13
2024-09-09 11:36:04,712 [DEBUG]  STREAM b'IDAT' 41 65536
2024-09-09 11:36:04,716 [DEBUG]  STREAM b'IHDR' 16 13
2024-09-09 11:36:04,716 [DEBUG]  STREAM b'IDAT' 41 65536
2024-09-09 11:36:04,721 [DEBUG]  STREAM b'IHDR' 16 13
2024-09-09 11:36:04,721 [DEBUG]  STREAM b'IDAT' 41 65536
2024-09-09 11:36:04,748 [DEBUG]  STREAM b'IHDR' 16 13
2024-09-09 11:36:04,748 [DEBUG]  STREAM b'IDAT' 41 65536
2024-09-09 11:36:04,753 [DEBUG]  STREAM b'IHDR' 16 13
2024-09-09 11:36:04,753 [DEBUG]  STREAM b'IDAT' 41 65536
2024-09-09 11:36:04,757 [DEBUG]  STREAM b'IHDR' 16 13
2024-09-09 11:36:04,757 [DEBUG]  STREAM b'IDAT' 41 65536
2024-09-09 11:36:04,762 [DEBUG]  STREAM b'IHDR' 16 13
2024-09-09 11:36:04,762 [DEBUG]  STREAM b'IDAT' 41 65536
2024-09-09 11:36:04,769 [DEBUG]  GraphTrial.log 130.311 visit state = 6
2024-09-09 11:36:04,774 [DEBUG]  GraphTrial.log 130.316 start flip_time = 130.3162912916664
2024-09-09 11:36:04,779 [DEBUG]  GraphTrial.log 130.321 get move selected = 10
2024-09-09 11:36:06,249 [DEBUG]  GraphTrial.log 131.792 select selected = 10
2024-09-09 11:36:06,249 [DEBUG]  GraphTrial.log 131.792 visit state = 10
2024-09-09 11:36:08,108 [DEBUG]  GraphTrial.log 133.650 done 
2024-09-09 11:36:08,108 [INFO]  end trial [{"time": 129.63979162500027, "event": "begin space"}, {"time": 130.23957666666638, "event": "initialize", "status": "ok"}, {"time": 130.23964766666677, "event": "show graph"}, {"time": 130.31116608333332, "event": "visit", "state": 6}, {"time": 130.31633624999995, "event": "start", "flip_time": 130.3162912916664}, {"time": 130.32107041666677, "event": "get move", "selected": 10}, {"time": 131.79175741666677, "event": "select", "selected": 10}, {"time": 131.79179650000015, "event": "visit", "state": 10}, {"time": 133.65037695833325, "event": "done"}]
2024-09-09 11:36:08,108 [DEBUG]  message: You've successfully passed 1 out of 10 trials. (None)
2024-09-09 11:36:08,112 [INFO]  begin trial {"kind": "GraphTrial", "graph": [[], [], [], [], [], [], [], [], [7, 1], [], []], "rewards": [null, 4, null, null, null, null, null, 0, null, null, null], "reward_info": {"-4": {"desc": "pattern_1", "image": "images[0]"}, "-3": {"desc": "pattern_2", "image": "images[1]"}, "-2": {"desc": "pattern_3", "image": "images[2]"}, "-1": {"desc": "pattern_4", "image": "images[3]"}, "0": {"desc": "pattern_5", "image": "images[4]"}, "1": {"desc": "pattern_6", "image": "images[5]"}, "2": {"desc": "pattern_7", "image": "images[6]"}, "3": {"desc": "pattern_8", "image": "images[7]"}, "4": {"desc": "pattern_9", "image": "images[8]"}}, "initial_stage": "planning", "hide_states": false, "hide_rewards_while_acting": false, "hide_edges_while_acting": false, "gaze_contingent": false, "gaze_tolerance": 1.5, "fixation_lag": 0.5, "start": 8}
2024-09-09 11:36:08,112 [DEBUG]  GraphTrial.log 133.655 begin space 
2024-09-09 11:36:09,593 [DEBUG]  GraphTrial.log 135.136 initialize status = ok
2024-09-09 11:36:09,594 [DEBUG]  GraphTrial.log 135.136 show graph 
2024-09-09 11:36:09,600 [DEBUG]  STREAM b'IHDR' 16 13
2024-09-09 11:36:09,600 [DEBUG]  STREAM b'IDAT' 41 65536
2024-09-09 11:36:09,605 [DEBUG]  STREAM b'IHDR' 16 13
2024-09-09 11:36:09,605 [DEBUG]  STREAM b'IDAT' 41 65536
2024-09-09 11:36:09,610 [DEBUG]  STREAM b'IHDR' 16 13
2024-09-09 11:36:09,610 [DEBUG]  STREAM b'IDAT' 41 65536
2024-09-09 11:36:09,614 [DEBUG]  STREAM b'IHDR' 16 13
2024-09-09 11:36:09,614 [DEBUG]  STREAM b'IDAT' 41 65536
2024-09-09 11:36:09,637 [DEBUG]  STREAM b'IHDR' 16 13
2024-09-09 11:36:09,637 [DEBUG]  STREAM b'IDAT' 41 65536
2024-09-09 11:36:09,641 [DEBUG]  STREAM b'IHDR' 16 13
2024-09-09 11:36:09,641 [DEBUG]  STREAM b'IDAT' 41 65536
2024-09-09 11:36:09,645 [DEBUG]  STREAM b'IHDR' 16 13
2024-09-09 11:36:09,645 [DEBUG]  STREAM b'IDAT' 41 65536
2024-09-09 11:36:09,649 [DEBUG]  STREAM b'IHDR' 16 13
2024-09-09 11:36:09,649 [DEBUG]  STREAM b'IDAT' 41 65536
2024-09-09 11:36:09,665 [DEBUG]  GraphTrial.log 135.207 visit state = 8
2024-09-09 11:36:09,670 [DEBUG]  GraphTrial.log 135.213 start flip_time = 135.21257779166672
2024-09-09 11:36:09,675 [DEBUG]  GraphTrial.log 135.217 get move selected = 7
2024-09-09 11:36:10,810 [DEBUG]  GraphTrial.log 136.353 switch selected = 1
2024-09-09 11:36:12,625 [DEBUG]  GraphTrial.log 138.167 select selected = 1
2024-09-09 11:36:12,625 [DEBUG]  GraphTrial.log 138.168 visit state = 1
2024-09-09 11:36:14,507 [DEBUG]  GraphTrial.log 140.049 done 
2024-09-09 11:36:14,507 [INFO]  end trial [{"time": 133.65458908333312, "event": "begin space"}, {"time": 135.1357997916666, "event": "initialize", "status": "ok"}, {"time": 135.1358505000003, "event": "show graph"}, {"time": 135.2068964166665, "event": "visit", "state": 8}, {"time": 135.2126360000002, "event": "start", "flip_time": 135.21257779166672}, {"time": 135.2172323333334, "event": "get move", "selected": 7}, {"time": 136.3525622916668, "event": "switch", "selected": 1}, {"time": 138.16746275000014, "event": "select", "selected": 1}, {"time": 138.16750408333337, "event": "visit", "state": 1}, {"time": 140.04932899999994, "event": "done"}]
2024-09-09 11:36:14,507 [DEBUG]  message: You've successfully passed 2 out of 10 trials. (None)
2024-09-09 11:36:14,518 [INFO]  begin trial {"kind": "GraphTrial", "graph": [[], [], [], [], [], [], [], [], [2, 6], [], []], "rewards": [null, null, 3, null, null, null, -1, null, null, null, null], "reward_info": {"-4": {"desc": "pattern_1", "image": "images[0]"}, "-3": {"desc": "pattern_2", "image": "images[1]"}, "-2": {"desc": "pattern_3", "image": "images[2]"}, "-1": {"desc": "pattern_4", "image": "images[3]"}, "0": {"desc": "pattern_5", "image": "images[4]"}, "1": {"desc": "pattern_6", "image": "images[5]"}, "2": {"desc": "pattern_7", "image": "images[6]"}, "3": {"desc": "pattern_8", "image": "images[7]"}, "4": {"desc": "pattern_9", "image": "images[8]"}}, "initial_stage": "planning", "hide_states": false, "hide_rewards_while_acting": false, "hide_edges_while_acting": false, "gaze_contingent": false, "gaze_tolerance": 1.5, "fixation_lag": 0.5, "start": 8}
2024-09-09 11:36:14,518 [DEBUG]  GraphTrial.log 140.061 begin space 
2024-09-09 11:36:15,138 [DEBUG]  GraphTrial.log 140.680 initialize status = ok
2024-09-09 11:36:15,138 [DEBUG]  GraphTrial.log 140.680 show graph 
2024-09-09 11:36:15,148 [DEBUG]  STREAM b'IHDR' 16 13
2024-09-09 11:36:15,148 [DEBUG]  STREAM b'IDAT' 41 65536
2024-09-09 11:36:15,153 [DEBUG]  STREAM b'IHDR' 16 13
2024-09-09 11:36:15,153 [DEBUG]  STREAM b'IDAT' 41 65536
2024-09-09 11:36:15,157 [DEBUG]  STREAM b'IHDR' 16 13
2024-09-09 11:36:15,157 [DEBUG]  STREAM b'IDAT' 41 65536
2024-09-09 11:36:15,162 [DEBUG]  STREAM b'IHDR' 16 13
2024-09-09 11:36:15,162 [DEBUG]  STREAM b'IDAT' 41 65536
2024-09-09 11:36:15,178 [DEBUG]  STREAM b'IHDR' 16 13
2024-09-09 11:36:15,178 [DEBUG]  STREAM b'IDAT' 41 65536
2024-09-09 11:36:15,182 [DEBUG]  STREAM b'IHDR' 16 13
2024-09-09 11:36:15,182 [DEBUG]  STREAM b'IDAT' 41 65536
2024-09-09 11:36:15,187 [DEBUG]  STREAM b'IHDR' 16 13
2024-09-09 11:36:15,187 [DEBUG]  STREAM b'IDAT' 41 65536
2024-09-09 11:36:15,190 [DEBUG]  STREAM b'IHDR' 16 13
2024-09-09 11:36:15,191 [DEBUG]  STREAM b'IDAT' 41 65536
2024-09-09 11:36:15,209 [DEBUG]  GraphTrial.log 140.751 visit state = 8
2024-09-09 11:36:15,213 [DEBUG]  GraphTrial.log 140.755 start flip_time = 140.75492220833348
2024-09-09 11:36:15,216 [DEBUG]  GraphTrial.log 140.759 get move selected = 6
2024-09-09 11:36:16,658 [DEBUG]  GraphTrial.log 142.201 switch selected = 2
2024-09-09 11:36:17,593 [DEBUG]  GraphTrial.log 143.135 select selected = 2
2024-09-09 11:36:17,593 [DEBUG]  GraphTrial.log 143.135 visit state = 2
2024-09-09 11:36:19,428 [DEBUG]  GraphTrial.log 144.970 done 
2024-09-09 11:36:19,428 [INFO]  end trial [{"time": 140.06065866666677, "event": "begin space"}, {"time": 140.68029024999987, "event": "initialize", "status": "ok"}, {"time": 140.68040262500017, "event": "show graph"}, {"time": 140.7510935833334, "event": "visit", "state": 8}, {"time": 140.75498083333332, "event": "start", "flip_time": 140.75492220833348}, {"time": 140.75850929166654, "event": "get move", "selected": 6}, {"time": 142.20055458333354, "event": "switch", "selected": 2}, {"time": 143.13536412500025, "event": "select", "selected": 2}, {"time": 143.13540650000004, "event": "visit", "state": 2}, {"time": 144.969807125, "event": "done"}]
2024-09-09 11:36:19,428 [DEBUG]  message: You've successfully passed 3 out of 10 trials. (None)
2024-09-09 11:36:19,441 [INFO]  begin trial {"kind": "GraphTrial", "graph": [[10, 3], [], [], [], [], [], [], [], [], [], []], "rewards": [null, null, null, -1, null, null, null, null, null, null, -4], "reward_info": {"-4": {"desc": "pattern_1", "image": "images[0]"}, "-3": {"desc": "pattern_2", "image": "images[1]"}, "-2": {"desc": "pattern_3", "image": "images[2]"}, "-1": {"desc": "pattern_4", "image": "images[3]"}, "0": {"desc": "pattern_5", "image": "images[4]"}, "1": {"desc": "pattern_6", "image": "images[5]"}, "2": {"desc": "pattern_7", "image": "images[6]"}, "3": {"desc": "pattern_8", "image": "images[7]"}, "4": {"desc": "pattern_9", "image": "images[8]"}}, "initial_stage": "planning", "hide_states": false, "hide_rewards_while_acting": false, "hide_edges_while_acting": false, "gaze_contingent": false, "gaze_tolerance": 1.5, "fixation_lag": 0.5, "start": 0}
2024-09-09 11:36:19,441 [DEBUG]  GraphTrial.log 144.984 begin space 
2024-09-09 11:36:19,994 [DEBUG]  GraphTrial.log 145.536 initialize status = ok
2024-09-09 11:36:19,994 [DEBUG]  GraphTrial.log 145.536 show graph 
2024-09-09 11:36:20,006 [DEBUG]  STREAM b'IHDR' 16 13
2024-09-09 11:36:20,006 [DEBUG]  STREAM b'IDAT' 41 65536
2024-09-09 11:36:20,011 [DEBUG]  STREAM b'IHDR' 16 13
2024-09-09 11:36:20,011 [DEBUG]  STREAM b'IDAT' 41 65536
2024-09-09 11:36:20,015 [DEBUG]  STREAM b'IHDR' 16 13
2024-09-09 11:36:20,015 [DEBUG]  STREAM b'IDAT' 41 65536
2024-09-09 11:36:20,019 [DEBUG]  STREAM b'IHDR' 16 13
2024-09-09 11:36:20,019 [DEBUG]  STREAM b'IDAT' 41 65536
2024-09-09 11:36:20,043 [DEBUG]  STREAM b'IHDR' 16 13
2024-09-09 11:36:20,043 [DEBUG]  STREAM b'IDAT' 41 65536
2024-09-09 11:36:20,048 [DEBUG]  STREAM b'IHDR' 16 13
2024-09-09 11:36:20,048 [DEBUG]  STREAM b'IDAT' 41 65536
2024-09-09 11:36:20,052 [DEBUG]  STREAM b'IHDR' 16 13
2024-09-09 11:36:20,052 [DEBUG]  STREAM b'IDAT' 41 65536
2024-09-09 11:36:20,056 [DEBUG]  STREAM b'IHDR' 16 13
2024-09-09 11:36:20,056 [DEBUG]  STREAM b'IDAT' 41 65536
2024-09-09 11:36:20,062 [DEBUG]  GraphTrial.log 145.605 visit state = 0
2024-09-09 11:36:20,067 [DEBUG]  GraphTrial.log 145.609 start flip_time = 145.60856204166657
2024-09-09 11:36:20,074 [DEBUG]  GraphTrial.log 145.616 get move selected = 10
2024-09-09 11:36:21,602 [DEBUG]  GraphTrial.log 147.144 select selected = 10
2024-09-09 11:36:21,602 [DEBUG]  GraphTrial.log 147.144 visit state = 10
2024-09-09 11:36:23,461 [DEBUG]  GraphTrial.log 149.003 done 
2024-09-09 11:36:23,461 [INFO]  end trial [{"time": 144.9837971249999, "event": "begin space"}, {"time": 145.53590279166656, "event": "initialize", "status": "ok"}, {"time": 145.53595866666637, "event": "show graph"}, {"time": 145.60479962499994, "event": "visit", "state": 0}, {"time": 145.60890195833326, "event": "start", "flip_time": 145.60856204166657}, {"time": 145.61648712500028, "event": "get move", "selected": 10}, {"time": 147.14385862500012, "event": "select", "selected": 10}, {"time": 147.1439005000002, "event": "visit", "state": 10}, {"time": 149.00328012499995, "event": "done"}]
2024-09-09 11:36:23,461 [DEBUG]  message: Incorrect, let's try another trial! (None)
2024-09-09 11:36:23,475 [INFO]  begin trial {"kind": "GraphTrial", "graph": [[], [], [8, 10], [], [], [], [], [], [], [], []], "rewards": [null, null, null, null, null, null, null, null, -1, null, 4], "reward_info": {"-4": {"desc": "pattern_1", "image": "images[0]"}, "-3": {"desc": "pattern_2", "image": "images[1]"}, "-2": {"desc": "pattern_3", "image": "images[2]"}, "-1": {"desc": "pattern_4", "image": "images[3]"}, "0": {"desc": "pattern_5", "image": "images[4]"}, "1": {"desc": "pattern_6", "image": "images[5]"}, "2": {"desc": "pattern_7", "image": "images[6]"}, "3": {"desc": "pattern_8", "image": "images[7]"}, "4": {"desc": "pattern_9", "image": "images[8]"}}, "initial_stage": "planning", "hide_states": false, "hide_rewards_while_acting": false, "hide_edges_while_acting": false, "gaze_contingent": false, "gaze_tolerance": 1.5, "fixation_lag": 0.5, "start": 2}
2024-09-09 11:36:23,475 [DEBUG]  GraphTrial.log 149.017 begin space 
2024-09-09 11:36:24,426 [DEBUG]  GraphTrial.log 149.968 initialize status = ok
2024-09-09 11:36:24,426 [DEBUG]  GraphTrial.log 149.968 show graph 
2024-09-09 11:36:24,452 [DEBUG]  STREAM b'IHDR' 16 13
2024-09-09 11:36:24,452 [DEBUG]  STREAM b'IDAT' 41 65536
2024-09-09 11:36:24,457 [DEBUG]  STREAM b'IHDR' 16 13
2024-09-09 11:36:24,457 [DEBUG]  STREAM b'IDAT' 41 65536
2024-09-09 11:36:24,461 [DEBUG]  STREAM b'IHDR' 16 13
2024-09-09 11:36:24,461 [DEBUG]  STREAM b'IDAT' 41 65536
2024-09-09 11:36:24,465 [DEBUG]  STREAM b'IHDR' 16 13
2024-09-09 11:36:24,465 [DEBUG]  STREAM b'IDAT' 41 65536
2024-09-09 11:36:24,475 [DEBUG]  STREAM b'IHDR' 16 13
2024-09-09 11:36:24,475 [DEBUG]  STREAM b'IDAT' 41 65536
2024-09-09 11:36:24,480 [DEBUG]  STREAM b'IHDR' 16 13
2024-09-09 11:36:24,480 [DEBUG]  STREAM b'IDAT' 41 65536
2024-09-09 11:36:24,484 [DEBUG]  STREAM b'IHDR' 16 13
2024-09-09 11:36:24,484 [DEBUG]  STREAM b'IDAT' 41 65536
2024-09-09 11:36:24,488 [DEBUG]  STREAM b'IHDR' 16 13
2024-09-09 11:36:24,489 [DEBUG]  STREAM b'IDAT' 41 65536
2024-09-09 11:36:24,496 [DEBUG]  GraphTrial.log 150.038 visit state = 2
2024-09-09 11:36:24,500 [DEBUG]  GraphTrial.log 150.042 start flip_time = 150.04175250000026
2024-09-09 11:36:24,507 [DEBUG]  GraphTrial.log 150.050 get move selected = 8
2024-09-09 11:36:26,210 [DEBUG]  GraphTrial.log 151.753 switch selected = 10
2024-09-09 11:36:27,241 [DEBUG]  GraphTrial.log 152.784 select selected = 10
2024-09-09 11:36:27,241 [DEBUG]  GraphTrial.log 152.784 visit state = 10
2024-09-09 11:36:29,111 [DEBUG]  GraphTrial.log 154.653 done 
2024-09-09 11:36:29,111 [INFO]  end trial [{"time": 149.01737320833354, "event": "begin space"}, {"time": 149.9678841666664, "event": "initialize", "status": "ok"}, {"time": 149.96793574999992, "event": "show graph"}, {"time": 150.03800220833318, "event": "visit", "state": 2}, {"time": 150.04179741666667, "event": "start", "flip_time": 150.04175250000026}, {"time": 150.04979379166662, "event": "get move", "selected": 8}, {"time": 151.7526020416667, "event": "switch", "selected": 10}, {"time": 152.78366095833326, "event": "select", "selected": 10}, {"time": 152.78370120833324, "event": "visit", "state": 10}, {"time": 154.6533548333332, "event": "done"}]
2024-09-09 11:36:29,111 [DEBUG]  message: You've successfully passed 4 out of 10 trials. (None)
2024-09-09 11:36:29,125 [INFO]  begin trial {"kind": "GraphTrial", "graph": [[], [], [9, 3], [], [], [], [], [], [], [], []], "rewards": [null, null, null, 0, null, null, null, null, null, 1, null], "reward_info": {"-4": {"desc": "pattern_1", "image": "images[0]"}, "-3": {"desc": "pattern_2", "image": "images[1]"}, "-2": {"desc": "pattern_3", "image": "images[2]"}, "-1": {"desc": "pattern_4", "image": "images[3]"}, "0": {"desc": "pattern_5", "image": "images[4]"}, "1": {"desc": "pattern_6", "image": "images[5]"}, "2": {"desc": "pattern_7", "image": "images[6]"}, "3": {"desc": "pattern_8", "image": "images[7]"}, "4": {"desc": "pattern_9", "image": "images[8]"}}, "initial_stage": "planning", "hide_states": false, "hide_rewards_while_acting": false, "hide_edges_while_acting": false, "gaze_contingent": false, "gaze_tolerance": 1.5, "fixation_lag": 0.5, "start": 2}
2024-09-09 11:36:29,125 [DEBUG]  GraphTrial.log 154.667 begin space 
2024-09-09 11:36:30,306 [DEBUG]  GraphTrial.log 155.848 initialize status = ok
2024-09-09 11:36:30,306 [DEBUG]  GraphTrial.log 155.848 show graph 
2024-09-09 11:36:30,318 [DEBUG]  STREAM b'IHDR' 16 13
2024-09-09 11:36:30,318 [DEBUG]  STREAM b'IDAT' 41 65536
2024-09-09 11:36:30,323 [DEBUG]  STREAM b'IHDR' 16 13
2024-09-09 11:36:30,323 [DEBUG]  STREAM b'IDAT' 41 65536
2024-09-09 11:36:30,327 [DEBUG]  STREAM b'IHDR' 16 13
2024-09-09 11:36:30,327 [DEBUG]  STREAM b'IDAT' 41 65536
2024-09-09 11:36:30,331 [DEBUG]  STREAM b'IHDR' 16 13
2024-09-09 11:36:30,331 [DEBUG]  STREAM b'IDAT' 41 65536
2024-09-09 11:36:30,353 [DEBUG]  STREAM b'IHDR' 16 13
2024-09-09 11:36:30,353 [DEBUG]  STREAM b'IDAT' 41 65536
2024-09-09 11:36:30,357 [DEBUG]  STREAM b'IHDR' 16 13
2024-09-09 11:36:30,357 [DEBUG]  STREAM b'IDAT' 41 65536
2024-09-09 11:36:30,361 [DEBUG]  STREAM b'IHDR' 16 13
2024-09-09 11:36:30,361 [DEBUG]  STREAM b'IDAT' 41 65536
2024-09-09 11:36:30,365 [DEBUG]  STREAM b'IHDR' 16 13
2024-09-09 11:36:30,365 [DEBUG]  STREAM b'IDAT' 41 65536
2024-09-09 11:36:30,375 [DEBUG]  GraphTrial.log 155.917 visit state = 2
2024-09-09 11:36:30,381 [DEBUG]  GraphTrial.log 155.923 start flip_time = 155.92293033333317
2024-09-09 11:36:30,386 [DEBUG]  GraphTrial.log 155.928 get move selected = 9
2024-09-09 11:36:32,794 [DEBUG]  GraphTrial.log 158.336 select selected = 9
2024-09-09 11:36:32,794 [DEBUG]  GraphTrial.log 158.336 visit state = 9
2024-09-09 11:36:34,627 [DEBUG]  GraphTrial.log 160.170 done 
2024-09-09 11:36:34,628 [INFO]  end trial [{"time": 154.6673205416664, "event": "begin space"}, {"time": 155.8479236666667, "event": "initialize", "status": "ok"}, {"time": 155.84797454166664, "event": "show graph"}, {"time": 155.9170306666665, "event": "visit", "state": 2}, {"time": 155.92316949999986, "event": "start", "flip_time": 155.92293033333317}, {"time": 155.92784516666643, "event": "get move", "selected": 9}, {"time": 158.33589716666665, "event": "select", "selected": 9}, {"time": 158.33593641666675, "event": "visit", "state": 9}, {"time": 160.16971670833345, "event": "done"}]
2024-09-09 11:36:34,628 [DEBUG]  message: You've successfully passed 5 out of 10 trials. (None)
2024-09-09 11:36:34,641 [INFO]  begin trial {"kind": "GraphTrial", "graph": [[], [3, 0], [], [], [], [], [], [], [], [], []], "rewards": [2, null, null, -1, null, null, null, null, null, null, null], "reward_info": {"-4": {"desc": "pattern_1", "image": "images[0]"}, "-3": {"desc": "pattern_2", "image": "images[1]"}, "-2": {"desc": "pattern_3", "image": "images[2]"}, "-1": {"desc": "pattern_4", "image": "images[3]"}, "0": {"desc": "pattern_5", "image": "images[4]"}, "1": {"desc": "pattern_6", "image": "images[5]"}, "2": {"desc": "pattern_7", "image": "images[6]"}, "3": {"desc": "pattern_8", "image": "images[7]"}, "4": {"desc": "pattern_9", "image": "images[8]"}}, "initial_stage": "planning", "hide_states": false, "hide_rewards_while_acting": false, "hide_edges_while_acting": false, "gaze_contingent": false, "gaze_tolerance": 1.5, "fixation_lag": 0.5, "start": 1}
2024-09-09 11:36:34,642 [DEBUG]  GraphTrial.log 160.184 begin space 
2024-09-09 11:36:35,386 [DEBUG]  GraphTrial.log 160.928 initialize status = ok
2024-09-09 11:36:35,386 [DEBUG]  GraphTrial.log 160.928 show graph 
2024-09-09 11:36:35,389 [DEBUG]  STREAM b'IHDR' 16 13
2024-09-09 11:36:35,389 [DEBUG]  STREAM b'IDAT' 41 65536
2024-09-09 11:36:35,394 [DEBUG]  STREAM b'IHDR' 16 13
2024-09-09 11:36:35,394 [DEBUG]  STREAM b'IDAT' 41 65536
2024-09-09 11:36:35,398 [DEBUG]  STREAM b'IHDR' 16 13
2024-09-09 11:36:35,398 [DEBUG]  STREAM b'IDAT' 41 65536
2024-09-09 11:36:35,403 [DEBUG]  STREAM b'IHDR' 16 13
2024-09-09 11:36:35,403 [DEBUG]  STREAM b'IDAT' 41 65536
2024-09-09 11:36:35,416 [DEBUG]  STREAM b'IHDR' 16 13
2024-09-09 11:36:35,416 [DEBUG]  STREAM b'IDAT' 41 65536
2024-09-09 11:36:35,420 [DEBUG]  STREAM b'IHDR' 16 13
2024-09-09 11:36:35,420 [DEBUG]  STREAM b'IDAT' 41 65536
2024-09-09 11:36:35,424 [DEBUG]  STREAM b'IHDR' 16 13
2024-09-09 11:36:35,424 [DEBUG]  STREAM b'IDAT' 41 65536
2024-09-09 11:36:35,428 [DEBUG]  STREAM b'IHDR' 16 13
2024-09-09 11:36:35,428 [DEBUG]  STREAM b'IDAT' 41 65536
2024-09-09 11:36:35,455 [DEBUG]  GraphTrial.log 160.997 visit state = 1
2024-09-09 11:36:35,459 [DEBUG]  GraphTrial.log 161.001 start flip_time = 161.00096920833312
2024-09-09 11:36:35,462 [DEBUG]  GraphTrial.log 161.004 get move selected = 0
2024-09-09 11:36:36,714 [DEBUG]  GraphTrial.log 162.257 switch selected = 3
2024-09-09 11:36:37,194 [DEBUG]  GraphTrial.log 162.736 switch selected = 0
2024-09-09 11:36:37,873 [DEBUG]  GraphTrial.log 163.416 select selected = 0
2024-09-09 11:36:37,873 [DEBUG]  GraphTrial.log 163.416 visit state = 0
2024-09-09 11:36:39,742 [DEBUG]  GraphTrial.log 165.284 done 
2024-09-09 11:36:39,742 [INFO]  end trial [{"time": 160.18378654166645, "event": "begin space"}, {"time": 160.92787350000026, "event": "initialize", "status": "ok"}, {"time": 160.92792170833354, "event": "show graph"}, {"time": 160.99720950000028, "event": "visit", "state": 1}, {"time": 161.00101575000008, "event": "start", "flip_time": 161.00096920833312}, {"time": 161.00443566666672, "event": "get move", "selected": 0}, {"time": 162.2566712083335, "event": "switch", "selected": 3}, {"time": 162.73618549999992, "event": "switch", "selected": 0}, {"time": 163.41550962500014, "event": "select", "selected": 0}, {"time": 163.41554958333336, "event": "visit", "state": 0}, {"time": 165.2838415416668, "event": "done"}]
2024-09-09 11:36:39,742 [DEBUG]  message: You've successfully passed 6 out of 10 trials. (None)
2024-09-09 11:36:39,751 [INFO]  begin trial {"kind": "GraphTrial", "graph": [[], [], [], [], [], [], [], [], [], [], [4, 2]], "rewards": [null, null, 2, null, -3, null, null, null, null, null, null], "reward_info": {"-4": {"desc": "pattern_1", "image": "images[0]"}, "-3": {"desc": "pattern_2", "image": "images[1]"}, "-2": {"desc": "pattern_3", "image": "images[2]"}, "-1": {"desc": "pattern_4", "image": "images[3]"}, "0": {"desc": "pattern_5", "image": "images[4]"}, "1": {"desc": "pattern_6", "image": "images[5]"}, "2": {"desc": "pattern_7", "image": "images[6]"}, "3": {"desc": "pattern_8", "image": "images[7]"}, "4": {"desc": "pattern_9", "image": "images[8]"}}, "initial_stage": "planning", "hide_states": false, "hide_rewards_while_acting": false, "hide_edges_while_acting": false, "gaze_contingent": false, "gaze_tolerance": 1.5, "fixation_lag": 0.5, "start": 10}
2024-09-09 11:36:39,751 [DEBUG]  GraphTrial.log 165.293 begin space 
2024-09-09 11:36:40,250 [DEBUG]  GraphTrial.log 165.792 initialize status = ok
2024-09-09 11:36:40,250 [DEBUG]  GraphTrial.log 165.792 show graph 
2024-09-09 11:36:40,259 [DEBUG]  STREAM b'IHDR' 16 13
2024-09-09 11:36:40,259 [DEBUG]  STREAM b'IDAT' 41 65536
2024-09-09 11:36:40,264 [DEBUG]  STREAM b'IHDR' 16 13
2024-09-09 11:36:40,264 [DEBUG]  STREAM b'IDAT' 41 65536
2024-09-09 11:36:40,268 [DEBUG]  STREAM b'IHDR' 16 13
2024-09-09 11:36:40,268 [DEBUG]  STREAM b'IDAT' 41 65536
2024-09-09 11:36:40,272 [DEBUG]  STREAM b'IHDR' 16 13
2024-09-09 11:36:40,272 [DEBUG]  STREAM b'IDAT' 41 65536
2024-09-09 11:36:40,283 [DEBUG]  STREAM b'IHDR' 16 13
2024-09-09 11:36:40,283 [DEBUG]  STREAM b'IDAT' 41 65536
2024-09-09 11:36:40,287 [DEBUG]  STREAM b'IHDR' 16 13
2024-09-09 11:36:40,287 [DEBUG]  STREAM b'IDAT' 41 65536
2024-09-09 11:36:40,291 [DEBUG]  STREAM b'IHDR' 16 13
2024-09-09 11:36:40,291 [DEBUG]  STREAM b'IDAT' 41 65536
2024-09-09 11:36:40,295 [DEBUG]  STREAM b'IHDR' 16 13
2024-09-09 11:36:40,295 [DEBUG]  STREAM b'IDAT' 41 65536
2024-09-09 11:36:40,319 [DEBUG]  GraphTrial.log 165.861 visit state = 10
2024-09-09 11:36:40,323 [DEBUG]  GraphTrial.log 165.865 start flip_time = 165.86507766666637
2024-09-09 11:36:40,326 [DEBUG]  GraphTrial.log 165.869 get move selected = 4
2024-09-09 11:36:41,626 [DEBUG]  GraphTrial.log 167.169 switch selected = 2
2024-09-09 11:36:42,321 [DEBUG]  GraphTrial.log 167.863 select selected = 2
2024-09-09 11:36:42,321 [DEBUG]  GraphTrial.log 167.864 visit state = 2
2024-09-09 11:36:44,192 [DEBUG]  GraphTrial.log 169.734 done 
2024-09-09 11:36:44,192 [INFO]  end trial [{"time": 165.29288695833338, "event": "begin space"}, {"time": 165.79187512499993, "event": "initialize", "status": "ok"}, {"time": 165.79192287500018, "event": "show graph"}, {"time": 165.8613205833335, "event": "visit", "state": 10}, {"time": 165.8654203750002, "event": "start", "flip_time": 165.86507766666637}, {"time": 165.86872200000016, "event": "get move", "selected": 4}, {"time": 167.16863837500023, "event": "switch", "selected": 2}, {"time": 167.86348950000001, "event": "select", "selected": 2}, {"time": 167.86353433333352, "event": "visit", "state": 2}, {"time": 169.73388587499994, "event": "done"}]
2024-09-09 11:36:44,192 [DEBUG]  message: You've successfully passed 7 out of 10 trials. (None)
2024-09-09 11:36:44,201 [INFO]  begin trial {"kind": "GraphTrial", "graph": [[], [], [], [], [], [], [], [], [4, 10], [], []], "rewards": [null, null, null, null, 1, null, null, null, null, null, 0], "reward_info": {"-4": {"desc": "pattern_1", "image": "images[0]"}, "-3": {"desc": "pattern_2", "image": "images[1]"}, "-2": {"desc": "pattern_3", "image": "images[2]"}, "-1": {"desc": "pattern_4", "image": "images[3]"}, "0": {"desc": "pattern_5", "image": "images[4]"}, "1": {"desc": "pattern_6", "image": "images[5]"}, "2": {"desc": "pattern_7", "image": "images[6]"}, "3": {"desc": "pattern_8", "image": "images[7]"}, "4": {"desc": "pattern_9", "image": "images[8]"}}, "initial_stage": "planning", "hide_states": false, "hide_rewards_while_acting": false, "hide_edges_while_acting": false, "gaze_contingent": false, "gaze_tolerance": 1.5, "fixation_lag": 0.5, "start": 8}
2024-09-09 11:36:44,201 [DEBUG]  GraphTrial.log 169.743 begin space 
2024-09-09 11:36:45,002 [DEBUG]  GraphTrial.log 170.544 initialize status = ok
2024-09-09 11:36:45,002 [DEBUG]  GraphTrial.log 170.544 show graph 
2024-09-09 11:36:45,017 [DEBUG]  STREAM b'IHDR' 16 13
2024-09-09 11:36:45,017 [DEBUG]  STREAM b'IDAT' 41 65536
2024-09-09 11:36:45,022 [DEBUG]  STREAM b'IHDR' 16 13
2024-09-09 11:36:45,022 [DEBUG]  STREAM b'IDAT' 41 65536
2024-09-09 11:36:45,026 [DEBUG]  STREAM b'IHDR' 16 13
2024-09-09 11:36:45,026 [DEBUG]  STREAM b'IDAT' 41 65536
2024-09-09 11:36:45,030 [DEBUG]  STREAM b'IHDR' 16 13
2024-09-09 11:36:45,030 [DEBUG]  STREAM b'IDAT' 41 65536
2024-09-09 11:36:45,051 [DEBUG]  STREAM b'IHDR' 16 13
2024-09-09 11:36:45,051 [DEBUG]  STREAM b'IDAT' 41 65536
2024-09-09 11:36:45,056 [DEBUG]  STREAM b'IHDR' 16 13
2024-09-09 11:36:45,056 [DEBUG]  STREAM b'IDAT' 41 65536
2024-09-09 11:36:45,060 [DEBUG]  STREAM b'IHDR' 16 13
2024-09-09 11:36:45,060 [DEBUG]  STREAM b'IDAT' 41 65536
2024-09-09 11:36:45,064 [DEBUG]  STREAM b'IHDR' 16 13
2024-09-09 11:36:45,064 [DEBUG]  STREAM b'IDAT' 41 65536
2024-09-09 11:36:45,071 [DEBUG]  GraphTrial.log 170.613 visit state = 8
2024-09-09 11:36:45,074 [DEBUG]  GraphTrial.log 170.617 start flip_time = 170.61665595833347
2024-09-09 11:36:45,078 [DEBUG]  GraphTrial.log 170.620 get move selected = 4
2024-09-09 11:36:45,690 [DEBUG]  GraphTrial.log 171.233 switch selected = 10
2024-09-09 11:36:46,618 [DEBUG]  GraphTrial.log 172.160 switch selected = 4
2024-09-09 11:36:47,393 [DEBUG]  GraphTrial.log 172.935 select selected = 4
2024-09-09 11:36:47,393 [DEBUG]  GraphTrial.log 172.935 visit state = 4
2024-09-09 11:36:49,275 [DEBUG]  GraphTrial.log 174.817 done 
2024-09-09 11:36:49,275 [INFO]  end trial [{"time": 169.7430961250002, "event": "begin space"}, {"time": 170.54391062499963, "event": "initialize", "status": "ok"}, {"time": 170.54395883333336, "event": "show graph"}, {"time": 170.61288149999973, "event": "visit", "state": 8}, {"time": 170.61670229166702, "event": "start", "flip_time": 170.61665595833347}, {"time": 170.62010762499995, "event": "get move", "selected": 4}, {"time": 171.23255787499966, "event": "switch", "selected": 10}, {"time": 172.16045391666694, "event": "switch", "selected": 4}, {"time": 172.93544966666695, "event": "select", "selected": 4}, {"time": 172.93548712499978, "event": "visit", "state": 4}, {"time": 174.81732920833338, "event": "done"}]
2024-09-09 11:36:49,275 [DEBUG]  message: You've successfully passed 8 out of 10 trials. (None)
2024-09-09 11:36:49,280 [DEBUG]  message: Congratulations! You've achieved the required 8 correct trials. (None)
2024-09-09 11:36:52,084 [INFO]  begin practice
2024-09-09 11:36:52,085 [DEBUG]  message: Let's try a few harder practice rounds. (complete 2 practice rounds to continue)
2024-09-09 11:36:52,102 [INFO]  begin trial {"kind": "GraphTrial", "graph": [[], [], [9, 4], [8, 6], [], [], [10, 7], [], [5, 1], [4, 0], []], "rewards": [-2, -1, 3, null, -2, 4, -4, -1, 1, 3, 3], "reward_info": {"-4": {"desc": "pattern_1", "image": "images[0]"}, "-3": {"desc": "pattern_2", "image": "images[1]"}, "-2": {"desc": "pattern_3", "image": "images[2]"}, "-1": {"desc": "pattern_4", "image": "images[3]"}, "0": {"desc": "pattern_5", "image": "images[4]"}, "1": {"desc": "pattern_6", "image": "images[5]"}, "2": {"desc": "pattern_7", "image": "images[6]"}, "3": {"desc": "pattern_8", "image": "images[7]"}, "4": {"desc": "pattern_9", "image": "images[8]"}}, "initial_stage": "planning", "hide_states": false, "hide_rewards_while_acting": false, "hide_edges_while_acting": false, "gaze_contingent": false, "gaze_tolerance": 1.5, "fixation_lag": 0.5, "start": 3}
2024-09-09 11:36:52,102 [DEBUG]  GraphTrial.log 177.644 begin space 
2024-09-09 11:36:53,770 [DEBUG]  GraphTrial.log 179.312 initialize status = ok
2024-09-09 11:36:53,770 [DEBUG]  GraphTrial.log 179.312 show graph 
2024-09-09 11:36:53,773 [DEBUG]  STREAM b'IHDR' 16 13
2024-09-09 11:36:53,774 [DEBUG]  STREAM b'IDAT' 41 65536
2024-09-09 11:36:53,778 [DEBUG]  STREAM b'IHDR' 16 13
2024-09-09 11:36:53,778 [DEBUG]  STREAM b'IDAT' 41 65536
2024-09-09 11:36:53,782 [DEBUG]  STREAM b'IHDR' 16 13
2024-09-09 11:36:53,782 [DEBUG]  STREAM b'IDAT' 41 65536
2024-09-09 11:36:53,786 [DEBUG]  STREAM b'IHDR' 16 13
2024-09-09 11:36:53,786 [DEBUG]  STREAM b'IDAT' 41 65536
2024-09-09 11:36:53,794 [DEBUG]  STREAM b'IHDR' 16 13
2024-09-09 11:36:53,794 [DEBUG]  STREAM b'IDAT' 41 65536
2024-09-09 11:36:53,798 [DEBUG]  STREAM b'IHDR' 16 13
2024-09-09 11:36:53,798 [DEBUG]  STREAM b'IDAT' 41 65536
2024-09-09 11:36:53,802 [DEBUG]  STREAM b'IHDR' 16 13
2024-09-09 11:36:53,802 [DEBUG]  STREAM b'IDAT' 41 65536
2024-09-09 11:36:53,806 [DEBUG]  STREAM b'IHDR' 16 13
2024-09-09 11:36:53,806 [DEBUG]  STREAM b'IDAT' 41 65536
2024-09-09 11:36:53,813 [DEBUG]  STREAM b'IHDR' 16 13
2024-09-09 11:36:53,813 [DEBUG]  STREAM b'IDAT' 41 65536
2024-09-09 11:36:53,818 [DEBUG]  STREAM b'IHDR' 16 13
2024-09-09 11:36:53,818 [DEBUG]  STREAM b'IDAT' 41 65536
2024-09-09 11:36:53,822 [DEBUG]  STREAM b'IHDR' 16 13
2024-09-09 11:36:53,822 [DEBUG]  STREAM b'IDAT' 41 65536
2024-09-09 11:36:53,826 [DEBUG]  STREAM b'IHDR' 16 13
2024-09-09 11:36:53,827 [DEBUG]  STREAM b'IDAT' 41 65536
2024-09-09 11:36:53,837 [DEBUG]  STREAM b'IHDR' 16 13
2024-09-09 11:36:53,837 [DEBUG]  STREAM b'IDAT' 41 65536
2024-09-09 11:36:53,841 [DEBUG]  STREAM b'IHDR' 16 13
2024-09-09 11:36:53,841 [DEBUG]  STREAM b'IDAT' 41 65536
2024-09-09 11:36:53,845 [DEBUG]  STREAM b'IHDR' 16 13
2024-09-09 11:36:53,845 [DEBUG]  STREAM b'IDAT' 41 65536
2024-09-09 11:36:53,849 [DEBUG]  STREAM b'IHDR' 16 13
2024-09-09 11:36:53,849 [DEBUG]  STREAM b'IDAT' 41 65536
2024-09-09 11:36:53,857 [DEBUG]  STREAM b'IHDR' 16 13
2024-09-09 11:36:53,857 [DEBUG]  STREAM b'IDAT' 41 65536
2024-09-09 11:36:53,861 [DEBUG]  STREAM b'IHDR' 16 13
2024-09-09 11:36:53,861 [DEBUG]  STREAM b'IDAT' 41 65536
2024-09-09 11:36:53,866 [DEBUG]  STREAM b'IHDR' 16 13
2024-09-09 11:36:53,866 [DEBUG]  STREAM b'IDAT' 41 65536
2024-09-09 11:36:53,870 [DEBUG]  STREAM b'IHDR' 16 13
2024-09-09 11:36:53,870 [DEBUG]  STREAM b'IDAT' 41 65536
2024-09-09 11:36:53,878 [DEBUG]  STREAM b'IHDR' 16 13
2024-09-09 11:36:53,878 [DEBUG]  STREAM b'IDAT' 41 65536
2024-09-09 11:36:53,882 [DEBUG]  STREAM b'IHDR' 16 13
2024-09-09 11:36:53,882 [DEBUG]  STREAM b'IDAT' 41 65536
2024-09-09 11:36:53,886 [DEBUG]  STREAM b'IHDR' 16 13
2024-09-09 11:36:53,886 [DEBUG]  STREAM b'IDAT' 41 65536
2024-09-09 11:36:53,890 [DEBUG]  STREAM b'IHDR' 16 13
2024-09-09 11:36:53,890 [DEBUG]  STREAM b'IDAT' 41 65536
2024-09-09 11:36:53,897 [DEBUG]  STREAM b'IHDR' 16 13
2024-09-09 11:36:53,897 [DEBUG]  STREAM b'IDAT' 41 65536
2024-09-09 11:36:53,901 [DEBUG]  STREAM b'IHDR' 16 13
2024-09-09 11:36:53,901 [DEBUG]  STREAM b'IDAT' 41 65536
2024-09-09 11:36:53,905 [DEBUG]  STREAM b'IHDR' 16 13
2024-09-09 11:36:53,905 [DEBUG]  STREAM b'IDAT' 41 65536
2024-09-09 11:36:53,909 [DEBUG]  STREAM b'IHDR' 16 13
2024-09-09 11:36:53,909 [DEBUG]  STREAM b'IDAT' 41 65536
2024-09-09 11:36:53,916 [DEBUG]  STREAM b'IHDR' 16 13
2024-09-09 11:36:53,916 [DEBUG]  STREAM b'IDAT' 41 65536
2024-09-09 11:36:53,921 [DEBUG]  STREAM b'IHDR' 16 13
2024-09-09 11:36:53,921 [DEBUG]  STREAM b'IDAT' 41 65536
2024-09-09 11:36:53,925 [DEBUG]  STREAM b'IHDR' 16 13
2024-09-09 11:36:53,925 [DEBUG]  STREAM b'IDAT' 41 65536
2024-09-09 11:36:53,929 [DEBUG]  STREAM b'IHDR' 16 13
2024-09-09 11:36:53,929 [DEBUG]  STREAM b'IDAT' 41 65536
2024-09-09 11:36:53,936 [DEBUG]  STREAM b'IHDR' 16 13
2024-09-09 11:36:53,936 [DEBUG]  STREAM b'IDAT' 41 65536
2024-09-09 11:36:53,940 [DEBUG]  STREAM b'IHDR' 16 13
2024-09-09 11:36:53,940 [DEBUG]  STREAM b'IDAT' 41 65536
2024-09-09 11:36:53,945 [DEBUG]  STREAM b'IHDR' 16 13
2024-09-09 11:36:53,945 [DEBUG]  STREAM b'IDAT' 41 65536
2024-09-09 11:36:53,949 [DEBUG]  STREAM b'IHDR' 16 13
2024-09-09 11:36:53,949 [DEBUG]  STREAM b'IDAT' 41 65536
2024-09-09 11:36:53,957 [DEBUG]  STREAM b'IHDR' 16 13
2024-09-09 11:36:53,957 [DEBUG]  STREAM b'IDAT' 41 65536
2024-09-09 11:36:53,961 [DEBUG]  STREAM b'IHDR' 16 13
2024-09-09 11:36:53,961 [DEBUG]  STREAM b'IDAT' 41 65536
2024-09-09 11:36:53,966 [DEBUG]  STREAM b'IHDR' 16 13
2024-09-09 11:36:53,966 [DEBUG]  STREAM b'IDAT' 41 65536
2024-09-09 11:36:53,970 [DEBUG]  STREAM b'IHDR' 16 13
2024-09-09 11:36:53,970 [DEBUG]  STREAM b'IDAT' 41 65536
2024-09-09 11:36:53,984 [DEBUG]  GraphTrial.log 179.526 visit state = 3
2024-09-09 11:36:53,992 [DEBUG]  GraphTrial.log 179.534 start flip_time = 179.53434266666682
2024-09-09 11:36:53,999 [DEBUG]  GraphTrial.log 179.541 get move selected = 6
2024-09-09 11:36:54,746 [DEBUG]  GraphTrial.log 180.289 switch selected = 8
2024-09-09 11:36:56,914 [DEBUG]  GraphTrial.log 182.456 switch selected = 6
2024-09-09 11:36:57,346 [DEBUG]  GraphTrial.log 182.888 switch selected = 8
2024-09-09 11:36:59,594 [DEBUG]  GraphTrial.log 185.136 switch selected = 6
2024-09-09 11:37:00,458 [DEBUG]  GraphTrial.log 186.000 switch selected = 8
2024-09-09 11:37:00,770 [DEBUG]  GraphTrial.log 186.312 switch selected = 6
2024-09-09 11:37:01,290 [DEBUG]  GraphTrial.log 186.832 switch selected = 8
2024-09-09 11:37:02,242 [DEBUG]  GraphTrial.log 187.784 switch selected = 6
2024-09-09 11:37:05,418 [DEBUG]  GraphTrial.log 190.960 switch selected = 8
2024-09-09 11:37:06,137 [DEBUG]  GraphTrial.log 191.679 select selected = 8
2024-09-09 11:37:06,137 [DEBUG]  GraphTrial.log 191.679 visit state = 8
2024-09-09 11:37:06,158 [DEBUG]  GraphTrial.log 191.701 get move selected = 1
2024-09-09 11:37:07,034 [DEBUG]  GraphTrial.log 192.576 switch selected = 5
2024-09-09 11:37:07,753 [DEBUG]  GraphTrial.log 193.295 select selected = 5
2024-09-09 11:37:07,753 [DEBUG]  GraphTrial.log 193.296 visit state = 5
2024-09-09 11:37:09,625 [DEBUG]  GraphTrial.log 195.167 done 
2024-09-09 11:37:09,625 [INFO]  end trial [{"time": 177.64444129166668, "event": "begin space"}, {"time": 179.31179324999994, "event": "initialize", "status": "ok"}, {"time": 179.3118508333332, "event": "show graph"}, {"time": 179.52632716666676, "event": "visit", "state": 3}, {"time": 179.53441337499999, "event": "start", "flip_time": 179.53434266666682}, {"time": 179.54120716666694, "event": "get move", "selected": 6}, {"time": 180.28866058333324, "event": "switch", "selected": 8}, {"time": 182.45648737500005, "event": "switch", "selected": 6}, {"time": 182.88830183333312, "event": "switch", "selected": 8}, {"time": 185.13638220833354, "event": "switch", "selected": 6}, {"time": 186.0003504583333, "event": "switch", "selected": 8}, {"time": 186.31204729166666, "event": "switch", "selected": 6}, {"time": 186.83211229166682, "event": "switch", "selected": 8}, {"time": 187.78433220833313, "event": "switch", "selected": 6}, {"time": 190.96035220833346, "event": "switch", "selected": 8}, {"time": 191.67935495833353, "event": "select", "selected": 8}, {"time": 191.67939366666678, "event": "visit", "state": 8}, {"time": 191.7005235833335, "event": "get move", "selected": 1}, {"time": 192.57618754166697, "event": "switch", "selected": 5}, {"time": 193.29548399999976, "event": "select", "selected": 5}, {"time": 193.29552216666661, "event": "visit", "state": 5}, {"time": 195.16693612499967, "event": "done"}]
2024-09-09 11:37:09,625 [DEBUG]  message: Let's try a few harder practice rounds. (complete 1 practice rounds to continue)
2024-09-09 11:37:09,633 [INFO]  begin trial {"kind": "GraphTrial", "graph": [[4, 9], [], [1, 8], [], [7, 6], [], [], [], [], [3, 5], [2, 1]], "rewards": [null, -3, -3, 1, 3, 3, 3, 4, 3, 1, -3], "reward_info": {"-4": {"desc": "pattern_1", "image": "images[0]"}, "-3": {"desc": "pattern_2", "image": "images[1]"}, "-2": {"desc": "pattern_3", "image": "images[2]"}, "-1": {"desc": "pattern_4", "image": "images[3]"}, "0": {"desc": "pattern_5", "image": "images[4]"}, "1": {"desc": "pattern_6", "image": "images[5]"}, "2": {"desc": "pattern_7", "image": "images[6]"}, "3": {"desc": "pattern_8", "image": "images[7]"}, "4": {"desc": "pattern_9", "image": "images[8]"}}, "initial_stage": "planning", "hide_states": false, "hide_rewards_while_acting": false, "hide_edges_while_acting": false, "gaze_contingent": false, "gaze_tolerance": 1.5, "fixation_lag": 0.5, "start": 0}
2024-09-09 11:37:09,633 [DEBUG]  GraphTrial.log 195.175 begin space 
2024-09-09 11:37:10,498 [DEBUG]  GraphTrial.log 196.040 initialize status = ok
2024-09-09 11:37:10,498 [DEBUG]  GraphTrial.log 196.040 show graph 
2024-09-09 11:37:10,504 [DEBUG]  STREAM b'IHDR' 16 13
2024-09-09 11:37:10,504 [DEBUG]  STREAM b'IDAT' 41 65536
2024-09-09 11:37:10,509 [DEBUG]  STREAM b'IHDR' 16 13
2024-09-09 11:37:10,509 [DEBUG]  STREAM b'IDAT' 41 65536
2024-09-09 11:37:10,513 [DEBUG]  STREAM b'IHDR' 16 13
2024-09-09 11:37:10,513 [DEBUG]  STREAM b'IDAT' 41 65536
2024-09-09 11:37:10,517 [DEBUG]  STREAM b'IHDR' 16 13
2024-09-09 11:37:10,517 [DEBUG]  STREAM b'IDAT' 41 65536
2024-09-09 11:37:10,525 [DEBUG]  STREAM b'IHDR' 16 13
2024-09-09 11:37:10,525 [DEBUG]  STREAM b'IDAT' 41 65536
2024-09-09 11:37:10,529 [DEBUG]  STREAM b'IHDR' 16 13
2024-09-09 11:37:10,529 [DEBUG]  STREAM b'IDAT' 41 65536
2024-09-09 11:37:10,533 [DEBUG]  STREAM b'IHDR' 16 13
2024-09-09 11:37:10,533 [DEBUG]  STREAM b'IDAT' 41 65536
2024-09-09 11:37:10,537 [DEBUG]  STREAM b'IHDR' 16 13
2024-09-09 11:37:10,537 [DEBUG]  STREAM b'IDAT' 41 65536
2024-09-09 11:37:10,544 [DEBUG]  STREAM b'IHDR' 16 13
2024-09-09 11:37:10,544 [DEBUG]  STREAM b'IDAT' 41 65536
2024-09-09 11:37:10,548 [DEBUG]  STREAM b'IHDR' 16 13
2024-09-09 11:37:10,548 [DEBUG]  STREAM b'IDAT' 41 65536
2024-09-09 11:37:10,552 [DEBUG]  STREAM b'IHDR' 16 13
2024-09-09 11:37:10,552 [DEBUG]  STREAM b'IDAT' 41 65536
2024-09-09 11:37:10,556 [DEBUG]  STREAM b'IHDR' 16 13
2024-09-09 11:37:10,556 [DEBUG]  STREAM b'IDAT' 41 65536
2024-09-09 11:37:10,564 [DEBUG]  STREAM b'IHDR' 16 13
2024-09-09 11:37:10,564 [DEBUG]  STREAM b'IDAT' 41 65536
2024-09-09 11:37:10,568 [DEBUG]  STREAM b'IHDR' 16 13
2024-09-09 11:37:10,568 [DEBUG]  STREAM b'IDAT' 41 65536
2024-09-09 11:37:10,572 [DEBUG]  STREAM b'IHDR' 16 13
2024-09-09 11:37:10,572 [DEBUG]  STREAM b'IDAT' 41 65536
2024-09-09 11:37:10,577 [DEBUG]  STREAM b'IHDR' 16 13
2024-09-09 11:37:10,577 [DEBUG]  STREAM b'IDAT' 41 65536
2024-09-09 11:37:10,584 [DEBUG]  STREAM b'IHDR' 16 13
2024-09-09 11:37:10,584 [DEBUG]  STREAM b'IDAT' 41 65536
2024-09-09 11:37:10,589 [DEBUG]  STREAM b'IHDR' 16 13
2024-09-09 11:37:10,589 [DEBUG]  STREAM b'IDAT' 41 65536
2024-09-09 11:37:10,593 [DEBUG]  STREAM b'IHDR' 16 13
2024-09-09 11:37:10,593 [DEBUG]  STREAM b'IDAT' 41 65536
2024-09-09 11:37:10,598 [DEBUG]  STREAM b'IHDR' 16 13
2024-09-09 11:37:10,598 [DEBUG]  STREAM b'IDAT' 41 65536
2024-09-09 11:37:10,605 [DEBUG]  STREAM b'IHDR' 16 13
2024-09-09 11:37:10,605 [DEBUG]  STREAM b'IDAT' 41 65536
2024-09-09 11:37:10,610 [DEBUG]  STREAM b'IHDR' 16 13
2024-09-09 11:37:10,610 [DEBUG]  STREAM b'IDAT' 41 65536
2024-09-09 11:37:10,614 [DEBUG]  STREAM b'IHDR' 16 13
2024-09-09 11:37:10,614 [DEBUG]  STREAM b'IDAT' 41 65536
2024-09-09 11:37:10,619 [DEBUG]  STREAM b'IHDR' 16 13
2024-09-09 11:37:10,619 [DEBUG]  STREAM b'IDAT' 41 65536
2024-09-09 11:37:10,626 [DEBUG]  STREAM b'IHDR' 16 13
2024-09-09 11:37:10,626 [DEBUG]  STREAM b'IDAT' 41 65536
2024-09-09 11:37:10,631 [DEBUG]  STREAM b'IHDR' 16 13
2024-09-09 11:37:10,631 [DEBUG]  STREAM b'IDAT' 41 65536
2024-09-09 11:37:10,635 [DEBUG]  STREAM b'IHDR' 16 13
2024-09-09 11:37:10,635 [DEBUG]  STREAM b'IDAT' 41 65536
2024-09-09 11:37:10,639 [DEBUG]  STREAM b'IHDR' 16 13
2024-09-09 11:37:10,639 [DEBUG]  STREAM b'IDAT' 41 65536
2024-09-09 11:37:10,647 [DEBUG]  STREAM b'IHDR' 16 13
2024-09-09 11:37:10,647 [DEBUG]  STREAM b'IDAT' 41 65536
2024-09-09 11:37:10,652 [DEBUG]  STREAM b'IHDR' 16 13
2024-09-09 11:37:10,652 [DEBUG]  STREAM b'IDAT' 41 65536
2024-09-09 11:37:10,656 [DEBUG]  STREAM b'IHDR' 16 13
2024-09-09 11:37:10,656 [DEBUG]  STREAM b'IDAT' 41 65536
2024-09-09 11:37:10,660 [DEBUG]  STREAM b'IHDR' 16 13
2024-09-09 11:37:10,660 [DEBUG]  STREAM b'IDAT' 41 65536
2024-09-09 11:37:10,668 [DEBUG]  STREAM b'IHDR' 16 13
2024-09-09 11:37:10,668 [DEBUG]  STREAM b'IDAT' 41 65536
2024-09-09 11:37:10,672 [DEBUG]  STREAM b'IHDR' 16 13
2024-09-09 11:37:10,672 [DEBUG]  STREAM b'IDAT' 41 65536
2024-09-09 11:37:10,676 [DEBUG]  STREAM b'IHDR' 16 13
2024-09-09 11:37:10,676 [DEBUG]  STREAM b'IDAT' 41 65536
2024-09-09 11:37:10,680 [DEBUG]  STREAM b'IHDR' 16 13
2024-09-09 11:37:10,680 [DEBUG]  STREAM b'IDAT' 41 65536
2024-09-09 11:37:10,687 [DEBUG]  STREAM b'IHDR' 16 13
2024-09-09 11:37:10,687 [DEBUG]  STREAM b'IDAT' 41 65536
2024-09-09 11:37:10,692 [DEBUG]  STREAM b'IHDR' 16 13
2024-09-09 11:37:10,692 [DEBUG]  STREAM b'IDAT' 41 65536
2024-09-09 11:37:10,696 [DEBUG]  STREAM b'IHDR' 16 13
2024-09-09 11:37:10,696 [DEBUG]  STREAM b'IDAT' 41 65536
2024-09-09 11:37:10,700 [DEBUG]  STREAM b'IHDR' 16 13
2024-09-09 11:37:10,700 [DEBUG]  STREAM b'IDAT' 41 65536
2024-09-09 11:37:10,713 [DEBUG]  GraphTrial.log 196.255 visit state = 0
2024-09-09 11:37:10,722 [DEBUG]  GraphTrial.log 196.264 start flip_time = 196.26374416666704
2024-09-09 11:37:10,731 [DEBUG]  GraphTrial.log 196.273 get move selected = 4
2024-09-09 11:37:11,699 [DEBUG]  GraphTrial.log 197.241 switch selected = 9
2024-09-09 11:37:15,114 [DEBUG]  GraphTrial.log 200.656 switch selected = 4
2024-09-09 11:37:16,113 [DEBUG]  GraphTrial.log 201.655 select selected = 4
2024-09-09 11:37:16,113 [DEBUG]  GraphTrial.log 201.655 visit state = 4
2024-09-09 11:37:16,124 [DEBUG]  GraphTrial.log 201.666 get move selected = 7
2024-09-09 11:37:16,713 [DEBUG]  GraphTrial.log 202.255 select selected = 7
2024-09-09 11:37:16,713 [DEBUG]  GraphTrial.log 202.255 visit state = 7
2024-09-09 11:37:18,575 [DEBUG]  GraphTrial.log 204.117 done 
2024-09-09 11:37:18,575 [INFO]  end trial [{"time": 195.17532841666662, "event": "begin space"}, {"time": 196.03984945833326, "event": "initialize", "status": "ok"}, {"time": 196.03990045833325, "event": "show graph"}, {"time": 196.25547220833323, "event": "visit", "state": 0}, {"time": 196.26382666666677, "event": "start", "flip_time": 196.26374416666704}, {"time": 196.27279562499962, "event": "get move", "selected": 4}, {"time": 197.24072495833343, "event": "switch", "selected": 9}, {"time": 200.65643641666702, "event": "switch", "selected": 4}, {"time": 201.65539166666667, "event": "select", "selected": 4}, {"time": 201.6554364583335, "event": "visit", "state": 4}, {"time": 201.66632454166665, "event": "get move", "selected": 7}, {"time": 202.2553380833333, "event": "select", "selected": 7}, {"time": 202.25537704166663, "event": "visit", "state": 7}, {"time": 204.11698516666684, "event": "done"}]
2024-09-09 11:37:18,575 [DEBUG]  message: Great job! (None)
2024-09-09 11:37:19,876 [INFO]  begin setup_eyetracker
2024-09-09 11:37:19,877 [DEBUG]  message: Now we're going to calibrate the eyetracker. Please tell the experimenter. (Wait for the experimenter (space))
2024-09-09 11:37:23,321 [INFO]  New EyeLink object
2024-09-09 11:37:23,322 [INFO]  Initializing new tracker
2024-09-09 11:37:24,025 [DEBUG]  EyeLink.message Set up calibration
2024-09-09 11:37:24,241 [INFO]  Tracker initialized
2024-09-09 11:37:24,241 [DEBUG]  EyeLink.message Set up calibration
2024-09-09 11:37:24,259 [INFO]  doTrackerSetup
2024-09-09 11:37:57,469 [INFO]  done doTrackerSetup
2024-09-09 11:37:57,494 [INFO]  begin intro_gaze
2024-09-09 11:37:57,494 [DEBUG]  message: At the beginning of each round, a circle will appear. Look straight at it and press space to start the round. (look at the circle and press space)
2024-09-09 11:38:02,127 [DEBUG]  message: Yup just like that. Make sure you hold your gaze steady on the circle before pressing space. (None)
2024-09-09 11:38:05,208 [INFO]  begin intro_main
2024-09-09 11:38:05,208 [DEBUG]  message: Alright! We're ready to begin the main phase of the experiment. (None)
2024-09-09 11:38:07,170 [DEBUG]  message: But first, you might be asking "What's in it for me?" ...Well, we thought of that! (None)
2024-09-09 11:38:09,810 [DEBUG]  message: Unlike other experiments you might have done, we don't have a fixed number of rounds. (None)
2024-09-09 11:38:12,874 [DEBUG]  message: Instead, you will do as as many rounds as it takes to earn 800 points. (None)
2024-09-09 11:38:15,026 [DEBUG]  message: To finish the study as quickly as possible, you'll have to balance making fast choices and selecting the best possible path. (None)
2024-09-09 11:38:18,826 [DEBUG]  message: Good luck! (None)
2024-09-09 11:38:19,588 [INFO]  begin run_main
2024-09-09 11:38:19,588 [INFO]  Trial 1 of 260
2024-09-09 11:38:24,298 [INFO]  begin trial {"kind": "GraphTrial", "graph": [[10, 4], [], [3, 9], [9, 8], [1, 5], [], [], [], [], [], [6, 7]], "rewards": [null, -4, 1, 4, 0, -3, 1, 3, -4, -2, 3], "reward_info": {"-4": {"desc": "pattern_1", "image": "images[0]"}, "-3": {"desc": "pattern_2", "image": "images[1]"}, "-2": {"desc": "pattern_3", "image": "images[2]"}, "-1": {"desc": "pattern_4", "image": "images[3]"}, "0": {"desc": "pattern_5", "image": "images[4]"}, "1": {"desc": "pattern_6", "image": "images[5]"}, "2": {"desc": "pattern_7", "image": "images[6]"}, "3": {"desc": "pattern_8", "image": "images[7]"}, "4": {"desc": "pattern_9", "image": "images[8]"}}, "initial_stage": "planning", "hide_states": false, "hide_rewards_while_acting": false, "hide_edges_while_acting": false, "gaze_contingent": false, "gaze_tolerance": 1.5, "fixation_lag": 0.5, "start": 0}
2024-09-09 11:38:24,298 [INFO]  <eyetracking.EyeLink object at 0x3177c5370>
2024-09-09 11:38:24,298 [DEBUG]  GraphTrial.log 269.840 begin drift_check 
2024-09-09 11:38:28,337 [DEBUG]  GraphTrial.log 273.878 initialize status = None
2024-09-09 11:38:28,337 [DEBUG]  GraphTrial.log 273.879 start recording 
2024-09-09 11:38:28,337 [INFO]  start_recording
2024-09-09 11:38:28,464 [DEBUG]  GraphTrial.log 274.005 show graph 
2024-09-09 11:38:28,476 [DEBUG]  STREAM b'IHDR' 16 13
2024-09-09 11:38:28,476 [DEBUG]  STREAM b'IDAT' 41 65536
2024-09-09 11:38:28,489 [DEBUG]  STREAM b'IHDR' 16 13
2024-09-09 11:38:28,489 [DEBUG]  STREAM b'IDAT' 41 65536
2024-09-09 11:38:28,498 [DEBUG]  STREAM b'IHDR' 16 13
2024-09-09 11:38:28,498 [DEBUG]  STREAM b'IDAT' 41 65536
2024-09-09 11:38:28,506 [DEBUG]  STREAM b'IHDR' 16 13
2024-09-09 11:38:28,506 [DEBUG]  STREAM b'IDAT' 41 65536
2024-09-09 11:38:28,515 [DEBUG]  STREAM b'IHDR' 16 13
2024-09-09 11:38:28,515 [DEBUG]  STREAM b'IDAT' 41 65536
2024-09-09 11:38:28,522 [DEBUG]  STREAM b'IHDR' 16 13
2024-09-09 11:38:28,522 [DEBUG]  STREAM b'IDAT' 41 65536
2024-09-09 11:38:28,527 [DEBUG]  STREAM b'IHDR' 16 13
2024-09-09 11:38:28,527 [DEBUG]  STREAM b'IDAT' 41 65536
2024-09-09 11:38:28,532 [DEBUG]  STREAM b'IHDR' 16 13
2024-09-09 11:38:28,532 [DEBUG]  STREAM b'IDAT' 41 65536
2024-09-09 11:38:28,539 [DEBUG]  STREAM b'IHDR' 16 13
2024-09-09 11:38:28,539 [DEBUG]  STREAM b'IDAT' 41 65536
2024-09-09 11:38:28,544 [DEBUG]  STREAM b'IHDR' 16 13
2024-09-09 11:38:28,545 [DEBUG]  STREAM b'IDAT' 41 65536
2024-09-09 11:38:28,550 [DEBUG]  STREAM b'IHDR' 16 13
2024-09-09 11:38:28,550 [DEBUG]  STREAM b'IDAT' 41 65536
2024-09-09 11:38:28,554 [DEBUG]  STREAM b'IHDR' 16 13
2024-09-09 11:38:28,554 [DEBUG]  STREAM b'IDAT' 41 65536
2024-09-09 11:38:28,561 [DEBUG]  STREAM b'IHDR' 16 13
2024-09-09 11:38:28,561 [DEBUG]  STREAM b'IDAT' 41 65536
2024-09-09 11:38:28,565 [DEBUG]  STREAM b'IHDR' 16 13
2024-09-09 11:38:28,565 [DEBUG]  STREAM b'IDAT' 41 65536
2024-09-09 11:38:28,570 [DEBUG]  STREAM b'IHDR' 16 13
2024-09-09 11:38:28,570 [DEBUG]  STREAM b'IDAT' 41 65536
2024-09-09 11:38:28,574 [DEBUG]  STREAM b'IHDR' 16 13
2024-09-09 11:38:28,574 [DEBUG]  STREAM b'IDAT' 41 65536
2024-09-09 11:38:28,579 [DEBUG]  STREAM b'IHDR' 16 13
2024-09-09 11:38:28,579 [DEBUG]  STREAM b'IDAT' 41 65536
2024-09-09 11:38:28,584 [DEBUG]  STREAM b'IHDR' 16 13
2024-09-09 11:38:28,584 [DEBUG]  STREAM b'IDAT' 41 65536
2024-09-09 11:38:28,588 [DEBUG]  STREAM b'IHDR' 16 13
2024-09-09 11:38:28,588 [DEBUG]  STREAM b'IDAT' 41 65536
2024-09-09 11:38:28,592 [DEBUG]  STREAM b'IHDR' 16 13
2024-09-09 11:38:28,592 [DEBUG]  STREAM b'IDAT' 41 65536
2024-09-09 11:38:28,597 [DEBUG]  STREAM b'IHDR' 16 13
2024-09-09 11:38:28,597 [DEBUG]  STREAM b'IDAT' 41 65536
2024-09-09 11:38:28,602 [DEBUG]  STREAM b'IHDR' 16 13
2024-09-09 11:38:28,602 [DEBUG]  STREAM b'IDAT' 41 65536
2024-09-09 11:38:28,606 [DEBUG]  STREAM b'IHDR' 16 13
2024-09-09 11:38:28,606 [DEBUG]  STREAM b'IDAT' 41 65536
2024-09-09 11:38:28,610 [DEBUG]  STREAM b'IHDR' 16 13
2024-09-09 11:38:28,610 [DEBUG]  STREAM b'IDAT' 41 65536
2024-09-09 11:38:28,615 [DEBUG]  STREAM b'IHDR' 16 13
2024-09-09 11:38:28,615 [DEBUG]  STREAM b'IDAT' 41 65536
2024-09-09 11:38:28,620 [DEBUG]  STREAM b'IHDR' 16 13
2024-09-09 11:38:28,620 [DEBUG]  STREAM b'IDAT' 41 65536
2024-09-09 11:38:28,624 [DEBUG]  STREAM b'IHDR' 16 13
2024-09-09 11:38:28,624 [DEBUG]  STREAM b'IDAT' 41 65536
2024-09-09 11:38:28,629 [DEBUG]  STREAM b'IHDR' 16 13
2024-09-09 11:38:28,629 [DEBUG]  STREAM b'IDAT' 41 65536
2024-09-09 11:38:28,634 [DEBUG]  STREAM b'IHDR' 16 13
2024-09-09 11:38:28,635 [DEBUG]  STREAM b'IDAT' 41 65536
2024-09-09 11:38:28,639 [DEBUG]  STREAM b'IHDR' 16 13
2024-09-09 11:38:28,639 [DEBUG]  STREAM b'IDAT' 41 65536
2024-09-09 11:38:28,643 [DEBUG]  STREAM b'IHDR' 16 13
2024-09-09 11:38:28,643 [DEBUG]  STREAM b'IDAT' 41 65536
2024-09-09 11:38:28,647 [DEBUG]  STREAM b'IHDR' 16 13
2024-09-09 11:38:28,647 [DEBUG]  STREAM b'IDAT' 41 65536
2024-09-09 11:38:28,652 [DEBUG]  STREAM b'IHDR' 16 13
2024-09-09 11:38:28,652 [DEBUG]  STREAM b'IDAT' 41 65536
2024-09-09 11:38:28,657 [DEBUG]  STREAM b'IHDR' 16 13
2024-09-09 11:38:28,657 [DEBUG]  STREAM b'IDAT' 41 65536
2024-09-09 11:38:28,661 [DEBUG]  STREAM b'IHDR' 16 13
2024-09-09 11:38:28,661 [DEBUG]  STREAM b'IDAT' 41 65536
2024-09-09 11:38:28,665 [DEBUG]  STREAM b'IHDR' 16 13
2024-09-09 11:38:28,665 [DEBUG]  STREAM b'IDAT' 41 65536
2024-09-09 11:38:28,670 [DEBUG]  STREAM b'IHDR' 16 13
2024-09-09 11:38:28,670 [DEBUG]  STREAM b'IDAT' 41 65536
2024-09-09 11:38:28,675 [DEBUG]  STREAM b'IHDR' 16 13
2024-09-09 11:38:28,675 [DEBUG]  STREAM b'IDAT' 41 65536
2024-09-09 11:38:28,679 [DEBUG]  STREAM b'IHDR' 16 13
2024-09-09 11:38:28,679 [DEBUG]  STREAM b'IDAT' 41 65536
2024-09-09 11:38:28,684 [DEBUG]  STREAM b'IHDR' 16 13
2024-09-09 11:38:28,684 [DEBUG]  STREAM b'IDAT' 41 65536
2024-09-09 11:38:28,694 [DEBUG]  GraphTrial.log 274.236 visit state = 0
2024-09-09 11:38:28,699 [DEBUG]  GraphTrial.log 274.241 start flip_time = 274.24137974999985
2024-09-09 11:38:28,738 [DEBUG]  GraphTrial.log 274.280 get move selected = 4
2024-09-09 11:38:29,498 [DEBUG]  GraphTrial.log 275.040 select selected = 4
2024-09-09 11:38:29,498 [DEBUG]  GraphTrial.log 275.040 visit state = 4
2024-09-09 11:38:29,507 [DEBUG]  GraphTrial.log 275.049 get move selected = 5
2024-09-09 11:38:30,458 [DEBUG]  GraphTrial.log 276.000 select selected = 5
2024-09-09 11:38:30,458 [DEBUG]  GraphTrial.log 276.000 visit state = 5
2024-09-09 11:38:32,342 [DEBUG]  GraphTrial.log 277.884 done 
2024-09-09 11:38:32,342 [INFO]  end trial [{"time": 269.84025374999965, "event": "begin drift_check"}, {"time": 273.8784774999999, "event": "initialize", "status": null}, {"time": 273.87885541666674, "event": "start recording"}, {"time": 274.00537424999993, "event": "show graph"}, {"time": 274.2363487499997, "event": "visit", "state": 0}, {"time": 274.2413993749997, "event": "start", "flip_time": 274.24137974999985}, {"time": 274.2800885416668, "event": "get move", "selected": 4}, {"time": 275.0402721666669, "event": "select", "selected": 4}, {"time": 275.0403750833334, "event": "visit", "state": 4}, {"time": 275.0490549583333, "event": "get move", "selected": 5}, {"time": 275.9998054583334, "event": "select", "selected": 5}, {"time": 275.99988612499965, "event": "visit", "state": 5}, {"time": 277.8836391249997, "event": "done"}]
2024-09-09 11:38:32,342 [INFO]  stop_recording
2024-09-09 11:38:32,381 [INFO]  gt.status is None
2024-09-09 11:38:32,381 [DEBUG]  add bonus points -3 (total = 47)
2024-09-09 11:38:32,381 [INFO]  Trial 2 of 260
2024-09-09 11:38:37,714 [INFO]  begin trial {"kind": "GraphTrial", "graph": [[], [7, 10], [], [1, 9], [2], [6, 0], [0, 4], [], [], [8], []], "rewards": [3, -1, 3, null, 1, -4, 4, 4, 3, 3, -4], "reward_info": {"-4": {"desc": "pattern_1", "image": "images[0]"}, "-3": {"desc": "pattern_2", "image": "images[1]"}, "-2": {"desc": "pattern_3", "image": "images[2]"}, "-1": {"desc": "pattern_4", "image": "images[3]"}, "0": {"desc": "pattern_5", "image": "images[4]"}, "1": {"desc": "pattern_6", "image": "images[5]"}, "2": {"desc": "pattern_7", "image": "images[6]"}, "3": {"desc": "pattern_8", "image": "images[7]"}, "4": {"desc": "pattern_9", "image": "images[8]"}}, "initial_stage": "planning", "hide_states": false, "hide_rewards_while_acting": false, "hide_edges_while_acting": false, "gaze_contingent": false, "gaze_tolerance": 1.5, "fixation_lag": 0.5, "start": 3}
2024-09-09 11:38:37,714 [INFO]  <eyetracking.EyeLink object at 0x3177c5370>
2024-09-09 11:38:37,714 [DEBUG]  GraphTrial.log 283.256 begin drift_check 
2024-09-09 11:38:38,744 [DEBUG]  GraphTrial.log 284.286 initialize status = None
2024-09-09 11:38:38,745 [DEBUG]  GraphTrial.log 284.287 start recording 
2024-09-09 11:38:38,745 [INFO]  start_recording
2024-09-09 11:38:38,871 [DEBUG]  GraphTrial.log 284.413 show graph 
2024-09-09 11:38:38,879 [DEBUG]  STREAM b'IHDR' 16 13
2024-09-09 11:38:38,879 [DEBUG]  STREAM b'IDAT' 41 65536
2024-09-09 11:38:38,893 [DEBUG]  STREAM b'IHDR' 16 13
2024-09-09 11:38:38,893 [DEBUG]  STREAM b'IDAT' 41 65536
2024-09-09 11:38:38,903 [DEBUG]  STREAM b'IHDR' 16 13
2024-09-09 11:38:38,903 [DEBUG]  STREAM b'IDAT' 41 65536
2024-09-09 11:38:38,912 [DEBUG]  STREAM b'IHDR' 16 13
2024-09-09 11:38:38,912 [DEBUG]  STREAM b'IDAT' 41 65536
2024-09-09 11:38:38,922 [DEBUG]  STREAM b'IHDR' 16 13
2024-09-09 11:38:38,922 [DEBUG]  STREAM b'IDAT' 41 65536
2024-09-09 11:38:38,928 [DEBUG]  STREAM b'IHDR' 16 13
2024-09-09 11:38:38,928 [DEBUG]  STREAM b'IDAT' 41 65536
2024-09-09 11:38:38,933 [DEBUG]  STREAM b'IHDR' 16 13
2024-09-09 11:38:38,933 [DEBUG]  STREAM b'IDAT' 41 65536
2024-09-09 11:38:38,939 [DEBUG]  STREAM b'IHDR' 16 13
2024-09-09 11:38:38,939 [DEBUG]  STREAM b'IDAT' 41 65536
2024-09-09 11:38:38,945 [DEBUG]  STREAM b'IHDR' 16 13
2024-09-09 11:38:38,946 [DEBUG]  STREAM b'IDAT' 41 65536
2024-09-09 11:38:38,951 [DEBUG]  STREAM b'IHDR' 16 13
2024-09-09 11:38:38,951 [DEBUG]  STREAM b'IDAT' 41 65536
2024-09-09 11:38:38,956 [DEBUG]  STREAM b'IHDR' 16 13
2024-09-09 11:38:38,956 [DEBUG]  STREAM b'IDAT' 41 65536
2024-09-09 11:38:38,961 [DEBUG]  STREAM b'IHDR' 16 13
2024-09-09 11:38:38,961 [DEBUG]  STREAM b'IDAT' 41 65536
2024-09-09 11:38:38,968 [DEBUG]  STREAM b'IHDR' 16 13
2024-09-09 11:38:38,968 [DEBUG]  STREAM b'IDAT' 41 65536
2024-09-09 11:38:38,973 [DEBUG]  STREAM b'IHDR' 16 13
2024-09-09 11:38:38,973 [DEBUG]  STREAM b'IDAT' 41 65536
2024-09-09 11:38:38,977 [DEBUG]  STREAM b'IHDR' 16 13
2024-09-09 11:38:38,977 [DEBUG]  STREAM b'IDAT' 41 65536
2024-09-09 11:38:38,981 [DEBUG]  STREAM b'IHDR' 16 13
2024-09-09 11:38:38,981 [DEBUG]  STREAM b'IDAT' 41 65536
2024-09-09 11:38:38,987 [DEBUG]  STREAM b'IHDR' 16 13
2024-09-09 11:38:38,987 [DEBUG]  STREAM b'IDAT' 41 65536
2024-09-09 11:38:38,991 [DEBUG]  STREAM b'IHDR' 16 13
2024-09-09 11:38:38,991 [DEBUG]  STREAM b'IDAT' 41 65536
2024-09-09 11:38:38,995 [DEBUG]  STREAM b'IHDR' 16 13
2024-09-09 11:38:38,995 [DEBUG]  STREAM b'IDAT' 41 65536
2024-09-09 11:38:38,999 [DEBUG]  STREAM b'IHDR' 16 13
2024-09-09 11:38:38,999 [DEBUG]  STREAM b'IDAT' 41 65536
2024-09-09 11:38:39,005 [DEBUG]  STREAM b'IHDR' 16 13
2024-09-09 11:38:39,005 [DEBUG]  STREAM b'IDAT' 41 65536
2024-09-09 11:38:39,009 [DEBUG]  STREAM b'IHDR' 16 13
2024-09-09 11:38:39,009 [DEBUG]  STREAM b'IDAT' 41 65536
2024-09-09 11:38:39,014 [DEBUG]  STREAM b'IHDR' 16 13
2024-09-09 11:38:39,014 [DEBUG]  STREAM b'IDAT' 41 65536
2024-09-09 11:38:39,018 [DEBUG]  STREAM b'IHDR' 16 13
2024-09-09 11:38:39,018 [DEBUG]  STREAM b'IDAT' 41 65536
2024-09-09 11:38:39,024 [DEBUG]  STREAM b'IHDR' 16 13
2024-09-09 11:38:39,024 [DEBUG]  STREAM b'IDAT' 41 65536
2024-09-09 11:38:39,029 [DEBUG]  STREAM b'IHDR' 16 13
2024-09-09 11:38:39,029 [DEBUG]  STREAM b'IDAT' 41 65536
2024-09-09 11:38:39,033 [DEBUG]  STREAM b'IHDR' 16 13
2024-09-09 11:38:39,033 [DEBUG]  STREAM b'IDAT' 41 65536
2024-09-09 11:38:39,038 [DEBUG]  STREAM b'IHDR' 16 13
2024-09-09 11:38:39,038 [DEBUG]  STREAM b'IDAT' 41 65536
2024-09-09 11:38:39,043 [DEBUG]  STREAM b'IHDR' 16 13
2024-09-09 11:38:39,043 [DEBUG]  STREAM b'IDAT' 41 65536
2024-09-09 11:38:39,048 [DEBUG]  STREAM b'IHDR' 16 13
2024-09-09 11:38:39,048 [DEBUG]  STREAM b'IDAT' 41 65536
2024-09-09 11:38:39,052 [DEBUG]  STREAM b'IHDR' 16 13
2024-09-09 11:38:39,052 [DEBUG]  STREAM b'IDAT' 41 65536
2024-09-09 11:38:39,057 [DEBUG]  STREAM b'IHDR' 16 13
2024-09-09 11:38:39,057 [DEBUG]  STREAM b'IDAT' 41 65536
2024-09-09 11:38:39,063 [DEBUG]  STREAM b'IHDR' 16 13
2024-09-09 11:38:39,063 [DEBUG]  STREAM b'IDAT' 41 65536
2024-09-09 11:38:39,067 [DEBUG]  STREAM b'IHDR' 16 13
2024-09-09 11:38:39,067 [DEBUG]  STREAM b'IDAT' 41 65536
2024-09-09 11:38:39,072 [DEBUG]  STREAM b'IHDR' 16 13
2024-09-09 11:38:39,072 [DEBUG]  STREAM b'IDAT' 41 65536
2024-09-09 11:38:39,076 [DEBUG]  STREAM b'IHDR' 16 13
2024-09-09 11:38:39,076 [DEBUG]  STREAM b'IDAT' 41 65536
2024-09-09 11:38:39,082 [DEBUG]  STREAM b'IHDR' 16 13
2024-09-09 11:38:39,082 [DEBUG]  STREAM b'IDAT' 41 65536
2024-09-09 11:38:39,086 [DEBUG]  STREAM b'IHDR' 16 13
2024-09-09 11:38:39,086 [DEBUG]  STREAM b'IDAT' 41 65536
2024-09-09 11:38:39,090 [DEBUG]  STREAM b'IHDR' 16 13
2024-09-09 11:38:39,090 [DEBUG]  STREAM b'IDAT' 41 65536
2024-09-09 11:38:39,094 [DEBUG]  STREAM b'IHDR' 16 13
2024-09-09 11:38:39,094 [DEBUG]  STREAM b'IDAT' 41 65536
2024-09-09 11:38:39,104 [DEBUG]  GraphTrial.log 284.646 visit state = 3
2024-09-09 11:38:39,109 [DEBUG]  GraphTrial.log 284.651 start flip_time = 284.6510208333334
2024-09-09 11:38:39,115 [DEBUG]  GraphTrial.log 284.657 get move selected = 1
2024-09-09 11:38:39,587 [DEBUG]  GraphTrial.log 285.129 switch selected = 9
2024-09-09 11:38:42,218 [DEBUG]  GraphTrial.log 287.760 switch selected = 1
2024-09-09 11:38:43,034 [DEBUG]  GraphTrial.log 288.576 switch selected = 9
2024-09-09 11:38:44,266 [DEBUG]  GraphTrial.log 289.808 select selected = 9
2024-09-09 11:38:44,266 [DEBUG]  GraphTrial.log 289.808 visit state = 9
2024-09-09 11:38:44,281 [DEBUG]  GraphTrial.log 289.823 get move selected = 8
2024-09-09 11:38:44,626 [DEBUG]  GraphTrial.log 290.168 select selected = 8
2024-09-09 11:38:44,626 [DEBUG]  GraphTrial.log 290.168 visit state = 8
2024-09-09 11:38:46,492 [DEBUG]  GraphTrial.log 292.034 done 
2024-09-09 11:38:46,492 [INFO]  end trial [{"time": 283.25619470833317, "event": "begin drift_check"}, {"time": 284.28636800000004, "event": "initialize", "status": null}, {"time": 284.2867025416667, "event": "start recording"}, {"time": 284.41300216666696, "event": "show graph"}, {"time": 284.64592025, "event": "visit", "state": 3}, {"time": 284.65103599999975, "event": "start", "flip_time": 284.6510208333334}, {"time": 284.65684224999995, "event": "get move", "selected": 1}, {"time": 285.12851754166695, "event": "switch", "selected": 9}, {"time": 287.7602032083332, "event": "switch", "selected": 1}, {"time": 288.5761762916668, "event": "switch", "selected": 9}, {"time": 289.80778566666686, "event": "select", "selected": 9}, {"time": 289.8078647499997, "event": "visit", "state": 9}, {"time": 289.82313445833324, "event": "get move", "selected": 8}, {"time": 290.16779441666677, "event": "select", "selected": 8}, {"time": 290.1678569999999, "event": "visit", "state": 8}, {"time": 292.0336229999998, "event": "done"}]
2024-09-09 11:38:46,492 [INFO]  stop_recording
2024-09-09 11:38:46,508 [INFO]  gt.status is None
2024-09-09 11:38:46,508 [DEBUG]  add bonus points 6 (total = 53)
2024-09-09 11:38:46,508 [INFO]  Trial 3 of 260
2024-09-09 11:38:51,570 [INFO]  begin trial {"kind": "GraphTrial", "graph": [[9], [], [], [5, 0], [8, 6], [1, 2], [10], [4, 8], [], [], []], "rewards": [2, -1, -3, null, 2, -4, -2, 0, -1, 3, -1], "reward_info": {"-4": {"desc": "pattern_1", "image": "images[0]"}, "-3": {"desc": "pattern_2", "image": "images[1]"}, "-2": {"desc": "pattern_3", "image": "images[2]"}, "-1": {"desc": "pattern_4", "image": "images[3]"}, "0": {"desc": "pattern_5", "image": "images[4]"}, "1": {"desc": "pattern_6", "image": "images[5]"}, "2": {"desc": "pattern_7", "image": "images[6]"}, "3": {"desc": "pattern_8", "image": "images[7]"}, "4": {"desc": "pattern_9", "image": "images[8]"}}, "initial_stage": "planning", "hide_states": false, "hide_rewards_while_acting": false, "hide_edges_while_acting": false, "gaze_contingent": false, "gaze_tolerance": 1.5, "fixation_lag": 0.5, "start": 3}
2024-09-09 11:38:51,570 [INFO]  <eyetracking.EyeLink object at 0x3177c5370>
2024-09-09 11:38:51,570 [DEBUG]  GraphTrial.log 297.112 begin drift_check 
2024-09-09 11:38:53,991 [DEBUG]  GraphTrial.log 299.533 initialize status = None
2024-09-09 11:38:53,991 [DEBUG]  GraphTrial.log 299.533 start recording 
2024-09-09 11:38:53,991 [INFO]  start_recording
2024-09-09 11:38:54,117 [DEBUG]  GraphTrial.log 299.659 show graph 
2024-09-09 11:38:54,126 [DEBUG]  STREAM b'IHDR' 16 13
2024-09-09 11:38:54,127 [DEBUG]  STREAM b'IDAT' 41 65536
2024-09-09 11:38:54,139 [DEBUG]  STREAM b'IHDR' 16 13
2024-09-09 11:38:54,140 [DEBUG]  STREAM b'IDAT' 41 65536
2024-09-09 11:38:54,150 [DEBUG]  STREAM b'IHDR' 16 13
2024-09-09 11:38:54,150 [DEBUG]  STREAM b'IDAT' 41 65536
2024-09-09 11:38:54,158 [DEBUG]  STREAM b'IHDR' 16 13
2024-09-09 11:38:54,158 [DEBUG]  STREAM b'IDAT' 41 65536
2024-09-09 11:38:54,168 [DEBUG]  STREAM b'IHDR' 16 13
2024-09-09 11:38:54,168 [DEBUG]  STREAM b'IDAT' 41 65536
2024-09-09 11:38:54,174 [DEBUG]  STREAM b'IHDR' 16 13
2024-09-09 11:38:54,174 [DEBUG]  STREAM b'IDAT' 41 65536
2024-09-09 11:38:54,180 [DEBUG]  STREAM b'IHDR' 16 13
2024-09-09 11:38:54,180 [DEBUG]  STREAM b'IDAT' 41 65536
2024-09-09 11:38:54,185 [DEBUG]  STREAM b'IHDR' 16 13
2024-09-09 11:38:54,185 [DEBUG]  STREAM b'IDAT' 41 65536
2024-09-09 11:38:54,192 [DEBUG]  STREAM b'IHDR' 16 13
2024-09-09 11:38:54,192 [DEBUG]  STREAM b'IDAT' 41 65536
2024-09-09 11:38:54,197 [DEBUG]  STREAM b'IHDR' 16 13
2024-09-09 11:38:54,197 [DEBUG]  STREAM b'IDAT' 41 65536
2024-09-09 11:38:54,201 [DEBUG]  STREAM b'IHDR' 16 13
2024-09-09 11:38:54,201 [DEBUG]  STREAM b'IDAT' 41 65536
2024-09-09 11:38:54,206 [DEBUG]  STREAM b'IHDR' 16 13
2024-09-09 11:38:54,206 [DEBUG]  STREAM b'IDAT' 41 65536
2024-09-09 11:38:54,213 [DEBUG]  STREAM b'IHDR' 16 13
2024-09-09 11:38:54,213 [DEBUG]  STREAM b'IDAT' 41 65536
2024-09-09 11:38:54,218 [DEBUG]  STREAM b'IHDR' 16 13
2024-09-09 11:38:54,218 [DEBUG]  STREAM b'IDAT' 41 65536
2024-09-09 11:38:54,222 [DEBUG]  STREAM b'IHDR' 16 13
2024-09-09 11:38:54,222 [DEBUG]  STREAM b'IDAT' 41 65536
2024-09-09 11:38:54,226 [DEBUG]  STREAM b'IHDR' 16 13
2024-09-09 11:38:54,226 [DEBUG]  STREAM b'IDAT' 41 65536
2024-09-09 11:38:54,232 [DEBUG]  STREAM b'IHDR' 16 13
2024-09-09 11:38:54,232 [DEBUG]  STREAM b'IDAT' 41 65536
2024-09-09 11:38:54,236 [DEBUG]  STREAM b'IHDR' 16 13
2024-09-09 11:38:54,236 [DEBUG]  STREAM b'IDAT' 41 65536
2024-09-09 11:38:54,240 [DEBUG]  STREAM b'IHDR' 16 13
2024-09-09 11:38:54,241 [DEBUG]  STREAM b'IDAT' 41 65536
2024-09-09 11:38:54,245 [DEBUG]  STREAM b'IHDR' 16 13
2024-09-09 11:38:54,245 [DEBUG]  STREAM b'IDAT' 41 65536
2024-09-09 11:38:54,250 [DEBUG]  STREAM b'IHDR' 16 13
2024-09-09 11:38:54,250 [DEBUG]  STREAM b'IDAT' 41 65536
2024-09-09 11:38:54,254 [DEBUG]  STREAM b'IHDR' 16 13
2024-09-09 11:38:54,254 [DEBUG]  STREAM b'IDAT' 41 65536
2024-09-09 11:38:54,258 [DEBUG]  STREAM b'IHDR' 16 13
2024-09-09 11:38:54,258 [DEBUG]  STREAM b'IDAT' 41 65536
2024-09-09 11:38:54,262 [DEBUG]  STREAM b'IHDR' 16 13
2024-09-09 11:38:54,262 [DEBUG]  STREAM b'IDAT' 41 65536
2024-09-09 11:38:54,268 [DEBUG]  STREAM b'IHDR' 16 13
2024-09-09 11:38:54,268 [DEBUG]  STREAM b'IDAT' 41 65536
2024-09-09 11:38:54,272 [DEBUG]  STREAM b'IHDR' 16 13
2024-09-09 11:38:54,272 [DEBUG]  STREAM b'IDAT' 41 65536
2024-09-09 11:38:54,276 [DEBUG]  STREAM b'IHDR' 16 13
2024-09-09 11:38:54,276 [DEBUG]  STREAM b'IDAT' 41 65536
2024-09-09 11:38:54,280 [DEBUG]  STREAM b'IHDR' 16 13
2024-09-09 11:38:54,280 [DEBUG]  STREAM b'IDAT' 41 65536
2024-09-09 11:38:54,286 [DEBUG]  STREAM b'IHDR' 16 13
2024-09-09 11:38:54,286 [DEBUG]  STREAM b'IDAT' 41 65536
2024-09-09 11:38:54,290 [DEBUG]  STREAM b'IHDR' 16 13
2024-09-09 11:38:54,290 [DEBUG]  STREAM b'IDAT' 41 65536
2024-09-09 11:38:54,294 [DEBUG]  STREAM b'IHDR' 16 13
2024-09-09 11:38:54,294 [DEBUG]  STREAM b'IDAT' 41 65536
2024-09-09 11:38:54,298 [DEBUG]  STREAM b'IHDR' 16 13
2024-09-09 11:38:54,298 [DEBUG]  STREAM b'IDAT' 41 65536
2024-09-09 11:38:54,303 [DEBUG]  STREAM b'IHDR' 16 13
2024-09-09 11:38:54,303 [DEBUG]  STREAM b'IDAT' 41 65536
2024-09-09 11:38:54,308 [DEBUG]  STREAM b'IHDR' 16 13
2024-09-09 11:38:54,308 [DEBUG]  STREAM b'IDAT' 41 65536
2024-09-09 11:38:54,312 [DEBUG]  STREAM b'IHDR' 16 13
2024-09-09 11:38:54,312 [DEBUG]  STREAM b'IDAT' 41 65536
2024-09-09 11:38:54,317 [DEBUG]  STREAM b'IHDR' 16 13
2024-09-09 11:38:54,317 [DEBUG]  STREAM b'IDAT' 41 65536
2024-09-09 11:38:54,323 [DEBUG]  STREAM b'IHDR' 16 13
2024-09-09 11:38:54,323 [DEBUG]  STREAM b'IDAT' 41 65536
2024-09-09 11:38:54,327 [DEBUG]  STREAM b'IHDR' 16 13
2024-09-09 11:38:54,327 [DEBUG]  STREAM b'IDAT' 41 65536
2024-09-09 11:38:54,331 [DEBUG]  STREAM b'IHDR' 16 13
2024-09-09 11:38:54,331 [DEBUG]  STREAM b'IDAT' 41 65536
2024-09-09 11:38:54,335 [DEBUG]  STREAM b'IHDR' 16 13
2024-09-09 11:38:54,335 [DEBUG]  STREAM b'IDAT' 41 65536
2024-09-09 11:38:54,344 [DEBUG]  GraphTrial.log 299.886 visit state = 3
2024-09-09 11:38:54,349 [DEBUG]  GraphTrial.log 299.891 start flip_time = 299.8912737083333
2024-09-09 11:38:54,354 [DEBUG]  GraphTrial.log 299.896 get move selected = 5
2024-09-09 11:38:56,299 [DEBUG]  GraphTrial.log 301.841 switch selected = 0
2024-09-09 11:38:57,162 [DEBUG]  GraphTrial.log 302.704 select selected = 0
2024-09-09 11:38:57,162 [DEBUG]  GraphTrial.log 302.704 visit state = 0
2024-09-09 11:38:57,171 [DEBUG]  GraphTrial.log 302.713 get move selected = 9
2024-09-09 11:38:57,418 [DEBUG]  GraphTrial.log 302.960 select selected = 9
2024-09-09 11:38:57,418 [DEBUG]  GraphTrial.log 302.960 visit state = 9
2024-09-09 11:38:59,260 [DEBUG]  GraphTrial.log 304.802 done 
2024-09-09 11:38:59,260 [INFO]  end trial [{"time": 297.11221075000003, "event": "begin drift_check"}, {"time": 299.53267779166663, "event": "initialize", "status": null}, {"time": 299.53298162500005, "event": "start recording"}, {"time": 299.65870099999984, "event": "show graph"}, {"time": 299.88624495833346, "event": "visit", "state": 3}, {"time": 299.8912892916669, "event": "start", "flip_time": 299.8912737083333}, {"time": 299.8959872083333, "event": "get move", "selected": 5}, {"time": 301.84055624999974, "event": "switch", "selected": 0}, {"time": 302.70384158333354, "event": "select", "selected": 0}, {"time": 302.70391374999963, "event": "visit", "state": 0}, {"time": 302.71328879166686, "event": "get move", "selected": 9}, {"time": 302.95957629166696, "event": "select", "selected": 9}, {"time": 302.9596368749999, "event": "visit", "state": 9}, {"time": 304.8017072083335, "event": "done"}]
2024-09-09 11:38:59,260 [INFO]  stop_recording
2024-09-09 11:38:59,275 [INFO]  gt.status is None
2024-09-09 11:38:59,276 [DEBUG]  add bonus points 5 (total = 58)
2024-09-09 11:38:59,276 [INFO]  Trial 4 of 260
2024-09-09 11:39:00,562 [INFO]  begin trial {"kind": "GraphTrial", "graph": [[], [], [], [], [], [7, 6], [4, 2], [3, 9], [10, 1], [], [1, 0]], "rewards": [3, -4, -2, -2, 1, null, -2, -4, -2, 2, -1], "reward_info": {"-4": {"desc": "pattern_1", "image": "images[0]"}, "-3": {"desc": "pattern_2", "image": "images[1]"}, "-2": {"desc": "pattern_3", "image": "images[2]"}, "-1": {"desc": "pattern_4", "image": "images[3]"}, "0": {"desc": "pattern_5", "image": "images[4]"}, "1": {"desc": "pattern_6", "image": "images[5]"}, "2": {"desc": "pattern_7", "image": "images[6]"}, "3": {"desc": "pattern_8", "image": "images[7]"}, "4": {"desc": "pattern_9", "image": "images[8]"}}, "initial_stage": "planning", "hide_states": false, "hide_rewards_while_acting": false, "hide_edges_while_acting": false, "gaze_contingent": false, "gaze_tolerance": 1.5, "fixation_lag": 0.5, "start": 5}
2024-09-09 11:39:00,562 [INFO]  <eyetracking.EyeLink object at 0x3177c5370>
2024-09-09 11:39:00,562 [DEBUG]  GraphTrial.log 306.104 begin drift_check 
2024-09-09 11:39:05,379 [DEBUG]  GraphTrial.log 310.921 initialize status = None
2024-09-09 11:39:05,379 [DEBUG]  GraphTrial.log 310.921 start recording 
2024-09-09 11:39:05,380 [INFO]  start_recording
2024-09-09 11:39:05,506 [DEBUG]  GraphTrial.log 311.048 show graph 
2024-09-09 11:39:05,516 [DEBUG]  STREAM b'IHDR' 16 13
2024-09-09 11:39:05,516 [DEBUG]  STREAM b'IDAT' 41 65536
2024-09-09 11:39:05,529 [DEBUG]  STREAM b'IHDR' 16 13
2024-09-09 11:39:05,529 [DEBUG]  STREAM b'IDAT' 41 65536
2024-09-09 11:39:05,539 [DEBUG]  STREAM b'IHDR' 16 13
2024-09-09 11:39:05,540 [DEBUG]  STREAM b'IDAT' 41 65536
2024-09-09 11:39:05,548 [DEBUG]  STREAM b'IHDR' 16 13
2024-09-09 11:39:05,548 [DEBUG]  STREAM b'IDAT' 41 65536
2024-09-09 11:39:05,558 [DEBUG]  STREAM b'IHDR' 16 13
2024-09-09 11:39:05,558 [DEBUG]  STREAM b'IDAT' 41 65536
2024-09-09 11:39:05,565 [DEBUG]  STREAM b'IHDR' 16 13
2024-09-09 11:39:05,565 [DEBUG]  STREAM b'IDAT' 41 65536
2024-09-09 11:39:05,570 [DEBUG]  STREAM b'IHDR' 16 13
2024-09-09 11:39:05,570 [DEBUG]  STREAM b'IDAT' 41 65536
2024-09-09 11:39:05,576 [DEBUG]  STREAM b'IHDR' 16 13
2024-09-09 11:39:05,576 [DEBUG]  STREAM b'IDAT' 41 65536
2024-09-09 11:39:05,582 [DEBUG]  STREAM b'IHDR' 16 13
2024-09-09 11:39:05,583 [DEBUG]  STREAM b'IDAT' 41 65536
2024-09-09 11:39:05,587 [DEBUG]  STREAM b'IHDR' 16 13
2024-09-09 11:39:05,587 [DEBUG]  STREAM b'IDAT' 41 65536
2024-09-09 11:39:05,592 [DEBUG]  STREAM b'IHDR' 16 13
2024-09-09 11:39:05,592 [DEBUG]  STREAM b'IDAT' 41 65536
2024-09-09 11:39:05,597 [DEBUG]  STREAM b'IHDR' 16 13
2024-09-09 11:39:05,597 [DEBUG]  STREAM b'IDAT' 41 65536
2024-09-09 11:39:05,603 [DEBUG]  STREAM b'IHDR' 16 13
2024-09-09 11:39:05,603 [DEBUG]  STREAM b'IDAT' 41 65536
2024-09-09 11:39:05,607 [DEBUG]  STREAM b'IHDR' 16 13
2024-09-09 11:39:05,607 [DEBUG]  STREAM b'IDAT' 41 65536
2024-09-09 11:39:05,611 [DEBUG]  STREAM b'IHDR' 16 13
2024-09-09 11:39:05,611 [DEBUG]  STREAM b'IDAT' 41 65536
2024-09-09 11:39:05,615 [DEBUG]  STREAM b'IHDR' 16 13
2024-09-09 11:39:05,615 [DEBUG]  STREAM b'IDAT' 41 65536
2024-09-09 11:39:05,621 [DEBUG]  STREAM b'IHDR' 16 13
2024-09-09 11:39:05,621 [DEBUG]  STREAM b'IDAT' 41 65536
2024-09-09 11:39:05,625 [DEBUG]  STREAM b'IHDR' 16 13
2024-09-09 11:39:05,625 [DEBUG]  STREAM b'IDAT' 41 65536
2024-09-09 11:39:05,629 [DEBUG]  STREAM b'IHDR' 16 13
2024-09-09 11:39:05,629 [DEBUG]  STREAM b'IDAT' 41 65536
2024-09-09 11:39:05,633 [DEBUG]  STREAM b'IHDR' 16 13
2024-09-09 11:39:05,633 [DEBUG]  STREAM b'IDAT' 41 65536
2024-09-09 11:39:05,640 [DEBUG]  STREAM b'IHDR' 16 13
2024-09-09 11:39:05,640 [DEBUG]  STREAM b'IDAT' 41 65536
2024-09-09 11:39:05,644 [DEBUG]  STREAM b'IHDR' 16 13
2024-09-09 11:39:05,644 [DEBUG]  STREAM b'IDAT' 41 65536
2024-09-09 11:39:05,648 [DEBUG]  STREAM b'IHDR' 16 13
2024-09-09 11:39:05,648 [DEBUG]  STREAM b'IDAT' 41 65536
2024-09-09 11:39:05,652 [DEBUG]  STREAM b'IHDR' 16 13
2024-09-09 11:39:05,652 [DEBUG]  STREAM b'IDAT' 41 65536
2024-09-09 11:39:05,658 [DEBUG]  STREAM b'IHDR' 16 13
2024-09-09 11:39:05,658 [DEBUG]  STREAM b'IDAT' 41 65536
2024-09-09 11:39:05,662 [DEBUG]  STREAM b'IHDR' 16 13
2024-09-09 11:39:05,662 [DEBUG]  STREAM b'IDAT' 41 65536
2024-09-09 11:39:05,666 [DEBUG]  STREAM b'IHDR' 16 13
2024-09-09 11:39:05,666 [DEBUG]  STREAM b'IDAT' 41 65536
2024-09-09 11:39:05,670 [DEBUG]  STREAM b'IHDR' 16 13
2024-09-09 11:39:05,670 [DEBUG]  STREAM b'IDAT' 41 65536
2024-09-09 11:39:05,676 [DEBUG]  STREAM b'IHDR' 16 13
2024-09-09 11:39:05,676 [DEBUG]  STREAM b'IDAT' 41 65536
2024-09-09 11:39:05,680 [DEBUG]  STREAM b'IHDR' 16 13
2024-09-09 11:39:05,680 [DEBUG]  STREAM b'IDAT' 41 65536
2024-09-09 11:39:05,684 [DEBUG]  STREAM b'IHDR' 16 13
2024-09-09 11:39:05,684 [DEBUG]  STREAM b'IDAT' 41 65536
2024-09-09 11:39:05,688 [DEBUG]  STREAM b'IHDR' 16 13
2024-09-09 11:39:05,688 [DEBUG]  STREAM b'IDAT' 41 65536
2024-09-09 11:39:05,693 [DEBUG]  STREAM b'IHDR' 16 13
2024-09-09 11:39:05,693 [DEBUG]  STREAM b'IDAT' 41 65536
2024-09-09 11:39:05,698 [DEBUG]  STREAM b'IHDR' 16 13
2024-09-09 11:39:05,698 [DEBUG]  STREAM b'IDAT' 41 65536
2024-09-09 11:39:05,702 [DEBUG]  STREAM b'IHDR' 16 13
2024-09-09 11:39:05,702 [DEBUG]  STREAM b'IDAT' 41 65536
2024-09-09 11:39:05,706 [DEBUG]  STREAM b'IHDR' 16 13
2024-09-09 11:39:05,706 [DEBUG]  STREAM b'IDAT' 41 65536
2024-09-09 11:39:05,712 [DEBUG]  STREAM b'IHDR' 16 13
2024-09-09 11:39:05,712 [DEBUG]  STREAM b'IDAT' 41 65536
2024-09-09 11:39:05,716 [DEBUG]  STREAM b'IHDR' 16 13
2024-09-09 11:39:05,716 [DEBUG]  STREAM b'IDAT' 41 65536
2024-09-09 11:39:05,720 [DEBUG]  STREAM b'IHDR' 16 13
2024-09-09 11:39:05,720 [DEBUG]  STREAM b'IDAT' 41 65536
2024-09-09 11:39:05,724 [DEBUG]  STREAM b'IHDR' 16 13
2024-09-09 11:39:05,724 [DEBUG]  STREAM b'IDAT' 41 65536
2024-09-09 11:39:05,735 [DEBUG]  GraphTrial.log 311.276 visit state = 5
2024-09-09 11:39:05,740 [DEBUG]  GraphTrial.log 311.281 start flip_time = 311.2813238333333
2024-09-09 11:39:05,744 [DEBUG]  GraphTrial.log 311.286 get move selected = 7
2024-09-09 11:39:07,819 [DEBUG]  GraphTrial.log 313.361 switch selected = 6
2024-09-09 11:39:08,554 [DEBUG]  GraphTrial.log 314.096 switch selected = 7
2024-09-09 11:39:10,370 [DEBUG]  GraphTrial.log 315.912 switch selected = 6
2024-09-09 11:39:14,114 [DEBUG]  GraphTrial.log 319.656 switch selected = 7
2024-09-09 11:39:14,906 [DEBUG]  GraphTrial.log 320.448 select selected = 7
2024-09-09 11:39:14,906 [DEBUG]  GraphTrial.log 320.448 visit state = 7
2024-09-09 11:39:14,915 [DEBUG]  GraphTrial.log 320.457 get move selected = 3
2024-09-09 11:39:15,130 [DEBUG]  GraphTrial.log 320.671 select selected = 3
2024-09-09 11:39:15,130 [DEBUG]  GraphTrial.log 320.672 visit state = 3
2024-09-09 11:39:16,974 [DEBUG]  GraphTrial.log 322.516 done 
2024-09-09 11:39:16,975 [INFO]  end trial [{"time": 306.1042373749997, "event": "begin drift_check"}, {"time": 310.92087291666667, "event": "initialize", "status": null}, {"time": 310.92121966666673, "event": "start recording"}, {"time": 311.0482544583333, "event": "show graph"}, {"time": 311.27636420833323, "event": "visit", "state": 5}, {"time": 311.2813402083334, "event": "start", "flip_time": 311.2813238333333}, {"time": 311.285856125, "event": "get move", "selected": 7}, {"time": 313.3605089583334, "event": "switch", "selected": 6}, {"time": 314.0962472916667, "event": "switch", "selected": 7}, {"time": 315.9121876666668, "event": "switch", "selected": 6}, {"time": 319.65628379166674, "event": "switch", "selected": 7}, {"time": 320.44773491666683, "event": "select", "selected": 7}, {"time": 320.44780879166683, "event": "visit", "state": 7}, {"time": 320.45701762499993, "event": "get move", "selected": 3}, {"time": 320.67146562499966, "event": "select", "selected": 3}, {"time": 320.6715379166667, "event": "visit", "state": 3}, {"time": 322.5162439999999, "event": "done"}]
2024-09-09 11:39:16,975 [INFO]  stop_recording
2024-09-09 11:39:16,991 [INFO]  gt.status is None
2024-09-09 11:39:16,991 [DEBUG]  add bonus points -6 (total = 52)
2024-09-09 11:39:16,991 [INFO]  Trial 5 of 260
2024-09-09 11:39:20,386 [INFO]  begin trial {"kind": "GraphTrial", "graph": [[7, 1], [], [4, 6], [], [], [3, 8], [], [], [], [0, 7], [5, 2]], "rewards": [0, 1, -4, 1, -3, 1, -1, 1, -1, -4, null], "reward_info": {"-4": {"desc": "pattern_1", "image": "images[0]"}, "-3": {"desc": "pattern_2", "image": "images[1]"}, "-2": {"desc": "pattern_3", "image": "images[2]"}, "-1": {"desc": "pattern_4", "image": "images[3]"}, "0": {"desc": "pattern_5", "image": "images[4]"}, "1": {"desc": "pattern_6", "image": "images[5]"}, "2": {"desc": "pattern_7", "image": "images[6]"}, "3": {"desc": "pattern_8", "image": "images[7]"}, "4": {"desc": "pattern_9", "image": "images[8]"}}, "initial_stage": "planning", "hide_states": false, "hide_rewards_while_acting": false, "hide_edges_while_acting": false, "gaze_contingent": false, "gaze_tolerance": 1.5, "fixation_lag": 0.5, "start": 10}
2024-09-09 11:39:20,386 [INFO]  <eyetracking.EyeLink object at 0x3177c5370>
2024-09-09 11:39:20,386 [DEBUG]  GraphTrial.log 325.928 begin drift_check 
2024-09-09 11:39:39,912 [DEBUG]  GraphTrial.log 345.454 initialize status = None
2024-09-09 11:39:39,912 [DEBUG]  GraphTrial.log 345.454 start recording 
2024-09-09 11:39:39,912 [INFO]  start_recording
2024-09-09 11:39:40,039 [DEBUG]  GraphTrial.log 345.580 show graph 
2024-09-09 11:39:40,047 [DEBUG]  STREAM b'IHDR' 16 13
2024-09-09 11:39:40,047 [DEBUG]  STREAM b'IDAT' 41 65536
2024-09-09 11:39:40,060 [DEBUG]  STREAM b'IHDR' 16 13
2024-09-09 11:39:40,060 [DEBUG]  STREAM b'IDAT' 41 65536
2024-09-09 11:39:40,070 [DEBUG]  STREAM b'IHDR' 16 13
2024-09-09 11:39:40,070 [DEBUG]  STREAM b'IDAT' 41 65536
2024-09-09 11:39:40,079 [DEBUG]  STREAM b'IHDR' 16 13
2024-09-09 11:39:40,079 [DEBUG]  STREAM b'IDAT' 41 65536
2024-09-09 11:39:40,089 [DEBUG]  STREAM b'IHDR' 16 13
2024-09-09 11:39:40,089 [DEBUG]  STREAM b'IDAT' 41 65536
2024-09-09 11:39:40,095 [DEBUG]  STREAM b'IHDR' 16 13
2024-09-09 11:39:40,095 [DEBUG]  STREAM b'IDAT' 41 65536
2024-09-09 11:39:40,101 [DEBUG]  STREAM b'IHDR' 16 13
2024-09-09 11:39:40,101 [DEBUG]  STREAM b'IDAT' 41 65536
2024-09-09 11:39:40,106 [DEBUG]  STREAM b'IHDR' 16 13
2024-09-09 11:39:40,106 [DEBUG]  STREAM b'IDAT' 41 65536
2024-09-09 11:39:40,113 [DEBUG]  STREAM b'IHDR' 16 13
2024-09-09 11:39:40,114 [DEBUG]  STREAM b'IDAT' 41 65536
2024-09-09 11:39:40,119 [DEBUG]  STREAM b'IHDR' 16 13
2024-09-09 11:39:40,119 [DEBUG]  STREAM b'IDAT' 41 65536
2024-09-09 11:39:40,123 [DEBUG]  STREAM b'IHDR' 16 13
2024-09-09 11:39:40,123 [DEBUG]  STREAM b'IDAT' 41 65536
2024-09-09 11:39:40,128 [DEBUG]  STREAM b'IHDR' 16 13
2024-09-09 11:39:40,128 [DEBUG]  STREAM b'IDAT' 41 65536
2024-09-09 11:39:40,134 [DEBUG]  STREAM b'IHDR' 16 13
2024-09-09 11:39:40,134 [DEBUG]  STREAM b'IDAT' 41 65536
2024-09-09 11:39:40,139 [DEBUG]  STREAM b'IHDR' 16 13
2024-09-09 11:39:40,139 [DEBUG]  STREAM b'IDAT' 41 65536
2024-09-09 11:39:40,143 [DEBUG]  STREAM b'IHDR' 16 13
2024-09-09 11:39:40,143 [DEBUG]  STREAM b'IDAT' 41 65536
2024-09-09 11:39:40,147 [DEBUG]  STREAM b'IHDR' 16 13
2024-09-09 11:39:40,147 [DEBUG]  STREAM b'IDAT' 41 65536
2024-09-09 11:39:40,153 [DEBUG]  STREAM b'IHDR' 16 13
2024-09-09 11:39:40,153 [DEBUG]  STREAM b'IDAT' 41 65536
2024-09-09 11:39:40,157 [DEBUG]  STREAM b'IHDR' 16 13
2024-09-09 11:39:40,157 [DEBUG]  STREAM b'IDAT' 41 65536
2024-09-09 11:39:40,161 [DEBUG]  STREAM b'IHDR' 16 13
2024-09-09 11:39:40,161 [DEBUG]  STREAM b'IDAT' 41 65536
2024-09-09 11:39:40,165 [DEBUG]  STREAM b'IHDR' 16 13
2024-09-09 11:39:40,165 [DEBUG]  STREAM b'IDAT' 41 65536
2024-09-09 11:39:40,171 [DEBUG]  STREAM b'IHDR' 16 13
2024-09-09 11:39:40,171 [DEBUG]  STREAM b'IDAT' 41 65536
2024-09-09 11:39:40,175 [DEBUG]  STREAM b'IHDR' 16 13
2024-09-09 11:39:40,175 [DEBUG]  STREAM b'IDAT' 41 65536
2024-09-09 11:39:40,179 [DEBUG]  STREAM b'IHDR' 16 13
2024-09-09 11:39:40,179 [DEBUG]  STREAM b'IDAT' 41 65536
2024-09-09 11:39:40,183 [DEBUG]  STREAM b'IHDR' 16 13
2024-09-09 11:39:40,183 [DEBUG]  STREAM b'IDAT' 41 65536
2024-09-09 11:39:40,188 [DEBUG]  STREAM b'IHDR' 16 13
2024-09-09 11:39:40,188 [DEBUG]  STREAM b'IDAT' 41 65536
2024-09-09 11:39:40,193 [DEBUG]  STREAM b'IHDR' 16 13
2024-09-09 11:39:40,193 [DEBUG]  STREAM b'IDAT' 41 65536
2024-09-09 11:39:40,197 [DEBUG]  STREAM b'IHDR' 16 13
2024-09-09 11:39:40,197 [DEBUG]  STREAM b'IDAT' 41 65536
2024-09-09 11:39:40,201 [DEBUG]  STREAM b'IHDR' 16 13
2024-09-09 11:39:40,201 [DEBUG]  STREAM b'IDAT' 41 65536
2024-09-09 11:39:40,206 [DEBUG]  STREAM b'IHDR' 16 13
2024-09-09 11:39:40,206 [DEBUG]  STREAM b'IDAT' 41 65536
2024-09-09 11:39:40,210 [DEBUG]  STREAM b'IHDR' 16 13
2024-09-09 11:39:40,210 [DEBUG]  STREAM b'IDAT' 41 65536
2024-09-09 11:39:40,214 [DEBUG]  STREAM b'IHDR' 16 13
2024-09-09 11:39:40,214 [DEBUG]  STREAM b'IDAT' 41 65536
2024-09-09 11:39:40,218 [DEBUG]  STREAM b'IHDR' 16 13
2024-09-09 11:39:40,218 [DEBUG]  STREAM b'IDAT' 41 65536
2024-09-09 11:39:40,224 [DEBUG]  STREAM b'IHDR' 16 13
2024-09-09 11:39:40,224 [DEBUG]  STREAM b'IDAT' 41 65536
2024-09-09 11:39:40,228 [DEBUG]  STREAM b'IHDR' 16 13
2024-09-09 11:39:40,228 [DEBUG]  STREAM b'IDAT' 41 65536
2024-09-09 11:39:40,232 [DEBUG]  STREAM b'IHDR' 16 13
2024-09-09 11:39:40,232 [DEBUG]  STREAM b'IDAT' 41 65536
2024-09-09 11:39:40,236 [DEBUG]  STREAM b'IHDR' 16 13
2024-09-09 11:39:40,236 [DEBUG]  STREAM b'IDAT' 41 65536
2024-09-09 11:39:40,241 [DEBUG]  STREAM b'IHDR' 16 13
2024-09-09 11:39:40,241 [DEBUG]  STREAM b'IDAT' 41 65536
2024-09-09 11:39:40,246 [DEBUG]  STREAM b'IHDR' 16 13
2024-09-09 11:39:40,246 [DEBUG]  STREAM b'IDAT' 41 65536
2024-09-09 11:39:40,250 [DEBUG]  STREAM b'IHDR' 16 13
2024-09-09 11:39:40,250 [DEBUG]  STREAM b'IDAT' 41 65536
2024-09-09 11:39:40,254 [DEBUG]  STREAM b'IHDR' 16 13
2024-09-09 11:39:40,254 [DEBUG]  STREAM b'IDAT' 41 65536
2024-09-09 11:39:40,265 [DEBUG]  GraphTrial.log 345.807 visit state = 10
2024-09-09 11:39:40,270 [DEBUG]  GraphTrial.log 345.812 start flip_time = 345.81155816666706
2024-09-09 11:39:40,277 [DEBUG]  GraphTrial.log 345.819 get move selected = 2
2024-09-09 11:39:42,099 [DEBUG]  GraphTrial.log 347.640 switch selected = 5
2024-09-09 11:39:42,866 [DEBUG]  GraphTrial.log 348.408 switch selected = 2
2024-09-09 11:39:44,170 [DEBUG]  GraphTrial.log 349.712 switch selected = 5
2024-09-09 11:39:47,426 [DEBUG]  GraphTrial.log 352.968 select selected = 5
2024-09-09 11:39:47,426 [DEBUG]  GraphTrial.log 352.968 visit state = 5
2024-09-09 11:39:47,436 [DEBUG]  GraphTrial.log 352.978 get move selected = 8
2024-09-09 11:39:47,746 [DEBUG]  GraphTrial.log 353.287 select selected = 8
2024-09-09 11:39:47,746 [DEBUG]  GraphTrial.log 353.288 visit state = 8
2024-09-09 11:39:49,576 [DEBUG]  GraphTrial.log 355.118 done 
2024-09-09 11:39:49,577 [INFO]  end trial [{"time": 325.9281904166669, "event": "begin drift_check"}, {"time": 345.45357883333327, "event": "initialize", "status": null}, {"time": 345.4539088749998, "event": "start recording"}, {"time": 345.58027624999977, "event": "show graph"}, {"time": 345.8065309999997, "event": "visit", "state": 10}, {"time": 345.81157437499996, "event": "start", "flip_time": 345.81155816666706}, {"time": 345.8186065, "event": "get move", "selected": 2}, {"time": 347.6402385416668, "event": "switch", "selected": 5}, {"time": 348.4081975833333, "event": "switch", "selected": 2}, {"time": 349.71220179166676, "event": "switch", "selected": 5}, {"time": 352.96779095833335, "event": "select", "selected": 5}, {"time": 352.9678633333333, "event": "visit", "state": 5}, {"time": 352.97792854166664, "event": "get move", "selected": 8}, {"time": 353.28749295833313, "event": "select", "selected": 8}, {"time": 353.2875554166667, "event": "visit", "state": 8}, {"time": 355.1180801249998, "event": "done"}]
2024-09-09 11:39:49,577 [INFO]  stop_recording
2024-09-09 11:39:49,593 [INFO]  gt.status is None
2024-09-09 11:39:49,593 [DEBUG]  add bonus points 0 (total = 52)
2024-09-09 11:39:49,593 [INFO]  Trial 6 of 260
2024-09-09 11:39:55,938 [INFO]  begin trial {"kind": "GraphTrial", "graph": [[], [8, 2], [], [], [10, 7], [], [], [0, 6], [], [1, 8], [3, 5]], "rewards": [4, -3, 1, 3, null, -1, -1, -3, -4, 0, 1], "reward_info": {"-4": {"desc": "pattern_1", "image": "images[0]"}, "-3": {"desc": "pattern_2", "image": "images[1]"}, "-2": {"desc": "pattern_3", "image": "images[2]"}, "-1": {"desc": "pattern_4", "image": "images[3]"}, "0": {"desc": "pattern_5", "image": "images[4]"}, "1": {"desc": "pattern_6", "image": "images[5]"}, "2": {"desc": "pattern_7", "image": "images[6]"}, "3": {"desc": "pattern_8", "image": "images[7]"}, "4": {"desc": "pattern_9", "image": "images[8]"}}, "initial_stage": "planning", "hide_states": false, "hide_rewards_while_acting": false, "hide_edges_while_acting": false, "gaze_contingent": false, "gaze_tolerance": 1.5, "fixation_lag": 0.5, "start": 4}
2024-09-09 11:39:55,938 [INFO]  <eyetracking.EyeLink object at 0x3177c5370>
2024-09-09 11:39:55,938 [DEBUG]  GraphTrial.log 361.480 begin drift_check 
2024-09-09 11:40:07,959 [DEBUG]  GraphTrial.log 373.501 initialize status = None
2024-09-09 11:40:07,959 [DEBUG]  GraphTrial.log 373.501 start recording 
2024-09-09 11:40:07,959 [INFO]  start_recording
2024-09-09 11:40:08,084 [DEBUG]  GraphTrial.log 373.626 show graph 
2024-09-09 11:40:08,093 [DEBUG]  STREAM b'IHDR' 16 13
2024-09-09 11:40:08,093 [DEBUG]  STREAM b'IDAT' 41 65536
2024-09-09 11:40:08,107 [DEBUG]  STREAM b'IHDR' 16 13
2024-09-09 11:40:08,108 [DEBUG]  STREAM b'IDAT' 41 65536
2024-09-09 11:40:08,118 [DEBUG]  STREAM b'IHDR' 16 13
2024-09-09 11:40:08,118 [DEBUG]  STREAM b'IDAT' 41 65536
2024-09-09 11:40:08,126 [DEBUG]  STREAM b'IHDR' 16 13
2024-09-09 11:40:08,126 [DEBUG]  STREAM b'IDAT' 41 65536
2024-09-09 11:40:08,136 [DEBUG]  STREAM b'IHDR' 16 13
2024-09-09 11:40:08,136 [DEBUG]  STREAM b'IDAT' 41 65536
2024-09-09 11:40:08,142 [DEBUG]  STREAM b'IHDR' 16 13
2024-09-09 11:40:08,142 [DEBUG]  STREAM b'IDAT' 41 65536
2024-09-09 11:40:08,148 [DEBUG]  STREAM b'IHDR' 16 13
2024-09-09 11:40:08,148 [DEBUG]  STREAM b'IDAT' 41 65536
2024-09-09 11:40:08,153 [DEBUG]  STREAM b'IHDR' 16 13
2024-09-09 11:40:08,153 [DEBUG]  STREAM b'IDAT' 41 65536
2024-09-09 11:40:08,160 [DEBUG]  STREAM b'IHDR' 16 13
2024-09-09 11:40:08,160 [DEBUG]  STREAM b'IDAT' 41 65536
2024-09-09 11:40:08,165 [DEBUG]  STREAM b'IHDR' 16 13
2024-09-09 11:40:08,165 [DEBUG]  STREAM b'IDAT' 41 65536
2024-09-09 11:40:08,170 [DEBUG]  STREAM b'IHDR' 16 13
2024-09-09 11:40:08,170 [DEBUG]  STREAM b'IDAT' 41 65536
2024-09-09 11:40:08,174 [DEBUG]  STREAM b'IHDR' 16 13
2024-09-09 11:40:08,174 [DEBUG]  STREAM b'IDAT' 41 65536
2024-09-09 11:40:08,180 [DEBUG]  STREAM b'IHDR' 16 13
2024-09-09 11:40:08,180 [DEBUG]  STREAM b'IDAT' 41 65536
2024-09-09 11:40:08,185 [DEBUG]  STREAM b'IHDR' 16 13
2024-09-09 11:40:08,185 [DEBUG]  STREAM b'IDAT' 41 65536
2024-09-09 11:40:08,190 [DEBUG]  STREAM b'IHDR' 16 13
2024-09-09 11:40:08,190 [DEBUG]  STREAM b'IDAT' 41 65536
2024-09-09 11:40:08,194 [DEBUG]  STREAM b'IHDR' 16 13
2024-09-09 11:40:08,194 [DEBUG]  STREAM b'IDAT' 41 65536
2024-09-09 11:40:08,201 [DEBUG]  STREAM b'IHDR' 16 13
2024-09-09 11:40:08,201 [DEBUG]  STREAM b'IDAT' 41 65536
2024-09-09 11:40:08,206 [DEBUG]  STREAM b'IHDR' 16 13
2024-09-09 11:40:08,206 [DEBUG]  STREAM b'IDAT' 41 65536
2024-09-09 11:40:08,210 [DEBUG]  STREAM b'IHDR' 16 13
2024-09-09 11:40:08,210 [DEBUG]  STREAM b'IDAT' 41 65536
2024-09-09 11:40:08,214 [DEBUG]  STREAM b'IHDR' 16 13
2024-09-09 11:40:08,214 [DEBUG]  STREAM b'IDAT' 41 65536
2024-09-09 11:40:08,219 [DEBUG]  STREAM b'IHDR' 16 13
2024-09-09 11:40:08,219 [DEBUG]  STREAM b'IDAT' 41 65536
2024-09-09 11:40:08,223 [DEBUG]  STREAM b'IHDR' 16 13
2024-09-09 11:40:08,223 [DEBUG]  STREAM b'IDAT' 41 65536
2024-09-09 11:40:08,227 [DEBUG]  STREAM b'IHDR' 16 13
2024-09-09 11:40:08,227 [DEBUG]  STREAM b'IDAT' 41 65536
2024-09-09 11:40:08,231 [DEBUG]  STREAM b'IHDR' 16 13
2024-09-09 11:40:08,231 [DEBUG]  STREAM b'IDAT' 41 65536
2024-09-09 11:40:08,237 [DEBUG]  STREAM b'IHDR' 16 13
2024-09-09 11:40:08,237 [DEBUG]  STREAM b'IDAT' 41 65536
2024-09-09 11:40:08,241 [DEBUG]  STREAM b'IHDR' 16 13
2024-09-09 11:40:08,241 [DEBUG]  STREAM b'IDAT' 41 65536
2024-09-09 11:40:08,245 [DEBUG]  STREAM b'IHDR' 16 13
2024-09-09 11:40:08,245 [DEBUG]  STREAM b'IDAT' 41 65536
2024-09-09 11:40:08,249 [DEBUG]  STREAM b'IHDR' 16 13
2024-09-09 11:40:08,249 [DEBUG]  STREAM b'IDAT' 41 65536
2024-09-09 11:40:08,255 [DEBUG]  STREAM b'IHDR' 16 13
2024-09-09 11:40:08,255 [DEBUG]  STREAM b'IDAT' 41 65536
2024-09-09 11:40:08,259 [DEBUG]  STREAM b'IHDR' 16 13
2024-09-09 11:40:08,259 [DEBUG]  STREAM b'IDAT' 41 65536
2024-09-09 11:40:08,263 [DEBUG]  STREAM b'IHDR' 16 13
2024-09-09 11:40:08,263 [DEBUG]  STREAM b'IDAT' 41 65536
2024-09-09 11:40:08,267 [DEBUG]  STREAM b'IHDR' 16 13
2024-09-09 11:40:08,267 [DEBUG]  STREAM b'IDAT' 41 65536
2024-09-09 11:40:08,273 [DEBUG]  STREAM b'IHDR' 16 13
2024-09-09 11:40:08,273 [DEBUG]  STREAM b'IDAT' 41 65536
2024-09-09 11:40:08,277 [DEBUG]  STREAM b'IHDR' 16 13
2024-09-09 11:40:08,277 [DEBUG]  STREAM b'IDAT' 41 65536
2024-09-09 11:40:08,281 [DEBUG]  STREAM b'IHDR' 16 13
2024-09-09 11:40:08,281 [DEBUG]  STREAM b'IDAT' 41 65536
2024-09-09 11:40:08,285 [DEBUG]  STREAM b'IHDR' 16 13
2024-09-09 11:40:08,285 [DEBUG]  STREAM b'IDAT' 41 65536
2024-09-09 11:40:08,291 [DEBUG]  STREAM b'IHDR' 16 13
2024-09-09 11:40:08,291 [DEBUG]  STREAM b'IDAT' 41 65536
2024-09-09 11:40:08,295 [DEBUG]  STREAM b'IHDR' 16 13
2024-09-09 11:40:08,295 [DEBUG]  STREAM b'IDAT' 41 65536
2024-09-09 11:40:08,299 [DEBUG]  STREAM b'IHDR' 16 13
2024-09-09 11:40:08,299 [DEBUG]  STREAM b'IDAT' 41 65536
2024-09-09 11:40:08,303 [DEBUG]  STREAM b'IHDR' 16 13
2024-09-09 11:40:08,303 [DEBUG]  STREAM b'IDAT' 41 65536
2024-09-09 11:40:08,313 [DEBUG]  GraphTrial.log 373.855 visit state = 4
2024-09-09 11:40:08,318 [DEBUG]  GraphTrial.log 373.860 start flip_time = 373.8601266249998
2024-09-09 11:40:08,323 [DEBUG]  GraphTrial.log 373.865 get move selected = 7
2024-09-09 11:40:09,579 [DEBUG]  GraphTrial.log 375.121 switch selected = 10
2024-09-09 11:40:10,058 [DEBUG]  GraphTrial.log 375.600 switch selected = 7
2024-09-09 11:40:11,499 [DEBUG]  GraphTrial.log 377.040 switch selected = 10
2024-09-09 11:40:13,746 [DEBUG]  GraphTrial.log 379.288 select selected = 10
2024-09-09 11:40:13,746 [DEBUG]  GraphTrial.log 379.288 visit state = 10
2024-09-09 11:40:13,757 [DEBUG]  GraphTrial.log 379.298 get move selected = 3
2024-09-09 11:40:14,378 [DEBUG]  GraphTrial.log 379.920 select selected = 3
2024-09-09 11:40:14,378 [DEBUG]  GraphTrial.log 379.920 visit state = 3
2024-09-09 11:40:16,210 [DEBUG]  GraphTrial.log 381.751 done 
2024-09-09 11:40:16,210 [INFO]  end trial [{"time": 361.4801952499997, "event": "begin drift_check"}, {"time": 373.5005299166669, "event": "initialize", "status": null}, {"time": 373.5007140416669, "event": "start recording"}, {"time": 373.626101166667, "event": "show graph"}, {"time": 373.85467058333325, "event": "visit", "state": 4}, {"time": 373.86014399999976, "event": "start", "flip_time": 373.8601266249998}, {"time": 373.86494912499984, "event": "get move", "selected": 7}, {"time": 375.120565875, "event": "switch", "selected": 10}, {"time": 375.60003870833316, "event": "switch", "selected": 7}, {"time": 377.04021650000004, "event": "switch", "selected": 10}, {"time": 379.2879346249997, "event": "select", "selected": 10}, {"time": 379.28801625000006, "event": "visit", "state": 10}, {"time": 379.2981939166666, "event": "get move", "selected": 3}, {"time": 379.9197037499998, "event": "select", "selected": 3}, {"time": 379.91976424999984, "event": "visit", "state": 3}, {"time": 381.7514306666667, "event": "done"}]
2024-09-09 11:40:16,210 [INFO]  stop_recording
2024-09-09 11:40:16,227 [INFO]  gt.status is None
2024-09-09 11:40:16,227 [DEBUG]  add bonus points 4 (total = 56)
2024-09-09 11:40:16,227 [INFO]  Trial 7 of 260
2024-09-09 11:40:22,547 [INFO]  begin trial {"kind": "GraphTrial", "graph": [[4, 10], [9, 8], [0, 6], [], [], [], [3, 7], [], [], [8, 5], []], "rewards": [4, -1, null, 3, 0, 4, -3, -4, -3, -2, 2], "reward_info": {"-4": {"desc": "pattern_1", "image": "images[0]"}, "-3": {"desc": "pattern_2", "image": "images[1]"}, "-2": {"desc": "pattern_3", "image": "images[2]"}, "-1": {"desc": "pattern_4", "image": "images[3]"}, "0": {"desc": "pattern_5", "image": "images[4]"}, "1": {"desc": "pattern_6", "image": "images[5]"}, "2": {"desc": "pattern_7", "image": "images[6]"}, "3": {"desc": "pattern_8", "image": "images[7]"}, "4": {"desc": "pattern_9", "image": "images[8]"}}, "initial_stage": "planning", "hide_states": false, "hide_rewards_while_acting": false, "hide_edges_while_acting": false, "gaze_contingent": false, "gaze_tolerance": 1.5, "fixation_lag": 0.5, "start": 2}
2024-09-09 11:40:22,547 [INFO]  <eyetracking.EyeLink object at 0x3177c5370>
2024-09-09 11:40:22,547 [DEBUG]  GraphTrial.log 388.088 begin drift_check 
2024-09-09 11:41:24,660 [INFO]  escape in drift correct
2024-09-09 11:41:26,964 [INFO]  drift check keys ['c']
2024-09-09 11:41:29,995 [DEBUG]  GraphTrial.log 455.537 initialize status = ok
2024-09-09 11:41:29,996 [DEBUG]  GraphTrial.log 455.537 start recording 
2024-09-09 11:41:29,996 [INFO]  start_recording
2024-09-09 11:41:30,120 [DEBUG]  GraphTrial.log 455.661 show graph 
2024-09-09 11:41:30,128 [DEBUG]  STREAM b'IHDR' 16 13
2024-09-09 11:41:30,128 [DEBUG]  STREAM b'IDAT' 41 65536
2024-09-09 11:41:30,141 [DEBUG]  STREAM b'IHDR' 16 13
2024-09-09 11:41:30,141 [DEBUG]  STREAM b'IDAT' 41 65536
2024-09-09 11:41:30,152 [DEBUG]  STREAM b'IHDR' 16 13
2024-09-09 11:41:30,152 [DEBUG]  STREAM b'IDAT' 41 65536
2024-09-09 11:41:30,161 [DEBUG]  STREAM b'IHDR' 16 13
2024-09-09 11:41:30,161 [DEBUG]  STREAM b'IDAT' 41 65536
2024-09-09 11:41:30,171 [DEBUG]  STREAM b'IHDR' 16 13
2024-09-09 11:41:30,171 [DEBUG]  STREAM b'IDAT' 41 65536
2024-09-09 11:41:30,177 [DEBUG]  STREAM b'IHDR' 16 13
2024-09-09 11:41:30,177 [DEBUG]  STREAM b'IDAT' 41 65536
2024-09-09 11:41:30,183 [DEBUG]  STREAM b'IHDR' 16 13
2024-09-09 11:41:30,183 [DEBUG]  STREAM b'IDAT' 41 65536
2024-09-09 11:41:30,188 [DEBUG]  STREAM b'IHDR' 16 13
2024-09-09 11:41:30,188 [DEBUG]  STREAM b'IDAT' 41 65536
2024-09-09 11:41:30,196 [DEBUG]  STREAM b'IHDR' 16 13
2024-09-09 11:41:30,196 [DEBUG]  STREAM b'IDAT' 41 65536
2024-09-09 11:41:30,201 [DEBUG]  STREAM b'IHDR' 16 13
2024-09-09 11:41:30,201 [DEBUG]  STREAM b'IDAT' 41 65536
2024-09-09 11:41:30,206 [DEBUG]  STREAM b'IHDR' 16 13
2024-09-09 11:41:30,206 [DEBUG]  STREAM b'IDAT' 41 65536
2024-09-09 11:41:30,211 [DEBUG]  STREAM b'IHDR' 16 13
2024-09-09 11:41:30,211 [DEBUG]  STREAM b'IDAT' 41 65536
2024-09-09 11:41:30,217 [DEBUG]  STREAM b'IHDR' 16 13
2024-09-09 11:41:30,217 [DEBUG]  STREAM b'IDAT' 41 65536
2024-09-09 11:41:30,222 [DEBUG]  STREAM b'IHDR' 16 13
2024-09-09 11:41:30,222 [DEBUG]  STREAM b'IDAT' 41 65536
2024-09-09 11:41:30,226 [DEBUG]  STREAM b'IHDR' 16 13
2024-09-09 11:41:30,226 [DEBUG]  STREAM b'IDAT' 41 65536
2024-09-09 11:41:30,230 [DEBUG]  STREAM b'IHDR' 16 13
2024-09-09 11:41:30,230 [DEBUG]  STREAM b'IDAT' 41 65536
2024-09-09 11:41:30,236 [DEBUG]  STREAM b'IHDR' 16 13
2024-09-09 11:41:30,236 [DEBUG]  STREAM b'IDAT' 41 65536
2024-09-09 11:41:30,241 [DEBUG]  STREAM b'IHDR' 16 13
2024-09-09 11:41:30,241 [DEBUG]  STREAM b'IDAT' 41 65536
2024-09-09 11:41:30,245 [DEBUG]  STREAM b'IHDR' 16 13
2024-09-09 11:41:30,245 [DEBUG]  STREAM b'IDAT' 41 65536
2024-09-09 11:41:30,249 [DEBUG]  STREAM b'IHDR' 16 13
2024-09-09 11:41:30,249 [DEBUG]  STREAM b'IDAT' 41 65536
2024-09-09 11:41:30,255 [DEBUG]  STREAM b'IHDR' 16 13
2024-09-09 11:41:30,255 [DEBUG]  STREAM b'IDAT' 41 65536
2024-09-09 11:41:30,259 [DEBUG]  STREAM b'IHDR' 16 13
2024-09-09 11:41:30,259 [DEBUG]  STREAM b'IDAT' 41 65536
2024-09-09 11:41:30,264 [DEBUG]  STREAM b'IHDR' 16 13
2024-09-09 11:41:30,264 [DEBUG]  STREAM b'IDAT' 41 65536
2024-09-09 11:41:30,268 [DEBUG]  STREAM b'IHDR' 16 13
2024-09-09 11:41:30,268 [DEBUG]  STREAM b'IDAT' 41 65536
2024-09-09 11:41:30,273 [DEBUG]  STREAM b'IHDR' 16 13
2024-09-09 11:41:30,273 [DEBUG]  STREAM b'IDAT' 41 65536
2024-09-09 11:41:30,277 [DEBUG]  STREAM b'IHDR' 16 13
2024-09-09 11:41:30,277 [DEBUG]  STREAM b'IDAT' 41 65536
2024-09-09 11:41:30,281 [DEBUG]  STREAM b'IHDR' 16 13
2024-09-09 11:41:30,282 [DEBUG]  STREAM b'IDAT' 41 65536
2024-09-09 11:41:30,286 [DEBUG]  STREAM b'IHDR' 16 13
2024-09-09 11:41:30,286 [DEBUG]  STREAM b'IDAT' 41 65536
2024-09-09 11:41:30,291 [DEBUG]  STREAM b'IHDR' 16 13
2024-09-09 11:41:30,291 [DEBUG]  STREAM b'IDAT' 41 65536
2024-09-09 11:41:30,295 [DEBUG]  STREAM b'IHDR' 16 13
2024-09-09 11:41:30,295 [DEBUG]  STREAM b'IDAT' 41 65536
2024-09-09 11:41:30,299 [DEBUG]  STREAM b'IHDR' 16 13
2024-09-09 11:41:30,299 [DEBUG]  STREAM b'IDAT' 41 65536
2024-09-09 11:41:30,303 [DEBUG]  STREAM b'IHDR' 16 13
2024-09-09 11:41:30,303 [DEBUG]  STREAM b'IDAT' 41 65536
2024-09-09 11:41:30,309 [DEBUG]  STREAM b'IHDR' 16 13
2024-09-09 11:41:30,309 [DEBUG]  STREAM b'IDAT' 41 65536
2024-09-09 11:41:30,313 [DEBUG]  STREAM b'IHDR' 16 13
2024-09-09 11:41:30,313 [DEBUG]  STREAM b'IDAT' 41 65536
2024-09-09 11:41:30,317 [DEBUG]  STREAM b'IHDR' 16 13
2024-09-09 11:41:30,317 [DEBUG]  STREAM b'IDAT' 41 65536
2024-09-09 11:41:30,321 [DEBUG]  STREAM b'IHDR' 16 13
2024-09-09 11:41:30,321 [DEBUG]  STREAM b'IDAT' 41 65536
2024-09-09 11:41:30,327 [DEBUG]  STREAM b'IHDR' 16 13
2024-09-09 11:41:30,327 [DEBUG]  STREAM b'IDAT' 41 65536
2024-09-09 11:41:30,331 [DEBUG]  STREAM b'IHDR' 16 13
2024-09-09 11:41:30,331 [DEBUG]  STREAM b'IDAT' 41 65536
2024-09-09 11:41:30,335 [DEBUG]  STREAM b'IHDR' 16 13
2024-09-09 11:41:30,335 [DEBUG]  STREAM b'IDAT' 41 65536
2024-09-09 11:41:30,339 [DEBUG]  STREAM b'IHDR' 16 13
2024-09-09 11:41:30,339 [DEBUG]  STREAM b'IDAT' 41 65536
2024-09-09 11:41:30,349 [DEBUG]  GraphTrial.log 455.891 visit state = 2
2024-09-09 11:41:30,355 [DEBUG]  GraphTrial.log 455.896 start flip_time = 455.89623462500003
2024-09-09 11:41:30,359 [DEBUG]  GraphTrial.log 455.901 get move selected = 0
2024-09-09 11:41:34,963 [DEBUG]  GraphTrial.log 460.504 select selected = 0
2024-09-09 11:41:34,963 [DEBUG]  GraphTrial.log 460.505 visit state = 0
2024-09-09 11:41:34,974 [DEBUG]  GraphTrial.log 460.515 get move selected = 4
2024-09-09 11:41:35,258 [DEBUG]  GraphTrial.log 460.800 select selected = 4
2024-09-09 11:41:35,258 [DEBUG]  GraphTrial.log 460.800 visit state = 4
2024-09-09 11:41:37,125 [DEBUG]  GraphTrial.log 462.666 done 
2024-09-09 11:41:37,125 [INFO]  end trial [{"time": 388.08841274999986, "event": "begin drift_check"}, {"time": 455.5367671666668, "event": "initialize", "status": "ok"}, {"time": 455.5371417916667, "event": "start recording"}, {"time": 455.6614685833333, "event": "show graph"}, {"time": 455.89081474999966, "event": "visit", "state": 2}, {"time": 455.8962524583335, "event": "start", "flip_time": 455.89623462500003}, {"time": 455.90088987499985, "event": "get move", "selected": 0}, {"time": 460.5041967916668, "event": "select", "selected": 0}, {"time": 460.50452095833316, "event": "visit", "state": 0}, {"time": 460.51534416666664, "event": "get move", "selected": 4}, {"time": 460.799696791667, "event": "select", "selected": 4}, {"time": 460.79976187500006, "event": "visit", "state": 4}, {"time": 462.66636225, "event": "done"}]
2024-09-09 11:41:37,125 [INFO]  stop_recording
2024-09-09 11:41:37,142 [INFO]  gt.status is ok
2024-09-09 11:41:37,142 [DEBUG]  add bonus points 4 (total = 60)
2024-09-09 11:41:37,142 [INFO]  Trial 8 of 260
2024-09-09 11:41:39,739 [INFO]  begin trial {"kind": "GraphTrial", "graph": [[3, 9], [], [1, 5], [9, 4], [8], [], [7], [], [], [], [2, 6]], "rewards": [-1, -3, -2, 4, 3, 3, 3, 1, -2, -1, null], "reward_info": {"-4": {"desc": "pattern_1", "image": "images[0]"}, "-3": {"desc": "pattern_2", "image": "images[1]"}, "-2": {"desc": "pattern_3", "image": "images[2]"}, "-1": {"desc": "pattern_4", "image": "images[3]"}, "0": {"desc": "pattern_5", "image": "images[4]"}, "1": {"desc": "pattern_6", "image": "images[5]"}, "2": {"desc": "pattern_7", "image": "images[6]"}, "3": {"desc": "pattern_8", "image": "images[7]"}, "4": {"desc": "pattern_9", "image": "images[8]"}}, "initial_stage": "planning", "hide_states": false, "hide_rewards_while_acting": false, "hide_edges_while_acting": false, "gaze_contingent": false, "gaze_tolerance": 1.5, "fixation_lag": 0.5, "start": 10}
2024-09-09 11:41:39,739 [INFO]  <eyetracking.EyeLink object at 0x3177c5370>
2024-09-09 11:41:39,739 [DEBUG]  GraphTrial.log 465.280 begin drift_check 
2024-09-09 11:41:41,143 [DEBUG]  GraphTrial.log 466.685 initialize status = None
2024-09-09 11:41:41,143 [DEBUG]  GraphTrial.log 466.685 start recording 
2024-09-09 11:41:41,144 [INFO]  start_recording
2024-09-09 11:41:41,270 [DEBUG]  GraphTrial.log 466.811 show graph 
2024-09-09 11:41:41,278 [DEBUG]  STREAM b'IHDR' 16 13
2024-09-09 11:41:41,278 [DEBUG]  STREAM b'IDAT' 41 65536
2024-09-09 11:41:41,290 [DEBUG]  STREAM b'IHDR' 16 13
2024-09-09 11:41:41,290 [DEBUG]  STREAM b'IDAT' 41 65536
2024-09-09 11:41:41,300 [DEBUG]  STREAM b'IHDR' 16 13
2024-09-09 11:41:41,300 [DEBUG]  STREAM b'IDAT' 41 65536
2024-09-09 11:41:41,308 [DEBUG]  STREAM b'IHDR' 16 13
2024-09-09 11:41:41,308 [DEBUG]  STREAM b'IDAT' 41 65536
2024-09-09 11:41:41,318 [DEBUG]  STREAM b'IHDR' 16 13
2024-09-09 11:41:41,318 [DEBUG]  STREAM b'IDAT' 41 65536
2024-09-09 11:41:41,325 [DEBUG]  STREAM b'IHDR' 16 13
2024-09-09 11:41:41,325 [DEBUG]  STREAM b'IDAT' 41 65536
2024-09-09 11:41:41,330 [DEBUG]  STREAM b'IHDR' 16 13
2024-09-09 11:41:41,330 [DEBUG]  STREAM b'IDAT' 41 65536
2024-09-09 11:41:41,336 [DEBUG]  STREAM b'IHDR' 16 13
2024-09-09 11:41:41,336 [DEBUG]  STREAM b'IDAT' 41 65536
2024-09-09 11:41:41,343 [DEBUG]  STREAM b'IHDR' 16 13
2024-09-09 11:41:41,343 [DEBUG]  STREAM b'IDAT' 41 65536
2024-09-09 11:41:41,348 [DEBUG]  STREAM b'IHDR' 16 13
2024-09-09 11:41:41,348 [DEBUG]  STREAM b'IDAT' 41 65536
2024-09-09 11:41:41,352 [DEBUG]  STREAM b'IHDR' 16 13
2024-09-09 11:41:41,352 [DEBUG]  STREAM b'IDAT' 41 65536
2024-09-09 11:41:41,357 [DEBUG]  STREAM b'IHDR' 16 13
2024-09-09 11:41:41,357 [DEBUG]  STREAM b'IDAT' 41 65536
2024-09-09 11:41:41,363 [DEBUG]  STREAM b'IHDR' 16 13
2024-09-09 11:41:41,363 [DEBUG]  STREAM b'IDAT' 41 65536
2024-09-09 11:41:41,368 [DEBUG]  STREAM b'IHDR' 16 13
2024-09-09 11:41:41,368 [DEBUG]  STREAM b'IDAT' 41 65536
2024-09-09 11:41:41,372 [DEBUG]  STREAM b'IHDR' 16 13
2024-09-09 11:41:41,372 [DEBUG]  STREAM b'IDAT' 41 65536
2024-09-09 11:41:41,377 [DEBUG]  STREAM b'IHDR' 16 13
2024-09-09 11:41:41,377 [DEBUG]  STREAM b'IDAT' 41 65536
2024-09-09 11:41:41,383 [DEBUG]  STREAM b'IHDR' 16 13
2024-09-09 11:41:41,383 [DEBUG]  STREAM b'IDAT' 41 65536
2024-09-09 11:41:41,387 [DEBUG]  STREAM b'IHDR' 16 13
2024-09-09 11:41:41,387 [DEBUG]  STREAM b'IDAT' 41 65536
2024-09-09 11:41:41,392 [DEBUG]  STREAM b'IHDR' 16 13
2024-09-09 11:41:41,392 [DEBUG]  STREAM b'IDAT' 41 65536
2024-09-09 11:41:41,396 [DEBUG]  STREAM b'IHDR' 16 13
2024-09-09 11:41:41,396 [DEBUG]  STREAM b'IDAT' 41 65536
2024-09-09 11:41:41,402 [DEBUG]  STREAM b'IHDR' 16 13
2024-09-09 11:41:41,402 [DEBUG]  STREAM b'IDAT' 41 65536
2024-09-09 11:41:41,407 [DEBUG]  STREAM b'IHDR' 16 13
2024-09-09 11:41:41,407 [DEBUG]  STREAM b'IDAT' 41 65536
2024-09-09 11:41:41,411 [DEBUG]  STREAM b'IHDR' 16 13
2024-09-09 11:41:41,411 [DEBUG]  STREAM b'IDAT' 41 65536
2024-09-09 11:41:41,415 [DEBUG]  STREAM b'IHDR' 16 13
2024-09-09 11:41:41,416 [DEBUG]  STREAM b'IDAT' 41 65536
2024-09-09 11:41:41,421 [DEBUG]  STREAM b'IHDR' 16 13
2024-09-09 11:41:41,421 [DEBUG]  STREAM b'IDAT' 41 65536
2024-09-09 11:41:41,426 [DEBUG]  STREAM b'IHDR' 16 13
2024-09-09 11:41:41,426 [DEBUG]  STREAM b'IDAT' 41 65536
2024-09-09 11:41:41,430 [DEBUG]  STREAM b'IHDR' 16 13
2024-09-09 11:41:41,430 [DEBUG]  STREAM b'IDAT' 41 65536
2024-09-09 11:41:41,435 [DEBUG]  STREAM b'IHDR' 16 13
2024-09-09 11:41:41,435 [DEBUG]  STREAM b'IDAT' 41 65536
2024-09-09 11:41:41,441 [DEBUG]  STREAM b'IHDR' 16 13
2024-09-09 11:41:41,441 [DEBUG]  STREAM b'IDAT' 41 65536
2024-09-09 11:41:41,446 [DEBUG]  STREAM b'IHDR' 16 13
2024-09-09 11:41:41,446 [DEBUG]  STREAM b'IDAT' 41 65536
2024-09-09 11:41:41,450 [DEBUG]  STREAM b'IHDR' 16 13
2024-09-09 11:41:41,450 [DEBUG]  STREAM b'IDAT' 41 65536
2024-09-09 11:41:41,454 [DEBUG]  STREAM b'IHDR' 16 13
2024-09-09 11:41:41,454 [DEBUG]  STREAM b'IDAT' 41 65536
2024-09-09 11:41:41,460 [DEBUG]  STREAM b'IHDR' 16 13
2024-09-09 11:41:41,460 [DEBUG]  STREAM b'IDAT' 41 65536
2024-09-09 11:41:41,464 [DEBUG]  STREAM b'IHDR' 16 13
2024-09-09 11:41:41,464 [DEBUG]  STREAM b'IDAT' 41 65536
2024-09-09 11:41:41,468 [DEBUG]  STREAM b'IHDR' 16 13
2024-09-09 11:41:41,468 [DEBUG]  STREAM b'IDAT' 41 65536
2024-09-09 11:41:41,472 [DEBUG]  STREAM b'IHDR' 16 13
2024-09-09 11:41:41,472 [DEBUG]  STREAM b'IDAT' 41 65536
2024-09-09 11:41:41,477 [DEBUG]  STREAM b'IHDR' 16 13
2024-09-09 11:41:41,477 [DEBUG]  STREAM b'IDAT' 41 65536
2024-09-09 11:41:41,481 [DEBUG]  STREAM b'IHDR' 16 13
2024-09-09 11:41:41,481 [DEBUG]  STREAM b'IDAT' 41 65536
2024-09-09 11:41:41,485 [DEBUG]  STREAM b'IHDR' 16 13
2024-09-09 11:41:41,485 [DEBUG]  STREAM b'IDAT' 41 65536
2024-09-09 11:41:41,489 [DEBUG]  STREAM b'IHDR' 16 13
2024-09-09 11:41:41,489 [DEBUG]  STREAM b'IDAT' 41 65536
2024-09-09 11:41:41,500 [DEBUG]  GraphTrial.log 467.042 visit state = 10
2024-09-09 11:41:41,506 [DEBUG]  GraphTrial.log 467.047 start flip_time = 467.0469294999998
2024-09-09 11:41:41,510 [DEBUG]  GraphTrial.log 467.051 get move selected = 2
2024-09-09 11:41:43,819 [DEBUG]  GraphTrial.log 469.361 switch selected = 6
2024-09-09 11:41:44,202 [DEBUG]  GraphTrial.log 469.744 select selected = 6
2024-09-09 11:41:44,203 [DEBUG]  GraphTrial.log 469.744 visit state = 6
2024-09-09 11:41:44,211 [DEBUG]  GraphTrial.log 469.752 get move selected = 7
2024-09-09 11:41:44,466 [DEBUG]  GraphTrial.log 470.008 select selected = 7
2024-09-09 11:41:44,466 [DEBUG]  GraphTrial.log 470.008 visit state = 7
2024-09-09 11:41:46,308 [DEBUG]  GraphTrial.log 471.850 done 
2024-09-09 11:41:46,309 [INFO]  end trial [{"time": 465.2802281666668, "event": "begin drift_check"}, {"time": 466.68455529166704, "event": "initialize", "status": null}, {"time": 466.68485808333344, "event": "start recording"}, {"time": 466.8110313333332, "event": "show graph"}, {"time": 467.04161670833355, "event": "visit", "state": 10}, {"time": 467.04694616666666, "event": "start", "flip_time": 467.0469294999998}, {"time": 467.05146654166674, "event": "get move", "selected": 2}, {"time": 469.36068091666675, "event": "switch", "selected": 6}, {"time": 469.7438654166667, "event": "select", "selected": 6}, {"time": 469.74393499999996, "event": "visit", "state": 6}, {"time": 469.7523577916668, "event": "get move", "selected": 7}, {"time": 470.00764274999983, "event": "select", "selected": 7}, {"time": 470.00770591666696, "event": "visit", "state": 7}, {"time": 471.84976949999964, "event": "done"}]
2024-09-09 11:41:46,309 [INFO]  stop_recording
2024-09-09 11:41:46,325 [INFO]  gt.status is None
2024-09-09 11:41:46,325 [DEBUG]  add bonus points 4 (total = 64)
2024-09-09 11:41:46,325 [INFO]  Trial 9 of 260
2024-09-09 11:41:49,091 [INFO]  begin trial {"kind": "GraphTrial", "graph": [[10, 2], [7, 6], [], [], [], [1, 8], [], [], [3], [4], [2, 9]], "rewards": [-3, -1, 2, 3, 3, null, -2, -4, 4, 4, 0], "reward_info": {"-4": {"desc": "pattern_1", "image": "images[0]"}, "-3": {"desc": "pattern_2", "image": "images[1]"}, "-2": {"desc": "pattern_3", "image": "images[2]"}, "-1": {"desc": "pattern_4", "image": "images[3]"}, "0": {"desc": "pattern_5", "image": "images[4]"}, "1": {"desc": "pattern_6", "image": "images[5]"}, "2": {"desc": "pattern_7", "image": "images[6]"}, "3": {"desc": "pattern_8", "image": "images[7]"}, "4": {"desc": "pattern_9", "image": "images[8]"}}, "initial_stage": "planning", "hide_states": false, "hide_rewards_while_acting": false, "hide_edges_while_acting": false, "gaze_contingent": false, "gaze_tolerance": 1.5, "fixation_lag": 0.5, "start": 5}
2024-09-09 11:41:49,091 [INFO]  <eyetracking.EyeLink object at 0x3177c5370>
2024-09-09 11:41:49,091 [DEBUG]  GraphTrial.log 474.632 begin drift_check 
2024-09-09 11:41:50,412 [DEBUG]  GraphTrial.log 475.953 initialize status = None
2024-09-09 11:41:50,412 [DEBUG]  GraphTrial.log 475.953 start recording 
2024-09-09 11:41:50,412 [INFO]  start_recording
2024-09-09 11:41:50,537 [DEBUG]  GraphTrial.log 476.079 show graph 
2024-09-09 11:41:50,545 [DEBUG]  STREAM b'IHDR' 16 13
2024-09-09 11:41:50,546 [DEBUG]  STREAM b'IDAT' 41 65536
2024-09-09 11:41:50,557 [DEBUG]  STREAM b'IHDR' 16 13
2024-09-09 11:41:50,558 [DEBUG]  STREAM b'IDAT' 41 65536
2024-09-09 11:41:50,567 [DEBUG]  STREAM b'IHDR' 16 13
2024-09-09 11:41:50,567 [DEBUG]  STREAM b'IDAT' 41 65536
2024-09-09 11:41:50,575 [DEBUG]  STREAM b'IHDR' 16 13
2024-09-09 11:41:50,575 [DEBUG]  STREAM b'IDAT' 41 65536
2024-09-09 11:41:50,584 [DEBUG]  STREAM b'IHDR' 16 13
2024-09-09 11:41:50,584 [DEBUG]  STREAM b'IDAT' 41 65536
2024-09-09 11:41:50,591 [DEBUG]  STREAM b'IHDR' 16 13
2024-09-09 11:41:50,591 [DEBUG]  STREAM b'IDAT' 41 65536
2024-09-09 11:41:50,596 [DEBUG]  STREAM b'IHDR' 16 13
2024-09-09 11:41:50,596 [DEBUG]  STREAM b'IDAT' 41 65536
2024-09-09 11:41:50,602 [DEBUG]  STREAM b'IHDR' 16 13
2024-09-09 11:41:50,602 [DEBUG]  STREAM b'IDAT' 41 65536
2024-09-09 11:41:50,608 [DEBUG]  STREAM b'IHDR' 16 13
2024-09-09 11:41:50,608 [DEBUG]  STREAM b'IDAT' 41 65536
2024-09-09 11:41:50,614 [DEBUG]  STREAM b'IHDR' 16 13
2024-09-09 11:41:50,614 [DEBUG]  STREAM b'IDAT' 41 65536
2024-09-09 11:41:50,618 [DEBUG]  STREAM b'IHDR' 16 13
2024-09-09 11:41:50,618 [DEBUG]  STREAM b'IDAT' 41 65536
2024-09-09 11:41:50,623 [DEBUG]  STREAM b'IHDR' 16 13
2024-09-09 11:41:50,623 [DEBUG]  STREAM b'IDAT' 41 65536
2024-09-09 11:41:50,629 [DEBUG]  STREAM b'IHDR' 16 13
2024-09-09 11:41:50,629 [DEBUG]  STREAM b'IDAT' 41 65536
2024-09-09 11:41:50,634 [DEBUG]  STREAM b'IHDR' 16 13
2024-09-09 11:41:50,634 [DEBUG]  STREAM b'IDAT' 41 65536
2024-09-09 11:41:50,639 [DEBUG]  STREAM b'IHDR' 16 13
2024-09-09 11:41:50,639 [DEBUG]  STREAM b'IDAT' 41 65536
2024-09-09 11:41:50,643 [DEBUG]  STREAM b'IHDR' 16 13
2024-09-09 11:41:50,643 [DEBUG]  STREAM b'IDAT' 41 65536
2024-09-09 11:41:50,649 [DEBUG]  STREAM b'IHDR' 16 13
2024-09-09 11:41:50,649 [DEBUG]  STREAM b'IDAT' 41 65536
2024-09-09 11:41:50,654 [DEBUG]  STREAM b'IHDR' 16 13
2024-09-09 11:41:50,654 [DEBUG]  STREAM b'IDAT' 41 65536
2024-09-09 11:41:50,658 [DEBUG]  STREAM b'IHDR' 16 13
2024-09-09 11:41:50,658 [DEBUG]  STREAM b'IDAT' 41 65536
2024-09-09 11:41:50,663 [DEBUG]  STREAM b'IHDR' 16 13
2024-09-09 11:41:50,663 [DEBUG]  STREAM b'IDAT' 41 65536
2024-09-09 11:41:50,669 [DEBUG]  STREAM b'IHDR' 16 13
2024-09-09 11:41:50,670 [DEBUG]  STREAM b'IDAT' 41 65536
2024-09-09 11:41:50,674 [DEBUG]  STREAM b'IHDR' 16 13
2024-09-09 11:41:50,674 [DEBUG]  STREAM b'IDAT' 41 65536
2024-09-09 11:41:50,678 [DEBUG]  STREAM b'IHDR' 16 13
2024-09-09 11:41:50,678 [DEBUG]  STREAM b'IDAT' 41 65536
2024-09-09 11:41:50,682 [DEBUG]  STREAM b'IHDR' 16 13
2024-09-09 11:41:50,682 [DEBUG]  STREAM b'IDAT' 41 65536
2024-09-09 11:41:50,687 [DEBUG]  STREAM b'IHDR' 16 13
2024-09-09 11:41:50,687 [DEBUG]  STREAM b'IDAT' 41 65536
2024-09-09 11:41:50,691 [DEBUG]  STREAM b'IHDR' 16 13
2024-09-09 11:41:50,691 [DEBUG]  STREAM b'IDAT' 41 65536
2024-09-09 11:41:50,696 [DEBUG]  STREAM b'IHDR' 16 13
2024-09-09 11:41:50,696 [DEBUG]  STREAM b'IDAT' 41 65536
2024-09-09 11:41:50,700 [DEBUG]  STREAM b'IHDR' 16 13
2024-09-09 11:41:50,700 [DEBUG]  STREAM b'IDAT' 41 65536
2024-09-09 11:41:50,705 [DEBUG]  STREAM b'IHDR' 16 13
2024-09-09 11:41:50,705 [DEBUG]  STREAM b'IDAT' 41 65536
2024-09-09 11:41:50,710 [DEBUG]  STREAM b'IHDR' 16 13
2024-09-09 11:41:50,710 [DEBUG]  STREAM b'IDAT' 41 65536
2024-09-09 11:41:50,714 [DEBUG]  STREAM b'IHDR' 16 13
2024-09-09 11:41:50,714 [DEBUG]  STREAM b'IDAT' 41 65536
2024-09-09 11:41:50,719 [DEBUG]  STREAM b'IHDR' 16 13
2024-09-09 11:41:50,719 [DEBUG]  STREAM b'IDAT' 41 65536
2024-09-09 11:41:50,724 [DEBUG]  STREAM b'IHDR' 16 13
2024-09-09 11:41:50,724 [DEBUG]  STREAM b'IDAT' 41 65536
2024-09-09 11:41:50,729 [DEBUG]  STREAM b'IHDR' 16 13
2024-09-09 11:41:50,729 [DEBUG]  STREAM b'IDAT' 41 65536
2024-09-09 11:41:50,733 [DEBUG]  STREAM b'IHDR' 16 13
2024-09-09 11:41:50,734 [DEBUG]  STREAM b'IDAT' 41 65536
2024-09-09 11:41:50,738 [DEBUG]  STREAM b'IHDR' 16 13
2024-09-09 11:41:50,738 [DEBUG]  STREAM b'IDAT' 41 65536
2024-09-09 11:41:50,744 [DEBUG]  STREAM b'IHDR' 16 13
2024-09-09 11:41:50,744 [DEBUG]  STREAM b'IDAT' 41 65536
2024-09-09 11:41:50,748 [DEBUG]  STREAM b'IHDR' 16 13
2024-09-09 11:41:50,748 [DEBUG]  STREAM b'IDAT' 41 65536
2024-09-09 11:41:50,752 [DEBUG]  STREAM b'IHDR' 16 13
2024-09-09 11:41:50,752 [DEBUG]  STREAM b'IDAT' 41 65536
2024-09-09 11:41:50,756 [DEBUG]  STREAM b'IHDR' 16 13
2024-09-09 11:41:50,756 [DEBUG]  STREAM b'IDAT' 41 65536
2024-09-09 11:41:50,766 [DEBUG]  GraphTrial.log 476.308 visit state = 5
2024-09-09 11:41:50,772 [DEBUG]  GraphTrial.log 476.313 start flip_time = 476.3129081666666
2024-09-09 11:41:50,776 [DEBUG]  GraphTrial.log 476.317 get move selected = 8
2024-09-09 11:41:52,355 [DEBUG]  GraphTrial.log 477.896 select selected = 8
2024-09-09 11:41:52,355 [DEBUG]  GraphTrial.log 477.896 visit state = 8
2024-09-09 11:41:52,375 [DEBUG]  GraphTrial.log 477.916 get move selected = 3
2024-09-09 11:41:52,594 [DEBUG]  GraphTrial.log 478.136 select selected = 3
2024-09-09 11:41:52,594 [DEBUG]  GraphTrial.log 478.136 visit state = 3
2024-09-09 11:41:54,475 [DEBUG]  GraphTrial.log 480.016 done 
2024-09-09 11:41:54,475 [INFO]  end trial [{"time": 474.63240529166706, "event": "begin drift_check"}, {"time": 475.95289187499975, "event": "initialize", "status": null}, {"time": 475.953232166667, "event": "start recording"}, {"time": 476.07850458333314, "event": "show graph"}, {"time": 476.3075131249998, "event": "visit", "state": 5}, {"time": 476.31292612499965, "event": "start", "flip_time": 476.3129081666666}, {"time": 476.31742325000005, "event": "get move", "selected": 8}, {"time": 477.89627787499967, "event": "select", "selected": 8}, {"time": 477.8963508749998, "event": "visit", "state": 8}, {"time": 477.91618008333353, "event": "get move", "selected": 3}, {"time": 478.1357442499998, "event": "select", "selected": 3}, {"time": 478.1358111249997, "event": "visit", "state": 3}, {"time": 480.016315375, "event": "done"}]
2024-09-09 11:41:54,475 [INFO]  stop_recording
2024-09-09 11:41:54,491 [INFO]  gt.status is None
2024-09-09 11:41:54,491 [DEBUG]  add bonus points 7 (total = 71)
2024-09-09 11:41:54,492 [INFO]  Trial 10 of 260
2024-09-09 11:41:56,443 [INFO]  begin trial {"kind": "GraphTrial", "graph": [[], [], [], [], [10, 7], [6, 9], [9, 8], [3, 1], [], [], [0, 2]], "rewards": [1, -1, 2, -2, null, -1, 1, 0, 3, 0, -1], "reward_info": {"-4": {"desc": "pattern_1", "image": "images[0]"}, "-3": {"desc": "pattern_2", "image": "images[1]"}, "-2": {"desc": "pattern_3", "image": "images[2]"}, "-1": {"desc": "pattern_4", "image": "images[3]"}, "0": {"desc": "pattern_5", "image": "images[4]"}, "1": {"desc": "pattern_6", "image": "images[5]"}, "2": {"desc": "pattern_7", "image": "images[6]"}, "3": {"desc": "pattern_8", "image": "images[7]"}, "4": {"desc": "pattern_9", "image": "images[8]"}}, "initial_stage": "planning", "hide_states": false, "hide_rewards_while_acting": false, "hide_edges_while_acting": false, "gaze_contingent": false, "gaze_tolerance": 1.5, "fixation_lag": 0.5, "start": 4}
2024-09-09 11:41:56,443 [INFO]  <eyetracking.EyeLink object at 0x3177c5370>
2024-09-09 11:41:56,443 [DEBUG]  GraphTrial.log 481.984 begin drift_check 
2024-09-09 11:41:59,429 [DEBUG]  GraphTrial.log 484.970 initialize status = None
2024-09-09 11:41:59,429 [DEBUG]  GraphTrial.log 484.970 start recording 
2024-09-09 11:41:59,429 [INFO]  start_recording
2024-09-09 11:41:59,554 [DEBUG]  GraphTrial.log 485.095 show graph 
2024-09-09 11:41:59,563 [DEBUG]  STREAM b'IHDR' 16 13
2024-09-09 11:41:59,563 [DEBUG]  STREAM b'IDAT' 41 65536
2024-09-09 11:41:59,575 [DEBUG]  STREAM b'IHDR' 16 13
2024-09-09 11:41:59,575 [DEBUG]  STREAM b'IDAT' 41 65536
2024-09-09 11:41:59,585 [DEBUG]  STREAM b'IHDR' 16 13
2024-09-09 11:41:59,585 [DEBUG]  STREAM b'IDAT' 41 65536
2024-09-09 11:41:59,593 [DEBUG]  STREAM b'IHDR' 16 13
2024-09-09 11:41:59,593 [DEBUG]  STREAM b'IDAT' 41 65536
2024-09-09 11:41:59,603 [DEBUG]  STREAM b'IHDR' 16 13
2024-09-09 11:41:59,603 [DEBUG]  STREAM b'IDAT' 41 65536
2024-09-09 11:41:59,609 [DEBUG]  STREAM b'IHDR' 16 13
2024-09-09 11:41:59,609 [DEBUG]  STREAM b'IDAT' 41 65536
2024-09-09 11:41:59,615 [DEBUG]  STREAM b'IHDR' 16 13
2024-09-09 11:41:59,615 [DEBUG]  STREAM b'IDAT' 41 65536
2024-09-09 11:41:59,620 [DEBUG]  STREAM b'IHDR' 16 13
2024-09-09 11:41:59,620 [DEBUG]  STREAM b'IDAT' 41 65536
2024-09-09 11:41:59,627 [DEBUG]  STREAM b'IHDR' 16 13
2024-09-09 11:41:59,627 [DEBUG]  STREAM b'IDAT' 41 65536
2024-09-09 11:41:59,632 [DEBUG]  STREAM b'IHDR' 16 13
2024-09-09 11:41:59,632 [DEBUG]  STREAM b'IDAT' 41 65536
2024-09-09 11:41:59,637 [DEBUG]  STREAM b'IHDR' 16 13
2024-09-09 11:41:59,637 [DEBUG]  STREAM b'IDAT' 41 65536
2024-09-09 11:41:59,642 [DEBUG]  STREAM b'IHDR' 16 13
2024-09-09 11:41:59,642 [DEBUG]  STREAM b'IDAT' 41 65536
2024-09-09 11:41:59,648 [DEBUG]  STREAM b'IHDR' 16 13
2024-09-09 11:41:59,648 [DEBUG]  STREAM b'IDAT' 41 65536
2024-09-09 11:41:59,653 [DEBUG]  STREAM b'IHDR' 16 13
2024-09-09 11:41:59,653 [DEBUG]  STREAM b'IDAT' 41 65536
2024-09-09 11:41:59,657 [DEBUG]  STREAM b'IHDR' 16 13
2024-09-09 11:41:59,657 [DEBUG]  STREAM b'IDAT' 41 65536
2024-09-09 11:41:59,661 [DEBUG]  STREAM b'IHDR' 16 13
2024-09-09 11:41:59,661 [DEBUG]  STREAM b'IDAT' 41 65536
2024-09-09 11:41:59,668 [DEBUG]  STREAM b'IHDR' 16 13
2024-09-09 11:41:59,668 [DEBUG]  STREAM b'IDAT' 41 65536
2024-09-09 11:41:59,672 [DEBUG]  STREAM b'IHDR' 16 13
2024-09-09 11:41:59,672 [DEBUG]  STREAM b'IDAT' 41 65536
2024-09-09 11:41:59,676 [DEBUG]  STREAM b'IHDR' 16 13
2024-09-09 11:41:59,676 [DEBUG]  STREAM b'IDAT' 41 65536
2024-09-09 11:41:59,680 [DEBUG]  STREAM b'IHDR' 16 13
2024-09-09 11:41:59,680 [DEBUG]  STREAM b'IDAT' 41 65536
2024-09-09 11:41:59,686 [DEBUG]  STREAM b'IHDR' 16 13
2024-09-09 11:41:59,686 [DEBUG]  STREAM b'IDAT' 41 65536
2024-09-09 11:41:59,690 [DEBUG]  STREAM b'IHDR' 16 13
2024-09-09 11:41:59,690 [DEBUG]  STREAM b'IDAT' 41 65536
2024-09-09 11:41:59,694 [DEBUG]  STREAM b'IHDR' 16 13
2024-09-09 11:41:59,694 [DEBUG]  STREAM b'IDAT' 41 65536
2024-09-09 11:41:59,698 [DEBUG]  STREAM b'IHDR' 16 13
2024-09-09 11:41:59,698 [DEBUG]  STREAM b'IDAT' 41 65536
2024-09-09 11:41:59,703 [DEBUG]  STREAM b'IHDR' 16 13
2024-09-09 11:41:59,703 [DEBUG]  STREAM b'IDAT' 41 65536
2024-09-09 11:41:59,708 [DEBUG]  STREAM b'IHDR' 16 13
2024-09-09 11:41:59,708 [DEBUG]  STREAM b'IDAT' 41 65536
2024-09-09 11:41:59,712 [DEBUG]  STREAM b'IHDR' 16 13
2024-09-09 11:41:59,712 [DEBUG]  STREAM b'IDAT' 41 65536
2024-09-09 11:41:59,716 [DEBUG]  STREAM b'IHDR' 16 13
2024-09-09 11:41:59,716 [DEBUG]  STREAM b'IDAT' 41 65536
2024-09-09 11:41:59,722 [DEBUG]  STREAM b'IHDR' 16 13
2024-09-09 11:41:59,722 [DEBUG]  STREAM b'IDAT' 41 65536
2024-09-09 11:41:59,726 [DEBUG]  STREAM b'IHDR' 16 13
2024-09-09 11:41:59,726 [DEBUG]  STREAM b'IDAT' 41 65536
2024-09-09 11:41:59,731 [DEBUG]  STREAM b'IHDR' 16 13
2024-09-09 11:41:59,731 [DEBUG]  STREAM b'IDAT' 41 65536
2024-09-09 11:41:59,735 [DEBUG]  STREAM b'IHDR' 16 13
2024-09-09 11:41:59,735 [DEBUG]  STREAM b'IDAT' 41 65536
2024-09-09 11:41:59,741 [DEBUG]  STREAM b'IHDR' 16 13
2024-09-09 11:41:59,741 [DEBUG]  STREAM b'IDAT' 41 65536
2024-09-09 11:41:59,745 [DEBUG]  STREAM b'IHDR' 16 13
2024-09-09 11:41:59,745 [DEBUG]  STREAM b'IDAT' 41 65536
2024-09-09 11:41:59,749 [DEBUG]  STREAM b'IHDR' 16 13
2024-09-09 11:41:59,749 [DEBUG]  STREAM b'IDAT' 41 65536
2024-09-09 11:41:59,753 [DEBUG]  STREAM b'IHDR' 16 13
2024-09-09 11:41:59,753 [DEBUG]  STREAM b'IDAT' 41 65536
2024-09-09 11:41:59,759 [DEBUG]  STREAM b'IHDR' 16 13
2024-09-09 11:41:59,759 [DEBUG]  STREAM b'IDAT' 41 65536
2024-09-09 11:41:59,763 [DEBUG]  STREAM b'IHDR' 16 13
2024-09-09 11:41:59,763 [DEBUG]  STREAM b'IDAT' 41 65536
2024-09-09 11:41:59,767 [DEBUG]  STREAM b'IHDR' 16 13
2024-09-09 11:41:59,767 [DEBUG]  STREAM b'IDAT' 41 65536
2024-09-09 11:41:59,771 [DEBUG]  STREAM b'IHDR' 16 13
2024-09-09 11:41:59,771 [DEBUG]  STREAM b'IDAT' 41 65536
2024-09-09 11:41:59,781 [DEBUG]  GraphTrial.log 485.322 visit state = 4
2024-09-09 11:41:59,786 [DEBUG]  GraphTrial.log 485.328 start flip_time = 485.3276014999997
2024-09-09 11:41:59,791 [DEBUG]  GraphTrial.log 485.332 get move selected = 10
2024-09-09 11:42:00,459 [DEBUG]  GraphTrial.log 486.001 switch selected = 7
2024-09-09 11:42:02,747 [DEBUG]  GraphTrial.log 488.288 switch selected = 10
2024-09-09 11:42:03,387 [DEBUG]  GraphTrial.log 488.928 select selected = 10
2024-09-09 11:42:03,387 [DEBUG]  GraphTrial.log 488.928 visit state = 10
2024-09-09 11:42:03,396 [DEBUG]  GraphTrial.log 488.937 get move selected = 2
2024-09-09 11:42:03,626 [DEBUG]  GraphTrial.log 489.168 select selected = 2
2024-09-09 11:42:03,626 [DEBUG]  GraphTrial.log 489.168 visit state = 2
2024-09-09 11:42:05,493 [DEBUG]  GraphTrial.log 491.035 done 
2024-09-09 11:42:05,494 [INFO]  end trial [{"time": 481.98424529166687, "event": "begin drift_check"}, {"time": 484.9698494166669, "event": "initialize", "status": null}, {"time": 484.97016291666705, "event": "start recording"}, {"time": 485.0952462916666, "event": "show graph"}, {"time": 485.3221244166666, "event": "visit", "state": 4}, {"time": 485.3276179166669, "event": "start", "flip_time": 485.3276014999997}, {"time": 485.3323971249997, "event": "get move", "selected": 10}, {"time": 486.0006658333332, "event": "switch", "selected": 7}, {"time": 488.28834874999984, "event": "switch", "selected": 10}, {"time": 488.92784129166694, "event": "select", "selected": 10}, {"time": 488.9279129583333, "event": "visit", "state": 10}, {"time": 488.93690379166674, "event": "get move", "selected": 2}, {"time": 489.16758695833323, "event": "select", "selected": 2}, {"time": 489.1676514999999, "event": "visit", "state": 2}, {"time": 491.03473137499986, "event": "done"}]
2024-09-09 11:42:05,494 [INFO]  stop_recording
2024-09-09 11:42:05,510 [INFO]  gt.status is None
2024-09-09 11:42:05,510 [DEBUG]  add bonus points 1 (total = 72)
2024-09-09 11:42:05,510 [INFO]  Trial 11 of 260
2024-09-09 11:42:09,283 [INFO]  begin trial {"kind": "GraphTrial", "graph": [[], [], [], [9, 0], [], [], [5, 2], [], [6, 10], [0, 1], [7, 4]], "rewards": [1, -4, 4, 4, 0, 3, -2, 4, null, -3, 0], "reward_info": {"-4": {"desc": "pattern_1", "image": "images[0]"}, "-3": {"desc": "pattern_2", "image": "images[1]"}, "-2": {"desc": "pattern_3", "image": "images[2]"}, "-1": {"desc": "pattern_4", "image": "images[3]"}, "0": {"desc": "pattern_5", "image": "images[4]"}, "1": {"desc": "pattern_6", "image": "images[5]"}, "2": {"desc": "pattern_7", "image": "images[6]"}, "3": {"desc": "pattern_8", "image": "images[7]"}, "4": {"desc": "pattern_9", "image": "images[8]"}}, "initial_stage": "planning", "hide_states": false, "hide_rewards_while_acting": false, "hide_edges_while_acting": false, "gaze_contingent": false, "gaze_tolerance": 1.5, "fixation_lag": 0.5, "start": 8}
2024-09-09 11:42:09,283 [INFO]  <eyetracking.EyeLink object at 0x3177c5370>
2024-09-09 11:42:09,283 [DEBUG]  GraphTrial.log 494.824 begin drift_check 
2024-09-09 11:42:10,929 [DEBUG]  GraphTrial.log 496.470 initialize status = None
2024-09-09 11:42:10,929 [DEBUG]  GraphTrial.log 496.471 start recording 
2024-09-09 11:42:10,930 [INFO]  start_recording
2024-09-09 11:42:11,056 [DEBUG]  GraphTrial.log 496.597 show graph 
2024-09-09 11:42:11,064 [DEBUG]  STREAM b'IHDR' 16 13
2024-09-09 11:42:11,064 [DEBUG]  STREAM b'IDAT' 41 65536
2024-09-09 11:42:11,076 [DEBUG]  STREAM b'IHDR' 16 13
2024-09-09 11:42:11,076 [DEBUG]  STREAM b'IDAT' 41 65536
2024-09-09 11:42:11,086 [DEBUG]  STREAM b'IHDR' 16 13
2024-09-09 11:42:11,086 [DEBUG]  STREAM b'IDAT' 41 65536
2024-09-09 11:42:11,094 [DEBUG]  STREAM b'IHDR' 16 13
2024-09-09 11:42:11,094 [DEBUG]  STREAM b'IDAT' 41 65536
2024-09-09 11:42:11,104 [DEBUG]  STREAM b'IHDR' 16 13
2024-09-09 11:42:11,104 [DEBUG]  STREAM b'IDAT' 41 65536
2024-09-09 11:42:11,111 [DEBUG]  STREAM b'IHDR' 16 13
2024-09-09 11:42:11,111 [DEBUG]  STREAM b'IDAT' 41 65536
2024-09-09 11:42:11,117 [DEBUG]  STREAM b'IHDR' 16 13
2024-09-09 11:42:11,117 [DEBUG]  STREAM b'IDAT' 41 65536
2024-09-09 11:42:11,122 [DEBUG]  STREAM b'IHDR' 16 13
2024-09-09 11:42:11,122 [DEBUG]  STREAM b'IDAT' 41 65536
2024-09-09 11:42:11,129 [DEBUG]  STREAM b'IHDR' 16 13
2024-09-09 11:42:11,129 [DEBUG]  STREAM b'IDAT' 41 65536
2024-09-09 11:42:11,134 [DEBUG]  STREAM b'IHDR' 16 13
2024-09-09 11:42:11,134 [DEBUG]  STREAM b'IDAT' 41 65536
2024-09-09 11:42:11,139 [DEBUG]  STREAM b'IHDR' 16 13
2024-09-09 11:42:11,139 [DEBUG]  STREAM b'IDAT' 41 65536
2024-09-09 11:42:11,144 [DEBUG]  STREAM b'IHDR' 16 13
2024-09-09 11:42:11,144 [DEBUG]  STREAM b'IDAT' 41 65536
2024-09-09 11:42:11,151 [DEBUG]  STREAM b'IHDR' 16 13
2024-09-09 11:42:11,151 [DEBUG]  STREAM b'IDAT' 41 65536
2024-09-09 11:42:11,155 [DEBUG]  STREAM b'IHDR' 16 13
2024-09-09 11:42:11,155 [DEBUG]  STREAM b'IDAT' 41 65536
2024-09-09 11:42:11,160 [DEBUG]  STREAM b'IHDR' 16 13
2024-09-09 11:42:11,160 [DEBUG]  STREAM b'IDAT' 41 65536
2024-09-09 11:42:11,165 [DEBUG]  STREAM b'IHDR' 16 13
2024-09-09 11:42:11,165 [DEBUG]  STREAM b'IDAT' 41 65536
2024-09-09 11:42:11,170 [DEBUG]  STREAM b'IHDR' 16 13
2024-09-09 11:42:11,170 [DEBUG]  STREAM b'IDAT' 41 65536
2024-09-09 11:42:11,175 [DEBUG]  STREAM b'IHDR' 16 13
2024-09-09 11:42:11,175 [DEBUG]  STREAM b'IDAT' 41 65536
2024-09-09 11:42:11,179 [DEBUG]  STREAM b'IHDR' 16 13
2024-09-09 11:42:11,179 [DEBUG]  STREAM b'IDAT' 41 65536
2024-09-09 11:42:11,183 [DEBUG]  STREAM b'IHDR' 16 13
2024-09-09 11:42:11,183 [DEBUG]  STREAM b'IDAT' 41 65536
2024-09-09 11:42:11,189 [DEBUG]  STREAM b'IHDR' 16 13
2024-09-09 11:42:11,189 [DEBUG]  STREAM b'IDAT' 41 65536
2024-09-09 11:42:11,193 [DEBUG]  STREAM b'IHDR' 16 13
2024-09-09 11:42:11,193 [DEBUG]  STREAM b'IDAT' 41 65536
2024-09-09 11:42:11,198 [DEBUG]  STREAM b'IHDR' 16 13
2024-09-09 11:42:11,198 [DEBUG]  STREAM b'IDAT' 41 65536
2024-09-09 11:42:11,202 [DEBUG]  STREAM b'IHDR' 16 13
2024-09-09 11:42:11,202 [DEBUG]  STREAM b'IDAT' 41 65536
2024-09-09 11:42:11,208 [DEBUG]  STREAM b'IHDR' 16 13
2024-09-09 11:42:11,208 [DEBUG]  STREAM b'IDAT' 41 65536
2024-09-09 11:42:11,212 [DEBUG]  STREAM b'IHDR' 16 13
2024-09-09 11:42:11,212 [DEBUG]  STREAM b'IDAT' 41 65536
2024-09-09 11:42:11,216 [DEBUG]  STREAM b'IHDR' 16 13
2024-09-09 11:42:11,216 [DEBUG]  STREAM b'IDAT' 41 65536
2024-09-09 11:42:11,220 [DEBUG]  STREAM b'IHDR' 16 13
2024-09-09 11:42:11,220 [DEBUG]  STREAM b'IDAT' 41 65536
2024-09-09 11:42:11,225 [DEBUG]  STREAM b'IHDR' 16 13
2024-09-09 11:42:11,225 [DEBUG]  STREAM b'IDAT' 41 65536
2024-09-09 11:42:11,230 [DEBUG]  STREAM b'IHDR' 16 13
2024-09-09 11:42:11,230 [DEBUG]  STREAM b'IDAT' 41 65536
2024-09-09 11:42:11,234 [DEBUG]  STREAM b'IHDR' 16 13
2024-09-09 11:42:11,234 [DEBUG]  STREAM b'IDAT' 41 65536
2024-09-09 11:42:11,239 [DEBUG]  STREAM b'IHDR' 16 13
2024-09-09 11:42:11,239 [DEBUG]  STREAM b'IDAT' 41 65536
2024-09-09 11:42:11,247 [DEBUG]  STREAM b'IHDR' 16 13
2024-09-09 11:42:11,247 [DEBUG]  STREAM b'IDAT' 41 65536
2024-09-09 11:42:11,251 [DEBUG]  STREAM b'IHDR' 16 13
2024-09-09 11:42:11,251 [DEBUG]  STREAM b'IDAT' 41 65536
2024-09-09 11:42:11,255 [DEBUG]  STREAM b'IHDR' 16 13
2024-09-09 11:42:11,255 [DEBUG]  STREAM b'IDAT' 41 65536
2024-09-09 11:42:11,259 [DEBUG]  STREAM b'IHDR' 16 13
2024-09-09 11:42:11,259 [DEBUG]  STREAM b'IDAT' 41 65536
2024-09-09 11:42:11,265 [DEBUG]  STREAM b'IHDR' 16 13
2024-09-09 11:42:11,265 [DEBUG]  STREAM b'IDAT' 41 65536
2024-09-09 11:42:11,269 [DEBUG]  STREAM b'IHDR' 16 13
2024-09-09 11:42:11,269 [DEBUG]  STREAM b'IDAT' 41 65536
2024-09-09 11:42:11,273 [DEBUG]  STREAM b'IHDR' 16 13
2024-09-09 11:42:11,273 [DEBUG]  STREAM b'IDAT' 41 65536
2024-09-09 11:42:11,277 [DEBUG]  STREAM b'IHDR' 16 13
2024-09-09 11:42:11,277 [DEBUG]  STREAM b'IDAT' 41 65536
2024-09-09 11:42:11,287 [DEBUG]  GraphTrial.log 496.829 visit state = 8
2024-09-09 11:42:11,293 [DEBUG]  GraphTrial.log 496.834 start flip_time = 496.8341334583333
2024-09-09 11:42:11,298 [DEBUG]  GraphTrial.log 496.839 get move selected = 10
2024-09-09 11:42:13,035 [DEBUG]  GraphTrial.log 498.577 switch selected = 6
2024-09-09 11:42:15,371 [DEBUG]  GraphTrial.log 500.912 switch selected = 10
2024-09-09 11:42:16,803 [DEBUG]  GraphTrial.log 502.344 switch selected = 6
2024-09-09 11:42:17,450 [DEBUG]  GraphTrial.log 502.992 select selected = 6
2024-09-09 11:42:17,451 [DEBUG]  GraphTrial.log 502.992 visit state = 6
2024-09-09 11:42:17,460 [DEBUG]  GraphTrial.log 503.001 get move selected = 2
2024-09-09 11:42:17,978 [DEBUG]  GraphTrial.log 503.520 select selected = 2
2024-09-09 11:42:17,978 [DEBUG]  GraphTrial.log 503.520 visit state = 2
2024-09-09 11:42:19,859 [DEBUG]  GraphTrial.log 505.400 done 
2024-09-09 11:42:19,859 [INFO]  end trial [{"time": 494.82432112499964, "event": "begin drift_check"}, {"time": 496.47025108333355, "event": "initialize", "status": null}, {"time": 496.47060591666695, "event": "start recording"}, {"time": 496.5969382916669, "event": "show graph"}, {"time": 496.8287070416668, "event": "visit", "state": 8}, {"time": 496.83415441666693, "event": "start", "flip_time": 496.8341334583333}, {"time": 496.8388895833332, "event": "get move", "selected": 10}, {"time": 498.5765615833334, "event": "switch", "selected": 6}, {"time": 500.912391041667, "event": "switch", "selected": 10}, {"time": 502.3443972916666, "event": "switch", "selected": 6}, {"time": 502.99179095833324, "event": "select", "selected": 6}, {"time": 502.9918642499997, "event": "visit", "state": 6}, {"time": 503.0013396249997, "event": "get move", "selected": 2}, {"time": 503.51965204166663, "event": "select", "selected": 2}, {"time": 503.5197134583332, "event": "visit", "state": 2}, {"time": 505.40007662499966, "event": "done"}]
2024-09-09 11:42:19,859 [INFO]  stop_recording
2024-09-09 11:42:19,876 [INFO]  gt.status is None
2024-09-09 11:42:19,876 [DEBUG]  add bonus points 2 (total = 74)
2024-09-09 11:42:19,876 [INFO]  Trial 12 of 260
2024-09-09 11:42:22,315 [INFO]  begin trial {"kind": "GraphTrial", "graph": [[1], [], [], [], [5, 3], [3, 0], [], [10, 6], [7, 9], [2], []], "rewards": [4, -3, 3, 2, -4, 1, -3, 1, null, 3, 1], "reward_info": {"-4": {"desc": "pattern_1", "image": "images[0]"}, "-3": {"desc": "pattern_2", "image": "images[1]"}, "-2": {"desc": "pattern_3", "image": "images[2]"}, "-1": {"desc": "pattern_4", "image": "images[3]"}, "0": {"desc": "pattern_5", "image": "images[4]"}, "1": {"desc": "pattern_6", "image": "images[5]"}, "2": {"desc": "pattern_7", "image": "images[6]"}, "3": {"desc": "pattern_8", "image": "images[7]"}, "4": {"desc": "pattern_9", "image": "images[8]"}}, "initial_stage": "planning", "hide_states": false, "hide_rewards_while_acting": false, "hide_edges_while_acting": false, "gaze_contingent": false, "gaze_tolerance": 1.5, "fixation_lag": 0.5, "start": 8}
2024-09-09 11:42:22,315 [INFO]  <eyetracking.EyeLink object at 0x3177c5370>
2024-09-09 11:42:22,315 [DEBUG]  GraphTrial.log 507.856 begin drift_check 
2024-09-09 11:42:24,061 [DEBUG]  GraphTrial.log 509.603 initialize status = None
2024-09-09 11:42:24,062 [DEBUG]  GraphTrial.log 509.603 start recording 
2024-09-09 11:42:24,062 [INFO]  start_recording
2024-09-09 11:42:24,186 [DEBUG]  GraphTrial.log 509.727 show graph 
2024-09-09 11:42:24,195 [DEBUG]  STREAM b'IHDR' 16 13
2024-09-09 11:42:24,195 [DEBUG]  STREAM b'IDAT' 41 65536
2024-09-09 11:42:24,208 [DEBUG]  STREAM b'IHDR' 16 13
2024-09-09 11:42:24,208 [DEBUG]  STREAM b'IDAT' 41 65536
2024-09-09 11:42:24,219 [DEBUG]  STREAM b'IHDR' 16 13
2024-09-09 11:42:24,219 [DEBUG]  STREAM b'IDAT' 41 65536
2024-09-09 11:42:24,228 [DEBUG]  STREAM b'IHDR' 16 13
2024-09-09 11:42:24,228 [DEBUG]  STREAM b'IDAT' 41 65536
2024-09-09 11:42:24,238 [DEBUG]  STREAM b'IHDR' 16 13
2024-09-09 11:42:24,238 [DEBUG]  STREAM b'IDAT' 41 65536
2024-09-09 11:42:24,244 [DEBUG]  STREAM b'IHDR' 16 13
2024-09-09 11:42:24,244 [DEBUG]  STREAM b'IDAT' 41 65536
2024-09-09 11:42:24,250 [DEBUG]  STREAM b'IHDR' 16 13
2024-09-09 11:42:24,250 [DEBUG]  STREAM b'IDAT' 41 65536
2024-09-09 11:42:24,255 [DEBUG]  STREAM b'IHDR' 16 13
2024-09-09 11:42:24,255 [DEBUG]  STREAM b'IDAT' 41 65536
2024-09-09 11:42:24,262 [DEBUG]  STREAM b'IHDR' 16 13
2024-09-09 11:42:24,262 [DEBUG]  STREAM b'IDAT' 41 65536
2024-09-09 11:42:24,267 [DEBUG]  STREAM b'IHDR' 16 13
2024-09-09 11:42:24,267 [DEBUG]  STREAM b'IDAT' 41 65536
2024-09-09 11:42:24,272 [DEBUG]  STREAM b'IHDR' 16 13
2024-09-09 11:42:24,272 [DEBUG]  STREAM b'IDAT' 41 65536
2024-09-09 11:42:24,277 [DEBUG]  STREAM b'IHDR' 16 13
2024-09-09 11:42:24,277 [DEBUG]  STREAM b'IDAT' 41 65536
2024-09-09 11:42:24,284 [DEBUG]  STREAM b'IHDR' 16 13
2024-09-09 11:42:24,284 [DEBUG]  STREAM b'IDAT' 41 65536
2024-09-09 11:42:24,288 [DEBUG]  STREAM b'IHDR' 16 13
2024-09-09 11:42:24,288 [DEBUG]  STREAM b'IDAT' 41 65536
2024-09-09 11:42:24,293 [DEBUG]  STREAM b'IHDR' 16 13
2024-09-09 11:42:24,293 [DEBUG]  STREAM b'IDAT' 41 65536
2024-09-09 11:42:24,297 [DEBUG]  STREAM b'IHDR' 16 13
2024-09-09 11:42:24,297 [DEBUG]  STREAM b'IDAT' 41 65536
2024-09-09 11:42:24,303 [DEBUG]  STREAM b'IHDR' 16 13
2024-09-09 11:42:24,303 [DEBUG]  STREAM b'IDAT' 41 65536
2024-09-09 11:42:24,307 [DEBUG]  STREAM b'IHDR' 16 13
2024-09-09 11:42:24,307 [DEBUG]  STREAM b'IDAT' 41 65536
2024-09-09 11:42:24,311 [DEBUG]  STREAM b'IHDR' 16 13
2024-09-09 11:42:24,311 [DEBUG]  STREAM b'IDAT' 41 65536
2024-09-09 11:42:24,315 [DEBUG]  STREAM b'IHDR' 16 13
2024-09-09 11:42:24,315 [DEBUG]  STREAM b'IDAT' 41 65536
2024-09-09 11:42:24,321 [DEBUG]  STREAM b'IHDR' 16 13
2024-09-09 11:42:24,321 [DEBUG]  STREAM b'IDAT' 41 65536
2024-09-09 11:42:24,325 [DEBUG]  STREAM b'IHDR' 16 13
2024-09-09 11:42:24,325 [DEBUG]  STREAM b'IDAT' 41 65536
2024-09-09 11:42:24,329 [DEBUG]  STREAM b'IHDR' 16 13
2024-09-09 11:42:24,329 [DEBUG]  STREAM b'IDAT' 41 65536
2024-09-09 11:42:24,333 [DEBUG]  STREAM b'IHDR' 16 13
2024-09-09 11:42:24,333 [DEBUG]  STREAM b'IDAT' 41 65536
2024-09-09 11:42:24,338 [DEBUG]  STREAM b'IHDR' 16 13
2024-09-09 11:42:24,338 [DEBUG]  STREAM b'IDAT' 41 65536
2024-09-09 11:42:24,342 [DEBUG]  STREAM b'IHDR' 16 13
2024-09-09 11:42:24,343 [DEBUG]  STREAM b'IDAT' 41 65536
2024-09-09 11:42:24,347 [DEBUG]  STREAM b'IHDR' 16 13
2024-09-09 11:42:24,347 [DEBUG]  STREAM b'IDAT' 41 65536
2024-09-09 11:42:24,351 [DEBUG]  STREAM b'IHDR' 16 13
2024-09-09 11:42:24,351 [DEBUG]  STREAM b'IDAT' 41 65536
2024-09-09 11:42:24,356 [DEBUG]  STREAM b'IHDR' 16 13
2024-09-09 11:42:24,356 [DEBUG]  STREAM b'IDAT' 41 65536
2024-09-09 11:42:24,360 [DEBUG]  STREAM b'IHDR' 16 13
2024-09-09 11:42:24,360 [DEBUG]  STREAM b'IDAT' 41 65536
2024-09-09 11:42:24,365 [DEBUG]  STREAM b'IHDR' 16 13
2024-09-09 11:42:24,365 [DEBUG]  STREAM b'IDAT' 41 65536
2024-09-09 11:42:24,369 [DEBUG]  STREAM b'IHDR' 16 13
2024-09-09 11:42:24,369 [DEBUG]  STREAM b'IDAT' 41 65536
2024-09-09 11:42:24,375 [DEBUG]  STREAM b'IHDR' 16 13
2024-09-09 11:42:24,375 [DEBUG]  STREAM b'IDAT' 41 65536
2024-09-09 11:42:24,380 [DEBUG]  STREAM b'IHDR' 16 13
2024-09-09 11:42:24,380 [DEBUG]  STREAM b'IDAT' 41 65536
2024-09-09 11:42:24,384 [DEBUG]  STREAM b'IHDR' 16 13
2024-09-09 11:42:24,384 [DEBUG]  STREAM b'IDAT' 41 65536
2024-09-09 11:42:24,388 [DEBUG]  STREAM b'IHDR' 16 13
2024-09-09 11:42:24,389 [DEBUG]  STREAM b'IDAT' 41 65536
2024-09-09 11:42:24,394 [DEBUG]  STREAM b'IHDR' 16 13
2024-09-09 11:42:24,394 [DEBUG]  STREAM b'IDAT' 41 65536
2024-09-09 11:42:24,398 [DEBUG]  STREAM b'IHDR' 16 13
2024-09-09 11:42:24,398 [DEBUG]  STREAM b'IDAT' 41 65536
2024-09-09 11:42:24,403 [DEBUG]  STREAM b'IHDR' 16 13
2024-09-09 11:42:24,403 [DEBUG]  STREAM b'IDAT' 41 65536
2024-09-09 11:42:24,407 [DEBUG]  STREAM b'IHDR' 16 13
2024-09-09 11:42:24,407 [DEBUG]  STREAM b'IDAT' 41 65536
2024-09-09 11:42:24,416 [DEBUG]  GraphTrial.log 509.958 visit state = 8
2024-09-09 11:42:24,422 [DEBUG]  GraphTrial.log 509.963 start flip_time = 509.96304241666667
2024-09-09 11:42:24,426 [DEBUG]  GraphTrial.log 509.968 get move selected = 7
2024-09-09 11:42:26,387 [DEBUG]  GraphTrial.log 511.929 switch selected = 9
2024-09-09 11:42:27,195 [DEBUG]  GraphTrial.log 512.736 select selected = 9
2024-09-09 11:42:27,195 [DEBUG]  GraphTrial.log 512.736 visit state = 9
2024-09-09 11:42:27,203 [DEBUG]  GraphTrial.log 512.744 get move selected = 2
2024-09-09 11:42:27,715 [DEBUG]  GraphTrial.log 513.256 select selected = 2
2024-09-09 11:42:27,715 [DEBUG]  GraphTrial.log 513.256 visit state = 2
2024-09-09 11:42:29,558 [DEBUG]  GraphTrial.log 515.099 done 
2024-09-09 11:42:29,558 [INFO]  end trial [{"time": 507.8562644583335, "event": "begin drift_check"}, {"time": 509.6026193749999, "event": "initialize", "status": null}, {"time": 509.60293162499966, "event": "start recording"}, {"time": 509.72717662499963, "event": "show graph"}, {"time": 509.95760666666683, "event": "visit", "state": 8}, {"time": 509.96305620833346, "event": "start", "flip_time": 509.96304241666667}, {"time": 509.96767733333354, "event": "get move", "selected": 7}, {"time": 511.928702875, "event": "switch", "selected": 9}, {"time": 512.7358815416669, "event": "select", "selected": 9}, {"time": 512.7359577083334, "event": "visit", "state": 9}, {"time": 512.7442619583335, "event": "get move", "selected": 2}, {"time": 513.2559129583333, "event": "select", "selected": 2}, {"time": 513.2559794166668, "event": "visit", "state": 2}, {"time": 515.0993318749997, "event": "done"}]
2024-09-09 11:42:29,558 [INFO]  stop_recording
2024-09-09 11:42:29,574 [INFO]  gt.status is None
2024-09-09 11:42:29,574 [DEBUG]  add bonus points 6 (total = 80)
2024-09-09 11:42:29,574 [INFO]  Trial 13 of 260
2024-09-09 11:42:31,195 [INFO]  begin trial {"kind": "GraphTrial", "graph": [[], [6, 2], [], [], [], [7, 10], [], [10, 4], [1, 9], [3, 0], []], "rewards": [1, 4, -1, 0, -2, 3, 3, 0, null, -2, 3], "reward_info": {"-4": {"desc": "pattern_1", "image": "images[0]"}, "-3": {"desc": "pattern_2", "image": "images[1]"}, "-2": {"desc": "pattern_3", "image": "images[2]"}, "-1": {"desc": "pattern_4", "image": "images[3]"}, "0": {"desc": "pattern_5", "image": "images[4]"}, "1": {"desc": "pattern_6", "image": "images[5]"}, "2": {"desc": "pattern_7", "image": "images[6]"}, "3": {"desc": "pattern_8", "image": "images[7]"}, "4": {"desc": "pattern_9", "image": "images[8]"}}, "initial_stage": "planning", "hide_states": false, "hide_rewards_while_acting": false, "hide_edges_while_acting": false, "gaze_contingent": false, "gaze_tolerance": 1.5, "fixation_lag": 0.5, "start": 8}
2024-09-09 11:42:31,195 [INFO]  <eyetracking.EyeLink object at 0x3177c5370>
2024-09-09 11:42:31,195 [DEBUG]  GraphTrial.log 516.736 begin drift_check 
2024-09-09 11:42:32,628 [DEBUG]  GraphTrial.log 518.169 initialize status = None
2024-09-09 11:42:32,629 [DEBUG]  GraphTrial.log 518.170 start recording 
2024-09-09 11:42:32,629 [INFO]  start_recording
2024-09-09 11:42:32,755 [DEBUG]  GraphTrial.log 518.296 show graph 
2024-09-09 11:42:32,763 [DEBUG]  STREAM b'IHDR' 16 13
2024-09-09 11:42:32,763 [DEBUG]  STREAM b'IDAT' 41 65536
2024-09-09 11:42:32,775 [DEBUG]  STREAM b'IHDR' 16 13
2024-09-09 11:42:32,775 [DEBUG]  STREAM b'IDAT' 41 65536
2024-09-09 11:42:32,785 [DEBUG]  STREAM b'IHDR' 16 13
2024-09-09 11:42:32,785 [DEBUG]  STREAM b'IDAT' 41 65536
2024-09-09 11:42:32,793 [DEBUG]  STREAM b'IHDR' 16 13
2024-09-09 11:42:32,793 [DEBUG]  STREAM b'IDAT' 41 65536
2024-09-09 11:42:32,803 [DEBUG]  STREAM b'IHDR' 16 13
2024-09-09 11:42:32,803 [DEBUG]  STREAM b'IDAT' 41 65536
2024-09-09 11:42:32,810 [DEBUG]  STREAM b'IHDR' 16 13
2024-09-09 11:42:32,810 [DEBUG]  STREAM b'IDAT' 41 65536
2024-09-09 11:42:32,817 [DEBUG]  STREAM b'IHDR' 16 13
2024-09-09 11:42:32,817 [DEBUG]  STREAM b'IDAT' 41 65536
2024-09-09 11:42:32,823 [DEBUG]  STREAM b'IHDR' 16 13
2024-09-09 11:42:32,823 [DEBUG]  STREAM b'IDAT' 41 65536
2024-09-09 11:42:32,830 [DEBUG]  STREAM b'IHDR' 16 13
2024-09-09 11:42:32,830 [DEBUG]  STREAM b'IDAT' 41 65536
2024-09-09 11:42:32,835 [DEBUG]  STREAM b'IHDR' 16 13
2024-09-09 11:42:32,835 [DEBUG]  STREAM b'IDAT' 41 65536
2024-09-09 11:42:32,839 [DEBUG]  STREAM b'IHDR' 16 13
2024-09-09 11:42:32,839 [DEBUG]  STREAM b'IDAT' 41 65536
2024-09-09 11:42:32,844 [DEBUG]  STREAM b'IHDR' 16 13
2024-09-09 11:42:32,844 [DEBUG]  STREAM b'IDAT' 41 65536
2024-09-09 11:42:32,850 [DEBUG]  STREAM b'IHDR' 16 13
2024-09-09 11:42:32,850 [DEBUG]  STREAM b'IDAT' 41 65536
2024-09-09 11:42:32,854 [DEBUG]  STREAM b'IHDR' 16 13
2024-09-09 11:42:32,854 [DEBUG]  STREAM b'IDAT' 41 65536
2024-09-09 11:42:32,859 [DEBUG]  STREAM b'IHDR' 16 13
2024-09-09 11:42:32,859 [DEBUG]  STREAM b'IDAT' 41 65536
2024-09-09 11:42:32,863 [DEBUG]  STREAM b'IHDR' 16 13
2024-09-09 11:42:32,863 [DEBUG]  STREAM b'IDAT' 41 65536
2024-09-09 11:42:32,869 [DEBUG]  STREAM b'IHDR' 16 13
2024-09-09 11:42:32,869 [DEBUG]  STREAM b'IDAT' 41 65536
2024-09-09 11:42:32,873 [DEBUG]  STREAM b'IHDR' 16 13
2024-09-09 11:42:32,873 [DEBUG]  STREAM b'IDAT' 41 65536
2024-09-09 11:42:32,877 [DEBUG]  STREAM b'IHDR' 16 13
2024-09-09 11:42:32,877 [DEBUG]  STREAM b'IDAT' 41 65536
2024-09-09 11:42:32,881 [DEBUG]  STREAM b'IHDR' 16 13
2024-09-09 11:42:32,881 [DEBUG]  STREAM b'IDAT' 41 65536
2024-09-09 11:42:32,887 [DEBUG]  STREAM b'IHDR' 16 13
2024-09-09 11:42:32,887 [DEBUG]  STREAM b'IDAT' 41 65536
2024-09-09 11:42:32,891 [DEBUG]  STREAM b'IHDR' 16 13
2024-09-09 11:42:32,892 [DEBUG]  STREAM b'IDAT' 41 65536
2024-09-09 11:42:32,896 [DEBUG]  STREAM b'IHDR' 16 13
2024-09-09 11:42:32,896 [DEBUG]  STREAM b'IDAT' 41 65536
2024-09-09 11:42:32,900 [DEBUG]  STREAM b'IHDR' 16 13
2024-09-09 11:42:32,900 [DEBUG]  STREAM b'IDAT' 41 65536
2024-09-09 11:42:32,906 [DEBUG]  STREAM b'IHDR' 16 13
2024-09-09 11:42:32,906 [DEBUG]  STREAM b'IDAT' 41 65536
2024-09-09 11:42:32,911 [DEBUG]  STREAM b'IHDR' 16 13
2024-09-09 11:42:32,911 [DEBUG]  STREAM b'IDAT' 41 65536
2024-09-09 11:42:32,915 [DEBUG]  STREAM b'IHDR' 16 13
2024-09-09 11:42:32,915 [DEBUG]  STREAM b'IDAT' 41 65536
2024-09-09 11:42:32,920 [DEBUG]  STREAM b'IHDR' 16 13
2024-09-09 11:42:32,920 [DEBUG]  STREAM b'IDAT' 41 65536
2024-09-09 11:42:32,926 [DEBUG]  STREAM b'IHDR' 16 13
2024-09-09 11:42:32,926 [DEBUG]  STREAM b'IDAT' 41 65536
2024-09-09 11:42:32,930 [DEBUG]  STREAM b'IHDR' 16 13
2024-09-09 11:42:32,930 [DEBUG]  STREAM b'IDAT' 41 65536
2024-09-09 11:42:32,934 [DEBUG]  STREAM b'IHDR' 16 13
2024-09-09 11:42:32,934 [DEBUG]  STREAM b'IDAT' 41 65536
2024-09-09 11:42:32,938 [DEBUG]  STREAM b'IHDR' 16 13
2024-09-09 11:42:32,938 [DEBUG]  STREAM b'IDAT' 41 65536
2024-09-09 11:42:32,945 [DEBUG]  STREAM b'IHDR' 16 13
2024-09-09 11:42:32,945 [DEBUG]  STREAM b'IDAT' 41 65536
2024-09-09 11:42:32,949 [DEBUG]  STREAM b'IHDR' 16 13
2024-09-09 11:42:32,949 [DEBUG]  STREAM b'IDAT' 41 65536
2024-09-09 11:42:32,953 [DEBUG]  STREAM b'IHDR' 16 13
2024-09-09 11:42:32,953 [DEBUG]  STREAM b'IDAT' 41 65536
2024-09-09 11:42:32,957 [DEBUG]  STREAM b'IHDR' 16 13
2024-09-09 11:42:32,957 [DEBUG]  STREAM b'IDAT' 41 65536
2024-09-09 11:42:32,963 [DEBUG]  STREAM b'IHDR' 16 13
2024-09-09 11:42:32,963 [DEBUG]  STREAM b'IDAT' 41 65536
2024-09-09 11:42:32,967 [DEBUG]  STREAM b'IHDR' 16 13
2024-09-09 11:42:32,967 [DEBUG]  STREAM b'IDAT' 41 65536
2024-09-09 11:42:32,972 [DEBUG]  STREAM b'IHDR' 16 13
2024-09-09 11:42:32,972 [DEBUG]  STREAM b'IDAT' 41 65536
2024-09-09 11:42:32,976 [DEBUG]  STREAM b'IHDR' 16 13
2024-09-09 11:42:32,976 [DEBUG]  STREAM b'IDAT' 41 65536
2024-09-09 11:42:32,987 [DEBUG]  GraphTrial.log 518.528 visit state = 8
2024-09-09 11:42:32,992 [DEBUG]  GraphTrial.log 518.534 start flip_time = 518.5335376666667
2024-09-09 11:42:32,997 [DEBUG]  GraphTrial.log 518.538 get move selected = 1
2024-09-09 11:42:34,371 [DEBUG]  GraphTrial.log 519.912 select selected = 1
2024-09-09 11:42:34,371 [DEBUG]  GraphTrial.log 519.912 visit state = 1
2024-09-09 11:42:34,392 [DEBUG]  GraphTrial.log 519.933 get move selected = 2
2024-09-09 11:42:34,867 [DEBUG]  GraphTrial.log 520.408 switch selected = 6
2024-09-09 11:42:35,274 [DEBUG]  GraphTrial.log 520.816 select selected = 6
2024-09-09 11:42:35,274 [DEBUG]  GraphTrial.log 520.816 visit state = 6
2024-09-09 11:42:37,142 [DEBUG]  GraphTrial.log 522.683 done 
2024-09-09 11:42:37,142 [INFO]  end trial [{"time": 516.7362402499998, "event": "begin drift_check"}, {"time": 518.169439291667, "event": "initialize", "status": null}, {"time": 518.1697877083334, "event": "start recording"}, {"time": 518.2958338333333, "event": "show graph"}, {"time": 518.5280860833332, "event": "visit", "state": 8}, {"time": 518.5335508333333, "event": "start", "flip_time": 518.5335376666667}, {"time": 518.5381975416667, "event": "get move", "selected": 1}, {"time": 519.9122534999997, "event": "select", "selected": 1}, {"time": 519.9123221666669, "event": "visit", "state": 1}, {"time": 519.9327589999998, "event": "get move", "selected": 2}, {"time": 520.4082376249999, "event": "switch", "selected": 6}, {"time": 520.815663375, "event": "select", "selected": 6}, {"time": 520.8157290833333, "event": "visit", "state": 6}, {"time": 522.6831658749998, "event": "done"}]
2024-09-09 11:42:37,142 [INFO]  stop_recording
2024-09-09 11:42:37,159 [INFO]  gt.status is None
2024-09-09 11:42:37,159 [DEBUG]  add bonus points 7 (total = 87)
2024-09-09 11:42:37,159 [INFO]  Trial 14 of 260
2024-09-09 11:42:38,667 [INFO]  begin trial {"kind": "GraphTrial", "graph": [[4], [2, 10], [10, 0], [], [], [], [3], [5, 8], [], [7, 6], []], "rewards": [-2, -3, -1, 2, 2, 2, 0, -1, -4, null, 3], "reward_info": {"-4": {"desc": "pattern_1", "image": "images[0]"}, "-3": {"desc": "pattern_2", "image": "images[1]"}, "-2": {"desc": "pattern_3", "image": "images[2]"}, "-1": {"desc": "pattern_4", "image": "images[3]"}, "0": {"desc": "pattern_5", "image": "images[4]"}, "1": {"desc": "pattern_6", "image": "images[5]"}, "2": {"desc": "pattern_7", "image": "images[6]"}, "3": {"desc": "pattern_8", "image": "images[7]"}, "4": {"desc": "pattern_9", "image": "images[8]"}}, "initial_stage": "planning", "hide_states": false, "hide_rewards_while_acting": false, "hide_edges_while_acting": false, "gaze_contingent": false, "gaze_tolerance": 1.5, "fixation_lag": 0.5, "start": 9}
2024-09-09 11:42:38,667 [INFO]  <eyetracking.EyeLink object at 0x3177c5370>
2024-09-09 11:42:38,667 [DEBUG]  GraphTrial.log 524.208 begin drift_check 
2024-09-09 11:42:40,744 [DEBUG]  GraphTrial.log 526.285 initialize status = None
2024-09-09 11:42:40,744 [DEBUG]  GraphTrial.log 526.286 start recording 
2024-09-09 11:42:40,744 [INFO]  start_recording
2024-09-09 11:42:40,869 [DEBUG]  GraphTrial.log 526.411 show graph 
2024-09-09 11:42:40,877 [DEBUG]  STREAM b'IHDR' 16 13
2024-09-09 11:42:40,877 [DEBUG]  STREAM b'IDAT' 41 65536
2024-09-09 11:42:40,889 [DEBUG]  STREAM b'IHDR' 16 13
2024-09-09 11:42:40,889 [DEBUG]  STREAM b'IDAT' 41 65536
2024-09-09 11:42:40,899 [DEBUG]  STREAM b'IHDR' 16 13
2024-09-09 11:42:40,899 [DEBUG]  STREAM b'IDAT' 41 65536
2024-09-09 11:42:40,907 [DEBUG]  STREAM b'IHDR' 16 13
2024-09-09 11:42:40,907 [DEBUG]  STREAM b'IDAT' 41 65536
2024-09-09 11:42:40,916 [DEBUG]  STREAM b'IHDR' 16 13
2024-09-09 11:42:40,916 [DEBUG]  STREAM b'IDAT' 41 65536
2024-09-09 11:42:40,922 [DEBUG]  STREAM b'IHDR' 16 13
2024-09-09 11:42:40,922 [DEBUG]  STREAM b'IDAT' 41 65536
2024-09-09 11:42:40,928 [DEBUG]  STREAM b'IHDR' 16 13
2024-09-09 11:42:40,928 [DEBUG]  STREAM b'IDAT' 41 65536
2024-09-09 11:42:40,934 [DEBUG]  STREAM b'IHDR' 16 13
2024-09-09 11:42:40,934 [DEBUG]  STREAM b'IDAT' 41 65536
2024-09-09 11:42:40,940 [DEBUG]  STREAM b'IHDR' 16 13
2024-09-09 11:42:40,940 [DEBUG]  STREAM b'IDAT' 41 65536
2024-09-09 11:42:40,945 [DEBUG]  STREAM b'IHDR' 16 13
2024-09-09 11:42:40,945 [DEBUG]  STREAM b'IDAT' 41 65536
2024-09-09 11:42:40,950 [DEBUG]  STREAM b'IHDR' 16 13
2024-09-09 11:42:40,950 [DEBUG]  STREAM b'IDAT' 41 65536
2024-09-09 11:42:40,955 [DEBUG]  STREAM b'IHDR' 16 13
2024-09-09 11:42:40,955 [DEBUG]  STREAM b'IDAT' 41 65536
2024-09-09 11:42:40,961 [DEBUG]  STREAM b'IHDR' 16 13
2024-09-09 11:42:40,961 [DEBUG]  STREAM b'IDAT' 41 65536
2024-09-09 11:42:40,965 [DEBUG]  STREAM b'IHDR' 16 13
2024-09-09 11:42:40,965 [DEBUG]  STREAM b'IDAT' 41 65536
2024-09-09 11:42:40,970 [DEBUG]  STREAM b'IHDR' 16 13
2024-09-09 11:42:40,970 [DEBUG]  STREAM b'IDAT' 41 65536
2024-09-09 11:42:40,974 [DEBUG]  STREAM b'IHDR' 16 13
2024-09-09 11:42:40,974 [DEBUG]  STREAM b'IDAT' 41 65536
2024-09-09 11:42:40,980 [DEBUG]  STREAM b'IHDR' 16 13
2024-09-09 11:42:40,980 [DEBUG]  STREAM b'IDAT' 41 65536
2024-09-09 11:42:40,984 [DEBUG]  STREAM b'IHDR' 16 13
2024-09-09 11:42:40,984 [DEBUG]  STREAM b'IDAT' 41 65536
2024-09-09 11:42:40,989 [DEBUG]  STREAM b'IHDR' 16 13
2024-09-09 11:42:40,989 [DEBUG]  STREAM b'IDAT' 41 65536
2024-09-09 11:42:40,993 [DEBUG]  STREAM b'IHDR' 16 13
2024-09-09 11:42:40,993 [DEBUG]  STREAM b'IDAT' 41 65536
2024-09-09 11:42:40,998 [DEBUG]  STREAM b'IHDR' 16 13
2024-09-09 11:42:40,998 [DEBUG]  STREAM b'IDAT' 41 65536
2024-09-09 11:42:41,003 [DEBUG]  STREAM b'IHDR' 16 13
2024-09-09 11:42:41,003 [DEBUG]  STREAM b'IDAT' 41 65536
2024-09-09 11:42:41,007 [DEBUG]  STREAM b'IHDR' 16 13
2024-09-09 11:42:41,007 [DEBUG]  STREAM b'IDAT' 41 65536
2024-09-09 11:42:41,011 [DEBUG]  STREAM b'IHDR' 16 13
2024-09-09 11:42:41,011 [DEBUG]  STREAM b'IDAT' 41 65536
2024-09-09 11:42:41,017 [DEBUG]  STREAM b'IHDR' 16 13
2024-09-09 11:42:41,017 [DEBUG]  STREAM b'IDAT' 41 65536
2024-09-09 11:42:41,021 [DEBUG]  STREAM b'IHDR' 16 13
2024-09-09 11:42:41,021 [DEBUG]  STREAM b'IDAT' 41 65536
2024-09-09 11:42:41,025 [DEBUG]  STREAM b'IHDR' 16 13
2024-09-09 11:42:41,025 [DEBUG]  STREAM b'IDAT' 41 65536
2024-09-09 11:42:41,030 [DEBUG]  STREAM b'IHDR' 16 13
2024-09-09 11:42:41,030 [DEBUG]  STREAM b'IDAT' 41 65536
2024-09-09 11:42:41,035 [DEBUG]  STREAM b'IHDR' 16 13
2024-09-09 11:42:41,035 [DEBUG]  STREAM b'IDAT' 41 65536
2024-09-09 11:42:41,039 [DEBUG]  STREAM b'IHDR' 16 13
2024-09-09 11:42:41,039 [DEBUG]  STREAM b'IDAT' 41 65536
2024-09-09 11:42:41,043 [DEBUG]  STREAM b'IHDR' 16 13
2024-09-09 11:42:41,043 [DEBUG]  STREAM b'IDAT' 41 65536
2024-09-09 11:42:41,047 [DEBUG]  STREAM b'IHDR' 16 13
2024-09-09 11:42:41,047 [DEBUG]  STREAM b'IDAT' 41 65536
2024-09-09 11:42:41,053 [DEBUG]  STREAM b'IHDR' 16 13
2024-09-09 11:42:41,053 [DEBUG]  STREAM b'IDAT' 41 65536
2024-09-09 11:42:41,057 [DEBUG]  STREAM b'IHDR' 16 13
2024-09-09 11:42:41,057 [DEBUG]  STREAM b'IDAT' 41 65536
2024-09-09 11:42:41,061 [DEBUG]  STREAM b'IHDR' 16 13
2024-09-09 11:42:41,061 [DEBUG]  STREAM b'IDAT' 41 65536
2024-09-09 11:42:41,065 [DEBUG]  STREAM b'IHDR' 16 13
2024-09-09 11:42:41,065 [DEBUG]  STREAM b'IDAT' 41 65536
2024-09-09 11:42:41,072 [DEBUG]  STREAM b'IHDR' 16 13
2024-09-09 11:42:41,072 [DEBUG]  STREAM b'IDAT' 41 65536
2024-09-09 11:42:41,076 [DEBUG]  STREAM b'IHDR' 16 13
2024-09-09 11:42:41,076 [DEBUG]  STREAM b'IDAT' 41 65536
2024-09-09 11:42:41,081 [DEBUG]  STREAM b'IHDR' 16 13
2024-09-09 11:42:41,081 [DEBUG]  STREAM b'IDAT' 41 65536
2024-09-09 11:42:41,085 [DEBUG]  STREAM b'IHDR' 16 13
2024-09-09 11:42:41,085 [DEBUG]  STREAM b'IDAT' 41 65536
2024-09-09 11:42:41,095 [DEBUG]  GraphTrial.log 526.636 visit state = 9
2024-09-09 11:42:41,101 [DEBUG]  GraphTrial.log 526.642 start flip_time = 526.641889916667
2024-09-09 11:42:41,105 [DEBUG]  GraphTrial.log 526.647 get move selected = 7
2024-09-09 11:42:41,924 [DEBUG]  GraphTrial.log 527.465 switch selected = 6
2024-09-09 11:42:43,827 [DEBUG]  GraphTrial.log 529.368 select selected = 6
2024-09-09 11:42:43,827 [DEBUG]  GraphTrial.log 529.368 visit state = 6
2024-09-09 11:42:43,838 [DEBUG]  GraphTrial.log 529.379 get move selected = 3
2024-09-09 11:42:44,227 [DEBUG]  GraphTrial.log 529.768 select selected = 3
2024-09-09 11:42:44,227 [DEBUG]  GraphTrial.log 529.768 visit state = 3
2024-09-09 11:42:46,108 [DEBUG]  GraphTrial.log 531.650 done 
2024-09-09 11:42:46,109 [INFO]  end trial [{"time": 524.2083813333334, "event": "begin drift_check"}, {"time": 526.2854212499997, "event": "initialize", "status": null}, {"time": 526.2855850833334, "event": "start recording"}, {"time": 526.4105239999999, "event": "show graph"}, {"time": 526.6363674166669, "event": "visit", "state": 9}, {"time": 526.6419043333335, "event": "start", "flip_time": 526.641889916667}, {"time": 526.6466271666668, "event": "get move", "selected": 7}, {"time": 527.4647530833331, "event": "switch", "selected": 6}, {"time": 529.368002666667, "event": "select", "selected": 6}, {"time": 529.3680809166667, "event": "visit", "state": 6}, {"time": 529.3794043749999, "event": "get move", "selected": 3}, {"time": 529.7680382083331, "event": "select", "selected": 3}, {"time": 529.7681059583333, "event": "visit", "state": 3}, {"time": 531.6495724166666, "event": "done"}]
2024-09-09 11:42:46,109 [INFO]  stop_recording
2024-09-09 11:42:46,124 [INFO]  gt.status is None
2024-09-09 11:42:46,124 [DEBUG]  add bonus points 2 (total = 89)
2024-09-09 11:42:46,124 [INFO]  Trial 15 of 260
2024-09-09 11:42:48,307 [INFO]  begin trial {"kind": "GraphTrial", "graph": [[5, 10], [], [3, 9], [], [], [6, 7], [], [], [2, 3], [4], [1]], "rewards": [null, 1, -1, -1, 0, -3, -2, -4, 4, 0, 4], "reward_info": {"-4": {"desc": "pattern_1", "image": "images[0]"}, "-3": {"desc": "pattern_2", "image": "images[1]"}, "-2": {"desc": "pattern_3", "image": "images[2]"}, "-1": {"desc": "pattern_4", "image": "images[3]"}, "0": {"desc": "pattern_5", "image": "images[4]"}, "1": {"desc": "pattern_6", "image": "images[5]"}, "2": {"desc": "pattern_7", "image": "images[6]"}, "3": {"desc": "pattern_8", "image": "images[7]"}, "4": {"desc": "pattern_9", "image": "images[8]"}}, "initial_stage": "planning", "hide_states": false, "hide_rewards_while_acting": false, "hide_edges_while_acting": false, "gaze_contingent": false, "gaze_tolerance": 1.5, "fixation_lag": 0.5, "start": 0}
2024-09-09 11:42:48,307 [INFO]  <eyetracking.EyeLink object at 0x3177c5370>
2024-09-09 11:42:48,307 [DEBUG]  GraphTrial.log 533.848 begin drift_check 
2024-09-09 11:42:49,628 [DEBUG]  GraphTrial.log 535.170 initialize status = None
2024-09-09 11:42:49,629 [DEBUG]  GraphTrial.log 535.170 start recording 
2024-09-09 11:42:49,629 [INFO]  start_recording
2024-09-09 11:42:49,755 [DEBUG]  GraphTrial.log 535.296 show graph 
2024-09-09 11:42:49,767 [DEBUG]  STREAM b'IHDR' 16 13
2024-09-09 11:42:49,767 [DEBUG]  STREAM b'IDAT' 41 65536
2024-09-09 11:42:49,779 [DEBUG]  STREAM b'IHDR' 16 13
2024-09-09 11:42:49,779 [DEBUG]  STREAM b'IDAT' 41 65536
2024-09-09 11:42:49,789 [DEBUG]  STREAM b'IHDR' 16 13
2024-09-09 11:42:49,789 [DEBUG]  STREAM b'IDAT' 41 65536
2024-09-09 11:42:49,796 [DEBUG]  STREAM b'IHDR' 16 13
2024-09-09 11:42:49,797 [DEBUG]  STREAM b'IDAT' 41 65536
2024-09-09 11:42:49,806 [DEBUG]  STREAM b'IHDR' 16 13
2024-09-09 11:42:49,806 [DEBUG]  STREAM b'IDAT' 41 65536
2024-09-09 11:42:49,812 [DEBUG]  STREAM b'IHDR' 16 13
2024-09-09 11:42:49,812 [DEBUG]  STREAM b'IDAT' 41 65536
2024-09-09 11:42:49,818 [DEBUG]  STREAM b'IHDR' 16 13
2024-09-09 11:42:49,818 [DEBUG]  STREAM b'IDAT' 41 65536
2024-09-09 11:42:49,823 [DEBUG]  STREAM b'IHDR' 16 13
2024-09-09 11:42:49,823 [DEBUG]  STREAM b'IDAT' 41 65536
2024-09-09 11:42:49,830 [DEBUG]  STREAM b'IHDR' 16 13
2024-09-09 11:42:49,830 [DEBUG]  STREAM b'IDAT' 41 65536
2024-09-09 11:42:49,835 [DEBUG]  STREAM b'IHDR' 16 13
2024-09-09 11:42:49,835 [DEBUG]  STREAM b'IDAT' 41 65536
2024-09-09 11:42:49,839 [DEBUG]  STREAM b'IHDR' 16 13
2024-09-09 11:42:49,839 [DEBUG]  STREAM b'IDAT' 41 65536
2024-09-09 11:42:49,844 [DEBUG]  STREAM b'IHDR' 16 13
2024-09-09 11:42:49,844 [DEBUG]  STREAM b'IDAT' 41 65536
2024-09-09 11:42:49,850 [DEBUG]  STREAM b'IHDR' 16 13
2024-09-09 11:42:49,850 [DEBUG]  STREAM b'IDAT' 41 65536
2024-09-09 11:42:49,854 [DEBUG]  STREAM b'IHDR' 16 13
2024-09-09 11:42:49,854 [DEBUG]  STREAM b'IDAT' 41 65536
2024-09-09 11:42:49,859 [DEBUG]  STREAM b'IHDR' 16 13
2024-09-09 11:42:49,859 [DEBUG]  STREAM b'IDAT' 41 65536
2024-09-09 11:42:49,863 [DEBUG]  STREAM b'IHDR' 16 13
2024-09-09 11:42:49,863 [DEBUG]  STREAM b'IDAT' 41 65536
2024-09-09 11:42:49,868 [DEBUG]  STREAM b'IHDR' 16 13
2024-09-09 11:42:49,868 [DEBUG]  STREAM b'IDAT' 41 65536
2024-09-09 11:42:49,873 [DEBUG]  STREAM b'IHDR' 16 13
2024-09-09 11:42:49,873 [DEBUG]  STREAM b'IDAT' 41 65536
2024-09-09 11:42:49,877 [DEBUG]  STREAM b'IHDR' 16 13
2024-09-09 11:42:49,877 [DEBUG]  STREAM b'IDAT' 41 65536
2024-09-09 11:42:49,881 [DEBUG]  STREAM b'IHDR' 16 13
2024-09-09 11:42:49,881 [DEBUG]  STREAM b'IDAT' 41 65536
2024-09-09 11:42:49,886 [DEBUG]  STREAM b'IHDR' 16 13
2024-09-09 11:42:49,887 [DEBUG]  STREAM b'IDAT' 41 65536
2024-09-09 11:42:49,891 [DEBUG]  STREAM b'IHDR' 16 13
2024-09-09 11:42:49,891 [DEBUG]  STREAM b'IDAT' 41 65536
2024-09-09 11:42:49,895 [DEBUG]  STREAM b'IHDR' 16 13
2024-09-09 11:42:49,895 [DEBUG]  STREAM b'IDAT' 41 65536
2024-09-09 11:42:49,899 [DEBUG]  STREAM b'IHDR' 16 13
2024-09-09 11:42:49,899 [DEBUG]  STREAM b'IDAT' 41 65536
2024-09-09 11:42:49,904 [DEBUG]  STREAM b'IHDR' 16 13
2024-09-09 11:42:49,904 [DEBUG]  STREAM b'IDAT' 41 65536
2024-09-09 11:42:49,909 [DEBUG]  STREAM b'IHDR' 16 13
2024-09-09 11:42:49,909 [DEBUG]  STREAM b'IDAT' 41 65536
2024-09-09 11:42:49,913 [DEBUG]  STREAM b'IHDR' 16 13
2024-09-09 11:42:49,913 [DEBUG]  STREAM b'IDAT' 41 65536
2024-09-09 11:42:49,917 [DEBUG]  STREAM b'IHDR' 16 13
2024-09-09 11:42:49,917 [DEBUG]  STREAM b'IDAT' 41 65536
2024-09-09 11:42:49,922 [DEBUG]  STREAM b'IHDR' 16 13
2024-09-09 11:42:49,922 [DEBUG]  STREAM b'IDAT' 41 65536
2024-09-09 11:42:49,927 [DEBUG]  STREAM b'IHDR' 16 13
2024-09-09 11:42:49,927 [DEBUG]  STREAM b'IDAT' 41 65536
2024-09-09 11:42:49,931 [DEBUG]  STREAM b'IHDR' 16 13
2024-09-09 11:42:49,931 [DEBUG]  STREAM b'IDAT' 41 65536
2024-09-09 11:42:49,936 [DEBUG]  STREAM b'IHDR' 16 13
2024-09-09 11:42:49,936 [DEBUG]  STREAM b'IDAT' 41 65536
2024-09-09 11:42:49,942 [DEBUG]  STREAM b'IHDR' 16 13
2024-09-09 11:42:49,942 [DEBUG]  STREAM b'IDAT' 41 65536
2024-09-09 11:42:49,946 [DEBUG]  STREAM b'IHDR' 16 13
2024-09-09 11:42:49,946 [DEBUG]  STREAM b'IDAT' 41 65536
2024-09-09 11:42:49,950 [DEBUG]  STREAM b'IHDR' 16 13
2024-09-09 11:42:49,950 [DEBUG]  STREAM b'IDAT' 41 65536
2024-09-09 11:42:49,954 [DEBUG]  STREAM b'IHDR' 16 13
2024-09-09 11:42:49,954 [DEBUG]  STREAM b'IDAT' 41 65536
2024-09-09 11:42:49,960 [DEBUG]  STREAM b'IHDR' 16 13
2024-09-09 11:42:49,960 [DEBUG]  STREAM b'IDAT' 41 65536
2024-09-09 11:42:49,964 [DEBUG]  STREAM b'IHDR' 16 13
2024-09-09 11:42:49,964 [DEBUG]  STREAM b'IDAT' 41 65536
2024-09-09 11:42:49,969 [DEBUG]  STREAM b'IHDR' 16 13
2024-09-09 11:42:49,969 [DEBUG]  STREAM b'IDAT' 41 65536
2024-09-09 11:42:49,973 [DEBUG]  STREAM b'IHDR' 16 13
2024-09-09 11:42:49,973 [DEBUG]  STREAM b'IDAT' 41 65536
2024-09-09 11:42:49,984 [DEBUG]  GraphTrial.log 535.525 visit state = 0
2024-09-09 11:42:49,990 [DEBUG]  GraphTrial.log 535.531 start flip_time = 535.530787416667
2024-09-09 11:42:49,994 [DEBUG]  GraphTrial.log 535.536 get move selected = 5
2024-09-09 11:42:51,284 [DEBUG]  GraphTrial.log 536.825 switch selected = 10
2024-09-09 11:42:52,155 [DEBUG]  GraphTrial.log 537.696 select selected = 10
2024-09-09 11:42:52,155 [DEBUG]  GraphTrial.log 537.696 visit state = 10
2024-09-09 11:42:52,175 [DEBUG]  GraphTrial.log 537.716 get move selected = 1
2024-09-09 11:42:53,075 [DEBUG]  GraphTrial.log 538.616 select selected = 1
2024-09-09 11:42:53,075 [DEBUG]  GraphTrial.log 538.616 visit state = 1
2024-09-09 11:42:54,943 [DEBUG]  GraphTrial.log 540.485 done 
2024-09-09 11:42:54,944 [INFO]  end trial [{"time": 533.8483212083333, "event": "begin drift_check"}, {"time": 535.1696145833334, "event": "initialize", "status": null}, {"time": 535.17006025, "event": "start recording"}, {"time": 535.2959113333332, "event": "show graph"}, {"time": 535.5252424583332, "event": "visit", "state": 0}, {"time": 535.5308057916668, "event": "start", "flip_time": 535.530787416667}, {"time": 535.5355165833334, "event": "get move", "selected": 5}, {"time": 536.8247104583334, "event": "switch", "selected": 10}, {"time": 537.6959523333335, "event": "select", "selected": 10}, {"time": 537.6960304999998, "event": "visit", "state": 10}, {"time": 537.7162157916669, "event": "get move", "selected": 1}, {"time": 538.6159793333331, "event": "select", "selected": 1}, {"time": 538.6160555833335, "event": "visit", "state": 1}, {"time": 540.4846101666667, "event": "done"}]
2024-09-09 11:42:54,944 [INFO]  stop_recording
2024-09-09 11:42:54,960 [INFO]  gt.status is None
2024-09-09 11:42:54,960 [DEBUG]  add bonus points 5 (total = 94)
2024-09-09 11:42:54,960 [INFO]  Trial 16 of 260
2024-09-09 11:42:55,475 [INFO]  begin trial {"kind": "GraphTrial", "graph": [[8, 4], [], [], [2, 6], [], [3, 7], [], [10, 9], [4, 1], [], []], "rewards": [2, 0, 4, -1, -4, null, -3, 2, -2, -2, -1], "reward_info": {"-4": {"desc": "pattern_1", "image": "images[0]"}, "-3": {"desc": "pattern_2", "image": "images[1]"}, "-2": {"desc": "pattern_3", "image": "images[2]"}, "-1": {"desc": "pattern_4", "image": "images[3]"}, "0": {"desc": "pattern_5", "image": "images[4]"}, "1": {"desc": "pattern_6", "image": "images[5]"}, "2": {"desc": "pattern_7", "image": "images[6]"}, "3": {"desc": "pattern_8", "image": "images[7]"}, "4": {"desc": "pattern_9", "image": "images[8]"}}, "initial_stage": "planning", "hide_states": false, "hide_rewards_while_acting": false, "hide_edges_while_acting": false, "gaze_contingent": false, "gaze_tolerance": 1.5, "fixation_lag": 0.5, "start": 5}
2024-09-09 11:42:55,475 [INFO]  <eyetracking.EyeLink object at 0x3177c5370>
2024-09-09 11:42:55,475 [DEBUG]  GraphTrial.log 541.016 begin drift_check 
2024-09-09 11:42:57,193 [DEBUG]  GraphTrial.log 542.734 initialize status = None
2024-09-09 11:42:57,194 [DEBUG]  GraphTrial.log 542.735 start recording 
2024-09-09 11:42:57,194 [INFO]  start_recording
2024-09-09 11:42:57,319 [DEBUG]  GraphTrial.log 542.860 show graph 
2024-09-09 11:42:57,327 [DEBUG]  STREAM b'IHDR' 16 13
2024-09-09 11:42:57,328 [DEBUG]  STREAM b'IDAT' 41 65536
2024-09-09 11:42:57,341 [DEBUG]  STREAM b'IHDR' 16 13
2024-09-09 11:42:57,341 [DEBUG]  STREAM b'IDAT' 41 65536
2024-09-09 11:42:57,351 [DEBUG]  STREAM b'IHDR' 16 13
2024-09-09 11:42:57,351 [DEBUG]  STREAM b'IDAT' 41 65536
2024-09-09 11:42:57,359 [DEBUG]  STREAM b'IHDR' 16 13
2024-09-09 11:42:57,359 [DEBUG]  STREAM b'IDAT' 41 65536
2024-09-09 11:42:57,369 [DEBUG]  STREAM b'IHDR' 16 13
2024-09-09 11:42:57,369 [DEBUG]  STREAM b'IDAT' 41 65536
2024-09-09 11:42:57,375 [DEBUG]  STREAM b'IHDR' 16 13
2024-09-09 11:42:57,375 [DEBUG]  STREAM b'IDAT' 41 65536
2024-09-09 11:42:57,381 [DEBUG]  STREAM b'IHDR' 16 13
2024-09-09 11:42:57,381 [DEBUG]  STREAM b'IDAT' 41 65536
2024-09-09 11:42:57,386 [DEBUG]  STREAM b'IHDR' 16 13
2024-09-09 11:42:57,386 [DEBUG]  STREAM b'IDAT' 41 65536
2024-09-09 11:42:57,393 [DEBUG]  STREAM b'IHDR' 16 13
2024-09-09 11:42:57,393 [DEBUG]  STREAM b'IDAT' 41 65536
2024-09-09 11:42:57,399 [DEBUG]  STREAM b'IHDR' 16 13
2024-09-09 11:42:57,399 [DEBUG]  STREAM b'IDAT' 41 65536
2024-09-09 11:42:57,404 [DEBUG]  STREAM b'IHDR' 16 13
2024-09-09 11:42:57,404 [DEBUG]  STREAM b'IDAT' 41 65536
2024-09-09 11:42:57,409 [DEBUG]  STREAM b'IHDR' 16 13
2024-09-09 11:42:57,409 [DEBUG]  STREAM b'IDAT' 41 65536
2024-09-09 11:42:57,415 [DEBUG]  STREAM b'IHDR' 16 13
2024-09-09 11:42:57,415 [DEBUG]  STREAM b'IDAT' 41 65536
2024-09-09 11:42:57,419 [DEBUG]  STREAM b'IHDR' 16 13
2024-09-09 11:42:57,419 [DEBUG]  STREAM b'IDAT' 41 65536
2024-09-09 11:42:57,424 [DEBUG]  STREAM b'IHDR' 16 13
2024-09-09 11:42:57,424 [DEBUG]  STREAM b'IDAT' 41 65536
2024-09-09 11:42:57,428 [DEBUG]  STREAM b'IHDR' 16 13
2024-09-09 11:42:57,428 [DEBUG]  STREAM b'IDAT' 41 65536
2024-09-09 11:42:57,433 [DEBUG]  STREAM b'IHDR' 16 13
2024-09-09 11:42:57,433 [DEBUG]  STREAM b'IDAT' 41 65536
2024-09-09 11:42:57,437 [DEBUG]  STREAM b'IHDR' 16 13
2024-09-09 11:42:57,437 [DEBUG]  STREAM b'IDAT' 41 65536
2024-09-09 11:42:57,441 [DEBUG]  STREAM b'IHDR' 16 13
2024-09-09 11:42:57,441 [DEBUG]  STREAM b'IDAT' 41 65536
2024-09-09 11:42:57,445 [DEBUG]  STREAM b'IHDR' 16 13
2024-09-09 11:42:57,445 [DEBUG]  STREAM b'IDAT' 41 65536
2024-09-09 11:42:57,452 [DEBUG]  STREAM b'IHDR' 16 13
2024-09-09 11:42:57,452 [DEBUG]  STREAM b'IDAT' 41 65536
2024-09-09 11:42:57,456 [DEBUG]  STREAM b'IHDR' 16 13
2024-09-09 11:42:57,456 [DEBUG]  STREAM b'IDAT' 41 65536
2024-09-09 11:42:57,460 [DEBUG]  STREAM b'IHDR' 16 13
2024-09-09 11:42:57,460 [DEBUG]  STREAM b'IDAT' 41 65536
2024-09-09 11:42:57,464 [DEBUG]  STREAM b'IHDR' 16 13
2024-09-09 11:42:57,464 [DEBUG]  STREAM b'IDAT' 41 65536
2024-09-09 11:42:57,470 [DEBUG]  STREAM b'IHDR' 16 13
2024-09-09 11:42:57,470 [DEBUG]  STREAM b'IDAT' 41 65536
2024-09-09 11:42:57,474 [DEBUG]  STREAM b'IHDR' 16 13
2024-09-09 11:42:57,474 [DEBUG]  STREAM b'IDAT' 41 65536
2024-09-09 11:42:57,479 [DEBUG]  STREAM b'IHDR' 16 13
2024-09-09 11:42:57,479 [DEBUG]  STREAM b'IDAT' 41 65536
2024-09-09 11:42:57,483 [DEBUG]  STREAM b'IHDR' 16 13
2024-09-09 11:42:57,483 [DEBUG]  STREAM b'IDAT' 41 65536
2024-09-09 11:42:57,488 [DEBUG]  STREAM b'IHDR' 16 13
2024-09-09 11:42:57,488 [DEBUG]  STREAM b'IDAT' 41 65536
2024-09-09 11:42:57,493 [DEBUG]  STREAM b'IHDR' 16 13
2024-09-09 11:42:57,493 [DEBUG]  STREAM b'IDAT' 41 65536
2024-09-09 11:42:57,497 [DEBUG]  STREAM b'IHDR' 16 13
2024-09-09 11:42:57,497 [DEBUG]  STREAM b'IDAT' 41 65536
2024-09-09 11:42:57,501 [DEBUG]  STREAM b'IHDR' 16 13
2024-09-09 11:42:57,501 [DEBUG]  STREAM b'IDAT' 41 65536
2024-09-09 11:42:57,506 [DEBUG]  STREAM b'IHDR' 16 13
2024-09-09 11:42:57,506 [DEBUG]  STREAM b'IDAT' 41 65536
2024-09-09 11:42:57,510 [DEBUG]  STREAM b'IHDR' 16 13
2024-09-09 11:42:57,510 [DEBUG]  STREAM b'IDAT' 41 65536
2024-09-09 11:42:57,514 [DEBUG]  STREAM b'IHDR' 16 13
2024-09-09 11:42:57,514 [DEBUG]  STREAM b'IDAT' 41 65536
2024-09-09 11:42:57,518 [DEBUG]  STREAM b'IHDR' 16 13
2024-09-09 11:42:57,518 [DEBUG]  STREAM b'IDAT' 41 65536
2024-09-09 11:42:57,524 [DEBUG]  STREAM b'IHDR' 16 13
2024-09-09 11:42:57,524 [DEBUG]  STREAM b'IDAT' 41 65536
2024-09-09 11:42:57,528 [DEBUG]  STREAM b'IHDR' 16 13
2024-09-09 11:42:57,528 [DEBUG]  STREAM b'IDAT' 41 65536
2024-09-09 11:42:57,532 [DEBUG]  STREAM b'IHDR' 16 13
2024-09-09 11:42:57,532 [DEBUG]  STREAM b'IDAT' 41 65536
2024-09-09 11:42:57,536 [DEBUG]  STREAM b'IHDR' 16 13
2024-09-09 11:42:57,536 [DEBUG]  STREAM b'IDAT' 41 65536
2024-09-09 11:42:57,546 [DEBUG]  GraphTrial.log 543.087 visit state = 5
2024-09-09 11:42:57,551 [DEBUG]  GraphTrial.log 543.092 start flip_time = 543.0922834999997
2024-09-09 11:42:57,556 [DEBUG]  GraphTrial.log 543.097 get move selected = 3
2024-09-09 11:42:58,548 [DEBUG]  GraphTrial.log 544.089 switch selected = 7
2024-09-09 11:43:01,299 [DEBUG]  GraphTrial.log 546.840 switch selected = 3
2024-09-09 11:43:03,531 [DEBUG]  GraphTrial.log 549.072 select selected = 3
2024-09-09 11:43:03,531 [DEBUG]  GraphTrial.log 549.072 visit state = 3
2024-09-09 11:43:03,541 [DEBUG]  GraphTrial.log 549.083 get move selected = 6
2024-09-09 11:43:03,851 [DEBUG]  GraphTrial.log 549.392 select selected = 6
2024-09-09 11:43:03,851 [DEBUG]  GraphTrial.log 549.392 visit state = 6
2024-09-09 11:43:05,693 [DEBUG]  GraphTrial.log 551.235 done 
2024-09-09 11:43:05,694 [INFO]  end trial [{"time": 541.0163066666669, "event": "begin drift_check"}, {"time": 542.7344657916669, "event": "initialize", "status": null}, {"time": 542.7348145833334, "event": "start recording"}, {"time": 542.8597789999999, "event": "show graph"}, {"time": 543.086867, "event": "visit", "state": 5}, {"time": 543.0923022916668, "event": "start", "flip_time": 543.0922834999997}, {"time": 543.097034375, "event": "get move", "selected": 3}, {"time": 544.0887953749998, "event": "switch", "selected": 7}, {"time": 546.8404609583336, "event": "switch", "selected": 3}, {"time": 549.072022625, "event": "select", "selected": 3}, {"time": 549.0721036249997, "event": "visit", "state": 3}, {"time": 549.082609, "event": "get move", "selected": 6}, {"time": 549.3917050833334, "event": "select", "selected": 6}, {"time": 549.3917708333333, "event": "visit", "state": 6}, {"time": 551.2345443333334, "event": "done"}]
2024-09-09 11:43:05,694 [INFO]  stop_recording
2024-09-09 11:43:05,711 [INFO]  gt.status is None
2024-09-09 11:43:05,711 [DEBUG]  add bonus points -4 (total = 90)
2024-09-09 11:43:05,711 [INFO]  Trial 17 of 260
2024-09-09 11:43:09,163 [INFO]  begin trial {"kind": "GraphTrial", "graph": [[3], [], [], [], [], [6, 9], [2, 4], [], [7, 0], [1], [8, 7]], "rewards": [0, -2, -1, 0, 2, null, -1, -1, 4, -4, -4], "reward_info": {"-4": {"desc": "pattern_1", "image": "images[0]"}, "-3": {"desc": "pattern_2", "image": "images[1]"}, "-2": {"desc": "pattern_3", "image": "images[2]"}, "-1": {"desc": "pattern_4", "image": "images[3]"}, "0": {"desc": "pattern_5", "image": "images[4]"}, "1": {"desc": "pattern_6", "image": "images[5]"}, "2": {"desc": "pattern_7", "image": "images[6]"}, "3": {"desc": "pattern_8", "image": "images[7]"}, "4": {"desc": "pattern_9", "image": "images[8]"}}, "initial_stage": "planning", "hide_states": false, "hide_rewards_while_acting": false, "hide_edges_while_acting": false, "gaze_contingent": false, "gaze_tolerance": 1.5, "fixation_lag": 0.5, "start": 5}
2024-09-09 11:43:09,163 [INFO]  <eyetracking.EyeLink object at 0x3177c5370>
2024-09-09 11:43:09,163 [DEBUG]  GraphTrial.log 554.704 begin drift_check 
2024-09-09 11:43:10,878 [DEBUG]  GraphTrial.log 556.420 initialize status = None
2024-09-09 11:43:10,879 [DEBUG]  GraphTrial.log 556.420 start recording 
2024-09-09 11:43:10,879 [INFO]  start_recording
2024-09-09 11:43:11,007 [DEBUG]  GraphTrial.log 556.548 show graph 
2024-09-09 11:43:11,015 [DEBUG]  STREAM b'IHDR' 16 13
2024-09-09 11:43:11,015 [DEBUG]  STREAM b'IDAT' 41 65536
2024-09-09 11:43:11,028 [DEBUG]  STREAM b'IHDR' 16 13
2024-09-09 11:43:11,028 [DEBUG]  STREAM b'IDAT' 41 65536
2024-09-09 11:43:11,038 [DEBUG]  STREAM b'IHDR' 16 13
2024-09-09 11:43:11,038 [DEBUG]  STREAM b'IDAT' 41 65536
2024-09-09 11:43:11,046 [DEBUG]  STREAM b'IHDR' 16 13
2024-09-09 11:43:11,047 [DEBUG]  STREAM b'IDAT' 41 65536
2024-09-09 11:43:11,056 [DEBUG]  STREAM b'IHDR' 16 13
2024-09-09 11:43:11,056 [DEBUG]  STREAM b'IDAT' 41 65536
2024-09-09 11:43:11,063 [DEBUG]  STREAM b'IHDR' 16 13
2024-09-09 11:43:11,063 [DEBUG]  STREAM b'IDAT' 41 65536
2024-09-09 11:43:11,068 [DEBUG]  STREAM b'IHDR' 16 13
2024-09-09 11:43:11,068 [DEBUG]  STREAM b'IDAT' 41 65536
2024-09-09 11:43:11,074 [DEBUG]  STREAM b'IHDR' 16 13
2024-09-09 11:43:11,074 [DEBUG]  STREAM b'IDAT' 41 65536
2024-09-09 11:43:11,081 [DEBUG]  STREAM b'IHDR' 16 13
2024-09-09 11:43:11,081 [DEBUG]  STREAM b'IDAT' 41 65536
2024-09-09 11:43:11,086 [DEBUG]  STREAM b'IHDR' 16 13
2024-09-09 11:43:11,086 [DEBUG]  STREAM b'IDAT' 41 65536
2024-09-09 11:43:11,090 [DEBUG]  STREAM b'IHDR' 16 13
2024-09-09 11:43:11,090 [DEBUG]  STREAM b'IDAT' 41 65536
2024-09-09 11:43:11,095 [DEBUG]  STREAM b'IHDR' 16 13
2024-09-09 11:43:11,095 [DEBUG]  STREAM b'IDAT' 41 65536
2024-09-09 11:43:11,101 [DEBUG]  STREAM b'IHDR' 16 13
2024-09-09 11:43:11,101 [DEBUG]  STREAM b'IDAT' 41 65536
2024-09-09 11:43:11,105 [DEBUG]  STREAM b'IHDR' 16 13
2024-09-09 11:43:11,105 [DEBUG]  STREAM b'IDAT' 41 65536
2024-09-09 11:43:11,110 [DEBUG]  STREAM b'IHDR' 16 13
2024-09-09 11:43:11,110 [DEBUG]  STREAM b'IDAT' 41 65536
2024-09-09 11:43:11,114 [DEBUG]  STREAM b'IHDR' 16 13
2024-09-09 11:43:11,114 [DEBUG]  STREAM b'IDAT' 41 65536
2024-09-09 11:43:11,119 [DEBUG]  STREAM b'IHDR' 16 13
2024-09-09 11:43:11,120 [DEBUG]  STREAM b'IDAT' 41 65536
2024-09-09 11:43:11,124 [DEBUG]  STREAM b'IHDR' 16 13
2024-09-09 11:43:11,124 [DEBUG]  STREAM b'IDAT' 41 65536
2024-09-09 11:43:11,128 [DEBUG]  STREAM b'IHDR' 16 13
2024-09-09 11:43:11,128 [DEBUG]  STREAM b'IDAT' 41 65536
2024-09-09 11:43:11,132 [DEBUG]  STREAM b'IHDR' 16 13
2024-09-09 11:43:11,132 [DEBUG]  STREAM b'IDAT' 41 65536
2024-09-09 11:43:11,139 [DEBUG]  STREAM b'IHDR' 16 13
2024-09-09 11:43:11,139 [DEBUG]  STREAM b'IDAT' 41 65536
2024-09-09 11:43:11,143 [DEBUG]  STREAM b'IHDR' 16 13
2024-09-09 11:43:11,143 [DEBUG]  STREAM b'IDAT' 41 65536
2024-09-09 11:43:11,147 [DEBUG]  STREAM b'IHDR' 16 13
2024-09-09 11:43:11,147 [DEBUG]  STREAM b'IDAT' 41 65536
2024-09-09 11:43:11,151 [DEBUG]  STREAM b'IHDR' 16 13
2024-09-09 11:43:11,151 [DEBUG]  STREAM b'IDAT' 41 65536
2024-09-09 11:43:11,157 [DEBUG]  STREAM b'IHDR' 16 13
2024-09-09 11:43:11,157 [DEBUG]  STREAM b'IDAT' 41 65536
2024-09-09 11:43:11,161 [DEBUG]  STREAM b'IHDR' 16 13
2024-09-09 11:43:11,161 [DEBUG]  STREAM b'IDAT' 41 65536
2024-09-09 11:43:11,165 [DEBUG]  STREAM b'IHDR' 16 13
2024-09-09 11:43:11,165 [DEBUG]  STREAM b'IDAT' 41 65536
2024-09-09 11:43:11,169 [DEBUG]  STREAM b'IHDR' 16 13
2024-09-09 11:43:11,169 [DEBUG]  STREAM b'IDAT' 41 65536
2024-09-09 11:43:11,175 [DEBUG]  STREAM b'IHDR' 16 13
2024-09-09 11:43:11,175 [DEBUG]  STREAM b'IDAT' 41 65536
2024-09-09 11:43:11,179 [DEBUG]  STREAM b'IHDR' 16 13
2024-09-09 11:43:11,179 [DEBUG]  STREAM b'IDAT' 41 65536
2024-09-09 11:43:11,184 [DEBUG]  STREAM b'IHDR' 16 13
2024-09-09 11:43:11,184 [DEBUG]  STREAM b'IDAT' 41 65536
2024-09-09 11:43:11,188 [DEBUG]  STREAM b'IHDR' 16 13
2024-09-09 11:43:11,188 [DEBUG]  STREAM b'IDAT' 41 65536
2024-09-09 11:43:11,195 [DEBUG]  STREAM b'IHDR' 16 13
2024-09-09 11:43:11,195 [DEBUG]  STREAM b'IDAT' 41 65536
2024-09-09 11:43:11,199 [DEBUG]  STREAM b'IHDR' 16 13
2024-09-09 11:43:11,199 [DEBUG]  STREAM b'IDAT' 41 65536
2024-09-09 11:43:11,204 [DEBUG]  STREAM b'IHDR' 16 13
2024-09-09 11:43:11,204 [DEBUG]  STREAM b'IDAT' 41 65536
2024-09-09 11:43:11,208 [DEBUG]  STREAM b'IHDR' 16 13
2024-09-09 11:43:11,208 [DEBUG]  STREAM b'IDAT' 41 65536
2024-09-09 11:43:11,213 [DEBUG]  STREAM b'IHDR' 16 13
2024-09-09 11:43:11,213 [DEBUG]  STREAM b'IDAT' 41 65536
2024-09-09 11:43:11,217 [DEBUG]  STREAM b'IHDR' 16 13
2024-09-09 11:43:11,217 [DEBUG]  STREAM b'IDAT' 41 65536
2024-09-09 11:43:11,221 [DEBUG]  STREAM b'IHDR' 16 13
2024-09-09 11:43:11,221 [DEBUG]  STREAM b'IDAT' 41 65536
2024-09-09 11:43:11,226 [DEBUG]  STREAM b'IHDR' 16 13
2024-09-09 11:43:11,226 [DEBUG]  STREAM b'IDAT' 41 65536
2024-09-09 11:43:11,235 [DEBUG]  GraphTrial.log 556.776 visit state = 5
2024-09-09 11:43:11,240 [DEBUG]  GraphTrial.log 556.781 start flip_time = 556.7813630833334
2024-09-09 11:43:11,245 [DEBUG]  GraphTrial.log 556.786 get move selected = 6
2024-09-09 11:43:11,996 [DEBUG]  GraphTrial.log 557.537 switch selected = 9
2024-09-09 11:43:13,243 [DEBUG]  GraphTrial.log 558.784 switch selected = 6
2024-09-09 11:43:14,475 [DEBUG]  GraphTrial.log 560.016 switch selected = 9
2024-09-09 11:43:15,867 [DEBUG]  GraphTrial.log 561.408 switch selected = 6
2024-09-09 11:43:16,139 [DEBUG]  GraphTrial.log 561.680 select selected = 6
2024-09-09 11:43:16,139 [DEBUG]  GraphTrial.log 561.680 visit state = 6
2024-09-09 11:43:16,158 [DEBUG]  GraphTrial.log 561.699 get move selected = 2
2024-09-09 11:43:16,579 [DEBUG]  GraphTrial.log 562.120 select selected = 2
2024-09-09 11:43:16,579 [DEBUG]  GraphTrial.log 562.120 visit state = 2
2024-09-09 11:43:18,410 [DEBUG]  GraphTrial.log 563.951 done 
2024-09-09 11:43:18,410 [INFO]  end trial [{"time": 554.7043704583334, "event": "begin drift_check"}, {"time": 556.4195217083334, "event": "initialize", "status": null}, {"time": 556.419848, "event": "start recording"}, {"time": 556.5481123333334, "event": "show graph"}, {"time": 556.7763304583332, "event": "visit", "state": 5}, {"time": 556.781380375, "event": "start", "flip_time": 556.7813630833334}, {"time": 556.786342041667, "event": "get move", "selected": 6}, {"time": 557.5366592916666, "event": "switch", "selected": 9}, {"time": 558.7841894583335, "event": "switch", "selected": 6}, {"time": 560.0164139583335, "event": "switch", "selected": 9}, {"time": 561.4082948333335, "event": "switch", "selected": 6}, {"time": 561.6796660833334, "event": "select", "selected": 6}, {"time": 561.6797313333332, "event": "visit", "state": 6}, {"time": 561.6993224166667, "event": "get move", "selected": 2}, {"time": 562.1197527083332, "event": "select", "selected": 2}, {"time": 562.1198158333332, "event": "visit", "state": 2}, {"time": 563.9510884166666, "event": "done"}]
2024-09-09 11:43:18,410 [INFO]  stop_recording
2024-09-09 11:43:18,427 [INFO]  gt.status is None
2024-09-09 11:43:18,427 [DEBUG]  add bonus points -2 (total = 88)
2024-09-09 11:43:18,427 [INFO]  Trial 18 of 260
2024-09-09 11:43:19,875 [INFO]  begin trial {"kind": "GraphTrial", "graph": [[5], [2, 4], [], [1, 0], [], [], [], [9, 8], [6], [], [7, 9]], "rewards": [1, -3, 0, null, 2, 3, -1, 4, -1, 0, 2], "reward_info": {"-4": {"desc": "pattern_1", "image": "images[0]"}, "-3": {"desc": "pattern_2", "image": "images[1]"}, "-2": {"desc": "pattern_3", "image": "images[2]"}, "-1": {"desc": "pattern_4", "image": "images[3]"}, "0": {"desc": "pattern_5", "image": "images[4]"}, "1": {"desc": "pattern_6", "image": "images[5]"}, "2": {"desc": "pattern_7", "image": "images[6]"}, "3": {"desc": "pattern_8", "image": "images[7]"}, "4": {"desc": "pattern_9", "image": "images[8]"}}, "initial_stage": "planning", "hide_states": false, "hide_rewards_while_acting": false, "hide_edges_while_acting": false, "gaze_contingent": false, "gaze_tolerance": 1.5, "fixation_lag": 0.5, "start": 3}
2024-09-09 11:43:19,875 [INFO]  <eyetracking.EyeLink object at 0x3177c5370>
2024-09-09 11:43:19,875 [DEBUG]  GraphTrial.log 565.416 begin drift_check 
2024-09-09 11:43:21,645 [DEBUG]  GraphTrial.log 567.186 initialize status = None
2024-09-09 11:43:21,645 [DEBUG]  GraphTrial.log 567.186 start recording 
2024-09-09 11:43:21,645 [INFO]  start_recording
2024-09-09 11:43:21,771 [DEBUG]  GraphTrial.log 567.312 show graph 
2024-09-09 11:43:21,779 [DEBUG]  STREAM b'IHDR' 16 13
2024-09-09 11:43:21,779 [DEBUG]  STREAM b'IDAT' 41 65536
2024-09-09 11:43:21,791 [DEBUG]  STREAM b'IHDR' 16 13
2024-09-09 11:43:21,791 [DEBUG]  STREAM b'IDAT' 41 65536
2024-09-09 11:43:21,800 [DEBUG]  STREAM b'IHDR' 16 13
2024-09-09 11:43:21,800 [DEBUG]  STREAM b'IDAT' 41 65536
2024-09-09 11:43:21,807 [DEBUG]  STREAM b'IHDR' 16 13
2024-09-09 11:43:21,807 [DEBUG]  STREAM b'IDAT' 41 65536
2024-09-09 11:43:21,817 [DEBUG]  STREAM b'IHDR' 16 13
2024-09-09 11:43:21,817 [DEBUG]  STREAM b'IDAT' 41 65536
2024-09-09 11:43:21,823 [DEBUG]  STREAM b'IHDR' 16 13
2024-09-09 11:43:21,823 [DEBUG]  STREAM b'IDAT' 41 65536
2024-09-09 11:43:21,829 [DEBUG]  STREAM b'IHDR' 16 13
2024-09-09 11:43:21,829 [DEBUG]  STREAM b'IDAT' 41 65536
2024-09-09 11:43:21,834 [DEBUG]  STREAM b'IHDR' 16 13
2024-09-09 11:43:21,834 [DEBUG]  STREAM b'IDAT' 41 65536
2024-09-09 11:43:21,841 [DEBUG]  STREAM b'IHDR' 16 13
2024-09-09 11:43:21,841 [DEBUG]  STREAM b'IDAT' 41 65536
2024-09-09 11:43:21,846 [DEBUG]  STREAM b'IHDR' 16 13
2024-09-09 11:43:21,846 [DEBUG]  STREAM b'IDAT' 41 65536
2024-09-09 11:43:21,850 [DEBUG]  STREAM b'IHDR' 16 13
2024-09-09 11:43:21,850 [DEBUG]  STREAM b'IDAT' 41 65536
2024-09-09 11:43:21,855 [DEBUG]  STREAM b'IHDR' 16 13
2024-09-09 11:43:21,855 [DEBUG]  STREAM b'IDAT' 41 65536
2024-09-09 11:43:21,862 [DEBUG]  STREAM b'IHDR' 16 13
2024-09-09 11:43:21,862 [DEBUG]  STREAM b'IDAT' 41 65536
2024-09-09 11:43:21,867 [DEBUG]  STREAM b'IHDR' 16 13
2024-09-09 11:43:21,867 [DEBUG]  STREAM b'IDAT' 41 65536
2024-09-09 11:43:21,871 [DEBUG]  STREAM b'IHDR' 16 13
2024-09-09 11:43:21,871 [DEBUG]  STREAM b'IDAT' 41 65536
2024-09-09 11:43:21,875 [DEBUG]  STREAM b'IHDR' 16 13
2024-09-09 11:43:21,875 [DEBUG]  STREAM b'IDAT' 41 65536
2024-09-09 11:43:21,882 [DEBUG]  STREAM b'IHDR' 16 13
2024-09-09 11:43:21,882 [DEBUG]  STREAM b'IDAT' 41 65536
2024-09-09 11:43:21,887 [DEBUG]  STREAM b'IHDR' 16 13
2024-09-09 11:43:21,887 [DEBUG]  STREAM b'IDAT' 41 65536
2024-09-09 11:43:21,891 [DEBUG]  STREAM b'IHDR' 16 13
2024-09-09 11:43:21,891 [DEBUG]  STREAM b'IDAT' 41 65536
2024-09-09 11:43:21,896 [DEBUG]  STREAM b'IHDR' 16 13
2024-09-09 11:43:21,896 [DEBUG]  STREAM b'IDAT' 41 65536
2024-09-09 11:43:21,902 [DEBUG]  STREAM b'IHDR' 16 13
2024-09-09 11:43:21,902 [DEBUG]  STREAM b'IDAT' 41 65536
2024-09-09 11:43:21,906 [DEBUG]  STREAM b'IHDR' 16 13
2024-09-09 11:43:21,906 [DEBUG]  STREAM b'IDAT' 41 65536
2024-09-09 11:43:21,910 [DEBUG]  STREAM b'IHDR' 16 13
2024-09-09 11:43:21,910 [DEBUG]  STREAM b'IDAT' 41 65536
2024-09-09 11:43:21,914 [DEBUG]  STREAM b'IHDR' 16 13
2024-09-09 11:43:21,914 [DEBUG]  STREAM b'IDAT' 41 65536
2024-09-09 11:43:21,919 [DEBUG]  STREAM b'IHDR' 16 13
2024-09-09 11:43:21,919 [DEBUG]  STREAM b'IDAT' 41 65536
2024-09-09 11:43:21,924 [DEBUG]  STREAM b'IHDR' 16 13
2024-09-09 11:43:21,924 [DEBUG]  STREAM b'IDAT' 41 65536
2024-09-09 11:43:21,928 [DEBUG]  STREAM b'IHDR' 16 13
2024-09-09 11:43:21,928 [DEBUG]  STREAM b'IDAT' 41 65536
2024-09-09 11:43:21,933 [DEBUG]  STREAM b'IHDR' 16 13
2024-09-09 11:43:21,933 [DEBUG]  STREAM b'IDAT' 41 65536
2024-09-09 11:43:21,939 [DEBUG]  STREAM b'IHDR' 16 13
2024-09-09 11:43:21,939 [DEBUG]  STREAM b'IDAT' 41 65536
2024-09-09 11:43:21,943 [DEBUG]  STREAM b'IHDR' 16 13
2024-09-09 11:43:21,943 [DEBUG]  STREAM b'IDAT' 41 65536
2024-09-09 11:43:21,947 [DEBUG]  STREAM b'IHDR' 16 13
2024-09-09 11:43:21,947 [DEBUG]  STREAM b'IDAT' 41 65536
2024-09-09 11:43:21,951 [DEBUG]  STREAM b'IHDR' 16 13
2024-09-09 11:43:21,951 [DEBUG]  STREAM b'IDAT' 41 65536
2024-09-09 11:43:21,956 [DEBUG]  STREAM b'IHDR' 16 13
2024-09-09 11:43:21,956 [DEBUG]  STREAM b'IDAT' 41 65536
2024-09-09 11:43:21,960 [DEBUG]  STREAM b'IHDR' 16 13
2024-09-09 11:43:21,960 [DEBUG]  STREAM b'IDAT' 41 65536
2024-09-09 11:43:21,965 [DEBUG]  STREAM b'IHDR' 16 13
2024-09-09 11:43:21,965 [DEBUG]  STREAM b'IDAT' 41 65536
2024-09-09 11:43:21,969 [DEBUG]  STREAM b'IHDR' 16 13
2024-09-09 11:43:21,969 [DEBUG]  STREAM b'IDAT' 41 65536
2024-09-09 11:43:21,974 [DEBUG]  STREAM b'IHDR' 16 13
2024-09-09 11:43:21,974 [DEBUG]  STREAM b'IDAT' 41 65536
2024-09-09 11:43:21,979 [DEBUG]  STREAM b'IHDR' 16 13
2024-09-09 11:43:21,979 [DEBUG]  STREAM b'IDAT' 41 65536
2024-09-09 11:43:21,983 [DEBUG]  STREAM b'IHDR' 16 13
2024-09-09 11:43:21,983 [DEBUG]  STREAM b'IDAT' 41 65536
2024-09-09 11:43:21,987 [DEBUG]  STREAM b'IHDR' 16 13
2024-09-09 11:43:21,987 [DEBUG]  STREAM b'IDAT' 41 65536
2024-09-09 11:43:21,997 [DEBUG]  GraphTrial.log 567.538 visit state = 3
2024-09-09 11:43:22,002 [DEBUG]  GraphTrial.log 567.544 start flip_time = 567.5435860833331
2024-09-09 11:43:22,007 [DEBUG]  GraphTrial.log 567.548 get move selected = 1
2024-09-09 11:43:24,371 [DEBUG]  GraphTrial.log 569.913 switch selected = 0
2024-09-09 11:43:26,347 [DEBUG]  GraphTrial.log 571.888 select selected = 0
2024-09-09 11:43:26,347 [DEBUG]  GraphTrial.log 571.888 visit state = 0
2024-09-09 11:43:26,357 [DEBUG]  GraphTrial.log 571.898 get move selected = 5
2024-09-09 11:43:26,827 [DEBUG]  GraphTrial.log 572.368 select selected = 5
2024-09-09 11:43:26,827 [DEBUG]  GraphTrial.log 572.368 visit state = 5
2024-09-09 11:43:28,709 [DEBUG]  GraphTrial.log 574.250 done 
2024-09-09 11:43:28,709 [INFO]  end trial [{"time": 565.4163597499996, "event": "begin drift_check"}, {"time": 567.1857360833333, "event": "initialize", "status": null}, {"time": 567.1860801666667, "event": "start recording"}, {"time": 567.3119399166667, "event": "show graph"}, {"time": 567.5381899999998, "event": "visit", "state": 3}, {"time": 567.5436006249997, "event": "start", "flip_time": 567.5435860833331}, {"time": 567.5483387083332, "event": "get move", "selected": 1}, {"time": 569.9125599166669, "event": "switch", "selected": 0}, {"time": 571.8879858333335, "event": "select", "selected": 0}, {"time": 571.888058916667, "event": "visit", "state": 0}, {"time": 571.898267791667, "event": "get move", "selected": 5}, {"time": 572.36781225, "event": "select", "selected": 5}, {"time": 572.3678782499996, "event": "visit", "state": 5}, {"time": 574.2497613333335, "event": "done"}]
2024-09-09 11:43:28,709 [INFO]  stop_recording
2024-09-09 11:43:28,725 [INFO]  gt.status is None
2024-09-09 11:43:28,726 [DEBUG]  add bonus points 4 (total = 92)
2024-09-09 11:43:28,726 [INFO]  Trial 19 of 260
2024-09-09 11:43:30,731 [INFO]  begin trial {"kind": "GraphTrial", "graph": [[], [], [], [5, 4], [1, 8], [7, 9], [10, 0], [], [], [], [0, 2]], "rewards": [-4, -3, -2, null, 4, -4, -1, 3, 2, 4, 2], "reward_info": {"-4": {"desc": "pattern_1", "image": "images[0]"}, "-3": {"desc": "pattern_2", "image": "images[1]"}, "-2": {"desc": "pattern_3", "image": "images[2]"}, "-1": {"desc": "pattern_4", "image": "images[3]"}, "0": {"desc": "pattern_5", "image": "images[4]"}, "1": {"desc": "pattern_6", "image": "images[5]"}, "2": {"desc": "pattern_7", "image": "images[6]"}, "3": {"desc": "pattern_8", "image": "images[7]"}, "4": {"desc": "pattern_9", "image": "images[8]"}}, "initial_stage": "planning", "hide_states": false, "hide_rewards_while_acting": false, "hide_edges_while_acting": false, "gaze_contingent": false, "gaze_tolerance": 1.5, "fixation_lag": 0.5, "start": 3}
2024-09-09 11:43:30,731 [INFO]  <eyetracking.EyeLink object at 0x3177c5370>
2024-09-09 11:43:30,731 [DEBUG]  GraphTrial.log 576.272 begin drift_check 
2024-09-09 11:43:31,728 [DEBUG]  GraphTrial.log 577.270 initialize status = None
2024-09-09 11:43:31,729 [DEBUG]  GraphTrial.log 577.270 start recording 
2024-09-09 11:43:31,729 [INFO]  start_recording
2024-09-09 11:43:31,853 [DEBUG]  GraphTrial.log 577.394 show graph 
2024-09-09 11:43:31,861 [DEBUG]  STREAM b'IHDR' 16 13
2024-09-09 11:43:31,862 [DEBUG]  STREAM b'IDAT' 41 65536
2024-09-09 11:43:31,874 [DEBUG]  STREAM b'IHDR' 16 13
2024-09-09 11:43:31,874 [DEBUG]  STREAM b'IDAT' 41 65536
2024-09-09 11:43:31,884 [DEBUG]  STREAM b'IHDR' 16 13
2024-09-09 11:43:31,884 [DEBUG]  STREAM b'IDAT' 41 65536
2024-09-09 11:43:31,892 [DEBUG]  STREAM b'IHDR' 16 13
2024-09-09 11:43:31,892 [DEBUG]  STREAM b'IDAT' 41 65536
2024-09-09 11:43:31,902 [DEBUG]  STREAM b'IHDR' 16 13
2024-09-09 11:43:31,902 [DEBUG]  STREAM b'IDAT' 41 65536
2024-09-09 11:43:31,908 [DEBUG]  STREAM b'IHDR' 16 13
2024-09-09 11:43:31,908 [DEBUG]  STREAM b'IDAT' 41 65536
2024-09-09 11:43:31,914 [DEBUG]  STREAM b'IHDR' 16 13
2024-09-09 11:43:31,914 [DEBUG]  STREAM b'IDAT' 41 65536
2024-09-09 11:43:31,919 [DEBUG]  STREAM b'IHDR' 16 13
2024-09-09 11:43:31,919 [DEBUG]  STREAM b'IDAT' 41 65536
2024-09-09 11:43:31,926 [DEBUG]  STREAM b'IHDR' 16 13
2024-09-09 11:43:31,926 [DEBUG]  STREAM b'IDAT' 41 65536
2024-09-09 11:43:31,931 [DEBUG]  STREAM b'IHDR' 16 13
2024-09-09 11:43:31,931 [DEBUG]  STREAM b'IDAT' 41 65536
2024-09-09 11:43:31,936 [DEBUG]  STREAM b'IHDR' 16 13
2024-09-09 11:43:31,936 [DEBUG]  STREAM b'IDAT' 41 65536
2024-09-09 11:43:31,940 [DEBUG]  STREAM b'IHDR' 16 13
2024-09-09 11:43:31,940 [DEBUG]  STREAM b'IDAT' 41 65536
2024-09-09 11:43:31,948 [DEBUG]  STREAM b'IHDR' 16 13
2024-09-09 11:43:31,948 [DEBUG]  STREAM b'IDAT' 41 65536
2024-09-09 11:43:31,952 [DEBUG]  STREAM b'IHDR' 16 13
2024-09-09 11:43:31,953 [DEBUG]  STREAM b'IDAT' 41 65536
2024-09-09 11:43:31,957 [DEBUG]  STREAM b'IHDR' 16 13
2024-09-09 11:43:31,957 [DEBUG]  STREAM b'IDAT' 41 65536
2024-09-09 11:43:31,962 [DEBUG]  STREAM b'IHDR' 16 13
2024-09-09 11:43:31,962 [DEBUG]  STREAM b'IDAT' 41 65536
2024-09-09 11:43:31,968 [DEBUG]  STREAM b'IHDR' 16 13
2024-09-09 11:43:31,968 [DEBUG]  STREAM b'IDAT' 41 65536
2024-09-09 11:43:31,972 [DEBUG]  STREAM b'IHDR' 16 13
2024-09-09 11:43:31,972 [DEBUG]  STREAM b'IDAT' 41 65536
2024-09-09 11:43:31,976 [DEBUG]  STREAM b'IHDR' 16 13
2024-09-09 11:43:31,976 [DEBUG]  STREAM b'IDAT' 41 65536
2024-09-09 11:43:31,980 [DEBUG]  STREAM b'IHDR' 16 13
2024-09-09 11:43:31,980 [DEBUG]  STREAM b'IDAT' 41 65536
2024-09-09 11:43:31,986 [DEBUG]  STREAM b'IHDR' 16 13
2024-09-09 11:43:31,986 [DEBUG]  STREAM b'IDAT' 41 65536
2024-09-09 11:43:31,990 [DEBUG]  STREAM b'IHDR' 16 13
2024-09-09 11:43:31,990 [DEBUG]  STREAM b'IDAT' 41 65536
2024-09-09 11:43:31,994 [DEBUG]  STREAM b'IHDR' 16 13
2024-09-09 11:43:31,994 [DEBUG]  STREAM b'IDAT' 41 65536
2024-09-09 11:43:31,998 [DEBUG]  STREAM b'IHDR' 16 13
2024-09-09 11:43:31,998 [DEBUG]  STREAM b'IDAT' 41 65536
2024-09-09 11:43:32,003 [DEBUG]  STREAM b'IHDR' 16 13
2024-09-09 11:43:32,003 [DEBUG]  STREAM b'IDAT' 41 65536
2024-09-09 11:43:32,008 [DEBUG]  STREAM b'IHDR' 16 13
2024-09-09 11:43:32,008 [DEBUG]  STREAM b'IDAT' 41 65536
2024-09-09 11:43:32,012 [DEBUG]  STREAM b'IHDR' 16 13
2024-09-09 11:43:32,012 [DEBUG]  STREAM b'IDAT' 41 65536
2024-09-09 11:43:32,017 [DEBUG]  STREAM b'IHDR' 16 13
2024-09-09 11:43:32,017 [DEBUG]  STREAM b'IDAT' 41 65536
2024-09-09 11:43:32,022 [DEBUG]  STREAM b'IHDR' 16 13
2024-09-09 11:43:32,022 [DEBUG]  STREAM b'IDAT' 41 65536
2024-09-09 11:43:32,027 [DEBUG]  STREAM b'IHDR' 16 13
2024-09-09 11:43:32,027 [DEBUG]  STREAM b'IDAT' 41 65536
2024-09-09 11:43:32,031 [DEBUG]  STREAM b'IHDR' 16 13
2024-09-09 11:43:32,031 [DEBUG]  STREAM b'IDAT' 41 65536
2024-09-09 11:43:32,035 [DEBUG]  STREAM b'IHDR' 16 13
2024-09-09 11:43:32,035 [DEBUG]  STREAM b'IDAT' 41 65536
2024-09-09 11:43:32,041 [DEBUG]  STREAM b'IHDR' 16 13
2024-09-09 11:43:32,041 [DEBUG]  STREAM b'IDAT' 41 65536
2024-09-09 11:43:32,046 [DEBUG]  STREAM b'IHDR' 16 13
2024-09-09 11:43:32,046 [DEBUG]  STREAM b'IDAT' 41 65536
2024-09-09 11:43:32,050 [DEBUG]  STREAM b'IHDR' 16 13
2024-09-09 11:43:32,050 [DEBUG]  STREAM b'IDAT' 41 65536
2024-09-09 11:43:32,055 [DEBUG]  STREAM b'IHDR' 16 13
2024-09-09 11:43:32,055 [DEBUG]  STREAM b'IDAT' 41 65536
2024-09-09 11:43:32,061 [DEBUG]  STREAM b'IHDR' 16 13
2024-09-09 11:43:32,061 [DEBUG]  STREAM b'IDAT' 41 65536
2024-09-09 11:43:32,065 [DEBUG]  STREAM b'IHDR' 16 13
2024-09-09 11:43:32,065 [DEBUG]  STREAM b'IDAT' 41 65536
2024-09-09 11:43:32,070 [DEBUG]  STREAM b'IHDR' 16 13
2024-09-09 11:43:32,070 [DEBUG]  STREAM b'IDAT' 41 65536
2024-09-09 11:43:32,074 [DEBUG]  STREAM b'IHDR' 16 13
2024-09-09 11:43:32,074 [DEBUG]  STREAM b'IDAT' 41 65536
2024-09-09 11:43:32,084 [DEBUG]  GraphTrial.log 577.625 visit state = 3
2024-09-09 11:43:32,089 [DEBUG]  GraphTrial.log 577.630 start flip_time = 577.6302392083335
2024-09-09 11:43:32,094 [DEBUG]  GraphTrial.log 577.635 get move selected = 4
2024-09-09 11:43:34,059 [DEBUG]  GraphTrial.log 579.600 select selected = 4
2024-09-09 11:43:34,059 [DEBUG]  GraphTrial.log 579.600 visit state = 4
2024-09-09 11:43:34,069 [DEBUG]  GraphTrial.log 579.610 get move selected = 1
2024-09-09 11:43:35,299 [DEBUG]  GraphTrial.log 580.840 select selected = 1
2024-09-09 11:43:35,299 [DEBUG]  GraphTrial.log 580.840 visit state = 1
2024-09-09 11:43:37,143 [DEBUG]  GraphTrial.log 582.684 done 
2024-09-09 11:43:37,144 [INFO]  end trial [{"time": 576.2724815833335, "event": "begin drift_check"}, {"time": 577.2695280833332, "event": "initialize", "status": null}, {"time": 577.2697564583332, "event": "start recording"}, {"time": 577.393984041667, "event": "show graph"}, {"time": 577.6248548333333, "event": "visit", "state": 3}, {"time": 577.6302547916666, "event": "start", "flip_time": 577.6302392083335}, {"time": 577.634756375, "event": "get move", "selected": 4}, {"time": 579.6001185, "event": "select", "selected": 4}, {"time": 579.6002045, "event": "visit", "state": 4}, {"time": 579.6104715416668, "event": "get move", "selected": 1}, {"time": 580.8400592499997, "event": "select", "selected": 1}, {"time": 580.8401324166666, "event": "visit", "state": 1}, {"time": 582.6843940833332, "event": "done"}]
2024-09-09 11:43:37,144 [INFO]  stop_recording
2024-09-09 11:43:37,160 [INFO]  gt.status is None
2024-09-09 11:43:37,160 [DEBUG]  add bonus points 1 (total = 93)
2024-09-09 11:43:37,160 [INFO]  Trial 20 of 260
2024-09-09 11:43:38,139 [INFO]  begin trial {"kind": "GraphTrial", "graph": [[], [], [5, 0], [8, 9], [2, 5], [], [], [], [10, 7], [6, 1], []], "rewards": [2, 3, 2, null, 3, -1, 1, -3, -4, -4, 2], "reward_info": {"-4": {"desc": "pattern_1", "image": "images[0]"}, "-3": {"desc": "pattern_2", "image": "images[1]"}, "-2": {"desc": "pattern_3", "image": "images[2]"}, "-1": {"desc": "pattern_4", "image": "images[3]"}, "0": {"desc": "pattern_5", "image": "images[4]"}, "1": {"desc": "pattern_6", "image": "images[5]"}, "2": {"desc": "pattern_7", "image": "images[6]"}, "3": {"desc": "pattern_8", "image": "images[7]"}, "4": {"desc": "pattern_9", "image": "images[8]"}}, "initial_stage": "planning", "hide_states": false, "hide_rewards_while_acting": false, "hide_edges_while_acting": false, "gaze_contingent": false, "gaze_tolerance": 1.5, "fixation_lag": 0.5, "start": 3}
2024-09-09 11:43:38,139 [INFO]  <eyetracking.EyeLink object at 0x3177c5370>
2024-09-09 11:43:38,139 [DEBUG]  GraphTrial.log 583.680 begin drift_check 
2024-09-09 11:43:39,527 [DEBUG]  GraphTrial.log 585.068 initialize status = None
2024-09-09 11:43:39,528 [DEBUG]  GraphTrial.log 585.069 start recording 
2024-09-09 11:43:39,528 [INFO]  start_recording
2024-09-09 11:43:39,655 [DEBUG]  GraphTrial.log 585.196 show graph 
2024-09-09 11:43:39,663 [DEBUG]  STREAM b'IHDR' 16 13
2024-09-09 11:43:39,663 [DEBUG]  STREAM b'IDAT' 41 65536
2024-09-09 11:43:39,676 [DEBUG]  STREAM b'IHDR' 16 13
2024-09-09 11:43:39,676 [DEBUG]  STREAM b'IDAT' 41 65536
2024-09-09 11:43:39,686 [DEBUG]  STREAM b'IHDR' 16 13
2024-09-09 11:43:39,686 [DEBUG]  STREAM b'IDAT' 41 65536
2024-09-09 11:43:39,694 [DEBUG]  STREAM b'IHDR' 16 13
2024-09-09 11:43:39,694 [DEBUG]  STREAM b'IDAT' 41 65536
2024-09-09 11:43:39,704 [DEBUG]  STREAM b'IHDR' 16 13
2024-09-09 11:43:39,704 [DEBUG]  STREAM b'IDAT' 41 65536
2024-09-09 11:43:39,711 [DEBUG]  STREAM b'IHDR' 16 13
2024-09-09 11:43:39,711 [DEBUG]  STREAM b'IDAT' 41 65536
2024-09-09 11:43:39,717 [DEBUG]  STREAM b'IHDR' 16 13
2024-09-09 11:43:39,717 [DEBUG]  STREAM b'IDAT' 41 65536
2024-09-09 11:43:39,723 [DEBUG]  STREAM b'IHDR' 16 13
2024-09-09 11:43:39,723 [DEBUG]  STREAM b'IDAT' 41 65536
2024-09-09 11:43:39,730 [DEBUG]  STREAM b'IHDR' 16 13
2024-09-09 11:43:39,730 [DEBUG]  STREAM b'IDAT' 41 65536
2024-09-09 11:43:39,735 [DEBUG]  STREAM b'IHDR' 16 13
2024-09-09 11:43:39,735 [DEBUG]  STREAM b'IDAT' 41 65536
2024-09-09 11:43:39,740 [DEBUG]  STREAM b'IHDR' 16 13
2024-09-09 11:43:39,740 [DEBUG]  STREAM b'IDAT' 41 65536
2024-09-09 11:43:39,745 [DEBUG]  STREAM b'IHDR' 16 13
2024-09-09 11:43:39,745 [DEBUG]  STREAM b'IDAT' 41 65536
2024-09-09 11:43:39,752 [DEBUG]  STREAM b'IHDR' 16 13
2024-09-09 11:43:39,752 [DEBUG]  STREAM b'IDAT' 41 65536
2024-09-09 11:43:39,757 [DEBUG]  STREAM b'IHDR' 16 13
2024-09-09 11:43:39,757 [DEBUG]  STREAM b'IDAT' 41 65536
2024-09-09 11:43:39,762 [DEBUG]  STREAM b'IHDR' 16 13
2024-09-09 11:43:39,762 [DEBUG]  STREAM b'IDAT' 41 65536
2024-09-09 11:43:39,766 [DEBUG]  STREAM b'IHDR' 16 13
2024-09-09 11:43:39,766 [DEBUG]  STREAM b'IDAT' 41 65536
2024-09-09 11:43:39,772 [DEBUG]  STREAM b'IHDR' 16 13
2024-09-09 11:43:39,772 [DEBUG]  STREAM b'IDAT' 41 65536
2024-09-09 11:43:39,776 [DEBUG]  STREAM b'IHDR' 16 13
2024-09-09 11:43:39,776 [DEBUG]  STREAM b'IDAT' 41 65536
2024-09-09 11:43:39,780 [DEBUG]  STREAM b'IHDR' 16 13
2024-09-09 11:43:39,780 [DEBUG]  STREAM b'IDAT' 41 65536
2024-09-09 11:43:39,784 [DEBUG]  STREAM b'IHDR' 16 13
2024-09-09 11:43:39,784 [DEBUG]  STREAM b'IDAT' 41 65536
2024-09-09 11:43:39,790 [DEBUG]  STREAM b'IHDR' 16 13
2024-09-09 11:43:39,790 [DEBUG]  STREAM b'IDAT' 41 65536
2024-09-09 11:43:39,795 [DEBUG]  STREAM b'IHDR' 16 13
2024-09-09 11:43:39,795 [DEBUG]  STREAM b'IDAT' 41 65536
2024-09-09 11:43:39,799 [DEBUG]  STREAM b'IHDR' 16 13
2024-09-09 11:43:39,799 [DEBUG]  STREAM b'IDAT' 41 65536
2024-09-09 11:43:39,803 [DEBUG]  STREAM b'IHDR' 16 13
2024-09-09 11:43:39,803 [DEBUG]  STREAM b'IDAT' 41 65536
2024-09-09 11:43:39,808 [DEBUG]  STREAM b'IHDR' 16 13
2024-09-09 11:43:39,809 [DEBUG]  STREAM b'IDAT' 41 65536
2024-09-09 11:43:39,813 [DEBUG]  STREAM b'IHDR' 16 13
2024-09-09 11:43:39,813 [DEBUG]  STREAM b'IDAT' 41 65536
2024-09-09 11:43:39,817 [DEBUG]  STREAM b'IHDR' 16 13
2024-09-09 11:43:39,817 [DEBUG]  STREAM b'IDAT' 41 65536
2024-09-09 11:43:39,821 [DEBUG]  STREAM b'IHDR' 16 13
2024-09-09 11:43:39,821 [DEBUG]  STREAM b'IDAT' 41 65536
2024-09-09 11:43:39,826 [DEBUG]  STREAM b'IHDR' 16 13
2024-09-09 11:43:39,826 [DEBUG]  STREAM b'IDAT' 41 65536
2024-09-09 11:43:39,831 [DEBUG]  STREAM b'IHDR' 16 13
2024-09-09 11:43:39,831 [DEBUG]  STREAM b'IDAT' 41 65536
2024-09-09 11:43:39,835 [DEBUG]  STREAM b'IHDR' 16 13
2024-09-09 11:43:39,835 [DEBUG]  STREAM b'IDAT' 41 65536
2024-09-09 11:43:39,839 [DEBUG]  STREAM b'IHDR' 16 13
2024-09-09 11:43:39,839 [DEBUG]  STREAM b'IDAT' 41 65536
2024-09-09 11:43:39,844 [DEBUG]  STREAM b'IHDR' 16 13
2024-09-09 11:43:39,844 [DEBUG]  STREAM b'IDAT' 41 65536
2024-09-09 11:43:39,849 [DEBUG]  STREAM b'IHDR' 16 13
2024-09-09 11:43:39,849 [DEBUG]  STREAM b'IDAT' 41 65536
2024-09-09 11:43:39,853 [DEBUG]  STREAM b'IHDR' 16 13
2024-09-09 11:43:39,853 [DEBUG]  STREAM b'IDAT' 41 65536
2024-09-09 11:43:39,857 [DEBUG]  STREAM b'IHDR' 16 13
2024-09-09 11:43:39,857 [DEBUG]  STREAM b'IDAT' 41 65536
2024-09-09 11:43:39,862 [DEBUG]  STREAM b'IHDR' 16 13
2024-09-09 11:43:39,862 [DEBUG]  STREAM b'IDAT' 41 65536
2024-09-09 11:43:39,867 [DEBUG]  STREAM b'IHDR' 16 13
2024-09-09 11:43:39,867 [DEBUG]  STREAM b'IDAT' 41 65536
2024-09-09 11:43:39,871 [DEBUG]  STREAM b'IHDR' 16 13
2024-09-09 11:43:39,871 [DEBUG]  STREAM b'IDAT' 41 65536
2024-09-09 11:43:39,875 [DEBUG]  STREAM b'IHDR' 16 13
2024-09-09 11:43:39,875 [DEBUG]  STREAM b'IDAT' 41 65536
2024-09-09 11:43:39,885 [DEBUG]  GraphTrial.log 585.426 visit state = 3
2024-09-09 11:43:39,890 [DEBUG]  GraphTrial.log 585.431 start flip_time = 585.4314671249999
2024-09-09 11:43:39,895 [DEBUG]  GraphTrial.log 585.436 get move selected = 8
2024-09-09 11:43:41,244 [DEBUG]  GraphTrial.log 586.785 switch selected = 9
2024-09-09 11:43:43,675 [DEBUG]  GraphTrial.log 589.216 select selected = 9
2024-09-09 11:43:43,675 [DEBUG]  GraphTrial.log 589.216 visit state = 9
2024-09-09 11:43:43,686 [DEBUG]  GraphTrial.log 589.227 get move selected = 6
2024-09-09 11:43:44,643 [DEBUG]  GraphTrial.log 590.184 switch selected = 1
2024-09-09 11:43:45,355 [DEBUG]  GraphTrial.log 590.896 select selected = 1
2024-09-09 11:43:45,355 [DEBUG]  GraphTrial.log 590.896 visit state = 1
2024-09-09 11:43:47,210 [DEBUG]  GraphTrial.log 592.751 done 
2024-09-09 11:43:47,210 [INFO]  end trial [{"time": 583.6803206666668, "event": "begin drift_check"}, {"time": 585.0680709999997, "event": "initialize", "status": null}, {"time": 585.0686121249996, "event": "start recording"}, {"time": 585.1956789999999, "event": "show graph"}, {"time": 585.4260596249997, "event": "visit", "state": 3}, {"time": 585.4314827916669, "event": "start", "flip_time": 585.4314671249999}, {"time": 585.43621725, "event": "get move", "selected": 8}, {"time": 586.7848334999999, "event": "switch", "selected": 9}, {"time": 589.216100791667, "event": "select", "selected": 9}, {"time": 589.2161886249996, "event": "visit", "state": 9}, {"time": 589.226590416667, "event": "get move", "selected": 6}, {"time": 590.1844201249996, "event": "switch", "selected": 1}, {"time": 590.8959069166667, "event": "select", "selected": 1}, {"time": 590.8959732083335, "event": "visit", "state": 1}, {"time": 592.7511451249998, "event": "done"}]
2024-09-09 11:43:47,210 [INFO]  stop_recording
2024-09-09 11:43:47,226 [INFO]  gt.status is None
2024-09-09 11:43:47,227 [DEBUG]  add bonus points -1 (total = 92)
2024-09-09 11:43:47,227 [INFO]  Trial 21 of 260
2024-09-09 11:43:48,451 [INFO]  begin trial {"kind": "GraphTrial", "graph": [[], [5], [], [10, 1], [0], [], [3, 10], [2, 9], [7, 4], [], []], "rewards": [-4, 2, -2, 4, -1, 3, -4, 3, null, 4, -2], "reward_info": {"-4": {"desc": "pattern_1", "image": "images[0]"}, "-3": {"desc": "pattern_2", "image": "images[1]"}, "-2": {"desc": "pattern_3", "image": "images[2]"}, "-1": {"desc": "pattern_4", "image": "images[3]"}, "0": {"desc": "pattern_5", "image": "images[4]"}, "1": {"desc": "pattern_6", "image": "images[5]"}, "2": {"desc": "pattern_7", "image": "images[6]"}, "3": {"desc": "pattern_8", "image": "images[7]"}, "4": {"desc": "pattern_9", "image": "images[8]"}}, "initial_stage": "planning", "hide_states": false, "hide_rewards_while_acting": false, "hide_edges_while_acting": false, "gaze_contingent": false, "gaze_tolerance": 1.5, "fixation_lag": 0.5, "start": 8}
2024-09-09 11:43:48,451 [INFO]  <eyetracking.EyeLink object at 0x3177c5370>
2024-09-09 11:43:48,451 [DEBUG]  GraphTrial.log 593.992 begin drift_check 
2024-09-09 11:43:51,277 [DEBUG]  GraphTrial.log 596.818 initialize status = None
2024-09-09 11:43:51,277 [DEBUG]  GraphTrial.log 596.818 start recording 
2024-09-09 11:43:51,277 [INFO]  start_recording
2024-09-09 11:43:51,403 [DEBUG]  GraphTrial.log 596.944 show graph 
2024-09-09 11:43:51,412 [DEBUG]  STREAM b'IHDR' 16 13
2024-09-09 11:43:51,412 [DEBUG]  STREAM b'IDAT' 41 65536
2024-09-09 11:43:51,424 [DEBUG]  STREAM b'IHDR' 16 13
2024-09-09 11:43:51,424 [DEBUG]  STREAM b'IDAT' 41 65536
2024-09-09 11:43:51,434 [DEBUG]  STREAM b'IHDR' 16 13
2024-09-09 11:43:51,434 [DEBUG]  STREAM b'IDAT' 41 65536
2024-09-09 11:43:51,442 [DEBUG]  STREAM b'IHDR' 16 13
2024-09-09 11:43:51,442 [DEBUG]  STREAM b'IDAT' 41 65536
2024-09-09 11:43:51,452 [DEBUG]  STREAM b'IHDR' 16 13
2024-09-09 11:43:51,452 [DEBUG]  STREAM b'IDAT' 41 65536
2024-09-09 11:43:51,459 [DEBUG]  STREAM b'IHDR' 16 13
2024-09-09 11:43:51,459 [DEBUG]  STREAM b'IDAT' 41 65536
2024-09-09 11:43:51,465 [DEBUG]  STREAM b'IHDR' 16 13
2024-09-09 11:43:51,465 [DEBUG]  STREAM b'IDAT' 41 65536
2024-09-09 11:43:51,470 [DEBUG]  STREAM b'IHDR' 16 13
2024-09-09 11:43:51,470 [DEBUG]  STREAM b'IDAT' 41 65536
2024-09-09 11:43:51,477 [DEBUG]  STREAM b'IHDR' 16 13
2024-09-09 11:43:51,477 [DEBUG]  STREAM b'IDAT' 41 65536
2024-09-09 11:43:51,482 [DEBUG]  STREAM b'IHDR' 16 13
2024-09-09 11:43:51,482 [DEBUG]  STREAM b'IDAT' 41 65536
2024-09-09 11:43:51,487 [DEBUG]  STREAM b'IHDR' 16 13
2024-09-09 11:43:51,487 [DEBUG]  STREAM b'IDAT' 41 65536
2024-09-09 11:43:51,492 [DEBUG]  STREAM b'IHDR' 16 13
2024-09-09 11:43:51,492 [DEBUG]  STREAM b'IDAT' 41 65536
2024-09-09 11:43:51,498 [DEBUG]  STREAM b'IHDR' 16 13
2024-09-09 11:43:51,498 [DEBUG]  STREAM b'IDAT' 41 65536
2024-09-09 11:43:51,502 [DEBUG]  STREAM b'IHDR' 16 13
2024-09-09 11:43:51,502 [DEBUG]  STREAM b'IDAT' 41 65536
2024-09-09 11:43:51,507 [DEBUG]  STREAM b'IHDR' 16 13
2024-09-09 11:43:51,507 [DEBUG]  STREAM b'IDAT' 41 65536
2024-09-09 11:43:51,512 [DEBUG]  STREAM b'IHDR' 16 13
2024-09-09 11:43:51,512 [DEBUG]  STREAM b'IDAT' 41 65536
2024-09-09 11:43:51,517 [DEBUG]  STREAM b'IHDR' 16 13
2024-09-09 11:43:51,518 [DEBUG]  STREAM b'IDAT' 41 65536
2024-09-09 11:43:51,522 [DEBUG]  STREAM b'IHDR' 16 13
2024-09-09 11:43:51,522 [DEBUG]  STREAM b'IDAT' 41 65536
2024-09-09 11:43:51,526 [DEBUG]  STREAM b'IHDR' 16 13
2024-09-09 11:43:51,526 [DEBUG]  STREAM b'IDAT' 41 65536
2024-09-09 11:43:51,530 [DEBUG]  STREAM b'IHDR' 16 13
2024-09-09 11:43:51,530 [DEBUG]  STREAM b'IDAT' 41 65536
2024-09-09 11:43:51,535 [DEBUG]  STREAM b'IHDR' 16 13
2024-09-09 11:43:51,535 [DEBUG]  STREAM b'IDAT' 41 65536
2024-09-09 11:43:51,540 [DEBUG]  STREAM b'IHDR' 16 13
2024-09-09 11:43:51,540 [DEBUG]  STREAM b'IDAT' 41 65536
2024-09-09 11:43:51,544 [DEBUG]  STREAM b'IHDR' 16 13
2024-09-09 11:43:51,544 [DEBUG]  STREAM b'IDAT' 41 65536
2024-09-09 11:43:51,548 [DEBUG]  STREAM b'IHDR' 16 13
2024-09-09 11:43:51,548 [DEBUG]  STREAM b'IDAT' 41 65536
2024-09-09 11:43:51,554 [DEBUG]  STREAM b'IHDR' 16 13
2024-09-09 11:43:51,554 [DEBUG]  STREAM b'IDAT' 41 65536
2024-09-09 11:43:51,558 [DEBUG]  STREAM b'IHDR' 16 13
2024-09-09 11:43:51,558 [DEBUG]  STREAM b'IDAT' 41 65536
2024-09-09 11:43:51,563 [DEBUG]  STREAM b'IHDR' 16 13
2024-09-09 11:43:51,563 [DEBUG]  STREAM b'IDAT' 41 65536
2024-09-09 11:43:51,567 [DEBUG]  STREAM b'IHDR' 16 13
2024-09-09 11:43:51,567 [DEBUG]  STREAM b'IDAT' 41 65536
2024-09-09 11:43:51,572 [DEBUG]  STREAM b'IHDR' 16 13
2024-09-09 11:43:51,572 [DEBUG]  STREAM b'IDAT' 41 65536
2024-09-09 11:43:51,577 [DEBUG]  STREAM b'IHDR' 16 13
2024-09-09 11:43:51,577 [DEBUG]  STREAM b'IDAT' 41 65536
2024-09-09 11:43:51,581 [DEBUG]  STREAM b'IHDR' 16 13
2024-09-09 11:43:51,581 [DEBUG]  STREAM b'IDAT' 41 65536
2024-09-09 11:43:51,585 [DEBUG]  STREAM b'IHDR' 16 13
2024-09-09 11:43:51,585 [DEBUG]  STREAM b'IDAT' 41 65536
2024-09-09 11:43:51,592 [DEBUG]  STREAM b'IHDR' 16 13
2024-09-09 11:43:51,592 [DEBUG]  STREAM b'IDAT' 41 65536
2024-09-09 11:43:51,597 [DEBUG]  STREAM b'IHDR' 16 13
2024-09-09 11:43:51,597 [DEBUG]  STREAM b'IDAT' 41 65536
2024-09-09 11:43:51,601 [DEBUG]  STREAM b'IHDR' 16 13
2024-09-09 11:43:51,602 [DEBUG]  STREAM b'IDAT' 41 65536
2024-09-09 11:43:51,606 [DEBUG]  STREAM b'IHDR' 16 13
2024-09-09 11:43:51,606 [DEBUG]  STREAM b'IDAT' 41 65536
2024-09-09 11:43:51,612 [DEBUG]  STREAM b'IHDR' 16 13
2024-09-09 11:43:51,612 [DEBUG]  STREAM b'IDAT' 41 65536
2024-09-09 11:43:51,616 [DEBUG]  STREAM b'IHDR' 16 13
2024-09-09 11:43:51,616 [DEBUG]  STREAM b'IDAT' 41 65536
2024-09-09 11:43:51,620 [DEBUG]  STREAM b'IHDR' 16 13
2024-09-09 11:43:51,620 [DEBUG]  STREAM b'IDAT' 41 65536
2024-09-09 11:43:51,624 [DEBUG]  STREAM b'IHDR' 16 13
2024-09-09 11:43:51,624 [DEBUG]  STREAM b'IDAT' 41 65536
2024-09-09 11:43:51,634 [DEBUG]  GraphTrial.log 597.175 visit state = 8
2024-09-09 11:43:51,639 [DEBUG]  GraphTrial.log 597.180 start flip_time = 597.180053
2024-09-09 11:43:51,644 [DEBUG]  GraphTrial.log 597.185 get move selected = 7
2024-09-09 11:43:54,875 [DEBUG]  GraphTrial.log 600.416 select selected = 7
2024-09-09 11:43:54,875 [DEBUG]  GraphTrial.log 600.416 visit state = 7
2024-09-09 11:43:54,886 [DEBUG]  GraphTrial.log 600.427 get move selected = 9
2024-09-09 11:43:55,524 [DEBUG]  GraphTrial.log 601.065 select selected = 9
2024-09-09 11:43:55,524 [DEBUG]  GraphTrial.log 601.065 visit state = 9
2024-09-09 11:43:57,392 [DEBUG]  GraphTrial.log 602.933 done 
2024-09-09 11:43:57,392 [INFO]  end trial [{"time": 593.9924602916667, "event": "begin drift_check"}, {"time": 596.8175263749999, "event": "initialize", "status": null}, {"time": 596.8179389166667, "event": "start recording"}, {"time": 596.9442123333333, "event": "show graph"}, {"time": 597.1746809166666, "event": "visit", "state": 8}, {"time": 597.1800670416669, "event": "start", "flip_time": 597.180053}, {"time": 597.1845617499998, "event": "get move", "selected": 7}, {"time": 600.4162081249997, "event": "select", "selected": 7}, {"time": 600.4162835833336, "event": "visit", "state": 7}, {"time": 600.4266189166669, "event": "get move", "selected": 9}, {"time": 601.0645275833335, "event": "select", "selected": 9}, {"time": 601.0646524999997, "event": "visit", "state": 9}, {"time": 602.9325712083332, "event": "done"}]
2024-09-09 11:43:57,392 [INFO]  stop_recording
2024-09-09 11:43:57,409 [INFO]  gt.status is None
2024-09-09 11:43:57,409 [DEBUG]  add bonus points 7 (total = 99)
2024-09-09 11:43:57,409 [INFO]  Trial 22 of 260
2024-09-09 11:43:58,827 [INFO]  begin trial {"kind": "GraphTrial", "graph": [[10, 3], [], [7, 9], [], [1], [0, 8], [], [9, 4], [6], [], []], "rewards": [-3, -1, 4, -4, 2, null, 2, 4, 3, 2, 0], "reward_info": {"-4": {"desc": "pattern_1", "image": "images[0]"}, "-3": {"desc": "pattern_2", "image": "images[1]"}, "-2": {"desc": "pattern_3", "image": "images[2]"}, "-1": {"desc": "pattern_4", "image": "images[3]"}, "0": {"desc": "pattern_5", "image": "images[4]"}, "1": {"desc": "pattern_6", "image": "images[5]"}, "2": {"desc": "pattern_7", "image": "images[6]"}, "3": {"desc": "pattern_8", "image": "images[7]"}, "4": {"desc": "pattern_9", "image": "images[8]"}}, "initial_stage": "planning", "hide_states": false, "hide_rewards_while_acting": false, "hide_edges_while_acting": false, "gaze_contingent": false, "gaze_tolerance": 1.5, "fixation_lag": 0.5, "start": 5}
2024-09-09 11:43:58,828 [INFO]  <eyetracking.EyeLink object at 0x3177c5370>
2024-09-09 11:43:58,828 [DEBUG]  GraphTrial.log 604.369 begin drift_check 
2024-09-09 11:44:00,827 [DEBUG]  GraphTrial.log 606.368 initialize status = None
2024-09-09 11:44:00,828 [DEBUG]  GraphTrial.log 606.368 start recording 
2024-09-09 11:44:00,828 [INFO]  start_recording
2024-09-09 11:44:00,953 [DEBUG]  GraphTrial.log 606.494 show graph 
2024-09-09 11:44:00,963 [DEBUG]  STREAM b'IHDR' 16 13
2024-09-09 11:44:00,963 [DEBUG]  STREAM b'IDAT' 41 65536
2024-09-09 11:44:00,976 [DEBUG]  STREAM b'IHDR' 16 13
2024-09-09 11:44:00,976 [DEBUG]  STREAM b'IDAT' 41 65536
2024-09-09 11:44:00,986 [DEBUG]  STREAM b'IHDR' 16 13
2024-09-09 11:44:00,986 [DEBUG]  STREAM b'IDAT' 41 65536
2024-09-09 11:44:00,994 [DEBUG]  STREAM b'IHDR' 16 13
2024-09-09 11:44:00,994 [DEBUG]  STREAM b'IDAT' 41 65536
2024-09-09 11:44:01,003 [DEBUG]  STREAM b'IHDR' 16 13
2024-09-09 11:44:01,003 [DEBUG]  STREAM b'IDAT' 41 65536
2024-09-09 11:44:01,010 [DEBUG]  STREAM b'IHDR' 16 13
2024-09-09 11:44:01,010 [DEBUG]  STREAM b'IDAT' 41 65536
2024-09-09 11:44:01,015 [DEBUG]  STREAM b'IHDR' 16 13
2024-09-09 11:44:01,015 [DEBUG]  STREAM b'IDAT' 41 65536
2024-09-09 11:44:01,020 [DEBUG]  STREAM b'IHDR' 16 13
2024-09-09 11:44:01,020 [DEBUG]  STREAM b'IDAT' 41 65536
2024-09-09 11:44:01,027 [DEBUG]  STREAM b'IHDR' 16 13
2024-09-09 11:44:01,027 [DEBUG]  STREAM b'IDAT' 41 65536
2024-09-09 11:44:01,033 [DEBUG]  STREAM b'IHDR' 16 13
2024-09-09 11:44:01,033 [DEBUG]  STREAM b'IDAT' 41 65536
2024-09-09 11:44:01,038 [DEBUG]  STREAM b'IHDR' 16 13
2024-09-09 11:44:01,038 [DEBUG]  STREAM b'IDAT' 41 65536
2024-09-09 11:44:01,043 [DEBUG]  STREAM b'IHDR' 16 13
2024-09-09 11:44:01,043 [DEBUG]  STREAM b'IDAT' 41 65536
2024-09-09 11:44:01,049 [DEBUG]  STREAM b'IHDR' 16 13
2024-09-09 11:44:01,049 [DEBUG]  STREAM b'IDAT' 41 65536
2024-09-09 11:44:01,054 [DEBUG]  STREAM b'IHDR' 16 13
2024-09-09 11:44:01,054 [DEBUG]  STREAM b'IDAT' 41 65536
2024-09-09 11:44:01,058 [DEBUG]  STREAM b'IHDR' 16 13
2024-09-09 11:44:01,058 [DEBUG]  STREAM b'IDAT' 41 65536
2024-09-09 11:44:01,062 [DEBUG]  STREAM b'IHDR' 16 13
2024-09-09 11:44:01,062 [DEBUG]  STREAM b'IDAT' 41 65536
2024-09-09 11:44:01,068 [DEBUG]  STREAM b'IHDR' 16 13
2024-09-09 11:44:01,068 [DEBUG]  STREAM b'IDAT' 41 65536
2024-09-09 11:44:01,072 [DEBUG]  STREAM b'IHDR' 16 13
2024-09-09 11:44:01,072 [DEBUG]  STREAM b'IDAT' 41 65536
2024-09-09 11:44:01,076 [DEBUG]  STREAM b'IHDR' 16 13
2024-09-09 11:44:01,076 [DEBUG]  STREAM b'IDAT' 41 65536
2024-09-09 11:44:01,080 [DEBUG]  STREAM b'IHDR' 16 13
2024-09-09 11:44:01,080 [DEBUG]  STREAM b'IDAT' 41 65536
2024-09-09 11:44:01,087 [DEBUG]  STREAM b'IHDR' 16 13
2024-09-09 11:44:01,087 [DEBUG]  STREAM b'IDAT' 41 65536
2024-09-09 11:44:01,092 [DEBUG]  STREAM b'IHDR' 16 13
2024-09-09 11:44:01,092 [DEBUG]  STREAM b'IDAT' 41 65536
2024-09-09 11:44:01,096 [DEBUG]  STREAM b'IHDR' 16 13
2024-09-09 11:44:01,096 [DEBUG]  STREAM b'IDAT' 41 65536
2024-09-09 11:44:01,100 [DEBUG]  STREAM b'IHDR' 16 13
2024-09-09 11:44:01,100 [DEBUG]  STREAM b'IDAT' 41 65536
2024-09-09 11:44:01,106 [DEBUG]  STREAM b'IHDR' 16 13
2024-09-09 11:44:01,106 [DEBUG]  STREAM b'IDAT' 41 65536
2024-09-09 11:44:01,110 [DEBUG]  STREAM b'IHDR' 16 13
2024-09-09 11:44:01,110 [DEBUG]  STREAM b'IDAT' 41 65536
2024-09-09 11:44:01,115 [DEBUG]  STREAM b'IHDR' 16 13
2024-09-09 11:44:01,115 [DEBUG]  STREAM b'IDAT' 41 65536
2024-09-09 11:44:01,119 [DEBUG]  STREAM b'IHDR' 16 13
2024-09-09 11:44:01,119 [DEBUG]  STREAM b'IDAT' 41 65536
2024-09-09 11:44:01,125 [DEBUG]  STREAM b'IHDR' 16 13
2024-09-09 11:44:01,125 [DEBUG]  STREAM b'IDAT' 41 65536
2024-09-09 11:44:01,130 [DEBUG]  STREAM b'IHDR' 16 13
2024-09-09 11:44:01,130 [DEBUG]  STREAM b'IDAT' 41 65536
2024-09-09 11:44:01,134 [DEBUG]  STREAM b'IHDR' 16 13
2024-09-09 11:44:01,134 [DEBUG]  STREAM b'IDAT' 41 65536
2024-09-09 11:44:01,139 [DEBUG]  STREAM b'IHDR' 16 13
2024-09-09 11:44:01,139 [DEBUG]  STREAM b'IDAT' 41 65536
2024-09-09 11:44:01,144 [DEBUG]  STREAM b'IHDR' 16 13
2024-09-09 11:44:01,144 [DEBUG]  STREAM b'IDAT' 41 65536
2024-09-09 11:44:01,149 [DEBUG]  STREAM b'IHDR' 16 13
2024-09-09 11:44:01,149 [DEBUG]  STREAM b'IDAT' 41 65536
2024-09-09 11:44:01,153 [DEBUG]  STREAM b'IHDR' 16 13
2024-09-09 11:44:01,153 [DEBUG]  STREAM b'IDAT' 41 65536
2024-09-09 11:44:01,157 [DEBUG]  STREAM b'IHDR' 16 13
2024-09-09 11:44:01,157 [DEBUG]  STREAM b'IDAT' 41 65536
2024-09-09 11:44:01,163 [DEBUG]  STREAM b'IHDR' 16 13
2024-09-09 11:44:01,163 [DEBUG]  STREAM b'IDAT' 41 65536
2024-09-09 11:44:01,168 [DEBUG]  STREAM b'IHDR' 16 13
2024-09-09 11:44:01,168 [DEBUG]  STREAM b'IDAT' 41 65536
2024-09-09 11:44:01,172 [DEBUG]  STREAM b'IHDR' 16 13
2024-09-09 11:44:01,172 [DEBUG]  STREAM b'IDAT' 41 65536
2024-09-09 11:44:01,176 [DEBUG]  STREAM b'IHDR' 16 13
2024-09-09 11:44:01,176 [DEBUG]  STREAM b'IDAT' 41 65536
2024-09-09 11:44:01,186 [DEBUG]  GraphTrial.log 606.727 visit state = 5
2024-09-09 11:44:01,191 [DEBUG]  GraphTrial.log 606.732 start flip_time = 606.7320922499998
2024-09-09 11:44:01,196 [DEBUG]  GraphTrial.log 606.737 get move selected = 8
2024-09-09 11:44:02,947 [DEBUG]  GraphTrial.log 608.488 select selected = 8
2024-09-09 11:44:02,947 [DEBUG]  GraphTrial.log 608.488 visit state = 8
2024-09-09 11:44:02,958 [DEBUG]  GraphTrial.log 608.499 get move selected = 6
2024-09-09 11:44:03,827 [DEBUG]  GraphTrial.log 609.368 switch selected = 6
2024-09-09 11:44:04,339 [DEBUG]  GraphTrial.log 609.880 switch selected = 6
2024-09-09 11:44:05,555 [DEBUG]  GraphTrial.log 611.096 select selected = 6
2024-09-09 11:44:05,555 [DEBUG]  GraphTrial.log 611.096 visit state = 6
2024-09-09 11:44:07,393 [DEBUG]  GraphTrial.log 612.934 done 
2024-09-09 11:44:07,393 [INFO]  end trial [{"time": 604.3685705833332, "event": "begin drift_check"}, {"time": 606.3682810416667, "event": "initialize", "status": null}, {"time": 606.3684953333332, "event": "start recording"}, {"time": 606.4939973749997, "event": "show graph"}, {"time": 606.7266957499996, "event": "visit", "state": 5}, {"time": 606.7324276666668, "event": "start", "flip_time": 606.7320922499998}, {"time": 606.73712325, "event": "get move", "selected": 8}, {"time": 608.4882885833335, "event": "select", "selected": 8}, {"time": 608.488360375, "event": "visit", "state": 8}, {"time": 608.4990673749999, "event": "get move", "selected": 6}, {"time": 609.368451375, "event": "switch", "selected": 6}, {"time": 609.8803104166668, "event": "switch", "selected": 6}, {"time": 611.095975875, "event": "select", "selected": 6}, {"time": 611.096045291667, "event": "visit", "state": 6}, {"time": 612.9341358749998, "event": "done"}]
2024-09-09 11:44:07,393 [INFO]  stop_recording
2024-09-09 11:44:07,410 [INFO]  gt.status is None
2024-09-09 11:44:07,410 [DEBUG]  add bonus points 5 (total = 104)
2024-09-09 11:44:07,410 [INFO]  Trial 23 of 260
2024-09-09 11:44:08,923 [INFO]  begin trial {"kind": "GraphTrial", "graph": [[], [7, 0], [], [], [10, 6], [], [5, 3], [], [1, 7], [], [2, 9]], "rewards": [1, -4, -4, 3, null, -4, 2, -3, -2, -1, -4], "reward_info": {"-4": {"desc": "pattern_1", "image": "images[0]"}, "-3": {"desc": "pattern_2", "image": "images[1]"}, "-2": {"desc": "pattern_3", "image": "images[2]"}, "-1": {"desc": "pattern_4", "image": "images[3]"}, "0": {"desc": "pattern_5", "image": "images[4]"}, "1": {"desc": "pattern_6", "image": "images[5]"}, "2": {"desc": "pattern_7", "image": "images[6]"}, "3": {"desc": "pattern_8", "image": "images[7]"}, "4": {"desc": "pattern_9", "image": "images[8]"}}, "initial_stage": "planning", "hide_states": false, "hide_rewards_while_acting": false, "hide_edges_while_acting": false, "gaze_contingent": false, "gaze_tolerance": 1.5, "fixation_lag": 0.5, "start": 4}
2024-09-09 11:44:08,923 [INFO]  <eyetracking.EyeLink object at 0x3177c5370>
2024-09-09 11:44:08,923 [DEBUG]  GraphTrial.log 614.464 begin drift_check 
2024-09-09 11:44:10,110 [DEBUG]  GraphTrial.log 615.651 initialize status = None
2024-09-09 11:44:10,110 [DEBUG]  GraphTrial.log 615.651 start recording 
2024-09-09 11:44:10,110 [INFO]  start_recording
2024-09-09 11:44:10,236 [DEBUG]  GraphTrial.log 615.777 show graph 
2024-09-09 11:44:10,244 [DEBUG]  STREAM b'IHDR' 16 13
2024-09-09 11:44:10,244 [DEBUG]  STREAM b'IDAT' 41 65536
2024-09-09 11:44:10,257 [DEBUG]  STREAM b'IHDR' 16 13
2024-09-09 11:44:10,257 [DEBUG]  STREAM b'IDAT' 41 65536
2024-09-09 11:44:10,267 [DEBUG]  STREAM b'IHDR' 16 13
2024-09-09 11:44:10,267 [DEBUG]  STREAM b'IDAT' 41 65536
2024-09-09 11:44:10,275 [DEBUG]  STREAM b'IHDR' 16 13
2024-09-09 11:44:10,275 [DEBUG]  STREAM b'IDAT' 41 65536
2024-09-09 11:44:10,284 [DEBUG]  STREAM b'IHDR' 16 13
2024-09-09 11:44:10,284 [DEBUG]  STREAM b'IDAT' 41 65536
2024-09-09 11:44:10,291 [DEBUG]  STREAM b'IHDR' 16 13
2024-09-09 11:44:10,291 [DEBUG]  STREAM b'IDAT' 41 65536
2024-09-09 11:44:10,297 [DEBUG]  STREAM b'IHDR' 16 13
2024-09-09 11:44:10,297 [DEBUG]  STREAM b'IDAT' 41 65536
2024-09-09 11:44:10,302 [DEBUG]  STREAM b'IHDR' 16 13
2024-09-09 11:44:10,302 [DEBUG]  STREAM b'IDAT' 41 65536
2024-09-09 11:44:10,309 [DEBUG]  STREAM b'IHDR' 16 13
2024-09-09 11:44:10,309 [DEBUG]  STREAM b'IDAT' 41 65536
2024-09-09 11:44:10,314 [DEBUG]  STREAM b'IHDR' 16 13
2024-09-09 11:44:10,314 [DEBUG]  STREAM b'IDAT' 41 65536
2024-09-09 11:44:10,319 [DEBUG]  STREAM b'IHDR' 16 13
2024-09-09 11:44:10,319 [DEBUG]  STREAM b'IDAT' 41 65536
2024-09-09 11:44:10,323 [DEBUG]  STREAM b'IHDR' 16 13
2024-09-09 11:44:10,323 [DEBUG]  STREAM b'IDAT' 41 65536
2024-09-09 11:44:10,329 [DEBUG]  STREAM b'IHDR' 16 13
2024-09-09 11:44:10,329 [DEBUG]  STREAM b'IDAT' 41 65536
2024-09-09 11:44:10,334 [DEBUG]  STREAM b'IHDR' 16 13
2024-09-09 11:44:10,334 [DEBUG]  STREAM b'IDAT' 41 65536
2024-09-09 11:44:10,339 [DEBUG]  STREAM b'IHDR' 16 13
2024-09-09 11:44:10,339 [DEBUG]  STREAM b'IDAT' 41 65536
2024-09-09 11:44:10,343 [DEBUG]  STREAM b'IHDR' 16 13
2024-09-09 11:44:10,343 [DEBUG]  STREAM b'IDAT' 41 65536
2024-09-09 11:44:10,350 [DEBUG]  STREAM b'IHDR' 16 13
2024-09-09 11:44:10,350 [DEBUG]  STREAM b'IDAT' 41 65536
2024-09-09 11:44:10,355 [DEBUG]  STREAM b'IHDR' 16 13
2024-09-09 11:44:10,355 [DEBUG]  STREAM b'IDAT' 41 65536
2024-09-09 11:44:10,359 [DEBUG]  STREAM b'IHDR' 16 13
2024-09-09 11:44:10,359 [DEBUG]  STREAM b'IDAT' 41 65536
2024-09-09 11:44:10,363 [DEBUG]  STREAM b'IHDR' 16 13
2024-09-09 11:44:10,363 [DEBUG]  STREAM b'IDAT' 41 65536
2024-09-09 11:44:10,368 [DEBUG]  STREAM b'IHDR' 16 13
2024-09-09 11:44:10,368 [DEBUG]  STREAM b'IDAT' 41 65536
2024-09-09 11:44:10,373 [DEBUG]  STREAM b'IHDR' 16 13
2024-09-09 11:44:10,373 [DEBUG]  STREAM b'IDAT' 41 65536
2024-09-09 11:44:10,377 [DEBUG]  STREAM b'IHDR' 16 13
2024-09-09 11:44:10,377 [DEBUG]  STREAM b'IDAT' 41 65536
2024-09-09 11:44:10,381 [DEBUG]  STREAM b'IHDR' 16 13
2024-09-09 11:44:10,381 [DEBUG]  STREAM b'IDAT' 41 65536
2024-09-09 11:44:10,387 [DEBUG]  STREAM b'IHDR' 16 13
2024-09-09 11:44:10,387 [DEBUG]  STREAM b'IDAT' 41 65536
2024-09-09 11:44:10,391 [DEBUG]  STREAM b'IHDR' 16 13
2024-09-09 11:44:10,391 [DEBUG]  STREAM b'IDAT' 41 65536
2024-09-09 11:44:10,395 [DEBUG]  STREAM b'IHDR' 16 13
2024-09-09 11:44:10,395 [DEBUG]  STREAM b'IDAT' 41 65536
2024-09-09 11:44:10,399 [DEBUG]  STREAM b'IHDR' 16 13
2024-09-09 11:44:10,399 [DEBUG]  STREAM b'IDAT' 41 65536
2024-09-09 11:44:10,405 [DEBUG]  STREAM b'IHDR' 16 13
2024-09-09 11:44:10,405 [DEBUG]  STREAM b'IDAT' 41 65536
2024-09-09 11:44:10,410 [DEBUG]  STREAM b'IHDR' 16 13
2024-09-09 11:44:10,410 [DEBUG]  STREAM b'IDAT' 41 65536
2024-09-09 11:44:10,414 [DEBUG]  STREAM b'IHDR' 16 13
2024-09-09 11:44:10,414 [DEBUG]  STREAM b'IDAT' 41 65536
2024-09-09 11:44:10,418 [DEBUG]  STREAM b'IHDR' 16 13
2024-09-09 11:44:10,418 [DEBUG]  STREAM b'IDAT' 41 65536
2024-09-09 11:44:10,424 [DEBUG]  STREAM b'IHDR' 16 13
2024-09-09 11:44:10,424 [DEBUG]  STREAM b'IDAT' 41 65536
2024-09-09 11:44:10,428 [DEBUG]  STREAM b'IHDR' 16 13
2024-09-09 11:44:10,428 [DEBUG]  STREAM b'IDAT' 41 65536
2024-09-09 11:44:10,432 [DEBUG]  STREAM b'IHDR' 16 13
2024-09-09 11:44:10,432 [DEBUG]  STREAM b'IDAT' 41 65536
2024-09-09 11:44:10,436 [DEBUG]  STREAM b'IHDR' 16 13
2024-09-09 11:44:10,436 [DEBUG]  STREAM b'IDAT' 41 65536
2024-09-09 11:44:10,441 [DEBUG]  STREAM b'IHDR' 16 13
2024-09-09 11:44:10,441 [DEBUG]  STREAM b'IDAT' 41 65536
2024-09-09 11:44:10,445 [DEBUG]  STREAM b'IHDR' 16 13
2024-09-09 11:44:10,445 [DEBUG]  STREAM b'IDAT' 41 65536
2024-09-09 11:44:10,450 [DEBUG]  STREAM b'IHDR' 16 13
2024-09-09 11:44:10,450 [DEBUG]  STREAM b'IDAT' 41 65536
2024-09-09 11:44:10,454 [DEBUG]  STREAM b'IHDR' 16 13
2024-09-09 11:44:10,454 [DEBUG]  STREAM b'IDAT' 41 65536
2024-09-09 11:44:10,463 [DEBUG]  GraphTrial.log 616.004 visit state = 4
2024-09-09 11:44:10,468 [DEBUG]  GraphTrial.log 616.009 start flip_time = 616.0092799583335
2024-09-09 11:44:10,473 [DEBUG]  GraphTrial.log 616.014 get move selected = 6
2024-09-09 11:44:12,211 [DEBUG]  GraphTrial.log 617.752 select selected = 6
2024-09-09 11:44:12,212 [DEBUG]  GraphTrial.log 617.753 visit state = 6
2024-09-09 11:44:12,222 [DEBUG]  GraphTrial.log 617.763 get move selected = 5
2024-09-09 11:44:12,756 [DEBUG]  GraphTrial.log 618.297 switch selected = 3
2024-09-09 11:44:13,243 [DEBUG]  GraphTrial.log 618.784 select selected = 3
2024-09-09 11:44:13,243 [DEBUG]  GraphTrial.log 618.784 visit state = 3
2024-09-09 11:44:15,110 [DEBUG]  GraphTrial.log 620.651 done 
2024-09-09 11:44:15,110 [INFO]  end trial [{"time": 614.46435075, "event": "begin drift_check"}, {"time": 615.650810666667, "event": "initialize", "status": null}, {"time": 615.6511511249996, "event": "start recording"}, {"time": 615.7765390416666, "event": "show graph"}, {"time": 616.004225541667, "event": "visit", "state": 4}, {"time": 616.009295375, "event": "start", "flip_time": 616.0092799583335}, {"time": 616.0140674999998, "event": "get move", "selected": 6}, {"time": 617.7524390833332, "event": "select", "selected": 6}, {"time": 617.7525098749998, "event": "visit", "state": 6}, {"time": 617.7628951249999, "event": "get move", "selected": 5}, {"time": 618.2965452083336, "event": "switch", "selected": 3}, {"time": 618.7839014583333, "event": "select", "selected": 3}, {"time": 618.7839658333332, "event": "visit", "state": 3}, {"time": 620.6510830833331, "event": "done"}]
2024-09-09 11:44:15,110 [INFO]  stop_recording
2024-09-09 11:44:15,127 [INFO]  gt.status is None
2024-09-09 11:44:15,127 [DEBUG]  add bonus points 5 (total = 109)
2024-09-09 11:44:15,127 [INFO]  Trial 24 of 260
2024-09-09 11:44:17,211 [INFO]  begin trial {"kind": "GraphTrial", "graph": [[2, 9], [7, 6], [], [], [0, 8], [], [], [6, 10], [3, 5], [], []], "rewards": [-3, 4, -2, 4, null, -1, 4, 1, 4, 2, -2], "reward_info": {"-4": {"desc": "pattern_1", "image": "images[0]"}, "-3": {"desc": "pattern_2", "image": "images[1]"}, "-2": {"desc": "pattern_3", "image": "images[2]"}, "-1": {"desc": "pattern_4", "image": "images[3]"}, "0": {"desc": "pattern_5", "image": "images[4]"}, "1": {"desc": "pattern_6", "image": "images[5]"}, "2": {"desc": "pattern_7", "image": "images[6]"}, "3": {"desc": "pattern_8", "image": "images[7]"}, "4": {"desc": "pattern_9", "image": "images[8]"}}, "initial_stage": "planning", "hide_states": false, "hide_rewards_while_acting": false, "hide_edges_while_acting": false, "gaze_contingent": false, "gaze_tolerance": 1.5, "fixation_lag": 0.5, "start": 4}
2024-09-09 11:44:17,211 [INFO]  <eyetracking.EyeLink object at 0x3177c5370>
2024-09-09 11:44:17,211 [DEBUG]  GraphTrial.log 622.752 begin drift_check 
2024-09-09 11:44:18,478 [DEBUG]  GraphTrial.log 624.019 initialize status = None
2024-09-09 11:44:18,478 [DEBUG]  GraphTrial.log 624.019 start recording 
2024-09-09 11:44:18,478 [INFO]  start_recording
2024-09-09 11:44:18,603 [DEBUG]  GraphTrial.log 624.144 show graph 
2024-09-09 11:44:18,611 [DEBUG]  STREAM b'IHDR' 16 13
2024-09-09 11:44:18,611 [DEBUG]  STREAM b'IDAT' 41 65536
2024-09-09 11:44:18,623 [DEBUG]  STREAM b'IHDR' 16 13
2024-09-09 11:44:18,624 [DEBUG]  STREAM b'IDAT' 41 65536
2024-09-09 11:44:18,634 [DEBUG]  STREAM b'IHDR' 16 13
2024-09-09 11:44:18,634 [DEBUG]  STREAM b'IDAT' 41 65536
2024-09-09 11:44:18,642 [DEBUG]  STREAM b'IHDR' 16 13
2024-09-09 11:44:18,642 [DEBUG]  STREAM b'IDAT' 41 65536
2024-09-09 11:44:18,651 [DEBUG]  STREAM b'IHDR' 16 13
2024-09-09 11:44:18,651 [DEBUG]  STREAM b'IDAT' 41 65536
2024-09-09 11:44:18,658 [DEBUG]  STREAM b'IHDR' 16 13
2024-09-09 11:44:18,659 [DEBUG]  STREAM b'IDAT' 41 65536
2024-09-09 11:44:18,665 [DEBUG]  STREAM b'IHDR' 16 13
2024-09-09 11:44:18,665 [DEBUG]  STREAM b'IDAT' 41 65536
2024-09-09 11:44:18,671 [DEBUG]  STREAM b'IHDR' 16 13
2024-09-09 11:44:18,671 [DEBUG]  STREAM b'IDAT' 41 65536
2024-09-09 11:44:18,678 [DEBUG]  STREAM b'IHDR' 16 13
2024-09-09 11:44:18,678 [DEBUG]  STREAM b'IDAT' 41 65536
2024-09-09 11:44:18,683 [DEBUG]  STREAM b'IHDR' 16 13
2024-09-09 11:44:18,683 [DEBUG]  STREAM b'IDAT' 41 65536
2024-09-09 11:44:18,688 [DEBUG]  STREAM b'IHDR' 16 13
2024-09-09 11:44:18,688 [DEBUG]  STREAM b'IDAT' 41 65536
2024-09-09 11:44:18,692 [DEBUG]  STREAM b'IHDR' 16 13
2024-09-09 11:44:18,692 [DEBUG]  STREAM b'IDAT' 41 65536
2024-09-09 11:44:18,698 [DEBUG]  STREAM b'IHDR' 16 13
2024-09-09 11:44:18,698 [DEBUG]  STREAM b'IDAT' 41 65536
2024-09-09 11:44:18,703 [DEBUG]  STREAM b'IHDR' 16 13
2024-09-09 11:44:18,703 [DEBUG]  STREAM b'IDAT' 41 65536
2024-09-09 11:44:18,708 [DEBUG]  STREAM b'IHDR' 16 13
2024-09-09 11:44:18,708 [DEBUG]  STREAM b'IDAT' 41 65536
2024-09-09 11:44:18,712 [DEBUG]  STREAM b'IHDR' 16 13
2024-09-09 11:44:18,712 [DEBUG]  STREAM b'IDAT' 41 65536
2024-09-09 11:44:18,719 [DEBUG]  STREAM b'IHDR' 16 13
2024-09-09 11:44:18,719 [DEBUG]  STREAM b'IDAT' 41 65536
2024-09-09 11:44:18,723 [DEBUG]  STREAM b'IHDR' 16 13
2024-09-09 11:44:18,723 [DEBUG]  STREAM b'IDAT' 41 65536
2024-09-09 11:44:18,727 [DEBUG]  STREAM b'IHDR' 16 13
2024-09-09 11:44:18,727 [DEBUG]  STREAM b'IDAT' 41 65536
2024-09-09 11:44:18,731 [DEBUG]  STREAM b'IHDR' 16 13
2024-09-09 11:44:18,731 [DEBUG]  STREAM b'IDAT' 41 65536
2024-09-09 11:44:18,737 [DEBUG]  STREAM b'IHDR' 16 13
2024-09-09 11:44:18,737 [DEBUG]  STREAM b'IDAT' 41 65536
2024-09-09 11:44:18,741 [DEBUG]  STREAM b'IHDR' 16 13
2024-09-09 11:44:18,741 [DEBUG]  STREAM b'IDAT' 41 65536
2024-09-09 11:44:18,746 [DEBUG]  STREAM b'IHDR' 16 13
2024-09-09 11:44:18,746 [DEBUG]  STREAM b'IDAT' 41 65536
2024-09-09 11:44:18,750 [DEBUG]  STREAM b'IHDR' 16 13
2024-09-09 11:44:18,750 [DEBUG]  STREAM b'IDAT' 41 65536
2024-09-09 11:44:18,756 [DEBUG]  STREAM b'IHDR' 16 13
2024-09-09 11:44:18,756 [DEBUG]  STREAM b'IDAT' 41 65536
2024-09-09 11:44:18,760 [DEBUG]  STREAM b'IHDR' 16 13
2024-09-09 11:44:18,760 [DEBUG]  STREAM b'IDAT' 41 65536
2024-09-09 11:44:18,764 [DEBUG]  STREAM b'IHDR' 16 13
2024-09-09 11:44:18,764 [DEBUG]  STREAM b'IDAT' 41 65536
2024-09-09 11:44:18,768 [DEBUG]  STREAM b'IHDR' 16 13
2024-09-09 11:44:18,768 [DEBUG]  STREAM b'IDAT' 41 65536
2024-09-09 11:44:18,774 [DEBUG]  STREAM b'IHDR' 16 13
2024-09-09 11:44:18,774 [DEBUG]  STREAM b'IDAT' 41 65536
2024-09-09 11:44:18,778 [DEBUG]  STREAM b'IHDR' 16 13
2024-09-09 11:44:18,778 [DEBUG]  STREAM b'IDAT' 41 65536
2024-09-09 11:44:18,783 [DEBUG]  STREAM b'IHDR' 16 13
2024-09-09 11:44:18,783 [DEBUG]  STREAM b'IDAT' 41 65536
2024-09-09 11:44:18,787 [DEBUG]  STREAM b'IHDR' 16 13
2024-09-09 11:44:18,787 [DEBUG]  STREAM b'IDAT' 41 65536
2024-09-09 11:44:18,793 [DEBUG]  STREAM b'IHDR' 16 13
2024-09-09 11:44:18,793 [DEBUG]  STREAM b'IDAT' 41 65536
2024-09-09 11:44:18,797 [DEBUG]  STREAM b'IHDR' 16 13
2024-09-09 11:44:18,797 [DEBUG]  STREAM b'IDAT' 41 65536
2024-09-09 11:44:18,801 [DEBUG]  STREAM b'IHDR' 16 13
2024-09-09 11:44:18,801 [DEBUG]  STREAM b'IDAT' 41 65536
2024-09-09 11:44:18,806 [DEBUG]  STREAM b'IHDR' 16 13
2024-09-09 11:44:18,806 [DEBUG]  STREAM b'IDAT' 41 65536
2024-09-09 11:44:18,811 [DEBUG]  STREAM b'IHDR' 16 13
2024-09-09 11:44:18,811 [DEBUG]  STREAM b'IDAT' 41 65536
2024-09-09 11:44:18,815 [DEBUG]  STREAM b'IHDR' 16 13
2024-09-09 11:44:18,815 [DEBUG]  STREAM b'IDAT' 41 65536
2024-09-09 11:44:18,820 [DEBUG]  STREAM b'IHDR' 16 13
2024-09-09 11:44:18,820 [DEBUG]  STREAM b'IDAT' 41 65536
2024-09-09 11:44:18,824 [DEBUG]  STREAM b'IHDR' 16 13
2024-09-09 11:44:18,824 [DEBUG]  STREAM b'IDAT' 41 65536
2024-09-09 11:44:18,833 [DEBUG]  GraphTrial.log 624.374 visit state = 4
2024-09-09 11:44:18,839 [DEBUG]  GraphTrial.log 624.379 start flip_time = 624.379478625
2024-09-09 11:44:18,843 [DEBUG]  GraphTrial.log 624.384 get move selected = 0
2024-09-09 11:44:19,748 [DEBUG]  GraphTrial.log 625.289 switch selected = 8
2024-09-09 11:44:20,723 [DEBUG]  GraphTrial.log 626.264 select selected = 8
2024-09-09 11:44:20,723 [DEBUG]  GraphTrial.log 626.264 visit state = 8
2024-09-09 11:44:20,733 [DEBUG]  GraphTrial.log 626.273 get move selected = 5
2024-09-09 11:44:21,155 [DEBUG]  GraphTrial.log 626.696 switch selected = 3
2024-09-09 11:44:21,587 [DEBUG]  GraphTrial.log 627.128 select selected = 3
2024-09-09 11:44:21,587 [DEBUG]  GraphTrial.log 627.128 visit state = 3
2024-09-09 11:44:23,443 [DEBUG]  GraphTrial.log 628.984 done 
2024-09-09 11:44:23,444 [INFO]  end trial [{"time": 622.752352916667, "event": "begin drift_check"}, {"time": 624.0187434999998, "event": "initialize", "status": null}, {"time": 624.019091666667, "event": "start recording"}, {"time": 624.1441092083332, "event": "show graph"}, {"time": 624.3741452083332, "event": "visit", "state": 4}, {"time": 624.3794984583333, "event": "start", "flip_time": 624.379478625}, {"time": 624.384065875, "event": "get move", "selected": 0}, {"time": 625.2887284999997, "event": "switch", "selected": 8}, {"time": 626.2641443333332, "event": "select", "selected": 8}, {"time": 626.2642142083332, "event": "visit", "state": 8}, {"time": 626.2734678749998, "event": "get move", "selected": 5}, {"time": 626.6962695833336, "event": "switch", "selected": 3}, {"time": 627.1277473333334, "event": "select", "selected": 3}, {"time": 627.1278129166667, "event": "visit", "state": 3}, {"time": 628.9843953749996, "event": "done"}]
2024-09-09 11:44:23,444 [INFO]  stop_recording
2024-09-09 11:44:23,460 [INFO]  gt.status is None
2024-09-09 11:44:23,460 [DEBUG]  add bonus points 8 (total = 117)
2024-09-09 11:44:23,460 [INFO]  Trial 25 of 260
2024-09-09 11:44:25,859 [INFO]  begin trial {"kind": "GraphTrial", "graph": [[10, 3], [], [], [6], [1], [7, 2], [], [2, 4], [], [], [9, 8]], "rewards": [null, -4, 1, -1, 2, 0, -4, 3, -3, 2, 4], "reward_info": {"-4": {"desc": "pattern_1", "image": "images[0]"}, "-3": {"desc": "pattern_2", "image": "images[1]"}, "-2": {"desc": "pattern_3", "image": "images[2]"}, "-1": {"desc": "pattern_4", "image": "images[3]"}, "0": {"desc": "pattern_5", "image": "images[4]"}, "1": {"desc": "pattern_6", "image": "images[5]"}, "2": {"desc": "pattern_7", "image": "images[6]"}, "3": {"desc": "pattern_8", "image": "images[7]"}, "4": {"desc": "pattern_9", "image": "images[8]"}}, "initial_stage": "planning", "hide_states": false, "hide_rewards_while_acting": false, "hide_edges_while_acting": false, "gaze_contingent": false, "gaze_tolerance": 1.5, "fixation_lag": 0.5, "start": 0}
2024-09-09 11:44:25,859 [INFO]  <eyetracking.EyeLink object at 0x3177c5370>
2024-09-09 11:44:25,860 [DEBUG]  GraphTrial.log 631.400 begin drift_check 
2024-09-09 11:44:27,228 [DEBUG]  GraphTrial.log 632.769 initialize status = None
2024-09-09 11:44:27,229 [DEBUG]  GraphTrial.log 632.769 start recording 
2024-09-09 11:44:27,229 [INFO]  start_recording
2024-09-09 11:44:27,356 [DEBUG]  GraphTrial.log 632.897 show graph 
2024-09-09 11:44:27,368 [DEBUG]  STREAM b'IHDR' 16 13
2024-09-09 11:44:27,368 [DEBUG]  STREAM b'IDAT' 41 65536
2024-09-09 11:44:27,381 [DEBUG]  STREAM b'IHDR' 16 13
2024-09-09 11:44:27,381 [DEBUG]  STREAM b'IDAT' 41 65536
2024-09-09 11:44:27,390 [DEBUG]  STREAM b'IHDR' 16 13
2024-09-09 11:44:27,390 [DEBUG]  STREAM b'IDAT' 41 65536
2024-09-09 11:44:27,398 [DEBUG]  STREAM b'IHDR' 16 13
2024-09-09 11:44:27,398 [DEBUG]  STREAM b'IDAT' 41 65536
2024-09-09 11:44:27,407 [DEBUG]  STREAM b'IHDR' 16 13
2024-09-09 11:44:27,408 [DEBUG]  STREAM b'IDAT' 41 65536
2024-09-09 11:44:27,414 [DEBUG]  STREAM b'IHDR' 16 13
2024-09-09 11:44:27,414 [DEBUG]  STREAM b'IDAT' 41 65536
2024-09-09 11:44:27,419 [DEBUG]  STREAM b'IHDR' 16 13
2024-09-09 11:44:27,419 [DEBUG]  STREAM b'IDAT' 41 65536
2024-09-09 11:44:27,425 [DEBUG]  STREAM b'IHDR' 16 13
2024-09-09 11:44:27,425 [DEBUG]  STREAM b'IDAT' 41 65536
2024-09-09 11:44:27,431 [DEBUG]  STREAM b'IHDR' 16 13
2024-09-09 11:44:27,431 [DEBUG]  STREAM b'IDAT' 41 65536
2024-09-09 11:44:27,436 [DEBUG]  STREAM b'IHDR' 16 13
2024-09-09 11:44:27,436 [DEBUG]  STREAM b'IDAT' 41 65536
2024-09-09 11:44:27,441 [DEBUG]  STREAM b'IHDR' 16 13
2024-09-09 11:44:27,441 [DEBUG]  STREAM b'IDAT' 41 65536
2024-09-09 11:44:27,445 [DEBUG]  STREAM b'IHDR' 16 13
2024-09-09 11:44:27,445 [DEBUG]  STREAM b'IDAT' 41 65536
2024-09-09 11:44:27,451 [DEBUG]  STREAM b'IHDR' 16 13
2024-09-09 11:44:27,451 [DEBUG]  STREAM b'IDAT' 41 65536
2024-09-09 11:44:27,456 [DEBUG]  STREAM b'IHDR' 16 13
2024-09-09 11:44:27,456 [DEBUG]  STREAM b'IDAT' 41 65536
2024-09-09 11:44:27,460 [DEBUG]  STREAM b'IHDR' 16 13
2024-09-09 11:44:27,460 [DEBUG]  STREAM b'IDAT' 41 65536
2024-09-09 11:44:27,465 [DEBUG]  STREAM b'IHDR' 16 13
2024-09-09 11:44:27,465 [DEBUG]  STREAM b'IDAT' 41 65536
2024-09-09 11:44:27,470 [DEBUG]  STREAM b'IHDR' 16 13
2024-09-09 11:44:27,470 [DEBUG]  STREAM b'IDAT' 41 65536
2024-09-09 11:44:27,475 [DEBUG]  STREAM b'IHDR' 16 13
2024-09-09 11:44:27,475 [DEBUG]  STREAM b'IDAT' 41 65536
2024-09-09 11:44:27,479 [DEBUG]  STREAM b'IHDR' 16 13
2024-09-09 11:44:27,479 [DEBUG]  STREAM b'IDAT' 41 65536
2024-09-09 11:44:27,483 [DEBUG]  STREAM b'IHDR' 16 13
2024-09-09 11:44:27,483 [DEBUG]  STREAM b'IDAT' 41 65536
2024-09-09 11:44:27,489 [DEBUG]  STREAM b'IHDR' 16 13
2024-09-09 11:44:27,489 [DEBUG]  STREAM b'IDAT' 41 65536
2024-09-09 11:44:27,493 [DEBUG]  STREAM b'IHDR' 16 13
2024-09-09 11:44:27,493 [DEBUG]  STREAM b'IDAT' 41 65536
2024-09-09 11:44:27,497 [DEBUG]  STREAM b'IHDR' 16 13
2024-09-09 11:44:27,497 [DEBUG]  STREAM b'IDAT' 41 65536
2024-09-09 11:44:27,501 [DEBUG]  STREAM b'IHDR' 16 13
2024-09-09 11:44:27,501 [DEBUG]  STREAM b'IDAT' 41 65536
2024-09-09 11:44:27,507 [DEBUG]  STREAM b'IHDR' 16 13
2024-09-09 11:44:27,507 [DEBUG]  STREAM b'IDAT' 41 65536
2024-09-09 11:44:27,511 [DEBUG]  STREAM b'IHDR' 16 13
2024-09-09 11:44:27,511 [DEBUG]  STREAM b'IDAT' 41 65536
2024-09-09 11:44:27,516 [DEBUG]  STREAM b'IHDR' 16 13
2024-09-09 11:44:27,516 [DEBUG]  STREAM b'IDAT' 41 65536
2024-09-09 11:44:27,520 [DEBUG]  STREAM b'IHDR' 16 13
2024-09-09 11:44:27,520 [DEBUG]  STREAM b'IDAT' 41 65536
2024-09-09 11:44:27,526 [DEBUG]  STREAM b'IHDR' 16 13
2024-09-09 11:44:27,526 [DEBUG]  STREAM b'IDAT' 41 65536
2024-09-09 11:44:27,530 [DEBUG]  STREAM b'IHDR' 16 13
2024-09-09 11:44:27,530 [DEBUG]  STREAM b'IDAT' 41 65536
2024-09-09 11:44:27,534 [DEBUG]  STREAM b'IHDR' 16 13
2024-09-09 11:44:27,534 [DEBUG]  STREAM b'IDAT' 41 65536
2024-09-09 11:44:27,538 [DEBUG]  STREAM b'IHDR' 16 13
2024-09-09 11:44:27,538 [DEBUG]  STREAM b'IDAT' 41 65536
2024-09-09 11:44:27,544 [DEBUG]  STREAM b'IHDR' 16 13
2024-09-09 11:44:27,544 [DEBUG]  STREAM b'IDAT' 41 65536
2024-09-09 11:44:27,548 [DEBUG]  STREAM b'IHDR' 16 13
2024-09-09 11:44:27,548 [DEBUG]  STREAM b'IDAT' 41 65536
2024-09-09 11:44:27,552 [DEBUG]  STREAM b'IHDR' 16 13
2024-09-09 11:44:27,552 [DEBUG]  STREAM b'IDAT' 41 65536
2024-09-09 11:44:27,556 [DEBUG]  STREAM b'IHDR' 16 13
2024-09-09 11:44:27,556 [DEBUG]  STREAM b'IDAT' 41 65536
2024-09-09 11:44:27,562 [DEBUG]  STREAM b'IHDR' 16 13
2024-09-09 11:44:27,562 [DEBUG]  STREAM b'IDAT' 41 65536
2024-09-09 11:44:27,567 [DEBUG]  STREAM b'IHDR' 16 13
2024-09-09 11:44:27,567 [DEBUG]  STREAM b'IDAT' 41 65536
2024-09-09 11:44:27,571 [DEBUG]  STREAM b'IHDR' 16 13
2024-09-09 11:44:27,571 [DEBUG]  STREAM b'IDAT' 41 65536
2024-09-09 11:44:27,576 [DEBUG]  STREAM b'IHDR' 16 13
2024-09-09 11:44:27,576 [DEBUG]  STREAM b'IDAT' 41 65536
2024-09-09 11:44:27,586 [DEBUG]  GraphTrial.log 633.127 visit state = 0
2024-09-09 11:44:27,591 [DEBUG]  GraphTrial.log 633.132 start flip_time = 633.1319504999997
2024-09-09 11:44:27,596 [DEBUG]  GraphTrial.log 633.137 get move selected = 10
2024-09-09 11:44:28,860 [DEBUG]  GraphTrial.log 634.400 select selected = 10
2024-09-09 11:44:28,860 [DEBUG]  GraphTrial.log 634.401 visit state = 10
2024-09-09 11:44:28,870 [DEBUG]  GraphTrial.log 634.411 get move selected = 9
2024-09-09 11:44:29,323 [DEBUG]  GraphTrial.log 634.864 switch selected = 8
2024-09-09 11:44:30,027 [DEBUG]  GraphTrial.log 635.568 switch selected = 9
2024-09-09 11:44:30,379 [DEBUG]  GraphTrial.log 635.920 select selected = 9
2024-09-09 11:44:30,379 [DEBUG]  GraphTrial.log 635.920 visit state = 9
2024-09-09 11:44:32,210 [DEBUG]  GraphTrial.log 637.751 done 
2024-09-09 11:44:32,210 [INFO]  end trial [{"time": 631.4004327916668, "event": "begin drift_check"}, {"time": 632.76908675, "event": "initialize", "status": null}, {"time": 632.7694439166667, "event": "start recording"}, {"time": 632.8967232499999, "event": "show graph"}, {"time": 633.1265804999998, "event": "visit", "state": 0}, {"time": 633.1319667083335, "event": "start", "flip_time": 633.1319504999997}, {"time": 633.136629666667, "event": "get move", "selected": 10}, {"time": 634.4004306249999, "event": "select", "selected": 10}, {"time": 634.400503166667, "event": "visit", "state": 10}, {"time": 634.4106787083333, "event": "get move", "selected": 9}, {"time": 634.8642865833335, "event": "switch", "selected": 8}, {"time": 635.5682705416666, "event": "switch", "selected": 9}, {"time": 635.9199996666666, "event": "select", "selected": 9}, {"time": 635.9200639583332, "event": "visit", "state": 9}, {"time": 637.7512372083334, "event": "done"}]
2024-09-09 11:44:32,211 [INFO]  stop_recording
2024-09-09 11:44:32,227 [INFO]  gt.status is None
2024-09-09 11:44:32,227 [DEBUG]  add bonus points 6 (total = 123)
2024-09-09 11:44:32,227 [INFO]  Trial 26 of 260
2024-09-09 11:44:33,499 [INFO]  begin trial {"kind": "GraphTrial", "graph": [[2, 6], [], [6, 4], [], [7], [3, 8], [], [], [], [1], [5, 9]], "rewards": [-4, 4, -1, 0, 0, -2, 1, -4, -4, 3, null], "reward_info": {"-4": {"desc": "pattern_1", "image": "images[0]"}, "-3": {"desc": "pattern_2", "image": "images[1]"}, "-2": {"desc": "pattern_3", "image": "images[2]"}, "-1": {"desc": "pattern_4", "image": "images[3]"}, "0": {"desc": "pattern_5", "image": "images[4]"}, "1": {"desc": "pattern_6", "image": "images[5]"}, "2": {"desc": "pattern_7", "image": "images[6]"}, "3": {"desc": "pattern_8", "image": "images[7]"}, "4": {"desc": "pattern_9", "image": "images[8]"}}, "initial_stage": "planning", "hide_states": false, "hide_rewards_while_acting": false, "hide_edges_while_acting": false, "gaze_contingent": false, "gaze_tolerance": 1.5, "fixation_lag": 0.5, "start": 10}
2024-09-09 11:44:33,500 [INFO]  <eyetracking.EyeLink object at 0x3177c5370>
2024-09-09 11:44:33,500 [DEBUG]  GraphTrial.log 639.040 begin drift_check 
2024-09-09 11:44:35,194 [DEBUG]  GraphTrial.log 640.735 initialize status = None
2024-09-09 11:44:35,195 [DEBUG]  GraphTrial.log 640.736 start recording 
2024-09-09 11:44:35,195 [INFO]  start_recording
2024-09-09 11:44:35,321 [DEBUG]  GraphTrial.log 640.862 show graph 
2024-09-09 11:44:35,330 [DEBUG]  STREAM b'IHDR' 16 13
2024-09-09 11:44:35,330 [DEBUG]  STREAM b'IDAT' 41 65536
2024-09-09 11:44:35,342 [DEBUG]  STREAM b'IHDR' 16 13
2024-09-09 11:44:35,342 [DEBUG]  STREAM b'IDAT' 41 65536
2024-09-09 11:44:35,353 [DEBUG]  STREAM b'IHDR' 16 13
2024-09-09 11:44:35,353 [DEBUG]  STREAM b'IDAT' 41 65536
2024-09-09 11:44:35,361 [DEBUG]  STREAM b'IHDR' 16 13
2024-09-09 11:44:35,361 [DEBUG]  STREAM b'IDAT' 41 65536
2024-09-09 11:44:35,371 [DEBUG]  STREAM b'IHDR' 16 13
2024-09-09 11:44:35,371 [DEBUG]  STREAM b'IDAT' 41 65536
2024-09-09 11:44:35,378 [DEBUG]  STREAM b'IHDR' 16 13
2024-09-09 11:44:35,378 [DEBUG]  STREAM b'IDAT' 41 65536
2024-09-09 11:44:35,384 [DEBUG]  STREAM b'IHDR' 16 13
2024-09-09 11:44:35,384 [DEBUG]  STREAM b'IDAT' 41 65536
2024-09-09 11:44:35,390 [DEBUG]  STREAM b'IHDR' 16 13
2024-09-09 11:44:35,390 [DEBUG]  STREAM b'IDAT' 41 65536
2024-09-09 11:44:35,397 [DEBUG]  STREAM b'IHDR' 16 13
2024-09-09 11:44:35,397 [DEBUG]  STREAM b'IDAT' 41 65536
2024-09-09 11:44:35,402 [DEBUG]  STREAM b'IHDR' 16 13
2024-09-09 11:44:35,402 [DEBUG]  STREAM b'IDAT' 41 65536
2024-09-09 11:44:35,407 [DEBUG]  STREAM b'IHDR' 16 13
2024-09-09 11:44:35,407 [DEBUG]  STREAM b'IDAT' 41 65536
2024-09-09 11:44:35,411 [DEBUG]  STREAM b'IHDR' 16 13
2024-09-09 11:44:35,411 [DEBUG]  STREAM b'IDAT' 41 65536
2024-09-09 11:44:35,417 [DEBUG]  STREAM b'IHDR' 16 13
2024-09-09 11:44:35,417 [DEBUG]  STREAM b'IDAT' 41 65536
2024-09-09 11:44:35,422 [DEBUG]  STREAM b'IHDR' 16 13
2024-09-09 11:44:35,422 [DEBUG]  STREAM b'IDAT' 41 65536
2024-09-09 11:44:35,426 [DEBUG]  STREAM b'IHDR' 16 13
2024-09-09 11:44:35,426 [DEBUG]  STREAM b'IDAT' 41 65536
2024-09-09 11:44:35,430 [DEBUG]  STREAM b'IHDR' 16 13
2024-09-09 11:44:35,430 [DEBUG]  STREAM b'IDAT' 41 65536
2024-09-09 11:44:35,436 [DEBUG]  STREAM b'IHDR' 16 13
2024-09-09 11:44:35,436 [DEBUG]  STREAM b'IDAT' 41 65536
2024-09-09 11:44:35,440 [DEBUG]  STREAM b'IHDR' 16 13
2024-09-09 11:44:35,440 [DEBUG]  STREAM b'IDAT' 41 65536
2024-09-09 11:44:35,444 [DEBUG]  STREAM b'IHDR' 16 13
2024-09-09 11:44:35,444 [DEBUG]  STREAM b'IDAT' 41 65536
2024-09-09 11:44:35,448 [DEBUG]  STREAM b'IHDR' 16 13
2024-09-09 11:44:35,448 [DEBUG]  STREAM b'IDAT' 41 65536
2024-09-09 11:44:35,454 [DEBUG]  STREAM b'IHDR' 16 13
2024-09-09 11:44:35,454 [DEBUG]  STREAM b'IDAT' 41 65536
2024-09-09 11:44:35,458 [DEBUG]  STREAM b'IHDR' 16 13
2024-09-09 11:44:35,458 [DEBUG]  STREAM b'IDAT' 41 65536
2024-09-09 11:44:35,462 [DEBUG]  STREAM b'IHDR' 16 13
2024-09-09 11:44:35,462 [DEBUG]  STREAM b'IDAT' 41 65536
2024-09-09 11:44:35,466 [DEBUG]  STREAM b'IHDR' 16 13
2024-09-09 11:44:35,466 [DEBUG]  STREAM b'IDAT' 41 65536
2024-09-09 11:44:35,472 [DEBUG]  STREAM b'IHDR' 16 13
2024-09-09 11:44:35,472 [DEBUG]  STREAM b'IDAT' 41 65536
2024-09-09 11:44:35,476 [DEBUG]  STREAM b'IHDR' 16 13
2024-09-09 11:44:35,476 [DEBUG]  STREAM b'IDAT' 41 65536
2024-09-09 11:44:35,480 [DEBUG]  STREAM b'IHDR' 16 13
2024-09-09 11:44:35,480 [DEBUG]  STREAM b'IDAT' 41 65536
2024-09-09 11:44:35,484 [DEBUG]  STREAM b'IHDR' 16 13
2024-09-09 11:44:35,484 [DEBUG]  STREAM b'IDAT' 41 65536
2024-09-09 11:44:35,489 [DEBUG]  STREAM b'IHDR' 16 13
2024-09-09 11:44:35,489 [DEBUG]  STREAM b'IDAT' 41 65536
2024-09-09 11:44:35,493 [DEBUG]  STREAM b'IHDR' 16 13
2024-09-09 11:44:35,493 [DEBUG]  STREAM b'IDAT' 41 65536
2024-09-09 11:44:35,498 [DEBUG]  STREAM b'IHDR' 16 13
2024-09-09 11:44:35,498 [DEBUG]  STREAM b'IDAT' 41 65536
2024-09-09 11:44:35,502 [DEBUG]  STREAM b'IHDR' 16 13
2024-09-09 11:44:35,502 [DEBUG]  STREAM b'IDAT' 41 65536
2024-09-09 11:44:35,507 [DEBUG]  STREAM b'IHDR' 16 13
2024-09-09 11:44:35,507 [DEBUG]  STREAM b'IDAT' 41 65536
2024-09-09 11:44:35,511 [DEBUG]  STREAM b'IHDR' 16 13
2024-09-09 11:44:35,511 [DEBUG]  STREAM b'IDAT' 41 65536
2024-09-09 11:44:35,515 [DEBUG]  STREAM b'IHDR' 16 13
2024-09-09 11:44:35,515 [DEBUG]  STREAM b'IDAT' 41 65536
2024-09-09 11:44:35,519 [DEBUG]  STREAM b'IHDR' 16 13
2024-09-09 11:44:35,520 [DEBUG]  STREAM b'IDAT' 41 65536
2024-09-09 11:44:35,525 [DEBUG]  STREAM b'IHDR' 16 13
2024-09-09 11:44:35,525 [DEBUG]  STREAM b'IDAT' 41 65536
2024-09-09 11:44:35,529 [DEBUG]  STREAM b'IHDR' 16 13
2024-09-09 11:44:35,530 [DEBUG]  STREAM b'IDAT' 41 65536
2024-09-09 11:44:35,534 [DEBUG]  STREAM b'IHDR' 16 13
2024-09-09 11:44:35,534 [DEBUG]  STREAM b'IDAT' 41 65536
2024-09-09 11:44:35,538 [DEBUG]  STREAM b'IHDR' 16 13
2024-09-09 11:44:35,538 [DEBUG]  STREAM b'IDAT' 41 65536
2024-09-09 11:44:35,550 [DEBUG]  GraphTrial.log 641.090 visit state = 10
2024-09-09 11:44:35,555 [DEBUG]  GraphTrial.log 641.096 start flip_time = 641.0957483333332
2024-09-09 11:44:35,560 [DEBUG]  GraphTrial.log 641.100 get move selected = 5
2024-09-09 11:44:36,668 [DEBUG]  GraphTrial.log 642.209 switch selected = 9
2024-09-09 11:44:37,523 [DEBUG]  GraphTrial.log 643.064 select selected = 9
2024-09-09 11:44:37,523 [DEBUG]  GraphTrial.log 643.064 visit state = 9
2024-09-09 11:44:37,532 [DEBUG]  GraphTrial.log 643.073 get move selected = 1
2024-09-09 11:44:38,050 [DEBUG]  GraphTrial.log 643.591 select selected = 1
2024-09-09 11:44:38,050 [DEBUG]  GraphTrial.log 643.591 visit state = 1
2024-09-09 11:44:39,893 [DEBUG]  GraphTrial.log 645.434 done 
2024-09-09 11:44:39,893 [INFO]  end trial [{"time": 639.0404667499997, "event": "begin drift_check"}, {"time": 640.7353249583334, "event": "initialize", "status": null}, {"time": 640.735647, "event": "start recording"}, {"time": 640.8620314583331, "event": "show graph"}, {"time": 641.090423666667, "event": "visit", "state": 10}, {"time": 641.095762125, "event": "start", "flip_time": 641.0957483333332}, {"time": 641.1004655833335, "event": "get move", "selected": 5}, {"time": 642.20883125, "event": "switch", "selected": 9}, {"time": 643.064067291667, "event": "select", "selected": 9}, {"time": 643.0641386666666, "event": "visit", "state": 9}, {"time": 643.0733594999997, "event": "get move", "selected": 1}, {"time": 643.5905399999997, "event": "select", "selected": 1}, {"time": 643.5906067916667, "event": "visit", "state": 1}, {"time": 645.4341945833335, "event": "done"}]
2024-09-09 11:44:39,894 [INFO]  stop_recording
2024-09-09 11:44:39,909 [INFO]  gt.status is None
2024-09-09 11:44:39,909 [DEBUG]  add bonus points 7 (total = 130)
2024-09-09 11:44:39,909 [INFO]  Trial 27 of 260
2024-09-09 11:44:41,051 [INFO]  begin trial {"kind": "GraphTrial", "graph": [[], [], [], [], [], [7, 2], [1, 3], [], [5, 7], [4, 0], [9, 6]], "rewards": [-4, -2, -4, 4, -2, -2, 4, 2, -1, -1, null], "reward_info": {"-4": {"desc": "pattern_1", "image": "images[0]"}, "-3": {"desc": "pattern_2", "image": "images[1]"}, "-2": {"desc": "pattern_3", "image": "images[2]"}, "-1": {"desc": "pattern_4", "image": "images[3]"}, "0": {"desc": "pattern_5", "image": "images[4]"}, "1": {"desc": "pattern_6", "image": "images[5]"}, "2": {"desc": "pattern_7", "image": "images[6]"}, "3": {"desc": "pattern_8", "image": "images[7]"}, "4": {"desc": "pattern_9", "image": "images[8]"}}, "initial_stage": "planning", "hide_states": false, "hide_rewards_while_acting": false, "hide_edges_while_acting": false, "gaze_contingent": false, "gaze_tolerance": 1.5, "fixation_lag": 0.5, "start": 10}
2024-09-09 11:44:41,052 [INFO]  <eyetracking.EyeLink object at 0x3177c5370>
2024-09-09 11:44:41,052 [DEBUG]  GraphTrial.log 646.592 begin drift_check 
2024-09-09 11:44:42,427 [DEBUG]  GraphTrial.log 647.967 initialize status = None
2024-09-09 11:44:42,427 [DEBUG]  GraphTrial.log 647.968 start recording 
2024-09-09 11:44:42,427 [INFO]  start_recording
2024-09-09 11:44:42,551 [DEBUG]  GraphTrial.log 648.092 show graph 
2024-09-09 11:44:42,561 [DEBUG]  STREAM b'IHDR' 16 13
2024-09-09 11:44:42,561 [DEBUG]  STREAM b'IDAT' 41 65536
2024-09-09 11:44:42,573 [DEBUG]  STREAM b'IHDR' 16 13
2024-09-09 11:44:42,573 [DEBUG]  STREAM b'IDAT' 41 65536
2024-09-09 11:44:42,583 [DEBUG]  STREAM b'IHDR' 16 13
2024-09-09 11:44:42,583 [DEBUG]  STREAM b'IDAT' 41 65536
2024-09-09 11:44:42,591 [DEBUG]  STREAM b'IHDR' 16 13
2024-09-09 11:44:42,591 [DEBUG]  STREAM b'IDAT' 41 65536
2024-09-09 11:44:42,601 [DEBUG]  STREAM b'IHDR' 16 13
2024-09-09 11:44:42,601 [DEBUG]  STREAM b'IDAT' 41 65536
2024-09-09 11:44:42,608 [DEBUG]  STREAM b'IHDR' 16 13
2024-09-09 11:44:42,608 [DEBUG]  STREAM b'IDAT' 41 65536
2024-09-09 11:44:42,613 [DEBUG]  STREAM b'IHDR' 16 13
2024-09-09 11:44:42,613 [DEBUG]  STREAM b'IDAT' 41 65536
2024-09-09 11:44:42,619 [DEBUG]  STREAM b'IHDR' 16 13
2024-09-09 11:44:42,619 [DEBUG]  STREAM b'IDAT' 41 65536
2024-09-09 11:44:42,625 [DEBUG]  STREAM b'IHDR' 16 13
2024-09-09 11:44:42,625 [DEBUG]  STREAM b'IDAT' 41 65536
2024-09-09 11:44:42,630 [DEBUG]  STREAM b'IHDR' 16 13
2024-09-09 11:44:42,630 [DEBUG]  STREAM b'IDAT' 41 65536
2024-09-09 11:44:42,635 [DEBUG]  STREAM b'IHDR' 16 13
2024-09-09 11:44:42,635 [DEBUG]  STREAM b'IDAT' 41 65536
2024-09-09 11:44:42,640 [DEBUG]  STREAM b'IHDR' 16 13
2024-09-09 11:44:42,640 [DEBUG]  STREAM b'IDAT' 41 65536
2024-09-09 11:44:42,646 [DEBUG]  STREAM b'IHDR' 16 13
2024-09-09 11:44:42,646 [DEBUG]  STREAM b'IDAT' 41 65536
2024-09-09 11:44:42,651 [DEBUG]  STREAM b'IHDR' 16 13
2024-09-09 11:44:42,651 [DEBUG]  STREAM b'IDAT' 41 65536
2024-09-09 11:44:42,655 [DEBUG]  STREAM b'IHDR' 16 13
2024-09-09 11:44:42,655 [DEBUG]  STREAM b'IDAT' 41 65536
2024-09-09 11:44:42,660 [DEBUG]  STREAM b'IHDR' 16 13
2024-09-09 11:44:42,660 [DEBUG]  STREAM b'IDAT' 41 65536
2024-09-09 11:44:42,666 [DEBUG]  STREAM b'IHDR' 16 13
2024-09-09 11:44:42,666 [DEBUG]  STREAM b'IDAT' 41 65536
2024-09-09 11:44:42,670 [DEBUG]  STREAM b'IHDR' 16 13
2024-09-09 11:44:42,670 [DEBUG]  STREAM b'IDAT' 41 65536
2024-09-09 11:44:42,674 [DEBUG]  STREAM b'IHDR' 16 13
2024-09-09 11:44:42,674 [DEBUG]  STREAM b'IDAT' 41 65536
2024-09-09 11:44:42,679 [DEBUG]  STREAM b'IHDR' 16 13
2024-09-09 11:44:42,679 [DEBUG]  STREAM b'IDAT' 41 65536
2024-09-09 11:44:42,685 [DEBUG]  STREAM b'IHDR' 16 13
2024-09-09 11:44:42,685 [DEBUG]  STREAM b'IDAT' 41 65536
2024-09-09 11:44:42,689 [DEBUG]  STREAM b'IHDR' 16 13
2024-09-09 11:44:42,689 [DEBUG]  STREAM b'IDAT' 41 65536
2024-09-09 11:44:42,693 [DEBUG]  STREAM b'IHDR' 16 13
2024-09-09 11:44:42,693 [DEBUG]  STREAM b'IDAT' 41 65536
2024-09-09 11:44:42,697 [DEBUG]  STREAM b'IHDR' 16 13
2024-09-09 11:44:42,698 [DEBUG]  STREAM b'IDAT' 41 65536
2024-09-09 11:44:42,703 [DEBUG]  STREAM b'IHDR' 16 13
2024-09-09 11:44:42,703 [DEBUG]  STREAM b'IDAT' 41 65536
2024-09-09 11:44:42,708 [DEBUG]  STREAM b'IHDR' 16 13
2024-09-09 11:44:42,708 [DEBUG]  STREAM b'IDAT' 41 65536
2024-09-09 11:44:42,712 [DEBUG]  STREAM b'IHDR' 16 13
2024-09-09 11:44:42,712 [DEBUG]  STREAM b'IDAT' 41 65536
2024-09-09 11:44:42,717 [DEBUG]  STREAM b'IHDR' 16 13
2024-09-09 11:44:42,717 [DEBUG]  STREAM b'IDAT' 41 65536
2024-09-09 11:44:42,723 [DEBUG]  STREAM b'IHDR' 16 13
2024-09-09 11:44:42,723 [DEBUG]  STREAM b'IDAT' 41 65536
2024-09-09 11:44:42,727 [DEBUG]  STREAM b'IHDR' 16 13
2024-09-09 11:44:42,727 [DEBUG]  STREAM b'IDAT' 41 65536
2024-09-09 11:44:42,732 [DEBUG]  STREAM b'IHDR' 16 13
2024-09-09 11:44:42,732 [DEBUG]  STREAM b'IDAT' 41 65536
2024-09-09 11:44:42,736 [DEBUG]  STREAM b'IHDR' 16 13
2024-09-09 11:44:42,736 [DEBUG]  STREAM b'IDAT' 41 65536
2024-09-09 11:44:42,741 [DEBUG]  STREAM b'IHDR' 16 13
2024-09-09 11:44:42,741 [DEBUG]  STREAM b'IDAT' 41 65536
2024-09-09 11:44:42,746 [DEBUG]  STREAM b'IHDR' 16 13
2024-09-09 11:44:42,746 [DEBUG]  STREAM b'IDAT' 41 65536
2024-09-09 11:44:42,750 [DEBUG]  STREAM b'IHDR' 16 13
2024-09-09 11:44:42,750 [DEBUG]  STREAM b'IDAT' 41 65536
2024-09-09 11:44:42,754 [DEBUG]  STREAM b'IHDR' 16 13
2024-09-09 11:44:42,754 [DEBUG]  STREAM b'IDAT' 41 65536
2024-09-09 11:44:42,760 [DEBUG]  STREAM b'IHDR' 16 13
2024-09-09 11:44:42,760 [DEBUG]  STREAM b'IDAT' 41 65536
2024-09-09 11:44:42,765 [DEBUG]  STREAM b'IHDR' 16 13
2024-09-09 11:44:42,765 [DEBUG]  STREAM b'IDAT' 41 65536
2024-09-09 11:44:42,769 [DEBUG]  STREAM b'IHDR' 16 13
2024-09-09 11:44:42,769 [DEBUG]  STREAM b'IDAT' 41 65536
2024-09-09 11:44:42,774 [DEBUG]  STREAM b'IHDR' 16 13
2024-09-09 11:44:42,774 [DEBUG]  STREAM b'IDAT' 41 65536
2024-09-09 11:44:42,785 [DEBUG]  GraphTrial.log 648.326 visit state = 10
2024-09-09 11:44:42,790 [DEBUG]  GraphTrial.log 648.331 start flip_time = 648.331164875
2024-09-09 11:44:42,795 [DEBUG]  GraphTrial.log 648.336 get move selected = 9
2024-09-09 11:44:43,492 [DEBUG]  GraphTrial.log 649.033 switch selected = 6
2024-09-09 11:44:44,419 [DEBUG]  GraphTrial.log 649.960 select selected = 6
2024-09-09 11:44:44,419 [DEBUG]  GraphTrial.log 649.960 visit state = 6
2024-09-09 11:44:44,428 [DEBUG]  GraphTrial.log 649.969 get move selected = 3
2024-09-09 11:44:45,171 [DEBUG]  GraphTrial.log 650.712 select selected = 3
2024-09-09 11:44:45,171 [DEBUG]  GraphTrial.log 650.712 visit state = 3
2024-09-09 11:44:47,027 [DEBUG]  GraphTrial.log 652.568 done 
2024-09-09 11:44:47,027 [INFO]  end trial [{"time": 646.592478791667, "event": "begin drift_check"}, {"time": 647.967378041667, "event": "initialize", "status": null}, {"time": 647.967691291667, "event": "start recording"}, {"time": 648.0918698333335, "event": "show graph"}, {"time": 648.3256153749999, "event": "visit", "state": 10}, {"time": 648.3311939999999, "event": "start", "flip_time": 648.331164875}, {"time": 648.336000166667, "event": "get move", "selected": 9}, {"time": 649.0329332916667, "event": "switch", "selected": 6}, {"time": 649.9601873333331, "event": "select", "selected": 6}, {"time": 649.9602792916667, "event": "visit", "state": 6}, {"time": 649.9686052083334, "event": "get move", "selected": 3}, {"time": 650.7121303333333, "event": "select", "selected": 3}, {"time": 650.712194875, "event": "visit", "state": 3}, {"time": 652.567554875, "event": "done"}]
2024-09-09 11:44:47,027 [INFO]  stop_recording
2024-09-09 11:44:47,044 [INFO]  gt.status is None
2024-09-09 11:44:47,044 [DEBUG]  add bonus points 8 (total = 138)
2024-09-09 11:44:47,044 [INFO]  Trial 28 of 260
2024-09-09 11:44:48,587 [INFO]  begin trial {"kind": "GraphTrial", "graph": [[], [], [10, 4], [2, 10], [], [7, 9], [], [0, 8], [], [6, 1], []], "rewards": [-4, -3, -1, 3, 4, null, 0, -2, 4, 0, 4], "reward_info": {"-4": {"desc": "pattern_1", "image": "images[0]"}, "-3": {"desc": "pattern_2", "image": "images[1]"}, "-2": {"desc": "pattern_3", "image": "images[2]"}, "-1": {"desc": "pattern_4", "image": "images[3]"}, "0": {"desc": "pattern_5", "image": "images[4]"}, "1": {"desc": "pattern_6", "image": "images[5]"}, "2": {"desc": "pattern_7", "image": "images[6]"}, "3": {"desc": "pattern_8", "image": "images[7]"}, "4": {"desc": "pattern_9", "image": "images[8]"}}, "initial_stage": "planning", "hide_states": false, "hide_rewards_while_acting": false, "hide_edges_while_acting": false, "gaze_contingent": false, "gaze_tolerance": 1.5, "fixation_lag": 0.5, "start": 5}
2024-09-09 11:44:48,587 [INFO]  <eyetracking.EyeLink object at 0x3177c5370>
2024-09-09 11:44:48,588 [DEBUG]  GraphTrial.log 654.128 begin drift_check 
2024-09-09 11:44:49,596 [DEBUG]  GraphTrial.log 655.137 initialize status = None
2024-09-09 11:44:49,597 [DEBUG]  GraphTrial.log 655.138 start recording 
2024-09-09 11:44:49,597 [INFO]  start_recording
2024-09-09 11:44:49,721 [DEBUG]  GraphTrial.log 655.262 show graph 
2024-09-09 11:44:49,729 [DEBUG]  STREAM b'IHDR' 16 13
2024-09-09 11:44:49,730 [DEBUG]  STREAM b'IDAT' 41 65536
2024-09-09 11:44:49,742 [DEBUG]  STREAM b'IHDR' 16 13
2024-09-09 11:44:49,742 [DEBUG]  STREAM b'IDAT' 41 65536
2024-09-09 11:44:49,752 [DEBUG]  STREAM b'IHDR' 16 13
2024-09-09 11:44:49,752 [DEBUG]  STREAM b'IDAT' 41 65536
2024-09-09 11:44:49,760 [DEBUG]  STREAM b'IHDR' 16 13
2024-09-09 11:44:49,760 [DEBUG]  STREAM b'IDAT' 41 65536
2024-09-09 11:44:49,770 [DEBUG]  STREAM b'IHDR' 16 13
2024-09-09 11:44:49,770 [DEBUG]  STREAM b'IDAT' 41 65536
2024-09-09 11:44:49,777 [DEBUG]  STREAM b'IHDR' 16 13
2024-09-09 11:44:49,777 [DEBUG]  STREAM b'IDAT' 41 65536
2024-09-09 11:44:49,783 [DEBUG]  STREAM b'IHDR' 16 13
2024-09-09 11:44:49,783 [DEBUG]  STREAM b'IDAT' 41 65536
2024-09-09 11:44:49,788 [DEBUG]  STREAM b'IHDR' 16 13
2024-09-09 11:44:49,788 [DEBUG]  STREAM b'IDAT' 41 65536
2024-09-09 11:44:49,795 [DEBUG]  STREAM b'IHDR' 16 13
2024-09-09 11:44:49,795 [DEBUG]  STREAM b'IDAT' 41 65536
2024-09-09 11:44:49,800 [DEBUG]  STREAM b'IHDR' 16 13
2024-09-09 11:44:49,800 [DEBUG]  STREAM b'IDAT' 41 65536
2024-09-09 11:44:49,804 [DEBUG]  STREAM b'IHDR' 16 13
2024-09-09 11:44:49,804 [DEBUG]  STREAM b'IDAT' 41 65536
2024-09-09 11:44:49,809 [DEBUG]  STREAM b'IHDR' 16 13
2024-09-09 11:44:49,809 [DEBUG]  STREAM b'IDAT' 41 65536
2024-09-09 11:44:49,815 [DEBUG]  STREAM b'IHDR' 16 13
2024-09-09 11:44:49,815 [DEBUG]  STREAM b'IDAT' 41 65536
2024-09-09 11:44:49,820 [DEBUG]  STREAM b'IHDR' 16 13
2024-09-09 11:44:49,820 [DEBUG]  STREAM b'IDAT' 41 65536
2024-09-09 11:44:49,824 [DEBUG]  STREAM b'IHDR' 16 13
2024-09-09 11:44:49,824 [DEBUG]  STREAM b'IDAT' 41 65536
2024-09-09 11:44:49,829 [DEBUG]  STREAM b'IHDR' 16 13
2024-09-09 11:44:49,829 [DEBUG]  STREAM b'IDAT' 41 65536
2024-09-09 11:44:49,835 [DEBUG]  STREAM b'IHDR' 16 13
2024-09-09 11:44:49,835 [DEBUG]  STREAM b'IDAT' 41 65536
2024-09-09 11:44:49,839 [DEBUG]  STREAM b'IHDR' 16 13
2024-09-09 11:44:49,839 [DEBUG]  STREAM b'IDAT' 41 65536
2024-09-09 11:44:49,844 [DEBUG]  STREAM b'IHDR' 16 13
2024-09-09 11:44:49,844 [DEBUG]  STREAM b'IDAT' 41 65536
2024-09-09 11:44:49,848 [DEBUG]  STREAM b'IHDR' 16 13
2024-09-09 11:44:49,848 [DEBUG]  STREAM b'IDAT' 41 65536
2024-09-09 11:44:49,855 [DEBUG]  STREAM b'IHDR' 16 13
2024-09-09 11:44:49,855 [DEBUG]  STREAM b'IDAT' 41 65536
2024-09-09 11:44:49,860 [DEBUG]  STREAM b'IHDR' 16 13
2024-09-09 11:44:49,860 [DEBUG]  STREAM b'IDAT' 41 65536
2024-09-09 11:44:49,864 [DEBUG]  STREAM b'IHDR' 16 13
2024-09-09 11:44:49,864 [DEBUG]  STREAM b'IDAT' 41 65536
2024-09-09 11:44:49,868 [DEBUG]  STREAM b'IHDR' 16 13
2024-09-09 11:44:49,868 [DEBUG]  STREAM b'IDAT' 41 65536
2024-09-09 11:44:49,873 [DEBUG]  STREAM b'IHDR' 16 13
2024-09-09 11:44:49,873 [DEBUG]  STREAM b'IDAT' 41 65536
2024-09-09 11:44:49,878 [DEBUG]  STREAM b'IHDR' 16 13
2024-09-09 11:44:49,878 [DEBUG]  STREAM b'IDAT' 41 65536
2024-09-09 11:44:49,882 [DEBUG]  STREAM b'IHDR' 16 13
2024-09-09 11:44:49,882 [DEBUG]  STREAM b'IDAT' 41 65536
2024-09-09 11:44:49,886 [DEBUG]  STREAM b'IHDR' 16 13
2024-09-09 11:44:49,886 [DEBUG]  STREAM b'IDAT' 41 65536
2024-09-09 11:44:49,891 [DEBUG]  STREAM b'IHDR' 16 13
2024-09-09 11:44:49,891 [DEBUG]  STREAM b'IDAT' 41 65536
2024-09-09 11:44:49,896 [DEBUG]  STREAM b'IHDR' 16 13
2024-09-09 11:44:49,896 [DEBUG]  STREAM b'IDAT' 41 65536
2024-09-09 11:44:49,900 [DEBUG]  STREAM b'IHDR' 16 13
2024-09-09 11:44:49,900 [DEBUG]  STREAM b'IDAT' 41 65536
2024-09-09 11:44:49,905 [DEBUG]  STREAM b'IHDR' 16 13
2024-09-09 11:44:49,905 [DEBUG]  STREAM b'IDAT' 41 65536
2024-09-09 11:44:49,911 [DEBUG]  STREAM b'IHDR' 16 13
2024-09-09 11:44:49,911 [DEBUG]  STREAM b'IDAT' 41 65536
2024-09-09 11:44:49,915 [DEBUG]  STREAM b'IHDR' 16 13
2024-09-09 11:44:49,915 [DEBUG]  STREAM b'IDAT' 41 65536
2024-09-09 11:44:49,919 [DEBUG]  STREAM b'IHDR' 16 13
2024-09-09 11:44:49,919 [DEBUG]  STREAM b'IDAT' 41 65536
2024-09-09 11:44:49,923 [DEBUG]  STREAM b'IHDR' 16 13
2024-09-09 11:44:49,923 [DEBUG]  STREAM b'IDAT' 41 65536
2024-09-09 11:44:49,929 [DEBUG]  STREAM b'IHDR' 16 13
2024-09-09 11:44:49,929 [DEBUG]  STREAM b'IDAT' 41 65536
2024-09-09 11:44:49,933 [DEBUG]  STREAM b'IHDR' 16 13
2024-09-09 11:44:49,933 [DEBUG]  STREAM b'IDAT' 41 65536
2024-09-09 11:44:49,938 [DEBUG]  STREAM b'IHDR' 16 13
2024-09-09 11:44:49,938 [DEBUG]  STREAM b'IDAT' 41 65536
2024-09-09 11:44:49,942 [DEBUG]  STREAM b'IHDR' 16 13
2024-09-09 11:44:49,942 [DEBUG]  STREAM b'IDAT' 41 65536
2024-09-09 11:44:49,952 [DEBUG]  GraphTrial.log 655.493 visit state = 5
2024-09-09 11:44:49,958 [DEBUG]  GraphTrial.log 655.498 start flip_time = 655.4984293333332
2024-09-09 11:44:49,963 [DEBUG]  GraphTrial.log 655.504 get move selected = 9
2024-09-09 11:44:50,724 [DEBUG]  GraphTrial.log 656.265 switch selected = 7
2024-09-09 11:44:52,260 [DEBUG]  GraphTrial.log 657.800 switch selected = 9
2024-09-09 11:44:55,044 [DEBUG]  GraphTrial.log 660.584 switch selected = 7
2024-09-09 11:44:55,419 [DEBUG]  GraphTrial.log 660.960 select selected = 7
2024-09-09 11:44:55,419 [DEBUG]  GraphTrial.log 660.960 visit state = 7
2024-09-09 11:44:55,428 [DEBUG]  GraphTrial.log 660.969 get move selected = 8
2024-09-09 11:44:55,875 [DEBUG]  GraphTrial.log 661.416 select selected = 8
2024-09-09 11:44:55,875 [DEBUG]  GraphTrial.log 661.416 visit state = 8
2024-09-09 11:44:57,741 [DEBUG]  GraphTrial.log 663.282 done 
2024-09-09 11:44:57,741 [INFO]  end trial [{"time": 654.1283800416668, "event": "begin drift_check"}, {"time": 655.1372149166668, "event": "initialize", "status": null}, {"time": 655.137758375, "event": "start recording"}, {"time": 655.2621992499999, "event": "show graph"}, {"time": 655.4929856666668, "event": "visit", "state": 5}, {"time": 655.4984485416667, "event": "start", "flip_time": 655.4984293333332}, {"time": 655.5038970416667, "event": "get move", "selected": 9}, {"time": 656.2646796666668, "event": "switch", "selected": 7}, {"time": 657.8004093749996, "event": "switch", "selected": 9}, {"time": 660.5844418333331, "event": "switch", "selected": 7}, {"time": 660.9598231666669, "event": "select", "selected": 7}, {"time": 660.9598891666669, "event": "visit", "state": 7}, {"time": 660.9690702499997, "event": "get move", "selected": 8}, {"time": 661.415795375, "event": "select", "selected": 8}, {"time": 661.4158530833333, "event": "visit", "state": 8}, {"time": 663.2819959583335, "event": "done"}]
2024-09-09 11:44:57,741 [INFO]  stop_recording
2024-09-09 11:44:57,758 [INFO]  gt.status is None
2024-09-09 11:44:57,758 [DEBUG]  add bonus points 2 (total = 140)
2024-09-09 11:44:57,758 [INFO]  Trial 29 of 260
2024-09-09 11:44:59,003 [INFO]  begin trial {"kind": "GraphTrial", "graph": [[2], [8, 6], [], [10, 5], [], [], [7], [], [4, 9], [], [5, 0]], "rewards": [1, null, 3, 0, -4, 2, 4, 4, -1, 0, 1], "reward_info": {"-4": {"desc": "pattern_1", "image": "images[0]"}, "-3": {"desc": "pattern_2", "image": "images[1]"}, "-2": {"desc": "pattern_3", "image": "images[2]"}, "-1": {"desc": "pattern_4", "image": "images[3]"}, "0": {"desc": "pattern_5", "image": "images[4]"}, "1": {"desc": "pattern_6", "image": "images[5]"}, "2": {"desc": "pattern_7", "image": "images[6]"}, "3": {"desc": "pattern_8", "image": "images[7]"}, "4": {"desc": "pattern_9", "image": "images[8]"}}, "initial_stage": "planning", "hide_states": false, "hide_rewards_while_acting": false, "hide_edges_while_acting": false, "gaze_contingent": false, "gaze_tolerance": 1.5, "fixation_lag": 0.5, "start": 1}
2024-09-09 11:44:59,004 [INFO]  <eyetracking.EyeLink object at 0x3177c5370>
2024-09-09 11:44:59,004 [DEBUG]  GraphTrial.log 664.544 begin drift_check 
2024-09-09 11:45:00,295 [DEBUG]  GraphTrial.log 665.836 initialize status = None
2024-09-09 11:45:00,295 [DEBUG]  GraphTrial.log 665.836 start recording 
2024-09-09 11:45:00,296 [INFO]  start_recording
2024-09-09 11:45:00,420 [DEBUG]  GraphTrial.log 665.961 show graph 
2024-09-09 11:45:00,429 [DEBUG]  STREAM b'IHDR' 16 13
2024-09-09 11:45:00,429 [DEBUG]  STREAM b'IDAT' 41 65536
2024-09-09 11:45:00,441 [DEBUG]  STREAM b'IHDR' 16 13
2024-09-09 11:45:00,441 [DEBUG]  STREAM b'IDAT' 41 65536
2024-09-09 11:45:00,452 [DEBUG]  STREAM b'IHDR' 16 13
2024-09-09 11:45:00,452 [DEBUG]  STREAM b'IDAT' 41 65536
2024-09-09 11:45:00,460 [DEBUG]  STREAM b'IHDR' 16 13
2024-09-09 11:45:00,460 [DEBUG]  STREAM b'IDAT' 41 65536
2024-09-09 11:45:00,471 [DEBUG]  STREAM b'IHDR' 16 13
2024-09-09 11:45:00,471 [DEBUG]  STREAM b'IDAT' 41 65536
2024-09-09 11:45:00,478 [DEBUG]  STREAM b'IHDR' 16 13
2024-09-09 11:45:00,478 [DEBUG]  STREAM b'IDAT' 41 65536
2024-09-09 11:45:00,484 [DEBUG]  STREAM b'IHDR' 16 13
2024-09-09 11:45:00,484 [DEBUG]  STREAM b'IDAT' 41 65536
2024-09-09 11:45:00,490 [DEBUG]  STREAM b'IHDR' 16 13
2024-09-09 11:45:00,490 [DEBUG]  STREAM b'IDAT' 41 65536
2024-09-09 11:45:00,497 [DEBUG]  STREAM b'IHDR' 16 13
2024-09-09 11:45:00,497 [DEBUG]  STREAM b'IDAT' 41 65536
2024-09-09 11:45:00,502 [DEBUG]  STREAM b'IHDR' 16 13
2024-09-09 11:45:00,502 [DEBUG]  STREAM b'IDAT' 41 65536
2024-09-09 11:45:00,507 [DEBUG]  STREAM b'IHDR' 16 13
2024-09-09 11:45:00,507 [DEBUG]  STREAM b'IDAT' 41 65536
2024-09-09 11:45:00,512 [DEBUG]  STREAM b'IHDR' 16 13
2024-09-09 11:45:00,512 [DEBUG]  STREAM b'IDAT' 41 65536
2024-09-09 11:45:00,518 [DEBUG]  STREAM b'IHDR' 16 13
2024-09-09 11:45:00,518 [DEBUG]  STREAM b'IDAT' 41 65536
2024-09-09 11:45:00,522 [DEBUG]  STREAM b'IHDR' 16 13
2024-09-09 11:45:00,522 [DEBUG]  STREAM b'IDAT' 41 65536
2024-09-09 11:45:00,526 [DEBUG]  STREAM b'IHDR' 16 13
2024-09-09 11:45:00,526 [DEBUG]  STREAM b'IDAT' 41 65536
2024-09-09 11:45:00,531 [DEBUG]  STREAM b'IHDR' 16 13
2024-09-09 11:45:00,531 [DEBUG]  STREAM b'IDAT' 41 65536
2024-09-09 11:45:00,536 [DEBUG]  STREAM b'IHDR' 16 13
2024-09-09 11:45:00,536 [DEBUG]  STREAM b'IDAT' 41 65536
2024-09-09 11:45:00,541 [DEBUG]  STREAM b'IHDR' 16 13
2024-09-09 11:45:00,541 [DEBUG]  STREAM b'IDAT' 41 65536
2024-09-09 11:45:00,545 [DEBUG]  STREAM b'IHDR' 16 13
2024-09-09 11:45:00,545 [DEBUG]  STREAM b'IDAT' 41 65536
2024-09-09 11:45:00,549 [DEBUG]  STREAM b'IHDR' 16 13
2024-09-09 11:45:00,549 [DEBUG]  STREAM b'IDAT' 41 65536
2024-09-09 11:45:00,555 [DEBUG]  STREAM b'IHDR' 16 13
2024-09-09 11:45:00,555 [DEBUG]  STREAM b'IDAT' 41 65536
2024-09-09 11:45:00,559 [DEBUG]  STREAM b'IHDR' 16 13
2024-09-09 11:45:00,559 [DEBUG]  STREAM b'IDAT' 41 65536
2024-09-09 11:45:00,564 [DEBUG]  STREAM b'IHDR' 16 13
2024-09-09 11:45:00,564 [DEBUG]  STREAM b'IDAT' 41 65536
2024-09-09 11:45:00,568 [DEBUG]  STREAM b'IHDR' 16 13
2024-09-09 11:45:00,568 [DEBUG]  STREAM b'IDAT' 41 65536
2024-09-09 11:45:00,574 [DEBUG]  STREAM b'IHDR' 16 13
2024-09-09 11:45:00,574 [DEBUG]  STREAM b'IDAT' 41 65536
2024-09-09 11:45:00,579 [DEBUG]  STREAM b'IHDR' 16 13
2024-09-09 11:45:00,579 [DEBUG]  STREAM b'IDAT' 41 65536
2024-09-09 11:45:00,583 [DEBUG]  STREAM b'IHDR' 16 13
2024-09-09 11:45:00,583 [DEBUG]  STREAM b'IDAT' 41 65536
2024-09-09 11:45:00,587 [DEBUG]  STREAM b'IHDR' 16 13
2024-09-09 11:45:00,587 [DEBUG]  STREAM b'IDAT' 41 65536
2024-09-09 11:45:00,593 [DEBUG]  STREAM b'IHDR' 16 13
2024-09-09 11:45:00,593 [DEBUG]  STREAM b'IDAT' 41 65536
2024-09-09 11:45:00,597 [DEBUG]  STREAM b'IHDR' 16 13
2024-09-09 11:45:00,597 [DEBUG]  STREAM b'IDAT' 41 65536
2024-09-09 11:45:00,601 [DEBUG]  STREAM b'IHDR' 16 13
2024-09-09 11:45:00,601 [DEBUG]  STREAM b'IDAT' 41 65536
2024-09-09 11:45:00,605 [DEBUG]  STREAM b'IHDR' 16 13
2024-09-09 11:45:00,605 [DEBUG]  STREAM b'IDAT' 41 65536
2024-09-09 11:45:00,611 [DEBUG]  STREAM b'IHDR' 16 13
2024-09-09 11:45:00,611 [DEBUG]  STREAM b'IDAT' 41 65536
2024-09-09 11:45:00,615 [DEBUG]  STREAM b'IHDR' 16 13
2024-09-09 11:45:00,615 [DEBUG]  STREAM b'IDAT' 41 65536
2024-09-09 11:45:00,619 [DEBUG]  STREAM b'IHDR' 16 13
2024-09-09 11:45:00,619 [DEBUG]  STREAM b'IDAT' 41 65536
2024-09-09 11:45:00,623 [DEBUG]  STREAM b'IHDR' 16 13
2024-09-09 11:45:00,623 [DEBUG]  STREAM b'IDAT' 41 65536
2024-09-09 11:45:00,629 [DEBUG]  STREAM b'IHDR' 16 13
2024-09-09 11:45:00,629 [DEBUG]  STREAM b'IDAT' 41 65536
2024-09-09 11:45:00,633 [DEBUG]  STREAM b'IHDR' 16 13
2024-09-09 11:45:00,633 [DEBUG]  STREAM b'IDAT' 41 65536
2024-09-09 11:45:00,637 [DEBUG]  STREAM b'IHDR' 16 13
2024-09-09 11:45:00,637 [DEBUG]  STREAM b'IDAT' 41 65536
2024-09-09 11:45:00,641 [DEBUG]  STREAM b'IHDR' 16 13
2024-09-09 11:45:00,641 [DEBUG]  STREAM b'IDAT' 41 65536
2024-09-09 11:45:00,651 [DEBUG]  GraphTrial.log 666.192 visit state = 1
2024-09-09 11:45:00,656 [DEBUG]  GraphTrial.log 666.197 start flip_time = 666.1970944999998
2024-09-09 11:45:00,661 [DEBUG]  GraphTrial.log 666.202 get move selected = 8
2024-09-09 11:45:01,420 [DEBUG]  GraphTrial.log 666.961 switch selected = 6
2024-09-09 11:45:02,227 [DEBUG]  GraphTrial.log 667.768 select selected = 6
2024-09-09 11:45:02,227 [DEBUG]  GraphTrial.log 667.768 visit state = 6
2024-09-09 11:45:02,237 [DEBUG]  GraphTrial.log 667.778 get move selected = 7
2024-09-09 11:45:02,587 [DEBUG]  GraphTrial.log 668.128 select selected = 7
2024-09-09 11:45:02,587 [DEBUG]  GraphTrial.log 668.128 visit state = 7
2024-09-09 11:45:04,443 [DEBUG]  GraphTrial.log 669.984 done 
2024-09-09 11:45:04,443 [INFO]  end trial [{"time": 664.5444085833333, "event": "begin drift_check"}, {"time": 665.8358925833331, "event": "initialize", "status": null}, {"time": 665.836188625, "event": "start recording"}, {"time": 665.9606637499996, "event": "show graph"}, {"time": 666.1916572916666, "event": "visit", "state": 1}, {"time": 666.197111, "event": "start", "flip_time": 666.1970944999998}, {"time": 666.2017558749999, "event": "get move", "selected": 8}, {"time": 666.9607176666668, "event": "switch", "selected": 6}, {"time": 667.7680493749999, "event": "select", "selected": 6}, {"time": 667.7681159999997, "event": "visit", "state": 6}, {"time": 667.7775758749999, "event": "get move", "selected": 7}, {"time": 668.1278732916667, "event": "select", "selected": 7}, {"time": 668.127942791667, "event": "visit", "state": 7}, {"time": 669.984158875, "event": "done"}]
2024-09-09 11:45:04,444 [INFO]  stop_recording
2024-09-09 11:45:04,459 [INFO]  gt.status is None
2024-09-09 11:45:04,459 [DEBUG]  add bonus points 8 (total = 148)
2024-09-09 11:45:04,459 [INFO]  Trial 30 of 260
2024-09-09 11:45:05,243 [INFO]  begin trial {"kind": "GraphTrial", "graph": [[], [], [], [5, 9], [2, 0], [], [4, 7], [1, 10], [3, 5], [], []], "rewards": [3, 4, 0, 3, 4, 1, null, 1, 4, -2, 2], "reward_info": {"-4": {"desc": "pattern_1", "image": "images[0]"}, "-3": {"desc": "pattern_2", "image": "images[1]"}, "-2": {"desc": "pattern_3", "image": "images[2]"}, "-1": {"desc": "pattern_4", "image": "images[3]"}, "0": {"desc": "pattern_5", "image": "images[4]"}, "1": {"desc": "pattern_6", "image": "images[5]"}, "2": {"desc": "pattern_7", "image": "images[6]"}, "3": {"desc": "pattern_8", "image": "images[7]"}, "4": {"desc": "pattern_9", "image": "images[8]"}}, "initial_stage": "planning", "hide_states": false, "hide_rewards_while_acting": false, "hide_edges_while_acting": false, "gaze_contingent": false, "gaze_tolerance": 1.5, "fixation_lag": 0.5, "start": 6}
2024-09-09 11:45:05,243 [INFO]  <eyetracking.EyeLink object at 0x3177c5370>
2024-09-09 11:45:05,244 [DEBUG]  GraphTrial.log 670.784 begin drift_check 
2024-09-09 11:45:06,644 [DEBUG]  GraphTrial.log 672.184 initialize status = None
2024-09-09 11:45:06,644 [DEBUG]  GraphTrial.log 672.185 start recording 
2024-09-09 11:45:06,644 [INFO]  start_recording
2024-09-09 11:45:06,769 [DEBUG]  GraphTrial.log 672.309 show graph 
2024-09-09 11:45:06,777 [DEBUG]  STREAM b'IHDR' 16 13
2024-09-09 11:45:06,777 [DEBUG]  STREAM b'IDAT' 41 65536
2024-09-09 11:45:06,790 [DEBUG]  STREAM b'IHDR' 16 13
2024-09-09 11:45:06,790 [DEBUG]  STREAM b'IDAT' 41 65536
2024-09-09 11:45:06,801 [DEBUG]  STREAM b'IHDR' 16 13
2024-09-09 11:45:06,801 [DEBUG]  STREAM b'IDAT' 41 65536
2024-09-09 11:45:06,809 [DEBUG]  STREAM b'IHDR' 16 13
2024-09-09 11:45:06,809 [DEBUG]  STREAM b'IDAT' 41 65536
2024-09-09 11:45:06,819 [DEBUG]  STREAM b'IHDR' 16 13
2024-09-09 11:45:06,819 [DEBUG]  STREAM b'IDAT' 41 65536
2024-09-09 11:45:06,826 [DEBUG]  STREAM b'IHDR' 16 13
2024-09-09 11:45:06,826 [DEBUG]  STREAM b'IDAT' 41 65536
2024-09-09 11:45:06,832 [DEBUG]  STREAM b'IHDR' 16 13
2024-09-09 11:45:06,832 [DEBUG]  STREAM b'IDAT' 41 65536
2024-09-09 11:45:06,838 [DEBUG]  STREAM b'IHDR' 16 13
2024-09-09 11:45:06,838 [DEBUG]  STREAM b'IDAT' 41 65536
2024-09-09 11:45:06,845 [DEBUG]  STREAM b'IHDR' 16 13
2024-09-09 11:45:06,845 [DEBUG]  STREAM b'IDAT' 41 65536
2024-09-09 11:45:06,850 [DEBUG]  STREAM b'IHDR' 16 13
2024-09-09 11:45:06,850 [DEBUG]  STREAM b'IDAT' 41 65536
2024-09-09 11:45:06,855 [DEBUG]  STREAM b'IHDR' 16 13
2024-09-09 11:45:06,855 [DEBUG]  STREAM b'IDAT' 41 65536
2024-09-09 11:45:06,860 [DEBUG]  STREAM b'IHDR' 16 13
2024-09-09 11:45:06,860 [DEBUG]  STREAM b'IDAT' 41 65536
2024-09-09 11:45:06,866 [DEBUG]  STREAM b'IHDR' 16 13
2024-09-09 11:45:06,866 [DEBUG]  STREAM b'IDAT' 41 65536
2024-09-09 11:45:06,870 [DEBUG]  STREAM b'IHDR' 16 13
2024-09-09 11:45:06,870 [DEBUG]  STREAM b'IDAT' 41 65536
2024-09-09 11:45:06,875 [DEBUG]  STREAM b'IHDR' 16 13
2024-09-09 11:45:06,875 [DEBUG]  STREAM b'IDAT' 41 65536
2024-09-09 11:45:06,879 [DEBUG]  STREAM b'IHDR' 16 13
2024-09-09 11:45:06,879 [DEBUG]  STREAM b'IDAT' 41 65536
2024-09-09 11:45:06,885 [DEBUG]  STREAM b'IHDR' 16 13
2024-09-09 11:45:06,885 [DEBUG]  STREAM b'IDAT' 41 65536
2024-09-09 11:45:06,890 [DEBUG]  STREAM b'IHDR' 16 13
2024-09-09 11:45:06,890 [DEBUG]  STREAM b'IDAT' 41 65536
2024-09-09 11:45:06,894 [DEBUG]  STREAM b'IHDR' 16 13
2024-09-09 11:45:06,894 [DEBUG]  STREAM b'IDAT' 41 65536
2024-09-09 11:45:06,899 [DEBUG]  STREAM b'IHDR' 16 13
2024-09-09 11:45:06,899 [DEBUG]  STREAM b'IDAT' 41 65536
2024-09-09 11:45:06,904 [DEBUG]  STREAM b'IHDR' 16 13
2024-09-09 11:45:06,904 [DEBUG]  STREAM b'IDAT' 41 65536
2024-09-09 11:45:06,909 [DEBUG]  STREAM b'IHDR' 16 13
2024-09-09 11:45:06,909 [DEBUG]  STREAM b'IDAT' 41 65536
2024-09-09 11:45:06,913 [DEBUG]  STREAM b'IHDR' 16 13
2024-09-09 11:45:06,913 [DEBUG]  STREAM b'IDAT' 41 65536
2024-09-09 11:45:06,917 [DEBUG]  STREAM b'IHDR' 16 13
2024-09-09 11:45:06,917 [DEBUG]  STREAM b'IDAT' 41 65536
2024-09-09 11:45:06,923 [DEBUG]  STREAM b'IHDR' 16 13
2024-09-09 11:45:06,923 [DEBUG]  STREAM b'IDAT' 41 65536
2024-09-09 11:45:06,927 [DEBUG]  STREAM b'IHDR' 16 13
2024-09-09 11:45:06,927 [DEBUG]  STREAM b'IDAT' 41 65536
2024-09-09 11:45:06,932 [DEBUG]  STREAM b'IHDR' 16 13
2024-09-09 11:45:06,932 [DEBUG]  STREAM b'IDAT' 41 65536
2024-09-09 11:45:06,936 [DEBUG]  STREAM b'IHDR' 16 13
2024-09-09 11:45:06,936 [DEBUG]  STREAM b'IDAT' 41 65536
2024-09-09 11:45:06,941 [DEBUG]  STREAM b'IHDR' 16 13
2024-09-09 11:45:06,941 [DEBUG]  STREAM b'IDAT' 41 65536
2024-09-09 11:45:06,946 [DEBUG]  STREAM b'IHDR' 16 13
2024-09-09 11:45:06,946 [DEBUG]  STREAM b'IDAT' 41 65536
2024-09-09 11:45:06,950 [DEBUG]  STREAM b'IHDR' 16 13
2024-09-09 11:45:06,950 [DEBUG]  STREAM b'IDAT' 41 65536
2024-09-09 11:45:06,954 [DEBUG]  STREAM b'IHDR' 16 13
2024-09-09 11:45:06,954 [DEBUG]  STREAM b'IDAT' 41 65536
2024-09-09 11:45:06,960 [DEBUG]  STREAM b'IHDR' 16 13
2024-09-09 11:45:06,960 [DEBUG]  STREAM b'IDAT' 41 65536
2024-09-09 11:45:06,964 [DEBUG]  STREAM b'IHDR' 16 13
2024-09-09 11:45:06,964 [DEBUG]  STREAM b'IDAT' 41 65536
2024-09-09 11:45:06,968 [DEBUG]  STREAM b'IHDR' 16 13
2024-09-09 11:45:06,968 [DEBUG]  STREAM b'IDAT' 41 65536
2024-09-09 11:45:06,972 [DEBUG]  STREAM b'IHDR' 16 13
2024-09-09 11:45:06,972 [DEBUG]  STREAM b'IDAT' 41 65536
2024-09-09 11:45:06,978 [DEBUG]  STREAM b'IHDR' 16 13
2024-09-09 11:45:06,978 [DEBUG]  STREAM b'IDAT' 41 65536
2024-09-09 11:45:06,982 [DEBUG]  STREAM b'IHDR' 16 13
2024-09-09 11:45:06,982 [DEBUG]  STREAM b'IDAT' 41 65536
2024-09-09 11:45:06,987 [DEBUG]  STREAM b'IHDR' 16 13
2024-09-09 11:45:06,987 [DEBUG]  STREAM b'IDAT' 41 65536
2024-09-09 11:45:06,991 [DEBUG]  STREAM b'IHDR' 16 13
2024-09-09 11:45:06,991 [DEBUG]  STREAM b'IDAT' 41 65536
2024-09-09 11:45:07,001 [DEBUG]  GraphTrial.log 672.542 visit state = 6
2024-09-09 11:45:07,007 [DEBUG]  GraphTrial.log 672.547 start flip_time = 672.5473741249998
2024-09-09 11:45:07,011 [DEBUG]  GraphTrial.log 672.552 get move selected = 7
2024-09-09 11:45:09,148 [DEBUG]  GraphTrial.log 674.689 switch selected = 4
2024-09-09 11:45:10,371 [DEBUG]  GraphTrial.log 675.912 select selected = 4
2024-09-09 11:45:10,371 [DEBUG]  GraphTrial.log 675.912 visit state = 4
2024-09-09 11:45:10,392 [DEBUG]  GraphTrial.log 675.933 get move selected = 0
2024-09-09 11:45:10,811 [DEBUG]  GraphTrial.log 676.352 select selected = 0
2024-09-09 11:45:10,811 [DEBUG]  GraphTrial.log 676.352 visit state = 0
2024-09-09 11:45:12,644 [DEBUG]  GraphTrial.log 678.184 done 
2024-09-09 11:45:12,644 [INFO]  end trial [{"time": 670.784316625, "event": "begin drift_check"}, {"time": 672.1843061249997, "event": "initialize", "status": null}, {"time": 672.1846381666669, "event": "start recording"}, {"time": 672.3094059583332, "event": "show graph"}, {"time": 672.542090041667, "event": "visit", "state": 6}, {"time": 672.547392, "event": "start", "flip_time": 672.5473741249998}, {"time": 672.5518941666669, "event": "get move", "selected": 7}, {"time": 674.6888559583335, "event": "switch", "selected": 4}, {"time": 675.91210925, "event": "select", "selected": 4}, {"time": 675.9121905416669, "event": "visit", "state": 4}, {"time": 675.9326499999997, "event": "get move", "selected": 0}, {"time": 676.3518861666666, "event": "select", "selected": 0}, {"time": 676.3519471249997, "event": "visit", "state": 0}, {"time": 678.184367041667, "event": "done"}]
2024-09-09 11:45:12,644 [INFO]  stop_recording
2024-09-09 11:45:12,660 [INFO]  gt.status is None
2024-09-09 11:45:12,660 [DEBUG]  add bonus points 7 (total = 155)
2024-09-09 11:45:12,660 [INFO]  Trial 31 of 260
2024-09-09 11:45:13,147 [INFO]  begin trial {"kind": "GraphTrial", "graph": [[], [], [], [9, 1], [6], [0], [], [2, 10], [7, 5], [1, 4], []], "rewards": [-4, -3, 3, 1, 3, 0, 1, 4, null, -1, -4], "reward_info": {"-4": {"desc": "pattern_1", "image": "images[0]"}, "-3": {"desc": "pattern_2", "image": "images[1]"}, "-2": {"desc": "pattern_3", "image": "images[2]"}, "-1": {"desc": "pattern_4", "image": "images[3]"}, "0": {"desc": "pattern_5", "image": "images[4]"}, "1": {"desc": "pattern_6", "image": "images[5]"}, "2": {"desc": "pattern_7", "image": "images[6]"}, "3": {"desc": "pattern_8", "image": "images[7]"}, "4": {"desc": "pattern_9", "image": "images[8]"}}, "initial_stage": "planning", "hide_states": false, "hide_rewards_while_acting": false, "hide_edges_while_acting": false, "gaze_contingent": false, "gaze_tolerance": 1.5, "fixation_lag": 0.5, "start": 8}
2024-09-09 11:45:13,148 [INFO]  <eyetracking.EyeLink object at 0x3177c5370>
2024-09-09 11:45:13,148 [DEBUG]  GraphTrial.log 678.688 begin drift_check 
2024-09-09 11:45:14,494 [DEBUG]  GraphTrial.log 680.034 initialize status = None
2024-09-09 11:45:14,494 [DEBUG]  GraphTrial.log 680.035 start recording 
2024-09-09 11:45:14,494 [INFO]  start_recording
2024-09-09 11:45:14,619 [DEBUG]  GraphTrial.log 680.160 show graph 
2024-09-09 11:45:14,627 [DEBUG]  STREAM b'IHDR' 16 13
2024-09-09 11:45:14,627 [DEBUG]  STREAM b'IDAT' 41 65536
2024-09-09 11:45:14,640 [DEBUG]  STREAM b'IHDR' 16 13
2024-09-09 11:45:14,640 [DEBUG]  STREAM b'IDAT' 41 65536
2024-09-09 11:45:14,650 [DEBUG]  STREAM b'IHDR' 16 13
2024-09-09 11:45:14,650 [DEBUG]  STREAM b'IDAT' 41 65536
2024-09-09 11:45:14,658 [DEBUG]  STREAM b'IHDR' 16 13
2024-09-09 11:45:14,658 [DEBUG]  STREAM b'IDAT' 41 65536
2024-09-09 11:45:14,668 [DEBUG]  STREAM b'IHDR' 16 13
2024-09-09 11:45:14,668 [DEBUG]  STREAM b'IDAT' 41 65536
2024-09-09 11:45:14,674 [DEBUG]  STREAM b'IHDR' 16 13
2024-09-09 11:45:14,674 [DEBUG]  STREAM b'IDAT' 41 65536
2024-09-09 11:45:14,680 [DEBUG]  STREAM b'IHDR' 16 13
2024-09-09 11:45:14,680 [DEBUG]  STREAM b'IDAT' 41 65536
2024-09-09 11:45:14,685 [DEBUG]  STREAM b'IHDR' 16 13
2024-09-09 11:45:14,685 [DEBUG]  STREAM b'IDAT' 41 65536
2024-09-09 11:45:14,692 [DEBUG]  STREAM b'IHDR' 16 13
2024-09-09 11:45:14,692 [DEBUG]  STREAM b'IDAT' 41 65536
2024-09-09 11:45:14,698 [DEBUG]  STREAM b'IHDR' 16 13
2024-09-09 11:45:14,698 [DEBUG]  STREAM b'IDAT' 41 65536
2024-09-09 11:45:14,703 [DEBUG]  STREAM b'IHDR' 16 13
2024-09-09 11:45:14,703 [DEBUG]  STREAM b'IDAT' 41 65536
2024-09-09 11:45:14,708 [DEBUG]  STREAM b'IHDR' 16 13
2024-09-09 11:45:14,708 [DEBUG]  STREAM b'IDAT' 41 65536
2024-09-09 11:45:14,714 [DEBUG]  STREAM b'IHDR' 16 13
2024-09-09 11:45:14,714 [DEBUG]  STREAM b'IDAT' 41 65536
2024-09-09 11:45:14,718 [DEBUG]  STREAM b'IHDR' 16 13
2024-09-09 11:45:14,718 [DEBUG]  STREAM b'IDAT' 41 65536
2024-09-09 11:45:14,723 [DEBUG]  STREAM b'IHDR' 16 13
2024-09-09 11:45:14,723 [DEBUG]  STREAM b'IDAT' 41 65536
2024-09-09 11:45:14,727 [DEBUG]  STREAM b'IHDR' 16 13
2024-09-09 11:45:14,727 [DEBUG]  STREAM b'IDAT' 41 65536
2024-09-09 11:45:14,732 [DEBUG]  STREAM b'IHDR' 16 13
2024-09-09 11:45:14,732 [DEBUG]  STREAM b'IDAT' 41 65536
2024-09-09 11:45:14,737 [DEBUG]  STREAM b'IHDR' 16 13
2024-09-09 11:45:14,737 [DEBUG]  STREAM b'IDAT' 41 65536
2024-09-09 11:45:14,741 [DEBUG]  STREAM b'IHDR' 16 13
2024-09-09 11:45:14,741 [DEBUG]  STREAM b'IDAT' 41 65536
2024-09-09 11:45:14,746 [DEBUG]  STREAM b'IHDR' 16 13
2024-09-09 11:45:14,746 [DEBUG]  STREAM b'IDAT' 41 65536
2024-09-09 11:45:14,751 [DEBUG]  STREAM b'IHDR' 16 13
2024-09-09 11:45:14,752 [DEBUG]  STREAM b'IDAT' 41 65536
2024-09-09 11:45:14,756 [DEBUG]  STREAM b'IHDR' 16 13
2024-09-09 11:45:14,756 [DEBUG]  STREAM b'IDAT' 41 65536
2024-09-09 11:45:14,760 [DEBUG]  STREAM b'IHDR' 16 13
2024-09-09 11:45:14,760 [DEBUG]  STREAM b'IDAT' 41 65536
2024-09-09 11:45:14,764 [DEBUG]  STREAM b'IHDR' 16 13
2024-09-09 11:45:14,764 [DEBUG]  STREAM b'IDAT' 41 65536
2024-09-09 11:45:14,770 [DEBUG]  STREAM b'IHDR' 16 13
2024-09-09 11:45:14,770 [DEBUG]  STREAM b'IDAT' 41 65536
2024-09-09 11:45:14,774 [DEBUG]  STREAM b'IHDR' 16 13
2024-09-09 11:45:14,774 [DEBUG]  STREAM b'IDAT' 41 65536
2024-09-09 11:45:14,778 [DEBUG]  STREAM b'IHDR' 16 13
2024-09-09 11:45:14,778 [DEBUG]  STREAM b'IDAT' 41 65536
2024-09-09 11:45:14,782 [DEBUG]  STREAM b'IHDR' 16 13
2024-09-09 11:45:14,782 [DEBUG]  STREAM b'IDAT' 41 65536
2024-09-09 11:45:14,787 [DEBUG]  STREAM b'IHDR' 16 13
2024-09-09 11:45:14,787 [DEBUG]  STREAM b'IDAT' 41 65536
2024-09-09 11:45:14,792 [DEBUG]  STREAM b'IHDR' 16 13
2024-09-09 11:45:14,792 [DEBUG]  STREAM b'IDAT' 41 65536
2024-09-09 11:45:14,797 [DEBUG]  STREAM b'IHDR' 16 13
2024-09-09 11:45:14,797 [DEBUG]  STREAM b'IDAT' 41 65536
2024-09-09 11:45:14,801 [DEBUG]  STREAM b'IHDR' 16 13
2024-09-09 11:45:14,801 [DEBUG]  STREAM b'IDAT' 41 65536
2024-09-09 11:45:14,808 [DEBUG]  STREAM b'IHDR' 16 13
2024-09-09 11:45:14,808 [DEBUG]  STREAM b'IDAT' 41 65536
2024-09-09 11:45:14,812 [DEBUG]  STREAM b'IHDR' 16 13
2024-09-09 11:45:14,812 [DEBUG]  STREAM b'IDAT' 41 65536
2024-09-09 11:45:14,816 [DEBUG]  STREAM b'IHDR' 16 13
2024-09-09 11:45:14,816 [DEBUG]  STREAM b'IDAT' 41 65536
2024-09-09 11:45:14,820 [DEBUG]  STREAM b'IHDR' 16 13
2024-09-09 11:45:14,820 [DEBUG]  STREAM b'IDAT' 41 65536
2024-09-09 11:45:14,825 [DEBUG]  STREAM b'IHDR' 16 13
2024-09-09 11:45:14,825 [DEBUG]  STREAM b'IDAT' 41 65536
2024-09-09 11:45:14,830 [DEBUG]  STREAM b'IHDR' 16 13
2024-09-09 11:45:14,830 [DEBUG]  STREAM b'IDAT' 41 65536
2024-09-09 11:45:14,834 [DEBUG]  STREAM b'IHDR' 16 13
2024-09-09 11:45:14,834 [DEBUG]  STREAM b'IDAT' 41 65536
2024-09-09 11:45:14,838 [DEBUG]  STREAM b'IHDR' 16 13
2024-09-09 11:45:14,838 [DEBUG]  STREAM b'IDAT' 41 65536
2024-09-09 11:45:14,848 [DEBUG]  GraphTrial.log 680.388 visit state = 8
2024-09-09 11:45:14,853 [DEBUG]  GraphTrial.log 680.394 start flip_time = 680.3937034999999
2024-09-09 11:45:14,858 [DEBUG]  GraphTrial.log 680.398 get move selected = 5
2024-09-09 11:45:15,772 [DEBUG]  GraphTrial.log 681.313 switch selected = 7
2024-09-09 11:45:16,723 [DEBUG]  GraphTrial.log 682.264 select selected = 7
2024-09-09 11:45:16,723 [DEBUG]  GraphTrial.log 682.264 visit state = 7
2024-09-09 11:45:16,733 [DEBUG]  GraphTrial.log 682.273 get move selected = 10
2024-09-09 11:45:17,268 [DEBUG]  GraphTrial.log 682.808 switch selected = 2
2024-09-09 11:45:17,755 [DEBUG]  GraphTrial.log 683.296 select selected = 2
2024-09-09 11:45:17,755 [DEBUG]  GraphTrial.log 683.296 visit state = 2
2024-09-09 11:45:19,610 [DEBUG]  GraphTrial.log 685.151 done 
2024-09-09 11:45:19,610 [INFO]  end trial [{"time": 678.6883981249998, "event": "begin drift_check"}, {"time": 680.0343427499997, "event": "initialize", "status": null}, {"time": 680.0348698749999, "event": "start recording"}, {"time": 680.1596222499998, "event": "show graph"}, {"time": 680.38831875, "event": "visit", "state": 8}, {"time": 680.3937170833333, "event": "start", "flip_time": 680.3937034999999}, {"time": 680.3984712500001, "event": "get move", "selected": 5}, {"time": 681.3128076666667, "event": "switch", "selected": 7}, {"time": 682.2641369166668, "event": "select", "selected": 7}, {"time": 682.2642109999997, "event": "visit", "state": 7}, {"time": 682.2734324166668, "event": "get move", "selected": 10}, {"time": 682.8084987499997, "event": "switch", "selected": 2}, {"time": 683.29583275, "event": "select", "selected": 2}, {"time": 683.295897125, "event": "visit", "state": 2}, {"time": 685.1508199999998, "event": "done"}]
2024-09-09 11:45:19,611 [INFO]  stop_recording
2024-09-09 11:45:19,627 [INFO]  gt.status is None
2024-09-09 11:45:19,627 [DEBUG]  add bonus points 7 (total = 162)
2024-09-09 11:45:19,628 [INFO]  Trial 32 of 260
2024-09-09 11:45:20,836 [INFO]  begin trial {"kind": "GraphTrial", "graph": [[6, 7], [], [1, 9], [], [10, 3], [4, 10], [], [], [2, 0], [], []], "rewards": [-1, 4, 4, -3, -4, 0, 4, -3, null, -3, -1], "reward_info": {"-4": {"desc": "pattern_1", "image": "images[0]"}, "-3": {"desc": "pattern_2", "image": "images[1]"}, "-2": {"desc": "pattern_3", "image": "images[2]"}, "-1": {"desc": "pattern_4", "image": "images[3]"}, "0": {"desc": "pattern_5", "image": "images[4]"}, "1": {"desc": "pattern_6", "image": "images[5]"}, "2": {"desc": "pattern_7", "image": "images[6]"}, "3": {"desc": "pattern_8", "image": "images[7]"}, "4": {"desc": "pattern_9", "image": "images[8]"}}, "initial_stage": "planning", "hide_states": false, "hide_rewards_while_acting": false, "hide_edges_while_acting": false, "gaze_contingent": false, "gaze_tolerance": 1.5, "fixation_lag": 0.5, "start": 8}
2024-09-09 11:45:20,836 [INFO]  <eyetracking.EyeLink object at 0x3177c5370>
2024-09-09 11:45:20,836 [DEBUG]  GraphTrial.log 686.376 begin drift_check 
2024-09-09 11:45:22,160 [DEBUG]  GraphTrial.log 687.701 initialize status = None
2024-09-09 11:45:22,161 [DEBUG]  GraphTrial.log 687.701 start recording 
2024-09-09 11:45:22,161 [INFO]  start_recording
2024-09-09 11:45:22,286 [DEBUG]  GraphTrial.log 687.827 show graph 
2024-09-09 11:45:22,295 [DEBUG]  STREAM b'IHDR' 16 13
2024-09-09 11:45:22,295 [DEBUG]  STREAM b'IDAT' 41 65536
2024-09-09 11:45:22,307 [DEBUG]  STREAM b'IHDR' 16 13
2024-09-09 11:45:22,307 [DEBUG]  STREAM b'IDAT' 41 65536
2024-09-09 11:45:22,317 [DEBUG]  STREAM b'IHDR' 16 13
2024-09-09 11:45:22,317 [DEBUG]  STREAM b'IDAT' 41 65536
2024-09-09 11:45:22,325 [DEBUG]  STREAM b'IHDR' 16 13
2024-09-09 11:45:22,325 [DEBUG]  STREAM b'IDAT' 41 65536
2024-09-09 11:45:22,335 [DEBUG]  STREAM b'IHDR' 16 13
2024-09-09 11:45:22,335 [DEBUG]  STREAM b'IDAT' 41 65536
2024-09-09 11:45:22,341 [DEBUG]  STREAM b'IHDR' 16 13
2024-09-09 11:45:22,342 [DEBUG]  STREAM b'IDAT' 41 65536
2024-09-09 11:45:22,348 [DEBUG]  STREAM b'IHDR' 16 13
2024-09-09 11:45:22,348 [DEBUG]  STREAM b'IDAT' 41 65536
2024-09-09 11:45:22,354 [DEBUG]  STREAM b'IHDR' 16 13
2024-09-09 11:45:22,354 [DEBUG]  STREAM b'IDAT' 41 65536
2024-09-09 11:45:22,361 [DEBUG]  STREAM b'IHDR' 16 13
2024-09-09 11:45:22,361 [DEBUG]  STREAM b'IDAT' 41 65536
2024-09-09 11:45:22,366 [DEBUG]  STREAM b'IHDR' 16 13
2024-09-09 11:45:22,366 [DEBUG]  STREAM b'IDAT' 41 65536
2024-09-09 11:45:22,372 [DEBUG]  STREAM b'IHDR' 16 13
2024-09-09 11:45:22,372 [DEBUG]  STREAM b'IDAT' 41 65536
2024-09-09 11:45:22,377 [DEBUG]  STREAM b'IHDR' 16 13
2024-09-09 11:45:22,377 [DEBUG]  STREAM b'IDAT' 41 65536
2024-09-09 11:45:22,383 [DEBUG]  STREAM b'IHDR' 16 13
2024-09-09 11:45:22,383 [DEBUG]  STREAM b'IDAT' 41 65536
2024-09-09 11:45:22,387 [DEBUG]  STREAM b'IHDR' 16 13
2024-09-09 11:45:22,387 [DEBUG]  STREAM b'IDAT' 41 65536
2024-09-09 11:45:22,392 [DEBUG]  STREAM b'IHDR' 16 13
2024-09-09 11:45:22,392 [DEBUG]  STREAM b'IDAT' 41 65536
2024-09-09 11:45:22,396 [DEBUG]  STREAM b'IHDR' 16 13
2024-09-09 11:45:22,396 [DEBUG]  STREAM b'IDAT' 41 65536
2024-09-09 11:45:22,401 [DEBUG]  STREAM b'IHDR' 16 13
2024-09-09 11:45:22,401 [DEBUG]  STREAM b'IDAT' 41 65536
2024-09-09 11:45:22,405 [DEBUG]  STREAM b'IHDR' 16 13
2024-09-09 11:45:22,405 [DEBUG]  STREAM b'IDAT' 41 65536
2024-09-09 11:45:22,410 [DEBUG]  STREAM b'IHDR' 16 13
2024-09-09 11:45:22,410 [DEBUG]  STREAM b'IDAT' 41 65536
2024-09-09 11:45:22,414 [DEBUG]  STREAM b'IHDR' 16 13
2024-09-09 11:45:22,414 [DEBUG]  STREAM b'IDAT' 41 65536
2024-09-09 11:45:22,419 [DEBUG]  STREAM b'IHDR' 16 13
2024-09-09 11:45:22,419 [DEBUG]  STREAM b'IDAT' 41 65536
2024-09-09 11:45:22,423 [DEBUG]  STREAM b'IHDR' 16 13
2024-09-09 11:45:22,423 [DEBUG]  STREAM b'IDAT' 41 65536
2024-09-09 11:45:22,428 [DEBUG]  STREAM b'IHDR' 16 13
2024-09-09 11:45:22,428 [DEBUG]  STREAM b'IDAT' 41 65536
2024-09-09 11:45:22,432 [DEBUG]  STREAM b'IHDR' 16 13
2024-09-09 11:45:22,432 [DEBUG]  STREAM b'IDAT' 41 65536
2024-09-09 11:45:22,437 [DEBUG]  STREAM b'IHDR' 16 13
2024-09-09 11:45:22,437 [DEBUG]  STREAM b'IDAT' 41 65536
2024-09-09 11:45:22,442 [DEBUG]  STREAM b'IHDR' 16 13
2024-09-09 11:45:22,442 [DEBUG]  STREAM b'IDAT' 41 65536
2024-09-09 11:45:22,446 [DEBUG]  STREAM b'IHDR' 16 13
2024-09-09 11:45:22,446 [DEBUG]  STREAM b'IDAT' 41 65536
2024-09-09 11:45:22,451 [DEBUG]  STREAM b'IHDR' 16 13
2024-09-09 11:45:22,451 [DEBUG]  STREAM b'IDAT' 41 65536
2024-09-09 11:45:22,456 [DEBUG]  STREAM b'IHDR' 16 13
2024-09-09 11:45:22,456 [DEBUG]  STREAM b'IDAT' 41 65536
2024-09-09 11:45:22,461 [DEBUG]  STREAM b'IHDR' 16 13
2024-09-09 11:45:22,461 [DEBUG]  STREAM b'IDAT' 41 65536
2024-09-09 11:45:22,465 [DEBUG]  STREAM b'IHDR' 16 13
2024-09-09 11:45:22,465 [DEBUG]  STREAM b'IDAT' 41 65536
2024-09-09 11:45:22,469 [DEBUG]  STREAM b'IHDR' 16 13
2024-09-09 11:45:22,469 [DEBUG]  STREAM b'IDAT' 41 65536
2024-09-09 11:45:22,475 [DEBUG]  STREAM b'IHDR' 16 13
2024-09-09 11:45:22,475 [DEBUG]  STREAM b'IDAT' 41 65536
2024-09-09 11:45:22,479 [DEBUG]  STREAM b'IHDR' 16 13
2024-09-09 11:45:22,480 [DEBUG]  STREAM b'IDAT' 41 65536
2024-09-09 11:45:22,484 [DEBUG]  STREAM b'IHDR' 16 13
2024-09-09 11:45:22,484 [DEBUG]  STREAM b'IDAT' 41 65536
2024-09-09 11:45:22,488 [DEBUG]  STREAM b'IHDR' 16 13
2024-09-09 11:45:22,488 [DEBUG]  STREAM b'IDAT' 41 65536
2024-09-09 11:45:22,493 [DEBUG]  STREAM b'IHDR' 16 13
2024-09-09 11:45:22,493 [DEBUG]  STREAM b'IDAT' 41 65536
2024-09-09 11:45:22,497 [DEBUG]  STREAM b'IHDR' 16 13
2024-09-09 11:45:22,497 [DEBUG]  STREAM b'IDAT' 41 65536
2024-09-09 11:45:22,501 [DEBUG]  STREAM b'IHDR' 16 13
2024-09-09 11:45:22,501 [DEBUG]  STREAM b'IDAT' 41 65536
2024-09-09 11:45:22,505 [DEBUG]  STREAM b'IHDR' 16 13
2024-09-09 11:45:22,505 [DEBUG]  STREAM b'IDAT' 41 65536
2024-09-09 11:45:22,516 [DEBUG]  GraphTrial.log 688.057 visit state = 8
2024-09-09 11:45:22,521 [DEBUG]  GraphTrial.log 688.062 start flip_time = 688.0619564999997
2024-09-09 11:45:22,526 [DEBUG]  GraphTrial.log 688.067 get move selected = 2
2024-09-09 11:45:23,588 [DEBUG]  GraphTrial.log 689.129 select selected = 2
2024-09-09 11:45:23,588 [DEBUG]  GraphTrial.log 689.129 visit state = 2
2024-09-09 11:45:23,596 [DEBUG]  GraphTrial.log 689.137 get move selected = 9
2024-09-09 11:45:24,004 [DEBUG]  GraphTrial.log 689.544 switch selected = 1
2024-09-09 11:45:24,411 [DEBUG]  GraphTrial.log 689.952 select selected = 1
2024-09-09 11:45:24,411 [DEBUG]  GraphTrial.log 689.952 visit state = 1
2024-09-09 11:45:26,292 [DEBUG]  GraphTrial.log 691.833 done 
2024-09-09 11:45:26,292 [INFO]  end trial [{"time": 686.376476041667, "event": "begin drift_check"}, {"time": 687.7009595, "event": "initialize", "status": null}, {"time": 687.7013153749999, "event": "start recording"}, {"time": 687.8270081666669, "event": "show graph"}, {"time": 688.0565779999997, "event": "visit", "state": 8}, {"time": 688.0619764999997, "event": "start", "flip_time": 688.0619564999997}, {"time": 688.0669390833332, "event": "get move", "selected": 2}, {"time": 689.1285121249998, "event": "select", "selected": 2}, {"time": 689.1286107916667, "event": "visit", "state": 2}, {"time": 689.1365986666669, "event": "get move", "selected": 9}, {"time": 689.5443929583334, "event": "switch", "selected": 1}, {"time": 689.9519995, "event": "select", "selected": 1}, {"time": 689.9520657083335, "event": "visit", "state": 1}, {"time": 691.8327667916669, "event": "done"}]
2024-09-09 11:45:26,292 [INFO]  stop_recording
2024-09-09 11:45:26,318 [INFO]  gt.status is None
2024-09-09 11:45:26,318 [DEBUG]  add bonus points 8 (total = 170)
2024-09-09 11:45:26,318 [INFO]  Trial 33 of 260
2024-09-09 11:45:27,212 [INFO]  begin trial {"kind": "GraphTrial", "graph": [[], [5, 3], [4, 1], [], [6, 0], [], [], [8, 10], [10, 9], [], []], "rewards": [-3, 1, null, 0, 0, 2, 2, -2, 1, 0, 4], "reward_info": {"-4": {"desc": "pattern_1", "image": "images[0]"}, "-3": {"desc": "pattern_2", "image": "images[1]"}, "-2": {"desc": "pattern_3", "image": "images[2]"}, "-1": {"desc": "pattern_4", "image": "images[3]"}, "0": {"desc": "pattern_5", "image": "images[4]"}, "1": {"desc": "pattern_6", "image": "images[5]"}, "2": {"desc": "pattern_7", "image": "images[6]"}, "3": {"desc": "pattern_8", "image": "images[7]"}, "4": {"desc": "pattern_9", "image": "images[8]"}}, "initial_stage": "planning", "hide_states": false, "hide_rewards_while_acting": false, "hide_edges_while_acting": false, "gaze_contingent": false, "gaze_tolerance": 1.5, "fixation_lag": 0.5, "start": 2}
2024-09-09 11:45:27,212 [INFO]  <eyetracking.EyeLink object at 0x3177c5370>
2024-09-09 11:45:27,212 [DEBUG]  GraphTrial.log 692.752 begin drift_check 
2024-09-09 11:45:28,627 [DEBUG]  GraphTrial.log 694.168 initialize status = None
2024-09-09 11:45:28,627 [DEBUG]  GraphTrial.log 694.168 start recording 
2024-09-09 11:45:28,628 [INFO]  start_recording
2024-09-09 11:45:28,754 [DEBUG]  GraphTrial.log 694.294 show graph 
2024-09-09 11:45:28,762 [DEBUG]  STREAM b'IHDR' 16 13
2024-09-09 11:45:28,762 [DEBUG]  STREAM b'IDAT' 41 65536
2024-09-09 11:45:28,774 [DEBUG]  STREAM b'IHDR' 16 13
2024-09-09 11:45:28,774 [DEBUG]  STREAM b'IDAT' 41 65536
2024-09-09 11:45:28,784 [DEBUG]  STREAM b'IHDR' 16 13
2024-09-09 11:45:28,785 [DEBUG]  STREAM b'IDAT' 41 65536
2024-09-09 11:45:28,793 [DEBUG]  STREAM b'IHDR' 16 13
2024-09-09 11:45:28,793 [DEBUG]  STREAM b'IDAT' 41 65536
2024-09-09 11:45:28,802 [DEBUG]  STREAM b'IHDR' 16 13
2024-09-09 11:45:28,802 [DEBUG]  STREAM b'IDAT' 41 65536
2024-09-09 11:45:28,809 [DEBUG]  STREAM b'IHDR' 16 13
2024-09-09 11:45:28,809 [DEBUG]  STREAM b'IDAT' 41 65536
2024-09-09 11:45:28,815 [DEBUG]  STREAM b'IHDR' 16 13
2024-09-09 11:45:28,815 [DEBUG]  STREAM b'IDAT' 41 65536
2024-09-09 11:45:28,820 [DEBUG]  STREAM b'IHDR' 16 13
2024-09-09 11:45:28,820 [DEBUG]  STREAM b'IDAT' 41 65536
2024-09-09 11:45:28,828 [DEBUG]  STREAM b'IHDR' 16 13
2024-09-09 11:45:28,828 [DEBUG]  STREAM b'IDAT' 41 65536
2024-09-09 11:45:28,833 [DEBUG]  STREAM b'IHDR' 16 13
2024-09-09 11:45:28,833 [DEBUG]  STREAM b'IDAT' 41 65536
2024-09-09 11:45:28,838 [DEBUG]  STREAM b'IHDR' 16 13
2024-09-09 11:45:28,838 [DEBUG]  STREAM b'IDAT' 41 65536
2024-09-09 11:45:28,843 [DEBUG]  STREAM b'IHDR' 16 13
2024-09-09 11:45:28,843 [DEBUG]  STREAM b'IDAT' 41 65536
2024-09-09 11:45:28,849 [DEBUG]  STREAM b'IHDR' 16 13
2024-09-09 11:45:28,849 [DEBUG]  STREAM b'IDAT' 41 65536
2024-09-09 11:45:28,853 [DEBUG]  STREAM b'IHDR' 16 13
2024-09-09 11:45:28,854 [DEBUG]  STREAM b'IDAT' 41 65536
2024-09-09 11:45:28,858 [DEBUG]  STREAM b'IHDR' 16 13
2024-09-09 11:45:28,858 [DEBUG]  STREAM b'IDAT' 41 65536
2024-09-09 11:45:28,862 [DEBUG]  STREAM b'IHDR' 16 13
2024-09-09 11:45:28,862 [DEBUG]  STREAM b'IDAT' 41 65536
2024-09-09 11:45:28,868 [DEBUG]  STREAM b'IHDR' 16 13
2024-09-09 11:45:28,868 [DEBUG]  STREAM b'IDAT' 41 65536
2024-09-09 11:45:28,873 [DEBUG]  STREAM b'IHDR' 16 13
2024-09-09 11:45:28,873 [DEBUG]  STREAM b'IDAT' 41 65536
2024-09-09 11:45:28,878 [DEBUG]  STREAM b'IHDR' 16 13
2024-09-09 11:45:28,878 [DEBUG]  STREAM b'IDAT' 41 65536
2024-09-09 11:45:28,882 [DEBUG]  STREAM b'IHDR' 16 13
2024-09-09 11:45:28,882 [DEBUG]  STREAM b'IDAT' 41 65536
2024-09-09 11:45:28,887 [DEBUG]  STREAM b'IHDR' 16 13
2024-09-09 11:45:28,887 [DEBUG]  STREAM b'IDAT' 41 65536
2024-09-09 11:45:28,892 [DEBUG]  STREAM b'IHDR' 16 13
2024-09-09 11:45:28,892 [DEBUG]  STREAM b'IDAT' 41 65536
2024-09-09 11:45:28,896 [DEBUG]  STREAM b'IHDR' 16 13
2024-09-09 11:45:28,896 [DEBUG]  STREAM b'IDAT' 41 65536
2024-09-09 11:45:28,900 [DEBUG]  STREAM b'IHDR' 16 13
2024-09-09 11:45:28,900 [DEBUG]  STREAM b'IDAT' 41 65536
2024-09-09 11:45:28,906 [DEBUG]  STREAM b'IHDR' 16 13
2024-09-09 11:45:28,906 [DEBUG]  STREAM b'IDAT' 41 65536
2024-09-09 11:45:28,911 [DEBUG]  STREAM b'IHDR' 16 13
2024-09-09 11:45:28,911 [DEBUG]  STREAM b'IDAT' 41 65536
2024-09-09 11:45:28,915 [DEBUG]  STREAM b'IHDR' 16 13
2024-09-09 11:45:28,915 [DEBUG]  STREAM b'IDAT' 41 65536
2024-09-09 11:45:28,919 [DEBUG]  STREAM b'IHDR' 16 13
2024-09-09 11:45:28,919 [DEBUG]  STREAM b'IDAT' 41 65536
2024-09-09 11:45:28,924 [DEBUG]  STREAM b'IHDR' 16 13
2024-09-09 11:45:28,924 [DEBUG]  STREAM b'IDAT' 41 65536
2024-09-09 11:45:28,928 [DEBUG]  STREAM b'IHDR' 16 13
2024-09-09 11:45:28,928 [DEBUG]  STREAM b'IDAT' 41 65536
2024-09-09 11:45:28,933 [DEBUG]  STREAM b'IHDR' 16 13
2024-09-09 11:45:28,933 [DEBUG]  STREAM b'IDAT' 41 65536
2024-09-09 11:45:28,937 [DEBUG]  STREAM b'IHDR' 16 13
2024-09-09 11:45:28,937 [DEBUG]  STREAM b'IDAT' 41 65536
2024-09-09 11:45:28,942 [DEBUG]  STREAM b'IHDR' 16 13
2024-09-09 11:45:28,942 [DEBUG]  STREAM b'IDAT' 41 65536
2024-09-09 11:45:28,946 [DEBUG]  STREAM b'IHDR' 16 13
2024-09-09 11:45:28,946 [DEBUG]  STREAM b'IDAT' 41 65536
2024-09-09 11:45:28,950 [DEBUG]  STREAM b'IHDR' 16 13
2024-09-09 11:45:28,950 [DEBUG]  STREAM b'IDAT' 41 65536
2024-09-09 11:45:28,955 [DEBUG]  STREAM b'IHDR' 16 13
2024-09-09 11:45:28,955 [DEBUG]  STREAM b'IDAT' 41 65536
2024-09-09 11:45:28,960 [DEBUG]  STREAM b'IHDR' 16 13
2024-09-09 11:45:28,960 [DEBUG]  STREAM b'IDAT' 41 65536
2024-09-09 11:45:28,965 [DEBUG]  STREAM b'IHDR' 16 13
2024-09-09 11:45:28,965 [DEBUG]  STREAM b'IDAT' 41 65536
2024-09-09 11:45:28,969 [DEBUG]  STREAM b'IHDR' 16 13
2024-09-09 11:45:28,969 [DEBUG]  STREAM b'IDAT' 41 65536
2024-09-09 11:45:28,974 [DEBUG]  STREAM b'IHDR' 16 13
2024-09-09 11:45:28,974 [DEBUG]  STREAM b'IDAT' 41 65536
2024-09-09 11:45:28,984 [DEBUG]  GraphTrial.log 694.524 visit state = 2
2024-09-09 11:45:28,989 [DEBUG]  GraphTrial.log 694.530 start flip_time = 694.5297578333334
2024-09-09 11:45:28,994 [DEBUG]  GraphTrial.log 694.534 get move selected = 4
2024-09-09 11:45:30,100 [DEBUG]  GraphTrial.log 695.641 switch selected = 1
2024-09-09 11:45:30,844 [DEBUG]  GraphTrial.log 696.385 switch selected = 4
2024-09-09 11:45:31,363 [DEBUG]  GraphTrial.log 696.904 select selected = 4
2024-09-09 11:45:31,363 [DEBUG]  GraphTrial.log 696.904 visit state = 4
2024-09-09 11:45:31,372 [DEBUG]  GraphTrial.log 696.913 get move selected = 6
2024-09-09 11:45:32,491 [DEBUG]  GraphTrial.log 698.032 select selected = 6
2024-09-09 11:45:32,491 [DEBUG]  GraphTrial.log 698.032 visit state = 6
2024-09-09 11:45:34,358 [DEBUG]  GraphTrial.log 699.899 done 
2024-09-09 11:45:34,359 [INFO]  end trial [{"time": 692.7524317499997, "event": "begin drift_check"}, {"time": 694.1676566249998, "event": "initialize", "status": null}, {"time": 694.1680744583332, "event": "start recording"}, {"time": 694.294461125, "event": "show graph"}, {"time": 694.5243693333332, "event": "visit", "state": 2}, {"time": 694.5297732499998, "event": "start", "flip_time": 694.5297578333334}, {"time": 694.5342791666667, "event": "get move", "selected": 4}, {"time": 695.6408484583335, "event": "switch", "selected": 1}, {"time": 696.3845022083333, "event": "switch", "selected": 4}, {"time": 696.9038510833334, "event": "select", "selected": 4}, {"time": 696.9039181666667, "event": "visit", "state": 4}, {"time": 696.9130294583333, "event": "get move", "selected": 6}, {"time": 698.0320645833335, "event": "select", "selected": 6}, {"time": 698.0321259583334, "event": "visit", "state": 6}, {"time": 699.8990234166668, "event": "done"}]
2024-09-09 11:45:34,359 [INFO]  stop_recording
2024-09-09 11:45:34,374 [INFO]  gt.status is None
2024-09-09 11:45:34,374 [DEBUG]  add bonus points 2 (total = 172)
2024-09-09 11:45:34,374 [INFO]  Trial 34 of 260
2024-09-09 11:45:35,340 [INFO]  begin trial {"kind": "GraphTrial", "graph": [[], [], [], [9, 0], [8, 2], [6, 7], [], [], [2, 1], [], [5, 3]], "rewards": [-3, 3, 2, -2, 1, 3, -3, 4, -4, -2, null], "reward_info": {"-4": {"desc": "pattern_1", "image": "images[0]"}, "-3": {"desc": "pattern_2", "image": "images[1]"}, "-2": {"desc": "pattern_3", "image": "images[2]"}, "-1": {"desc": "pattern_4", "image": "images[3]"}, "0": {"desc": "pattern_5", "image": "images[4]"}, "1": {"desc": "pattern_6", "image": "images[5]"}, "2": {"desc": "pattern_7", "image": "images[6]"}, "3": {"desc": "pattern_8", "image": "images[7]"}, "4": {"desc": "pattern_9", "image": "images[8]"}}, "initial_stage": "planning", "hide_states": false, "hide_rewards_while_acting": false, "hide_edges_while_acting": false, "gaze_contingent": false, "gaze_tolerance": 1.5, "fixation_lag": 0.5, "start": 10}
2024-09-09 11:45:35,340 [INFO]  <eyetracking.EyeLink object at 0x3177c5370>
2024-09-09 11:45:35,340 [DEBUG]  GraphTrial.log 700.880 begin drift_check 
2024-09-09 11:45:36,427 [DEBUG]  GraphTrial.log 701.968 initialize status = None
2024-09-09 11:45:36,428 [DEBUG]  GraphTrial.log 701.968 start recording 
2024-09-09 11:45:36,428 [INFO]  start_recording
2024-09-09 11:45:36,554 [DEBUG]  GraphTrial.log 702.095 show graph 
2024-09-09 11:45:36,562 [DEBUG]  STREAM b'IHDR' 16 13
2024-09-09 11:45:36,562 [DEBUG]  STREAM b'IDAT' 41 65536
2024-09-09 11:45:36,574 [DEBUG]  STREAM b'IHDR' 16 13
2024-09-09 11:45:36,574 [DEBUG]  STREAM b'IDAT' 41 65536
2024-09-09 11:45:36,584 [DEBUG]  STREAM b'IHDR' 16 13
2024-09-09 11:45:36,584 [DEBUG]  STREAM b'IDAT' 41 65536
2024-09-09 11:45:36,593 [DEBUG]  STREAM b'IHDR' 16 13
2024-09-09 11:45:36,593 [DEBUG]  STREAM b'IDAT' 41 65536
2024-09-09 11:45:36,602 [DEBUG]  STREAM b'IHDR' 16 13
2024-09-09 11:45:36,602 [DEBUG]  STREAM b'IDAT' 41 65536
2024-09-09 11:45:36,609 [DEBUG]  STREAM b'IHDR' 16 13
2024-09-09 11:45:36,609 [DEBUG]  STREAM b'IDAT' 41 65536
2024-09-09 11:45:36,615 [DEBUG]  STREAM b'IHDR' 16 13
2024-09-09 11:45:36,616 [DEBUG]  STREAM b'IDAT' 41 65536
2024-09-09 11:45:36,621 [DEBUG]  STREAM b'IHDR' 16 13
2024-09-09 11:45:36,621 [DEBUG]  STREAM b'IDAT' 41 65536
2024-09-09 11:45:36,628 [DEBUG]  STREAM b'IHDR' 16 13
2024-09-09 11:45:36,628 [DEBUG]  STREAM b'IDAT' 41 65536
2024-09-09 11:45:36,634 [DEBUG]  STREAM b'IHDR' 16 13
2024-09-09 11:45:36,634 [DEBUG]  STREAM b'IDAT' 41 65536
2024-09-09 11:45:36,639 [DEBUG]  STREAM b'IHDR' 16 13
2024-09-09 11:45:36,639 [DEBUG]  STREAM b'IDAT' 41 65536
2024-09-09 11:45:36,643 [DEBUG]  STREAM b'IHDR' 16 13
2024-09-09 11:45:36,643 [DEBUG]  STREAM b'IDAT' 41 65536
2024-09-09 11:45:36,649 [DEBUG]  STREAM b'IHDR' 16 13
2024-09-09 11:45:36,649 [DEBUG]  STREAM b'IDAT' 41 65536
2024-09-09 11:45:36,654 [DEBUG]  STREAM b'IHDR' 16 13
2024-09-09 11:45:36,654 [DEBUG]  STREAM b'IDAT' 41 65536
2024-09-09 11:45:36,658 [DEBUG]  STREAM b'IHDR' 16 13
2024-09-09 11:45:36,658 [DEBUG]  STREAM b'IDAT' 41 65536
2024-09-09 11:45:36,662 [DEBUG]  STREAM b'IHDR' 16 13
2024-09-09 11:45:36,662 [DEBUG]  STREAM b'IDAT' 41 65536
2024-09-09 11:45:36,668 [DEBUG]  STREAM b'IHDR' 16 13
2024-09-09 11:45:36,668 [DEBUG]  STREAM b'IDAT' 41 65536
2024-09-09 11:45:36,672 [DEBUG]  STREAM b'IHDR' 16 13
2024-09-09 11:45:36,672 [DEBUG]  STREAM b'IDAT' 41 65536
2024-09-09 11:45:36,676 [DEBUG]  STREAM b'IHDR' 16 13
2024-09-09 11:45:36,676 [DEBUG]  STREAM b'IDAT' 41 65536
2024-09-09 11:45:36,680 [DEBUG]  STREAM b'IHDR' 16 13
2024-09-09 11:45:36,681 [DEBUG]  STREAM b'IDAT' 41 65536
2024-09-09 11:45:36,686 [DEBUG]  STREAM b'IHDR' 16 13
2024-09-09 11:45:36,686 [DEBUG]  STREAM b'IDAT' 41 65536
2024-09-09 11:45:36,691 [DEBUG]  STREAM b'IHDR' 16 13
2024-09-09 11:45:36,691 [DEBUG]  STREAM b'IDAT' 41 65536
2024-09-09 11:45:36,695 [DEBUG]  STREAM b'IHDR' 16 13
2024-09-09 11:45:36,695 [DEBUG]  STREAM b'IDAT' 41 65536
2024-09-09 11:45:36,700 [DEBUG]  STREAM b'IHDR' 16 13
2024-09-09 11:45:36,700 [DEBUG]  STREAM b'IDAT' 41 65536
2024-09-09 11:45:36,706 [DEBUG]  STREAM b'IHDR' 16 13
2024-09-09 11:45:36,706 [DEBUG]  STREAM b'IDAT' 41 65536
2024-09-09 11:45:36,710 [DEBUG]  STREAM b'IHDR' 16 13
2024-09-09 11:45:36,710 [DEBUG]  STREAM b'IDAT' 41 65536
2024-09-09 11:45:36,714 [DEBUG]  STREAM b'IHDR' 16 13
2024-09-09 11:45:36,714 [DEBUG]  STREAM b'IDAT' 41 65536
2024-09-09 11:45:36,718 [DEBUG]  STREAM b'IHDR' 16 13
2024-09-09 11:45:36,718 [DEBUG]  STREAM b'IDAT' 41 65536
2024-09-09 11:45:36,723 [DEBUG]  STREAM b'IHDR' 16 13
2024-09-09 11:45:36,723 [DEBUG]  STREAM b'IDAT' 41 65536
2024-09-09 11:45:36,728 [DEBUG]  STREAM b'IHDR' 16 13
2024-09-09 11:45:36,728 [DEBUG]  STREAM b'IDAT' 41 65536
2024-09-09 11:45:36,732 [DEBUG]  STREAM b'IHDR' 16 13
2024-09-09 11:45:36,732 [DEBUG]  STREAM b'IDAT' 41 65536
2024-09-09 11:45:36,737 [DEBUG]  STREAM b'IHDR' 16 13
2024-09-09 11:45:36,737 [DEBUG]  STREAM b'IDAT' 41 65536
2024-09-09 11:45:36,743 [DEBUG]  STREAM b'IHDR' 16 13
2024-09-09 11:45:36,743 [DEBUG]  STREAM b'IDAT' 41 65536
2024-09-09 11:45:36,747 [DEBUG]  STREAM b'IHDR' 16 13
2024-09-09 11:45:36,747 [DEBUG]  STREAM b'IDAT' 41 65536
2024-09-09 11:45:36,751 [DEBUG]  STREAM b'IHDR' 16 13
2024-09-09 11:45:36,751 [DEBUG]  STREAM b'IDAT' 41 65536
2024-09-09 11:45:36,755 [DEBUG]  STREAM b'IHDR' 16 13
2024-09-09 11:45:36,755 [DEBUG]  STREAM b'IDAT' 41 65536
2024-09-09 11:45:36,760 [DEBUG]  STREAM b'IHDR' 16 13
2024-09-09 11:45:36,761 [DEBUG]  STREAM b'IDAT' 41 65536
2024-09-09 11:45:36,765 [DEBUG]  STREAM b'IHDR' 16 13
2024-09-09 11:45:36,765 [DEBUG]  STREAM b'IDAT' 41 65536
2024-09-09 11:45:36,769 [DEBUG]  STREAM b'IHDR' 16 13
2024-09-09 11:45:36,769 [DEBUG]  STREAM b'IDAT' 41 65536
2024-09-09 11:45:36,773 [DEBUG]  STREAM b'IHDR' 16 13
2024-09-09 11:45:36,773 [DEBUG]  STREAM b'IDAT' 41 65536
2024-09-09 11:45:36,784 [DEBUG]  GraphTrial.log 702.324 visit state = 10
2024-09-09 11:45:36,789 [DEBUG]  GraphTrial.log 702.329 start flip_time = 702.3292387083334
2024-09-09 11:45:36,793 [DEBUG]  GraphTrial.log 702.334 get move selected = 5
2024-09-09 11:45:38,012 [DEBUG]  GraphTrial.log 703.552 select selected = 5
2024-09-09 11:45:38,012 [DEBUG]  GraphTrial.log 703.553 visit state = 5
2024-09-09 11:45:38,022 [DEBUG]  GraphTrial.log 703.563 get move selected = 7
2024-09-09 11:45:38,491 [DEBUG]  GraphTrial.log 704.032 select selected = 7
2024-09-09 11:45:38,491 [DEBUG]  GraphTrial.log 704.032 visit state = 7
2024-09-09 11:45:40,358 [DEBUG]  GraphTrial.log 705.899 done 
2024-09-09 11:45:40,359 [INFO]  end trial [{"time": 700.8803872499998, "event": "begin drift_check"}, {"time": 701.967738375, "event": "initialize", "status": null}, {"time": 701.9682762499997, "event": "start recording"}, {"time": 702.0947204999998, "event": "show graph"}, {"time": 702.324281416667, "event": "visit", "state": 10}, {"time": 702.3292542499998, "event": "start", "flip_time": 702.3292387083334}, {"time": 702.3338055833333, "event": "get move", "selected": 5}, {"time": 703.5524332916666, "event": "select", "selected": 5}, {"time": 703.5525090416668, "event": "visit", "state": 5}, {"time": 703.56310325, "event": "get move", "selected": 7}, {"time": 704.0320224583334, "event": "select", "selected": 7}, {"time": 704.0320891249999, "event": "visit", "state": 7}, {"time": 705.899167791667, "event": "done"}]
2024-09-09 11:45:40,359 [INFO]  stop_recording
2024-09-09 11:45:40,375 [INFO]  gt.status is None
2024-09-09 11:45:40,375 [DEBUG]  add bonus points 7 (total = 179)
2024-09-09 11:45:40,375 [INFO]  Trial 35 of 260
2024-09-09 11:45:40,956 [INFO]  begin trial {"kind": "GraphTrial", "graph": [[10, 9], [3, 0], [6, 4], [8, 7], [], [], [4, 5], [], [], [], []], "rewards": [2, null, 1, -1, -1, -2, -3, 4, 0, 2, 3], "reward_info": {"-4": {"desc": "pattern_1", "image": "images[0]"}, "-3": {"desc": "pattern_2", "image": "images[1]"}, "-2": {"desc": "pattern_3", "image": "images[2]"}, "-1": {"desc": "pattern_4", "image": "images[3]"}, "0": {"desc": "pattern_5", "image": "images[4]"}, "1": {"desc": "pattern_6", "image": "images[5]"}, "2": {"desc": "pattern_7", "image": "images[6]"}, "3": {"desc": "pattern_8", "image": "images[7]"}, "4": {"desc": "pattern_9", "image": "images[8]"}}, "initial_stage": "planning", "hide_states": false, "hide_rewards_while_acting": false, "hide_edges_while_acting": false, "gaze_contingent": false, "gaze_tolerance": 1.5, "fixation_lag": 0.5, "start": 1}
2024-09-09 11:45:40,956 [INFO]  <eyetracking.EyeLink object at 0x3177c5370>
2024-09-09 11:45:40,956 [DEBUG]  GraphTrial.log 706.496 begin drift_check 
2024-09-09 11:45:44,893 [DEBUG]  GraphTrial.log 710.434 initialize status = None
2024-09-09 11:45:44,894 [DEBUG]  GraphTrial.log 710.434 start recording 
2024-09-09 11:45:44,894 [INFO]  start_recording
2024-09-09 11:45:45,019 [DEBUG]  GraphTrial.log 710.559 show graph 
2024-09-09 11:45:45,027 [DEBUG]  STREAM b'IHDR' 16 13
2024-09-09 11:45:45,027 [DEBUG]  STREAM b'IDAT' 41 65536
2024-09-09 11:45:45,041 [DEBUG]  STREAM b'IHDR' 16 13
2024-09-09 11:45:45,041 [DEBUG]  STREAM b'IDAT' 41 65536
2024-09-09 11:45:45,051 [DEBUG]  STREAM b'IHDR' 16 13
2024-09-09 11:45:45,051 [DEBUG]  STREAM b'IDAT' 41 65536
2024-09-09 11:45:45,059 [DEBUG]  STREAM b'IHDR' 16 13
2024-09-09 11:45:45,059 [DEBUG]  STREAM b'IDAT' 41 65536
2024-09-09 11:45:45,071 [DEBUG]  STREAM b'IHDR' 16 13
2024-09-09 11:45:45,071 [DEBUG]  STREAM b'IDAT' 41 65536
2024-09-09 11:45:45,077 [DEBUG]  STREAM b'IHDR' 16 13
2024-09-09 11:45:45,077 [DEBUG]  STREAM b'IDAT' 41 65536
2024-09-09 11:45:45,082 [DEBUG]  STREAM b'IHDR' 16 13
2024-09-09 11:45:45,082 [DEBUG]  STREAM b'IDAT' 41 65536
2024-09-09 11:45:45,087 [DEBUG]  STREAM b'IHDR' 16 13
2024-09-09 11:45:45,087 [DEBUG]  STREAM b'IDAT' 41 65536
2024-09-09 11:45:45,094 [DEBUG]  STREAM b'IHDR' 16 13
2024-09-09 11:45:45,094 [DEBUG]  STREAM b'IDAT' 41 65536
2024-09-09 11:45:45,099 [DEBUG]  STREAM b'IHDR' 16 13
2024-09-09 11:45:45,099 [DEBUG]  STREAM b'IDAT' 41 65536
2024-09-09 11:45:45,104 [DEBUG]  STREAM b'IHDR' 16 13
2024-09-09 11:45:45,104 [DEBUG]  STREAM b'IDAT' 41 65536
2024-09-09 11:45:45,108 [DEBUG]  STREAM b'IHDR' 16 13
2024-09-09 11:45:45,108 [DEBUG]  STREAM b'IDAT' 41 65536
2024-09-09 11:45:45,114 [DEBUG]  STREAM b'IHDR' 16 13
2024-09-09 11:45:45,114 [DEBUG]  STREAM b'IDAT' 41 65536
2024-09-09 11:45:45,118 [DEBUG]  STREAM b'IHDR' 16 13
2024-09-09 11:45:45,118 [DEBUG]  STREAM b'IDAT' 41 65536
2024-09-09 11:45:45,123 [DEBUG]  STREAM b'IHDR' 16 13
2024-09-09 11:45:45,123 [DEBUG]  STREAM b'IDAT' 41 65536
2024-09-09 11:45:45,127 [DEBUG]  STREAM b'IHDR' 16 13
2024-09-09 11:45:45,127 [DEBUG]  STREAM b'IDAT' 41 65536
2024-09-09 11:45:45,132 [DEBUG]  STREAM b'IHDR' 16 13
2024-09-09 11:45:45,132 [DEBUG]  STREAM b'IDAT' 41 65536
2024-09-09 11:45:45,136 [DEBUG]  STREAM b'IHDR' 16 13
2024-09-09 11:45:45,136 [DEBUG]  STREAM b'IDAT' 41 65536
2024-09-09 11:45:45,140 [DEBUG]  STREAM b'IHDR' 16 13
2024-09-09 11:45:45,140 [DEBUG]  STREAM b'IDAT' 41 65536
2024-09-09 11:45:45,144 [DEBUG]  STREAM b'IHDR' 16 13
2024-09-09 11:45:45,144 [DEBUG]  STREAM b'IDAT' 41 65536
2024-09-09 11:45:45,150 [DEBUG]  STREAM b'IHDR' 16 13
2024-09-09 11:45:45,150 [DEBUG]  STREAM b'IDAT' 41 65536
2024-09-09 11:45:45,154 [DEBUG]  STREAM b'IHDR' 16 13
2024-09-09 11:45:45,154 [DEBUG]  STREAM b'IDAT' 41 65536
2024-09-09 11:45:45,158 [DEBUG]  STREAM b'IHDR' 16 13
2024-09-09 11:45:45,158 [DEBUG]  STREAM b'IDAT' 41 65536
2024-09-09 11:45:45,162 [DEBUG]  STREAM b'IHDR' 16 13
2024-09-09 11:45:45,162 [DEBUG]  STREAM b'IDAT' 41 65536
2024-09-09 11:45:45,168 [DEBUG]  STREAM b'IHDR' 16 13
2024-09-09 11:45:45,168 [DEBUG]  STREAM b'IDAT' 41 65536
2024-09-09 11:45:45,172 [DEBUG]  STREAM b'IHDR' 16 13
2024-09-09 11:45:45,172 [DEBUG]  STREAM b'IDAT' 41 65536
2024-09-09 11:45:45,177 [DEBUG]  STREAM b'IHDR' 16 13
2024-09-09 11:45:45,177 [DEBUG]  STREAM b'IDAT' 41 65536
2024-09-09 11:45:45,181 [DEBUG]  STREAM b'IHDR' 16 13
2024-09-09 11:45:45,181 [DEBUG]  STREAM b'IDAT' 41 65536
2024-09-09 11:45:45,187 [DEBUG]  STREAM b'IHDR' 16 13
2024-09-09 11:45:45,187 [DEBUG]  STREAM b'IDAT' 41 65536
2024-09-09 11:45:45,191 [DEBUG]  STREAM b'IHDR' 16 13
2024-09-09 11:45:45,191 [DEBUG]  STREAM b'IDAT' 41 65536
2024-09-09 11:45:45,196 [DEBUG]  STREAM b'IHDR' 16 13
2024-09-09 11:45:45,196 [DEBUG]  STREAM b'IDAT' 41 65536
2024-09-09 11:45:45,200 [DEBUG]  STREAM b'IHDR' 16 13
2024-09-09 11:45:45,200 [DEBUG]  STREAM b'IDAT' 41 65536
2024-09-09 11:45:45,205 [DEBUG]  STREAM b'IHDR' 16 13
2024-09-09 11:45:45,205 [DEBUG]  STREAM b'IDAT' 41 65536
2024-09-09 11:45:45,210 [DEBUG]  STREAM b'IHDR' 16 13
2024-09-09 11:45:45,210 [DEBUG]  STREAM b'IDAT' 41 65536
2024-09-09 11:45:45,214 [DEBUG]  STREAM b'IHDR' 16 13
2024-09-09 11:45:45,214 [DEBUG]  STREAM b'IDAT' 41 65536
2024-09-09 11:45:45,218 [DEBUG]  STREAM b'IHDR' 16 13
2024-09-09 11:45:45,218 [DEBUG]  STREAM b'IDAT' 41 65536
2024-09-09 11:45:45,224 [DEBUG]  STREAM b'IHDR' 16 13
2024-09-09 11:45:45,224 [DEBUG]  STREAM b'IDAT' 41 65536
2024-09-09 11:45:45,228 [DEBUG]  STREAM b'IHDR' 16 13
2024-09-09 11:45:45,228 [DEBUG]  STREAM b'IDAT' 41 65536
2024-09-09 11:45:45,233 [DEBUG]  STREAM b'IHDR' 16 13
2024-09-09 11:45:45,233 [DEBUG]  STREAM b'IDAT' 41 65536
2024-09-09 11:45:45,237 [DEBUG]  STREAM b'IHDR' 16 13
2024-09-09 11:45:45,237 [DEBUG]  STREAM b'IDAT' 41 65536
2024-09-09 11:45:45,247 [DEBUG]  GraphTrial.log 710.788 visit state = 1
2024-09-09 11:45:45,253 [DEBUG]  GraphTrial.log 710.793 start flip_time = 710.7932752916668
2024-09-09 11:45:45,257 [DEBUG]  GraphTrial.log 710.798 get move selected = 3
2024-09-09 11:45:46,276 [DEBUG]  GraphTrial.log 711.817 switch selected = 0
2024-09-09 11:45:47,059 [DEBUG]  GraphTrial.log 712.599 switch selected = 3
2024-09-09 11:45:47,347 [DEBUG]  GraphTrial.log 712.888 switch selected = 0
2024-09-09 11:45:48,363 [DEBUG]  GraphTrial.log 713.904 select selected = 0
2024-09-09 11:45:48,364 [DEBUG]  GraphTrial.log 713.904 visit state = 0
2024-09-09 11:45:48,374 [DEBUG]  GraphTrial.log 713.914 get move selected = 9
2024-09-09 11:45:49,555 [DEBUG]  GraphTrial.log 715.096 select selected = 9
2024-09-09 11:45:49,555 [DEBUG]  GraphTrial.log 715.096 visit state = 9
2024-09-09 11:45:51,425 [DEBUG]  GraphTrial.log 716.966 done 
2024-09-09 11:45:51,426 [INFO]  end trial [{"time": 706.4963760416667, "event": "begin drift_check"}, {"time": 710.4337819166667, "event": "initialize", "status": null}, {"time": 710.4342232499998, "event": "start recording"}, {"time": 710.559236666667, "event": "show graph"}, {"time": 710.7878144583333, "event": "visit", "state": 1}, {"time": 710.7932943333335, "event": "start", "flip_time": 710.7932752916668}, {"time": 710.7980857499997, "event": "get move", "selected": 3}, {"time": 711.8168308333334, "event": "switch", "selected": 0}, {"time": 712.5994105833333, "event": "switch", "selected": 3}, {"time": 712.8881584999999, "event": "switch", "selected": 0}, {"time": 713.904022541667, "event": "select", "selected": 0}, {"time": 713.9043119166668, "event": "visit", "state": 0}, {"time": 713.9142579583331, "event": "get move", "selected": 9}, {"time": 715.0961187083335, "event": "select", "selected": 9}, {"time": 715.0961823333332, "event": "visit", "state": 9}, {"time": 716.9659886666668, "event": "done"}]
2024-09-09 11:45:51,426 [INFO]  stop_recording
2024-09-09 11:45:51,443 [INFO]  gt.status is None
2024-09-09 11:45:51,443 [DEBUG]  add bonus points 4 (total = 183)
2024-09-09 11:45:51,443 [INFO]  Trial 36 of 260
2024-09-09 11:45:53,508 [INFO]  begin trial {"kind": "GraphTrial", "graph": [[], [], [7, 1], [], [], [], [], [1, 6], [0, 4], [3, 5], [8, 9]], "rewards": [-1, -2, 2, 3, 0, -2, 1, 0, -4, -1, null], "reward_info": {"-4": {"desc": "pattern_1", "image": "images[0]"}, "-3": {"desc": "pattern_2", "image": "images[1]"}, "-2": {"desc": "pattern_3", "image": "images[2]"}, "-1": {"desc": "pattern_4", "image": "images[3]"}, "0": {"desc": "pattern_5", "image": "images[4]"}, "1": {"desc": "pattern_6", "image": "images[5]"}, "2": {"desc": "pattern_7", "image": "images[6]"}, "3": {"desc": "pattern_8", "image": "images[7]"}, "4": {"desc": "pattern_9", "image": "images[8]"}}, "initial_stage": "planning", "hide_states": false, "hide_rewards_while_acting": false, "hide_edges_while_acting": false, "gaze_contingent": false, "gaze_tolerance": 1.5, "fixation_lag": 0.5, "start": 10}
2024-09-09 11:45:53,508 [INFO]  <eyetracking.EyeLink object at 0x3177c5370>
2024-09-09 11:45:53,508 [DEBUG]  GraphTrial.log 719.049 begin drift_check 
2024-09-09 11:45:55,679 [DEBUG]  GraphTrial.log 721.219 initialize status = None
2024-09-09 11:45:55,679 [DEBUG]  GraphTrial.log 721.220 start recording 
2024-09-09 11:45:55,679 [INFO]  start_recording
2024-09-09 11:45:55,807 [DEBUG]  GraphTrial.log 721.348 show graph 
2024-09-09 11:45:55,815 [DEBUG]  STREAM b'IHDR' 16 13
2024-09-09 11:45:55,816 [DEBUG]  STREAM b'IDAT' 41 65536
2024-09-09 11:45:55,828 [DEBUG]  STREAM b'IHDR' 16 13
2024-09-09 11:45:55,828 [DEBUG]  STREAM b'IDAT' 41 65536
2024-09-09 11:45:55,838 [DEBUG]  STREAM b'IHDR' 16 13
2024-09-09 11:45:55,838 [DEBUG]  STREAM b'IDAT' 41 65536
2024-09-09 11:45:55,846 [DEBUG]  STREAM b'IHDR' 16 13
2024-09-09 11:45:55,846 [DEBUG]  STREAM b'IDAT' 41 65536
2024-09-09 11:45:55,855 [DEBUG]  STREAM b'IHDR' 16 13
2024-09-09 11:45:55,855 [DEBUG]  STREAM b'IDAT' 41 65536
2024-09-09 11:45:55,862 [DEBUG]  STREAM b'IHDR' 16 13
2024-09-09 11:45:55,862 [DEBUG]  STREAM b'IDAT' 41 65536
2024-09-09 11:45:55,868 [DEBUG]  STREAM b'IHDR' 16 13
2024-09-09 11:45:55,868 [DEBUG]  STREAM b'IDAT' 41 65536
2024-09-09 11:45:55,873 [DEBUG]  STREAM b'IHDR' 16 13
2024-09-09 11:45:55,873 [DEBUG]  STREAM b'IDAT' 41 65536
2024-09-09 11:45:55,880 [DEBUG]  STREAM b'IHDR' 16 13
2024-09-09 11:45:55,880 [DEBUG]  STREAM b'IDAT' 41 65536
2024-09-09 11:45:55,885 [DEBUG]  STREAM b'IHDR' 16 13
2024-09-09 11:45:55,885 [DEBUG]  STREAM b'IDAT' 41 65536
2024-09-09 11:45:55,890 [DEBUG]  STREAM b'IHDR' 16 13
2024-09-09 11:45:55,890 [DEBUG]  STREAM b'IDAT' 41 65536
2024-09-09 11:45:55,895 [DEBUG]  STREAM b'IHDR' 16 13
2024-09-09 11:45:55,895 [DEBUG]  STREAM b'IDAT' 41 65536
2024-09-09 11:45:55,901 [DEBUG]  STREAM b'IHDR' 16 13
2024-09-09 11:45:55,901 [DEBUG]  STREAM b'IDAT' 41 65536
2024-09-09 11:45:55,906 [DEBUG]  STREAM b'IHDR' 16 13
2024-09-09 11:45:55,906 [DEBUG]  STREAM b'IDAT' 41 65536
2024-09-09 11:45:55,911 [DEBUG]  STREAM b'IHDR' 16 13
2024-09-09 11:45:55,911 [DEBUG]  STREAM b'IDAT' 41 65536
2024-09-09 11:45:55,915 [DEBUG]  STREAM b'IHDR' 16 13
2024-09-09 11:45:55,915 [DEBUG]  STREAM b'IDAT' 41 65536
2024-09-09 11:45:55,921 [DEBUG]  STREAM b'IHDR' 16 13
2024-09-09 11:45:55,921 [DEBUG]  STREAM b'IDAT' 41 65536
2024-09-09 11:45:55,925 [DEBUG]  STREAM b'IHDR' 16 13
2024-09-09 11:45:55,925 [DEBUG]  STREAM b'IDAT' 41 65536
2024-09-09 11:45:55,929 [DEBUG]  STREAM b'IHDR' 16 13
2024-09-09 11:45:55,929 [DEBUG]  STREAM b'IDAT' 41 65536
2024-09-09 11:45:55,934 [DEBUG]  STREAM b'IHDR' 16 13
2024-09-09 11:45:55,934 [DEBUG]  STREAM b'IDAT' 41 65536
2024-09-09 11:45:55,939 [DEBUG]  STREAM b'IHDR' 16 13
2024-09-09 11:45:55,939 [DEBUG]  STREAM b'IDAT' 41 65536
2024-09-09 11:45:55,943 [DEBUG]  STREAM b'IHDR' 16 13
2024-09-09 11:45:55,943 [DEBUG]  STREAM b'IDAT' 41 65536
2024-09-09 11:45:55,947 [DEBUG]  STREAM b'IHDR' 16 13
2024-09-09 11:45:55,947 [DEBUG]  STREAM b'IDAT' 41 65536
2024-09-09 11:45:55,951 [DEBUG]  STREAM b'IHDR' 16 13
2024-09-09 11:45:55,951 [DEBUG]  STREAM b'IDAT' 41 65536
2024-09-09 11:45:55,957 [DEBUG]  STREAM b'IHDR' 16 13
2024-09-09 11:45:55,957 [DEBUG]  STREAM b'IDAT' 41 65536
2024-09-09 11:45:55,961 [DEBUG]  STREAM b'IHDR' 16 13
2024-09-09 11:45:55,961 [DEBUG]  STREAM b'IDAT' 41 65536
2024-09-09 11:45:55,965 [DEBUG]  STREAM b'IHDR' 16 13
2024-09-09 11:45:55,965 [DEBUG]  STREAM b'IDAT' 41 65536
2024-09-09 11:45:55,969 [DEBUG]  STREAM b'IHDR' 16 13
2024-09-09 11:45:55,969 [DEBUG]  STREAM b'IDAT' 41 65536
2024-09-09 11:45:55,974 [DEBUG]  STREAM b'IHDR' 16 13
2024-09-09 11:45:55,974 [DEBUG]  STREAM b'IDAT' 41 65536
2024-09-09 11:45:55,979 [DEBUG]  STREAM b'IHDR' 16 13
2024-09-09 11:45:55,979 [DEBUG]  STREAM b'IDAT' 41 65536
2024-09-09 11:45:55,983 [DEBUG]  STREAM b'IHDR' 16 13
2024-09-09 11:45:55,983 [DEBUG]  STREAM b'IDAT' 41 65536
2024-09-09 11:45:55,987 [DEBUG]  STREAM b'IHDR' 16 13
2024-09-09 11:45:55,987 [DEBUG]  STREAM b'IDAT' 41 65536
2024-09-09 11:45:55,993 [DEBUG]  STREAM b'IHDR' 16 13
2024-09-09 11:45:55,993 [DEBUG]  STREAM b'IDAT' 41 65536
2024-09-09 11:45:55,998 [DEBUG]  STREAM b'IHDR' 16 13
2024-09-09 11:45:55,998 [DEBUG]  STREAM b'IDAT' 41 65536
2024-09-09 11:45:56,002 [DEBUG]  STREAM b'IHDR' 16 13
2024-09-09 11:45:56,002 [DEBUG]  STREAM b'IDAT' 41 65536
2024-09-09 11:45:56,006 [DEBUG]  STREAM b'IHDR' 16 13
2024-09-09 11:45:56,006 [DEBUG]  STREAM b'IDAT' 41 65536
2024-09-09 11:45:56,012 [DEBUG]  STREAM b'IHDR' 16 13
2024-09-09 11:45:56,012 [DEBUG]  STREAM b'IDAT' 41 65536
2024-09-09 11:45:56,016 [DEBUG]  STREAM b'IHDR' 16 13
2024-09-09 11:45:56,016 [DEBUG]  STREAM b'IDAT' 41 65536
2024-09-09 11:45:56,020 [DEBUG]  STREAM b'IHDR' 16 13
2024-09-09 11:45:56,020 [DEBUG]  STREAM b'IDAT' 41 65536
2024-09-09 11:45:56,024 [DEBUG]  STREAM b'IHDR' 16 13
2024-09-09 11:45:56,024 [DEBUG]  STREAM b'IDAT' 41 65536
2024-09-09 11:45:56,034 [DEBUG]  GraphTrial.log 721.575 visit state = 10
2024-09-09 11:45:56,040 [DEBUG]  GraphTrial.log 721.580 start flip_time = 721.5802792083332
2024-09-09 11:45:56,044 [DEBUG]  GraphTrial.log 721.585 get move selected = 8
2024-09-09 11:45:57,203 [DEBUG]  GraphTrial.log 722.743 switch selected = 9
2024-09-09 11:45:58,460 [DEBUG]  GraphTrial.log 724.001 switch selected = 8
2024-09-09 11:45:58,948 [DEBUG]  GraphTrial.log 724.488 switch selected = 9
2024-09-09 11:45:59,859 [DEBUG]  GraphTrial.log 725.400 select selected = 9
2024-09-09 11:45:59,859 [DEBUG]  GraphTrial.log 725.400 visit state = 9
2024-09-09 11:45:59,869 [DEBUG]  GraphTrial.log 725.409 get move selected = 5
2024-09-09 11:46:00,228 [DEBUG]  GraphTrial.log 725.768 switch selected = 3
2024-09-09 11:46:00,947 [DEBUG]  GraphTrial.log 726.488 select selected = 3
2024-09-09 11:46:00,947 [DEBUG]  GraphTrial.log 726.488 visit state = 3
2024-09-09 11:46:02,792 [DEBUG]  GraphTrial.log 728.332 done 
2024-09-09 11:46:02,792 [INFO]  end trial [{"time": 719.0485257916666, "event": "begin drift_check"}, {"time": 721.2194270416667, "event": "initialize", "status": null}, {"time": 721.219777291667, "event": "start recording"}, {"time": 721.3479585833334, "event": "show graph"}, {"time": 721.5751356249998, "event": "visit", "state": 10}, {"time": 721.5803069583335, "event": "start", "flip_time": 721.5802792083332}, {"time": 721.5849452916668, "event": "get move", "selected": 8}, {"time": 722.7433904166669, "event": "switch", "selected": 9}, {"time": 724.000550625, "event": "switch", "selected": 8}, {"time": 724.4882761666668, "event": "switch", "selected": 9}, {"time": 725.4000462499998, "event": "select", "selected": 9}, {"time": 725.4001138333333, "event": "visit", "state": 9}, {"time": 725.4091980833332, "event": "get move", "selected": 5}, {"time": 725.7684698333333, "event": "switch", "selected": 3}, {"time": 726.4878547916669, "event": "select", "selected": 3}, {"time": 726.4879175416668, "event": "visit", "state": 3}, {"time": 728.332389541667, "event": "done"}]
2024-09-09 11:46:02,792 [INFO]  stop_recording
2024-09-09 11:46:02,849 [INFO]  gt.status is None
2024-09-09 11:46:02,849 [DEBUG]  add bonus points 2 (total = 185)
2024-09-09 11:46:02,849 [INFO]  Trial 37 of 260
2024-09-09 11:46:04,300 [INFO]  begin trial {"kind": "GraphTrial", "graph": [[4], [], [7, 1], [], [], [], [9, 0], [1, 10], [], [3, 8], [5]], "rewards": [3, -1, -1, -1, 3, -3, null, -3, 1, -4, 3], "reward_info": {"-4": {"desc": "pattern_1", "image": "images[0]"}, "-3": {"desc": "pattern_2", "image": "images[1]"}, "-2": {"desc": "pattern_3", "image": "images[2]"}, "-1": {"desc": "pattern_4", "image": "images[3]"}, "0": {"desc": "pattern_5", "image": "images[4]"}, "1": {"desc": "pattern_6", "image": "images[5]"}, "2": {"desc": "pattern_7", "image": "images[6]"}, "3": {"desc": "pattern_8", "image": "images[7]"}, "4": {"desc": "pattern_9", "image": "images[8]"}}, "initial_stage": "planning", "hide_states": false, "hide_rewards_while_acting": false, "hide_edges_while_acting": false, "gaze_contingent": false, "gaze_tolerance": 1.5, "fixation_lag": 0.5, "start": 6}
2024-09-09 11:46:04,300 [INFO]  <eyetracking.EyeLink object at 0x3177c5370>
2024-09-09 11:46:04,300 [DEBUG]  GraphTrial.log 729.840 begin drift_check 
2024-09-09 11:46:05,930 [DEBUG]  GraphTrial.log 731.470 initialize status = None
2024-09-09 11:46:05,930 [DEBUG]  GraphTrial.log 731.470 start recording 
2024-09-09 11:46:05,930 [INFO]  start_recording
2024-09-09 11:46:06,055 [DEBUG]  GraphTrial.log 731.596 show graph 
2024-09-09 11:46:06,064 [DEBUG]  STREAM b'IHDR' 16 13
2024-09-09 11:46:06,064 [DEBUG]  STREAM b'IDAT' 41 65536
2024-09-09 11:46:06,078 [DEBUG]  STREAM b'IHDR' 16 13
2024-09-09 11:46:06,078 [DEBUG]  STREAM b'IDAT' 41 65536
2024-09-09 11:46:06,088 [DEBUG]  STREAM b'IHDR' 16 13
2024-09-09 11:46:06,088 [DEBUG]  STREAM b'IDAT' 41 65536
2024-09-09 11:46:06,097 [DEBUG]  STREAM b'IHDR' 16 13
2024-09-09 11:46:06,097 [DEBUG]  STREAM b'IDAT' 41 65536
2024-09-09 11:46:06,107 [DEBUG]  STREAM b'IHDR' 16 13
2024-09-09 11:46:06,107 [DEBUG]  STREAM b'IDAT' 41 65536
2024-09-09 11:46:06,113 [DEBUG]  STREAM b'IHDR' 16 13
2024-09-09 11:46:06,113 [DEBUG]  STREAM b'IDAT' 41 65536
2024-09-09 11:46:06,119 [DEBUG]  STREAM b'IHDR' 16 13
2024-09-09 11:46:06,119 [DEBUG]  STREAM b'IDAT' 41 65536
2024-09-09 11:46:06,124 [DEBUG]  STREAM b'IHDR' 16 13
2024-09-09 11:46:06,124 [DEBUG]  STREAM b'IDAT' 41 65536
2024-09-09 11:46:06,131 [DEBUG]  STREAM b'IHDR' 16 13
2024-09-09 11:46:06,131 [DEBUG]  STREAM b'IDAT' 41 65536
2024-09-09 11:46:06,136 [DEBUG]  STREAM b'IHDR' 16 13
2024-09-09 11:46:06,136 [DEBUG]  STREAM b'IDAT' 41 65536
2024-09-09 11:46:06,140 [DEBUG]  STREAM b'IHDR' 16 13
2024-09-09 11:46:06,140 [DEBUG]  STREAM b'IDAT' 41 65536
2024-09-09 11:46:06,145 [DEBUG]  STREAM b'IHDR' 16 13
2024-09-09 11:46:06,145 [DEBUG]  STREAM b'IDAT' 41 65536
2024-09-09 11:46:06,151 [DEBUG]  STREAM b'IHDR' 16 13
2024-09-09 11:46:06,151 [DEBUG]  STREAM b'IDAT' 41 65536
2024-09-09 11:46:06,155 [DEBUG]  STREAM b'IHDR' 16 13
2024-09-09 11:46:06,155 [DEBUG]  STREAM b'IDAT' 41 65536
2024-09-09 11:46:06,159 [DEBUG]  STREAM b'IHDR' 16 13
2024-09-09 11:46:06,159 [DEBUG]  STREAM b'IDAT' 41 65536
2024-09-09 11:46:06,163 [DEBUG]  STREAM b'IHDR' 16 13
2024-09-09 11:46:06,164 [DEBUG]  STREAM b'IDAT' 41 65536
2024-09-09 11:46:06,169 [DEBUG]  STREAM b'IHDR' 16 13
2024-09-09 11:46:06,169 [DEBUG]  STREAM b'IDAT' 41 65536
2024-09-09 11:46:06,173 [DEBUG]  STREAM b'IHDR' 16 13
2024-09-09 11:46:06,173 [DEBUG]  STREAM b'IDAT' 41 65536
2024-09-09 11:46:06,178 [DEBUG]  STREAM b'IHDR' 16 13
2024-09-09 11:46:06,178 [DEBUG]  STREAM b'IDAT' 41 65536
2024-09-09 11:46:06,182 [DEBUG]  STREAM b'IHDR' 16 13
2024-09-09 11:46:06,182 [DEBUG]  STREAM b'IDAT' 41 65536
2024-09-09 11:46:06,188 [DEBUG]  STREAM b'IHDR' 16 13
2024-09-09 11:46:06,188 [DEBUG]  STREAM b'IDAT' 41 65536
2024-09-09 11:46:06,192 [DEBUG]  STREAM b'IHDR' 16 13
2024-09-09 11:46:06,192 [DEBUG]  STREAM b'IDAT' 41 65536
2024-09-09 11:46:06,196 [DEBUG]  STREAM b'IHDR' 16 13
2024-09-09 11:46:06,196 [DEBUG]  STREAM b'IDAT' 41 65536
2024-09-09 11:46:06,200 [DEBUG]  STREAM b'IHDR' 16 13
2024-09-09 11:46:06,201 [DEBUG]  STREAM b'IDAT' 41 65536
2024-09-09 11:46:06,207 [DEBUG]  STREAM b'IHDR' 16 13
2024-09-09 11:46:06,207 [DEBUG]  STREAM b'IDAT' 41 65536
2024-09-09 11:46:06,211 [DEBUG]  STREAM b'IHDR' 16 13
2024-09-09 11:46:06,211 [DEBUG]  STREAM b'IDAT' 41 65536
2024-09-09 11:46:06,215 [DEBUG]  STREAM b'IHDR' 16 13
2024-09-09 11:46:06,215 [DEBUG]  STREAM b'IDAT' 41 65536
2024-09-09 11:46:06,219 [DEBUG]  STREAM b'IHDR' 16 13
2024-09-09 11:46:06,219 [DEBUG]  STREAM b'IDAT' 41 65536
2024-09-09 11:46:06,225 [DEBUG]  STREAM b'IHDR' 16 13
2024-09-09 11:46:06,225 [DEBUG]  STREAM b'IDAT' 41 65536
2024-09-09 11:46:06,229 [DEBUG]  STREAM b'IHDR' 16 13
2024-09-09 11:46:06,229 [DEBUG]  STREAM b'IDAT' 41 65536
2024-09-09 11:46:06,233 [DEBUG]  STREAM b'IHDR' 16 13
2024-09-09 11:46:06,233 [DEBUG]  STREAM b'IDAT' 41 65536
2024-09-09 11:46:06,237 [DEBUG]  STREAM b'IHDR' 16 13
2024-09-09 11:46:06,237 [DEBUG]  STREAM b'IDAT' 41 65536
2024-09-09 11:46:06,243 [DEBUG]  STREAM b'IHDR' 16 13
2024-09-09 11:46:06,243 [DEBUG]  STREAM b'IDAT' 41 65536
2024-09-09 11:46:06,247 [DEBUG]  STREAM b'IHDR' 16 13
2024-09-09 11:46:06,247 [DEBUG]  STREAM b'IDAT' 41 65536
2024-09-09 11:46:06,251 [DEBUG]  STREAM b'IHDR' 16 13
2024-09-09 11:46:06,251 [DEBUG]  STREAM b'IDAT' 41 65536
2024-09-09 11:46:06,255 [DEBUG]  STREAM b'IHDR' 16 13
2024-09-09 11:46:06,255 [DEBUG]  STREAM b'IDAT' 41 65536
2024-09-09 11:46:06,260 [DEBUG]  STREAM b'IHDR' 16 13
2024-09-09 11:46:06,260 [DEBUG]  STREAM b'IDAT' 41 65536
2024-09-09 11:46:06,265 [DEBUG]  STREAM b'IHDR' 16 13
2024-09-09 11:46:06,265 [DEBUG]  STREAM b'IDAT' 41 65536
2024-09-09 11:46:06,269 [DEBUG]  STREAM b'IHDR' 16 13
2024-09-09 11:46:06,269 [DEBUG]  STREAM b'IDAT' 41 65536
2024-09-09 11:46:06,274 [DEBUG]  STREAM b'IHDR' 16 13
2024-09-09 11:46:06,274 [DEBUG]  STREAM b'IDAT' 41 65536
2024-09-09 11:46:06,284 [DEBUG]  GraphTrial.log 731.825 visit state = 6
2024-09-09 11:46:06,289 [DEBUG]  GraphTrial.log 731.830 start flip_time = 731.8298960416669
2024-09-09 11:46:06,294 [DEBUG]  GraphTrial.log 731.834 get move selected = 9
2024-09-09 11:46:07,204 [DEBUG]  GraphTrial.log 732.745 switch selected = 0
2024-09-09 11:46:08,083 [DEBUG]  GraphTrial.log 733.624 select selected = 0
2024-09-09 11:46:08,084 [DEBUG]  GraphTrial.log 733.624 visit state = 0
2024-09-09 11:46:08,096 [DEBUG]  GraphTrial.log 733.636 get move selected = 4
2024-09-09 11:46:09,195 [DEBUG]  GraphTrial.log 734.736 select selected = 4
2024-09-09 11:46:09,196 [DEBUG]  GraphTrial.log 734.736 visit state = 4
2024-09-09 11:46:11,042 [DEBUG]  GraphTrial.log 736.582 done 
2024-09-09 11:46:11,042 [INFO]  end trial [{"time": 729.8404030833335, "event": "begin drift_check"}, {"time": 731.4701278749999, "event": "initialize", "status": null}, {"time": 731.4704679583333, "event": "start recording"}, {"time": 731.5956873749997, "event": "show graph"}, {"time": 731.824512541667, "event": "visit", "state": 6}, {"time": 731.8299117083334, "event": "start", "flip_time": 731.8298960416669}, {"time": 731.8344150833332, "event": "get move", "selected": 9}, {"time": 732.7448445833334, "event": "switch", "selected": 0}, {"time": 733.6241052916666, "event": "select", "selected": 0}, {"time": 733.6241713750001, "event": "visit", "state": 0}, {"time": 733.6361906249999, "event": "get move", "selected": 4}, {"time": 734.7361274999998, "event": "select", "selected": 4}, {"time": 734.7362067499998, "event": "visit", "state": 4}, {"time": 736.5823307083333, "event": "done"}]
2024-09-09 11:46:11,042 [INFO]  stop_recording
2024-09-09 11:46:11,059 [INFO]  gt.status is None
2024-09-09 11:46:11,059 [DEBUG]  add bonus points 6 (total = 191)
2024-09-09 11:46:11,059 [INFO]  Trial 38 of 260
2024-09-09 11:46:12,252 [INFO]  begin trial {"kind": "GraphTrial", "graph": [[1, 2], [], [], [], [], [0, 1], [7, 3], [], [6, 10], [], [4, 9]], "rewards": [2, -2, 2, 4, -4, 4, 2, 2, null, 0, 3], "reward_info": {"-4": {"desc": "pattern_1", "image": "images[0]"}, "-3": {"desc": "pattern_2", "image": "images[1]"}, "-2": {"desc": "pattern_3", "image": "images[2]"}, "-1": {"desc": "pattern_4", "image": "images[3]"}, "0": {"desc": "pattern_5", "image": "images[4]"}, "1": {"desc": "pattern_6", "image": "images[5]"}, "2": {"desc": "pattern_7", "image": "images[6]"}, "3": {"desc": "pattern_8", "image": "images[7]"}, "4": {"desc": "pattern_9", "image": "images[8]"}}, "initial_stage": "planning", "hide_states": false, "hide_rewards_while_acting": false, "hide_edges_while_acting": false, "gaze_contingent": false, "gaze_tolerance": 1.5, "fixation_lag": 0.5, "start": 8}
2024-09-09 11:46:12,252 [INFO]  <eyetracking.EyeLink object at 0x3177c5370>
2024-09-09 11:46:12,252 [DEBUG]  GraphTrial.log 737.793 begin drift_check 
2024-09-09 11:46:13,727 [DEBUG]  GraphTrial.log 739.267 initialize status = None
2024-09-09 11:46:13,727 [DEBUG]  GraphTrial.log 739.268 start recording 
2024-09-09 11:46:13,727 [INFO]  start_recording
2024-09-09 11:46:13,852 [DEBUG]  GraphTrial.log 739.393 show graph 
2024-09-09 11:46:13,861 [DEBUG]  STREAM b'IHDR' 16 13
2024-09-09 11:46:13,861 [DEBUG]  STREAM b'IDAT' 41 65536
2024-09-09 11:46:13,874 [DEBUG]  STREAM b'IHDR' 16 13
2024-09-09 11:46:13,874 [DEBUG]  STREAM b'IDAT' 41 65536
2024-09-09 11:46:13,884 [DEBUG]  STREAM b'IHDR' 16 13
2024-09-09 11:46:13,884 [DEBUG]  STREAM b'IDAT' 41 65536
2024-09-09 11:46:13,893 [DEBUG]  STREAM b'IHDR' 16 13
2024-09-09 11:46:13,893 [DEBUG]  STREAM b'IDAT' 41 65536
2024-09-09 11:46:13,903 [DEBUG]  STREAM b'IHDR' 16 13
2024-09-09 11:46:13,903 [DEBUG]  STREAM b'IDAT' 41 65536
2024-09-09 11:46:13,909 [DEBUG]  STREAM b'IHDR' 16 13
2024-09-09 11:46:13,909 [DEBUG]  STREAM b'IDAT' 41 65536
2024-09-09 11:46:13,915 [DEBUG]  STREAM b'IHDR' 16 13
2024-09-09 11:46:13,915 [DEBUG]  STREAM b'IDAT' 41 65536
2024-09-09 11:46:13,920 [DEBUG]  STREAM b'IHDR' 16 13
2024-09-09 11:46:13,920 [DEBUG]  STREAM b'IDAT' 41 65536
2024-09-09 11:46:13,927 [DEBUG]  STREAM b'IHDR' 16 13
2024-09-09 11:46:13,927 [DEBUG]  STREAM b'IDAT' 41 65536
2024-09-09 11:46:13,932 [DEBUG]  STREAM b'IHDR' 16 13
2024-09-09 11:46:13,932 [DEBUG]  STREAM b'IDAT' 41 65536
2024-09-09 11:46:13,937 [DEBUG]  STREAM b'IHDR' 16 13
2024-09-09 11:46:13,937 [DEBUG]  STREAM b'IDAT' 41 65536
2024-09-09 11:46:13,942 [DEBUG]  STREAM b'IHDR' 16 13
2024-09-09 11:46:13,942 [DEBUG]  STREAM b'IDAT' 41 65536
2024-09-09 11:46:13,948 [DEBUG]  STREAM b'IHDR' 16 13
2024-09-09 11:46:13,948 [DEBUG]  STREAM b'IDAT' 41 65536
2024-09-09 11:46:13,953 [DEBUG]  STREAM b'IHDR' 16 13
2024-09-09 11:46:13,953 [DEBUG]  STREAM b'IDAT' 41 65536
2024-09-09 11:46:13,958 [DEBUG]  STREAM b'IHDR' 16 13
2024-09-09 11:46:13,958 [DEBUG]  STREAM b'IDAT' 41 65536
2024-09-09 11:46:13,962 [DEBUG]  STREAM b'IHDR' 16 13
2024-09-09 11:46:13,962 [DEBUG]  STREAM b'IDAT' 41 65536
2024-09-09 11:46:13,968 [DEBUG]  STREAM b'IHDR' 16 13
2024-09-09 11:46:13,968 [DEBUG]  STREAM b'IDAT' 41 65536
2024-09-09 11:46:13,973 [DEBUG]  STREAM b'IHDR' 16 13
2024-09-09 11:46:13,973 [DEBUG]  STREAM b'IDAT' 41 65536
2024-09-09 11:46:13,977 [DEBUG]  STREAM b'IHDR' 16 13
2024-09-09 11:46:13,977 [DEBUG]  STREAM b'IDAT' 41 65536
2024-09-09 11:46:13,981 [DEBUG]  STREAM b'IHDR' 16 13
2024-09-09 11:46:13,981 [DEBUG]  STREAM b'IDAT' 41 65536
2024-09-09 11:46:13,986 [DEBUG]  STREAM b'IHDR' 16 13
2024-09-09 11:46:13,986 [DEBUG]  STREAM b'IDAT' 41 65536
2024-09-09 11:46:13,991 [DEBUG]  STREAM b'IHDR' 16 13
2024-09-09 11:46:13,991 [DEBUG]  STREAM b'IDAT' 41 65536
2024-09-09 11:46:13,995 [DEBUG]  STREAM b'IHDR' 16 13
2024-09-09 11:46:13,995 [DEBUG]  STREAM b'IDAT' 41 65536
2024-09-09 11:46:14,000 [DEBUG]  STREAM b'IHDR' 16 13
2024-09-09 11:46:14,000 [DEBUG]  STREAM b'IDAT' 41 65536
2024-09-09 11:46:14,006 [DEBUG]  STREAM b'IHDR' 16 13
2024-09-09 11:46:14,006 [DEBUG]  STREAM b'IDAT' 41 65536
2024-09-09 11:46:14,010 [DEBUG]  STREAM b'IHDR' 16 13
2024-09-09 11:46:14,010 [DEBUG]  STREAM b'IDAT' 41 65536
2024-09-09 11:46:14,014 [DEBUG]  STREAM b'IHDR' 16 13
2024-09-09 11:46:14,014 [DEBUG]  STREAM b'IDAT' 41 65536
2024-09-09 11:46:14,018 [DEBUG]  STREAM b'IHDR' 16 13
2024-09-09 11:46:14,018 [DEBUG]  STREAM b'IDAT' 41 65536
2024-09-09 11:46:14,024 [DEBUG]  STREAM b'IHDR' 16 13
2024-09-09 11:46:14,024 [DEBUG]  STREAM b'IDAT' 41 65536
2024-09-09 11:46:14,028 [DEBUG]  STREAM b'IHDR' 16 13
2024-09-09 11:46:14,028 [DEBUG]  STREAM b'IDAT' 41 65536
2024-09-09 11:46:14,033 [DEBUG]  STREAM b'IHDR' 16 13
2024-09-09 11:46:14,033 [DEBUG]  STREAM b'IDAT' 41 65536
2024-09-09 11:46:14,037 [DEBUG]  STREAM b'IHDR' 16 13
2024-09-09 11:46:14,037 [DEBUG]  STREAM b'IDAT' 41 65536
2024-09-09 11:46:14,044 [DEBUG]  STREAM b'IHDR' 16 13
2024-09-09 11:46:14,045 [DEBUG]  STREAM b'IDAT' 41 65536
2024-09-09 11:46:14,049 [DEBUG]  STREAM b'IHDR' 16 13
2024-09-09 11:46:14,049 [DEBUG]  STREAM b'IDAT' 41 65536
2024-09-09 11:46:14,053 [DEBUG]  STREAM b'IHDR' 16 13
2024-09-09 11:46:14,053 [DEBUG]  STREAM b'IDAT' 41 65536
2024-09-09 11:46:14,058 [DEBUG]  STREAM b'IHDR' 16 13
2024-09-09 11:46:14,058 [DEBUG]  STREAM b'IDAT' 41 65536
2024-09-09 11:46:14,063 [DEBUG]  STREAM b'IHDR' 16 13
2024-09-09 11:46:14,063 [DEBUG]  STREAM b'IDAT' 41 65536
2024-09-09 11:46:14,068 [DEBUG]  STREAM b'IHDR' 16 13
2024-09-09 11:46:14,068 [DEBUG]  STREAM b'IDAT' 41 65536
2024-09-09 11:46:14,072 [DEBUG]  STREAM b'IHDR' 16 13
2024-09-09 11:46:14,072 [DEBUG]  STREAM b'IDAT' 41 65536
2024-09-09 11:46:14,076 [DEBUG]  STREAM b'IHDR' 16 13
2024-09-09 11:46:14,076 [DEBUG]  STREAM b'IDAT' 41 65536
2024-09-09 11:46:14,087 [DEBUG]  GraphTrial.log 739.627 visit state = 8
2024-09-09 11:46:14,092 [DEBUG]  GraphTrial.log 739.632 start flip_time = 739.6324571666669
2024-09-09 11:46:14,097 [DEBUG]  GraphTrial.log 739.637 get move selected = 6
2024-09-09 11:46:15,268 [DEBUG]  GraphTrial.log 740.809 switch selected = 10
2024-09-09 11:46:16,524 [DEBUG]  GraphTrial.log 742.064 select selected = 10
2024-09-09 11:46:16,524 [DEBUG]  GraphTrial.log 742.064 visit state = 10
2024-09-09 11:46:16,533 [DEBUG]  GraphTrial.log 742.074 get move selected = 9
2024-09-09 11:46:17,060 [DEBUG]  GraphTrial.log 742.600 switch selected = 4
2024-09-09 11:46:17,884 [DEBUG]  GraphTrial.log 743.425 switch selected = 9
2024-09-09 11:46:18,459 [DEBUG]  GraphTrial.log 744.000 select selected = 9
2024-09-09 11:46:18,459 [DEBUG]  GraphTrial.log 744.000 visit state = 9
2024-09-09 11:46:20,342 [DEBUG]  GraphTrial.log 745.883 done 
2024-09-09 11:46:20,342 [INFO]  end trial [{"time": 737.7927085833335, "event": "begin drift_check"}, {"time": 739.2672099166666, "event": "initialize", "status": null}, {"time": 739.2675675, "event": "start recording"}, {"time": 739.3929064999998, "event": "show graph"}, {"time": 739.6271260833332, "event": "visit", "state": 8}, {"time": 739.6324734166669, "event": "start", "flip_time": 739.6324571666669}, {"time": 739.6371790833332, "event": "get move", "selected": 6}, {"time": 740.8089069999996, "event": "switch", "selected": 10}, {"time": 742.064134541667, "event": "select", "selected": 10}, {"time": 742.0642098333333, "event": "visit", "state": 10}, {"time": 742.0740569166669, "event": "get move", "selected": 9}, {"time": 742.6002925833332, "event": "switch", "selected": 4}, {"time": 743.4245037083333, "event": "switch", "selected": 9}, {"time": 743.9999947916667, "event": "select", "selected": 9}, {"time": 744.0000592083334, "event": "visit", "state": 9}, {"time": 745.8826524583333, "event": "done"}]
2024-09-09 11:46:20,342 [INFO]  stop_recording
2024-09-09 11:46:20,368 [INFO]  gt.status is None
2024-09-09 11:46:20,368 [DEBUG]  add bonus points 3 (total = 194)
2024-09-09 11:46:20,368 [INFO]  Trial 39 of 260
2024-09-09 11:46:21,571 [INFO]  begin trial {"kind": "GraphTrial", "graph": [[], [], [3, 8], [8, 10], [1, 0], [4, 7], [], [6], [], [], [9]], "rewards": [-3, 3, 3, -2, 3, null, -4, -2, -1, 4, -1], "reward_info": {"-4": {"desc": "pattern_1", "image": "images[0]"}, "-3": {"desc": "pattern_2", "image": "images[1]"}, "-2": {"desc": "pattern_3", "image": "images[2]"}, "-1": {"desc": "pattern_4", "image": "images[3]"}, "0": {"desc": "pattern_5", "image": "images[4]"}, "1": {"desc": "pattern_6", "image": "images[5]"}, "2": {"desc": "pattern_7", "image": "images[6]"}, "3": {"desc": "pattern_8", "image": "images[7]"}, "4": {"desc": "pattern_9", "image": "images[8]"}}, "initial_stage": "planning", "hide_states": false, "hide_rewards_while_acting": false, "hide_edges_while_acting": false, "gaze_contingent": false, "gaze_tolerance": 1.5, "fixation_lag": 0.5, "start": 5}
2024-09-09 11:46:21,571 [INFO]  <eyetracking.EyeLink object at 0x3177c5370>
2024-09-09 11:46:21,571 [DEBUG]  GraphTrial.log 747.112 begin drift_check 
2024-09-09 11:46:22,827 [DEBUG]  GraphTrial.log 748.367 initialize status = None
2024-09-09 11:46:22,827 [DEBUG]  GraphTrial.log 748.367 start recording 
2024-09-09 11:46:22,827 [INFO]  start_recording
2024-09-09 11:46:22,952 [DEBUG]  GraphTrial.log 748.492 show graph 
2024-09-09 11:46:22,960 [DEBUG]  STREAM b'IHDR' 16 13
2024-09-09 11:46:22,960 [DEBUG]  STREAM b'IDAT' 41 65536
2024-09-09 11:46:22,972 [DEBUG]  STREAM b'IHDR' 16 13
2024-09-09 11:46:22,972 [DEBUG]  STREAM b'IDAT' 41 65536
2024-09-09 11:46:22,983 [DEBUG]  STREAM b'IHDR' 16 13
2024-09-09 11:46:22,983 [DEBUG]  STREAM b'IDAT' 41 65536
2024-09-09 11:46:22,991 [DEBUG]  STREAM b'IHDR' 16 13
2024-09-09 11:46:22,991 [DEBUG]  STREAM b'IDAT' 41 65536
2024-09-09 11:46:23,000 [DEBUG]  STREAM b'IHDR' 16 13
2024-09-09 11:46:23,000 [DEBUG]  STREAM b'IDAT' 41 65536
2024-09-09 11:46:23,008 [DEBUG]  STREAM b'IHDR' 16 13
2024-09-09 11:46:23,008 [DEBUG]  STREAM b'IDAT' 41 65536
2024-09-09 11:46:23,014 [DEBUG]  STREAM b'IHDR' 16 13
2024-09-09 11:46:23,014 [DEBUG]  STREAM b'IDAT' 41 65536
2024-09-09 11:46:23,020 [DEBUG]  STREAM b'IHDR' 16 13
2024-09-09 11:46:23,020 [DEBUG]  STREAM b'IDAT' 41 65536
2024-09-09 11:46:23,027 [DEBUG]  STREAM b'IHDR' 16 13
2024-09-09 11:46:23,027 [DEBUG]  STREAM b'IDAT' 41 65536
2024-09-09 11:46:23,032 [DEBUG]  STREAM b'IHDR' 16 13
2024-09-09 11:46:23,032 [DEBUG]  STREAM b'IDAT' 41 65536
2024-09-09 11:46:23,037 [DEBUG]  STREAM b'IHDR' 16 13
2024-09-09 11:46:23,037 [DEBUG]  STREAM b'IDAT' 41 65536
2024-09-09 11:46:23,042 [DEBUG]  STREAM b'IHDR' 16 13
2024-09-09 11:46:23,042 [DEBUG]  STREAM b'IDAT' 41 65536
2024-09-09 11:46:23,048 [DEBUG]  STREAM b'IHDR' 16 13
2024-09-09 11:46:23,048 [DEBUG]  STREAM b'IDAT' 41 65536
2024-09-09 11:46:23,053 [DEBUG]  STREAM b'IHDR' 16 13
2024-09-09 11:46:23,053 [DEBUG]  STREAM b'IDAT' 41 65536
2024-09-09 11:46:23,057 [DEBUG]  STREAM b'IHDR' 16 13
2024-09-09 11:46:23,057 [DEBUG]  STREAM b'IDAT' 41 65536
2024-09-09 11:46:23,061 [DEBUG]  STREAM b'IHDR' 16 13
2024-09-09 11:46:23,061 [DEBUG]  STREAM b'IDAT' 41 65536
2024-09-09 11:46:23,067 [DEBUG]  STREAM b'IHDR' 16 13
2024-09-09 11:46:23,067 [DEBUG]  STREAM b'IDAT' 41 65536
2024-09-09 11:46:23,071 [DEBUG]  STREAM b'IHDR' 16 13
2024-09-09 11:46:23,071 [DEBUG]  STREAM b'IDAT' 41 65536
2024-09-09 11:46:23,076 [DEBUG]  STREAM b'IHDR' 16 13
2024-09-09 11:46:23,076 [DEBUG]  STREAM b'IDAT' 41 65536
2024-09-09 11:46:23,080 [DEBUG]  STREAM b'IHDR' 16 13
2024-09-09 11:46:23,080 [DEBUG]  STREAM b'IDAT' 41 65536
2024-09-09 11:46:23,087 [DEBUG]  STREAM b'IHDR' 16 13
2024-09-09 11:46:23,087 [DEBUG]  STREAM b'IDAT' 41 65536
2024-09-09 11:46:23,091 [DEBUG]  STREAM b'IHDR' 16 13
2024-09-09 11:46:23,091 [DEBUG]  STREAM b'IDAT' 41 65536
2024-09-09 11:46:23,095 [DEBUG]  STREAM b'IHDR' 16 13
2024-09-09 11:46:23,095 [DEBUG]  STREAM b'IDAT' 41 65536
2024-09-09 11:46:23,099 [DEBUG]  STREAM b'IHDR' 16 13
2024-09-09 11:46:23,099 [DEBUG]  STREAM b'IDAT' 41 65536
2024-09-09 11:46:23,105 [DEBUG]  STREAM b'IHDR' 16 13
2024-09-09 11:46:23,105 [DEBUG]  STREAM b'IDAT' 41 65536
2024-09-09 11:46:23,109 [DEBUG]  STREAM b'IHDR' 16 13
2024-09-09 11:46:23,109 [DEBUG]  STREAM b'IDAT' 41 65536
2024-09-09 11:46:23,113 [DEBUG]  STREAM b'IHDR' 16 13
2024-09-09 11:46:23,113 [DEBUG]  STREAM b'IDAT' 41 65536
2024-09-09 11:46:23,117 [DEBUG]  STREAM b'IHDR' 16 13
2024-09-09 11:46:23,117 [DEBUG]  STREAM b'IDAT' 41 65536
2024-09-09 11:46:23,122 [DEBUG]  STREAM b'IHDR' 16 13
2024-09-09 11:46:23,122 [DEBUG]  STREAM b'IDAT' 41 65536
2024-09-09 11:46:23,126 [DEBUG]  STREAM b'IHDR' 16 13
2024-09-09 11:46:23,127 [DEBUG]  STREAM b'IDAT' 41 65536
2024-09-09 11:46:23,131 [DEBUG]  STREAM b'IHDR' 16 13
2024-09-09 11:46:23,131 [DEBUG]  STREAM b'IDAT' 41 65536
2024-09-09 11:46:23,135 [DEBUG]  STREAM b'IHDR' 16 13
2024-09-09 11:46:23,135 [DEBUG]  STREAM b'IDAT' 41 65536
2024-09-09 11:46:23,140 [DEBUG]  STREAM b'IHDR' 16 13
2024-09-09 11:46:23,140 [DEBUG]  STREAM b'IDAT' 41 65536
2024-09-09 11:46:23,144 [DEBUG]  STREAM b'IHDR' 16 13
2024-09-09 11:46:23,144 [DEBUG]  STREAM b'IDAT' 41 65536
2024-09-09 11:46:23,149 [DEBUG]  STREAM b'IHDR' 16 13
2024-09-09 11:46:23,149 [DEBUG]  STREAM b'IDAT' 41 65536
2024-09-09 11:46:23,153 [DEBUG]  STREAM b'IHDR' 16 13
2024-09-09 11:46:23,153 [DEBUG]  STREAM b'IDAT' 41 65536
2024-09-09 11:46:23,159 [DEBUG]  STREAM b'IHDR' 16 13
2024-09-09 11:46:23,159 [DEBUG]  STREAM b'IDAT' 41 65536
2024-09-09 11:46:23,163 [DEBUG]  STREAM b'IHDR' 16 13
2024-09-09 11:46:23,163 [DEBUG]  STREAM b'IDAT' 41 65536
2024-09-09 11:46:23,167 [DEBUG]  STREAM b'IHDR' 16 13
2024-09-09 11:46:23,167 [DEBUG]  STREAM b'IDAT' 41 65536
2024-09-09 11:46:23,171 [DEBUG]  STREAM b'IHDR' 16 13
2024-09-09 11:46:23,171 [DEBUG]  STREAM b'IDAT' 41 65536
2024-09-09 11:46:23,181 [DEBUG]  GraphTrial.log 748.722 visit state = 5
2024-09-09 11:46:23,186 [DEBUG]  GraphTrial.log 748.727 start flip_time = 748.7265334583335
2024-09-09 11:46:23,191 [DEBUG]  GraphTrial.log 748.731 get move selected = 7
2024-09-09 11:46:25,452 [DEBUG]  GraphTrial.log 750.993 switch selected = 4
2024-09-09 11:46:26,044 [DEBUG]  GraphTrial.log 751.584 select selected = 4
2024-09-09 11:46:26,044 [DEBUG]  GraphTrial.log 751.584 visit state = 4
2024-09-09 11:46:26,053 [DEBUG]  GraphTrial.log 751.593 get move selected = 0
2024-09-09 11:46:26,580 [DEBUG]  GraphTrial.log 752.120 switch selected = 1
2024-09-09 11:46:26,947 [DEBUG]  GraphTrial.log 752.488 select selected = 1
2024-09-09 11:46:26,947 [DEBUG]  GraphTrial.log 752.488 visit state = 1
2024-09-09 11:46:28,777 [DEBUG]  GraphTrial.log 754.317 done 
2024-09-09 11:46:28,777 [INFO]  end trial [{"time": 747.1117224583331, "event": "begin drift_check"}, {"time": 748.3671669999999, "event": "initialize", "status": null}, {"time": 748.3674790833334, "event": "start recording"}, {"time": 748.4920699583336, "event": "show graph"}, {"time": 748.721536791667, "event": "visit", "state": 5}, {"time": 748.7265593333332, "event": "start", "flip_time": 748.7265334583335}, {"time": 748.7312757499999, "event": "get move", "selected": 7}, {"time": 750.9929440416668, "event": "switch", "selected": 4}, {"time": 751.5841169999999, "event": "select", "selected": 4}, {"time": 751.5841954166667, "event": "visit", "state": 4}, {"time": 751.5933638749998, "event": "get move", "selected": 0}, {"time": 752.1202935833335, "event": "switch", "selected": 1}, {"time": 752.4877614583334, "event": "select", "selected": 1}, {"time": 752.4878236249997, "event": "visit", "state": 1}, {"time": 754.3174010416669, "event": "done"}]
2024-09-09 11:46:28,777 [INFO]  stop_recording
2024-09-09 11:46:28,793 [INFO]  gt.status is None
2024-09-09 11:46:28,793 [DEBUG]  add bonus points 6 (total = 200)
2024-09-09 11:46:28,793 [INFO]  Trial 40 of 260
2024-09-09 11:46:30,268 [INFO]  begin trial {"kind": "GraphTrial", "graph": [[], [6, 4], [10, 0], [9, 8], [], [1, 2], [], [3, 9], [], [], []], "rewards": [0, 4, -4, 2, 3, null, -4, 4, 0, -1, -1], "reward_info": {"-4": {"desc": "pattern_1", "image": "images[0]"}, "-3": {"desc": "pattern_2", "image": "images[1]"}, "-2": {"desc": "pattern_3", "image": "images[2]"}, "-1": {"desc": "pattern_4", "image": "images[3]"}, "0": {"desc": "pattern_5", "image": "images[4]"}, "1": {"desc": "pattern_6", "image": "images[5]"}, "2": {"desc": "pattern_7", "image": "images[6]"}, "3": {"desc": "pattern_8", "image": "images[7]"}, "4": {"desc": "pattern_9", "image": "images[8]"}}, "initial_stage": "planning", "hide_states": false, "hide_rewards_while_acting": false, "hide_edges_while_acting": false, "gaze_contingent": false, "gaze_tolerance": 1.5, "fixation_lag": 0.5, "start": 5}
2024-09-09 11:46:30,268 [INFO]  <eyetracking.EyeLink object at 0x3177c5370>
2024-09-09 11:46:30,268 [DEBUG]  GraphTrial.log 755.808 begin drift_check 
2024-09-09 11:46:31,728 [DEBUG]  GraphTrial.log 757.268 initialize status = None
2024-09-09 11:46:31,728 [DEBUG]  GraphTrial.log 757.269 start recording 
2024-09-09 11:46:31,728 [INFO]  start_recording
2024-09-09 11:46:31,853 [DEBUG]  GraphTrial.log 757.393 show graph 
2024-09-09 11:46:31,861 [DEBUG]  STREAM b'IHDR' 16 13
2024-09-09 11:46:31,861 [DEBUG]  STREAM b'IDAT' 41 65536
2024-09-09 11:46:31,874 [DEBUG]  STREAM b'IHDR' 16 13
2024-09-09 11:46:31,874 [DEBUG]  STREAM b'IDAT' 41 65536
2024-09-09 11:46:31,884 [DEBUG]  STREAM b'IHDR' 16 13
2024-09-09 11:46:31,884 [DEBUG]  STREAM b'IDAT' 41 65536
2024-09-09 11:46:31,892 [DEBUG]  STREAM b'IHDR' 16 13
2024-09-09 11:46:31,892 [DEBUG]  STREAM b'IDAT' 41 65536
2024-09-09 11:46:31,902 [DEBUG]  STREAM b'IHDR' 16 13
2024-09-09 11:46:31,902 [DEBUG]  STREAM b'IDAT' 41 65536
2024-09-09 11:46:31,909 [DEBUG]  STREAM b'IHDR' 16 13
2024-09-09 11:46:31,909 [DEBUG]  STREAM b'IDAT' 41 65536
2024-09-09 11:46:31,916 [DEBUG]  STREAM b'IHDR' 16 13
2024-09-09 11:46:31,916 [DEBUG]  STREAM b'IDAT' 41 65536
2024-09-09 11:46:31,921 [DEBUG]  STREAM b'IHDR' 16 13
2024-09-09 11:46:31,921 [DEBUG]  STREAM b'IDAT' 41 65536
2024-09-09 11:46:31,929 [DEBUG]  STREAM b'IHDR' 16 13
2024-09-09 11:46:31,929 [DEBUG]  STREAM b'IDAT' 41 65536
2024-09-09 11:46:31,934 [DEBUG]  STREAM b'IHDR' 16 13
2024-09-09 11:46:31,934 [DEBUG]  STREAM b'IDAT' 41 65536
2024-09-09 11:46:31,938 [DEBUG]  STREAM b'IHDR' 16 13
2024-09-09 11:46:31,938 [DEBUG]  STREAM b'IDAT' 41 65536
2024-09-09 11:46:31,943 [DEBUG]  STREAM b'IHDR' 16 13
2024-09-09 11:46:31,943 [DEBUG]  STREAM b'IDAT' 41 65536
2024-09-09 11:46:31,949 [DEBUG]  STREAM b'IHDR' 16 13
2024-09-09 11:46:31,949 [DEBUG]  STREAM b'IDAT' 41 65536
2024-09-09 11:46:31,953 [DEBUG]  STREAM b'IHDR' 16 13
2024-09-09 11:46:31,954 [DEBUG]  STREAM b'IDAT' 41 65536
2024-09-09 11:46:31,958 [DEBUG]  STREAM b'IHDR' 16 13
2024-09-09 11:46:31,958 [DEBUG]  STREAM b'IDAT' 41 65536
2024-09-09 11:46:31,962 [DEBUG]  STREAM b'IHDR' 16 13
2024-09-09 11:46:31,962 [DEBUG]  STREAM b'IDAT' 41 65536
2024-09-09 11:46:31,968 [DEBUG]  STREAM b'IHDR' 16 13
2024-09-09 11:46:31,968 [DEBUG]  STREAM b'IDAT' 41 65536
2024-09-09 11:46:31,973 [DEBUG]  STREAM b'IHDR' 16 13
2024-09-09 11:46:31,973 [DEBUG]  STREAM b'IDAT' 41 65536
2024-09-09 11:46:31,977 [DEBUG]  STREAM b'IHDR' 16 13
2024-09-09 11:46:31,977 [DEBUG]  STREAM b'IDAT' 41 65536
2024-09-09 11:46:31,981 [DEBUG]  STREAM b'IHDR' 16 13
2024-09-09 11:46:31,981 [DEBUG]  STREAM b'IDAT' 41 65536
2024-09-09 11:46:31,988 [DEBUG]  STREAM b'IHDR' 16 13
2024-09-09 11:46:31,988 [DEBUG]  STREAM b'IDAT' 41 65536
2024-09-09 11:46:31,993 [DEBUG]  STREAM b'IHDR' 16 13
2024-09-09 11:46:31,993 [DEBUG]  STREAM b'IDAT' 41 65536
2024-09-09 11:46:31,997 [DEBUG]  STREAM b'IHDR' 16 13
2024-09-09 11:46:31,997 [DEBUG]  STREAM b'IDAT' 41 65536
2024-09-09 11:46:32,001 [DEBUG]  STREAM b'IHDR' 16 13
2024-09-09 11:46:32,001 [DEBUG]  STREAM b'IDAT' 41 65536
2024-09-09 11:46:32,006 [DEBUG]  STREAM b'IHDR' 16 13
2024-09-09 11:46:32,006 [DEBUG]  STREAM b'IDAT' 41 65536
2024-09-09 11:46:32,011 [DEBUG]  STREAM b'IHDR' 16 13
2024-09-09 11:46:32,011 [DEBUG]  STREAM b'IDAT' 41 65536
2024-09-09 11:46:32,015 [DEBUG]  STREAM b'IHDR' 16 13
2024-09-09 11:46:32,015 [DEBUG]  STREAM b'IDAT' 41 65536
2024-09-09 11:46:32,020 [DEBUG]  STREAM b'IHDR' 16 13
2024-09-09 11:46:32,020 [DEBUG]  STREAM b'IDAT' 41 65536
2024-09-09 11:46:32,025 [DEBUG]  STREAM b'IHDR' 16 13
2024-09-09 11:46:32,026 [DEBUG]  STREAM b'IDAT' 41 65536
2024-09-09 11:46:32,030 [DEBUG]  STREAM b'IHDR' 16 13
2024-09-09 11:46:32,030 [DEBUG]  STREAM b'IDAT' 41 65536
2024-09-09 11:46:32,034 [DEBUG]  STREAM b'IHDR' 16 13
2024-09-09 11:46:32,034 [DEBUG]  STREAM b'IDAT' 41 65536
2024-09-09 11:46:32,038 [DEBUG]  STREAM b'IHDR' 16 13
2024-09-09 11:46:32,038 [DEBUG]  STREAM b'IDAT' 41 65536
2024-09-09 11:46:32,044 [DEBUG]  STREAM b'IHDR' 16 13
2024-09-09 11:46:32,044 [DEBUG]  STREAM b'IDAT' 41 65536
2024-09-09 11:46:32,048 [DEBUG]  STREAM b'IHDR' 16 13
2024-09-09 11:46:32,048 [DEBUG]  STREAM b'IDAT' 41 65536
2024-09-09 11:46:32,052 [DEBUG]  STREAM b'IHDR' 16 13
2024-09-09 11:46:32,052 [DEBUG]  STREAM b'IDAT' 41 65536
2024-09-09 11:46:32,056 [DEBUG]  STREAM b'IHDR' 16 13
2024-09-09 11:46:32,056 [DEBUG]  STREAM b'IDAT' 41 65536
2024-09-09 11:46:32,061 [DEBUG]  STREAM b'IHDR' 16 13
2024-09-09 11:46:32,061 [DEBUG]  STREAM b'IDAT' 41 65536
2024-09-09 11:46:32,065 [DEBUG]  STREAM b'IHDR' 16 13
2024-09-09 11:46:32,065 [DEBUG]  STREAM b'IDAT' 41 65536
2024-09-09 11:46:32,069 [DEBUG]  STREAM b'IHDR' 16 13
2024-09-09 11:46:32,069 [DEBUG]  STREAM b'IDAT' 41 65536
2024-09-09 11:46:32,073 [DEBUG]  STREAM b'IHDR' 16 13
2024-09-09 11:46:32,073 [DEBUG]  STREAM b'IDAT' 41 65536
2024-09-09 11:46:32,083 [DEBUG]  GraphTrial.log 757.623 visit state = 5
2024-09-09 11:46:32,088 [DEBUG]  GraphTrial.log 757.629 start flip_time = 757.6288543333335
2024-09-09 11:46:32,093 [DEBUG]  GraphTrial.log 757.633 get move selected = 1
2024-09-09 11:46:33,284 [DEBUG]  GraphTrial.log 758.824 select selected = 1
2024-09-09 11:46:33,284 [DEBUG]  GraphTrial.log 758.824 visit state = 1
2024-09-09 11:46:33,299 [DEBUG]  GraphTrial.log 758.839 get move selected = 6
2024-09-09 11:46:33,956 [DEBUG]  GraphTrial.log 759.497 switch selected = 4
2024-09-09 11:46:34,347 [DEBUG]  GraphTrial.log 759.888 select selected = 4
2024-09-09 11:46:34,347 [DEBUG]  GraphTrial.log 759.888 visit state = 4
2024-09-09 11:46:36,192 [DEBUG]  GraphTrial.log 761.732 done 
2024-09-09 11:46:36,192 [INFO]  end trial [{"time": 755.8084974999997, "event": "begin drift_check"}, {"time": 757.268498125, "event": "initialize", "status": null}, {"time": 757.2688081249999, "event": "start recording"}, {"time": 757.3932216666667, "event": "show graph"}, {"time": 757.6234922499998, "event": "visit", "state": 5}, {"time": 757.6288725416666, "event": "start", "flip_time": 757.6288543333335}, {"time": 757.6334347916668, "event": "get move", "selected": 1}, {"time": 758.8243941666669, "event": "select", "selected": 1}, {"time": 758.8244694583332, "event": "visit", "state": 1}, {"time": 758.8393728749998, "event": "get move", "selected": 6}, {"time": 759.4965819166669, "event": "switch", "selected": 4}, {"time": 759.8879152499999, "event": "select", "selected": 4}, {"time": 759.8879785833333, "event": "visit", "state": 4}, {"time": 761.7322687916667, "event": "done"}]
2024-09-09 11:46:36,192 [INFO]  stop_recording
2024-09-09 11:46:36,208 [INFO]  gt.status is None
2024-09-09 11:46:36,208 [DEBUG]  add bonus points 7 (total = 207)
2024-09-09 11:46:36,208 [INFO]  Trial 41 of 260
2024-09-09 11:46:37,492 [INFO]  begin trial {"kind": "GraphTrial", "graph": [[3, 1], [], [6], [1, 9], [], [], [], [8, 2], [5, 10], [4], []], "rewards": [-4, -3, 3, -2, -3, 2, 3, null, -2, 4, 4], "reward_info": {"-4": {"desc": "pattern_1", "image": "images[0]"}, "-3": {"desc": "pattern_2", "image": "images[1]"}, "-2": {"desc": "pattern_3", "image": "images[2]"}, "-1": {"desc": "pattern_4", "image": "images[3]"}, "0": {"desc": "pattern_5", "image": "images[4]"}, "1": {"desc": "pattern_6", "image": "images[5]"}, "2": {"desc": "pattern_7", "image": "images[6]"}, "3": {"desc": "pattern_8", "image": "images[7]"}, "4": {"desc": "pattern_9", "image": "images[8]"}}, "initial_stage": "planning", "hide_states": false, "hide_rewards_while_acting": false, "hide_edges_while_acting": false, "gaze_contingent": false, "gaze_tolerance": 1.5, "fixation_lag": 0.5, "start": 7}
2024-09-09 11:46:37,492 [INFO]  <eyetracking.EyeLink object at 0x3177c5370>
2024-09-09 11:46:37,492 [DEBUG]  GraphTrial.log 763.033 begin drift_check 
2024-09-09 11:46:39,362 [DEBUG]  GraphTrial.log 764.902 initialize status = None
2024-09-09 11:46:39,362 [DEBUG]  GraphTrial.log 764.903 start recording 
2024-09-09 11:46:39,362 [INFO]  start_recording
2024-09-09 11:46:39,487 [DEBUG]  GraphTrial.log 765.028 show graph 
2024-09-09 11:46:39,495 [DEBUG]  STREAM b'IHDR' 16 13
2024-09-09 11:46:39,496 [DEBUG]  STREAM b'IDAT' 41 65536
2024-09-09 11:46:39,508 [DEBUG]  STREAM b'IHDR' 16 13
2024-09-09 11:46:39,508 [DEBUG]  STREAM b'IDAT' 41 65536
2024-09-09 11:46:39,518 [DEBUG]  STREAM b'IHDR' 16 13
2024-09-09 11:46:39,518 [DEBUG]  STREAM b'IDAT' 41 65536
2024-09-09 11:46:39,526 [DEBUG]  STREAM b'IHDR' 16 13
2024-09-09 11:46:39,526 [DEBUG]  STREAM b'IDAT' 41 65536
2024-09-09 11:46:39,536 [DEBUG]  STREAM b'IHDR' 16 13
2024-09-09 11:46:39,536 [DEBUG]  STREAM b'IDAT' 41 65536
2024-09-09 11:46:39,542 [DEBUG]  STREAM b'IHDR' 16 13
2024-09-09 11:46:39,543 [DEBUG]  STREAM b'IDAT' 41 65536
2024-09-09 11:46:39,548 [DEBUG]  STREAM b'IHDR' 16 13
2024-09-09 11:46:39,548 [DEBUG]  STREAM b'IDAT' 41 65536
2024-09-09 11:46:39,554 [DEBUG]  STREAM b'IHDR' 16 13
2024-09-09 11:46:39,554 [DEBUG]  STREAM b'IDAT' 41 65536
2024-09-09 11:46:39,561 [DEBUG]  STREAM b'IHDR' 16 13
2024-09-09 11:46:39,561 [DEBUG]  STREAM b'IDAT' 41 65536
2024-09-09 11:46:39,566 [DEBUG]  STREAM b'IHDR' 16 13
2024-09-09 11:46:39,566 [DEBUG]  STREAM b'IDAT' 41 65536
2024-09-09 11:46:39,571 [DEBUG]  STREAM b'IHDR' 16 13
2024-09-09 11:46:39,571 [DEBUG]  STREAM b'IDAT' 41 65536
2024-09-09 11:46:39,576 [DEBUG]  STREAM b'IHDR' 16 13
2024-09-09 11:46:39,576 [DEBUG]  STREAM b'IDAT' 41 65536
2024-09-09 11:46:39,582 [DEBUG]  STREAM b'IHDR' 16 13
2024-09-09 11:46:39,582 [DEBUG]  STREAM b'IDAT' 41 65536
2024-09-09 11:46:39,587 [DEBUG]  STREAM b'IHDR' 16 13
2024-09-09 11:46:39,587 [DEBUG]  STREAM b'IDAT' 41 65536
2024-09-09 11:46:39,591 [DEBUG]  STREAM b'IHDR' 16 13
2024-09-09 11:46:39,591 [DEBUG]  STREAM b'IDAT' 41 65536
2024-09-09 11:46:39,595 [DEBUG]  STREAM b'IHDR' 16 13
2024-09-09 11:46:39,595 [DEBUG]  STREAM b'IDAT' 41 65536
2024-09-09 11:46:39,601 [DEBUG]  STREAM b'IHDR' 16 13
2024-09-09 11:46:39,601 [DEBUG]  STREAM b'IDAT' 41 65536
2024-09-09 11:46:39,605 [DEBUG]  STREAM b'IHDR' 16 13
2024-09-09 11:46:39,605 [DEBUG]  STREAM b'IDAT' 41 65536
2024-09-09 11:46:39,609 [DEBUG]  STREAM b'IHDR' 16 13
2024-09-09 11:46:39,609 [DEBUG]  STREAM b'IDAT' 41 65536
2024-09-09 11:46:39,613 [DEBUG]  STREAM b'IHDR' 16 13
2024-09-09 11:46:39,613 [DEBUG]  STREAM b'IDAT' 41 65536
2024-09-09 11:46:39,618 [DEBUG]  STREAM b'IHDR' 16 13
2024-09-09 11:46:39,619 [DEBUG]  STREAM b'IDAT' 41 65536
2024-09-09 11:46:39,623 [DEBUG]  STREAM b'IHDR' 16 13
2024-09-09 11:46:39,623 [DEBUG]  STREAM b'IDAT' 41 65536
2024-09-09 11:46:39,627 [DEBUG]  STREAM b'IHDR' 16 13
2024-09-09 11:46:39,627 [DEBUG]  STREAM b'IDAT' 41 65536
2024-09-09 11:46:39,631 [DEBUG]  STREAM b'IHDR' 16 13
2024-09-09 11:46:39,631 [DEBUG]  STREAM b'IDAT' 41 65536
2024-09-09 11:46:39,637 [DEBUG]  STREAM b'IHDR' 16 13
2024-09-09 11:46:39,637 [DEBUG]  STREAM b'IDAT' 41 65536
2024-09-09 11:46:39,642 [DEBUG]  STREAM b'IHDR' 16 13
2024-09-09 11:46:39,642 [DEBUG]  STREAM b'IDAT' 41 65536
2024-09-09 11:46:39,646 [DEBUG]  STREAM b'IHDR' 16 13
2024-09-09 11:46:39,646 [DEBUG]  STREAM b'IDAT' 41 65536
2024-09-09 11:46:39,650 [DEBUG]  STREAM b'IHDR' 16 13
2024-09-09 11:46:39,650 [DEBUG]  STREAM b'IDAT' 41 65536
2024-09-09 11:46:39,657 [DEBUG]  STREAM b'IHDR' 16 13
2024-09-09 11:46:39,657 [DEBUG]  STREAM b'IDAT' 41 65536
2024-09-09 11:46:39,661 [DEBUG]  STREAM b'IHDR' 16 13
2024-09-09 11:46:39,661 [DEBUG]  STREAM b'IDAT' 41 65536
2024-09-09 11:46:39,666 [DEBUG]  STREAM b'IHDR' 16 13
2024-09-09 11:46:39,666 [DEBUG]  STREAM b'IDAT' 41 65536
2024-09-09 11:46:39,670 [DEBUG]  STREAM b'IHDR' 16 13
2024-09-09 11:46:39,670 [DEBUG]  STREAM b'IDAT' 41 65536
2024-09-09 11:46:39,675 [DEBUG]  STREAM b'IHDR' 16 13
2024-09-09 11:46:39,675 [DEBUG]  STREAM b'IDAT' 41 65536
2024-09-09 11:46:39,680 [DEBUG]  STREAM b'IHDR' 16 13
2024-09-09 11:46:39,680 [DEBUG]  STREAM b'IDAT' 41 65536
2024-09-09 11:46:39,684 [DEBUG]  STREAM b'IHDR' 16 13
2024-09-09 11:46:39,684 [DEBUG]  STREAM b'IDAT' 41 65536
2024-09-09 11:46:39,688 [DEBUG]  STREAM b'IHDR' 16 13
2024-09-09 11:46:39,688 [DEBUG]  STREAM b'IDAT' 41 65536
2024-09-09 11:46:39,694 [DEBUG]  STREAM b'IHDR' 16 13
2024-09-09 11:46:39,694 [DEBUG]  STREAM b'IDAT' 41 65536
2024-09-09 11:46:39,699 [DEBUG]  STREAM b'IHDR' 16 13
2024-09-09 11:46:39,699 [DEBUG]  STREAM b'IDAT' 41 65536
2024-09-09 11:46:39,703 [DEBUG]  STREAM b'IHDR' 16 13
2024-09-09 11:46:39,703 [DEBUG]  STREAM b'IDAT' 41 65536
2024-09-09 11:46:39,708 [DEBUG]  STREAM b'IHDR' 16 13
2024-09-09 11:46:39,708 [DEBUG]  STREAM b'IDAT' 41 65536
2024-09-09 11:46:39,718 [DEBUG]  GraphTrial.log 765.258 visit state = 7
2024-09-09 11:46:39,723 [DEBUG]  GraphTrial.log 765.264 start flip_time = 765.2636979166668
2024-09-09 11:46:39,728 [DEBUG]  GraphTrial.log 765.268 get move selected = 8
2024-09-09 11:46:40,668 [DEBUG]  GraphTrial.log 766.209 switch selected = 2
2024-09-09 11:46:41,372 [DEBUG]  GraphTrial.log 766.912 select selected = 2
2024-09-09 11:46:41,372 [DEBUG]  GraphTrial.log 766.912 visit state = 2
2024-09-09 11:46:41,392 [DEBUG]  GraphTrial.log 766.932 get move selected = 6
2024-09-09 11:46:42,292 [DEBUG]  GraphTrial.log 767.832 select selected = 6
2024-09-09 11:46:42,292 [DEBUG]  GraphTrial.log 767.832 visit state = 6
2024-09-09 11:46:44,160 [DEBUG]  GraphTrial.log 769.701 done 
2024-09-09 11:46:44,161 [INFO]  end trial [{"time": 763.0326580833334, "event": "begin drift_check"}, {"time": 764.9022740416667, "event": "initialize", "status": null}, {"time": 764.9026396249997, "event": "start recording"}, {"time": 765.0278664583334, "event": "show graph"}, {"time": 765.2582965416668, "event": "visit", "state": 7}, {"time": 765.2637191249996, "event": "start", "flip_time": 765.2636979166668}, {"time": 765.2683029999998, "event": "get move", "selected": 8}, {"time": 766.2088572083335, "event": "switch", "selected": 2}, {"time": 766.91217125, "event": "select", "selected": 2}, {"time": 766.9122378333332, "event": "visit", "state": 2}, {"time": 766.9324805416668, "event": "get move", "selected": 6}, {"time": 767.8321603750001, "event": "select", "selected": 6}, {"time": 767.8322222083334, "event": "visit", "state": 6}, {"time": 769.7009576249998, "event": "done"}]
2024-09-09 11:46:44,161 [INFO]  stop_recording
2024-09-09 11:46:44,177 [INFO]  gt.status is None
2024-09-09 11:46:44,177 [DEBUG]  add bonus points 6 (total = 213)
2024-09-09 11:46:44,177 [INFO]  Trial 42 of 260
2024-09-09 11:46:44,996 [INFO]  begin trial {"kind": "GraphTrial", "graph": [[], [], [4, 3], [], [3, 1], [7, 10], [], [0, 6], [], [], [9, 8]], "rewards": [-1, -1, 2, 1, 3, null, 3, 4, 2, 1, -3], "reward_info": {"-4": {"desc": "pattern_1", "image": "images[0]"}, "-3": {"desc": "pattern_2", "image": "images[1]"}, "-2": {"desc": "pattern_3", "image": "images[2]"}, "-1": {"desc": "pattern_4", "image": "images[3]"}, "0": {"desc": "pattern_5", "image": "images[4]"}, "1": {"desc": "pattern_6", "image": "images[5]"}, "2": {"desc": "pattern_7", "image": "images[6]"}, "3": {"desc": "pattern_8", "image": "images[7]"}, "4": {"desc": "pattern_9", "image": "images[8]"}}, "initial_stage": "planning", "hide_states": false, "hide_rewards_while_acting": false, "hide_edges_while_acting": false, "gaze_contingent": false, "gaze_tolerance": 1.5, "fixation_lag": 0.5, "start": 5}
2024-09-09 11:46:44,996 [INFO]  <eyetracking.EyeLink object at 0x3177c5370>
2024-09-09 11:46:44,996 [DEBUG]  GraphTrial.log 770.537 begin drift_check 
2024-09-09 11:46:46,710 [DEBUG]  GraphTrial.log 772.251 initialize status = None
2024-09-09 11:46:46,711 [DEBUG]  GraphTrial.log 772.251 start recording 
2024-09-09 11:46:46,711 [INFO]  start_recording
2024-09-09 11:46:46,837 [DEBUG]  GraphTrial.log 772.377 show graph 
2024-09-09 11:46:46,845 [DEBUG]  STREAM b'IHDR' 16 13
2024-09-09 11:46:46,845 [DEBUG]  STREAM b'IDAT' 41 65536
2024-09-09 11:46:46,857 [DEBUG]  STREAM b'IHDR' 16 13
2024-09-09 11:46:46,857 [DEBUG]  STREAM b'IDAT' 41 65536
2024-09-09 11:46:46,867 [DEBUG]  STREAM b'IHDR' 16 13
2024-09-09 11:46:46,867 [DEBUG]  STREAM b'IDAT' 41 65536
2024-09-09 11:46:46,875 [DEBUG]  STREAM b'IHDR' 16 13
2024-09-09 11:46:46,875 [DEBUG]  STREAM b'IDAT' 41 65536
2024-09-09 11:46:46,885 [DEBUG]  STREAM b'IHDR' 16 13
2024-09-09 11:46:46,885 [DEBUG]  STREAM b'IDAT' 41 65536
2024-09-09 11:46:46,891 [DEBUG]  STREAM b'IHDR' 16 13
2024-09-09 11:46:46,891 [DEBUG]  STREAM b'IDAT' 41 65536
2024-09-09 11:46:46,897 [DEBUG]  STREAM b'IHDR' 16 13
2024-09-09 11:46:46,897 [DEBUG]  STREAM b'IDAT' 41 65536
2024-09-09 11:46:46,902 [DEBUG]  STREAM b'IHDR' 16 13
2024-09-09 11:46:46,902 [DEBUG]  STREAM b'IDAT' 41 65536
2024-09-09 11:46:46,909 [DEBUG]  STREAM b'IHDR' 16 13
2024-09-09 11:46:46,909 [DEBUG]  STREAM b'IDAT' 41 65536
2024-09-09 11:46:46,915 [DEBUG]  STREAM b'IHDR' 16 13
2024-09-09 11:46:46,915 [DEBUG]  STREAM b'IDAT' 41 65536
2024-09-09 11:46:46,920 [DEBUG]  STREAM b'IHDR' 16 13
2024-09-09 11:46:46,920 [DEBUG]  STREAM b'IDAT' 41 65536
2024-09-09 11:46:46,924 [DEBUG]  STREAM b'IHDR' 16 13
2024-09-09 11:46:46,924 [DEBUG]  STREAM b'IDAT' 41 65536
2024-09-09 11:46:46,931 [DEBUG]  STREAM b'IHDR' 16 13
2024-09-09 11:46:46,931 [DEBUG]  STREAM b'IDAT' 41 65536
2024-09-09 11:46:46,935 [DEBUG]  STREAM b'IHDR' 16 13
2024-09-09 11:46:46,935 [DEBUG]  STREAM b'IDAT' 41 65536
2024-09-09 11:46:46,939 [DEBUG]  STREAM b'IHDR' 16 13
2024-09-09 11:46:46,939 [DEBUG]  STREAM b'IDAT' 41 65536
2024-09-09 11:46:46,944 [DEBUG]  STREAM b'IHDR' 16 13
2024-09-09 11:46:46,944 [DEBUG]  STREAM b'IDAT' 41 65536
2024-09-09 11:46:46,949 [DEBUG]  STREAM b'IHDR' 16 13
2024-09-09 11:46:46,949 [DEBUG]  STREAM b'IDAT' 41 65536
2024-09-09 11:46:46,954 [DEBUG]  STREAM b'IHDR' 16 13
2024-09-09 11:46:46,954 [DEBUG]  STREAM b'IDAT' 41 65536
2024-09-09 11:46:46,958 [DEBUG]  STREAM b'IHDR' 16 13
2024-09-09 11:46:46,958 [DEBUG]  STREAM b'IDAT' 41 65536
2024-09-09 11:46:46,963 [DEBUG]  STREAM b'IHDR' 16 13
2024-09-09 11:46:46,963 [DEBUG]  STREAM b'IDAT' 41 65536
2024-09-09 11:46:46,969 [DEBUG]  STREAM b'IHDR' 16 13
2024-09-09 11:46:46,970 [DEBUG]  STREAM b'IDAT' 41 65536
2024-09-09 11:46:46,974 [DEBUG]  STREAM b'IHDR' 16 13
2024-09-09 11:46:46,974 [DEBUG]  STREAM b'IDAT' 41 65536
2024-09-09 11:46:46,978 [DEBUG]  STREAM b'IHDR' 16 13
2024-09-09 11:46:46,978 [DEBUG]  STREAM b'IDAT' 41 65536
2024-09-09 11:46:46,983 [DEBUG]  STREAM b'IHDR' 16 13
2024-09-09 11:46:46,983 [DEBUG]  STREAM b'IDAT' 41 65536
2024-09-09 11:46:46,989 [DEBUG]  STREAM b'IHDR' 16 13
2024-09-09 11:46:46,989 [DEBUG]  STREAM b'IDAT' 41 65536
2024-09-09 11:46:46,993 [DEBUG]  STREAM b'IHDR' 16 13
2024-09-09 11:46:46,993 [DEBUG]  STREAM b'IDAT' 41 65536
2024-09-09 11:46:46,998 [DEBUG]  STREAM b'IHDR' 16 13
2024-09-09 11:46:46,998 [DEBUG]  STREAM b'IDAT' 41 65536
2024-09-09 11:46:47,002 [DEBUG]  STREAM b'IHDR' 16 13
2024-09-09 11:46:47,002 [DEBUG]  STREAM b'IDAT' 41 65536
2024-09-09 11:46:47,008 [DEBUG]  STREAM b'IHDR' 16 13
2024-09-09 11:46:47,008 [DEBUG]  STREAM b'IDAT' 41 65536
2024-09-09 11:46:47,012 [DEBUG]  STREAM b'IHDR' 16 13
2024-09-09 11:46:47,012 [DEBUG]  STREAM b'IDAT' 41 65536
2024-09-09 11:46:47,017 [DEBUG]  STREAM b'IHDR' 16 13
2024-09-09 11:46:47,017 [DEBUG]  STREAM b'IDAT' 41 65536
2024-09-09 11:46:47,021 [DEBUG]  STREAM b'IHDR' 16 13
2024-09-09 11:46:47,021 [DEBUG]  STREAM b'IDAT' 41 65536
2024-09-09 11:46:47,026 [DEBUG]  STREAM b'IHDR' 16 13
2024-09-09 11:46:47,026 [DEBUG]  STREAM b'IDAT' 41 65536
2024-09-09 11:46:47,031 [DEBUG]  STREAM b'IHDR' 16 13
2024-09-09 11:46:47,031 [DEBUG]  STREAM b'IDAT' 41 65536
2024-09-09 11:46:47,035 [DEBUG]  STREAM b'IHDR' 16 13
2024-09-09 11:46:47,035 [DEBUG]  STREAM b'IDAT' 41 65536
2024-09-09 11:46:47,039 [DEBUG]  STREAM b'IHDR' 16 13
2024-09-09 11:46:47,039 [DEBUG]  STREAM b'IDAT' 41 65536
2024-09-09 11:46:47,044 [DEBUG]  STREAM b'IHDR' 16 13
2024-09-09 11:46:47,044 [DEBUG]  STREAM b'IDAT' 41 65536
2024-09-09 11:46:47,048 [DEBUG]  STREAM b'IHDR' 16 13
2024-09-09 11:46:47,048 [DEBUG]  STREAM b'IDAT' 41 65536
2024-09-09 11:46:47,052 [DEBUG]  STREAM b'IHDR' 16 13
2024-09-09 11:46:47,052 [DEBUG]  STREAM b'IDAT' 41 65536
2024-09-09 11:46:47,057 [DEBUG]  STREAM b'IHDR' 16 13
2024-09-09 11:46:47,057 [DEBUG]  STREAM b'IDAT' 41 65536
2024-09-09 11:46:47,066 [DEBUG]  GraphTrial.log 772.607 visit state = 5
2024-09-09 11:46:47,072 [DEBUG]  GraphTrial.log 772.612 start flip_time = 772.6121418749999
2024-09-09 11:46:47,076 [DEBUG]  GraphTrial.log 772.617 get move selected = 7
2024-09-09 11:46:49,540 [DEBUG]  GraphTrial.log 775.081 select selected = 7
2024-09-09 11:46:49,541 [DEBUG]  GraphTrial.log 775.081 visit state = 7
2024-09-09 11:46:49,552 [DEBUG]  GraphTrial.log 775.092 get move selected = 6
2024-09-09 11:46:49,996 [DEBUG]  GraphTrial.log 775.536 select selected = 6
2024-09-09 11:46:49,996 [DEBUG]  GraphTrial.log 775.536 visit state = 6
2024-09-09 11:46:51,827 [DEBUG]  GraphTrial.log 777.367 done 
2024-09-09 11:46:51,827 [INFO]  end trial [{"time": 770.5365711666668, "event": "begin drift_check"}, {"time": 772.250659291667, "event": "initialize", "status": null}, {"time": 772.2511710833332, "event": "start recording"}, {"time": 772.3771186249996, "event": "show graph"}, {"time": 772.6067533333335, "event": "visit", "state": 5}, {"time": 772.6121600833335, "event": "start", "flip_time": 772.6121418749999}, {"time": 772.6168588333335, "event": "get move", "selected": 7}, {"time": 775.0806803333335, "event": "select", "selected": 7}, {"time": 775.0810244999998, "event": "visit", "state": 7}, {"time": 775.092201125, "event": "get move", "selected": 6}, {"time": 775.5362034583331, "event": "select", "selected": 6}, {"time": 775.536273875, "event": "visit", "state": 6}, {"time": 777.3673674583333, "event": "done"}]
2024-09-09 11:46:51,827 [INFO]  stop_recording
2024-09-09 11:46:51,843 [INFO]  gt.status is None
2024-09-09 11:46:51,843 [DEBUG]  add bonus points 7 (total = 220)
2024-09-09 11:46:51,843 [INFO]  Trial 43 of 260
2024-09-09 11:46:52,764 [INFO]  begin trial {"kind": "GraphTrial", "graph": [[], [], [5, 9], [], [3, 1], [9, 10], [], [0], [4, 7], [], [6]], "rewards": [3, -3, -3, 1, -4, 2, -2, 3, null, 3, -1], "reward_info": {"-4": {"desc": "pattern_1", "image": "images[0]"}, "-3": {"desc": "pattern_2", "image": "images[1]"}, "-2": {"desc": "pattern_3", "image": "images[2]"}, "-1": {"desc": "pattern_4", "image": "images[3]"}, "0": {"desc": "pattern_5", "image": "images[4]"}, "1": {"desc": "pattern_6", "image": "images[5]"}, "2": {"desc": "pattern_7", "image": "images[6]"}, "3": {"desc": "pattern_8", "image": "images[7]"}, "4": {"desc": "pattern_9", "image": "images[8]"}}, "initial_stage": "planning", "hide_states": false, "hide_rewards_while_acting": false, "hide_edges_while_acting": false, "gaze_contingent": false, "gaze_tolerance": 1.5, "fixation_lag": 0.5, "start": 8}
2024-09-09 11:46:52,764 [INFO]  <eyetracking.EyeLink object at 0x3177c5370>
2024-09-09 11:46:52,764 [DEBUG]  GraphTrial.log 778.305 begin drift_check 
2024-09-09 11:46:54,160 [DEBUG]  GraphTrial.log 779.700 initialize status = None
2024-09-09 11:46:54,160 [DEBUG]  GraphTrial.log 779.701 start recording 
2024-09-09 11:46:54,160 [INFO]  start_recording
2024-09-09 11:46:54,285 [DEBUG]  GraphTrial.log 779.825 show graph 
2024-09-09 11:46:54,293 [DEBUG]  STREAM b'IHDR' 16 13
2024-09-09 11:46:54,293 [DEBUG]  STREAM b'IDAT' 41 65536
2024-09-09 11:46:54,307 [DEBUG]  STREAM b'IHDR' 16 13
2024-09-09 11:46:54,307 [DEBUG]  STREAM b'IDAT' 41 65536
2024-09-09 11:46:54,317 [DEBUG]  STREAM b'IHDR' 16 13
2024-09-09 11:46:54,317 [DEBUG]  STREAM b'IDAT' 41 65536
2024-09-09 11:46:54,325 [DEBUG]  STREAM b'IHDR' 16 13
2024-09-09 11:46:54,325 [DEBUG]  STREAM b'IDAT' 41 65536
2024-09-09 11:46:54,335 [DEBUG]  STREAM b'IHDR' 16 13
2024-09-09 11:46:54,335 [DEBUG]  STREAM b'IDAT' 41 65536
2024-09-09 11:46:54,341 [DEBUG]  STREAM b'IHDR' 16 13
2024-09-09 11:46:54,341 [DEBUG]  STREAM b'IDAT' 41 65536
2024-09-09 11:46:54,347 [DEBUG]  STREAM b'IHDR' 16 13
2024-09-09 11:46:54,347 [DEBUG]  STREAM b'IDAT' 41 65536
2024-09-09 11:46:54,352 [DEBUG]  STREAM b'IHDR' 16 13
2024-09-09 11:46:54,352 [DEBUG]  STREAM b'IDAT' 41 65536
2024-09-09 11:46:54,359 [DEBUG]  STREAM b'IHDR' 16 13
2024-09-09 11:46:54,359 [DEBUG]  STREAM b'IDAT' 41 65536
2024-09-09 11:46:54,364 [DEBUG]  STREAM b'IHDR' 16 13
2024-09-09 11:46:54,364 [DEBUG]  STREAM b'IDAT' 41 65536
2024-09-09 11:46:54,369 [DEBUG]  STREAM b'IHDR' 16 13
2024-09-09 11:46:54,369 [DEBUG]  STREAM b'IDAT' 41 65536
2024-09-09 11:46:54,373 [DEBUG]  STREAM b'IHDR' 16 13
2024-09-09 11:46:54,373 [DEBUG]  STREAM b'IDAT' 41 65536
2024-09-09 11:46:54,379 [DEBUG]  STREAM b'IHDR' 16 13
2024-09-09 11:46:54,379 [DEBUG]  STREAM b'IDAT' 41 65536
2024-09-09 11:46:54,383 [DEBUG]  STREAM b'IHDR' 16 13
2024-09-09 11:46:54,383 [DEBUG]  STREAM b'IDAT' 41 65536
2024-09-09 11:46:54,388 [DEBUG]  STREAM b'IHDR' 16 13
2024-09-09 11:46:54,388 [DEBUG]  STREAM b'IDAT' 41 65536
2024-09-09 11:46:54,392 [DEBUG]  STREAM b'IHDR' 16 13
2024-09-09 11:46:54,392 [DEBUG]  STREAM b'IDAT' 41 65536
2024-09-09 11:46:54,397 [DEBUG]  STREAM b'IHDR' 16 13
2024-09-09 11:46:54,397 [DEBUG]  STREAM b'IDAT' 41 65536
2024-09-09 11:46:54,402 [DEBUG]  STREAM b'IHDR' 16 13
2024-09-09 11:46:54,402 [DEBUG]  STREAM b'IDAT' 41 65536
2024-09-09 11:46:54,406 [DEBUG]  STREAM b'IHDR' 16 13
2024-09-09 11:46:54,406 [DEBUG]  STREAM b'IDAT' 41 65536
2024-09-09 11:46:54,410 [DEBUG]  STREAM b'IHDR' 16 13
2024-09-09 11:46:54,410 [DEBUG]  STREAM b'IDAT' 41 65536
2024-09-09 11:46:54,415 [DEBUG]  STREAM b'IHDR' 16 13
2024-09-09 11:46:54,415 [DEBUG]  STREAM b'IDAT' 41 65536
2024-09-09 11:46:54,420 [DEBUG]  STREAM b'IHDR' 16 13
2024-09-09 11:46:54,420 [DEBUG]  STREAM b'IDAT' 41 65536
2024-09-09 11:46:54,424 [DEBUG]  STREAM b'IHDR' 16 13
2024-09-09 11:46:54,424 [DEBUG]  STREAM b'IDAT' 41 65536
2024-09-09 11:46:54,428 [DEBUG]  STREAM b'IHDR' 16 13
2024-09-09 11:46:54,428 [DEBUG]  STREAM b'IDAT' 41 65536
2024-09-09 11:46:54,434 [DEBUG]  STREAM b'IHDR' 16 13
2024-09-09 11:46:54,434 [DEBUG]  STREAM b'IDAT' 41 65536
2024-09-09 11:46:54,438 [DEBUG]  STREAM b'IHDR' 16 13
2024-09-09 11:46:54,438 [DEBUG]  STREAM b'IDAT' 41 65536
2024-09-09 11:46:54,442 [DEBUG]  STREAM b'IHDR' 16 13
2024-09-09 11:46:54,442 [DEBUG]  STREAM b'IDAT' 41 65536
2024-09-09 11:46:54,446 [DEBUG]  STREAM b'IHDR' 16 13
2024-09-09 11:46:54,446 [DEBUG]  STREAM b'IDAT' 41 65536
2024-09-09 11:46:54,451 [DEBUG]  STREAM b'IHDR' 16 13
2024-09-09 11:46:54,451 [DEBUG]  STREAM b'IDAT' 41 65536
2024-09-09 11:46:54,456 [DEBUG]  STREAM b'IHDR' 16 13
2024-09-09 11:46:54,456 [DEBUG]  STREAM b'IDAT' 41 65536
2024-09-09 11:46:54,460 [DEBUG]  STREAM b'IHDR' 16 13
2024-09-09 11:46:54,460 [DEBUG]  STREAM b'IDAT' 41 65536
2024-09-09 11:46:54,465 [DEBUG]  STREAM b'IHDR' 16 13
2024-09-09 11:46:54,465 [DEBUG]  STREAM b'IDAT' 41 65536
2024-09-09 11:46:54,472 [DEBUG]  STREAM b'IHDR' 16 13
2024-09-09 11:46:54,472 [DEBUG]  STREAM b'IDAT' 41 65536
2024-09-09 11:46:54,476 [DEBUG]  STREAM b'IHDR' 16 13
2024-09-09 11:46:54,476 [DEBUG]  STREAM b'IDAT' 41 65536
2024-09-09 11:46:54,481 [DEBUG]  STREAM b'IHDR' 16 13
2024-09-09 11:46:54,481 [DEBUG]  STREAM b'IDAT' 41 65536
2024-09-09 11:46:54,485 [DEBUG]  STREAM b'IHDR' 16 13
2024-09-09 11:46:54,485 [DEBUG]  STREAM b'IDAT' 41 65536
2024-09-09 11:46:54,491 [DEBUG]  STREAM b'IHDR' 16 13
2024-09-09 11:46:54,491 [DEBUG]  STREAM b'IDAT' 41 65536
2024-09-09 11:46:54,495 [DEBUG]  STREAM b'IHDR' 16 13
2024-09-09 11:46:54,495 [DEBUG]  STREAM b'IDAT' 41 65536
2024-09-09 11:46:54,499 [DEBUG]  STREAM b'IHDR' 16 13
2024-09-09 11:46:54,499 [DEBUG]  STREAM b'IDAT' 41 65536
2024-09-09 11:46:54,503 [DEBUG]  STREAM b'IHDR' 16 13
2024-09-09 11:46:54,503 [DEBUG]  STREAM b'IDAT' 41 65536
2024-09-09 11:46:54,513 [DEBUG]  GraphTrial.log 780.053 visit state = 8
2024-09-09 11:46:54,518 [DEBUG]  GraphTrial.log 780.059 start flip_time = 780.0586981249999
2024-09-09 11:46:54,523 [DEBUG]  GraphTrial.log 780.064 get move selected = 7
2024-09-09 11:46:56,428 [DEBUG]  GraphTrial.log 781.968 select selected = 7
2024-09-09 11:46:56,428 [DEBUG]  GraphTrial.log 781.968 visit state = 7
2024-09-09 11:46:56,440 [DEBUG]  GraphTrial.log 781.980 get move selected = 0
2024-09-09 11:46:56,772 [DEBUG]  GraphTrial.log 782.312 select selected = 0
2024-09-09 11:46:56,772 [DEBUG]  GraphTrial.log 782.312 visit state = 0
2024-09-09 11:46:58,627 [DEBUG]  GraphTrial.log 784.168 done 
2024-09-09 11:46:58,627 [INFO]  end trial [{"time": 778.3045322916669, "event": "begin drift_check"}, {"time": 779.7004711249997, "event": "initialize", "status": null}, {"time": 779.7007928333333, "event": "start recording"}, {"time": 779.825099666667, "event": "show graph"}, {"time": 780.0533549583333, "event": "visit", "state": 8}, {"time": 780.0587167083331, "event": "start", "flip_time": 780.0586981249999}, {"time": 780.0635043749999, "event": "get move", "selected": 7}, {"time": 781.9684198749997, "event": "select", "selected": 7}, {"time": 781.968497375, "event": "visit", "state": 7}, {"time": 781.9801547916668, "event": "get move", "selected": 0}, {"time": 782.3120586249997, "event": "select", "selected": 0}, {"time": 782.3121249583332, "event": "visit", "state": 0}, {"time": 784.167537291667, "event": "done"}]
2024-09-09 11:46:58,627 [INFO]  stop_recording
2024-09-09 11:46:58,643 [INFO]  gt.status is None
2024-09-09 11:46:58,643 [DEBUG]  add bonus points 6 (total = 226)
2024-09-09 11:46:58,643 [INFO]  Trial 44 of 260
2024-09-09 11:46:59,524 [INFO]  begin trial {"kind": "GraphTrial", "graph": [[], [], [], [10, 7], [], [8, 6], [], [0, 2], [6, 4], [], [9, 1]], "rewards": [-1, 3, -3, null, -3, -2, -4, 1, 0, 0, 2], "reward_info": {"-4": {"desc": "pattern_1", "image": "images[0]"}, "-3": {"desc": "pattern_2", "image": "images[1]"}, "-2": {"desc": "pattern_3", "image": "images[2]"}, "-1": {"desc": "pattern_4", "image": "images[3]"}, "0": {"desc": "pattern_5", "image": "images[4]"}, "1": {"desc": "pattern_6", "image": "images[5]"}, "2": {"desc": "pattern_7", "image": "images[6]"}, "3": {"desc": "pattern_8", "image": "images[7]"}, "4": {"desc": "pattern_9", "image": "images[8]"}}, "initial_stage": "planning", "hide_states": false, "hide_rewards_while_acting": false, "hide_edges_while_acting": false, "gaze_contingent": false, "gaze_tolerance": 1.5, "fixation_lag": 0.5, "start": 3}
2024-09-09 11:46:59,524 [INFO]  <eyetracking.EyeLink object at 0x3177c5370>
2024-09-09 11:46:59,524 [DEBUG]  GraphTrial.log 785.065 begin drift_check 
2024-09-09 11:47:02,194 [DEBUG]  GraphTrial.log 787.734 initialize status = None
2024-09-09 11:47:02,194 [DEBUG]  GraphTrial.log 787.734 start recording 
2024-09-09 11:47:02,194 [INFO]  start_recording
2024-09-09 11:47:02,320 [DEBUG]  GraphTrial.log 787.860 show graph 
2024-09-09 11:47:02,328 [DEBUG]  STREAM b'IHDR' 16 13
2024-09-09 11:47:02,328 [DEBUG]  STREAM b'IDAT' 41 65536
2024-09-09 11:47:02,341 [DEBUG]  STREAM b'IHDR' 16 13
2024-09-09 11:47:02,341 [DEBUG]  STREAM b'IDAT' 41 65536
2024-09-09 11:47:02,351 [DEBUG]  STREAM b'IHDR' 16 13
2024-09-09 11:47:02,351 [DEBUG]  STREAM b'IDAT' 41 65536
2024-09-09 11:47:02,359 [DEBUG]  STREAM b'IHDR' 16 13
2024-09-09 11:47:02,359 [DEBUG]  STREAM b'IDAT' 41 65536
2024-09-09 11:47:02,369 [DEBUG]  STREAM b'IHDR' 16 13
2024-09-09 11:47:02,369 [DEBUG]  STREAM b'IDAT' 41 65536
2024-09-09 11:47:02,376 [DEBUG]  STREAM b'IHDR' 16 13
2024-09-09 11:47:02,376 [DEBUG]  STREAM b'IDAT' 41 65536
2024-09-09 11:47:02,382 [DEBUG]  STREAM b'IHDR' 16 13
2024-09-09 11:47:02,382 [DEBUG]  STREAM b'IDAT' 41 65536
2024-09-09 11:47:02,388 [DEBUG]  STREAM b'IHDR' 16 13
2024-09-09 11:47:02,388 [DEBUG]  STREAM b'IDAT' 41 65536
2024-09-09 11:47:02,395 [DEBUG]  STREAM b'IHDR' 16 13
2024-09-09 11:47:02,395 [DEBUG]  STREAM b'IDAT' 41 65536
2024-09-09 11:47:02,400 [DEBUG]  STREAM b'IHDR' 16 13
2024-09-09 11:47:02,400 [DEBUG]  STREAM b'IDAT' 41 65536
2024-09-09 11:47:02,405 [DEBUG]  STREAM b'IHDR' 16 13
2024-09-09 11:47:02,405 [DEBUG]  STREAM b'IDAT' 41 65536
2024-09-09 11:47:02,410 [DEBUG]  STREAM b'IHDR' 16 13
2024-09-09 11:47:02,410 [DEBUG]  STREAM b'IDAT' 41 65536
2024-09-09 11:47:02,417 [DEBUG]  STREAM b'IHDR' 16 13
2024-09-09 11:47:02,417 [DEBUG]  STREAM b'IDAT' 41 65536
2024-09-09 11:47:02,421 [DEBUG]  STREAM b'IHDR' 16 13
2024-09-09 11:47:02,421 [DEBUG]  STREAM b'IDAT' 41 65536
2024-09-09 11:47:02,425 [DEBUG]  STREAM b'IHDR' 16 13
2024-09-09 11:47:02,425 [DEBUG]  STREAM b'IDAT' 41 65536
2024-09-09 11:47:02,430 [DEBUG]  STREAM b'IHDR' 16 13
2024-09-09 11:47:02,430 [DEBUG]  STREAM b'IDAT' 41 65536
2024-09-09 11:47:02,435 [DEBUG]  STREAM b'IHDR' 16 13
2024-09-09 11:47:02,435 [DEBUG]  STREAM b'IDAT' 41 65536
2024-09-09 11:47:02,439 [DEBUG]  STREAM b'IHDR' 16 13
2024-09-09 11:47:02,439 [DEBUG]  STREAM b'IDAT' 41 65536
2024-09-09 11:47:02,443 [DEBUG]  STREAM b'IHDR' 16 13
2024-09-09 11:47:02,443 [DEBUG]  STREAM b'IDAT' 41 65536
2024-09-09 11:47:02,447 [DEBUG]  STREAM b'IHDR' 16 13
2024-09-09 11:47:02,447 [DEBUG]  STREAM b'IDAT' 41 65536
2024-09-09 11:47:02,453 [DEBUG]  STREAM b'IHDR' 16 13
2024-09-09 11:47:02,453 [DEBUG]  STREAM b'IDAT' 41 65536
2024-09-09 11:47:02,457 [DEBUG]  STREAM b'IHDR' 16 13
2024-09-09 11:47:02,457 [DEBUG]  STREAM b'IDAT' 41 65536
2024-09-09 11:47:02,461 [DEBUG]  STREAM b'IHDR' 16 13
2024-09-09 11:47:02,461 [DEBUG]  STREAM b'IDAT' 41 65536
2024-09-09 11:47:02,465 [DEBUG]  STREAM b'IHDR' 16 13
2024-09-09 11:47:02,465 [DEBUG]  STREAM b'IDAT' 41 65536
2024-09-09 11:47:02,471 [DEBUG]  STREAM b'IHDR' 16 13
2024-09-09 11:47:02,471 [DEBUG]  STREAM b'IDAT' 41 65536
2024-09-09 11:47:02,475 [DEBUG]  STREAM b'IHDR' 16 13
2024-09-09 11:47:02,475 [DEBUG]  STREAM b'IDAT' 41 65536
2024-09-09 11:47:02,479 [DEBUG]  STREAM b'IHDR' 16 13
2024-09-09 11:47:02,479 [DEBUG]  STREAM b'IDAT' 41 65536
2024-09-09 11:47:02,483 [DEBUG]  STREAM b'IHDR' 16 13
2024-09-09 11:47:02,483 [DEBUG]  STREAM b'IDAT' 41 65536
2024-09-09 11:47:02,489 [DEBUG]  STREAM b'IHDR' 16 13
2024-09-09 11:47:02,490 [DEBUG]  STREAM b'IDAT' 41 65536
2024-09-09 11:47:02,494 [DEBUG]  STREAM b'IHDR' 16 13
2024-09-09 11:47:02,494 [DEBUG]  STREAM b'IDAT' 41 65536
2024-09-09 11:47:02,498 [DEBUG]  STREAM b'IHDR' 16 13
2024-09-09 11:47:02,498 [DEBUG]  STREAM b'IDAT' 41 65536
2024-09-09 11:47:02,503 [DEBUG]  STREAM b'IHDR' 16 13
2024-09-09 11:47:02,503 [DEBUG]  STREAM b'IDAT' 41 65536
2024-09-09 11:47:02,508 [DEBUG]  STREAM b'IHDR' 16 13
2024-09-09 11:47:02,508 [DEBUG]  STREAM b'IDAT' 41 65536
2024-09-09 11:47:02,512 [DEBUG]  STREAM b'IHDR' 16 13
2024-09-09 11:47:02,512 [DEBUG]  STREAM b'IDAT' 41 65536
2024-09-09 11:47:02,516 [DEBUG]  STREAM b'IHDR' 16 13
2024-09-09 11:47:02,517 [DEBUG]  STREAM b'IDAT' 41 65536
2024-09-09 11:47:02,521 [DEBUG]  STREAM b'IHDR' 16 13
2024-09-09 11:47:02,521 [DEBUG]  STREAM b'IDAT' 41 65536
2024-09-09 11:47:02,526 [DEBUG]  STREAM b'IHDR' 16 13
2024-09-09 11:47:02,526 [DEBUG]  STREAM b'IDAT' 41 65536
2024-09-09 11:47:02,531 [DEBUG]  STREAM b'IHDR' 16 13
2024-09-09 11:47:02,531 [DEBUG]  STREAM b'IDAT' 41 65536
2024-09-09 11:47:02,535 [DEBUG]  STREAM b'IHDR' 16 13
2024-09-09 11:47:02,535 [DEBUG]  STREAM b'IDAT' 41 65536
2024-09-09 11:47:02,539 [DEBUG]  STREAM b'IHDR' 16 13
2024-09-09 11:47:02,539 [DEBUG]  STREAM b'IDAT' 41 65536
2024-09-09 11:47:02,549 [DEBUG]  GraphTrial.log 788.089 visit state = 3
2024-09-09 11:47:02,554 [DEBUG]  GraphTrial.log 788.095 start flip_time = 788.0948443749999
2024-09-09 11:47:02,560 [DEBUG]  GraphTrial.log 788.101 get move selected = 10
2024-09-09 11:47:03,524 [DEBUG]  GraphTrial.log 789.065 switch selected = 7
2024-09-09 11:47:04,724 [DEBUG]  GraphTrial.log 790.265 switch selected = 10
2024-09-09 11:47:06,532 [DEBUG]  GraphTrial.log 792.072 select selected = 10
2024-09-09 11:47:06,532 [DEBUG]  GraphTrial.log 792.072 visit state = 10
2024-09-09 11:47:06,542 [DEBUG]  GraphTrial.log 792.083 get move selected = 1
2024-09-09 11:47:07,236 [DEBUG]  GraphTrial.log 792.776 switch selected = 9
2024-09-09 11:47:07,516 [DEBUG]  GraphTrial.log 793.056 switch selected = 1
2024-09-09 11:47:07,955 [DEBUG]  GraphTrial.log 793.496 select selected = 1
2024-09-09 11:47:07,955 [DEBUG]  GraphTrial.log 793.496 visit state = 1
2024-09-09 11:47:09,810 [DEBUG]  GraphTrial.log 795.351 done 
2024-09-09 11:47:09,810 [INFO]  end trial [{"time": 785.0646765833335, "event": "begin drift_check"}, {"time": 787.7340663333334, "event": "initialize", "status": null}, {"time": 787.7344005833334, "event": "start recording"}, {"time": 787.8604393333335, "event": "show graph"}, {"time": 788.0894451249997, "event": "visit", "state": 3}, {"time": 788.0948602083336, "event": "start", "flip_time": 788.0948443749999}, {"time": 788.1007984583334, "event": "get move", "selected": 10}, {"time": 789.0649693333335, "event": "switch", "selected": 7}, {"time": 790.2647306666668, "event": "switch", "selected": 10}, {"time": 792.0721369166668, "event": "select", "selected": 10}, {"time": 792.0722171666666, "event": "visit", "state": 10}, {"time": 792.0825097916668, "event": "get move", "selected": 1}, {"time": 792.7764313333332, "event": "switch", "selected": 9}, {"time": 793.0561994166669, "event": "switch", "selected": 1}, {"time": 793.49587625, "event": "select", "selected": 1}, {"time": 793.4959417083332, "event": "visit", "state": 1}, {"time": 795.35054975, "event": "done"}]
2024-09-09 11:47:09,810 [INFO]  stop_recording
2024-09-09 11:47:09,827 [INFO]  gt.status is None
2024-09-09 11:47:09,827 [DEBUG]  add bonus points 5 (total = 231)
2024-09-09 11:47:09,827 [INFO]  Trial 45 of 260
2024-09-09 11:47:12,388 [INFO]  begin trial {"kind": "GraphTrial", "graph": [[4, 7], [], [], [6], [7, 3], [], [], [], [2], [10, 8], [1, 5]], "rewards": [4, 4, -4, -1, 3, 0, 2, 4, 0, null, 2], "reward_info": {"-4": {"desc": "pattern_1", "image": "images[0]"}, "-3": {"desc": "pattern_2", "image": "images[1]"}, "-2": {"desc": "pattern_3", "image": "images[2]"}, "-1": {"desc": "pattern_4", "image": "images[3]"}, "0": {"desc": "pattern_5", "image": "images[4]"}, "1": {"desc": "pattern_6", "image": "images[5]"}, "2": {"desc": "pattern_7", "image": "images[6]"}, "3": {"desc": "pattern_8", "image": "images[7]"}, "4": {"desc": "pattern_9", "image": "images[8]"}}, "initial_stage": "planning", "hide_states": false, "hide_rewards_while_acting": false, "hide_edges_while_acting": false, "gaze_contingent": false, "gaze_tolerance": 1.5, "fixation_lag": 0.5, "start": 9}
2024-09-09 11:47:12,388 [INFO]  <eyetracking.EyeLink object at 0x3177c5370>
2024-09-09 11:47:12,388 [DEBUG]  GraphTrial.log 797.929 begin drift_check 
2024-09-09 11:47:14,377 [DEBUG]  GraphTrial.log 799.917 initialize status = None
2024-09-09 11:47:14,377 [DEBUG]  GraphTrial.log 799.917 start recording 
2024-09-09 11:47:14,377 [INFO]  start_recording
2024-09-09 11:47:14,504 [DEBUG]  GraphTrial.log 800.044 show graph 
2024-09-09 11:47:14,513 [DEBUG]  STREAM b'IHDR' 16 13
2024-09-09 11:47:14,513 [DEBUG]  STREAM b'IDAT' 41 65536
2024-09-09 11:47:14,527 [DEBUG]  STREAM b'IHDR' 16 13
2024-09-09 11:47:14,527 [DEBUG]  STREAM b'IDAT' 41 65536
2024-09-09 11:47:14,537 [DEBUG]  STREAM b'IHDR' 16 13
2024-09-09 11:47:14,537 [DEBUG]  STREAM b'IDAT' 41 65536
2024-09-09 11:47:14,545 [DEBUG]  STREAM b'IHDR' 16 13
2024-09-09 11:47:14,545 [DEBUG]  STREAM b'IDAT' 41 65536
2024-09-09 11:47:14,555 [DEBUG]  STREAM b'IHDR' 16 13
2024-09-09 11:47:14,555 [DEBUG]  STREAM b'IDAT' 41 65536
2024-09-09 11:47:14,562 [DEBUG]  STREAM b'IHDR' 16 13
2024-09-09 11:47:14,562 [DEBUG]  STREAM b'IDAT' 41 65536
2024-09-09 11:47:14,568 [DEBUG]  STREAM b'IHDR' 16 13
2024-09-09 11:47:14,568 [DEBUG]  STREAM b'IDAT' 41 65536
2024-09-09 11:47:14,574 [DEBUG]  STREAM b'IHDR' 16 13
2024-09-09 11:47:14,574 [DEBUG]  STREAM b'IDAT' 41 65536
2024-09-09 11:47:14,581 [DEBUG]  STREAM b'IHDR' 16 13
2024-09-09 11:47:14,581 [DEBUG]  STREAM b'IDAT' 41 65536
2024-09-09 11:47:14,586 [DEBUG]  STREAM b'IHDR' 16 13
2024-09-09 11:47:14,586 [DEBUG]  STREAM b'IDAT' 41 65536
2024-09-09 11:47:14,591 [DEBUG]  STREAM b'IHDR' 16 13
2024-09-09 11:47:14,591 [DEBUG]  STREAM b'IDAT' 41 65536
2024-09-09 11:47:14,595 [DEBUG]  STREAM b'IHDR' 16 13
2024-09-09 11:47:14,595 [DEBUG]  STREAM b'IDAT' 41 65536
2024-09-09 11:47:14,601 [DEBUG]  STREAM b'IHDR' 16 13
2024-09-09 11:47:14,601 [DEBUG]  STREAM b'IDAT' 41 65536
2024-09-09 11:47:14,605 [DEBUG]  STREAM b'IHDR' 16 13
2024-09-09 11:47:14,605 [DEBUG]  STREAM b'IDAT' 41 65536
2024-09-09 11:47:14,610 [DEBUG]  STREAM b'IHDR' 16 13
2024-09-09 11:47:14,610 [DEBUG]  STREAM b'IDAT' 41 65536
2024-09-09 11:47:14,614 [DEBUG]  STREAM b'IHDR' 16 13
2024-09-09 11:47:14,614 [DEBUG]  STREAM b'IDAT' 41 65536
2024-09-09 11:47:14,619 [DEBUG]  STREAM b'IHDR' 16 13
2024-09-09 11:47:14,619 [DEBUG]  STREAM b'IDAT' 41 65536
2024-09-09 11:47:14,624 [DEBUG]  STREAM b'IHDR' 16 13
2024-09-09 11:47:14,624 [DEBUG]  STREAM b'IDAT' 41 65536
2024-09-09 11:47:14,628 [DEBUG]  STREAM b'IHDR' 16 13
2024-09-09 11:47:14,628 [DEBUG]  STREAM b'IDAT' 41 65536
2024-09-09 11:47:14,632 [DEBUG]  STREAM b'IHDR' 16 13
2024-09-09 11:47:14,632 [DEBUG]  STREAM b'IDAT' 41 65536
2024-09-09 11:47:14,638 [DEBUG]  STREAM b'IHDR' 16 13
2024-09-09 11:47:14,638 [DEBUG]  STREAM b'IDAT' 41 65536
2024-09-09 11:47:14,642 [DEBUG]  STREAM b'IHDR' 16 13
2024-09-09 11:47:14,642 [DEBUG]  STREAM b'IDAT' 41 65536
2024-09-09 11:47:14,647 [DEBUG]  STREAM b'IHDR' 16 13
2024-09-09 11:47:14,647 [DEBUG]  STREAM b'IDAT' 41 65536
2024-09-09 11:47:14,651 [DEBUG]  STREAM b'IHDR' 16 13
2024-09-09 11:47:14,651 [DEBUG]  STREAM b'IDAT' 41 65536
2024-09-09 11:47:14,656 [DEBUG]  STREAM b'IHDR' 16 13
2024-09-09 11:47:14,656 [DEBUG]  STREAM b'IDAT' 41 65536
2024-09-09 11:47:14,661 [DEBUG]  STREAM b'IHDR' 16 13
2024-09-09 11:47:14,661 [DEBUG]  STREAM b'IDAT' 41 65536
2024-09-09 11:47:14,665 [DEBUG]  STREAM b'IHDR' 16 13
2024-09-09 11:47:14,665 [DEBUG]  STREAM b'IDAT' 41 65536
2024-09-09 11:47:14,669 [DEBUG]  STREAM b'IHDR' 16 13
2024-09-09 11:47:14,669 [DEBUG]  STREAM b'IDAT' 41 65536
2024-09-09 11:47:14,675 [DEBUG]  STREAM b'IHDR' 16 13
2024-09-09 11:47:14,675 [DEBUG]  STREAM b'IDAT' 41 65536
2024-09-09 11:47:14,679 [DEBUG]  STREAM b'IHDR' 16 13
2024-09-09 11:47:14,679 [DEBUG]  STREAM b'IDAT' 41 65536
2024-09-09 11:47:14,684 [DEBUG]  STREAM b'IHDR' 16 13
2024-09-09 11:47:14,684 [DEBUG]  STREAM b'IDAT' 41 65536
2024-09-09 11:47:14,688 [DEBUG]  STREAM b'IHDR' 16 13
2024-09-09 11:47:14,688 [DEBUG]  STREAM b'IDAT' 41 65536
2024-09-09 11:47:14,694 [DEBUG]  STREAM b'IHDR' 16 13
2024-09-09 11:47:14,694 [DEBUG]  STREAM b'IDAT' 41 65536
2024-09-09 11:47:14,698 [DEBUG]  STREAM b'IHDR' 16 13
2024-09-09 11:47:14,698 [DEBUG]  STREAM b'IDAT' 41 65536
2024-09-09 11:47:14,702 [DEBUG]  STREAM b'IHDR' 16 13
2024-09-09 11:47:14,702 [DEBUG]  STREAM b'IDAT' 41 65536
2024-09-09 11:47:14,707 [DEBUG]  STREAM b'IHDR' 16 13
2024-09-09 11:47:14,707 [DEBUG]  STREAM b'IDAT' 41 65536
2024-09-09 11:47:14,713 [DEBUG]  STREAM b'IHDR' 16 13
2024-09-09 11:47:14,713 [DEBUG]  STREAM b'IDAT' 41 65536
2024-09-09 11:47:14,717 [DEBUG]  STREAM b'IHDR' 16 13
2024-09-09 11:47:14,717 [DEBUG]  STREAM b'IDAT' 41 65536
2024-09-09 11:47:14,722 [DEBUG]  STREAM b'IHDR' 16 13
2024-09-09 11:47:14,722 [DEBUG]  STREAM b'IDAT' 41 65536
2024-09-09 11:47:14,726 [DEBUG]  STREAM b'IHDR' 16 13
2024-09-09 11:47:14,726 [DEBUG]  STREAM b'IDAT' 41 65536
2024-09-09 11:47:14,737 [DEBUG]  GraphTrial.log 800.277 visit state = 9
2024-09-09 11:47:14,742 [DEBUG]  GraphTrial.log 800.282 start flip_time = 800.2820899583335
2024-09-09 11:47:14,746 [DEBUG]  GraphTrial.log 800.287 get move selected = 8
2024-09-09 11:47:15,789 [DEBUG]  GraphTrial.log 801.329 switch selected = 10
2024-09-09 11:47:16,978 [DEBUG]  GraphTrial.log 802.519 select selected = 10
2024-09-09 11:47:16,978 [DEBUG]  GraphTrial.log 802.519 visit state = 10
2024-09-09 11:47:16,989 [DEBUG]  GraphTrial.log 802.529 get move selected = 1
2024-09-09 11:47:17,580 [DEBUG]  GraphTrial.log 803.120 select selected = 1
2024-09-09 11:47:17,580 [DEBUG]  GraphTrial.log 803.120 visit state = 1
2024-09-09 11:47:19,425 [DEBUG]  GraphTrial.log 804.966 done 
2024-09-09 11:47:19,425 [INFO]  end trial [{"time": 797.9285246666668, "event": "begin drift_check"}, {"time": 799.9170575833332, "event": "initialize", "status": null}, {"time": 799.917411375, "event": "start recording"}, {"time": 800.0442072083333, "event": "show graph"}, {"time": 800.2770881249999, "event": "visit", "state": 9}, {"time": 800.2821099999996, "event": "start", "flip_time": 800.2820899583335}, {"time": 800.2867405416669, "event": "get move", "selected": 8}, {"time": 801.3289592916667, "event": "switch", "selected": 10}, {"time": 802.5188466666668, "event": "select", "selected": 10}, {"time": 802.5189116249999, "event": "visit", "state": 10}, {"time": 802.5291985833333, "event": "get move", "selected": 1}, {"time": 803.1200539583333, "event": "select", "selected": 1}, {"time": 803.1201204166669, "event": "visit", "state": 1}, {"time": 804.9655278749997, "event": "done"}]
2024-09-09 11:47:19,425 [INFO]  stop_recording
2024-09-09 11:47:19,441 [INFO]  gt.status is None
2024-09-09 11:47:19,441 [DEBUG]  add bonus points 6 (total = 237)
2024-09-09 11:47:19,441 [INFO]  Trial 46 of 260
2024-09-09 11:47:20,828 [INFO]  begin trial {"kind": "GraphTrial", "graph": [[], [], [0, 6], [1, 9], [], [2, 3], [], [4, 8], [], [], [7, 4]], "rewards": [-3, -3, -4, 0, 3, null, -4, 1, -1, 4, -4], "reward_info": {"-4": {"desc": "pattern_1", "image": "images[0]"}, "-3": {"desc": "pattern_2", "image": "images[1]"}, "-2": {"desc": "pattern_3", "image": "images[2]"}, "-1": {"desc": "pattern_4", "image": "images[3]"}, "0": {"desc": "pattern_5", "image": "images[4]"}, "1": {"desc": "pattern_6", "image": "images[5]"}, "2": {"desc": "pattern_7", "image": "images[6]"}, "3": {"desc": "pattern_8", "image": "images[7]"}, "4": {"desc": "pattern_9", "image": "images[8]"}}, "initial_stage": "planning", "hide_states": false, "hide_rewards_while_acting": false, "hide_edges_while_acting": false, "gaze_contingent": false, "gaze_tolerance": 1.5, "fixation_lag": 0.5, "start": 5}
2024-09-09 11:47:20,828 [INFO]  <eyetracking.EyeLink object at 0x3177c5370>
2024-09-09 11:47:20,828 [DEBUG]  GraphTrial.log 806.369 begin drift_check 
2024-09-09 11:47:22,979 [DEBUG]  GraphTrial.log 808.519 initialize status = None
2024-09-09 11:47:22,979 [DEBUG]  GraphTrial.log 808.519 start recording 
2024-09-09 11:47:22,979 [INFO]  start_recording
2024-09-09 11:47:23,106 [DEBUG]  GraphTrial.log 808.646 show graph 
2024-09-09 11:47:23,113 [DEBUG]  STREAM b'IHDR' 16 13
2024-09-09 11:47:23,114 [DEBUG]  STREAM b'IDAT' 41 65536
2024-09-09 11:47:23,125 [DEBUG]  STREAM b'IHDR' 16 13
2024-09-09 11:47:23,125 [DEBUG]  STREAM b'IDAT' 41 65536
2024-09-09 11:47:23,135 [DEBUG]  STREAM b'IHDR' 16 13
2024-09-09 11:47:23,135 [DEBUG]  STREAM b'IDAT' 41 65536
2024-09-09 11:47:23,143 [DEBUG]  STREAM b'IHDR' 16 13
2024-09-09 11:47:23,143 [DEBUG]  STREAM b'IDAT' 41 65536
2024-09-09 11:47:23,152 [DEBUG]  STREAM b'IHDR' 16 13
2024-09-09 11:47:23,152 [DEBUG]  STREAM b'IDAT' 41 65536
2024-09-09 11:47:23,159 [DEBUG]  STREAM b'IHDR' 16 13
2024-09-09 11:47:23,159 [DEBUG]  STREAM b'IDAT' 41 65536
2024-09-09 11:47:23,164 [DEBUG]  STREAM b'IHDR' 16 13
2024-09-09 11:47:23,165 [DEBUG]  STREAM b'IDAT' 41 65536
2024-09-09 11:47:23,170 [DEBUG]  STREAM b'IHDR' 16 13
2024-09-09 11:47:23,170 [DEBUG]  STREAM b'IDAT' 41 65536
2024-09-09 11:47:23,177 [DEBUG]  STREAM b'IHDR' 16 13
2024-09-09 11:47:23,177 [DEBUG]  STREAM b'IDAT' 41 65536
2024-09-09 11:47:23,182 [DEBUG]  STREAM b'IHDR' 16 13
2024-09-09 11:47:23,182 [DEBUG]  STREAM b'IDAT' 41 65536
2024-09-09 11:47:23,186 [DEBUG]  STREAM b'IHDR' 16 13
2024-09-09 11:47:23,186 [DEBUG]  STREAM b'IDAT' 41 65536
2024-09-09 11:47:23,191 [DEBUG]  STREAM b'IHDR' 16 13
2024-09-09 11:47:23,191 [DEBUG]  STREAM b'IDAT' 41 65536
2024-09-09 11:47:23,197 [DEBUG]  STREAM b'IHDR' 16 13
2024-09-09 11:47:23,197 [DEBUG]  STREAM b'IDAT' 41 65536
2024-09-09 11:47:23,201 [DEBUG]  STREAM b'IHDR' 16 13
2024-09-09 11:47:23,202 [DEBUG]  STREAM b'IDAT' 41 65536
2024-09-09 11:47:23,206 [DEBUG]  STREAM b'IHDR' 16 13
2024-09-09 11:47:23,206 [DEBUG]  STREAM b'IDAT' 41 65536
2024-09-09 11:47:23,210 [DEBUG]  STREAM b'IHDR' 16 13
2024-09-09 11:47:23,210 [DEBUG]  STREAM b'IDAT' 41 65536
2024-09-09 11:47:23,216 [DEBUG]  STREAM b'IHDR' 16 13
2024-09-09 11:47:23,216 [DEBUG]  STREAM b'IDAT' 41 65536
2024-09-09 11:47:23,220 [DEBUG]  STREAM b'IHDR' 16 13
2024-09-09 11:47:23,220 [DEBUG]  STREAM b'IDAT' 41 65536
2024-09-09 11:47:23,225 [DEBUG]  STREAM b'IHDR' 16 13
2024-09-09 11:47:23,225 [DEBUG]  STREAM b'IDAT' 41 65536
2024-09-09 11:47:23,229 [DEBUG]  STREAM b'IHDR' 16 13
2024-09-09 11:47:23,229 [DEBUG]  STREAM b'IDAT' 41 65536
2024-09-09 11:47:23,236 [DEBUG]  STREAM b'IHDR' 16 13
2024-09-09 11:47:23,236 [DEBUG]  STREAM b'IDAT' 41 65536
2024-09-09 11:47:23,240 [DEBUG]  STREAM b'IHDR' 16 13
2024-09-09 11:47:23,240 [DEBUG]  STREAM b'IDAT' 41 65536
2024-09-09 11:47:23,244 [DEBUG]  STREAM b'IHDR' 16 13
2024-09-09 11:47:23,244 [DEBUG]  STREAM b'IDAT' 41 65536
2024-09-09 11:47:23,248 [DEBUG]  STREAM b'IHDR' 16 13
2024-09-09 11:47:23,248 [DEBUG]  STREAM b'IDAT' 41 65536
2024-09-09 11:47:23,254 [DEBUG]  STREAM b'IHDR' 16 13
2024-09-09 11:47:23,254 [DEBUG]  STREAM b'IDAT' 41 65536
2024-09-09 11:47:23,258 [DEBUG]  STREAM b'IHDR' 16 13
2024-09-09 11:47:23,258 [DEBUG]  STREAM b'IDAT' 41 65536
2024-09-09 11:47:23,262 [DEBUG]  STREAM b'IHDR' 16 13
2024-09-09 11:47:23,262 [DEBUG]  STREAM b'IDAT' 41 65536
2024-09-09 11:47:23,266 [DEBUG]  STREAM b'IHDR' 16 13
2024-09-09 11:47:23,266 [DEBUG]  STREAM b'IDAT' 41 65536
2024-09-09 11:47:23,272 [DEBUG]  STREAM b'IHDR' 16 13
2024-09-09 11:47:23,272 [DEBUG]  STREAM b'IDAT' 41 65536
2024-09-09 11:47:23,276 [DEBUG]  STREAM b'IHDR' 16 13
2024-09-09 11:47:23,276 [DEBUG]  STREAM b'IDAT' 41 65536
2024-09-09 11:47:23,280 [DEBUG]  STREAM b'IHDR' 16 13
2024-09-09 11:47:23,280 [DEBUG]  STREAM b'IDAT' 41 65536
2024-09-09 11:47:23,284 [DEBUG]  STREAM b'IHDR' 16 13
2024-09-09 11:47:23,284 [DEBUG]  STREAM b'IDAT' 41 65536
2024-09-09 11:47:23,289 [DEBUG]  STREAM b'IHDR' 16 13
2024-09-09 11:47:23,289 [DEBUG]  STREAM b'IDAT' 41 65536
2024-09-09 11:47:23,294 [DEBUG]  STREAM b'IHDR' 16 13
2024-09-09 11:47:23,294 [DEBUG]  STREAM b'IDAT' 41 65536
2024-09-09 11:47:23,298 [DEBUG]  STREAM b'IHDR' 16 13
2024-09-09 11:47:23,298 [DEBUG]  STREAM b'IDAT' 41 65536
2024-09-09 11:47:23,303 [DEBUG]  STREAM b'IHDR' 16 13
2024-09-09 11:47:23,303 [DEBUG]  STREAM b'IDAT' 41 65536
2024-09-09 11:47:23,308 [DEBUG]  STREAM b'IHDR' 16 13
2024-09-09 11:47:23,308 [DEBUG]  STREAM b'IDAT' 41 65536
2024-09-09 11:47:23,313 [DEBUG]  STREAM b'IHDR' 16 13
2024-09-09 11:47:23,313 [DEBUG]  STREAM b'IDAT' 41 65536
2024-09-09 11:47:23,317 [DEBUG]  STREAM b'IHDR' 16 13
2024-09-09 11:47:23,317 [DEBUG]  STREAM b'IDAT' 41 65536
2024-09-09 11:47:23,321 [DEBUG]  STREAM b'IHDR' 16 13
2024-09-09 11:47:23,321 [DEBUG]  STREAM b'IDAT' 41 65536
2024-09-09 11:47:23,331 [DEBUG]  GraphTrial.log 808.871 visit state = 5
2024-09-09 11:47:23,336 [DEBUG]  GraphTrial.log 808.876 start flip_time = 808.8760362083335
2024-09-09 11:47:23,340 [DEBUG]  GraphTrial.log 808.881 get move selected = 3
2024-09-09 11:47:25,861 [DEBUG]  GraphTrial.log 811.401 switch selected = 2
2024-09-09 11:47:26,772 [DEBUG]  GraphTrial.log 812.313 switch selected = 3
2024-09-09 11:47:27,372 [DEBUG]  GraphTrial.log 812.912 select selected = 3
2024-09-09 11:47:27,372 [DEBUG]  GraphTrial.log 812.912 visit state = 3
2024-09-09 11:47:27,392 [DEBUG]  GraphTrial.log 812.933 get move selected = 9
2024-09-09 11:47:27,747 [DEBUG]  GraphTrial.log 813.288 select selected = 9
2024-09-09 11:47:27,748 [DEBUG]  GraphTrial.log 813.288 visit state = 9
2024-09-09 11:47:29,577 [DEBUG]  GraphTrial.log 815.117 done 
2024-09-09 11:47:29,577 [INFO]  end trial [{"time": 806.3686914583332, "event": "begin drift_check"}, {"time": 808.5190056249999, "event": "initialize", "status": null}, {"time": 808.5193395416668, "event": "start recording"}, {"time": 808.6458475, "event": "show graph"}, {"time": 808.8709824583334, "event": "visit", "state": 5}, {"time": 808.8760533333334, "event": "start", "flip_time": 808.8760362083335}, {"time": 808.8808034583335, "event": "get move", "selected": 3}, {"time": 811.401044541667, "event": "switch", "selected": 2}, {"time": 812.3125569583335, "event": "switch", "selected": 3}, {"time": 812.9120590833331, "event": "select", "selected": 3}, {"time": 812.9121280833333, "event": "visit", "state": 3}, {"time": 812.9327191666666, "event": "get move", "selected": 9}, {"time": 813.2878889166668, "event": "select", "selected": 9}, {"time": 813.2879506249997, "event": "visit", "state": 9}, {"time": 815.1173583749996, "event": "done"}]
2024-09-09 11:47:29,577 [INFO]  stop_recording
2024-09-09 11:47:29,593 [INFO]  gt.status is None
2024-09-09 11:47:29,593 [DEBUG]  add bonus points 4 (total = 241)
2024-09-09 11:47:29,593 [INFO]  Trial 47 of 260
2024-09-09 11:47:31,100 [INFO]  begin trial {"kind": "GraphTrial", "graph": [[7, 4], [], [], [], [6], [2], [], [10, 3], [9, 1], [1, 5], []], "rewards": [null, -4, 3, -4, -4, -3, -3, 3, 4, 4, 3], "reward_info": {"-4": {"desc": "pattern_1", "image": "images[0]"}, "-3": {"desc": "pattern_2", "image": "images[1]"}, "-2": {"desc": "pattern_3", "image": "images[2]"}, "-1": {"desc": "pattern_4", "image": "images[3]"}, "0": {"desc": "pattern_5", "image": "images[4]"}, "1": {"desc": "pattern_6", "image": "images[5]"}, "2": {"desc": "pattern_7", "image": "images[6]"}, "3": {"desc": "pattern_8", "image": "images[7]"}, "4": {"desc": "pattern_9", "image": "images[8]"}}, "initial_stage": "planning", "hide_states": false, "hide_rewards_while_acting": false, "hide_edges_while_acting": false, "gaze_contingent": false, "gaze_tolerance": 1.5, "fixation_lag": 0.5, "start": 0}
2024-09-09 11:47:31,100 [INFO]  <eyetracking.EyeLink object at 0x3177c5370>
2024-09-09 11:47:31,100 [DEBUG]  GraphTrial.log 816.641 begin drift_check 
2024-09-09 11:47:33,328 [DEBUG]  GraphTrial.log 818.869 initialize status = None
2024-09-09 11:47:33,329 [DEBUG]  GraphTrial.log 818.869 start recording 
2024-09-09 11:47:33,329 [INFO]  start_recording
2024-09-09 11:47:33,455 [DEBUG]  GraphTrial.log 818.995 show graph 
2024-09-09 11:47:33,467 [DEBUG]  STREAM b'IHDR' 16 13
2024-09-09 11:47:33,467 [DEBUG]  STREAM b'IDAT' 41 65536
2024-09-09 11:47:33,479 [DEBUG]  STREAM b'IHDR' 16 13
2024-09-09 11:47:33,479 [DEBUG]  STREAM b'IDAT' 41 65536
2024-09-09 11:47:33,489 [DEBUG]  STREAM b'IHDR' 16 13
2024-09-09 11:47:33,489 [DEBUG]  STREAM b'IDAT' 41 65536
2024-09-09 11:47:33,496 [DEBUG]  STREAM b'IHDR' 16 13
2024-09-09 11:47:33,496 [DEBUG]  STREAM b'IDAT' 41 65536
2024-09-09 11:47:33,506 [DEBUG]  STREAM b'IHDR' 16 13
2024-09-09 11:47:33,506 [DEBUG]  STREAM b'IDAT' 41 65536
2024-09-09 11:47:33,513 [DEBUG]  STREAM b'IHDR' 16 13
2024-09-09 11:47:33,513 [DEBUG]  STREAM b'IDAT' 41 65536
2024-09-09 11:47:33,519 [DEBUG]  STREAM b'IHDR' 16 13
2024-09-09 11:47:33,519 [DEBUG]  STREAM b'IDAT' 41 65536
2024-09-09 11:47:33,524 [DEBUG]  STREAM b'IHDR' 16 13
2024-09-09 11:47:33,524 [DEBUG]  STREAM b'IDAT' 41 65536
2024-09-09 11:47:33,531 [DEBUG]  STREAM b'IHDR' 16 13
2024-09-09 11:47:33,531 [DEBUG]  STREAM b'IDAT' 41 65536
2024-09-09 11:47:33,536 [DEBUG]  STREAM b'IHDR' 16 13
2024-09-09 11:47:33,536 [DEBUG]  STREAM b'IDAT' 41 65536
2024-09-09 11:47:33,541 [DEBUG]  STREAM b'IHDR' 16 13
2024-09-09 11:47:33,541 [DEBUG]  STREAM b'IDAT' 41 65536
2024-09-09 11:47:33,546 [DEBUG]  STREAM b'IHDR' 16 13
2024-09-09 11:47:33,546 [DEBUG]  STREAM b'IDAT' 41 65536
2024-09-09 11:47:33,552 [DEBUG]  STREAM b'IHDR' 16 13
2024-09-09 11:47:33,552 [DEBUG]  STREAM b'IDAT' 41 65536
2024-09-09 11:47:33,556 [DEBUG]  STREAM b'IHDR' 16 13
2024-09-09 11:47:33,556 [DEBUG]  STREAM b'IDAT' 41 65536
2024-09-09 11:47:33,560 [DEBUG]  STREAM b'IHDR' 16 13
2024-09-09 11:47:33,560 [DEBUG]  STREAM b'IDAT' 41 65536
2024-09-09 11:47:33,564 [DEBUG]  STREAM b'IHDR' 16 13
2024-09-09 11:47:33,564 [DEBUG]  STREAM b'IDAT' 41 65536
2024-09-09 11:47:33,570 [DEBUG]  STREAM b'IHDR' 16 13
2024-09-09 11:47:33,570 [DEBUG]  STREAM b'IDAT' 41 65536
2024-09-09 11:47:33,574 [DEBUG]  STREAM b'IHDR' 16 13
2024-09-09 11:47:33,574 [DEBUG]  STREAM b'IDAT' 41 65536
2024-09-09 11:47:33,578 [DEBUG]  STREAM b'IHDR' 16 13
2024-09-09 11:47:33,578 [DEBUG]  STREAM b'IDAT' 41 65536
2024-09-09 11:47:33,583 [DEBUG]  STREAM b'IHDR' 16 13
2024-09-09 11:47:33,583 [DEBUG]  STREAM b'IDAT' 41 65536
2024-09-09 11:47:33,588 [DEBUG]  STREAM b'IHDR' 16 13
2024-09-09 11:47:33,588 [DEBUG]  STREAM b'IDAT' 41 65536
2024-09-09 11:47:33,592 [DEBUG]  STREAM b'IHDR' 16 13
2024-09-09 11:47:33,592 [DEBUG]  STREAM b'IDAT' 41 65536
2024-09-09 11:47:33,596 [DEBUG]  STREAM b'IHDR' 16 13
2024-09-09 11:47:33,596 [DEBUG]  STREAM b'IDAT' 41 65536
2024-09-09 11:47:33,600 [DEBUG]  STREAM b'IHDR' 16 13
2024-09-09 11:47:33,600 [DEBUG]  STREAM b'IDAT' 41 65536
2024-09-09 11:47:33,606 [DEBUG]  STREAM b'IHDR' 16 13
2024-09-09 11:47:33,606 [DEBUG]  STREAM b'IDAT' 41 65536
2024-09-09 11:47:33,610 [DEBUG]  STREAM b'IHDR' 16 13
2024-09-09 11:47:33,610 [DEBUG]  STREAM b'IDAT' 41 65536
2024-09-09 11:47:33,615 [DEBUG]  STREAM b'IHDR' 16 13
2024-09-09 11:47:33,615 [DEBUG]  STREAM b'IDAT' 41 65536
2024-09-09 11:47:33,619 [DEBUG]  STREAM b'IHDR' 16 13
2024-09-09 11:47:33,619 [DEBUG]  STREAM b'IDAT' 41 65536
2024-09-09 11:47:33,625 [DEBUG]  STREAM b'IHDR' 16 13
2024-09-09 11:47:33,625 [DEBUG]  STREAM b'IDAT' 41 65536
2024-09-09 11:47:33,629 [DEBUG]  STREAM b'IHDR' 16 13
2024-09-09 11:47:33,630 [DEBUG]  STREAM b'IDAT' 41 65536
2024-09-09 11:47:33,634 [DEBUG]  STREAM b'IHDR' 16 13
2024-09-09 11:47:33,634 [DEBUG]  STREAM b'IDAT' 41 65536
2024-09-09 11:47:33,638 [DEBUG]  STREAM b'IHDR' 16 13
2024-09-09 11:47:33,638 [DEBUG]  STREAM b'IDAT' 41 65536
2024-09-09 11:47:33,644 [DEBUG]  STREAM b'IHDR' 16 13
2024-09-09 11:47:33,644 [DEBUG]  STREAM b'IDAT' 41 65536
2024-09-09 11:47:33,649 [DEBUG]  STREAM b'IHDR' 16 13
2024-09-09 11:47:33,649 [DEBUG]  STREAM b'IDAT' 41 65536
2024-09-09 11:47:33,653 [DEBUG]  STREAM b'IHDR' 16 13
2024-09-09 11:47:33,653 [DEBUG]  STREAM b'IDAT' 41 65536
2024-09-09 11:47:33,658 [DEBUG]  STREAM b'IHDR' 16 13
2024-09-09 11:47:33,658 [DEBUG]  STREAM b'IDAT' 41 65536
2024-09-09 11:47:33,663 [DEBUG]  STREAM b'IHDR' 16 13
2024-09-09 11:47:33,663 [DEBUG]  STREAM b'IDAT' 41 65536
2024-09-09 11:47:33,668 [DEBUG]  STREAM b'IHDR' 16 13
2024-09-09 11:47:33,668 [DEBUG]  STREAM b'IDAT' 41 65536
2024-09-09 11:47:33,672 [DEBUG]  STREAM b'IHDR' 16 13
2024-09-09 11:47:33,672 [DEBUG]  STREAM b'IDAT' 41 65536
2024-09-09 11:47:33,677 [DEBUG]  STREAM b'IHDR' 16 13
2024-09-09 11:47:33,677 [DEBUG]  STREAM b'IDAT' 41 65536
2024-09-09 11:47:33,687 [DEBUG]  GraphTrial.log 819.228 visit state = 0
2024-09-09 11:47:33,693 [DEBUG]  GraphTrial.log 819.233 start flip_time = 819.2332619999997
2024-09-09 11:47:33,698 [DEBUG]  GraphTrial.log 819.238 get move selected = 7
2024-09-09 11:47:35,044 [DEBUG]  GraphTrial.log 820.585 select selected = 7
2024-09-09 11:47:35,044 [DEBUG]  GraphTrial.log 820.585 visit state = 7
2024-09-09 11:47:35,054 [DEBUG]  GraphTrial.log 820.595 get move selected = 10
2024-09-09 11:47:35,884 [DEBUG]  GraphTrial.log 821.425 switch selected = 3
2024-09-09 11:47:36,524 [DEBUG]  GraphTrial.log 822.064 switch selected = 10
2024-09-09 11:47:36,835 [DEBUG]  GraphTrial.log 822.376 select selected = 10
2024-09-09 11:47:36,835 [DEBUG]  GraphTrial.log 822.376 visit state = 10
2024-09-09 11:47:38,677 [DEBUG]  GraphTrial.log 824.217 done 
2024-09-09 11:47:38,677 [INFO]  end trial [{"time": 816.6405502083335, "event": "begin drift_check"}, {"time": 818.8686883333335, "event": "initialize", "status": null}, {"time": 818.8690374583334, "event": "start recording"}, {"time": 818.9952777916669, "event": "show graph"}, {"time": 819.2278762083333, "event": "visit", "state": 0}, {"time": 819.233281166667, "event": "start", "flip_time": 819.2332619999997}, {"time": 819.2381070833335, "event": "get move", "selected": 7}, {"time": 820.5845279999999, "event": "select", "selected": 7}, {"time": 820.5846017083331, "event": "visit", "state": 7}, {"time": 820.594581625, "event": "get move", "selected": 10}, {"time": 821.424578791667, "event": "switch", "selected": 3}, {"time": 822.0644902083332, "event": "switch", "selected": 10}, {"time": 822.3757474583335, "event": "select", "selected": 10}, {"time": 822.3758106249998, "event": "visit", "state": 10}, {"time": 824.2172262499998, "event": "done"}]
2024-09-09 11:47:38,677 [INFO]  stop_recording
2024-09-09 11:47:38,694 [INFO]  gt.status is None
2024-09-09 11:47:38,694 [DEBUG]  add bonus points 6 (total = 247)
2024-09-09 11:47:38,694 [INFO]  Trial 48 of 260
2024-09-09 11:47:40,284 [INFO]  begin trial {"kind": "GraphTrial", "graph": [[3, 7], [], [1], [4, 5], [], [], [10, 9], [8], [], [], [9, 2]], "rewards": [null, -4, 4, -1, -4, 2, -1, 1, 4, 2, 2], "reward_info": {"-4": {"desc": "pattern_1", "image": "images[0]"}, "-3": {"desc": "pattern_2", "image": "images[1]"}, "-2": {"desc": "pattern_3", "image": "images[2]"}, "-1": {"desc": "pattern_4", "image": "images[3]"}, "0": {"desc": "pattern_5", "image": "images[4]"}, "1": {"desc": "pattern_6", "image": "images[5]"}, "2": {"desc": "pattern_7", "image": "images[6]"}, "3": {"desc": "pattern_8", "image": "images[7]"}, "4": {"desc": "pattern_9", "image": "images[8]"}}, "initial_stage": "planning", "hide_states": false, "hide_rewards_while_acting": false, "hide_edges_while_acting": false, "gaze_contingent": false, "gaze_tolerance": 1.5, "fixation_lag": 0.5, "start": 0}
2024-09-09 11:47:40,284 [INFO]  <eyetracking.EyeLink object at 0x3177c5370>
2024-09-09 11:47:40,284 [DEBUG]  GraphTrial.log 825.825 begin drift_check 
2024-09-09 11:47:41,878 [DEBUG]  GraphTrial.log 827.419 initialize status = None
2024-09-09 11:47:41,879 [DEBUG]  GraphTrial.log 827.419 start recording 
2024-09-09 11:47:41,879 [INFO]  start_recording
2024-09-09 11:47:42,005 [DEBUG]  GraphTrial.log 827.545 show graph 
2024-09-09 11:47:42,018 [DEBUG]  STREAM b'IHDR' 16 13
2024-09-09 11:47:42,019 [DEBUG]  STREAM b'IDAT' 41 65536
2024-09-09 11:47:42,031 [DEBUG]  STREAM b'IHDR' 16 13
2024-09-09 11:47:42,031 [DEBUG]  STREAM b'IDAT' 41 65536
2024-09-09 11:47:42,040 [DEBUG]  STREAM b'IHDR' 16 13
2024-09-09 11:47:42,040 [DEBUG]  STREAM b'IDAT' 41 65536
2024-09-09 11:47:42,048 [DEBUG]  STREAM b'IHDR' 16 13
2024-09-09 11:47:42,048 [DEBUG]  STREAM b'IDAT' 41 65536
2024-09-09 11:47:42,058 [DEBUG]  STREAM b'IHDR' 16 13
2024-09-09 11:47:42,058 [DEBUG]  STREAM b'IDAT' 41 65536
2024-09-09 11:47:42,064 [DEBUG]  STREAM b'IHDR' 16 13
2024-09-09 11:47:42,064 [DEBUG]  STREAM b'IDAT' 41 65536
2024-09-09 11:47:42,070 [DEBUG]  STREAM b'IHDR' 16 13
2024-09-09 11:47:42,070 [DEBUG]  STREAM b'IDAT' 41 65536
2024-09-09 11:47:42,076 [DEBUG]  STREAM b'IHDR' 16 13
2024-09-09 11:47:42,076 [DEBUG]  STREAM b'IDAT' 41 65536
2024-09-09 11:47:42,083 [DEBUG]  STREAM b'IHDR' 16 13
2024-09-09 11:47:42,083 [DEBUG]  STREAM b'IDAT' 41 65536
2024-09-09 11:47:42,088 [DEBUG]  STREAM b'IHDR' 16 13
2024-09-09 11:47:42,088 [DEBUG]  STREAM b'IDAT' 41 65536
2024-09-09 11:47:42,093 [DEBUG]  STREAM b'IHDR' 16 13
2024-09-09 11:47:42,093 [DEBUG]  STREAM b'IDAT' 41 65536
2024-09-09 11:47:42,097 [DEBUG]  STREAM b'IHDR' 16 13
2024-09-09 11:47:42,097 [DEBUG]  STREAM b'IDAT' 41 65536
2024-09-09 11:47:42,103 [DEBUG]  STREAM b'IHDR' 16 13
2024-09-09 11:47:42,103 [DEBUG]  STREAM b'IDAT' 41 65536
2024-09-09 11:47:42,107 [DEBUG]  STREAM b'IHDR' 16 13
2024-09-09 11:47:42,107 [DEBUG]  STREAM b'IDAT' 41 65536
2024-09-09 11:47:42,112 [DEBUG]  STREAM b'IHDR' 16 13
2024-09-09 11:47:42,112 [DEBUG]  STREAM b'IDAT' 41 65536
2024-09-09 11:47:42,116 [DEBUG]  STREAM b'IHDR' 16 13
2024-09-09 11:47:42,116 [DEBUG]  STREAM b'IDAT' 41 65536
2024-09-09 11:47:42,121 [DEBUG]  STREAM b'IHDR' 16 13
2024-09-09 11:47:42,121 [DEBUG]  STREAM b'IDAT' 41 65536
2024-09-09 11:47:42,126 [DEBUG]  STREAM b'IHDR' 16 13
2024-09-09 11:47:42,126 [DEBUG]  STREAM b'IDAT' 41 65536
2024-09-09 11:47:42,130 [DEBUG]  STREAM b'IHDR' 16 13
2024-09-09 11:47:42,130 [DEBUG]  STREAM b'IDAT' 41 65536
2024-09-09 11:47:42,134 [DEBUG]  STREAM b'IHDR' 16 13
2024-09-09 11:47:42,134 [DEBUG]  STREAM b'IDAT' 41 65536
2024-09-09 11:47:42,140 [DEBUG]  STREAM b'IHDR' 16 13
2024-09-09 11:47:42,140 [DEBUG]  STREAM b'IDAT' 41 65536
2024-09-09 11:47:42,144 [DEBUG]  STREAM b'IHDR' 16 13
2024-09-09 11:47:42,144 [DEBUG]  STREAM b'IDAT' 41 65536
2024-09-09 11:47:42,148 [DEBUG]  STREAM b'IHDR' 16 13
2024-09-09 11:47:42,148 [DEBUG]  STREAM b'IDAT' 41 65536
2024-09-09 11:47:42,152 [DEBUG]  STREAM b'IHDR' 16 13
2024-09-09 11:47:42,152 [DEBUG]  STREAM b'IDAT' 41 65536
2024-09-09 11:47:42,157 [DEBUG]  STREAM b'IHDR' 16 13
2024-09-09 11:47:42,157 [DEBUG]  STREAM b'IDAT' 41 65536
2024-09-09 11:47:42,161 [DEBUG]  STREAM b'IHDR' 16 13
2024-09-09 11:47:42,161 [DEBUG]  STREAM b'IDAT' 41 65536
2024-09-09 11:47:42,166 [DEBUG]  STREAM b'IHDR' 16 13
2024-09-09 11:47:42,166 [DEBUG]  STREAM b'IDAT' 41 65536
2024-09-09 11:47:42,170 [DEBUG]  STREAM b'IHDR' 16 13
2024-09-09 11:47:42,170 [DEBUG]  STREAM b'IDAT' 41 65536
2024-09-09 11:47:42,175 [DEBUG]  STREAM b'IHDR' 16 13
2024-09-09 11:47:42,175 [DEBUG]  STREAM b'IDAT' 41 65536
2024-09-09 11:47:42,180 [DEBUG]  STREAM b'IHDR' 16 13
2024-09-09 11:47:42,180 [DEBUG]  STREAM b'IDAT' 41 65536
2024-09-09 11:47:42,184 [DEBUG]  STREAM b'IHDR' 16 13
2024-09-09 11:47:42,184 [DEBUG]  STREAM b'IDAT' 41 65536
2024-09-09 11:47:42,188 [DEBUG]  STREAM b'IHDR' 16 13
2024-09-09 11:47:42,188 [DEBUG]  STREAM b'IDAT' 41 65536
2024-09-09 11:47:42,194 [DEBUG]  STREAM b'IHDR' 16 13
2024-09-09 11:47:42,194 [DEBUG]  STREAM b'IDAT' 41 65536
2024-09-09 11:47:42,199 [DEBUG]  STREAM b'IHDR' 16 13
2024-09-09 11:47:42,199 [DEBUG]  STREAM b'IDAT' 41 65536
2024-09-09 11:47:42,203 [DEBUG]  STREAM b'IHDR' 16 13
2024-09-09 11:47:42,203 [DEBUG]  STREAM b'IDAT' 41 65536
2024-09-09 11:47:42,207 [DEBUG]  STREAM b'IHDR' 16 13
2024-09-09 11:47:42,207 [DEBUG]  STREAM b'IDAT' 41 65536
2024-09-09 11:47:42,213 [DEBUG]  STREAM b'IHDR' 16 13
2024-09-09 11:47:42,213 [DEBUG]  STREAM b'IDAT' 41 65536
2024-09-09 11:47:42,217 [DEBUG]  STREAM b'IHDR' 16 13
2024-09-09 11:47:42,217 [DEBUG]  STREAM b'IDAT' 41 65536
2024-09-09 11:47:42,221 [DEBUG]  STREAM b'IHDR' 16 13
2024-09-09 11:47:42,221 [DEBUG]  STREAM b'IDAT' 41 65536
2024-09-09 11:47:42,226 [DEBUG]  STREAM b'IHDR' 16 13
2024-09-09 11:47:42,226 [DEBUG]  STREAM b'IDAT' 41 65536
2024-09-09 11:47:42,236 [DEBUG]  GraphTrial.log 827.776 visit state = 0
2024-09-09 11:47:42,241 [DEBUG]  GraphTrial.log 827.781 start flip_time = 827.7813272916669
2024-09-09 11:47:42,246 [DEBUG]  GraphTrial.log 827.786 get move selected = 3
2024-09-09 11:47:43,733 [DEBUG]  GraphTrial.log 829.273 switch selected = 7
2024-09-09 11:47:44,228 [DEBUG]  GraphTrial.log 829.768 switch selected = 3
2024-09-09 11:47:45,060 [DEBUG]  GraphTrial.log 830.601 switch selected = 7
2024-09-09 11:47:46,468 [DEBUG]  GraphTrial.log 832.009 switch selected = 3
2024-09-09 11:47:47,828 [DEBUG]  GraphTrial.log 833.369 switch selected = 7
2024-09-09 11:47:48,244 [DEBUG]  GraphTrial.log 833.784 select selected = 7
2024-09-09 11:47:48,244 [DEBUG]  GraphTrial.log 833.784 visit state = 7
2024-09-09 11:47:48,253 [DEBUG]  GraphTrial.log 833.793 get move selected = 8
2024-09-09 11:47:48,636 [DEBUG]  GraphTrial.log 834.176 select selected = 8
2024-09-09 11:47:48,636 [DEBUG]  GraphTrial.log 834.176 visit state = 8
2024-09-09 11:47:50,492 [DEBUG]  GraphTrial.log 836.032 done 
2024-09-09 11:47:50,492 [INFO]  end trial [{"time": 825.8245289583333, "event": "begin drift_check"}, {"time": 827.4186428749999, "event": "initialize", "status": null}, {"time": 827.4189849583331, "event": "start recording"}, {"time": 827.5454849166667, "event": "show graph"}, {"time": 827.7758706249997, "event": "visit", "state": 0}, {"time": 827.781344916667, "event": "start", "flip_time": 827.7813272916669}, {"time": 827.785987291667, "event": "get move", "selected": 3}, {"time": 829.2730603333334, "event": "switch", "selected": 7}, {"time": 829.768438791667, "event": "switch", "selected": 3}, {"time": 830.6005635416668, "event": "switch", "selected": 7}, {"time": 832.0085428749999, "event": "switch", "selected": 3}, {"time": 833.3686759583334, "event": "switch", "selected": 7}, {"time": 833.783971375, "event": "select", "selected": 7}, {"time": 833.7840383749999, "event": "visit", "state": 7}, {"time": 833.793447916667, "event": "get move", "selected": 8}, {"time": 834.176032041667, "event": "select", "selected": 8}, {"time": 834.1760932916668, "event": "visit", "state": 8}, {"time": 836.0324300416669, "event": "done"}]
2024-09-09 11:47:50,492 [INFO]  stop_recording
2024-09-09 11:47:50,510 [INFO]  gt.status is None
2024-09-09 11:47:50,510 [DEBUG]  add bonus points 5 (total = 252)
2024-09-09 11:47:50,510 [INFO]  Trial 49 of 260
2024-09-09 11:47:52,244 [INFO]  begin trial {"kind": "GraphTrial", "graph": [[], [5], [], [0], [], [], [7, 3], [4, 2], [10, 9], [], [9, 1]], "rewards": [1, -2, -2, 4, 4, 2, null, -4, -3, -2, 1], "reward_info": {"-4": {"desc": "pattern_1", "image": "images[0]"}, "-3": {"desc": "pattern_2", "image": "images[1]"}, "-2": {"desc": "pattern_3", "image": "images[2]"}, "-1": {"desc": "pattern_4", "image": "images[3]"}, "0": {"desc": "pattern_5", "image": "images[4]"}, "1": {"desc": "pattern_6", "image": "images[5]"}, "2": {"desc": "pattern_7", "image": "images[6]"}, "3": {"desc": "pattern_8", "image": "images[7]"}, "4": {"desc": "pattern_9", "image": "images[8]"}}, "initial_stage": "planning", "hide_states": false, "hide_rewards_while_acting": false, "hide_edges_while_acting": false, "gaze_contingent": false, "gaze_tolerance": 1.5, "fixation_lag": 0.5, "start": 6}
2024-09-09 11:47:52,244 [INFO]  <eyetracking.EyeLink object at 0x3177c5370>
2024-09-09 11:47:52,244 [DEBUG]  GraphTrial.log 837.785 begin drift_check 
2024-09-09 11:47:53,495 [DEBUG]  GraphTrial.log 839.036 initialize status = None
2024-09-09 11:47:53,496 [DEBUG]  GraphTrial.log 839.036 start recording 
2024-09-09 11:47:53,496 [INFO]  start_recording
2024-09-09 11:47:53,620 [DEBUG]  GraphTrial.log 839.161 show graph 
2024-09-09 11:47:53,629 [DEBUG]  STREAM b'IHDR' 16 13
2024-09-09 11:47:53,629 [DEBUG]  STREAM b'IDAT' 41 65536
2024-09-09 11:47:53,641 [DEBUG]  STREAM b'IHDR' 16 13
2024-09-09 11:47:53,641 [DEBUG]  STREAM b'IDAT' 41 65536
2024-09-09 11:47:53,651 [DEBUG]  STREAM b'IHDR' 16 13
2024-09-09 11:47:53,651 [DEBUG]  STREAM b'IDAT' 41 65536
2024-09-09 11:47:53,659 [DEBUG]  STREAM b'IHDR' 16 13
2024-09-09 11:47:53,659 [DEBUG]  STREAM b'IDAT' 41 65536
2024-09-09 11:47:53,670 [DEBUG]  STREAM b'IHDR' 16 13
2024-09-09 11:47:53,670 [DEBUG]  STREAM b'IDAT' 41 65536
2024-09-09 11:47:53,676 [DEBUG]  STREAM b'IHDR' 16 13
2024-09-09 11:47:53,676 [DEBUG]  STREAM b'IDAT' 41 65536
2024-09-09 11:47:53,682 [DEBUG]  STREAM b'IHDR' 16 13
2024-09-09 11:47:53,682 [DEBUG]  STREAM b'IDAT' 41 65536
2024-09-09 11:47:53,687 [DEBUG]  STREAM b'IHDR' 16 13
2024-09-09 11:47:53,687 [DEBUG]  STREAM b'IDAT' 41 65536
2024-09-09 11:47:53,694 [DEBUG]  STREAM b'IHDR' 16 13
2024-09-09 11:47:53,694 [DEBUG]  STREAM b'IDAT' 41 65536
2024-09-09 11:47:53,699 [DEBUG]  STREAM b'IHDR' 16 13
2024-09-09 11:47:53,699 [DEBUG]  STREAM b'IDAT' 41 65536
2024-09-09 11:47:53,704 [DEBUG]  STREAM b'IHDR' 16 13
2024-09-09 11:47:53,704 [DEBUG]  STREAM b'IDAT' 41 65536
2024-09-09 11:47:53,708 [DEBUG]  STREAM b'IHDR' 16 13
2024-09-09 11:47:53,708 [DEBUG]  STREAM b'IDAT' 41 65536
2024-09-09 11:47:53,715 [DEBUG]  STREAM b'IHDR' 16 13
2024-09-09 11:47:53,715 [DEBUG]  STREAM b'IDAT' 41 65536
2024-09-09 11:47:53,720 [DEBUG]  STREAM b'IHDR' 16 13
2024-09-09 11:47:53,720 [DEBUG]  STREAM b'IDAT' 41 65536
2024-09-09 11:47:53,725 [DEBUG]  STREAM b'IHDR' 16 13
2024-09-09 11:47:53,725 [DEBUG]  STREAM b'IDAT' 41 65536
2024-09-09 11:47:53,729 [DEBUG]  STREAM b'IHDR' 16 13
2024-09-09 11:47:53,729 [DEBUG]  STREAM b'IDAT' 41 65536
2024-09-09 11:47:53,735 [DEBUG]  STREAM b'IHDR' 16 13
2024-09-09 11:47:53,735 [DEBUG]  STREAM b'IDAT' 41 65536
2024-09-09 11:47:53,740 [DEBUG]  STREAM b'IHDR' 16 13
2024-09-09 11:47:53,740 [DEBUG]  STREAM b'IDAT' 41 65536
2024-09-09 11:47:53,744 [DEBUG]  STREAM b'IHDR' 16 13
2024-09-09 11:47:53,744 [DEBUG]  STREAM b'IDAT' 41 65536
2024-09-09 11:47:53,748 [DEBUG]  STREAM b'IHDR' 16 13
2024-09-09 11:47:53,748 [DEBUG]  STREAM b'IDAT' 41 65536
2024-09-09 11:47:53,754 [DEBUG]  STREAM b'IHDR' 16 13
2024-09-09 11:47:53,754 [DEBUG]  STREAM b'IDAT' 41 65536
2024-09-09 11:47:53,759 [DEBUG]  STREAM b'IHDR' 16 13
2024-09-09 11:47:53,759 [DEBUG]  STREAM b'IDAT' 41 65536
2024-09-09 11:47:53,763 [DEBUG]  STREAM b'IHDR' 16 13
2024-09-09 11:47:53,763 [DEBUG]  STREAM b'IDAT' 41 65536
2024-09-09 11:47:53,767 [DEBUG]  STREAM b'IHDR' 16 13
2024-09-09 11:47:53,767 [DEBUG]  STREAM b'IDAT' 41 65536
2024-09-09 11:47:53,774 [DEBUG]  STREAM b'IHDR' 16 13
2024-09-09 11:47:53,774 [DEBUG]  STREAM b'IDAT' 41 65536
2024-09-09 11:47:53,778 [DEBUG]  STREAM b'IHDR' 16 13
2024-09-09 11:47:53,778 [DEBUG]  STREAM b'IDAT' 41 65536
2024-09-09 11:47:53,782 [DEBUG]  STREAM b'IHDR' 16 13
2024-09-09 11:47:53,782 [DEBUG]  STREAM b'IDAT' 41 65536
2024-09-09 11:47:53,786 [DEBUG]  STREAM b'IHDR' 16 13
2024-09-09 11:47:53,786 [DEBUG]  STREAM b'IDAT' 41 65536
2024-09-09 11:47:53,792 [DEBUG]  STREAM b'IHDR' 16 13
2024-09-09 11:47:53,792 [DEBUG]  STREAM b'IDAT' 41 65536
2024-09-09 11:47:53,797 [DEBUG]  STREAM b'IHDR' 16 13
2024-09-09 11:47:53,797 [DEBUG]  STREAM b'IDAT' 41 65536
2024-09-09 11:47:53,801 [DEBUG]  STREAM b'IHDR' 16 13
2024-09-09 11:47:53,801 [DEBUG]  STREAM b'IDAT' 41 65536
2024-09-09 11:47:53,805 [DEBUG]  STREAM b'IHDR' 16 13
2024-09-09 11:47:53,805 [DEBUG]  STREAM b'IDAT' 41 65536
2024-09-09 11:47:53,811 [DEBUG]  STREAM b'IHDR' 16 13
2024-09-09 11:47:53,811 [DEBUG]  STREAM b'IDAT' 41 65536
2024-09-09 11:47:53,815 [DEBUG]  STREAM b'IHDR' 16 13
2024-09-09 11:47:53,815 [DEBUG]  STREAM b'IDAT' 41 65536
2024-09-09 11:47:53,819 [DEBUG]  STREAM b'IHDR' 16 13
2024-09-09 11:47:53,819 [DEBUG]  STREAM b'IDAT' 41 65536
2024-09-09 11:47:53,823 [DEBUG]  STREAM b'IHDR' 16 13
2024-09-09 11:47:53,823 [DEBUG]  STREAM b'IDAT' 41 65536
2024-09-09 11:47:53,828 [DEBUG]  STREAM b'IHDR' 16 13
2024-09-09 11:47:53,828 [DEBUG]  STREAM b'IDAT' 41 65536
2024-09-09 11:47:53,833 [DEBUG]  STREAM b'IHDR' 16 13
2024-09-09 11:47:53,833 [DEBUG]  STREAM b'IDAT' 41 65536
2024-09-09 11:47:53,837 [DEBUG]  STREAM b'IHDR' 16 13
2024-09-09 11:47:53,837 [DEBUG]  STREAM b'IDAT' 41 65536
2024-09-09 11:47:53,841 [DEBUG]  STREAM b'IHDR' 16 13
2024-09-09 11:47:53,841 [DEBUG]  STREAM b'IDAT' 41 65536
2024-09-09 11:47:53,850 [DEBUG]  GraphTrial.log 839.391 visit state = 6
2024-09-09 11:47:53,856 [DEBUG]  GraphTrial.log 839.396 start flip_time = 839.3960602916668
2024-09-09 11:47:53,860 [DEBUG]  GraphTrial.log 839.401 get move selected = 7
2024-09-09 11:47:55,573 [DEBUG]  GraphTrial.log 841.113 switch selected = 3
2024-09-09 11:47:56,116 [DEBUG]  GraphTrial.log 841.656 select selected = 3
2024-09-09 11:47:56,116 [DEBUG]  GraphTrial.log 841.656 visit state = 3
2024-09-09 11:47:56,125 [DEBUG]  GraphTrial.log 841.665 get move selected = 0
2024-09-09 11:47:56,652 [DEBUG]  GraphTrial.log 842.192 switch selected = 0
2024-09-09 11:47:58,532 [DEBUG]  GraphTrial.log 844.072 select selected = 0
2024-09-09 11:47:58,532 [DEBUG]  GraphTrial.log 844.072 visit state = 0
2024-09-09 11:48:00,377 [DEBUG]  GraphTrial.log 845.917 done 
2024-09-09 11:48:00,377 [INFO]  end trial [{"time": 837.7845942499998, "event": "begin drift_check"}, {"time": 839.0357373333331, "event": "initialize", "status": null}, {"time": 839.0359220416667, "event": "start recording"}, {"time": 839.1606628333334, "event": "show graph"}, {"time": 839.3907336249999, "event": "visit", "state": 6}, {"time": 839.3960751666668, "event": "start", "flip_time": 839.3960602916668}, {"time": 839.4005993333335, "event": "get move", "selected": 7}, {"time": 841.1129474583331, "event": "switch", "selected": 3}, {"time": 841.6561196666667, "event": "select", "selected": 3}, {"time": 841.6561968333335, "event": "visit", "state": 3}, {"time": 841.6648857083333, "event": "get move", "selected": 0}, {"time": 842.1924313333334, "event": "switch", "selected": 0}, {"time": 844.0721365833333, "event": "select", "selected": 0}, {"time": 844.0722016666668, "event": "visit", "state": 0}, {"time": 845.9172475416667, "event": "done"}]
2024-09-09 11:48:00,377 [INFO]  stop_recording
2024-09-09 11:48:00,394 [INFO]  gt.status is None
2024-09-09 11:48:00,394 [DEBUG]  add bonus points 5 (total = 257)
2024-09-09 11:48:00,394 [INFO]  Trial 50 of 260
2024-09-09 11:48:01,252 [INFO]  begin trial {"kind": "GraphTrial", "graph": [[], [3, 10], [9, 5], [10, 4], [7], [], [0], [], [2, 6], [], []], "rewards": [1, -2, -4, 4, 2, -3, 4, 3, null, -1, -1], "reward_info": {"-4": {"desc": "pattern_1", "image": "images[0]"}, "-3": {"desc": "pattern_2", "image": "images[1]"}, "-2": {"desc": "pattern_3", "image": "images[2]"}, "-1": {"desc": "pattern_4", "image": "images[3]"}, "0": {"desc": "pattern_5", "image": "images[4]"}, "1": {"desc": "pattern_6", "image": "images[5]"}, "2": {"desc": "pattern_7", "image": "images[6]"}, "3": {"desc": "pattern_8", "image": "images[7]"}, "4": {"desc": "pattern_9", "image": "images[8]"}}, "initial_stage": "planning", "hide_states": false, "hide_rewards_while_acting": false, "hide_edges_while_acting": false, "gaze_contingent": false, "gaze_tolerance": 1.5, "fixation_lag": 0.5, "start": 8}
2024-09-09 11:48:01,252 [INFO]  <eyetracking.EyeLink object at 0x3177c5370>
2024-09-09 11:48:01,252 [DEBUG]  GraphTrial.log 846.793 begin drift_check 
2024-09-09 11:48:02,077 [DEBUG]  GraphTrial.log 847.617 initialize status = None
2024-09-09 11:48:02,077 [DEBUG]  GraphTrial.log 847.618 start recording 
2024-09-09 11:48:02,078 [INFO]  start_recording
2024-09-09 11:48:02,204 [DEBUG]  GraphTrial.log 847.744 show graph 
2024-09-09 11:48:02,213 [DEBUG]  STREAM b'IHDR' 16 13
2024-09-09 11:48:02,213 [DEBUG]  STREAM b'IDAT' 41 65536
2024-09-09 11:48:02,225 [DEBUG]  STREAM b'IHDR' 16 13
2024-09-09 11:48:02,225 [DEBUG]  STREAM b'IDAT' 41 65536
2024-09-09 11:48:02,236 [DEBUG]  STREAM b'IHDR' 16 13
2024-09-09 11:48:02,236 [DEBUG]  STREAM b'IDAT' 41 65536
2024-09-09 11:48:02,244 [DEBUG]  STREAM b'IHDR' 16 13
2024-09-09 11:48:02,244 [DEBUG]  STREAM b'IDAT' 41 65536
2024-09-09 11:48:02,254 [DEBUG]  STREAM b'IHDR' 16 13
2024-09-09 11:48:02,254 [DEBUG]  STREAM b'IDAT' 41 65536
2024-09-09 11:48:02,260 [DEBUG]  STREAM b'IHDR' 16 13
2024-09-09 11:48:02,260 [DEBUG]  STREAM b'IDAT' 41 65536
2024-09-09 11:48:02,266 [DEBUG]  STREAM b'IHDR' 16 13
2024-09-09 11:48:02,266 [DEBUG]  STREAM b'IDAT' 41 65536
2024-09-09 11:48:02,271 [DEBUG]  STREAM b'IHDR' 16 13
2024-09-09 11:48:02,271 [DEBUG]  STREAM b'IDAT' 41 65536
2024-09-09 11:48:02,278 [DEBUG]  STREAM b'IHDR' 16 13
2024-09-09 11:48:02,278 [DEBUG]  STREAM b'IDAT' 41 65536
2024-09-09 11:48:02,283 [DEBUG]  STREAM b'IHDR' 16 13
2024-09-09 11:48:02,284 [DEBUG]  STREAM b'IDAT' 41 65536
2024-09-09 11:48:02,288 [DEBUG]  STREAM b'IHDR' 16 13
2024-09-09 11:48:02,288 [DEBUG]  STREAM b'IDAT' 41 65536
2024-09-09 11:48:02,293 [DEBUG]  STREAM b'IHDR' 16 13
2024-09-09 11:48:02,293 [DEBUG]  STREAM b'IDAT' 41 65536
2024-09-09 11:48:02,299 [DEBUG]  STREAM b'IHDR' 16 13
2024-09-09 11:48:02,299 [DEBUG]  STREAM b'IDAT' 41 65536
2024-09-09 11:48:02,304 [DEBUG]  STREAM b'IHDR' 16 13
2024-09-09 11:48:02,304 [DEBUG]  STREAM b'IDAT' 41 65536
2024-09-09 11:48:02,309 [DEBUG]  STREAM b'IHDR' 16 13
2024-09-09 11:48:02,309 [DEBUG]  STREAM b'IDAT' 41 65536
2024-09-09 11:48:02,313 [DEBUG]  STREAM b'IHDR' 16 13
2024-09-09 11:48:02,313 [DEBUG]  STREAM b'IDAT' 41 65536
2024-09-09 11:48:02,319 [DEBUG]  STREAM b'IHDR' 16 13
2024-09-09 11:48:02,319 [DEBUG]  STREAM b'IDAT' 41 65536
2024-09-09 11:48:02,323 [DEBUG]  STREAM b'IHDR' 16 13
2024-09-09 11:48:02,323 [DEBUG]  STREAM b'IDAT' 41 65536
2024-09-09 11:48:02,328 [DEBUG]  STREAM b'IHDR' 16 13
2024-09-09 11:48:02,328 [DEBUG]  STREAM b'IDAT' 41 65536
2024-09-09 11:48:02,332 [DEBUG]  STREAM b'IHDR' 16 13
2024-09-09 11:48:02,332 [DEBUG]  STREAM b'IDAT' 41 65536
2024-09-09 11:48:02,337 [DEBUG]  STREAM b'IHDR' 16 13
2024-09-09 11:48:02,338 [DEBUG]  STREAM b'IDAT' 41 65536
2024-09-09 11:48:02,342 [DEBUG]  STREAM b'IHDR' 16 13
2024-09-09 11:48:02,342 [DEBUG]  STREAM b'IDAT' 41 65536
2024-09-09 11:48:02,346 [DEBUG]  STREAM b'IHDR' 16 13
2024-09-09 11:48:02,346 [DEBUG]  STREAM b'IDAT' 41 65536
2024-09-09 11:48:02,350 [DEBUG]  STREAM b'IHDR' 16 13
2024-09-09 11:48:02,350 [DEBUG]  STREAM b'IDAT' 41 65536
2024-09-09 11:48:02,355 [DEBUG]  STREAM b'IHDR' 16 13
2024-09-09 11:48:02,355 [DEBUG]  STREAM b'IDAT' 41 65536
2024-09-09 11:48:02,360 [DEBUG]  STREAM b'IHDR' 16 13
2024-09-09 11:48:02,360 [DEBUG]  STREAM b'IDAT' 41 65536
2024-09-09 11:48:02,364 [DEBUG]  STREAM b'IHDR' 16 13
2024-09-09 11:48:02,364 [DEBUG]  STREAM b'IDAT' 41 65536
2024-09-09 11:48:02,369 [DEBUG]  STREAM b'IHDR' 16 13
2024-09-09 11:48:02,369 [DEBUG]  STREAM b'IDAT' 41 65536
2024-09-09 11:48:02,375 [DEBUG]  STREAM b'IHDR' 16 13
2024-09-09 11:48:02,375 [DEBUG]  STREAM b'IDAT' 41 65536
2024-09-09 11:48:02,381 [DEBUG]  STREAM b'IHDR' 16 13
2024-09-09 11:48:02,381 [DEBUG]  STREAM b'IDAT' 41 65536
2024-09-09 11:48:02,385 [DEBUG]  STREAM b'IHDR' 16 13
2024-09-09 11:48:02,385 [DEBUG]  STREAM b'IDAT' 41 65536
2024-09-09 11:48:02,390 [DEBUG]  STREAM b'IHDR' 16 13
2024-09-09 11:48:02,390 [DEBUG]  STREAM b'IDAT' 41 65536
2024-09-09 11:48:02,397 [DEBUG]  STREAM b'IHDR' 16 13
2024-09-09 11:48:02,397 [DEBUG]  STREAM b'IDAT' 41 65536
2024-09-09 11:48:02,401 [DEBUG]  STREAM b'IHDR' 16 13
2024-09-09 11:48:02,401 [DEBUG]  STREAM b'IDAT' 41 65536
2024-09-09 11:48:02,405 [DEBUG]  STREAM b'IHDR' 16 13
2024-09-09 11:48:02,405 [DEBUG]  STREAM b'IDAT' 41 65536
2024-09-09 11:48:02,409 [DEBUG]  STREAM b'IHDR' 16 13
2024-09-09 11:48:02,409 [DEBUG]  STREAM b'IDAT' 41 65536
2024-09-09 11:48:02,415 [DEBUG]  STREAM b'IHDR' 16 13
2024-09-09 11:48:02,415 [DEBUG]  STREAM b'IDAT' 41 65536
2024-09-09 11:48:02,419 [DEBUG]  STREAM b'IHDR' 16 13
2024-09-09 11:48:02,419 [DEBUG]  STREAM b'IDAT' 41 65536
2024-09-09 11:48:02,423 [DEBUG]  STREAM b'IHDR' 16 13
2024-09-09 11:48:02,423 [DEBUG]  STREAM b'IDAT' 41 65536
2024-09-09 11:48:02,427 [DEBUG]  STREAM b'IHDR' 16 13
2024-09-09 11:48:02,427 [DEBUG]  STREAM b'IDAT' 41 65536
2024-09-09 11:48:02,436 [DEBUG]  GraphTrial.log 847.977 visit state = 8
2024-09-09 11:48:02,442 [DEBUG]  GraphTrial.log 847.982 start flip_time = 847.9818421666669
2024-09-09 11:48:02,446 [DEBUG]  GraphTrial.log 847.986 get move selected = 6
2024-09-09 11:48:06,284 [DEBUG]  GraphTrial.log 851.825 select selected = 6
2024-09-09 11:48:06,284 [DEBUG]  GraphTrial.log 851.825 visit state = 6
2024-09-09 11:48:06,302 [DEBUG]  GraphTrial.log 851.842 get move selected = 0
2024-09-09 11:48:06,548 [DEBUG]  GraphTrial.log 852.088 select selected = 0
2024-09-09 11:48:06,548 [DEBUG]  GraphTrial.log 852.088 visit state = 0
2024-09-09 11:48:08,377 [DEBUG]  GraphTrial.log 853.917 done 
2024-09-09 11:48:08,377 [INFO]  end trial [{"time": 846.7926368333333, "event": "begin drift_check"}, {"time": 847.6172947916666, "event": "initialize", "status": null}, {"time": 847.6177037916668, "event": "start recording"}, {"time": 847.7443079583331, "event": "show graph"}, {"time": 847.9767624583333, "event": "visit", "state": 8}, {"time": 847.981859125, "event": "start", "flip_time": 847.9818421666669}, {"time": 847.986497166667, "event": "get move", "selected": 6}, {"time": 851.824644291667, "event": "select", "selected": 6}, {"time": 851.8247164166669, "event": "visit", "state": 6}, {"time": 851.8418603333334, "event": "get move", "selected": 0}, {"time": 852.0880174583335, "event": "select", "selected": 0}, {"time": 852.08809475, "event": "visit", "state": 0}, {"time": 853.9171359583333, "event": "done"}]
2024-09-09 11:48:08,377 [INFO]  stop_recording
2024-09-09 11:48:08,393 [INFO]  gt.status is None
2024-09-09 11:48:08,393 [DEBUG]  add bonus points 5 (total = 262)
2024-09-09 11:48:08,393 [INFO]  Trial 51 of 260
2024-09-09 11:48:08,972 [INFO]  begin trial {"kind": "GraphTrial", "graph": [[], [9, 8], [1, 9], [0, 4], [], [], [3, 7], [10, 5], [], [], []], "rewards": [-3, 2, -2, -4, -4, 4, null, -3, -3, 1, 0], "reward_info": {"-4": {"desc": "pattern_1", "image": "images[0]"}, "-3": {"desc": "pattern_2", "image": "images[1]"}, "-2": {"desc": "pattern_3", "image": "images[2]"}, "-1": {"desc": "pattern_4", "image": "images[3]"}, "0": {"desc": "pattern_5", "image": "images[4]"}, "1": {"desc": "pattern_6", "image": "images[5]"}, "2": {"desc": "pattern_7", "image": "images[6]"}, "3": {"desc": "pattern_8", "image": "images[7]"}, "4": {"desc": "pattern_9", "image": "images[8]"}}, "initial_stage": "planning", "hide_states": false, "hide_rewards_while_acting": false, "hide_edges_while_acting": false, "gaze_contingent": false, "gaze_tolerance": 1.5, "fixation_lag": 0.5, "start": 6}
2024-09-09 11:48:08,972 [INFO]  <eyetracking.EyeLink object at 0x3177c5370>
2024-09-09 11:48:08,972 [DEBUG]  GraphTrial.log 854.513 begin drift_check 
2024-09-09 11:48:10,343 [DEBUG]  GraphTrial.log 855.884 initialize status = None
2024-09-09 11:48:10,344 [DEBUG]  GraphTrial.log 855.884 start recording 
2024-09-09 11:48:10,344 [INFO]  start_recording
2024-09-09 11:48:10,471 [DEBUG]  GraphTrial.log 856.011 show graph 
2024-09-09 11:48:10,479 [DEBUG]  STREAM b'IHDR' 16 13
2024-09-09 11:48:10,479 [DEBUG]  STREAM b'IDAT' 41 65536
2024-09-09 11:48:10,492 [DEBUG]  STREAM b'IHDR' 16 13
2024-09-09 11:48:10,492 [DEBUG]  STREAM b'IDAT' 41 65536
2024-09-09 11:48:10,502 [DEBUG]  STREAM b'IHDR' 16 13
2024-09-09 11:48:10,502 [DEBUG]  STREAM b'IDAT' 41 65536
2024-09-09 11:48:10,510 [DEBUG]  STREAM b'IHDR' 16 13
2024-09-09 11:48:10,510 [DEBUG]  STREAM b'IDAT' 41 65536
2024-09-09 11:48:10,520 [DEBUG]  STREAM b'IHDR' 16 13
2024-09-09 11:48:10,520 [DEBUG]  STREAM b'IDAT' 41 65536
2024-09-09 11:48:10,526 [DEBUG]  STREAM b'IHDR' 16 13
2024-09-09 11:48:10,527 [DEBUG]  STREAM b'IDAT' 41 65536
2024-09-09 11:48:10,533 [DEBUG]  STREAM b'IHDR' 16 13
2024-09-09 11:48:10,533 [DEBUG]  STREAM b'IDAT' 41 65536
2024-09-09 11:48:10,538 [DEBUG]  STREAM b'IHDR' 16 13
2024-09-09 11:48:10,538 [DEBUG]  STREAM b'IDAT' 41 65536
2024-09-09 11:48:10,545 [DEBUG]  STREAM b'IHDR' 16 13
2024-09-09 11:48:10,545 [DEBUG]  STREAM b'IDAT' 41 65536
2024-09-09 11:48:10,550 [DEBUG]  STREAM b'IHDR' 16 13
2024-09-09 11:48:10,550 [DEBUG]  STREAM b'IDAT' 41 65536
2024-09-09 11:48:10,555 [DEBUG]  STREAM b'IHDR' 16 13
2024-09-09 11:48:10,555 [DEBUG]  STREAM b'IDAT' 41 65536
2024-09-09 11:48:10,559 [DEBUG]  STREAM b'IHDR' 16 13
2024-09-09 11:48:10,559 [DEBUG]  STREAM b'IDAT' 41 65536
2024-09-09 11:48:10,565 [DEBUG]  STREAM b'IHDR' 16 13
2024-09-09 11:48:10,565 [DEBUG]  STREAM b'IDAT' 41 65536
2024-09-09 11:48:10,570 [DEBUG]  STREAM b'IHDR' 16 13
2024-09-09 11:48:10,570 [DEBUG]  STREAM b'IDAT' 41 65536
2024-09-09 11:48:10,574 [DEBUG]  STREAM b'IHDR' 16 13
2024-09-09 11:48:10,574 [DEBUG]  STREAM b'IDAT' 41 65536
2024-09-09 11:48:10,578 [DEBUG]  STREAM b'IHDR' 16 13
2024-09-09 11:48:10,578 [DEBUG]  STREAM b'IDAT' 41 65536
2024-09-09 11:48:10,584 [DEBUG]  STREAM b'IHDR' 16 13
2024-09-09 11:48:10,584 [DEBUG]  STREAM b'IDAT' 41 65536
2024-09-09 11:48:10,588 [DEBUG]  STREAM b'IHDR' 16 13
2024-09-09 11:48:10,588 [DEBUG]  STREAM b'IDAT' 41 65536
2024-09-09 11:48:10,592 [DEBUG]  STREAM b'IHDR' 16 13
2024-09-09 11:48:10,592 [DEBUG]  STREAM b'IDAT' 41 65536
2024-09-09 11:48:10,596 [DEBUG]  STREAM b'IHDR' 16 13
2024-09-09 11:48:10,596 [DEBUG]  STREAM b'IDAT' 41 65536
2024-09-09 11:48:10,602 [DEBUG]  STREAM b'IHDR' 16 13
2024-09-09 11:48:10,602 [DEBUG]  STREAM b'IDAT' 41 65536
2024-09-09 11:48:10,606 [DEBUG]  STREAM b'IHDR' 16 13
2024-09-09 11:48:10,606 [DEBUG]  STREAM b'IDAT' 41 65536
2024-09-09 11:48:10,611 [DEBUG]  STREAM b'IHDR' 16 13
2024-09-09 11:48:10,611 [DEBUG]  STREAM b'IDAT' 41 65536
2024-09-09 11:48:10,615 [DEBUG]  STREAM b'IHDR' 16 13
2024-09-09 11:48:10,615 [DEBUG]  STREAM b'IDAT' 41 65536
2024-09-09 11:48:10,622 [DEBUG]  STREAM b'IHDR' 16 13
2024-09-09 11:48:10,622 [DEBUG]  STREAM b'IDAT' 41 65536
2024-09-09 11:48:10,626 [DEBUG]  STREAM b'IHDR' 16 13
2024-09-09 11:48:10,626 [DEBUG]  STREAM b'IDAT' 41 65536
2024-09-09 11:48:10,630 [DEBUG]  STREAM b'IHDR' 16 13
2024-09-09 11:48:10,630 [DEBUG]  STREAM b'IDAT' 41 65536
2024-09-09 11:48:10,634 [DEBUG]  STREAM b'IHDR' 16 13
2024-09-09 11:48:10,635 [DEBUG]  STREAM b'IDAT' 41 65536
2024-09-09 11:48:10,640 [DEBUG]  STREAM b'IHDR' 16 13
2024-09-09 11:48:10,640 [DEBUG]  STREAM b'IDAT' 41 65536
2024-09-09 11:48:10,644 [DEBUG]  STREAM b'IHDR' 16 13
2024-09-09 11:48:10,644 [DEBUG]  STREAM b'IDAT' 41 65536
2024-09-09 11:48:10,648 [DEBUG]  STREAM b'IHDR' 16 13
2024-09-09 11:48:10,648 [DEBUG]  STREAM b'IDAT' 41 65536
2024-09-09 11:48:10,652 [DEBUG]  STREAM b'IHDR' 16 13
2024-09-09 11:48:10,652 [DEBUG]  STREAM b'IDAT' 41 65536
2024-09-09 11:48:10,658 [DEBUG]  STREAM b'IHDR' 16 13
2024-09-09 11:48:10,658 [DEBUG]  STREAM b'IDAT' 41 65536
2024-09-09 11:48:10,662 [DEBUG]  STREAM b'IHDR' 16 13
2024-09-09 11:48:10,662 [DEBUG]  STREAM b'IDAT' 41 65536
2024-09-09 11:48:10,666 [DEBUG]  STREAM b'IHDR' 16 13
2024-09-09 11:48:10,666 [DEBUG]  STREAM b'IDAT' 41 65536
2024-09-09 11:48:10,670 [DEBUG]  STREAM b'IHDR' 16 13
2024-09-09 11:48:10,670 [DEBUG]  STREAM b'IDAT' 41 65536
2024-09-09 11:48:10,676 [DEBUG]  STREAM b'IHDR' 16 13
2024-09-09 11:48:10,676 [DEBUG]  STREAM b'IDAT' 41 65536
2024-09-09 11:48:10,681 [DEBUG]  STREAM b'IHDR' 16 13
2024-09-09 11:48:10,681 [DEBUG]  STREAM b'IDAT' 41 65536
2024-09-09 11:48:10,685 [DEBUG]  STREAM b'IHDR' 16 13
2024-09-09 11:48:10,685 [DEBUG]  STREAM b'IDAT' 41 65536
2024-09-09 11:48:10,689 [DEBUG]  STREAM b'IHDR' 16 13
2024-09-09 11:48:10,689 [DEBUG]  STREAM b'IDAT' 41 65536
2024-09-09 11:48:10,699 [DEBUG]  GraphTrial.log 856.239 visit state = 6
2024-09-09 11:48:10,704 [DEBUG]  GraphTrial.log 856.244 start flip_time = 856.2443905833334
2024-09-09 11:48:10,710 [DEBUG]  GraphTrial.log 856.251 get move selected = 7
2024-09-09 11:48:11,653 [DEBUG]  GraphTrial.log 857.193 switch selected = 3
2024-09-09 11:48:12,660 [DEBUG]  GraphTrial.log 858.201 switch selected = 7
2024-09-09 11:48:13,948 [DEBUG]  GraphTrial.log 859.489 switch selected = 3
2024-09-09 11:48:14,772 [DEBUG]  GraphTrial.log 860.313 switch selected = 7
2024-09-09 11:48:15,004 [DEBUG]  GraphTrial.log 860.544 select selected = 7
2024-09-09 11:48:15,004 [DEBUG]  GraphTrial.log 860.544 visit state = 7
2024-09-09 11:48:15,011 [DEBUG]  GraphTrial.log 860.551 get move selected = 10
2024-09-09 11:48:15,308 [DEBUG]  GraphTrial.log 860.848 select selected = 10
2024-09-09 11:48:15,308 [DEBUG]  GraphTrial.log 860.848 visit state = 10
2024-09-09 11:48:17,175 [DEBUG]  GraphTrial.log 862.716 done 
2024-09-09 11:48:17,176 [INFO]  end trial [{"time": 854.5125830416669, "event": "begin drift_check"}, {"time": 855.8836826249999, "event": "initialize", "status": null}, {"time": 855.8841123333332, "event": "start recording"}, {"time": 856.0112609999996, "event": "show graph"}, {"time": 856.2393646249998, "event": "visit", "state": 6}, {"time": 856.2444094999996, "event": "start", "flip_time": 856.2443905833334}, {"time": 856.2506849583333, "event": "get move", "selected": 7}, {"time": 857.193007041667, "event": "switch", "selected": 3}, {"time": 858.200596541667, "event": "switch", "selected": 7}, {"time": 859.4886885416668, "event": "switch", "selected": 3}, {"time": 860.3126545833334, "event": "switch", "selected": 7}, {"time": 860.543959666667, "event": "select", "selected": 7}, {"time": 860.5440300416667, "event": "visit", "state": 7}, {"time": 860.5511629999996, "event": "get move", "selected": 10}, {"time": 860.8480380416668, "event": "select", "selected": 10}, {"time": 860.8480958749997, "event": "visit", "state": 10}, {"time": 862.7156232916668, "event": "done"}]
2024-09-09 11:48:17,176 [INFO]  stop_recording
2024-09-09 11:48:17,191 [INFO]  gt.status is None
2024-09-09 11:48:17,192 [DEBUG]  add bonus points -3 (total = 259)
2024-09-09 11:48:17,192 [INFO]  Trial 52 of 260
2024-09-09 11:48:17,948 [INFO]  begin trial {"kind": "GraphTrial", "graph": [[], [], [], [2, 0], [], [7, 9], [], [4, 6], [], [1, 8], [3, 2]], "rewards": [4, -4, 1, 3, 1, null, 3, 3, -3, 0, -1], "reward_info": {"-4": {"desc": "pattern_1", "image": "images[0]"}, "-3": {"desc": "pattern_2", "image": "images[1]"}, "-2": {"desc": "pattern_3", "image": "images[2]"}, "-1": {"desc": "pattern_4", "image": "images[3]"}, "0": {"desc": "pattern_5", "image": "images[4]"}, "1": {"desc": "pattern_6", "image": "images[5]"}, "2": {"desc": "pattern_7", "image": "images[6]"}, "3": {"desc": "pattern_8", "image": "images[7]"}, "4": {"desc": "pattern_9", "image": "images[8]"}}, "initial_stage": "planning", "hide_states": false, "hide_rewards_while_acting": false, "hide_edges_while_acting": false, "gaze_contingent": false, "gaze_tolerance": 1.5, "fixation_lag": 0.5, "start": 5}
2024-09-09 11:48:17,948 [INFO]  <eyetracking.EyeLink object at 0x3177c5370>
2024-09-09 11:48:17,948 [DEBUG]  GraphTrial.log 863.489 begin drift_check 
2024-09-09 11:48:19,144 [DEBUG]  GraphTrial.log 864.684 initialize status = None
2024-09-09 11:48:19,144 [DEBUG]  GraphTrial.log 864.684 start recording 
2024-09-09 11:48:19,144 [INFO]  start_recording
2024-09-09 11:48:19,272 [DEBUG]  GraphTrial.log 864.813 show graph 
2024-09-09 11:48:19,281 [DEBUG]  STREAM b'IHDR' 16 13
2024-09-09 11:48:19,281 [DEBUG]  STREAM b'IDAT' 41 65536
2024-09-09 11:48:19,294 [DEBUG]  STREAM b'IHDR' 16 13
2024-09-09 11:48:19,295 [DEBUG]  STREAM b'IDAT' 41 65536
2024-09-09 11:48:19,305 [DEBUG]  STREAM b'IHDR' 16 13
2024-09-09 11:48:19,305 [DEBUG]  STREAM b'IDAT' 41 65536
2024-09-09 11:48:19,314 [DEBUG]  STREAM b'IHDR' 16 13
2024-09-09 11:48:19,314 [DEBUG]  STREAM b'IDAT' 41 65536
2024-09-09 11:48:19,324 [DEBUG]  STREAM b'IHDR' 16 13
2024-09-09 11:48:19,324 [DEBUG]  STREAM b'IDAT' 41 65536
2024-09-09 11:48:19,330 [DEBUG]  STREAM b'IHDR' 16 13
2024-09-09 11:48:19,330 [DEBUG]  STREAM b'IDAT' 41 65536
2024-09-09 11:48:19,336 [DEBUG]  STREAM b'IHDR' 16 13
2024-09-09 11:48:19,336 [DEBUG]  STREAM b'IDAT' 41 65536
2024-09-09 11:48:19,341 [DEBUG]  STREAM b'IHDR' 16 13
2024-09-09 11:48:19,341 [DEBUG]  STREAM b'IDAT' 41 65536
2024-09-09 11:48:19,348 [DEBUG]  STREAM b'IHDR' 16 13
2024-09-09 11:48:19,348 [DEBUG]  STREAM b'IDAT' 41 65536
2024-09-09 11:48:19,353 [DEBUG]  STREAM b'IHDR' 16 13
2024-09-09 11:48:19,353 [DEBUG]  STREAM b'IDAT' 41 65536
2024-09-09 11:48:19,358 [DEBUG]  STREAM b'IHDR' 16 13
2024-09-09 11:48:19,358 [DEBUG]  STREAM b'IDAT' 41 65536
2024-09-09 11:48:19,362 [DEBUG]  STREAM b'IHDR' 16 13
2024-09-09 11:48:19,362 [DEBUG]  STREAM b'IDAT' 41 65536
2024-09-09 11:48:19,368 [DEBUG]  STREAM b'IHDR' 16 13
2024-09-09 11:48:19,368 [DEBUG]  STREAM b'IDAT' 41 65536
2024-09-09 11:48:19,373 [DEBUG]  STREAM b'IHDR' 16 13
2024-09-09 11:48:19,373 [DEBUG]  STREAM b'IDAT' 41 65536
2024-09-09 11:48:19,378 [DEBUG]  STREAM b'IHDR' 16 13
2024-09-09 11:48:19,378 [DEBUG]  STREAM b'IDAT' 41 65536
2024-09-09 11:48:19,382 [DEBUG]  STREAM b'IHDR' 16 13
2024-09-09 11:48:19,382 [DEBUG]  STREAM b'IDAT' 41 65536
2024-09-09 11:48:19,388 [DEBUG]  STREAM b'IHDR' 16 13
2024-09-09 11:48:19,388 [DEBUG]  STREAM b'IDAT' 41 65536
2024-09-09 11:48:19,392 [DEBUG]  STREAM b'IHDR' 16 13
2024-09-09 11:48:19,392 [DEBUG]  STREAM b'IDAT' 41 65536
2024-09-09 11:48:19,396 [DEBUG]  STREAM b'IHDR' 16 13
2024-09-09 11:48:19,396 [DEBUG]  STREAM b'IDAT' 41 65536
2024-09-09 11:48:19,400 [DEBUG]  STREAM b'IHDR' 16 13
2024-09-09 11:48:19,400 [DEBUG]  STREAM b'IDAT' 41 65536
2024-09-09 11:48:19,407 [DEBUG]  STREAM b'IHDR' 16 13
2024-09-09 11:48:19,407 [DEBUG]  STREAM b'IDAT' 41 65536
2024-09-09 11:48:19,411 [DEBUG]  STREAM b'IHDR' 16 13
2024-09-09 11:48:19,411 [DEBUG]  STREAM b'IDAT' 41 65536
2024-09-09 11:48:19,416 [DEBUG]  STREAM b'IHDR' 16 13
2024-09-09 11:48:19,416 [DEBUG]  STREAM b'IDAT' 41 65536
2024-09-09 11:48:19,420 [DEBUG]  STREAM b'IHDR' 16 13
2024-09-09 11:48:19,420 [DEBUG]  STREAM b'IDAT' 41 65536
2024-09-09 11:48:19,426 [DEBUG]  STREAM b'IHDR' 16 13
2024-09-09 11:48:19,426 [DEBUG]  STREAM b'IDAT' 41 65536
2024-09-09 11:48:19,430 [DEBUG]  STREAM b'IHDR' 16 13
2024-09-09 11:48:19,431 [DEBUG]  STREAM b'IDAT' 41 65536
2024-09-09 11:48:19,435 [DEBUG]  STREAM b'IHDR' 16 13
2024-09-09 11:48:19,435 [DEBUG]  STREAM b'IDAT' 41 65536
2024-09-09 11:48:19,439 [DEBUG]  STREAM b'IHDR' 16 13
2024-09-09 11:48:19,439 [DEBUG]  STREAM b'IDAT' 41 65536
2024-09-09 11:48:19,445 [DEBUG]  STREAM b'IHDR' 16 13
2024-09-09 11:48:19,445 [DEBUG]  STREAM b'IDAT' 41 65536
2024-09-09 11:48:19,449 [DEBUG]  STREAM b'IHDR' 16 13
2024-09-09 11:48:19,449 [DEBUG]  STREAM b'IDAT' 41 65536
2024-09-09 11:48:19,453 [DEBUG]  STREAM b'IHDR' 16 13
2024-09-09 11:48:19,453 [DEBUG]  STREAM b'IDAT' 41 65536
2024-09-09 11:48:19,458 [DEBUG]  STREAM b'IHDR' 16 13
2024-09-09 11:48:19,458 [DEBUG]  STREAM b'IDAT' 41 65536
2024-09-09 11:48:19,463 [DEBUG]  STREAM b'IHDR' 16 13
2024-09-09 11:48:19,463 [DEBUG]  STREAM b'IDAT' 41 65536
2024-09-09 11:48:19,467 [DEBUG]  STREAM b'IHDR' 16 13
2024-09-09 11:48:19,467 [DEBUG]  STREAM b'IDAT' 41 65536
2024-09-09 11:48:19,471 [DEBUG]  STREAM b'IHDR' 16 13
2024-09-09 11:48:19,471 [DEBUG]  STREAM b'IDAT' 41 65536
2024-09-09 11:48:19,476 [DEBUG]  STREAM b'IHDR' 16 13
2024-09-09 11:48:19,476 [DEBUG]  STREAM b'IDAT' 41 65536
2024-09-09 11:48:19,481 [DEBUG]  STREAM b'IHDR' 16 13
2024-09-09 11:48:19,481 [DEBUG]  STREAM b'IDAT' 41 65536
2024-09-09 11:48:19,485 [DEBUG]  STREAM b'IHDR' 16 13
2024-09-09 11:48:19,485 [DEBUG]  STREAM b'IDAT' 41 65536
2024-09-09 11:48:19,489 [DEBUG]  STREAM b'IHDR' 16 13
2024-09-09 11:48:19,489 [DEBUG]  STREAM b'IDAT' 41 65536
2024-09-09 11:48:19,493 [DEBUG]  STREAM b'IHDR' 16 13
2024-09-09 11:48:19,493 [DEBUG]  STREAM b'IDAT' 41 65536
2024-09-09 11:48:19,503 [DEBUG]  GraphTrial.log 865.043 visit state = 5
2024-09-09 11:48:19,508 [DEBUG]  GraphTrial.log 865.048 start flip_time = 865.0479974999998
2024-09-09 11:48:19,512 [DEBUG]  GraphTrial.log 865.053 get move selected = 9
2024-09-09 11:48:20,277 [DEBUG]  GraphTrial.log 865.817 switch selected = 7
2024-09-09 11:48:21,972 [DEBUG]  GraphTrial.log 867.512 select selected = 7
2024-09-09 11:48:21,972 [DEBUG]  GraphTrial.log 867.512 visit state = 7
2024-09-09 11:48:21,992 [DEBUG]  GraphTrial.log 867.532 get move selected = 4
2024-09-09 11:48:22,285 [DEBUG]  GraphTrial.log 867.825 switch selected = 6
2024-09-09 11:48:22,572 [DEBUG]  GraphTrial.log 868.112 select selected = 6
2024-09-09 11:48:22,572 [DEBUG]  GraphTrial.log 868.112 visit state = 6
2024-09-09 11:48:24,427 [DEBUG]  GraphTrial.log 869.967 done 
2024-09-09 11:48:24,427 [INFO]  end trial [{"time": 863.4886041249997, "event": "begin drift_check"}, {"time": 864.6838824166666, "event": "initialize", "status": null}, {"time": 864.684296125, "event": "start recording"}, {"time": 864.812536375, "event": "show graph"}, {"time": 865.0430449583332, "event": "visit", "state": 5}, {"time": 865.048016416667, "event": "start", "flip_time": 865.0479974999998}, {"time": 865.0526182916669, "event": "get move", "selected": 9}, {"time": 865.8171563333335, "event": "switch", "selected": 7}, {"time": 867.5122128333333, "event": "select", "selected": 7}, {"time": 867.5122799583332, "event": "visit", "state": 7}, {"time": 867.5319959999997, "event": "get move", "selected": 4}, {"time": 867.824873, "event": "switch", "selected": 6}, {"time": 868.1121954583332, "event": "select", "selected": 6}, {"time": 868.1122645, "event": "visit", "state": 6}, {"time": 869.9668766666668, "event": "done"}]
2024-09-09 11:48:24,427 [INFO]  stop_recording
2024-09-09 11:48:24,443 [INFO]  gt.status is None
2024-09-09 11:48:24,443 [DEBUG]  add bonus points 6 (total = 265)
2024-09-09 11:48:24,443 [INFO]  Trial 53 of 260
2024-09-09 11:48:24,892 [INFO]  begin trial {"kind": "GraphTrial", "graph": [[2, 6], [8, 5], [], [9, 7], [3, 1], [], [], [], [], [], [0, 2]], "rewards": [-3, 3, 2, -3, null, 4, 3, -2, -4, 0, 4], "reward_info": {"-4": {"desc": "pattern_1", "image": "images[0]"}, "-3": {"desc": "pattern_2", "image": "images[1]"}, "-2": {"desc": "pattern_3", "image": "images[2]"}, "-1": {"desc": "pattern_4", "image": "images[3]"}, "0": {"desc": "pattern_5", "image": "images[4]"}, "1": {"desc": "pattern_6", "image": "images[5]"}, "2": {"desc": "pattern_7", "image": "images[6]"}, "3": {"desc": "pattern_8", "image": "images[7]"}, "4": {"desc": "pattern_9", "image": "images[8]"}}, "initial_stage": "planning", "hide_states": false, "hide_rewards_while_acting": false, "hide_edges_while_acting": false, "gaze_contingent": false, "gaze_tolerance": 1.5, "fixation_lag": 0.5, "start": 4}
2024-09-09 11:48:24,892 [INFO]  <eyetracking.EyeLink object at 0x3177c5370>
2024-09-09 11:48:24,892 [DEBUG]  GraphTrial.log 870.433 begin drift_check 
2024-09-09 11:48:26,593 [DEBUG]  GraphTrial.log 872.134 initialize status = None
2024-09-09 11:48:26,594 [DEBUG]  GraphTrial.log 872.134 start recording 
2024-09-09 11:48:26,594 [INFO]  start_recording
2024-09-09 11:48:26,719 [DEBUG]  GraphTrial.log 872.259 show graph 
2024-09-09 11:48:26,727 [DEBUG]  STREAM b'IHDR' 16 13
2024-09-09 11:48:26,727 [DEBUG]  STREAM b'IDAT' 41 65536
2024-09-09 11:48:26,740 [DEBUG]  STREAM b'IHDR' 16 13
2024-09-09 11:48:26,740 [DEBUG]  STREAM b'IDAT' 41 65536
2024-09-09 11:48:26,750 [DEBUG]  STREAM b'IHDR' 16 13
2024-09-09 11:48:26,750 [DEBUG]  STREAM b'IDAT' 41 65536
2024-09-09 11:48:26,758 [DEBUG]  STREAM b'IHDR' 16 13
2024-09-09 11:48:26,758 [DEBUG]  STREAM b'IDAT' 41 65536
2024-09-09 11:48:26,767 [DEBUG]  STREAM b'IHDR' 16 13
2024-09-09 11:48:26,768 [DEBUG]  STREAM b'IDAT' 41 65536
2024-09-09 11:48:26,775 [DEBUG]  STREAM b'IHDR' 16 13
2024-09-09 11:48:26,775 [DEBUG]  STREAM b'IDAT' 41 65536
2024-09-09 11:48:26,781 [DEBUG]  STREAM b'IHDR' 16 13
2024-09-09 11:48:26,781 [DEBUG]  STREAM b'IDAT' 41 65536
2024-09-09 11:48:26,787 [DEBUG]  STREAM b'IHDR' 16 13
2024-09-09 11:48:26,787 [DEBUG]  STREAM b'IDAT' 41 65536
2024-09-09 11:48:26,794 [DEBUG]  STREAM b'IHDR' 16 13
2024-09-09 11:48:26,795 [DEBUG]  STREAM b'IDAT' 41 65536
2024-09-09 11:48:26,800 [DEBUG]  STREAM b'IHDR' 16 13
2024-09-09 11:48:26,800 [DEBUG]  STREAM b'IDAT' 41 65536
2024-09-09 11:48:26,805 [DEBUG]  STREAM b'IHDR' 16 13
2024-09-09 11:48:26,805 [DEBUG]  STREAM b'IDAT' 41 65536
2024-09-09 11:48:26,809 [DEBUG]  STREAM b'IHDR' 16 13
2024-09-09 11:48:26,809 [DEBUG]  STREAM b'IDAT' 41 65536
2024-09-09 11:48:26,816 [DEBUG]  STREAM b'IHDR' 16 13
2024-09-09 11:48:26,816 [DEBUG]  STREAM b'IDAT' 41 65536
2024-09-09 11:48:26,820 [DEBUG]  STREAM b'IHDR' 16 13
2024-09-09 11:48:26,820 [DEBUG]  STREAM b'IDAT' 41 65536
2024-09-09 11:48:26,824 [DEBUG]  STREAM b'IHDR' 16 13
2024-09-09 11:48:26,824 [DEBUG]  STREAM b'IDAT' 41 65536
2024-09-09 11:48:26,828 [DEBUG]  STREAM b'IHDR' 16 13
2024-09-09 11:48:26,828 [DEBUG]  STREAM b'IDAT' 41 65536
2024-09-09 11:48:26,835 [DEBUG]  STREAM b'IHDR' 16 13
2024-09-09 11:48:26,835 [DEBUG]  STREAM b'IDAT' 41 65536
2024-09-09 11:48:26,840 [DEBUG]  STREAM b'IHDR' 16 13
2024-09-09 11:48:26,840 [DEBUG]  STREAM b'IDAT' 41 65536
2024-09-09 11:48:26,844 [DEBUG]  STREAM b'IHDR' 16 13
2024-09-09 11:48:26,844 [DEBUG]  STREAM b'IDAT' 41 65536
2024-09-09 11:48:26,849 [DEBUG]  STREAM b'IHDR' 16 13
2024-09-09 11:48:26,849 [DEBUG]  STREAM b'IDAT' 41 65536
2024-09-09 11:48:26,854 [DEBUG]  STREAM b'IHDR' 16 13
2024-09-09 11:48:26,854 [DEBUG]  STREAM b'IDAT' 41 65536
2024-09-09 11:48:26,859 [DEBUG]  STREAM b'IHDR' 16 13
2024-09-09 11:48:26,859 [DEBUG]  STREAM b'IDAT' 41 65536
2024-09-09 11:48:26,863 [DEBUG]  STREAM b'IHDR' 16 13
2024-09-09 11:48:26,863 [DEBUG]  STREAM b'IDAT' 41 65536
2024-09-09 11:48:26,868 [DEBUG]  STREAM b'IHDR' 16 13
2024-09-09 11:48:26,868 [DEBUG]  STREAM b'IDAT' 41 65536
2024-09-09 11:48:26,874 [DEBUG]  STREAM b'IHDR' 16 13
2024-09-09 11:48:26,874 [DEBUG]  STREAM b'IDAT' 41 65536
2024-09-09 11:48:26,879 [DEBUG]  STREAM b'IHDR' 16 13
2024-09-09 11:48:26,879 [DEBUG]  STREAM b'IDAT' 41 65536
2024-09-09 11:48:26,883 [DEBUG]  STREAM b'IHDR' 16 13
2024-09-09 11:48:26,883 [DEBUG]  STREAM b'IDAT' 41 65536
2024-09-09 11:48:26,887 [DEBUG]  STREAM b'IHDR' 16 13
2024-09-09 11:48:26,887 [DEBUG]  STREAM b'IDAT' 41 65536
2024-09-09 11:48:26,893 [DEBUG]  STREAM b'IHDR' 16 13
2024-09-09 11:48:26,893 [DEBUG]  STREAM b'IDAT' 41 65536
2024-09-09 11:48:26,897 [DEBUG]  STREAM b'IHDR' 16 13
2024-09-09 11:48:26,897 [DEBUG]  STREAM b'IDAT' 41 65536
2024-09-09 11:48:26,901 [DEBUG]  STREAM b'IHDR' 16 13
2024-09-09 11:48:26,901 [DEBUG]  STREAM b'IDAT' 41 65536
2024-09-09 11:48:26,905 [DEBUG]  STREAM b'IHDR' 16 13
2024-09-09 11:48:26,905 [DEBUG]  STREAM b'IDAT' 41 65536
2024-09-09 11:48:26,911 [DEBUG]  STREAM b'IHDR' 16 13
2024-09-09 11:48:26,911 [DEBUG]  STREAM b'IDAT' 41 65536
2024-09-09 11:48:26,915 [DEBUG]  STREAM b'IHDR' 16 13
2024-09-09 11:48:26,915 [DEBUG]  STREAM b'IDAT' 41 65536
2024-09-09 11:48:26,919 [DEBUG]  STREAM b'IHDR' 16 13
2024-09-09 11:48:26,919 [DEBUG]  STREAM b'IDAT' 41 65536
2024-09-09 11:48:26,923 [DEBUG]  STREAM b'IHDR' 16 13
2024-09-09 11:48:26,923 [DEBUG]  STREAM b'IDAT' 41 65536
2024-09-09 11:48:26,929 [DEBUG]  STREAM b'IHDR' 16 13
2024-09-09 11:48:26,929 [DEBUG]  STREAM b'IDAT' 41 65536
2024-09-09 11:48:26,933 [DEBUG]  STREAM b'IHDR' 16 13
2024-09-09 11:48:26,933 [DEBUG]  STREAM b'IDAT' 41 65536
2024-09-09 11:48:26,938 [DEBUG]  STREAM b'IHDR' 16 13
2024-09-09 11:48:26,938 [DEBUG]  STREAM b'IDAT' 41 65536
2024-09-09 11:48:26,942 [DEBUG]  STREAM b'IHDR' 16 13
2024-09-09 11:48:26,942 [DEBUG]  STREAM b'IDAT' 41 65536
2024-09-09 11:48:26,952 [DEBUG]  GraphTrial.log 872.493 visit state = 4
2024-09-09 11:48:26,957 [DEBUG]  GraphTrial.log 872.498 start flip_time = 872.4976649999999
2024-09-09 11:48:26,962 [DEBUG]  GraphTrial.log 872.502 get move selected = 1
2024-09-09 11:48:29,556 [DEBUG]  GraphTrial.log 875.097 select selected = 1
2024-09-09 11:48:29,557 [DEBUG]  GraphTrial.log 875.097 visit state = 1
2024-09-09 11:48:29,567 [DEBUG]  GraphTrial.log 875.108 get move selected = 5
2024-09-09 11:48:29,828 [DEBUG]  GraphTrial.log 875.368 switch selected = 8
2024-09-09 11:48:30,180 [DEBUG]  GraphTrial.log 875.720 switch selected = 5
2024-09-09 11:48:30,428 [DEBUG]  GraphTrial.log 875.968 select selected = 5
2024-09-09 11:48:30,428 [DEBUG]  GraphTrial.log 875.968 visit state = 5
2024-09-09 11:48:32,294 [DEBUG]  GraphTrial.log 877.834 done 
2024-09-09 11:48:32,294 [INFO]  end trial [{"time": 870.4326436249999, "event": "begin drift_check"}, {"time": 872.1335355833335, "event": "initialize", "status": null}, {"time": 872.1338501249998, "event": "start recording"}, {"time": 872.259220375, "event": "show graph"}, {"time": 872.4925399583335, "event": "visit", "state": 4}, {"time": 872.4976843333334, "event": "start", "flip_time": 872.4976649999999}, {"time": 872.5024555, "event": "get move", "selected": 1}, {"time": 875.0966849166666, "event": "select", "selected": 1}, {"time": 875.0967655833333, "event": "visit", "state": 1}, {"time": 875.1076020416667, "event": "get move", "selected": 5}, {"time": 875.3684465416668, "event": "switch", "selected": 8}, {"time": 875.7204356249999, "event": "switch", "selected": 5}, {"time": 875.9680291249997, "event": "select", "selected": 5}, {"time": 875.9680922499997, "event": "visit", "state": 5}, {"time": 877.8337464583333, "event": "done"}]
2024-09-09 11:48:32,294 [INFO]  stop_recording
2024-09-09 11:48:32,310 [INFO]  gt.status is None
2024-09-09 11:48:32,310 [DEBUG]  add bonus points 7 (total = 272)
2024-09-09 11:48:32,310 [INFO]  Trial 54 of 260
2024-09-09 11:48:32,980 [INFO]  begin trial {"kind": "GraphTrial", "graph": [[3, 4], [9, 7], [1, 0], [], [], [10, 8], [], [], [], [], [8, 6]], "rewards": [-3, -3, null, 3, 2, -3, 1, 0, -4, -2, -4], "reward_info": {"-4": {"desc": "pattern_1", "image": "images[0]"}, "-3": {"desc": "pattern_2", "image": "images[1]"}, "-2": {"desc": "pattern_3", "image": "images[2]"}, "-1": {"desc": "pattern_4", "image": "images[3]"}, "0": {"desc": "pattern_5", "image": "images[4]"}, "1": {"desc": "pattern_6", "image": "images[5]"}, "2": {"desc": "pattern_7", "image": "images[6]"}, "3": {"desc": "pattern_8", "image": "images[7]"}, "4": {"desc": "pattern_9", "image": "images[8]"}}, "initial_stage": "planning", "hide_states": false, "hide_rewards_while_acting": false, "hide_edges_while_acting": false, "gaze_contingent": false, "gaze_tolerance": 1.5, "fixation_lag": 0.5, "start": 2}
2024-09-09 11:48:32,980 [INFO]  <eyetracking.EyeLink object at 0x3177c5370>
2024-09-09 11:48:32,980 [DEBUG]  GraphTrial.log 878.521 begin drift_check 
2024-09-09 11:48:34,110 [DEBUG]  GraphTrial.log 879.650 initialize status = None
2024-09-09 11:48:34,110 [DEBUG]  GraphTrial.log 879.650 start recording 
2024-09-09 11:48:34,110 [INFO]  start_recording
2024-09-09 11:48:34,235 [DEBUG]  GraphTrial.log 879.775 show graph 
2024-09-09 11:48:34,242 [DEBUG]  STREAM b'IHDR' 16 13
2024-09-09 11:48:34,242 [DEBUG]  STREAM b'IDAT' 41 65536
2024-09-09 11:48:34,254 [DEBUG]  STREAM b'IHDR' 16 13
2024-09-09 11:48:34,255 [DEBUG]  STREAM b'IDAT' 41 65536
2024-09-09 11:48:34,264 [DEBUG]  STREAM b'IHDR' 16 13
2024-09-09 11:48:34,264 [DEBUG]  STREAM b'IDAT' 41 65536
2024-09-09 11:48:34,272 [DEBUG]  STREAM b'IHDR' 16 13
2024-09-09 11:48:34,272 [DEBUG]  STREAM b'IDAT' 41 65536
2024-09-09 11:48:34,281 [DEBUG]  STREAM b'IHDR' 16 13
2024-09-09 11:48:34,282 [DEBUG]  STREAM b'IDAT' 41 65536
2024-09-09 11:48:34,288 [DEBUG]  STREAM b'IHDR' 16 13
2024-09-09 11:48:34,288 [DEBUG]  STREAM b'IDAT' 41 65536
2024-09-09 11:48:34,294 [DEBUG]  STREAM b'IHDR' 16 13
2024-09-09 11:48:34,294 [DEBUG]  STREAM b'IDAT' 41 65536
2024-09-09 11:48:34,299 [DEBUG]  STREAM b'IHDR' 16 13
2024-09-09 11:48:34,299 [DEBUG]  STREAM b'IDAT' 41 65536
2024-09-09 11:48:34,307 [DEBUG]  STREAM b'IHDR' 16 13
2024-09-09 11:48:34,307 [DEBUG]  STREAM b'IDAT' 41 65536
2024-09-09 11:48:34,312 [DEBUG]  STREAM b'IHDR' 16 13
2024-09-09 11:48:34,312 [DEBUG]  STREAM b'IDAT' 41 65536
2024-09-09 11:48:34,318 [DEBUG]  STREAM b'IHDR' 16 13
2024-09-09 11:48:34,318 [DEBUG]  STREAM b'IDAT' 41 65536
2024-09-09 11:48:34,322 [DEBUG]  STREAM b'IHDR' 16 13
2024-09-09 11:48:34,322 [DEBUG]  STREAM b'IDAT' 41 65536
2024-09-09 11:48:34,329 [DEBUG]  STREAM b'IHDR' 16 13
2024-09-09 11:48:34,329 [DEBUG]  STREAM b'IDAT' 41 65536
2024-09-09 11:48:34,333 [DEBUG]  STREAM b'IHDR' 16 13
2024-09-09 11:48:34,333 [DEBUG]  STREAM b'IDAT' 41 65536
2024-09-09 11:48:34,338 [DEBUG]  STREAM b'IHDR' 16 13
2024-09-09 11:48:34,338 [DEBUG]  STREAM b'IDAT' 41 65536
2024-09-09 11:48:34,342 [DEBUG]  STREAM b'IHDR' 16 13
2024-09-09 11:48:34,342 [DEBUG]  STREAM b'IDAT' 41 65536
2024-09-09 11:48:34,348 [DEBUG]  STREAM b'IHDR' 16 13
2024-09-09 11:48:34,348 [DEBUG]  STREAM b'IDAT' 41 65536
2024-09-09 11:48:34,352 [DEBUG]  STREAM b'IHDR' 16 13
2024-09-09 11:48:34,352 [DEBUG]  STREAM b'IDAT' 41 65536
2024-09-09 11:48:34,356 [DEBUG]  STREAM b'IHDR' 16 13
2024-09-09 11:48:34,356 [DEBUG]  STREAM b'IDAT' 41 65536
2024-09-09 11:48:34,360 [DEBUG]  STREAM b'IHDR' 16 13
2024-09-09 11:48:34,360 [DEBUG]  STREAM b'IDAT' 41 65536
2024-09-09 11:48:34,365 [DEBUG]  STREAM b'IHDR' 16 13
2024-09-09 11:48:34,365 [DEBUG]  STREAM b'IDAT' 41 65536
2024-09-09 11:48:34,370 [DEBUG]  STREAM b'IHDR' 16 13
2024-09-09 11:48:34,370 [DEBUG]  STREAM b'IDAT' 41 65536
2024-09-09 11:48:34,374 [DEBUG]  STREAM b'IHDR' 16 13
2024-09-09 11:48:34,374 [DEBUG]  STREAM b'IDAT' 41 65536
2024-09-09 11:48:34,378 [DEBUG]  STREAM b'IHDR' 16 13
2024-09-09 11:48:34,378 [DEBUG]  STREAM b'IDAT' 41 65536
2024-09-09 11:48:34,383 [DEBUG]  STREAM b'IHDR' 16 13
2024-09-09 11:48:34,383 [DEBUG]  STREAM b'IDAT' 41 65536
2024-09-09 11:48:34,387 [DEBUG]  STREAM b'IHDR' 16 13
2024-09-09 11:48:34,387 [DEBUG]  STREAM b'IDAT' 41 65536
2024-09-09 11:48:34,392 [DEBUG]  STREAM b'IHDR' 16 13
2024-09-09 11:48:34,392 [DEBUG]  STREAM b'IDAT' 41 65536
2024-09-09 11:48:34,396 [DEBUG]  STREAM b'IHDR' 16 13
2024-09-09 11:48:34,396 [DEBUG]  STREAM b'IDAT' 41 65536
2024-09-09 11:48:34,401 [DEBUG]  STREAM b'IHDR' 16 13
2024-09-09 11:48:34,401 [DEBUG]  STREAM b'IDAT' 41 65536
2024-09-09 11:48:34,405 [DEBUG]  STREAM b'IHDR' 16 13
2024-09-09 11:48:34,405 [DEBUG]  STREAM b'IDAT' 41 65536
2024-09-09 11:48:34,410 [DEBUG]  STREAM b'IHDR' 16 13
2024-09-09 11:48:34,410 [DEBUG]  STREAM b'IDAT' 41 65536
2024-09-09 11:48:34,414 [DEBUG]  STREAM b'IHDR' 16 13
2024-09-09 11:48:34,414 [DEBUG]  STREAM b'IDAT' 41 65536
2024-09-09 11:48:34,419 [DEBUG]  STREAM b'IHDR' 16 13
2024-09-09 11:48:34,419 [DEBUG]  STREAM b'IDAT' 41 65536
2024-09-09 11:48:34,423 [DEBUG]  STREAM b'IHDR' 16 13
2024-09-09 11:48:34,423 [DEBUG]  STREAM b'IDAT' 41 65536
2024-09-09 11:48:34,427 [DEBUG]  STREAM b'IHDR' 16 13
2024-09-09 11:48:34,427 [DEBUG]  STREAM b'IDAT' 41 65536
2024-09-09 11:48:34,431 [DEBUG]  STREAM b'IHDR' 16 13
2024-09-09 11:48:34,431 [DEBUG]  STREAM b'IDAT' 41 65536
2024-09-09 11:48:34,437 [DEBUG]  STREAM b'IHDR' 16 13
2024-09-09 11:48:34,437 [DEBUG]  STREAM b'IDAT' 41 65536
2024-09-09 11:48:34,441 [DEBUG]  STREAM b'IHDR' 16 13
2024-09-09 11:48:34,441 [DEBUG]  STREAM b'IDAT' 41 65536
2024-09-09 11:48:34,445 [DEBUG]  STREAM b'IHDR' 16 13
2024-09-09 11:48:34,445 [DEBUG]  STREAM b'IDAT' 41 65536
2024-09-09 11:48:34,449 [DEBUG]  STREAM b'IHDR' 16 13
2024-09-09 11:48:34,449 [DEBUG]  STREAM b'IDAT' 41 65536
2024-09-09 11:48:34,459 [DEBUG]  GraphTrial.log 879.999 visit state = 2
2024-09-09 11:48:34,464 [DEBUG]  GraphTrial.log 880.004 start flip_time = 880.0041341249998
2024-09-09 11:48:34,469 [DEBUG]  GraphTrial.log 880.009 get move selected = 1
2024-09-09 11:48:35,293 [DEBUG]  GraphTrial.log 880.833 switch selected = 0
2024-09-09 11:48:36,180 [DEBUG]  GraphTrial.log 881.721 switch selected = 1
2024-09-09 11:48:37,284 [DEBUG]  GraphTrial.log 882.825 switch selected = 0
2024-09-09 11:48:38,316 [DEBUG]  GraphTrial.log 883.856 select selected = 0
2024-09-09 11:48:38,316 [DEBUG]  GraphTrial.log 883.856 visit state = 0
2024-09-09 11:48:38,325 [DEBUG]  GraphTrial.log 883.865 get move selected = 3
2024-09-09 11:48:38,964 [DEBUG]  GraphTrial.log 884.504 switch selected = 4
2024-09-09 11:48:39,444 [DEBUG]  GraphTrial.log 884.984 switch selected = 3
2024-09-09 11:48:39,764 [DEBUG]  GraphTrial.log 885.304 select selected = 3
2024-09-09 11:48:39,764 [DEBUG]  GraphTrial.log 885.304 visit state = 3
2024-09-09 11:48:41,593 [DEBUG]  GraphTrial.log 887.134 done 
2024-09-09 11:48:41,594 [INFO]  end trial [{"time": 878.520589416667, "event": "begin drift_check"}, {"time": 879.6498579166669, "event": "initialize", "status": null}, {"time": 879.6499978749998, "event": "start recording"}, {"time": 879.7747470416666, "event": "show graph"}, {"time": 879.9991584999998, "event": "visit", "state": 2}, {"time": 880.0041526249997, "event": "start", "flip_time": 880.0041341249998}, {"time": 880.0087836666667, "event": "get move", "selected": 1}, {"time": 880.8329909999998, "event": "switch", "selected": 0}, {"time": 881.720657375, "event": "switch", "selected": 1}, {"time": 882.8246281249999, "event": "switch", "selected": 0}, {"time": 883.8561947499998, "event": "select", "selected": 0}, {"time": 883.8562627916667, "event": "visit", "state": 0}, {"time": 883.865387291667, "event": "get move", "selected": 3}, {"time": 884.5044656666669, "event": "switch", "selected": 4}, {"time": 884.9843982083335, "event": "switch", "selected": 3}, {"time": 885.3038790416667, "event": "select", "selected": 3}, {"time": 885.3039401249998, "event": "visit", "state": 3}, {"time": 887.1336458333335, "event": "done"}]
2024-09-09 11:48:41,594 [INFO]  stop_recording
2024-09-09 11:48:41,610 [INFO]  gt.status is None
2024-09-09 11:48:41,610 [DEBUG]  add bonus points 0 (total = 272)
2024-09-09 11:48:41,610 [INFO]  Trial 55 of 260
2024-09-09 11:48:42,700 [INFO]  begin trial {"kind": "GraphTrial", "graph": [[], [10], [3, 4], [], [0], [], [], [5, 6], [2, 3], [7, 1], []], "rewards": [-4, 4, 1, 2, 4, 4, -2, -4, 3, null, 1], "reward_info": {"-4": {"desc": "pattern_1", "image": "images[0]"}, "-3": {"desc": "pattern_2", "image": "images[1]"}, "-2": {"desc": "pattern_3", "image": "images[2]"}, "-1": {"desc": "pattern_4", "image": "images[3]"}, "0": {"desc": "pattern_5", "image": "images[4]"}, "1": {"desc": "pattern_6", "image": "images[5]"}, "2": {"desc": "pattern_7", "image": "images[6]"}, "3": {"desc": "pattern_8", "image": "images[7]"}, "4": {"desc": "pattern_9", "image": "images[8]"}}, "initial_stage": "planning", "hide_states": false, "hide_rewards_while_acting": false, "hide_edges_while_acting": false, "gaze_contingent": false, "gaze_tolerance": 1.5, "fixation_lag": 0.5, "start": 9}
2024-09-09 11:48:42,700 [INFO]  <eyetracking.EyeLink object at 0x3177c5370>
2024-09-09 11:48:42,700 [DEBUG]  GraphTrial.log 888.241 begin drift_check 
2024-09-09 11:48:43,844 [DEBUG]  GraphTrial.log 889.384 initialize status = None
2024-09-09 11:48:43,844 [DEBUG]  GraphTrial.log 889.384 start recording 
2024-09-09 11:48:43,844 [INFO]  start_recording
2024-09-09 11:48:43,970 [DEBUG]  GraphTrial.log 889.510 show graph 
2024-09-09 11:48:43,979 [DEBUG]  STREAM b'IHDR' 16 13
2024-09-09 11:48:43,979 [DEBUG]  STREAM b'IDAT' 41 65536
2024-09-09 11:48:43,991 [DEBUG]  STREAM b'IHDR' 16 13
2024-09-09 11:48:43,991 [DEBUG]  STREAM b'IDAT' 41 65536
2024-09-09 11:48:44,002 [DEBUG]  STREAM b'IHDR' 16 13
2024-09-09 11:48:44,002 [DEBUG]  STREAM b'IDAT' 41 65536
2024-09-09 11:48:44,010 [DEBUG]  STREAM b'IHDR' 16 13
2024-09-09 11:48:44,010 [DEBUG]  STREAM b'IDAT' 41 65536
2024-09-09 11:48:44,020 [DEBUG]  STREAM b'IHDR' 16 13
2024-09-09 11:48:44,020 [DEBUG]  STREAM b'IDAT' 41 65536
2024-09-09 11:48:44,027 [DEBUG]  STREAM b'IHDR' 16 13
2024-09-09 11:48:44,027 [DEBUG]  STREAM b'IDAT' 41 65536
2024-09-09 11:48:44,033 [DEBUG]  STREAM b'IHDR' 16 13
2024-09-09 11:48:44,034 [DEBUG]  STREAM b'IDAT' 41 65536
2024-09-09 11:48:44,039 [DEBUG]  STREAM b'IHDR' 16 13
2024-09-09 11:48:44,039 [DEBUG]  STREAM b'IDAT' 41 65536
2024-09-09 11:48:44,047 [DEBUG]  STREAM b'IHDR' 16 13
2024-09-09 11:48:44,047 [DEBUG]  STREAM b'IDAT' 41 65536
2024-09-09 11:48:44,052 [DEBUG]  STREAM b'IHDR' 16 13
2024-09-09 11:48:44,052 [DEBUG]  STREAM b'IDAT' 41 65536
2024-09-09 11:48:44,056 [DEBUG]  STREAM b'IHDR' 16 13
2024-09-09 11:48:44,056 [DEBUG]  STREAM b'IDAT' 41 65536
2024-09-09 11:48:44,061 [DEBUG]  STREAM b'IHDR' 16 13
2024-09-09 11:48:44,061 [DEBUG]  STREAM b'IDAT' 41 65536
2024-09-09 11:48:44,067 [DEBUG]  STREAM b'IHDR' 16 13
2024-09-09 11:48:44,067 [DEBUG]  STREAM b'IDAT' 41 65536
2024-09-09 11:48:44,071 [DEBUG]  STREAM b'IHDR' 16 13
2024-09-09 11:48:44,071 [DEBUG]  STREAM b'IDAT' 41 65536
2024-09-09 11:48:44,076 [DEBUG]  STREAM b'IHDR' 16 13
2024-09-09 11:48:44,076 [DEBUG]  STREAM b'IDAT' 41 65536
2024-09-09 11:48:44,080 [DEBUG]  STREAM b'IHDR' 16 13
2024-09-09 11:48:44,080 [DEBUG]  STREAM b'IDAT' 41 65536
2024-09-09 11:48:44,086 [DEBUG]  STREAM b'IHDR' 16 13
2024-09-09 11:48:44,086 [DEBUG]  STREAM b'IDAT' 41 65536
2024-09-09 11:48:44,091 [DEBUG]  STREAM b'IHDR' 16 13
2024-09-09 11:48:44,091 [DEBUG]  STREAM b'IDAT' 41 65536
2024-09-09 11:48:44,095 [DEBUG]  STREAM b'IHDR' 16 13
2024-09-09 11:48:44,095 [DEBUG]  STREAM b'IDAT' 41 65536
2024-09-09 11:48:44,099 [DEBUG]  STREAM b'IHDR' 16 13
2024-09-09 11:48:44,100 [DEBUG]  STREAM b'IDAT' 41 65536
2024-09-09 11:48:44,105 [DEBUG]  STREAM b'IHDR' 16 13
2024-09-09 11:48:44,105 [DEBUG]  STREAM b'IDAT' 41 65536
2024-09-09 11:48:44,110 [DEBUG]  STREAM b'IHDR' 16 13
2024-09-09 11:48:44,110 [DEBUG]  STREAM b'IDAT' 41 65536
2024-09-09 11:48:44,115 [DEBUG]  STREAM b'IHDR' 16 13
2024-09-09 11:48:44,115 [DEBUG]  STREAM b'IDAT' 41 65536
2024-09-09 11:48:44,119 [DEBUG]  STREAM b'IHDR' 16 13
2024-09-09 11:48:44,119 [DEBUG]  STREAM b'IDAT' 41 65536
2024-09-09 11:48:44,125 [DEBUG]  STREAM b'IHDR' 16 13
2024-09-09 11:48:44,125 [DEBUG]  STREAM b'IDAT' 41 65536
2024-09-09 11:48:44,129 [DEBUG]  STREAM b'IHDR' 16 13
2024-09-09 11:48:44,129 [DEBUG]  STREAM b'IDAT' 41 65536
2024-09-09 11:48:44,133 [DEBUG]  STREAM b'IHDR' 16 13
2024-09-09 11:48:44,133 [DEBUG]  STREAM b'IDAT' 41 65536
2024-09-09 11:48:44,137 [DEBUG]  STREAM b'IHDR' 16 13
2024-09-09 11:48:44,137 [DEBUG]  STREAM b'IDAT' 41 65536
2024-09-09 11:48:44,142 [DEBUG]  STREAM b'IHDR' 16 13
2024-09-09 11:48:44,143 [DEBUG]  STREAM b'IDAT' 41 65536
2024-09-09 11:48:44,147 [DEBUG]  STREAM b'IHDR' 16 13
2024-09-09 11:48:44,147 [DEBUG]  STREAM b'IDAT' 41 65536
2024-09-09 11:48:44,151 [DEBUG]  STREAM b'IHDR' 16 13
2024-09-09 11:48:44,151 [DEBUG]  STREAM b'IDAT' 41 65536
2024-09-09 11:48:44,155 [DEBUG]  STREAM b'IHDR' 16 13
2024-09-09 11:48:44,155 [DEBUG]  STREAM b'IDAT' 41 65536
2024-09-09 11:48:44,160 [DEBUG]  STREAM b'IHDR' 16 13
2024-09-09 11:48:44,160 [DEBUG]  STREAM b'IDAT' 41 65536
2024-09-09 11:48:44,165 [DEBUG]  STREAM b'IHDR' 16 13
2024-09-09 11:48:44,165 [DEBUG]  STREAM b'IDAT' 41 65536
2024-09-09 11:48:44,169 [DEBUG]  STREAM b'IHDR' 16 13
2024-09-09 11:48:44,169 [DEBUG]  STREAM b'IDAT' 41 65536
2024-09-09 11:48:44,174 [DEBUG]  STREAM b'IHDR' 16 13
2024-09-09 11:48:44,174 [DEBUG]  STREAM b'IDAT' 41 65536
2024-09-09 11:48:44,181 [DEBUG]  STREAM b'IHDR' 16 13
2024-09-09 11:48:44,181 [DEBUG]  STREAM b'IDAT' 41 65536
2024-09-09 11:48:44,185 [DEBUG]  STREAM b'IHDR' 16 13
2024-09-09 11:48:44,185 [DEBUG]  STREAM b'IDAT' 41 65536
2024-09-09 11:48:44,189 [DEBUG]  STREAM b'IHDR' 16 13
2024-09-09 11:48:44,189 [DEBUG]  STREAM b'IDAT' 41 65536
2024-09-09 11:48:44,193 [DEBUG]  STREAM b'IHDR' 16 13
2024-09-09 11:48:44,193 [DEBUG]  STREAM b'IDAT' 41 65536
2024-09-09 11:48:44,203 [DEBUG]  GraphTrial.log 889.743 visit state = 9
2024-09-09 11:48:44,208 [DEBUG]  GraphTrial.log 889.748 start flip_time = 889.7481680416668
2024-09-09 11:48:44,213 [DEBUG]  GraphTrial.log 889.753 get move selected = 7
2024-09-09 11:48:45,869 [DEBUG]  GraphTrial.log 891.409 switch selected = 1
2024-09-09 11:48:46,836 [DEBUG]  GraphTrial.log 892.376 select selected = 1
2024-09-09 11:48:46,836 [DEBUG]  GraphTrial.log 892.376 visit state = 1
2024-09-09 11:48:46,846 [DEBUG]  GraphTrial.log 892.386 get move selected = 10
2024-09-09 11:48:47,596 [DEBUG]  GraphTrial.log 893.136 select selected = 10
2024-09-09 11:48:47,596 [DEBUG]  GraphTrial.log 893.136 visit state = 10
2024-09-09 11:48:49,427 [DEBUG]  GraphTrial.log 894.967 done 
2024-09-09 11:48:49,427 [INFO]  end trial [{"time": 888.2406250833333, "event": "begin drift_check"}, {"time": 889.3838480833333, "event": "initialize", "status": null}, {"time": 889.3842808750001, "event": "start recording"}, {"time": 889.5104599166666, "event": "show graph"}, {"time": 889.742737, "event": "visit", "state": 9}, {"time": 889.7481830416668, "event": "start", "flip_time": 889.7481680416668}, {"time": 889.7529517083335, "event": "get move", "selected": 7}, {"time": 891.408895, "event": "switch", "selected": 1}, {"time": 892.376226375, "event": "select", "selected": 1}, {"time": 892.3763075416668, "event": "visit", "state": 1}, {"time": 892.3859784166666, "event": "get move", "selected": 10}, {"time": 893.1362397499997, "event": "select", "selected": 10}, {"time": 893.1363053749997, "event": "visit", "state": 10}, {"time": 894.9672940833334, "event": "done"}]
2024-09-09 11:48:49,427 [INFO]  stop_recording
2024-09-09 11:48:49,443 [INFO]  gt.status is None
2024-09-09 11:48:49,443 [DEBUG]  add bonus points 5 (total = 277)
2024-09-09 11:48:49,443 [INFO]  Trial 56 of 260
2024-09-09 11:48:50,588 [INFO]  begin trial {"kind": "GraphTrial", "graph": [[], [], [], [], [5, 6], [], [0], [8, 9], [1, 2], [3], [4, 5]], "rewards": [-4, 3, 1, 1, 3, 1, 3, null, -4, 4, 4], "reward_info": {"-4": {"desc": "pattern_1", "image": "images[0]"}, "-3": {"desc": "pattern_2", "image": "images[1]"}, "-2": {"desc": "pattern_3", "image": "images[2]"}, "-1": {"desc": "pattern_4", "image": "images[3]"}, "0": {"desc": "pattern_5", "image": "images[4]"}, "1": {"desc": "pattern_6", "image": "images[5]"}, "2": {"desc": "pattern_7", "image": "images[6]"}, "3": {"desc": "pattern_8", "image": "images[7]"}, "4": {"desc": "pattern_9", "image": "images[8]"}}, "initial_stage": "planning", "hide_states": false, "hide_rewards_while_acting": false, "hide_edges_while_acting": false, "gaze_contingent": false, "gaze_tolerance": 1.5, "fixation_lag": 0.5, "start": 7}
2024-09-09 11:48:50,588 [INFO]  <eyetracking.EyeLink object at 0x3177c5370>
2024-09-09 11:48:50,589 [DEBUG]  GraphTrial.log 896.129 begin drift_check 
2024-09-09 11:48:51,427 [DEBUG]  GraphTrial.log 896.967 initialize status = None
2024-09-09 11:48:51,428 [DEBUG]  GraphTrial.log 896.968 start recording 
2024-09-09 11:48:51,428 [INFO]  start_recording
2024-09-09 11:48:51,553 [DEBUG]  GraphTrial.log 897.093 show graph 
2024-09-09 11:48:51,562 [DEBUG]  STREAM b'IHDR' 16 13
2024-09-09 11:48:51,562 [DEBUG]  STREAM b'IDAT' 41 65536
2024-09-09 11:48:51,574 [DEBUG]  STREAM b'IHDR' 16 13
2024-09-09 11:48:51,574 [DEBUG]  STREAM b'IDAT' 41 65536
2024-09-09 11:48:51,584 [DEBUG]  STREAM b'IHDR' 16 13
2024-09-09 11:48:51,584 [DEBUG]  STREAM b'IDAT' 41 65536
2024-09-09 11:48:51,592 [DEBUG]  STREAM b'IHDR' 16 13
2024-09-09 11:48:51,592 [DEBUG]  STREAM b'IDAT' 41 65536
2024-09-09 11:48:51,601 [DEBUG]  STREAM b'IHDR' 16 13
2024-09-09 11:48:51,602 [DEBUG]  STREAM b'IDAT' 41 65536
2024-09-09 11:48:51,609 [DEBUG]  STREAM b'IHDR' 16 13
2024-09-09 11:48:51,609 [DEBUG]  STREAM b'IDAT' 41 65536
2024-09-09 11:48:51,615 [DEBUG]  STREAM b'IHDR' 16 13
2024-09-09 11:48:51,615 [DEBUG]  STREAM b'IDAT' 41 65536
2024-09-09 11:48:51,621 [DEBUG]  STREAM b'IHDR' 16 13
2024-09-09 11:48:51,621 [DEBUG]  STREAM b'IDAT' 41 65536
2024-09-09 11:48:51,628 [DEBUG]  STREAM b'IHDR' 16 13
2024-09-09 11:48:51,628 [DEBUG]  STREAM b'IDAT' 41 65536
2024-09-09 11:48:51,633 [DEBUG]  STREAM b'IHDR' 16 13
2024-09-09 11:48:51,633 [DEBUG]  STREAM b'IDAT' 41 65536
2024-09-09 11:48:51,638 [DEBUG]  STREAM b'IHDR' 16 13
2024-09-09 11:48:51,638 [DEBUG]  STREAM b'IDAT' 41 65536
2024-09-09 11:48:51,642 [DEBUG]  STREAM b'IHDR' 16 13
2024-09-09 11:48:51,642 [DEBUG]  STREAM b'IDAT' 41 65536
2024-09-09 11:48:51,648 [DEBUG]  STREAM b'IHDR' 16 13
2024-09-09 11:48:51,648 [DEBUG]  STREAM b'IDAT' 41 65536
2024-09-09 11:48:51,652 [DEBUG]  STREAM b'IHDR' 16 13
2024-09-09 11:48:51,652 [DEBUG]  STREAM b'IDAT' 41 65536
2024-09-09 11:48:51,657 [DEBUG]  STREAM b'IHDR' 16 13
2024-09-09 11:48:51,657 [DEBUG]  STREAM b'IDAT' 41 65536
2024-09-09 11:48:51,661 [DEBUG]  STREAM b'IHDR' 16 13
2024-09-09 11:48:51,661 [DEBUG]  STREAM b'IDAT' 41 65536
2024-09-09 11:48:51,666 [DEBUG]  STREAM b'IHDR' 16 13
2024-09-09 11:48:51,666 [DEBUG]  STREAM b'IDAT' 41 65536
2024-09-09 11:48:51,671 [DEBUG]  STREAM b'IHDR' 16 13
2024-09-09 11:48:51,671 [DEBUG]  STREAM b'IDAT' 41 65536
2024-09-09 11:48:51,675 [DEBUG]  STREAM b'IHDR' 16 13
2024-09-09 11:48:51,676 [DEBUG]  STREAM b'IDAT' 41 65536
2024-09-09 11:48:51,680 [DEBUG]  STREAM b'IHDR' 16 13
2024-09-09 11:48:51,680 [DEBUG]  STREAM b'IDAT' 41 65536
2024-09-09 11:48:51,686 [DEBUG]  STREAM b'IHDR' 16 13
2024-09-09 11:48:51,686 [DEBUG]  STREAM b'IDAT' 41 65536
2024-09-09 11:48:51,690 [DEBUG]  STREAM b'IHDR' 16 13
2024-09-09 11:48:51,690 [DEBUG]  STREAM b'IDAT' 41 65536
2024-09-09 11:48:51,694 [DEBUG]  STREAM b'IHDR' 16 13
2024-09-09 11:48:51,694 [DEBUG]  STREAM b'IDAT' 41 65536
2024-09-09 11:48:51,698 [DEBUG]  STREAM b'IHDR' 16 13
2024-09-09 11:48:51,698 [DEBUG]  STREAM b'IDAT' 41 65536
2024-09-09 11:48:51,703 [DEBUG]  STREAM b'IHDR' 16 13
2024-09-09 11:48:51,703 [DEBUG]  STREAM b'IDAT' 41 65536
2024-09-09 11:48:51,708 [DEBUG]  STREAM b'IHDR' 16 13
2024-09-09 11:48:51,708 [DEBUG]  STREAM b'IDAT' 41 65536
2024-09-09 11:48:51,712 [DEBUG]  STREAM b'IHDR' 16 13
2024-09-09 11:48:51,712 [DEBUG]  STREAM b'IDAT' 41 65536
2024-09-09 11:48:51,717 [DEBUG]  STREAM b'IHDR' 16 13
2024-09-09 11:48:51,717 [DEBUG]  STREAM b'IDAT' 41 65536
2024-09-09 11:48:51,724 [DEBUG]  STREAM b'IHDR' 16 13
2024-09-09 11:48:51,724 [DEBUG]  STREAM b'IDAT' 41 65536
2024-09-09 11:48:51,728 [DEBUG]  STREAM b'IHDR' 16 13
2024-09-09 11:48:51,728 [DEBUG]  STREAM b'IDAT' 41 65536
2024-09-09 11:48:51,732 [DEBUG]  STREAM b'IHDR' 16 13
2024-09-09 11:48:51,732 [DEBUG]  STREAM b'IDAT' 41 65536
2024-09-09 11:48:51,736 [DEBUG]  STREAM b'IHDR' 16 13
2024-09-09 11:48:51,736 [DEBUG]  STREAM b'IDAT' 41 65536
2024-09-09 11:48:51,742 [DEBUG]  STREAM b'IHDR' 16 13
2024-09-09 11:48:51,742 [DEBUG]  STREAM b'IDAT' 41 65536
2024-09-09 11:48:51,746 [DEBUG]  STREAM b'IHDR' 16 13
2024-09-09 11:48:51,746 [DEBUG]  STREAM b'IDAT' 41 65536
2024-09-09 11:48:51,751 [DEBUG]  STREAM b'IHDR' 16 13
2024-09-09 11:48:51,751 [DEBUG]  STREAM b'IDAT' 41 65536
2024-09-09 11:48:51,755 [DEBUG]  STREAM b'IHDR' 16 13
2024-09-09 11:48:51,755 [DEBUG]  STREAM b'IDAT' 41 65536
2024-09-09 11:48:51,761 [DEBUG]  STREAM b'IHDR' 16 13
2024-09-09 11:48:51,761 [DEBUG]  STREAM b'IDAT' 41 65536
2024-09-09 11:48:51,766 [DEBUG]  STREAM b'IHDR' 16 13
2024-09-09 11:48:51,766 [DEBUG]  STREAM b'IDAT' 41 65536
2024-09-09 11:48:51,770 [DEBUG]  STREAM b'IHDR' 16 13
2024-09-09 11:48:51,770 [DEBUG]  STREAM b'IDAT' 41 65536
2024-09-09 11:48:51,775 [DEBUG]  STREAM b'IHDR' 16 13
2024-09-09 11:48:51,775 [DEBUG]  STREAM b'IDAT' 41 65536
2024-09-09 11:48:51,785 [DEBUG]  GraphTrial.log 897.325 visit state = 7
2024-09-09 11:48:51,790 [DEBUG]  GraphTrial.log 897.330 start flip_time = 897.3301945833332
2024-09-09 11:48:51,795 [DEBUG]  GraphTrial.log 897.335 get move selected = 8
2024-09-09 11:48:52,941 [DEBUG]  GraphTrial.log 898.481 switch selected = 9
2024-09-09 11:48:53,684 [DEBUG]  GraphTrial.log 899.224 select selected = 9
2024-09-09 11:48:53,684 [DEBUG]  GraphTrial.log 899.224 visit state = 9
2024-09-09 11:48:53,696 [DEBUG]  GraphTrial.log 899.236 get move selected = 3
2024-09-09 11:48:54,292 [DEBUG]  GraphTrial.log 899.833 switch selected = 3
2024-09-09 11:48:55,620 [DEBUG]  GraphTrial.log 901.160 select selected = 3
2024-09-09 11:48:55,620 [DEBUG]  GraphTrial.log 901.160 visit state = 3
2024-09-09 11:48:57,477 [DEBUG]  GraphTrial.log 903.017 done 
2024-09-09 11:48:57,477 [INFO]  end trial [{"time": 896.1286995, "event": "begin drift_check"}, {"time": 896.967402416667, "event": "initialize", "status": null}, {"time": 896.9679382083332, "event": "start recording"}, {"time": 897.0932883749997, "event": "show graph"}, {"time": 897.3247062083333, "event": "visit", "state": 7}, {"time": 897.3302097916667, "event": "start", "flip_time": 897.3301945833332}, {"time": 897.3347606666666, "event": "get move", "selected": 8}, {"time": 898.4810634583332, "event": "switch", "selected": 9}, {"time": 899.2242696666667, "event": "select", "selected": 9}, {"time": 899.2243424583335, "event": "visit", "state": 9}, {"time": 899.2359589999996, "event": "get move", "selected": 3}, {"time": 899.8326489583333, "event": "switch", "selected": 3}, {"time": 901.1601137499997, "event": "select", "selected": 3}, {"time": 901.1601869583333, "event": "visit", "state": 3}, {"time": 903.017012625, "event": "done"}]
2024-09-09 11:48:57,477 [INFO]  stop_recording
2024-09-09 11:48:57,495 [INFO]  gt.status is None
2024-09-09 11:48:57,495 [DEBUG]  add bonus points 5 (total = 282)
2024-09-09 11:48:57,495 [INFO]  Trial 57 of 260
2024-09-09 11:48:58,572 [INFO]  begin trial {"kind": "GraphTrial", "graph": [[8, 7], [2, 3], [5, 6], [10], [], [], [], [4], [], [0, 8], []], "rewards": [4, null, 2, 4, -2, 2, -2, 4, -1, -3, 4], "reward_info": {"-4": {"desc": "pattern_1", "image": "images[0]"}, "-3": {"desc": "pattern_2", "image": "images[1]"}, "-2": {"desc": "pattern_3", "image": "images[2]"}, "-1": {"desc": "pattern_4", "image": "images[3]"}, "0": {"desc": "pattern_5", "image": "images[4]"}, "1": {"desc": "pattern_6", "image": "images[5]"}, "2": {"desc": "pattern_7", "image": "images[6]"}, "3": {"desc": "pattern_8", "image": "images[7]"}, "4": {"desc": "pattern_9", "image": "images[8]"}}, "initial_stage": "planning", "hide_states": false, "hide_rewards_while_acting": false, "hide_edges_while_acting": false, "gaze_contingent": false, "gaze_tolerance": 1.5, "fixation_lag": 0.5, "start": 1}
2024-09-09 11:48:58,572 [INFO]  <eyetracking.EyeLink object at 0x3177c5370>
2024-09-09 11:48:58,572 [DEBUG]  GraphTrial.log 904.113 begin drift_check 
2024-09-09 11:48:59,977 [DEBUG]  GraphTrial.log 905.517 initialize status = None
2024-09-09 11:48:59,978 [DEBUG]  GraphTrial.log 905.518 start recording 
2024-09-09 11:48:59,978 [INFO]  start_recording
2024-09-09 11:49:00,103 [DEBUG]  GraphTrial.log 905.643 show graph 
2024-09-09 11:49:00,112 [DEBUG]  STREAM b'IHDR' 16 13
2024-09-09 11:49:00,112 [DEBUG]  STREAM b'IDAT' 41 65536
2024-09-09 11:49:00,125 [DEBUG]  STREAM b'IHDR' 16 13
2024-09-09 11:49:00,125 [DEBUG]  STREAM b'IDAT' 41 65536
2024-09-09 11:49:00,135 [DEBUG]  STREAM b'IHDR' 16 13
2024-09-09 11:49:00,136 [DEBUG]  STREAM b'IDAT' 41 65536
2024-09-09 11:49:00,144 [DEBUG]  STREAM b'IHDR' 16 13
2024-09-09 11:49:00,144 [DEBUG]  STREAM b'IDAT' 41 65536
2024-09-09 11:49:00,156 [DEBUG]  STREAM b'IHDR' 16 13
2024-09-09 11:49:00,156 [DEBUG]  STREAM b'IDAT' 41 65536
2024-09-09 11:49:00,162 [DEBUG]  STREAM b'IHDR' 16 13
2024-09-09 11:49:00,162 [DEBUG]  STREAM b'IDAT' 41 65536
2024-09-09 11:49:00,168 [DEBUG]  STREAM b'IHDR' 16 13
2024-09-09 11:49:00,168 [DEBUG]  STREAM b'IDAT' 41 65536
2024-09-09 11:49:00,173 [DEBUG]  STREAM b'IHDR' 16 13
2024-09-09 11:49:00,173 [DEBUG]  STREAM b'IDAT' 41 65536
2024-09-09 11:49:00,180 [DEBUG]  STREAM b'IHDR' 16 13
2024-09-09 11:49:00,180 [DEBUG]  STREAM b'IDAT' 41 65536
2024-09-09 11:49:00,185 [DEBUG]  STREAM b'IHDR' 16 13
2024-09-09 11:49:00,185 [DEBUG]  STREAM b'IDAT' 41 65536
2024-09-09 11:49:00,190 [DEBUG]  STREAM b'IHDR' 16 13
2024-09-09 11:49:00,191 [DEBUG]  STREAM b'IDAT' 41 65536
2024-09-09 11:49:00,195 [DEBUG]  STREAM b'IHDR' 16 13
2024-09-09 11:49:00,195 [DEBUG]  STREAM b'IDAT' 41 65536
2024-09-09 11:49:00,202 [DEBUG]  STREAM b'IHDR' 16 13
2024-09-09 11:49:00,202 [DEBUG]  STREAM b'IDAT' 41 65536
2024-09-09 11:49:00,206 [DEBUG]  STREAM b'IHDR' 16 13
2024-09-09 11:49:00,206 [DEBUG]  STREAM b'IDAT' 41 65536
2024-09-09 11:49:00,210 [DEBUG]  STREAM b'IHDR' 16 13
2024-09-09 11:49:00,210 [DEBUG]  STREAM b'IDAT' 41 65536
2024-09-09 11:49:00,214 [DEBUG]  STREAM b'IHDR' 16 13
2024-09-09 11:49:00,214 [DEBUG]  STREAM b'IDAT' 41 65536
2024-09-09 11:49:00,220 [DEBUG]  STREAM b'IHDR' 16 13
2024-09-09 11:49:00,220 [DEBUG]  STREAM b'IDAT' 41 65536
2024-09-09 11:49:00,224 [DEBUG]  STREAM b'IHDR' 16 13
2024-09-09 11:49:00,224 [DEBUG]  STREAM b'IDAT' 41 65536
2024-09-09 11:49:00,228 [DEBUG]  STREAM b'IHDR' 16 13
2024-09-09 11:49:00,228 [DEBUG]  STREAM b'IDAT' 41 65536
2024-09-09 11:49:00,233 [DEBUG]  STREAM b'IHDR' 16 13
2024-09-09 11:49:00,233 [DEBUG]  STREAM b'IDAT' 41 65536
2024-09-09 11:49:00,238 [DEBUG]  STREAM b'IHDR' 16 13
2024-09-09 11:49:00,238 [DEBUG]  STREAM b'IDAT' 41 65536
2024-09-09 11:49:00,243 [DEBUG]  STREAM b'IHDR' 16 13
2024-09-09 11:49:00,243 [DEBUG]  STREAM b'IDAT' 41 65536
2024-09-09 11:49:00,247 [DEBUG]  STREAM b'IHDR' 16 13
2024-09-09 11:49:00,247 [DEBUG]  STREAM b'IDAT' 41 65536
2024-09-09 11:49:00,251 [DEBUG]  STREAM b'IHDR' 16 13
2024-09-09 11:49:00,251 [DEBUG]  STREAM b'IDAT' 41 65536
2024-09-09 11:49:00,256 [DEBUG]  STREAM b'IHDR' 16 13
2024-09-09 11:49:00,256 [DEBUG]  STREAM b'IDAT' 41 65536
2024-09-09 11:49:00,261 [DEBUG]  STREAM b'IHDR' 16 13
2024-09-09 11:49:00,261 [DEBUG]  STREAM b'IDAT' 41 65536
2024-09-09 11:49:00,265 [DEBUG]  STREAM b'IHDR' 16 13
2024-09-09 11:49:00,265 [DEBUG]  STREAM b'IDAT' 41 65536
2024-09-09 11:49:00,269 [DEBUG]  STREAM b'IHDR' 16 13
2024-09-09 11:49:00,269 [DEBUG]  STREAM b'IDAT' 41 65536
2024-09-09 11:49:00,276 [DEBUG]  STREAM b'IHDR' 16 13
2024-09-09 11:49:00,276 [DEBUG]  STREAM b'IDAT' 41 65536
2024-09-09 11:49:00,281 [DEBUG]  STREAM b'IHDR' 16 13
2024-09-09 11:49:00,281 [DEBUG]  STREAM b'IDAT' 41 65536
2024-09-09 11:49:00,285 [DEBUG]  STREAM b'IHDR' 16 13
2024-09-09 11:49:00,285 [DEBUG]  STREAM b'IDAT' 41 65536
2024-09-09 11:49:00,289 [DEBUG]  STREAM b'IHDR' 16 13
2024-09-09 11:49:00,289 [DEBUG]  STREAM b'IDAT' 41 65536
2024-09-09 11:49:00,294 [DEBUG]  STREAM b'IHDR' 16 13
2024-09-09 11:49:00,294 [DEBUG]  STREAM b'IDAT' 41 65536
2024-09-09 11:49:00,298 [DEBUG]  STREAM b'IHDR' 16 13
2024-09-09 11:49:00,299 [DEBUG]  STREAM b'IDAT' 41 65536
2024-09-09 11:49:00,303 [DEBUG]  STREAM b'IHDR' 16 13
2024-09-09 11:49:00,303 [DEBUG]  STREAM b'IDAT' 41 65536
2024-09-09 11:49:00,307 [DEBUG]  STREAM b'IHDR' 16 13
2024-09-09 11:49:00,307 [DEBUG]  STREAM b'IDAT' 41 65536
2024-09-09 11:49:00,312 [DEBUG]  STREAM b'IHDR' 16 13
2024-09-09 11:49:00,312 [DEBUG]  STREAM b'IDAT' 41 65536
2024-09-09 11:49:00,317 [DEBUG]  STREAM b'IHDR' 16 13
2024-09-09 11:49:00,317 [DEBUG]  STREAM b'IDAT' 41 65536
2024-09-09 11:49:00,321 [DEBUG]  STREAM b'IHDR' 16 13
2024-09-09 11:49:00,321 [DEBUG]  STREAM b'IDAT' 41 65536
2024-09-09 11:49:00,326 [DEBUG]  STREAM b'IHDR' 16 13
2024-09-09 11:49:00,326 [DEBUG]  STREAM b'IDAT' 41 65536
2024-09-09 11:49:00,336 [DEBUG]  GraphTrial.log 905.876 visit state = 1
2024-09-09 11:49:00,341 [DEBUG]  GraphTrial.log 905.881 start flip_time = 905.8811552083334
2024-09-09 11:49:00,346 [DEBUG]  GraphTrial.log 905.886 get move selected = 3
2024-09-09 11:49:01,509 [DEBUG]  GraphTrial.log 907.049 switch selected = 2
2024-09-09 11:49:01,956 [DEBUG]  GraphTrial.log 907.497 switch selected = 3
2024-09-09 11:49:02,852 [DEBUG]  GraphTrial.log 908.392 select selected = 3
2024-09-09 11:49:02,852 [DEBUG]  GraphTrial.log 908.392 visit state = 3
2024-09-09 11:49:02,862 [DEBUG]  GraphTrial.log 908.402 get move selected = 10
2024-09-09 11:49:03,196 [DEBUG]  GraphTrial.log 908.736 select selected = 10
2024-09-09 11:49:03,196 [DEBUG]  GraphTrial.log 908.736 visit state = 10
2024-09-09 11:49:05,076 [DEBUG]  GraphTrial.log 910.616 done 
2024-09-09 11:49:05,076 [INFO]  end trial [{"time": 904.1126073749997, "event": "begin drift_check"}, {"time": 905.5173515416668, "event": "initialize", "status": null}, {"time": 905.5178933749999, "event": "start recording"}, {"time": 905.64319075, "event": "show graph"}, {"time": 905.8758454166668, "event": "visit", "state": 1}, {"time": 905.8811697083333, "event": "start", "flip_time": 905.8811552083334}, {"time": 905.8860246666668, "event": "get move", "selected": 3}, {"time": 907.0490316666669, "event": "switch", "selected": 2}, {"time": 907.4965002499998, "event": "switch", "selected": 3}, {"time": 908.3921707499999, "event": "select", "selected": 3}, {"time": 908.3922407916666, "event": "visit", "state": 3}, {"time": 908.4022932499997, "event": "get move", "selected": 10}, {"time": 908.7359260833332, "event": "select", "selected": 10}, {"time": 908.7359871666667, "event": "visit", "state": 10}, {"time": 910.6157439583335, "event": "done"}]
2024-09-09 11:49:05,076 [INFO]  stop_recording
2024-09-09 11:49:05,092 [INFO]  gt.status is None
2024-09-09 11:49:05,092 [DEBUG]  add bonus points 8 (total = 290)
2024-09-09 11:49:05,092 [INFO]  Trial 58 of 260
2024-09-09 11:49:06,108 [INFO]  begin trial {"kind": "GraphTrial", "graph": [[9], [8, 6], [7], [5, 4], [], [4, 0], [], [], [], [], [1, 2]], "rewards": [2, -3, 4, -4, -1, -3, -3, 3, 1, -2, null], "reward_info": {"-4": {"desc": "pattern_1", "image": "images[0]"}, "-3": {"desc": "pattern_2", "image": "images[1]"}, "-2": {"desc": "pattern_3", "image": "images[2]"}, "-1": {"desc": "pattern_4", "image": "images[3]"}, "0": {"desc": "pattern_5", "image": "images[4]"}, "1": {"desc": "pattern_6", "image": "images[5]"}, "2": {"desc": "pattern_7", "image": "images[6]"}, "3": {"desc": "pattern_8", "image": "images[7]"}, "4": {"desc": "pattern_9", "image": "images[8]"}}, "initial_stage": "planning", "hide_states": false, "hide_rewards_while_acting": false, "hide_edges_while_acting": false, "gaze_contingent": false, "gaze_tolerance": 1.5, "fixation_lag": 0.5, "start": 10}
2024-09-09 11:49:06,108 [INFO]  <eyetracking.EyeLink object at 0x3177c5370>
2024-09-09 11:49:06,108 [DEBUG]  GraphTrial.log 911.649 begin drift_check 
2024-09-09 11:49:07,662 [DEBUG]  GraphTrial.log 913.202 initialize status = None
2024-09-09 11:49:07,662 [DEBUG]  GraphTrial.log 913.202 start recording 
2024-09-09 11:49:07,662 [INFO]  start_recording
2024-09-09 11:49:07,788 [DEBUG]  GraphTrial.log 913.328 show graph 
2024-09-09 11:49:07,796 [DEBUG]  STREAM b'IHDR' 16 13
2024-09-09 11:49:07,797 [DEBUG]  STREAM b'IDAT' 41 65536
2024-09-09 11:49:07,809 [DEBUG]  STREAM b'IHDR' 16 13
2024-09-09 11:49:07,809 [DEBUG]  STREAM b'IDAT' 41 65536
2024-09-09 11:49:07,820 [DEBUG]  STREAM b'IHDR' 16 13
2024-09-09 11:49:07,820 [DEBUG]  STREAM b'IDAT' 41 65536
2024-09-09 11:49:07,828 [DEBUG]  STREAM b'IHDR' 16 13
2024-09-09 11:49:07,828 [DEBUG]  STREAM b'IDAT' 41 65536
2024-09-09 11:49:07,838 [DEBUG]  STREAM b'IHDR' 16 13
2024-09-09 11:49:07,838 [DEBUG]  STREAM b'IDAT' 41 65536
2024-09-09 11:49:07,845 [DEBUG]  STREAM b'IHDR' 16 13
2024-09-09 11:49:07,845 [DEBUG]  STREAM b'IDAT' 41 65536
2024-09-09 11:49:07,851 [DEBUG]  STREAM b'IHDR' 16 13
2024-09-09 11:49:07,851 [DEBUG]  STREAM b'IDAT' 41 65536
2024-09-09 11:49:07,856 [DEBUG]  STREAM b'IHDR' 16 13
2024-09-09 11:49:07,856 [DEBUG]  STREAM b'IDAT' 41 65536
2024-09-09 11:49:07,863 [DEBUG]  STREAM b'IHDR' 16 13
2024-09-09 11:49:07,863 [DEBUG]  STREAM b'IDAT' 41 65536
2024-09-09 11:49:07,868 [DEBUG]  STREAM b'IHDR' 16 13
2024-09-09 11:49:07,868 [DEBUG]  STREAM b'IDAT' 41 65536
2024-09-09 11:49:07,873 [DEBUG]  STREAM b'IHDR' 16 13
2024-09-09 11:49:07,873 [DEBUG]  STREAM b'IDAT' 41 65536
2024-09-09 11:49:07,878 [DEBUG]  STREAM b'IHDR' 16 13
2024-09-09 11:49:07,878 [DEBUG]  STREAM b'IDAT' 41 65536
2024-09-09 11:49:07,885 [DEBUG]  STREAM b'IHDR' 16 13
2024-09-09 11:49:07,885 [DEBUG]  STREAM b'IDAT' 41 65536
2024-09-09 11:49:07,889 [DEBUG]  STREAM b'IHDR' 16 13
2024-09-09 11:49:07,889 [DEBUG]  STREAM b'IDAT' 41 65536
2024-09-09 11:49:07,894 [DEBUG]  STREAM b'IHDR' 16 13
2024-09-09 11:49:07,894 [DEBUG]  STREAM b'IDAT' 41 65536
2024-09-09 11:49:07,898 [DEBUG]  STREAM b'IHDR' 16 13
2024-09-09 11:49:07,898 [DEBUG]  STREAM b'IDAT' 41 65536
2024-09-09 11:49:07,903 [DEBUG]  STREAM b'IHDR' 16 13
2024-09-09 11:49:07,903 [DEBUG]  STREAM b'IDAT' 41 65536
2024-09-09 11:49:07,907 [DEBUG]  STREAM b'IHDR' 16 13
2024-09-09 11:49:07,907 [DEBUG]  STREAM b'IDAT' 41 65536
2024-09-09 11:49:07,911 [DEBUG]  STREAM b'IHDR' 16 13
2024-09-09 11:49:07,911 [DEBUG]  STREAM b'IDAT' 41 65536
2024-09-09 11:49:07,915 [DEBUG]  STREAM b'IHDR' 16 13
2024-09-09 11:49:07,915 [DEBUG]  STREAM b'IDAT' 41 65536
2024-09-09 11:49:07,921 [DEBUG]  STREAM b'IHDR' 16 13
2024-09-09 11:49:07,921 [DEBUG]  STREAM b'IDAT' 41 65536
2024-09-09 11:49:07,925 [DEBUG]  STREAM b'IHDR' 16 13
2024-09-09 11:49:07,925 [DEBUG]  STREAM b'IDAT' 41 65536
2024-09-09 11:49:07,929 [DEBUG]  STREAM b'IHDR' 16 13
2024-09-09 11:49:07,929 [DEBUG]  STREAM b'IDAT' 41 65536
2024-09-09 11:49:07,933 [DEBUG]  STREAM b'IHDR' 16 13
2024-09-09 11:49:07,933 [DEBUG]  STREAM b'IDAT' 41 65536
2024-09-09 11:49:07,939 [DEBUG]  STREAM b'IHDR' 16 13
2024-09-09 11:49:07,939 [DEBUG]  STREAM b'IDAT' 41 65536
2024-09-09 11:49:07,943 [DEBUG]  STREAM b'IHDR' 16 13
2024-09-09 11:49:07,943 [DEBUG]  STREAM b'IDAT' 41 65536
2024-09-09 11:49:07,947 [DEBUG]  STREAM b'IHDR' 16 13
2024-09-09 11:49:07,947 [DEBUG]  STREAM b'IDAT' 41 65536
2024-09-09 11:49:07,951 [DEBUG]  STREAM b'IHDR' 16 13
2024-09-09 11:49:07,951 [DEBUG]  STREAM b'IDAT' 41 65536
2024-09-09 11:49:07,957 [DEBUG]  STREAM b'IHDR' 16 13
2024-09-09 11:49:07,957 [DEBUG]  STREAM b'IDAT' 41 65536
2024-09-09 11:49:07,961 [DEBUG]  STREAM b'IHDR' 16 13
2024-09-09 11:49:07,961 [DEBUG]  STREAM b'IDAT' 41 65536
2024-09-09 11:49:07,966 [DEBUG]  STREAM b'IHDR' 16 13
2024-09-09 11:49:07,966 [DEBUG]  STREAM b'IDAT' 41 65536
2024-09-09 11:49:07,970 [DEBUG]  STREAM b'IHDR' 16 13
2024-09-09 11:49:07,970 [DEBUG]  STREAM b'IDAT' 41 65536
2024-09-09 11:49:07,976 [DEBUG]  STREAM b'IHDR' 16 13
2024-09-09 11:49:07,976 [DEBUG]  STREAM b'IDAT' 41 65536
2024-09-09 11:49:07,980 [DEBUG]  STREAM b'IHDR' 16 13
2024-09-09 11:49:07,980 [DEBUG]  STREAM b'IDAT' 41 65536
2024-09-09 11:49:07,984 [DEBUG]  STREAM b'IHDR' 16 13
2024-09-09 11:49:07,984 [DEBUG]  STREAM b'IDAT' 41 65536
2024-09-09 11:49:07,988 [DEBUG]  STREAM b'IHDR' 16 13
2024-09-09 11:49:07,988 [DEBUG]  STREAM b'IDAT' 41 65536
2024-09-09 11:49:07,993 [DEBUG]  STREAM b'IHDR' 16 13
2024-09-09 11:49:07,993 [DEBUG]  STREAM b'IDAT' 41 65536
2024-09-09 11:49:07,998 [DEBUG]  STREAM b'IHDR' 16 13
2024-09-09 11:49:07,998 [DEBUG]  STREAM b'IDAT' 41 65536
2024-09-09 11:49:08,002 [DEBUG]  STREAM b'IHDR' 16 13
2024-09-09 11:49:08,002 [DEBUG]  STREAM b'IDAT' 41 65536
2024-09-09 11:49:08,006 [DEBUG]  STREAM b'IHDR' 16 13
2024-09-09 11:49:08,006 [DEBUG]  STREAM b'IDAT' 41 65536
2024-09-09 11:49:08,016 [DEBUG]  GraphTrial.log 913.556 visit state = 10
2024-09-09 11:49:08,022 [DEBUG]  GraphTrial.log 913.562 start flip_time = 913.5622205833333
2024-09-09 11:49:08,027 [DEBUG]  GraphTrial.log 913.567 get move selected = 2
2024-09-09 11:49:08,981 [DEBUG]  GraphTrial.log 914.521 select selected = 2
2024-09-09 11:49:08,981 [DEBUG]  GraphTrial.log 914.521 visit state = 2
2024-09-09 11:49:08,989 [DEBUG]  GraphTrial.log 914.529 get move selected = 7
2024-09-09 11:49:09,540 [DEBUG]  GraphTrial.log 915.080 select selected = 7
2024-09-09 11:49:09,540 [DEBUG]  GraphTrial.log 915.080 visit state = 7
2024-09-09 11:49:11,409 [DEBUG]  GraphTrial.log 916.949 done 
2024-09-09 11:49:11,409 [INFO]  end trial [{"time": 911.6486116249998, "event": "begin drift_check"}, {"time": 913.2016950416669, "event": "initialize", "status": null}, {"time": 913.2020206249999, "event": "start recording"}, {"time": 913.327720291667, "event": "show graph"}, {"time": 913.5564946666668, "event": "visit", "state": 10}, {"time": 913.5622371249997, "event": "start", "flip_time": 913.5622205833333}, {"time": 913.5666751666668, "event": "get move", "selected": 2}, {"time": 914.5207065833333, "event": "select", "selected": 2}, {"time": 914.5207761249999, "event": "visit", "state": 2}, {"time": 914.5291256249998, "event": "get move", "selected": 7}, {"time": 915.0803120833334, "event": "select", "selected": 7}, {"time": 915.0803769999998, "event": "visit", "state": 7}, {"time": 916.9487398749998, "event": "done"}]
2024-09-09 11:49:11,409 [INFO]  stop_recording
2024-09-09 11:49:11,425 [INFO]  gt.status is None
2024-09-09 11:49:11,425 [DEBUG]  add bonus points 7 (total = 297)
2024-09-09 11:49:11,425 [INFO]  Trial 59 of 260
2024-09-09 11:49:11,972 [INFO]  begin trial {"kind": "GraphTrial", "graph": [[7], [9], [8, 3], [], [2, 0], [], [10, 5], [], [], [], [5, 1]], "rewards": [2, 3, -1, 4, null, -4, 0, 2, 0, 0, 1], "reward_info": {"-4": {"desc": "pattern_1", "image": "images[0]"}, "-3": {"desc": "pattern_2", "image": "images[1]"}, "-2": {"desc": "pattern_3", "image": "images[2]"}, "-1": {"desc": "pattern_4", "image": "images[3]"}, "0": {"desc": "pattern_5", "image": "images[4]"}, "1": {"desc": "pattern_6", "image": "images[5]"}, "2": {"desc": "pattern_7", "image": "images[6]"}, "3": {"desc": "pattern_8", "image": "images[7]"}, "4": {"desc": "pattern_9", "image": "images[8]"}}, "initial_stage": "planning", "hide_states": false, "hide_rewards_while_acting": false, "hide_edges_while_acting": false, "gaze_contingent": false, "gaze_tolerance": 1.5, "fixation_lag": 0.5, "start": 4}
2024-09-09 11:49:11,972 [INFO]  <eyetracking.EyeLink object at 0x3177c5370>
2024-09-09 11:49:11,972 [DEBUG]  GraphTrial.log 917.513 begin drift_check 
2024-09-09 11:49:14,044 [DEBUG]  GraphTrial.log 919.584 initialize status = None
2024-09-09 11:49:14,044 [DEBUG]  GraphTrial.log 919.584 start recording 
2024-09-09 11:49:14,044 [INFO]  start_recording
2024-09-09 11:49:14,170 [DEBUG]  GraphTrial.log 919.710 show graph 
2024-09-09 11:49:14,179 [DEBUG]  STREAM b'IHDR' 16 13
2024-09-09 11:49:14,179 [DEBUG]  STREAM b'IDAT' 41 65536
2024-09-09 11:49:14,191 [DEBUG]  STREAM b'IHDR' 16 13
2024-09-09 11:49:14,192 [DEBUG]  STREAM b'IDAT' 41 65536
2024-09-09 11:49:14,202 [DEBUG]  STREAM b'IHDR' 16 13
2024-09-09 11:49:14,202 [DEBUG]  STREAM b'IDAT' 41 65536
2024-09-09 11:49:14,210 [DEBUG]  STREAM b'IHDR' 16 13
2024-09-09 11:49:14,210 [DEBUG]  STREAM b'IDAT' 41 65536
2024-09-09 11:49:14,220 [DEBUG]  STREAM b'IHDR' 16 13
2024-09-09 11:49:14,220 [DEBUG]  STREAM b'IDAT' 41 65536
2024-09-09 11:49:14,227 [DEBUG]  STREAM b'IHDR' 16 13
2024-09-09 11:49:14,227 [DEBUG]  STREAM b'IDAT' 41 65536
2024-09-09 11:49:14,233 [DEBUG]  STREAM b'IHDR' 16 13
2024-09-09 11:49:14,234 [DEBUG]  STREAM b'IDAT' 41 65536
2024-09-09 11:49:14,239 [DEBUG]  STREAM b'IHDR' 16 13
2024-09-09 11:49:14,239 [DEBUG]  STREAM b'IDAT' 41 65536
2024-09-09 11:49:14,246 [DEBUG]  STREAM b'IHDR' 16 13
2024-09-09 11:49:14,246 [DEBUG]  STREAM b'IDAT' 41 65536
2024-09-09 11:49:14,251 [DEBUG]  STREAM b'IHDR' 16 13
2024-09-09 11:49:14,251 [DEBUG]  STREAM b'IDAT' 41 65536
2024-09-09 11:49:14,256 [DEBUG]  STREAM b'IHDR' 16 13
2024-09-09 11:49:14,256 [DEBUG]  STREAM b'IDAT' 41 65536
2024-09-09 11:49:14,260 [DEBUG]  STREAM b'IHDR' 16 13
2024-09-09 11:49:14,260 [DEBUG]  STREAM b'IDAT' 41 65536
2024-09-09 11:49:14,266 [DEBUG]  STREAM b'IHDR' 16 13
2024-09-09 11:49:14,266 [DEBUG]  STREAM b'IDAT' 41 65536
2024-09-09 11:49:14,271 [DEBUG]  STREAM b'IHDR' 16 13
2024-09-09 11:49:14,271 [DEBUG]  STREAM b'IDAT' 41 65536
2024-09-09 11:49:14,276 [DEBUG]  STREAM b'IHDR' 16 13
2024-09-09 11:49:14,276 [DEBUG]  STREAM b'IDAT' 41 65536
2024-09-09 11:49:14,280 [DEBUG]  STREAM b'IHDR' 16 13
2024-09-09 11:49:14,280 [DEBUG]  STREAM b'IDAT' 41 65536
2024-09-09 11:49:14,287 [DEBUG]  STREAM b'IHDR' 16 13
2024-09-09 11:49:14,287 [DEBUG]  STREAM b'IDAT' 41 65536
2024-09-09 11:49:14,292 [DEBUG]  STREAM b'IHDR' 16 13
2024-09-09 11:49:14,292 [DEBUG]  STREAM b'IDAT' 41 65536
2024-09-09 11:49:14,296 [DEBUG]  STREAM b'IHDR' 16 13
2024-09-09 11:49:14,296 [DEBUG]  STREAM b'IDAT' 41 65536
2024-09-09 11:49:14,300 [DEBUG]  STREAM b'IHDR' 16 13
2024-09-09 11:49:14,300 [DEBUG]  STREAM b'IDAT' 41 65536
2024-09-09 11:49:14,306 [DEBUG]  STREAM b'IHDR' 16 13
2024-09-09 11:49:14,306 [DEBUG]  STREAM b'IDAT' 41 65536
2024-09-09 11:49:14,310 [DEBUG]  STREAM b'IHDR' 16 13
2024-09-09 11:49:14,310 [DEBUG]  STREAM b'IDAT' 41 65536
2024-09-09 11:49:14,314 [DEBUG]  STREAM b'IHDR' 16 13
2024-09-09 11:49:14,314 [DEBUG]  STREAM b'IDAT' 41 65536
2024-09-09 11:49:14,319 [DEBUG]  STREAM b'IHDR' 16 13
2024-09-09 11:49:14,319 [DEBUG]  STREAM b'IDAT' 41 65536
2024-09-09 11:49:14,324 [DEBUG]  STREAM b'IHDR' 16 13
2024-09-09 11:49:14,324 [DEBUG]  STREAM b'IDAT' 41 65536
2024-09-09 11:49:14,328 [DEBUG]  STREAM b'IHDR' 16 13
2024-09-09 11:49:14,328 [DEBUG]  STREAM b'IDAT' 41 65536
2024-09-09 11:49:14,333 [DEBUG]  STREAM b'IHDR' 16 13
2024-09-09 11:49:14,333 [DEBUG]  STREAM b'IDAT' 41 65536
2024-09-09 11:49:14,337 [DEBUG]  STREAM b'IHDR' 16 13
2024-09-09 11:49:14,337 [DEBUG]  STREAM b'IDAT' 41 65536
2024-09-09 11:49:14,343 [DEBUG]  STREAM b'IHDR' 16 13
2024-09-09 11:49:14,343 [DEBUG]  STREAM b'IDAT' 41 65536
2024-09-09 11:49:14,347 [DEBUG]  STREAM b'IHDR' 16 13
2024-09-09 11:49:14,347 [DEBUG]  STREAM b'IDAT' 41 65536
2024-09-09 11:49:14,351 [DEBUG]  STREAM b'IHDR' 16 13
2024-09-09 11:49:14,351 [DEBUG]  STREAM b'IDAT' 41 65536
2024-09-09 11:49:14,355 [DEBUG]  STREAM b'IHDR' 16 13
2024-09-09 11:49:14,355 [DEBUG]  STREAM b'IDAT' 41 65536
2024-09-09 11:49:14,361 [DEBUG]  STREAM b'IHDR' 16 13
2024-09-09 11:49:14,361 [DEBUG]  STREAM b'IDAT' 41 65536
2024-09-09 11:49:14,365 [DEBUG]  STREAM b'IHDR' 16 13
2024-09-09 11:49:14,365 [DEBUG]  STREAM b'IDAT' 41 65536
2024-09-09 11:49:14,369 [DEBUG]  STREAM b'IHDR' 16 13
2024-09-09 11:49:14,369 [DEBUG]  STREAM b'IDAT' 41 65536
2024-09-09 11:49:14,373 [DEBUG]  STREAM b'IHDR' 16 13
2024-09-09 11:49:14,373 [DEBUG]  STREAM b'IDAT' 41 65536
2024-09-09 11:49:14,379 [DEBUG]  STREAM b'IHDR' 16 13
2024-09-09 11:49:14,379 [DEBUG]  STREAM b'IDAT' 41 65536
2024-09-09 11:49:14,383 [DEBUG]  STREAM b'IHDR' 16 13
2024-09-09 11:49:14,383 [DEBUG]  STREAM b'IDAT' 41 65536
2024-09-09 11:49:14,387 [DEBUG]  STREAM b'IHDR' 16 13
2024-09-09 11:49:14,387 [DEBUG]  STREAM b'IDAT' 41 65536
2024-09-09 11:49:14,391 [DEBUG]  STREAM b'IHDR' 16 13
2024-09-09 11:49:14,391 [DEBUG]  STREAM b'IDAT' 41 65536
2024-09-09 11:49:14,401 [DEBUG]  GraphTrial.log 919.941 visit state = 4
2024-09-09 11:49:14,406 [DEBUG]  GraphTrial.log 919.946 start flip_time = 919.9462024166669
2024-09-09 11:49:14,411 [DEBUG]  GraphTrial.log 919.951 get move selected = 0
2024-09-09 11:49:15,333 [DEBUG]  GraphTrial.log 920.873 switch selected = 2
2024-09-09 11:49:15,821 [DEBUG]  GraphTrial.log 921.361 switch selected = 0
2024-09-09 11:49:16,148 [DEBUG]  GraphTrial.log 921.688 select selected = 0
2024-09-09 11:49:16,148 [DEBUG]  GraphTrial.log 921.688 visit state = 0
2024-09-09 11:49:16,157 [DEBUG]  GraphTrial.log 921.697 get move selected = 7
2024-09-09 11:49:16,476 [DEBUG]  GraphTrial.log 922.016 select selected = 7
2024-09-09 11:49:16,476 [DEBUG]  GraphTrial.log 922.016 visit state = 7
2024-09-09 11:49:18,342 [DEBUG]  GraphTrial.log 923.882 done 
2024-09-09 11:49:18,342 [INFO]  end trial [{"time": 917.5125820833332, "event": "begin drift_check"}, {"time": 919.583826916667, "event": "initialize", "status": null}, {"time": 919.584161291667, "event": "start recording"}, {"time": 919.710132416667, "event": "show graph"}, {"time": 919.940886166667, "event": "visit", "state": 4}, {"time": 919.9462183749997, "event": "start", "flip_time": 919.9462024166669}, {"time": 919.950773791667, "event": "get move", "selected": 0}, {"time": 920.8729675833333, "event": "switch", "selected": 2}, {"time": 921.3606707499998, "event": "switch", "selected": 0}, {"time": 921.6879589999999, "event": "select", "selected": 0}, {"time": 921.6880254166667, "event": "visit", "state": 0}, {"time": 921.6967734999998, "event": "get move", "selected": 7}, {"time": 922.0160716666669, "event": "select", "selected": 7}, {"time": 922.0161308749998, "event": "visit", "state": 7}, {"time": 923.8821165416666, "event": "done"}]
2024-09-09 11:49:18,342 [INFO]  stop_recording
2024-09-09 11:49:18,376 [INFO]  gt.status is None
2024-09-09 11:49:18,377 [DEBUG]  add bonus points 4 (total = 301)
2024-09-09 11:49:18,377 [INFO]  Trial 60 of 260
2024-09-09 11:49:19,132 [INFO]  begin trial {"kind": "GraphTrial", "graph": [[7, 2], [9, 5], [], [], [], [], [8, 1], [2, 10], [3, 4], [], []], "rewards": [-1, -4, -4, -2, 0, -2, null, -1, 3, 3, 2], "reward_info": {"-4": {"desc": "pattern_1", "image": "images[0]"}, "-3": {"desc": "pattern_2", "image": "images[1]"}, "-2": {"desc": "pattern_3", "image": "images[2]"}, "-1": {"desc": "pattern_4", "image": "images[3]"}, "0": {"desc": "pattern_5", "image": "images[4]"}, "1": {"desc": "pattern_6", "image": "images[5]"}, "2": {"desc": "pattern_7", "image": "images[6]"}, "3": {"desc": "pattern_8", "image": "images[7]"}, "4": {"desc": "pattern_9", "image": "images[8]"}}, "initial_stage": "planning", "hide_states": false, "hide_rewards_while_acting": false, "hide_edges_while_acting": false, "gaze_contingent": false, "gaze_tolerance": 1.5, "fixation_lag": 0.5, "start": 6}
2024-09-09 11:49:19,133 [INFO]  <eyetracking.EyeLink object at 0x3177c5370>
2024-09-09 11:49:19,133 [DEBUG]  GraphTrial.log 924.673 begin drift_check 
2024-09-09 11:49:20,677 [DEBUG]  GraphTrial.log 926.217 initialize status = None
2024-09-09 11:49:20,678 [DEBUG]  GraphTrial.log 926.218 start recording 
2024-09-09 11:49:20,678 [INFO]  start_recording
2024-09-09 11:49:20,803 [DEBUG]  GraphTrial.log 926.343 show graph 
2024-09-09 11:49:20,811 [DEBUG]  STREAM b'IHDR' 16 13
2024-09-09 11:49:20,811 [DEBUG]  STREAM b'IDAT' 41 65536
2024-09-09 11:49:20,823 [DEBUG]  STREAM b'IHDR' 16 13
2024-09-09 11:49:20,823 [DEBUG]  STREAM b'IDAT' 41 65536
2024-09-09 11:49:20,833 [DEBUG]  STREAM b'IHDR' 16 13
2024-09-09 11:49:20,833 [DEBUG]  STREAM b'IDAT' 41 65536
2024-09-09 11:49:20,841 [DEBUG]  STREAM b'IHDR' 16 13
2024-09-09 11:49:20,841 [DEBUG]  STREAM b'IDAT' 41 65536
2024-09-09 11:49:20,851 [DEBUG]  STREAM b'IHDR' 16 13
2024-09-09 11:49:20,851 [DEBUG]  STREAM b'IDAT' 41 65536
2024-09-09 11:49:20,857 [DEBUG]  STREAM b'IHDR' 16 13
2024-09-09 11:49:20,857 [DEBUG]  STREAM b'IDAT' 41 65536
2024-09-09 11:49:20,863 [DEBUG]  STREAM b'IHDR' 16 13
2024-09-09 11:49:20,863 [DEBUG]  STREAM b'IDAT' 41 65536
2024-09-09 11:49:20,869 [DEBUG]  STREAM b'IHDR' 16 13
2024-09-09 11:49:20,869 [DEBUG]  STREAM b'IDAT' 41 65536
2024-09-09 11:49:20,876 [DEBUG]  STREAM b'IHDR' 16 13
2024-09-09 11:49:20,876 [DEBUG]  STREAM b'IDAT' 41 65536
2024-09-09 11:49:20,881 [DEBUG]  STREAM b'IHDR' 16 13
2024-09-09 11:49:20,881 [DEBUG]  STREAM b'IDAT' 41 65536
2024-09-09 11:49:20,885 [DEBUG]  STREAM b'IHDR' 16 13
2024-09-09 11:49:20,885 [DEBUG]  STREAM b'IDAT' 41 65536
2024-09-09 11:49:20,890 [DEBUG]  STREAM b'IHDR' 16 13
2024-09-09 11:49:20,890 [DEBUG]  STREAM b'IDAT' 41 65536
2024-09-09 11:49:20,896 [DEBUG]  STREAM b'IHDR' 16 13
2024-09-09 11:49:20,896 [DEBUG]  STREAM b'IDAT' 41 65536
2024-09-09 11:49:20,900 [DEBUG]  STREAM b'IHDR' 16 13
2024-09-09 11:49:20,900 [DEBUG]  STREAM b'IDAT' 41 65536
2024-09-09 11:49:20,905 [DEBUG]  STREAM b'IHDR' 16 13
2024-09-09 11:49:20,905 [DEBUG]  STREAM b'IDAT' 41 65536
2024-09-09 11:49:20,909 [DEBUG]  STREAM b'IHDR' 16 13
2024-09-09 11:49:20,909 [DEBUG]  STREAM b'IDAT' 41 65536
2024-09-09 11:49:20,915 [DEBUG]  STREAM b'IHDR' 16 13
2024-09-09 11:49:20,915 [DEBUG]  STREAM b'IDAT' 41 65536
2024-09-09 11:49:20,919 [DEBUG]  STREAM b'IHDR' 16 13
2024-09-09 11:49:20,919 [DEBUG]  STREAM b'IDAT' 41 65536
2024-09-09 11:49:20,923 [DEBUG]  STREAM b'IHDR' 16 13
2024-09-09 11:49:20,923 [DEBUG]  STREAM b'IDAT' 41 65536
2024-09-09 11:49:20,928 [DEBUG]  STREAM b'IHDR' 16 13
2024-09-09 11:49:20,928 [DEBUG]  STREAM b'IDAT' 41 65536
2024-09-09 11:49:20,933 [DEBUG]  STREAM b'IHDR' 16 13
2024-09-09 11:49:20,933 [DEBUG]  STREAM b'IDAT' 41 65536
2024-09-09 11:49:20,937 [DEBUG]  STREAM b'IHDR' 16 13
2024-09-09 11:49:20,937 [DEBUG]  STREAM b'IDAT' 41 65536
2024-09-09 11:49:20,942 [DEBUG]  STREAM b'IHDR' 16 13
2024-09-09 11:49:20,942 [DEBUG]  STREAM b'IDAT' 41 65536
2024-09-09 11:49:20,946 [DEBUG]  STREAM b'IHDR' 16 13
2024-09-09 11:49:20,946 [DEBUG]  STREAM b'IDAT' 41 65536
2024-09-09 11:49:20,952 [DEBUG]  STREAM b'IHDR' 16 13
2024-09-09 11:49:20,952 [DEBUG]  STREAM b'IDAT' 41 65536
2024-09-09 11:49:20,956 [DEBUG]  STREAM b'IHDR' 16 13
2024-09-09 11:49:20,956 [DEBUG]  STREAM b'IDAT' 41 65536
2024-09-09 11:49:20,960 [DEBUG]  STREAM b'IHDR' 16 13
2024-09-09 11:49:20,960 [DEBUG]  STREAM b'IDAT' 41 65536
2024-09-09 11:49:20,964 [DEBUG]  STREAM b'IHDR' 16 13
2024-09-09 11:49:20,964 [DEBUG]  STREAM b'IDAT' 41 65536
2024-09-09 11:49:20,970 [DEBUG]  STREAM b'IHDR' 16 13
2024-09-09 11:49:20,970 [DEBUG]  STREAM b'IDAT' 41 65536
2024-09-09 11:49:20,974 [DEBUG]  STREAM b'IHDR' 16 13
2024-09-09 11:49:20,974 [DEBUG]  STREAM b'IDAT' 41 65536
2024-09-09 11:49:20,979 [DEBUG]  STREAM b'IHDR' 16 13
2024-09-09 11:49:20,979 [DEBUG]  STREAM b'IDAT' 41 65536
2024-09-09 11:49:20,983 [DEBUG]  STREAM b'IHDR' 16 13
2024-09-09 11:49:20,983 [DEBUG]  STREAM b'IDAT' 41 65536
2024-09-09 11:49:20,989 [DEBUG]  STREAM b'IHDR' 16 13
2024-09-09 11:49:20,989 [DEBUG]  STREAM b'IDAT' 41 65536
2024-09-09 11:49:20,993 [DEBUG]  STREAM b'IHDR' 16 13
2024-09-09 11:49:20,993 [DEBUG]  STREAM b'IDAT' 41 65536
2024-09-09 11:49:20,998 [DEBUG]  STREAM b'IHDR' 16 13
2024-09-09 11:49:20,998 [DEBUG]  STREAM b'IDAT' 41 65536
2024-09-09 11:49:21,002 [DEBUG]  STREAM b'IHDR' 16 13
2024-09-09 11:49:21,002 [DEBUG]  STREAM b'IDAT' 41 65536
2024-09-09 11:49:21,008 [DEBUG]  STREAM b'IHDR' 16 13
2024-09-09 11:49:21,008 [DEBUG]  STREAM b'IDAT' 41 65536
2024-09-09 11:49:21,013 [DEBUG]  STREAM b'IHDR' 16 13
2024-09-09 11:49:21,013 [DEBUG]  STREAM b'IDAT' 41 65536
2024-09-09 11:49:21,017 [DEBUG]  STREAM b'IHDR' 16 13
2024-09-09 11:49:21,017 [DEBUG]  STREAM b'IDAT' 41 65536
2024-09-09 11:49:21,021 [DEBUG]  STREAM b'IHDR' 16 13
2024-09-09 11:49:21,021 [DEBUG]  STREAM b'IDAT' 41 65536
2024-09-09 11:49:21,032 [DEBUG]  GraphTrial.log 926.572 visit state = 6
2024-09-09 11:49:21,037 [DEBUG]  GraphTrial.log 926.577 start flip_time = 926.5772812499999
2024-09-09 11:49:21,044 [DEBUG]  GraphTrial.log 926.584 get move selected = 1
2024-09-09 11:49:21,837 [DEBUG]  GraphTrial.log 927.377 switch selected = 8
2024-09-09 11:49:22,772 [DEBUG]  GraphTrial.log 928.312 select selected = 8
2024-09-09 11:49:22,772 [DEBUG]  GraphTrial.log 928.312 visit state = 8
2024-09-09 11:49:22,792 [DEBUG]  GraphTrial.log 928.332 get move selected = 3
2024-09-09 11:49:23,813 [DEBUG]  GraphTrial.log 929.353 switch selected = 4
2024-09-09 11:49:24,540 [DEBUG]  GraphTrial.log 930.080 select selected = 4
2024-09-09 11:49:24,540 [DEBUG]  GraphTrial.log 930.080 visit state = 4
2024-09-09 11:49:26,409 [DEBUG]  GraphTrial.log 931.949 done 
2024-09-09 11:49:26,409 [INFO]  end trial [{"time": 924.6726543749996, "event": "begin drift_check"}, {"time": 926.2172196249999, "event": "initialize", "status": null}, {"time": 926.2175740416669, "event": "start recording"}, {"time": 926.3429020833332, "event": "show graph"}, {"time": 926.5719178333334, "event": "visit", "state": 6}, {"time": 926.577297166667, "event": "start", "flip_time": 926.5772812499999}, {"time": 926.5838590833332, "event": "get move", "selected": 1}, {"time": 927.3770322916666, "event": "switch", "selected": 8}, {"time": 928.312240291667, "event": "select", "selected": 8}, {"time": 928.3123052083333, "event": "visit", "state": 8}, {"time": 928.3320609999996, "event": "get move", "selected": 3}, {"time": 929.3526448333332, "event": "switch", "selected": 4}, {"time": 930.0802665833335, "event": "select", "selected": 4}, {"time": 930.0803309583334, "event": "visit", "state": 4}, {"time": 931.9486927916669, "event": "done"}]
2024-09-09 11:49:26,409 [INFO]  stop_recording
2024-09-09 11:49:26,425 [INFO]  gt.status is None
2024-09-09 11:49:26,425 [DEBUG]  add bonus points 3 (total = 304)
2024-09-09 11:49:26,425 [INFO]  Trial 61 of 260
2024-09-09 11:49:26,868 [INFO]  begin trial {"kind": "GraphTrial", "graph": [[2, 6], [7, 9], [6, 4], [], [], [10, 1], [], [], [], [], [3, 8]], "rewards": [4, 4, 1, 3, -1, null, 2, 1, 2, -2, 1], "reward_info": {"-4": {"desc": "pattern_1", "image": "images[0]"}, "-3": {"desc": "pattern_2", "image": "images[1]"}, "-2": {"desc": "pattern_3", "image": "images[2]"}, "-1": {"desc": "pattern_4", "image": "images[3]"}, "0": {"desc": "pattern_5", "image": "images[4]"}, "1": {"desc": "pattern_6", "image": "images[5]"}, "2": {"desc": "pattern_7", "image": "images[6]"}, "3": {"desc": "pattern_8", "image": "images[7]"}, "4": {"desc": "pattern_9", "image": "images[8]"}}, "initial_stage": "planning", "hide_states": false, "hide_rewards_while_acting": false, "hide_edges_while_acting": false, "gaze_contingent": false, "gaze_tolerance": 1.5, "fixation_lag": 0.5, "start": 5}
2024-09-09 11:49:26,868 [INFO]  <eyetracking.EyeLink object at 0x3177c5370>
2024-09-09 11:49:26,869 [DEBUG]  GraphTrial.log 932.409 begin drift_check 
2024-09-09 11:49:28,211 [DEBUG]  GraphTrial.log 933.751 initialize status = None
2024-09-09 11:49:28,212 [DEBUG]  GraphTrial.log 933.752 start recording 
2024-09-09 11:49:28,212 [INFO]  start_recording
2024-09-09 11:49:28,337 [DEBUG]  GraphTrial.log 933.877 show graph 
2024-09-09 11:49:28,344 [DEBUG]  STREAM b'IHDR' 16 13
2024-09-09 11:49:28,345 [DEBUG]  STREAM b'IDAT' 41 65536
2024-09-09 11:49:28,358 [DEBUG]  STREAM b'IHDR' 16 13
2024-09-09 11:49:28,358 [DEBUG]  STREAM b'IDAT' 41 65536
2024-09-09 11:49:28,368 [DEBUG]  STREAM b'IHDR' 16 13
2024-09-09 11:49:28,369 [DEBUG]  STREAM b'IDAT' 41 65536
2024-09-09 11:49:28,377 [DEBUG]  STREAM b'IHDR' 16 13
2024-09-09 11:49:28,377 [DEBUG]  STREAM b'IDAT' 41 65536
2024-09-09 11:49:28,387 [DEBUG]  STREAM b'IHDR' 16 13
2024-09-09 11:49:28,387 [DEBUG]  STREAM b'IDAT' 41 65536
2024-09-09 11:49:28,394 [DEBUG]  STREAM b'IHDR' 16 13
2024-09-09 11:49:28,394 [DEBUG]  STREAM b'IDAT' 41 65536
2024-09-09 11:49:28,400 [DEBUG]  STREAM b'IHDR' 16 13
2024-09-09 11:49:28,400 [DEBUG]  STREAM b'IDAT' 41 65536
2024-09-09 11:49:28,406 [DEBUG]  STREAM b'IHDR' 16 13
2024-09-09 11:49:28,406 [DEBUG]  STREAM b'IDAT' 41 65536
2024-09-09 11:49:28,413 [DEBUG]  STREAM b'IHDR' 16 13
2024-09-09 11:49:28,413 [DEBUG]  STREAM b'IDAT' 41 65536
2024-09-09 11:49:28,418 [DEBUG]  STREAM b'IHDR' 16 13
2024-09-09 11:49:28,418 [DEBUG]  STREAM b'IDAT' 41 65536
2024-09-09 11:49:28,422 [DEBUG]  STREAM b'IHDR' 16 13
2024-09-09 11:49:28,422 [DEBUG]  STREAM b'IDAT' 41 65536
2024-09-09 11:49:28,427 [DEBUG]  STREAM b'IHDR' 16 13
2024-09-09 11:49:28,427 [DEBUG]  STREAM b'IDAT' 41 65536
2024-09-09 11:49:28,433 [DEBUG]  STREAM b'IHDR' 16 13
2024-09-09 11:49:28,433 [DEBUG]  STREAM b'IDAT' 41 65536
2024-09-09 11:49:28,438 [DEBUG]  STREAM b'IHDR' 16 13
2024-09-09 11:49:28,438 [DEBUG]  STREAM b'IDAT' 41 65536
2024-09-09 11:49:28,442 [DEBUG]  STREAM b'IHDR' 16 13
2024-09-09 11:49:28,442 [DEBUG]  STREAM b'IDAT' 41 65536
2024-09-09 11:49:28,447 [DEBUG]  STREAM b'IHDR' 16 13
2024-09-09 11:49:28,447 [DEBUG]  STREAM b'IDAT' 41 65536
2024-09-09 11:49:28,452 [DEBUG]  STREAM b'IHDR' 16 13
2024-09-09 11:49:28,452 [DEBUG]  STREAM b'IDAT' 41 65536
2024-09-09 11:49:28,457 [DEBUG]  STREAM b'IHDR' 16 13
2024-09-09 11:49:28,457 [DEBUG]  STREAM b'IDAT' 41 65536
2024-09-09 11:49:28,461 [DEBUG]  STREAM b'IHDR' 16 13
2024-09-09 11:49:28,461 [DEBUG]  STREAM b'IDAT' 41 65536
2024-09-09 11:49:28,465 [DEBUG]  STREAM b'IHDR' 16 13
2024-09-09 11:49:28,465 [DEBUG]  STREAM b'IDAT' 41 65536
2024-09-09 11:49:28,471 [DEBUG]  STREAM b'IHDR' 16 13
2024-09-09 11:49:28,471 [DEBUG]  STREAM b'IDAT' 41 65536
2024-09-09 11:49:28,476 [DEBUG]  STREAM b'IHDR' 16 13
2024-09-09 11:49:28,476 [DEBUG]  STREAM b'IDAT' 41 65536
2024-09-09 11:49:28,480 [DEBUG]  STREAM b'IHDR' 16 13
2024-09-09 11:49:28,480 [DEBUG]  STREAM b'IDAT' 41 65536
2024-09-09 11:49:28,484 [DEBUG]  STREAM b'IHDR' 16 13
2024-09-09 11:49:28,484 [DEBUG]  STREAM b'IDAT' 41 65536
2024-09-09 11:49:28,490 [DEBUG]  STREAM b'IHDR' 16 13
2024-09-09 11:49:28,490 [DEBUG]  STREAM b'IDAT' 41 65536
2024-09-09 11:49:28,494 [DEBUG]  STREAM b'IHDR' 16 13
2024-09-09 11:49:28,494 [DEBUG]  STREAM b'IDAT' 41 65536
2024-09-09 11:49:28,498 [DEBUG]  STREAM b'IHDR' 16 13
2024-09-09 11:49:28,498 [DEBUG]  STREAM b'IDAT' 41 65536
2024-09-09 11:49:28,502 [DEBUG]  STREAM b'IHDR' 16 13
2024-09-09 11:49:28,502 [DEBUG]  STREAM b'IDAT' 41 65536
2024-09-09 11:49:28,508 [DEBUG]  STREAM b'IHDR' 16 13
2024-09-09 11:49:28,508 [DEBUG]  STREAM b'IDAT' 41 65536
2024-09-09 11:49:28,512 [DEBUG]  STREAM b'IHDR' 16 13
2024-09-09 11:49:28,512 [DEBUG]  STREAM b'IDAT' 41 65536
2024-09-09 11:49:28,516 [DEBUG]  STREAM b'IHDR' 16 13
2024-09-09 11:49:28,516 [DEBUG]  STREAM b'IDAT' 41 65536
2024-09-09 11:49:28,520 [DEBUG]  STREAM b'IHDR' 16 13
2024-09-09 11:49:28,521 [DEBUG]  STREAM b'IDAT' 41 65536
2024-09-09 11:49:28,526 [DEBUG]  STREAM b'IHDR' 16 13
2024-09-09 11:49:28,526 [DEBUG]  STREAM b'IDAT' 41 65536
2024-09-09 11:49:28,530 [DEBUG]  STREAM b'IHDR' 16 13
2024-09-09 11:49:28,530 [DEBUG]  STREAM b'IDAT' 41 65536
2024-09-09 11:49:28,534 [DEBUG]  STREAM b'IHDR' 16 13
2024-09-09 11:49:28,534 [DEBUG]  STREAM b'IDAT' 41 65536
2024-09-09 11:49:28,538 [DEBUG]  STREAM b'IHDR' 16 13
2024-09-09 11:49:28,538 [DEBUG]  STREAM b'IDAT' 41 65536
2024-09-09 11:49:28,544 [DEBUG]  STREAM b'IHDR' 16 13
2024-09-09 11:49:28,544 [DEBUG]  STREAM b'IDAT' 41 65536
2024-09-09 11:49:28,548 [DEBUG]  STREAM b'IHDR' 16 13
2024-09-09 11:49:28,548 [DEBUG]  STREAM b'IDAT' 41 65536
2024-09-09 11:49:28,552 [DEBUG]  STREAM b'IHDR' 16 13
2024-09-09 11:49:28,552 [DEBUG]  STREAM b'IDAT' 41 65536
2024-09-09 11:49:28,556 [DEBUG]  STREAM b'IHDR' 16 13
2024-09-09 11:49:28,556 [DEBUG]  STREAM b'IDAT' 41 65536
2024-09-09 11:49:28,566 [DEBUG]  GraphTrial.log 934.106 visit state = 5
2024-09-09 11:49:28,571 [DEBUG]  GraphTrial.log 934.111 start flip_time = 934.1111998333336
2024-09-09 11:49:28,577 [DEBUG]  GraphTrial.log 934.117 get move selected = 1
2024-09-09 11:49:29,557 [DEBUG]  GraphTrial.log 935.097 select selected = 1
2024-09-09 11:49:29,557 [DEBUG]  GraphTrial.log 935.097 visit state = 1
2024-09-09 11:49:29,565 [DEBUG]  GraphTrial.log 935.105 get move selected = 9
2024-09-09 11:49:30,157 [DEBUG]  GraphTrial.log 935.697 switch selected = 7
2024-09-09 11:49:31,740 [DEBUG]  GraphTrial.log 937.280 select selected = 7
2024-09-09 11:49:31,740 [DEBUG]  GraphTrial.log 937.280 visit state = 7
2024-09-09 11:49:33,609 [DEBUG]  GraphTrial.log 939.149 done 
2024-09-09 11:49:33,609 [INFO]  end trial [{"time": 932.4085857083332, "event": "begin drift_check"}, {"time": 933.7511000416666, "event": "initialize", "status": null}, {"time": 933.7517278749997, "event": "start recording"}, {"time": 933.8767242083331, "event": "show graph"}, {"time": 934.1057082499997, "event": "visit", "state": 5}, {"time": 934.1112172083335, "event": "start", "flip_time": 934.1111998333336}, {"time": 934.1172637083332, "event": "get move", "selected": 1}, {"time": 935.09660325, "event": "select", "selected": 1}, {"time": 935.0966707916668, "event": "visit", "state": 1}, {"time": 935.1049468333335, "event": "get move", "selected": 9}, {"time": 935.6966707499996, "event": "switch", "selected": 7}, {"time": 937.2803095833333, "event": "select", "selected": 7}, {"time": 937.2803778749999, "event": "visit", "state": 7}, {"time": 939.1485779583331, "event": "done"}]
2024-09-09 11:49:33,609 [INFO]  stop_recording
2024-09-09 11:49:33,625 [INFO]  gt.status is None
2024-09-09 11:49:33,625 [DEBUG]  add bonus points 5 (total = 309)
2024-09-09 11:49:33,625 [INFO]  Trial 62 of 260
2024-09-09 11:49:33,972 [INFO]  begin trial {"kind": "GraphTrial", "graph": [[8, 7], [], [], [], [10, 1], [2], [], [6], [9, 3], [], [1, 5]], "rewards": [null, -2, 4, 4, -4, -2, -3, -4, 3, -2, -3], "reward_info": {"-4": {"desc": "pattern_1", "image": "images[0]"}, "-3": {"desc": "pattern_2", "image": "images[1]"}, "-2": {"desc": "pattern_3", "image": "images[2]"}, "-1": {"desc": "pattern_4", "image": "images[3]"}, "0": {"desc": "pattern_5", "image": "images[4]"}, "1": {"desc": "pattern_6", "image": "images[5]"}, "2": {"desc": "pattern_7", "image": "images[6]"}, "3": {"desc": "pattern_8", "image": "images[7]"}, "4": {"desc": "pattern_9", "image": "images[8]"}}, "initial_stage": "planning", "hide_states": false, "hide_rewards_while_acting": false, "hide_edges_while_acting": false, "gaze_contingent": false, "gaze_tolerance": 1.5, "fixation_lag": 0.5, "start": 0}
2024-09-09 11:49:33,973 [INFO]  <eyetracking.EyeLink object at 0x3177c5370>
2024-09-09 11:49:33,973 [DEBUG]  GraphTrial.log 939.513 begin drift_check 
2024-09-09 11:49:35,477 [DEBUG]  GraphTrial.log 941.017 initialize status = None
2024-09-09 11:49:35,477 [DEBUG]  GraphTrial.log 941.017 start recording 
2024-09-09 11:49:35,478 [INFO]  start_recording
2024-09-09 11:49:35,603 [DEBUG]  GraphTrial.log 941.142 show graph 
2024-09-09 11:49:35,615 [DEBUG]  STREAM b'IHDR' 16 13
2024-09-09 11:49:35,616 [DEBUG]  STREAM b'IDAT' 41 65536
2024-09-09 11:49:35,628 [DEBUG]  STREAM b'IHDR' 16 13
2024-09-09 11:49:35,628 [DEBUG]  STREAM b'IDAT' 41 65536
2024-09-09 11:49:35,637 [DEBUG]  STREAM b'IHDR' 16 13
2024-09-09 11:49:35,637 [DEBUG]  STREAM b'IDAT' 41 65536
2024-09-09 11:49:35,645 [DEBUG]  STREAM b'IHDR' 16 13
2024-09-09 11:49:35,645 [DEBUG]  STREAM b'IDAT' 41 65536
2024-09-09 11:49:35,654 [DEBUG]  STREAM b'IHDR' 16 13
2024-09-09 11:49:35,654 [DEBUG]  STREAM b'IDAT' 41 65536
2024-09-09 11:49:35,661 [DEBUG]  STREAM b'IHDR' 16 13
2024-09-09 11:49:35,661 [DEBUG]  STREAM b'IDAT' 41 65536
2024-09-09 11:49:35,667 [DEBUG]  STREAM b'IHDR' 16 13
2024-09-09 11:49:35,667 [DEBUG]  STREAM b'IDAT' 41 65536
2024-09-09 11:49:35,673 [DEBUG]  STREAM b'IHDR' 16 13
2024-09-09 11:49:35,673 [DEBUG]  STREAM b'IDAT' 41 65536
2024-09-09 11:49:35,680 [DEBUG]  STREAM b'IHDR' 16 13
2024-09-09 11:49:35,680 [DEBUG]  STREAM b'IDAT' 41 65536
2024-09-09 11:49:35,686 [DEBUG]  STREAM b'IHDR' 16 13
2024-09-09 11:49:35,686 [DEBUG]  STREAM b'IDAT' 41 65536
2024-09-09 11:49:35,691 [DEBUG]  STREAM b'IHDR' 16 13
2024-09-09 11:49:35,691 [DEBUG]  STREAM b'IDAT' 41 65536
2024-09-09 11:49:35,696 [DEBUG]  STREAM b'IHDR' 16 13
2024-09-09 11:49:35,696 [DEBUG]  STREAM b'IDAT' 41 65536
2024-09-09 11:49:35,703 [DEBUG]  STREAM b'IHDR' 16 13
2024-09-09 11:49:35,703 [DEBUG]  STREAM b'IDAT' 41 65536
2024-09-09 11:49:35,707 [DEBUG]  STREAM b'IHDR' 16 13
2024-09-09 11:49:35,707 [DEBUG]  STREAM b'IDAT' 41 65536
2024-09-09 11:49:35,712 [DEBUG]  STREAM b'IHDR' 16 13
2024-09-09 11:49:35,712 [DEBUG]  STREAM b'IDAT' 41 65536
2024-09-09 11:49:35,716 [DEBUG]  STREAM b'IHDR' 16 13
2024-09-09 11:49:35,716 [DEBUG]  STREAM b'IDAT' 41 65536
2024-09-09 11:49:35,721 [DEBUG]  STREAM b'IHDR' 16 13
2024-09-09 11:49:35,721 [DEBUG]  STREAM b'IDAT' 41 65536
2024-09-09 11:49:35,725 [DEBUG]  STREAM b'IHDR' 16 13
2024-09-09 11:49:35,725 [DEBUG]  STREAM b'IDAT' 41 65536
2024-09-09 11:49:35,730 [DEBUG]  STREAM b'IHDR' 16 13
2024-09-09 11:49:35,730 [DEBUG]  STREAM b'IDAT' 41 65536
2024-09-09 11:49:35,734 [DEBUG]  STREAM b'IHDR' 16 13
2024-09-09 11:49:35,734 [DEBUG]  STREAM b'IDAT' 41 65536
2024-09-09 11:49:35,739 [DEBUG]  STREAM b'IHDR' 16 13
2024-09-09 11:49:35,739 [DEBUG]  STREAM b'IDAT' 41 65536
2024-09-09 11:49:35,743 [DEBUG]  STREAM b'IHDR' 16 13
2024-09-09 11:49:35,743 [DEBUG]  STREAM b'IDAT' 41 65536
2024-09-09 11:49:35,747 [DEBUG]  STREAM b'IHDR' 16 13
2024-09-09 11:49:35,747 [DEBUG]  STREAM b'IDAT' 41 65536
2024-09-09 11:49:35,752 [DEBUG]  STREAM b'IHDR' 16 13
2024-09-09 11:49:35,752 [DEBUG]  STREAM b'IDAT' 41 65536
2024-09-09 11:49:35,757 [DEBUG]  STREAM b'IHDR' 16 13
2024-09-09 11:49:35,757 [DEBUG]  STREAM b'IDAT' 41 65536
2024-09-09 11:49:35,761 [DEBUG]  STREAM b'IHDR' 16 13
2024-09-09 11:49:35,761 [DEBUG]  STREAM b'IDAT' 41 65536
2024-09-09 11:49:35,765 [DEBUG]  STREAM b'IHDR' 16 13
2024-09-09 11:49:35,765 [DEBUG]  STREAM b'IDAT' 41 65536
2024-09-09 11:49:35,769 [DEBUG]  STREAM b'IHDR' 16 13
2024-09-09 11:49:35,769 [DEBUG]  STREAM b'IDAT' 41 65536
2024-09-09 11:49:35,775 [DEBUG]  STREAM b'IHDR' 16 13
2024-09-09 11:49:35,775 [DEBUG]  STREAM b'IDAT' 41 65536
2024-09-09 11:49:35,779 [DEBUG]  STREAM b'IHDR' 16 13
2024-09-09 11:49:35,780 [DEBUG]  STREAM b'IDAT' 41 65536
2024-09-09 11:49:35,784 [DEBUG]  STREAM b'IHDR' 16 13
2024-09-09 11:49:35,784 [DEBUG]  STREAM b'IDAT' 41 65536
2024-09-09 11:49:35,788 [DEBUG]  STREAM b'IHDR' 16 13
2024-09-09 11:49:35,788 [DEBUG]  STREAM b'IDAT' 41 65536
2024-09-09 11:49:35,794 [DEBUG]  STREAM b'IHDR' 16 13
2024-09-09 11:49:35,794 [DEBUG]  STREAM b'IDAT' 41 65536
2024-09-09 11:49:35,798 [DEBUG]  STREAM b'IHDR' 16 13
2024-09-09 11:49:35,798 [DEBUG]  STREAM b'IDAT' 41 65536
2024-09-09 11:49:35,802 [DEBUG]  STREAM b'IHDR' 16 13
2024-09-09 11:49:35,802 [DEBUG]  STREAM b'IDAT' 41 65536
2024-09-09 11:49:35,806 [DEBUG]  STREAM b'IHDR' 16 13
2024-09-09 11:49:35,806 [DEBUG]  STREAM b'IDAT' 41 65536
2024-09-09 11:49:35,812 [DEBUG]  STREAM b'IHDR' 16 13
2024-09-09 11:49:35,812 [DEBUG]  STREAM b'IDAT' 41 65536
2024-09-09 11:49:35,816 [DEBUG]  STREAM b'IHDR' 16 13
2024-09-09 11:49:35,816 [DEBUG]  STREAM b'IDAT' 41 65536
2024-09-09 11:49:35,820 [DEBUG]  STREAM b'IHDR' 16 13
2024-09-09 11:49:35,820 [DEBUG]  STREAM b'IDAT' 41 65536
2024-09-09 11:49:35,824 [DEBUG]  STREAM b'IHDR' 16 13
2024-09-09 11:49:35,824 [DEBUG]  STREAM b'IDAT' 41 65536
2024-09-09 11:49:35,835 [DEBUG]  GraphTrial.log 941.375 visit state = 0
2024-09-09 11:49:35,840 [DEBUG]  GraphTrial.log 941.380 start flip_time = 941.3802739166667
2024-09-09 11:49:35,845 [DEBUG]  GraphTrial.log 941.385 get move selected = 8
2024-09-09 11:49:36,565 [DEBUG]  GraphTrial.log 942.105 switch selected = 7
2024-09-09 11:49:37,085 [DEBUG]  GraphTrial.log 942.625 switch selected = 8
2024-09-09 11:49:37,556 [DEBUG]  GraphTrial.log 943.096 select selected = 8
2024-09-09 11:49:37,556 [DEBUG]  GraphTrial.log 943.096 visit state = 8
2024-09-09 11:49:37,576 [DEBUG]  GraphTrial.log 943.116 get move selected = 9
2024-09-09 11:49:37,988 [DEBUG]  GraphTrial.log 943.528 switch selected = 3
2024-09-09 11:49:38,396 [DEBUG]  GraphTrial.log 943.936 select selected = 3
2024-09-09 11:49:38,396 [DEBUG]  GraphTrial.log 943.936 visit state = 3
2024-09-09 11:49:40,227 [DEBUG]  GraphTrial.log 945.767 done 
2024-09-09 11:49:40,227 [INFO]  end trial [{"time": 939.5126708749999, "event": "begin drift_check"}, {"time": 941.0168624166668, "event": "initialize", "status": null}, {"time": 941.0174807083336, "event": "start recording"}, {"time": 941.1424838749999, "event": "show graph"}, {"time": 941.3748082916668, "event": "visit", "state": 0}, {"time": 941.3802929166668, "event": "start", "flip_time": 941.3802739166667}, {"time": 941.3848964583335, "event": "get move", "selected": 8}, {"time": 942.1049861249999, "event": "switch", "selected": 7}, {"time": 942.6247234999996, "event": "switch", "selected": 8}, {"time": 943.0960382083335, "event": "select", "selected": 8}, {"time": 943.0961162083331, "event": "visit", "state": 8}, {"time": 943.1161199583335, "event": "get move", "selected": 9}, {"time": 943.5284255833335, "event": "switch", "selected": 3}, {"time": 943.9359556249997, "event": "select", "selected": 3}, {"time": 943.9360319583334, "event": "visit", "state": 3}, {"time": 945.7669669583333, "event": "done"}]
2024-09-09 11:49:40,227 [INFO]  stop_recording
2024-09-09 11:49:40,244 [INFO]  gt.status is None
2024-09-09 11:49:40,244 [DEBUG]  add bonus points 7 (total = 316)
2024-09-09 11:49:40,244 [INFO]  Trial 63 of 260
2024-09-09 11:49:41,437 [INFO]  begin trial {"kind": "GraphTrial", "graph": [[2, 5], [], [], [], [0, 2], [8], [9, 10], [], [], [3, 7], [1]], "rewards": [-2, 4, -4, -4, -2, -2, null, 0, -4, -4, -1], "reward_info": {"-4": {"desc": "pattern_1", "image": "images[0]"}, "-3": {"desc": "pattern_2", "image": "images[1]"}, "-2": {"desc": "pattern_3", "image": "images[2]"}, "-1": {"desc": "pattern_4", "image": "images[3]"}, "0": {"desc": "pattern_5", "image": "images[4]"}, "1": {"desc": "pattern_6", "image": "images[5]"}, "2": {"desc": "pattern_7", "image": "images[6]"}, "3": {"desc": "pattern_8", "image": "images[7]"}, "4": {"desc": "pattern_9", "image": "images[8]"}}, "initial_stage": "planning", "hide_states": false, "hide_rewards_while_acting": false, "hide_edges_while_acting": false, "gaze_contingent": false, "gaze_tolerance": 1.5, "fixation_lag": 0.5, "start": 6}
2024-09-09 11:49:41,437 [INFO]  <eyetracking.EyeLink object at 0x3177c5370>
2024-09-09 11:49:41,437 [DEBUG]  GraphTrial.log 946.977 begin drift_check 
2024-09-09 11:49:43,160 [DEBUG]  GraphTrial.log 948.700 initialize status = None
2024-09-09 11:49:43,160 [DEBUG]  GraphTrial.log 948.700 start recording 
2024-09-09 11:49:43,161 [INFO]  start_recording
2024-09-09 11:49:43,285 [DEBUG]  GraphTrial.log 948.825 show graph 
2024-09-09 11:49:43,294 [DEBUG]  STREAM b'IHDR' 16 13
2024-09-09 11:49:43,294 [DEBUG]  STREAM b'IDAT' 41 65536
2024-09-09 11:49:43,306 [DEBUG]  STREAM b'IHDR' 16 13
2024-09-09 11:49:43,306 [DEBUG]  STREAM b'IDAT' 41 65536
2024-09-09 11:49:43,316 [DEBUG]  STREAM b'IHDR' 16 13
2024-09-09 11:49:43,316 [DEBUG]  STREAM b'IDAT' 41 65536
2024-09-09 11:49:43,324 [DEBUG]  STREAM b'IHDR' 16 13
2024-09-09 11:49:43,324 [DEBUG]  STREAM b'IDAT' 41 65536
2024-09-09 11:49:43,334 [DEBUG]  STREAM b'IHDR' 16 13
2024-09-09 11:49:43,334 [DEBUG]  STREAM b'IDAT' 41 65536
2024-09-09 11:49:43,341 [DEBUG]  STREAM b'IHDR' 16 13
2024-09-09 11:49:43,341 [DEBUG]  STREAM b'IDAT' 41 65536
2024-09-09 11:49:43,347 [DEBUG]  STREAM b'IHDR' 16 13
2024-09-09 11:49:43,347 [DEBUG]  STREAM b'IDAT' 41 65536
2024-09-09 11:49:43,353 [DEBUG]  STREAM b'IHDR' 16 13
2024-09-09 11:49:43,353 [DEBUG]  STREAM b'IDAT' 41 65536
2024-09-09 11:49:43,360 [DEBUG]  STREAM b'IHDR' 16 13
2024-09-09 11:49:43,360 [DEBUG]  STREAM b'IDAT' 41 65536
2024-09-09 11:49:43,365 [DEBUG]  STREAM b'IHDR' 16 13
2024-09-09 11:49:43,365 [DEBUG]  STREAM b'IDAT' 41 65536
2024-09-09 11:49:43,370 [DEBUG]  STREAM b'IHDR' 16 13
2024-09-09 11:49:43,370 [DEBUG]  STREAM b'IDAT' 41 65536
2024-09-09 11:49:43,375 [DEBUG]  STREAM b'IHDR' 16 13
2024-09-09 11:49:43,375 [DEBUG]  STREAM b'IDAT' 41 65536
2024-09-09 11:49:43,381 [DEBUG]  STREAM b'IHDR' 16 13
2024-09-09 11:49:43,381 [DEBUG]  STREAM b'IDAT' 41 65536
2024-09-09 11:49:43,385 [DEBUG]  STREAM b'IHDR' 16 13
2024-09-09 11:49:43,385 [DEBUG]  STREAM b'IDAT' 41 65536
2024-09-09 11:49:43,390 [DEBUG]  STREAM b'IHDR' 16 13
2024-09-09 11:49:43,390 [DEBUG]  STREAM b'IDAT' 41 65536
2024-09-09 11:49:43,394 [DEBUG]  STREAM b'IHDR' 16 13
2024-09-09 11:49:43,394 [DEBUG]  STREAM b'IDAT' 41 65536
2024-09-09 11:49:43,399 [DEBUG]  STREAM b'IHDR' 16 13
2024-09-09 11:49:43,399 [DEBUG]  STREAM b'IDAT' 41 65536
2024-09-09 11:49:43,403 [DEBUG]  STREAM b'IHDR' 16 13
2024-09-09 11:49:43,403 [DEBUG]  STREAM b'IDAT' 41 65536
2024-09-09 11:49:43,408 [DEBUG]  STREAM b'IHDR' 16 13
2024-09-09 11:49:43,408 [DEBUG]  STREAM b'IDAT' 41 65536
2024-09-09 11:49:43,412 [DEBUG]  STREAM b'IHDR' 16 13
2024-09-09 11:49:43,412 [DEBUG]  STREAM b'IDAT' 41 65536
2024-09-09 11:49:43,417 [DEBUG]  STREAM b'IHDR' 16 13
2024-09-09 11:49:43,417 [DEBUG]  STREAM b'IDAT' 41 65536
2024-09-09 11:49:43,421 [DEBUG]  STREAM b'IHDR' 16 13
2024-09-09 11:49:43,421 [DEBUG]  STREAM b'IDAT' 41 65536
2024-09-09 11:49:43,425 [DEBUG]  STREAM b'IHDR' 16 13
2024-09-09 11:49:43,425 [DEBUG]  STREAM b'IDAT' 41 65536
2024-09-09 11:49:43,429 [DEBUG]  STREAM b'IHDR' 16 13
2024-09-09 11:49:43,429 [DEBUG]  STREAM b'IDAT' 41 65536
2024-09-09 11:49:43,436 [DEBUG]  STREAM b'IHDR' 16 13
2024-09-09 11:49:43,436 [DEBUG]  STREAM b'IDAT' 41 65536
2024-09-09 11:49:43,441 [DEBUG]  STREAM b'IHDR' 16 13
2024-09-09 11:49:43,441 [DEBUG]  STREAM b'IDAT' 41 65536
2024-09-09 11:49:43,445 [DEBUG]  STREAM b'IHDR' 16 13
2024-09-09 11:49:43,445 [DEBUG]  STREAM b'IDAT' 41 65536
2024-09-09 11:49:43,449 [DEBUG]  STREAM b'IHDR' 16 13
2024-09-09 11:49:43,449 [DEBUG]  STREAM b'IDAT' 41 65536
2024-09-09 11:49:43,454 [DEBUG]  STREAM b'IHDR' 16 13
2024-09-09 11:49:43,454 [DEBUG]  STREAM b'IDAT' 41 65536
2024-09-09 11:49:43,459 [DEBUG]  STREAM b'IHDR' 16 13
2024-09-09 11:49:43,459 [DEBUG]  STREAM b'IDAT' 41 65536
2024-09-09 11:49:43,463 [DEBUG]  STREAM b'IHDR' 16 13
2024-09-09 11:49:43,463 [DEBUG]  STREAM b'IDAT' 41 65536
2024-09-09 11:49:43,467 [DEBUG]  STREAM b'IHDR' 16 13
2024-09-09 11:49:43,467 [DEBUG]  STREAM b'IDAT' 41 65536
2024-09-09 11:49:43,472 [DEBUG]  STREAM b'IHDR' 16 13
2024-09-09 11:49:43,472 [DEBUG]  STREAM b'IDAT' 41 65536
2024-09-09 11:49:43,477 [DEBUG]  STREAM b'IHDR' 16 13
2024-09-09 11:49:43,477 [DEBUG]  STREAM b'IDAT' 41 65536
2024-09-09 11:49:43,481 [DEBUG]  STREAM b'IHDR' 16 13
2024-09-09 11:49:43,481 [DEBUG]  STREAM b'IDAT' 41 65536
2024-09-09 11:49:43,485 [DEBUG]  STREAM b'IHDR' 16 13
2024-09-09 11:49:43,485 [DEBUG]  STREAM b'IDAT' 41 65536
2024-09-09 11:49:43,490 [DEBUG]  STREAM b'IHDR' 16 13
2024-09-09 11:49:43,490 [DEBUG]  STREAM b'IDAT' 41 65536
2024-09-09 11:49:43,494 [DEBUG]  STREAM b'IHDR' 16 13
2024-09-09 11:49:43,494 [DEBUG]  STREAM b'IDAT' 41 65536
2024-09-09 11:49:43,498 [DEBUG]  STREAM b'IHDR' 16 13
2024-09-09 11:49:43,498 [DEBUG]  STREAM b'IDAT' 41 65536
2024-09-09 11:49:43,502 [DEBUG]  STREAM b'IHDR' 16 13
2024-09-09 11:49:43,502 [DEBUG]  STREAM b'IDAT' 41 65536
2024-09-09 11:49:43,512 [DEBUG]  GraphTrial.log 949.052 visit state = 6
2024-09-09 11:49:43,517 [DEBUG]  GraphTrial.log 949.057 start flip_time = 949.057427625
2024-09-09 11:49:43,522 [DEBUG]  GraphTrial.log 949.062 get move selected = 9
2024-09-09 11:49:44,541 [DEBUG]  GraphTrial.log 950.081 switch selected = 10
2024-09-09 11:49:45,773 [DEBUG]  GraphTrial.log 951.313 switch selected = 9
2024-09-09 11:49:46,357 [DEBUG]  GraphTrial.log 951.897 switch selected = 10
2024-09-09 11:49:47,148 [DEBUG]  GraphTrial.log 952.688 select selected = 10
2024-09-09 11:49:47,148 [DEBUG]  GraphTrial.log 952.688 visit state = 10
2024-09-09 11:49:47,157 [DEBUG]  GraphTrial.log 952.697 get move selected = 1
2024-09-09 11:49:47,692 [DEBUG]  GraphTrial.log 953.232 select selected = 1
2024-09-09 11:49:47,692 [DEBUG]  GraphTrial.log 953.232 visit state = 1
2024-09-09 11:49:49,561 [DEBUG]  GraphTrial.log 955.101 done 
2024-09-09 11:49:49,561 [INFO]  end trial [{"time": 946.9767175416669, "event": "begin drift_check"}, {"time": 948.7001200416667, "event": "initialize", "status": null}, {"time": 948.700440791667, "event": "start recording"}, {"time": 948.8252857916668, "event": "show graph"}, {"time": 949.0520856666667, "event": "visit", "state": 6}, {"time": 949.0574429583335, "event": "start", "flip_time": 949.057427625}, {"time": 949.0621963333333, "event": "get move", "selected": 9}, {"time": 950.0811007499997, "event": "switch", "selected": 10}, {"time": 951.3127786249997, "event": "switch", "selected": 9}, {"time": 951.8966339583335, "event": "switch", "selected": 10}, {"time": 952.6880932499998, "event": "select", "selected": 10}, {"time": 952.6881609166667, "event": "visit", "state": 10}, {"time": 952.6965634166668, "event": "get move", "selected": 1}, {"time": 953.2322769999996, "event": "select", "selected": 1}, {"time": 953.2323402499997, "event": "visit", "state": 1}, {"time": 955.1005472916668, "event": "done"}]
2024-09-09 11:49:49,561 [INFO]  stop_recording
2024-09-09 11:49:49,577 [INFO]  gt.status is None
2024-09-09 11:49:49,577 [DEBUG]  add bonus points 3 (total = 319)
2024-09-09 11:49:49,577 [INFO]  Trial 64 of 260
2024-09-09 11:49:50,484 [INFO]  begin trial {"kind": "GraphTrial", "graph": [[10, 7], [], [], [], [], [], [8, 2], [5, 3], [2, 4], [], [9, 1]], "rewards": [null, 2, -1, -3, -3, -1, 4, 3, 4, 1, -3], "reward_info": {"-4": {"desc": "pattern_1", "image": "images[0]"}, "-3": {"desc": "pattern_2", "image": "images[1]"}, "-2": {"desc": "pattern_3", "image": "images[2]"}, "-1": {"desc": "pattern_4", "image": "images[3]"}, "0": {"desc": "pattern_5", "image": "images[4]"}, "1": {"desc": "pattern_6", "image": "images[5]"}, "2": {"desc": "pattern_7", "image": "images[6]"}, "3": {"desc": "pattern_8", "image": "images[7]"}, "4": {"desc": "pattern_9", "image": "images[8]"}}, "initial_stage": "planning", "hide_states": false, "hide_rewards_while_acting": false, "hide_edges_while_acting": false, "gaze_contingent": false, "gaze_tolerance": 1.5, "fixation_lag": 0.5, "start": 0}
2024-09-09 11:49:50,485 [INFO]  <eyetracking.EyeLink object at 0x3177c5370>
2024-09-09 11:49:50,485 [DEBUG]  GraphTrial.log 956.025 begin drift_check 
2024-09-09 11:49:51,959 [DEBUG]  GraphTrial.log 957.499 initialize status = None
2024-09-09 11:49:51,959 [DEBUG]  GraphTrial.log 957.499 start recording 
2024-09-09 11:49:51,960 [INFO]  start_recording
2024-09-09 11:49:52,087 [DEBUG]  GraphTrial.log 957.627 show graph 
2024-09-09 11:49:52,099 [DEBUG]  STREAM b'IHDR' 16 13
2024-09-09 11:49:52,099 [DEBUG]  STREAM b'IDAT' 41 65536
2024-09-09 11:49:52,112 [DEBUG]  STREAM b'IHDR' 16 13
2024-09-09 11:49:52,112 [DEBUG]  STREAM b'IDAT' 41 65536
2024-09-09 11:49:52,122 [DEBUG]  STREAM b'IHDR' 16 13
2024-09-09 11:49:52,122 [DEBUG]  STREAM b'IDAT' 41 65536
2024-09-09 11:49:52,130 [DEBUG]  STREAM b'IHDR' 16 13
2024-09-09 11:49:52,130 [DEBUG]  STREAM b'IDAT' 41 65536
2024-09-09 11:49:52,141 [DEBUG]  STREAM b'IHDR' 16 13
2024-09-09 11:49:52,141 [DEBUG]  STREAM b'IDAT' 41 65536
2024-09-09 11:49:52,147 [DEBUG]  STREAM b'IHDR' 16 13
2024-09-09 11:49:52,147 [DEBUG]  STREAM b'IDAT' 41 65536
2024-09-09 11:49:52,152 [DEBUG]  STREAM b'IHDR' 16 13
2024-09-09 11:49:52,152 [DEBUG]  STREAM b'IDAT' 41 65536
2024-09-09 11:49:52,158 [DEBUG]  STREAM b'IHDR' 16 13
2024-09-09 11:49:52,158 [DEBUG]  STREAM b'IDAT' 41 65536
2024-09-09 11:49:52,164 [DEBUG]  STREAM b'IHDR' 16 13
2024-09-09 11:49:52,164 [DEBUG]  STREAM b'IDAT' 41 65536
2024-09-09 11:49:52,169 [DEBUG]  STREAM b'IHDR' 16 13
2024-09-09 11:49:52,169 [DEBUG]  STREAM b'IDAT' 41 65536
2024-09-09 11:49:52,174 [DEBUG]  STREAM b'IHDR' 16 13
2024-09-09 11:49:52,174 [DEBUG]  STREAM b'IDAT' 41 65536
2024-09-09 11:49:52,178 [DEBUG]  STREAM b'IHDR' 16 13
2024-09-09 11:49:52,178 [DEBUG]  STREAM b'IDAT' 41 65536
2024-09-09 11:49:52,184 [DEBUG]  STREAM b'IHDR' 16 13
2024-09-09 11:49:52,184 [DEBUG]  STREAM b'IDAT' 41 65536
2024-09-09 11:49:52,189 [DEBUG]  STREAM b'IHDR' 16 13
2024-09-09 11:49:52,189 [DEBUG]  STREAM b'IDAT' 41 65536
2024-09-09 11:49:52,193 [DEBUG]  STREAM b'IHDR' 16 13
2024-09-09 11:49:52,193 [DEBUG]  STREAM b'IDAT' 41 65536
2024-09-09 11:49:52,197 [DEBUG]  STREAM b'IHDR' 16 13
2024-09-09 11:49:52,197 [DEBUG]  STREAM b'IDAT' 41 65536
2024-09-09 11:49:52,202 [DEBUG]  STREAM b'IHDR' 16 13
2024-09-09 11:49:52,202 [DEBUG]  STREAM b'IDAT' 41 65536
2024-09-09 11:49:52,207 [DEBUG]  STREAM b'IHDR' 16 13
2024-09-09 11:49:52,207 [DEBUG]  STREAM b'IDAT' 41 65536
2024-09-09 11:49:52,211 [DEBUG]  STREAM b'IHDR' 16 13
2024-09-09 11:49:52,211 [DEBUG]  STREAM b'IDAT' 41 65536
2024-09-09 11:49:52,215 [DEBUG]  STREAM b'IHDR' 16 13
2024-09-09 11:49:52,215 [DEBUG]  STREAM b'IDAT' 41 65536
2024-09-09 11:49:52,220 [DEBUG]  STREAM b'IHDR' 16 13
2024-09-09 11:49:52,220 [DEBUG]  STREAM b'IDAT' 41 65536
2024-09-09 11:49:52,225 [DEBUG]  STREAM b'IHDR' 16 13
2024-09-09 11:49:52,225 [DEBUG]  STREAM b'IDAT' 41 65536
2024-09-09 11:49:52,229 [DEBUG]  STREAM b'IHDR' 16 13
2024-09-09 11:49:52,229 [DEBUG]  STREAM b'IDAT' 41 65536
2024-09-09 11:49:52,233 [DEBUG]  STREAM b'IHDR' 16 13
2024-09-09 11:49:52,233 [DEBUG]  STREAM b'IDAT' 41 65536
2024-09-09 11:49:52,239 [DEBUG]  STREAM b'IHDR' 16 13
2024-09-09 11:49:52,239 [DEBUG]  STREAM b'IDAT' 41 65536
2024-09-09 11:49:52,244 [DEBUG]  STREAM b'IHDR' 16 13
2024-09-09 11:49:52,244 [DEBUG]  STREAM b'IDAT' 41 65536
2024-09-09 11:49:52,248 [DEBUG]  STREAM b'IHDR' 16 13
2024-09-09 11:49:52,248 [DEBUG]  STREAM b'IDAT' 41 65536
2024-09-09 11:49:52,253 [DEBUG]  STREAM b'IHDR' 16 13
2024-09-09 11:49:52,253 [DEBUG]  STREAM b'IDAT' 41 65536
2024-09-09 11:49:52,258 [DEBUG]  STREAM b'IHDR' 16 13
2024-09-09 11:49:52,258 [DEBUG]  STREAM b'IDAT' 41 65536
2024-09-09 11:49:52,263 [DEBUG]  STREAM b'IHDR' 16 13
2024-09-09 11:49:52,263 [DEBUG]  STREAM b'IDAT' 41 65536
2024-09-09 11:49:52,267 [DEBUG]  STREAM b'IHDR' 16 13
2024-09-09 11:49:52,267 [DEBUG]  STREAM b'IDAT' 41 65536
2024-09-09 11:49:52,272 [DEBUG]  STREAM b'IHDR' 16 13
2024-09-09 11:49:52,272 [DEBUG]  STREAM b'IDAT' 41 65536
2024-09-09 11:49:52,278 [DEBUG]  STREAM b'IHDR' 16 13
2024-09-09 11:49:52,278 [DEBUG]  STREAM b'IDAT' 41 65536
2024-09-09 11:49:52,282 [DEBUG]  STREAM b'IHDR' 16 13
2024-09-09 11:49:52,282 [DEBUG]  STREAM b'IDAT' 41 65536
2024-09-09 11:49:52,286 [DEBUG]  STREAM b'IHDR' 16 13
2024-09-09 11:49:52,286 [DEBUG]  STREAM b'IDAT' 41 65536
2024-09-09 11:49:52,290 [DEBUG]  STREAM b'IHDR' 16 13
2024-09-09 11:49:52,290 [DEBUG]  STREAM b'IDAT' 41 65536
2024-09-09 11:49:52,295 [DEBUG]  STREAM b'IHDR' 16 13
2024-09-09 11:49:52,296 [DEBUG]  STREAM b'IDAT' 41 65536
2024-09-09 11:49:52,300 [DEBUG]  STREAM b'IHDR' 16 13
2024-09-09 11:49:52,300 [DEBUG]  STREAM b'IDAT' 41 65536
2024-09-09 11:49:52,304 [DEBUG]  STREAM b'IHDR' 16 13
2024-09-09 11:49:52,304 [DEBUG]  STREAM b'IDAT' 41 65536
2024-09-09 11:49:52,308 [DEBUG]  STREAM b'IHDR' 16 13
2024-09-09 11:49:52,308 [DEBUG]  STREAM b'IDAT' 41 65536
2024-09-09 11:49:52,318 [DEBUG]  GraphTrial.log 957.858 visit state = 0
2024-09-09 11:49:52,323 [DEBUG]  GraphTrial.log 957.863 start flip_time = 957.8625725416669
2024-09-09 11:49:52,327 [DEBUG]  GraphTrial.log 957.867 get move selected = 7
2024-09-09 11:49:53,037 [DEBUG]  GraphTrial.log 958.577 switch selected = 10
2024-09-09 11:49:53,461 [DEBUG]  GraphTrial.log 959.001 switch selected = 7
2024-09-09 11:49:54,252 [DEBUG]  GraphTrial.log 959.792 select selected = 7
2024-09-09 11:49:54,252 [DEBUG]  GraphTrial.log 959.792 visit state = 7
2024-09-09 11:49:54,262 [DEBUG]  GraphTrial.log 959.802 get move selected = 3
2024-09-09 11:49:54,901 [DEBUG]  GraphTrial.log 960.441 switch selected = 5
2024-09-09 11:49:55,660 [DEBUG]  GraphTrial.log 961.200 select selected = 5
2024-09-09 11:49:55,660 [DEBUG]  GraphTrial.log 961.200 visit state = 5
2024-09-09 11:49:57,542 [DEBUG]  GraphTrial.log 963.082 done 
2024-09-09 11:49:57,542 [INFO]  end trial [{"time": 956.0246124999999, "event": "begin drift_check"}, {"time": 957.4989572083332, "event": "initialize", "status": null}, {"time": 957.4993317916669, "event": "start recording"}, {"time": 957.6265118749998, "event": "show graph"}, {"time": 957.8575429166667, "event": "visit", "state": 0}, {"time": 957.8625863749999, "event": "start", "flip_time": 957.8625725416669}, {"time": 957.8670970833332, "event": "get move", "selected": 7}, {"time": 958.5770484999998, "event": "switch", "selected": 10}, {"time": 959.0007042083334, "event": "switch", "selected": 7}, {"time": 959.7922390833332, "event": "select", "selected": 7}, {"time": 959.7923045416669, "event": "visit", "state": 7}, {"time": 959.8021212499998, "event": "get move", "selected": 3}, {"time": 960.4407059583332, "event": "switch", "selected": 5}, {"time": 961.2002405833332, "event": "select", "selected": 5}, {"time": 961.2003057916668, "event": "visit", "state": 5}, {"time": 963.082021416667, "event": "done"}]
2024-09-09 11:49:57,542 [INFO]  stop_recording
2024-09-09 11:49:57,575 [INFO]  gt.status is None
2024-09-09 11:49:57,576 [DEBUG]  add bonus points 2 (total = 321)
2024-09-09 11:49:57,576 [INFO]  Trial 65 of 260
2024-09-09 11:49:57,925 [INFO]  begin trial {"kind": "GraphTrial", "graph": [[8, 6], [9, 3], [4, 5], [], [], [], [], [], [], [3, 7], [2, 0]], "rewards": [3, -1, 3, 2, 0, 2, 1, 3, 3, 0, null], "reward_info": {"-4": {"desc": "pattern_1", "image": "images[0]"}, "-3": {"desc": "pattern_2", "image": "images[1]"}, "-2": {"desc": "pattern_3", "image": "images[2]"}, "-1": {"desc": "pattern_4", "image": "images[3]"}, "0": {"desc": "pattern_5", "image": "images[4]"}, "1": {"desc": "pattern_6", "image": "images[5]"}, "2": {"desc": "pattern_7", "image": "images[6]"}, "3": {"desc": "pattern_8", "image": "images[7]"}, "4": {"desc": "pattern_9", "image": "images[8]"}}, "initial_stage": "planning", "hide_states": false, "hide_rewards_while_acting": false, "hide_edges_while_acting": false, "gaze_contingent": false, "gaze_tolerance": 1.5, "fixation_lag": 0.5, "start": 10}
2024-09-09 11:49:57,925 [INFO]  <eyetracking.EyeLink object at 0x3177c5370>
2024-09-09 11:49:57,925 [DEBUG]  GraphTrial.log 963.465 begin drift_check 
2024-09-09 11:49:59,776 [DEBUG]  GraphTrial.log 965.316 initialize status = None
2024-09-09 11:49:59,777 [DEBUG]  GraphTrial.log 965.317 start recording 
2024-09-09 11:49:59,777 [INFO]  start_recording
2024-09-09 11:49:59,902 [DEBUG]  GraphTrial.log 965.442 show graph 
2024-09-09 11:49:59,910 [DEBUG]  STREAM b'IHDR' 16 13
2024-09-09 11:49:59,910 [DEBUG]  STREAM b'IDAT' 41 65536
2024-09-09 11:49:59,923 [DEBUG]  STREAM b'IHDR' 16 13
2024-09-09 11:49:59,923 [DEBUG]  STREAM b'IDAT' 41 65536
2024-09-09 11:49:59,928 [DEBUG]  STREAM b'IHDR' 16 13
2024-09-09 11:49:59,928 [DEBUG]  STREAM b'IDAT' 41 65536
2024-09-09 11:49:59,933 [DEBUG]  STREAM b'IHDR' 16 13
2024-09-09 11:49:59,933 [DEBUG]  STREAM b'IDAT' 41 65536
2024-09-09 11:49:59,940 [DEBUG]  STREAM b'IHDR' 16 13
2024-09-09 11:49:59,940 [DEBUG]  STREAM b'IDAT' 41 65536
2024-09-09 11:49:59,944 [DEBUG]  STREAM b'IHDR' 16 13
2024-09-09 11:49:59,944 [DEBUG]  STREAM b'IDAT' 41 65536
2024-09-09 11:49:59,949 [DEBUG]  STREAM b'IHDR' 16 13
2024-09-09 11:49:59,949 [DEBUG]  STREAM b'IDAT' 41 65536
2024-09-09 11:49:59,953 [DEBUG]  STREAM b'IHDR' 16 13
2024-09-09 11:49:59,953 [DEBUG]  STREAM b'IDAT' 41 65536
2024-09-09 11:49:59,959 [DEBUG]  STREAM b'IHDR' 16 13
2024-09-09 11:49:59,959 [DEBUG]  STREAM b'IDAT' 41 65536
2024-09-09 11:49:59,964 [DEBUG]  STREAM b'IHDR' 16 13
2024-09-09 11:49:59,964 [DEBUG]  STREAM b'IDAT' 41 65536
2024-09-09 11:49:59,969 [DEBUG]  STREAM b'IHDR' 16 13
2024-09-09 11:49:59,969 [DEBUG]  STREAM b'IDAT' 41 65536
2024-09-09 11:49:59,974 [DEBUG]  STREAM b'IHDR' 16 13
2024-09-09 11:49:59,974 [DEBUG]  STREAM b'IDAT' 41 65536
2024-09-09 11:49:59,980 [DEBUG]  STREAM b'IHDR' 16 13
2024-09-09 11:49:59,980 [DEBUG]  STREAM b'IDAT' 41 65536
2024-09-09 11:49:59,985 [DEBUG]  STREAM b'IHDR' 16 13
2024-09-09 11:49:59,985 [DEBUG]  STREAM b'IDAT' 41 65536
2024-09-09 11:49:59,990 [DEBUG]  STREAM b'IHDR' 16 13
2024-09-09 11:49:59,990 [DEBUG]  STREAM b'IDAT' 41 65536
2024-09-09 11:49:59,994 [DEBUG]  STREAM b'IHDR' 16 13
2024-09-09 11:49:59,994 [DEBUG]  STREAM b'IDAT' 41 65536
2024-09-09 11:50:00,000 [DEBUG]  STREAM b'IHDR' 16 13
2024-09-09 11:50:00,000 [DEBUG]  STREAM b'IDAT' 41 65536
2024-09-09 11:50:00,005 [DEBUG]  STREAM b'IHDR' 16 13
2024-09-09 11:50:00,005 [DEBUG]  STREAM b'IDAT' 41 65536
2024-09-09 11:50:00,009 [DEBUG]  STREAM b'IHDR' 16 13
2024-09-09 11:50:00,009 [DEBUG]  STREAM b'IDAT' 41 65536
2024-09-09 11:50:00,014 [DEBUG]  STREAM b'IHDR' 16 13
2024-09-09 11:50:00,014 [DEBUG]  STREAM b'IDAT' 41 65536
2024-09-09 11:50:00,020 [DEBUG]  STREAM b'IHDR' 16 13
2024-09-09 11:50:00,020 [DEBUG]  STREAM b'IDAT' 41 65536
2024-09-09 11:50:00,025 [DEBUG]  STREAM b'IHDR' 16 13
2024-09-09 11:50:00,025 [DEBUG]  STREAM b'IDAT' 41 65536
2024-09-09 11:50:00,030 [DEBUG]  STREAM b'IHDR' 16 13
2024-09-09 11:50:00,030 [DEBUG]  STREAM b'IDAT' 41 65536
2024-09-09 11:50:00,034 [DEBUG]  STREAM b'IHDR' 16 13
2024-09-09 11:50:00,034 [DEBUG]  STREAM b'IDAT' 41 65536
2024-09-09 11:50:00,040 [DEBUG]  STREAM b'IHDR' 16 13
2024-09-09 11:50:00,040 [DEBUG]  STREAM b'IDAT' 41 65536
2024-09-09 11:50:00,044 [DEBUG]  STREAM b'IHDR' 16 13
2024-09-09 11:50:00,044 [DEBUG]  STREAM b'IDAT' 41 65536
2024-09-09 11:50:00,048 [DEBUG]  STREAM b'IHDR' 16 13
2024-09-09 11:50:00,048 [DEBUG]  STREAM b'IDAT' 41 65536
2024-09-09 11:50:00,052 [DEBUG]  STREAM b'IHDR' 16 13
2024-09-09 11:50:00,052 [DEBUG]  STREAM b'IDAT' 41 65536
2024-09-09 11:50:00,058 [DEBUG]  STREAM b'IHDR' 16 13
2024-09-09 11:50:00,058 [DEBUG]  STREAM b'IDAT' 41 65536
2024-09-09 11:50:00,062 [DEBUG]  STREAM b'IHDR' 16 13
2024-09-09 11:50:00,062 [DEBUG]  STREAM b'IDAT' 41 65536
2024-09-09 11:50:00,067 [DEBUG]  STREAM b'IHDR' 16 13
2024-09-09 11:50:00,067 [DEBUG]  STREAM b'IDAT' 41 65536
2024-09-09 11:50:00,071 [DEBUG]  STREAM b'IHDR' 16 13
2024-09-09 11:50:00,071 [DEBUG]  STREAM b'IDAT' 41 65536
2024-09-09 11:50:00,077 [DEBUG]  STREAM b'IHDR' 16 13
2024-09-09 11:50:00,077 [DEBUG]  STREAM b'IDAT' 41 65536
2024-09-09 11:50:00,082 [DEBUG]  STREAM b'IHDR' 16 13
2024-09-09 11:50:00,082 [DEBUG]  STREAM b'IDAT' 41 65536
2024-09-09 11:50:00,086 [DEBUG]  STREAM b'IHDR' 16 13
2024-09-09 11:50:00,086 [DEBUG]  STREAM b'IDAT' 41 65536
2024-09-09 11:50:00,091 [DEBUG]  STREAM b'IHDR' 16 13
2024-09-09 11:50:00,091 [DEBUG]  STREAM b'IDAT' 41 65536
2024-09-09 11:50:00,096 [DEBUG]  STREAM b'IHDR' 16 13
2024-09-09 11:50:00,096 [DEBUG]  STREAM b'IDAT' 41 65536
2024-09-09 11:50:00,101 [DEBUG]  STREAM b'IHDR' 16 13
2024-09-09 11:50:00,101 [DEBUG]  STREAM b'IDAT' 41 65536
2024-09-09 11:50:00,105 [DEBUG]  STREAM b'IHDR' 16 13
2024-09-09 11:50:00,105 [DEBUG]  STREAM b'IDAT' 41 65536
2024-09-09 11:50:00,109 [DEBUG]  STREAM b'IHDR' 16 13
2024-09-09 11:50:00,109 [DEBUG]  STREAM b'IDAT' 41 65536
2024-09-09 11:50:00,120 [DEBUG]  GraphTrial.log 965.660 visit state = 10
2024-09-09 11:50:00,126 [DEBUG]  GraphTrial.log 965.666 start flip_time = 965.6655932499998
2024-09-09 11:50:00,131 [DEBUG]  GraphTrial.log 965.671 get move selected = 0
2024-09-09 11:50:00,573 [DEBUG]  GraphTrial.log 966.113 switch selected = 2
2024-09-09 11:50:01,404 [DEBUG]  GraphTrial.log 966.944 switch selected = 0
2024-09-09 11:50:02,789 [DEBUG]  GraphTrial.log 968.329 switch selected = 2
2024-09-09 11:50:04,028 [DEBUG]  GraphTrial.log 969.568 select selected = 2
2024-09-09 11:50:04,028 [DEBUG]  GraphTrial.log 969.568 visit state = 2
2024-09-09 11:50:04,037 [DEBUG]  GraphTrial.log 969.577 get move selected = 5
2024-09-09 11:50:04,532 [DEBUG]  GraphTrial.log 970.072 select selected = 5
2024-09-09 11:50:04,532 [DEBUG]  GraphTrial.log 970.072 visit state = 5
2024-09-09 11:50:06,377 [DEBUG]  GraphTrial.log 971.917 done 
2024-09-09 11:50:06,377 [INFO]  end trial [{"time": 963.4646987916667, "event": "begin drift_check"}, {"time": 965.31617525, "event": "initialize", "status": null}, {"time": 965.3165732916668, "event": "start recording"}, {"time": 965.4418001666668, "event": "show graph"}, {"time": 965.6599473749998, "event": "visit", "state": 10}, {"time": 965.6656197499997, "event": "start", "flip_time": 965.6655932499998}, {"time": 965.6705683333334, "event": "get move", "selected": 0}, {"time": 966.1130279166669, "event": "switch", "selected": 2}, {"time": 966.9444334583332, "event": "switch", "selected": 0}, {"time": 968.3289831666666, "event": "switch", "selected": 2}, {"time": 969.5682871249996, "event": "select", "selected": 2}, {"time": 969.5683802916669, "event": "visit", "state": 2}, {"time": 969.5768222083334, "event": "get move", "selected": 5}, {"time": 970.0721499166666, "event": "select", "selected": 5}, {"time": 970.0722139999998, "event": "visit", "state": 5}, {"time": 971.916884625, "event": "done"}]
2024-09-09 11:50:06,377 [INFO]  stop_recording
2024-09-09 11:50:06,393 [INFO]  gt.status is None
2024-09-09 11:50:06,393 [DEBUG]  add bonus points 5 (total = 326)
2024-09-09 11:50:06,393 [INFO]  Trial 66 of 260
2024-09-09 11:50:07,981 [INFO]  begin trial {"kind": "GraphTrial", "graph": [[], [], [8, 4], [0, 6], [9, 10], [3, 0], [], [], [7, 1], [], []], "rewards": [3, -1, null, -1, 4, 4, -3, 3, 3, -1, 0], "reward_info": {"-4": {"desc": "pattern_1", "image": "images[0]"}, "-3": {"desc": "pattern_2", "image": "images[1]"}, "-2": {"desc": "pattern_3", "image": "images[2]"}, "-1": {"desc": "pattern_4", "image": "images[3]"}, "0": {"desc": "pattern_5", "image": "images[4]"}, "1": {"desc": "pattern_6", "image": "images[5]"}, "2": {"desc": "pattern_7", "image": "images[6]"}, "3": {"desc": "pattern_8", "image": "images[7]"}, "4": {"desc": "pattern_9", "image": "images[8]"}}, "initial_stage": "planning", "hide_states": false, "hide_rewards_while_acting": false, "hide_edges_while_acting": false, "gaze_contingent": false, "gaze_tolerance": 1.5, "fixation_lag": 0.5, "start": 2}
2024-09-09 11:50:07,981 [INFO]  <eyetracking.EyeLink object at 0x3177c5370>
2024-09-09 11:50:07,981 [DEBUG]  GraphTrial.log 973.521 begin drift_check 
2024-09-09 11:50:09,596 [DEBUG]  GraphTrial.log 975.136 initialize status = None
2024-09-09 11:50:09,596 [DEBUG]  GraphTrial.log 975.136 start recording 
2024-09-09 11:50:09,596 [INFO]  start_recording
2024-09-09 11:50:09,722 [DEBUG]  GraphTrial.log 975.262 show graph 
2024-09-09 11:50:09,730 [DEBUG]  STREAM b'IHDR' 16 13
2024-09-09 11:50:09,730 [DEBUG]  STREAM b'IDAT' 41 65536
2024-09-09 11:50:09,744 [DEBUG]  STREAM b'IHDR' 16 13
2024-09-09 11:50:09,744 [DEBUG]  STREAM b'IDAT' 41 65536
2024-09-09 11:50:09,754 [DEBUG]  STREAM b'IHDR' 16 13
2024-09-09 11:50:09,754 [DEBUG]  STREAM b'IDAT' 41 65536
2024-09-09 11:50:09,762 [DEBUG]  STREAM b'IHDR' 16 13
2024-09-09 11:50:09,763 [DEBUG]  STREAM b'IDAT' 41 65536
2024-09-09 11:50:09,772 [DEBUG]  STREAM b'IHDR' 16 13
2024-09-09 11:50:09,772 [DEBUG]  STREAM b'IDAT' 41 65536
2024-09-09 11:50:09,779 [DEBUG]  STREAM b'IHDR' 16 13
2024-09-09 11:50:09,779 [DEBUG]  STREAM b'IDAT' 41 65536
2024-09-09 11:50:09,784 [DEBUG]  STREAM b'IHDR' 16 13
2024-09-09 11:50:09,784 [DEBUG]  STREAM b'IDAT' 41 65536
2024-09-09 11:50:09,789 [DEBUG]  STREAM b'IHDR' 16 13
2024-09-09 11:50:09,789 [DEBUG]  STREAM b'IDAT' 41 65536
2024-09-09 11:50:09,798 [DEBUG]  STREAM b'IHDR' 16 13
2024-09-09 11:50:09,798 [DEBUG]  STREAM b'IDAT' 41 65536
2024-09-09 11:50:09,802 [DEBUG]  STREAM b'IHDR' 16 13
2024-09-09 11:50:09,802 [DEBUG]  STREAM b'IDAT' 41 65536
2024-09-09 11:50:09,807 [DEBUG]  STREAM b'IHDR' 16 13
2024-09-09 11:50:09,807 [DEBUG]  STREAM b'IDAT' 41 65536
2024-09-09 11:50:09,811 [DEBUG]  STREAM b'IHDR' 16 13
2024-09-09 11:50:09,811 [DEBUG]  STREAM b'IDAT' 41 65536
2024-09-09 11:50:09,818 [DEBUG]  STREAM b'IHDR' 16 13
2024-09-09 11:50:09,818 [DEBUG]  STREAM b'IDAT' 41 65536
2024-09-09 11:50:09,823 [DEBUG]  STREAM b'IHDR' 16 13
2024-09-09 11:50:09,823 [DEBUG]  STREAM b'IDAT' 41 65536
2024-09-09 11:50:09,828 [DEBUG]  STREAM b'IHDR' 16 13
2024-09-09 11:50:09,828 [DEBUG]  STREAM b'IDAT' 41 65536
2024-09-09 11:50:09,832 [DEBUG]  STREAM b'IHDR' 16 13
2024-09-09 11:50:09,832 [DEBUG]  STREAM b'IDAT' 41 65536
2024-09-09 11:50:09,838 [DEBUG]  STREAM b'IHDR' 16 13
2024-09-09 11:50:09,838 [DEBUG]  STREAM b'IDAT' 41 65536
2024-09-09 11:50:09,843 [DEBUG]  STREAM b'IHDR' 16 13
2024-09-09 11:50:09,843 [DEBUG]  STREAM b'IDAT' 41 65536
2024-09-09 11:50:09,847 [DEBUG]  STREAM b'IHDR' 16 13
2024-09-09 11:50:09,847 [DEBUG]  STREAM b'IDAT' 41 65536
2024-09-09 11:50:09,852 [DEBUG]  STREAM b'IHDR' 16 13
2024-09-09 11:50:09,852 [DEBUG]  STREAM b'IDAT' 41 65536
2024-09-09 11:50:09,858 [DEBUG]  STREAM b'IHDR' 16 13
2024-09-09 11:50:09,858 [DEBUG]  STREAM b'IDAT' 41 65536
2024-09-09 11:50:09,862 [DEBUG]  STREAM b'IHDR' 16 13
2024-09-09 11:50:09,862 [DEBUG]  STREAM b'IDAT' 41 65536
2024-09-09 11:50:09,867 [DEBUG]  STREAM b'IHDR' 16 13
2024-09-09 11:50:09,867 [DEBUG]  STREAM b'IDAT' 41 65536
2024-09-09 11:50:09,871 [DEBUG]  STREAM b'IHDR' 16 13
2024-09-09 11:50:09,871 [DEBUG]  STREAM b'IDAT' 41 65536
2024-09-09 11:50:09,876 [DEBUG]  STREAM b'IHDR' 16 13
2024-09-09 11:50:09,876 [DEBUG]  STREAM b'IDAT' 41 65536
2024-09-09 11:50:09,881 [DEBUG]  STREAM b'IHDR' 16 13
2024-09-09 11:50:09,881 [DEBUG]  STREAM b'IDAT' 41 65536
2024-09-09 11:50:09,885 [DEBUG]  STREAM b'IHDR' 16 13
2024-09-09 11:50:09,885 [DEBUG]  STREAM b'IDAT' 41 65536
2024-09-09 11:50:09,889 [DEBUG]  STREAM b'IHDR' 16 13
2024-09-09 11:50:09,889 [DEBUG]  STREAM b'IDAT' 41 65536
2024-09-09 11:50:09,895 [DEBUG]  STREAM b'IHDR' 16 13
2024-09-09 11:50:09,895 [DEBUG]  STREAM b'IDAT' 41 65536
2024-09-09 11:50:09,900 [DEBUG]  STREAM b'IHDR' 16 13
2024-09-09 11:50:09,900 [DEBUG]  STREAM b'IDAT' 41 65536
2024-09-09 11:50:09,904 [DEBUG]  STREAM b'IHDR' 16 13
2024-09-09 11:50:09,904 [DEBUG]  STREAM b'IDAT' 41 65536
2024-09-09 11:50:09,909 [DEBUG]  STREAM b'IHDR' 16 13
2024-09-09 11:50:09,909 [DEBUG]  STREAM b'IDAT' 41 65536
2024-09-09 11:50:09,914 [DEBUG]  STREAM b'IHDR' 16 13
2024-09-09 11:50:09,914 [DEBUG]  STREAM b'IDAT' 41 65536
2024-09-09 11:50:09,919 [DEBUG]  STREAM b'IHDR' 16 13
2024-09-09 11:50:09,919 [DEBUG]  STREAM b'IDAT' 41 65536
2024-09-09 11:50:09,923 [DEBUG]  STREAM b'IHDR' 16 13
2024-09-09 11:50:09,923 [DEBUG]  STREAM b'IDAT' 41 65536
2024-09-09 11:50:09,927 [DEBUG]  STREAM b'IHDR' 16 13
2024-09-09 11:50:09,927 [DEBUG]  STREAM b'IDAT' 41 65536
2024-09-09 11:50:09,932 [DEBUG]  STREAM b'IHDR' 16 13
2024-09-09 11:50:09,932 [DEBUG]  STREAM b'IDAT' 41 65536
2024-09-09 11:50:09,936 [DEBUG]  STREAM b'IHDR' 16 13
2024-09-09 11:50:09,936 [DEBUG]  STREAM b'IDAT' 41 65536
2024-09-09 11:50:09,940 [DEBUG]  STREAM b'IHDR' 16 13
2024-09-09 11:50:09,940 [DEBUG]  STREAM b'IDAT' 41 65536
2024-09-09 11:50:09,944 [DEBUG]  STREAM b'IHDR' 16 13
2024-09-09 11:50:09,944 [DEBUG]  STREAM b'IDAT' 41 65536
2024-09-09 11:50:09,954 [DEBUG]  GraphTrial.log 975.494 visit state = 2
2024-09-09 11:50:09,960 [DEBUG]  GraphTrial.log 975.500 start flip_time = 975.4995444583333
2024-09-09 11:50:09,965 [DEBUG]  GraphTrial.log 975.504 get move selected = 8
2024-09-09 11:50:10,997 [DEBUG]  GraphTrial.log 976.537 select selected = 8
2024-09-09 11:50:10,997 [DEBUG]  GraphTrial.log 976.537 visit state = 8
2024-09-09 11:50:11,005 [DEBUG]  GraphTrial.log 976.545 get move selected = 7
2024-09-09 11:50:11,516 [DEBUG]  GraphTrial.log 977.056 select selected = 7
2024-09-09 11:50:11,516 [DEBUG]  GraphTrial.log 977.056 visit state = 7
2024-09-09 11:50:13,360 [DEBUG]  GraphTrial.log 978.900 done 
2024-09-09 11:50:13,361 [INFO]  end trial [{"time": 973.5206622916667, "event": "begin drift_check"}, {"time": 975.135769125, "event": "initialize", "status": null}, {"time": 975.1361163333331, "event": "start recording"}, {"time": 975.26156575, "event": "show graph"}, {"time": 975.4941454583332, "event": "visit", "state": 2}, {"time": 975.4995613333335, "event": "start", "flip_time": 975.4995444583333}, {"time": 975.504499541667, "event": "get move", "selected": 8}, {"time": 976.5366748333331, "event": "select", "selected": 8}, {"time": 976.5367538333335, "event": "visit", "state": 8}, {"time": 976.5451789583335, "event": "get move", "selected": 7}, {"time": 977.0562630833333, "event": "select", "selected": 7}, {"time": 977.0563305416667, "event": "visit", "state": 7}, {"time": 978.9003631666669, "event": "done"}]
2024-09-09 11:50:13,361 [INFO]  stop_recording
2024-09-09 11:50:13,377 [INFO]  gt.status is None
2024-09-09 11:50:13,377 [DEBUG]  add bonus points 6 (total = 332)
2024-09-09 11:50:13,377 [INFO]  Trial 67 of 260
2024-09-09 11:50:13,749 [INFO]  begin trial {"kind": "GraphTrial", "graph": [[8, 9], [], [6, 3], [], [1], [], [3, 10], [0, 4], [], [], [5]], "rewards": [-4, 3, 1, -1, -1, 3, 3, null, 0, -4, -3], "reward_info": {"-4": {"desc": "pattern_1", "image": "images[0]"}, "-3": {"desc": "pattern_2", "image": "images[1]"}, "-2": {"desc": "pattern_3", "image": "images[2]"}, "-1": {"desc": "pattern_4", "image": "images[3]"}, "0": {"desc": "pattern_5", "image": "images[4]"}, "1": {"desc": "pattern_6", "image": "images[5]"}, "2": {"desc": "pattern_7", "image": "images[6]"}, "3": {"desc": "pattern_8", "image": "images[7]"}, "4": {"desc": "pattern_9", "image": "images[8]"}}, "initial_stage": "planning", "hide_states": false, "hide_rewards_while_acting": false, "hide_edges_while_acting": false, "gaze_contingent": false, "gaze_tolerance": 1.5, "fixation_lag": 0.5, "start": 7}
2024-09-09 11:50:13,749 [INFO]  <eyetracking.EyeLink object at 0x3177c5370>
2024-09-09 11:50:13,749 [DEBUG]  GraphTrial.log 979.289 begin drift_check 
2024-09-09 11:50:15,625 [DEBUG]  GraphTrial.log 981.165 initialize status = None
2024-09-09 11:50:15,626 [DEBUG]  GraphTrial.log 981.166 start recording 
2024-09-09 11:50:15,626 [INFO]  start_recording
2024-09-09 11:50:15,752 [DEBUG]  GraphTrial.log 981.292 show graph 
2024-09-09 11:50:15,761 [DEBUG]  STREAM b'IHDR' 16 13
2024-09-09 11:50:15,762 [DEBUG]  STREAM b'IDAT' 41 65536
2024-09-09 11:50:15,774 [DEBUG]  STREAM b'IHDR' 16 13
2024-09-09 11:50:15,774 [DEBUG]  STREAM b'IDAT' 41 65536
2024-09-09 11:50:15,784 [DEBUG]  STREAM b'IHDR' 16 13
2024-09-09 11:50:15,784 [DEBUG]  STREAM b'IDAT' 41 65536
2024-09-09 11:50:15,792 [DEBUG]  STREAM b'IHDR' 16 13
2024-09-09 11:50:15,792 [DEBUG]  STREAM b'IDAT' 41 65536
2024-09-09 11:50:15,801 [DEBUG]  STREAM b'IHDR' 16 13
2024-09-09 11:50:15,801 [DEBUG]  STREAM b'IDAT' 41 65536
2024-09-09 11:50:15,808 [DEBUG]  STREAM b'IHDR' 16 13
2024-09-09 11:50:15,808 [DEBUG]  STREAM b'IDAT' 41 65536
2024-09-09 11:50:15,814 [DEBUG]  STREAM b'IHDR' 16 13
2024-09-09 11:50:15,814 [DEBUG]  STREAM b'IDAT' 41 65536
2024-09-09 11:50:15,820 [DEBUG]  STREAM b'IHDR' 16 13
2024-09-09 11:50:15,820 [DEBUG]  STREAM b'IDAT' 41 65536
2024-09-09 11:50:15,827 [DEBUG]  STREAM b'IHDR' 16 13
2024-09-09 11:50:15,827 [DEBUG]  STREAM b'IDAT' 41 65536
2024-09-09 11:50:15,832 [DEBUG]  STREAM b'IHDR' 16 13
2024-09-09 11:50:15,832 [DEBUG]  STREAM b'IDAT' 41 65536
2024-09-09 11:50:15,837 [DEBUG]  STREAM b'IHDR' 16 13
2024-09-09 11:50:15,837 [DEBUG]  STREAM b'IDAT' 41 65536
2024-09-09 11:50:15,841 [DEBUG]  STREAM b'IHDR' 16 13
2024-09-09 11:50:15,841 [DEBUG]  STREAM b'IDAT' 41 65536
2024-09-09 11:50:15,847 [DEBUG]  STREAM b'IHDR' 16 13
2024-09-09 11:50:15,847 [DEBUG]  STREAM b'IDAT' 41 65536
2024-09-09 11:50:15,851 [DEBUG]  STREAM b'IHDR' 16 13
2024-09-09 11:50:15,851 [DEBUG]  STREAM b'IDAT' 41 65536
2024-09-09 11:50:15,855 [DEBUG]  STREAM b'IHDR' 16 13
2024-09-09 11:50:15,856 [DEBUG]  STREAM b'IDAT' 41 65536
2024-09-09 11:50:15,860 [DEBUG]  STREAM b'IHDR' 16 13
2024-09-09 11:50:15,860 [DEBUG]  STREAM b'IDAT' 41 65536
2024-09-09 11:50:15,865 [DEBUG]  STREAM b'IHDR' 16 13
2024-09-09 11:50:15,865 [DEBUG]  STREAM b'IDAT' 41 65536
2024-09-09 11:50:15,869 [DEBUG]  STREAM b'IHDR' 16 13
2024-09-09 11:50:15,869 [DEBUG]  STREAM b'IDAT' 41 65536
2024-09-09 11:50:15,873 [DEBUG]  STREAM b'IHDR' 16 13
2024-09-09 11:50:15,873 [DEBUG]  STREAM b'IDAT' 41 65536
2024-09-09 11:50:15,877 [DEBUG]  STREAM b'IHDR' 16 13
2024-09-09 11:50:15,877 [DEBUG]  STREAM b'IDAT' 41 65536
2024-09-09 11:50:15,883 [DEBUG]  STREAM b'IHDR' 16 13
2024-09-09 11:50:15,883 [DEBUG]  STREAM b'IDAT' 41 65536
2024-09-09 11:50:15,887 [DEBUG]  STREAM b'IHDR' 16 13
2024-09-09 11:50:15,887 [DEBUG]  STREAM b'IDAT' 41 65536
2024-09-09 11:50:15,892 [DEBUG]  STREAM b'IHDR' 16 13
2024-09-09 11:50:15,892 [DEBUG]  STREAM b'IDAT' 41 65536
2024-09-09 11:50:15,896 [DEBUG]  STREAM b'IHDR' 16 13
2024-09-09 11:50:15,896 [DEBUG]  STREAM b'IDAT' 41 65536
2024-09-09 11:50:15,902 [DEBUG]  STREAM b'IHDR' 16 13
2024-09-09 11:50:15,902 [DEBUG]  STREAM b'IDAT' 41 65536
2024-09-09 11:50:15,906 [DEBUG]  STREAM b'IHDR' 16 13
2024-09-09 11:50:15,906 [DEBUG]  STREAM b'IDAT' 41 65536
2024-09-09 11:50:15,911 [DEBUG]  STREAM b'IHDR' 16 13
2024-09-09 11:50:15,911 [DEBUG]  STREAM b'IDAT' 41 65536
2024-09-09 11:50:15,915 [DEBUG]  STREAM b'IHDR' 16 13
2024-09-09 11:50:15,915 [DEBUG]  STREAM b'IDAT' 41 65536
2024-09-09 11:50:15,922 [DEBUG]  STREAM b'IHDR' 16 13
2024-09-09 11:50:15,922 [DEBUG]  STREAM b'IDAT' 41 65536
2024-09-09 11:50:15,926 [DEBUG]  STREAM b'IHDR' 16 13
2024-09-09 11:50:15,926 [DEBUG]  STREAM b'IDAT' 41 65536
2024-09-09 11:50:15,930 [DEBUG]  STREAM b'IHDR' 16 13
2024-09-09 11:50:15,930 [DEBUG]  STREAM b'IDAT' 41 65536
2024-09-09 11:50:15,934 [DEBUG]  STREAM b'IHDR' 16 13
2024-09-09 11:50:15,934 [DEBUG]  STREAM b'IDAT' 41 65536
2024-09-09 11:50:15,940 [DEBUG]  STREAM b'IHDR' 16 13
2024-09-09 11:50:15,940 [DEBUG]  STREAM b'IDAT' 41 65536
2024-09-09 11:50:15,944 [DEBUG]  STREAM b'IHDR' 16 13
2024-09-09 11:50:15,944 [DEBUG]  STREAM b'IDAT' 41 65536
2024-09-09 11:50:15,948 [DEBUG]  STREAM b'IHDR' 16 13
2024-09-09 11:50:15,948 [DEBUG]  STREAM b'IDAT' 41 65536
2024-09-09 11:50:15,952 [DEBUG]  STREAM b'IHDR' 16 13
2024-09-09 11:50:15,952 [DEBUG]  STREAM b'IDAT' 41 65536
2024-09-09 11:50:15,958 [DEBUG]  STREAM b'IHDR' 16 13
2024-09-09 11:50:15,958 [DEBUG]  STREAM b'IDAT' 41 65536
2024-09-09 11:50:15,962 [DEBUG]  STREAM b'IHDR' 16 13
2024-09-09 11:50:15,962 [DEBUG]  STREAM b'IDAT' 41 65536
2024-09-09 11:50:15,966 [DEBUG]  STREAM b'IHDR' 16 13
2024-09-09 11:50:15,966 [DEBUG]  STREAM b'IDAT' 41 65536
2024-09-09 11:50:15,970 [DEBUG]  STREAM b'IHDR' 16 13
2024-09-09 11:50:15,970 [DEBUG]  STREAM b'IDAT' 41 65536
2024-09-09 11:50:15,980 [DEBUG]  GraphTrial.log 981.520 visit state = 7
2024-09-09 11:50:15,985 [DEBUG]  GraphTrial.log 981.525 start flip_time = 981.5247302499997
2024-09-09 11:50:15,990 [DEBUG]  GraphTrial.log 981.530 get move selected = 0
2024-09-09 11:50:16,629 [DEBUG]  GraphTrial.log 982.169 switch selected = 4
2024-09-09 11:50:17,987 [DEBUG]  GraphTrial.log 983.527 select selected = 4
2024-09-09 11:50:17,987 [DEBUG]  GraphTrial.log 983.527 visit state = 4
2024-09-09 11:50:18,009 [DEBUG]  GraphTrial.log 983.549 get move selected = 1
2024-09-09 11:50:18,284 [DEBUG]  GraphTrial.log 983.824 select selected = 1
2024-09-09 11:50:18,284 [DEBUG]  GraphTrial.log 983.824 visit state = 1
2024-09-09 11:50:20,127 [DEBUG]  GraphTrial.log 985.667 done 
2024-09-09 11:50:20,127 [INFO]  end trial [{"time": 979.2886349583332, "event": "begin drift_check"}, {"time": 981.1653951666667, "event": "initialize", "status": null}, {"time": 981.1656305416668, "event": "start recording"}, {"time": 981.2917129166667, "event": "show graph"}, {"time": 981.5197301666667, "event": "visit", "state": 7}, {"time": 981.5247498333333, "event": "start", "flip_time": 981.5247302499997}, {"time": 981.5296453749997, "event": "get move", "selected": 0}, {"time": 982.1691773749999, "event": "switch", "selected": 4}, {"time": 983.52663325, "event": "select", "selected": 4}, {"time": 983.52673125, "event": "visit", "state": 4}, {"time": 983.5485429583332, "event": "get move", "selected": 1}, {"time": 983.8243317916667, "event": "select", "selected": 1}, {"time": 983.8243987916667, "event": "visit", "state": 1}, {"time": 985.6669583749999, "event": "done"}]
2024-09-09 11:50:20,127 [INFO]  stop_recording
2024-09-09 11:50:20,144 [INFO]  gt.status is None
2024-09-09 11:50:20,144 [DEBUG]  add bonus points 2 (total = 334)
2024-09-09 11:50:20,144 [INFO]  Trial 68 of 260
2024-09-09 11:50:20,661 [INFO]  begin trial {"kind": "GraphTrial", "graph": [[1, 10], [], [7, 5], [4], [], [], [0, 3], [5, 9], [], [8], []], "rewards": [1, -1, 1, -3, -1, 2, null, -1, -4, -2, 4], "reward_info": {"-4": {"desc": "pattern_1", "image": "images[0]"}, "-3": {"desc": "pattern_2", "image": "images[1]"}, "-2": {"desc": "pattern_3", "image": "images[2]"}, "-1": {"desc": "pattern_4", "image": "images[3]"}, "0": {"desc": "pattern_5", "image": "images[4]"}, "1": {"desc": "pattern_6", "image": "images[5]"}, "2": {"desc": "pattern_7", "image": "images[6]"}, "3": {"desc": "pattern_8", "image": "images[7]"}, "4": {"desc": "pattern_9", "image": "images[8]"}}, "initial_stage": "planning", "hide_states": false, "hide_rewards_while_acting": false, "hide_edges_while_acting": false, "gaze_contingent": false, "gaze_tolerance": 1.5, "fixation_lag": 0.5, "start": 6}
2024-09-09 11:50:20,661 [INFO]  <eyetracking.EyeLink object at 0x3177c5370>
2024-09-09 11:50:20,661 [DEBUG]  GraphTrial.log 986.201 begin drift_check 
2024-09-09 11:50:22,210 [DEBUG]  GraphTrial.log 987.750 initialize status = None
2024-09-09 11:50:22,211 [DEBUG]  GraphTrial.log 987.751 start recording 
2024-09-09 11:50:22,211 [INFO]  start_recording
2024-09-09 11:50:22,336 [DEBUG]  GraphTrial.log 987.876 show graph 
2024-09-09 11:50:22,345 [DEBUG]  STREAM b'IHDR' 16 13
2024-09-09 11:50:22,345 [DEBUG]  STREAM b'IDAT' 41 65536
2024-09-09 11:50:22,357 [DEBUG]  STREAM b'IHDR' 16 13
2024-09-09 11:50:22,357 [DEBUG]  STREAM b'IDAT' 41 65536
2024-09-09 11:50:22,367 [DEBUG]  STREAM b'IHDR' 16 13
2024-09-09 11:50:22,367 [DEBUG]  STREAM b'IDAT' 41 65536
2024-09-09 11:50:22,375 [DEBUG]  STREAM b'IHDR' 16 13
2024-09-09 11:50:22,375 [DEBUG]  STREAM b'IDAT' 41 65536
2024-09-09 11:50:22,385 [DEBUG]  STREAM b'IHDR' 16 13
2024-09-09 11:50:22,385 [DEBUG]  STREAM b'IDAT' 41 65536
2024-09-09 11:50:22,391 [DEBUG]  STREAM b'IHDR' 16 13
2024-09-09 11:50:22,391 [DEBUG]  STREAM b'IDAT' 41 65536
2024-09-09 11:50:22,397 [DEBUG]  STREAM b'IHDR' 16 13
2024-09-09 11:50:22,397 [DEBUG]  STREAM b'IDAT' 41 65536
2024-09-09 11:50:22,402 [DEBUG]  STREAM b'IHDR' 16 13
2024-09-09 11:50:22,402 [DEBUG]  STREAM b'IDAT' 41 65536
2024-09-09 11:50:22,409 [DEBUG]  STREAM b'IHDR' 16 13
2024-09-09 11:50:22,409 [DEBUG]  STREAM b'IDAT' 41 65536
2024-09-09 11:50:22,414 [DEBUG]  STREAM b'IHDR' 16 13
2024-09-09 11:50:22,414 [DEBUG]  STREAM b'IDAT' 41 65536
2024-09-09 11:50:22,419 [DEBUG]  STREAM b'IHDR' 16 13
2024-09-09 11:50:22,419 [DEBUG]  STREAM b'IDAT' 41 65536
2024-09-09 11:50:22,423 [DEBUG]  STREAM b'IHDR' 16 13
2024-09-09 11:50:22,423 [DEBUG]  STREAM b'IDAT' 41 65536
2024-09-09 11:50:22,429 [DEBUG]  STREAM b'IHDR' 16 13
2024-09-09 11:50:22,429 [DEBUG]  STREAM b'IDAT' 41 65536
2024-09-09 11:50:22,434 [DEBUG]  STREAM b'IHDR' 16 13
2024-09-09 11:50:22,434 [DEBUG]  STREAM b'IDAT' 41 65536
2024-09-09 11:50:22,438 [DEBUG]  STREAM b'IHDR' 16 13
2024-09-09 11:50:22,438 [DEBUG]  STREAM b'IDAT' 41 65536
2024-09-09 11:50:22,442 [DEBUG]  STREAM b'IHDR' 16 13
2024-09-09 11:50:22,442 [DEBUG]  STREAM b'IDAT' 41 65536
2024-09-09 11:50:22,448 [DEBUG]  STREAM b'IHDR' 16 13
2024-09-09 11:50:22,448 [DEBUG]  STREAM b'IDAT' 41 65536
2024-09-09 11:50:22,452 [DEBUG]  STREAM b'IHDR' 16 13
2024-09-09 11:50:22,452 [DEBUG]  STREAM b'IDAT' 41 65536
2024-09-09 11:50:22,456 [DEBUG]  STREAM b'IHDR' 16 13
2024-09-09 11:50:22,456 [DEBUG]  STREAM b'IDAT' 41 65536
2024-09-09 11:50:22,460 [DEBUG]  STREAM b'IHDR' 16 13
2024-09-09 11:50:22,460 [DEBUG]  STREAM b'IDAT' 41 65536
2024-09-09 11:50:22,465 [DEBUG]  STREAM b'IHDR' 16 13
2024-09-09 11:50:22,465 [DEBUG]  STREAM b'IDAT' 41 65536
2024-09-09 11:50:22,470 [DEBUG]  STREAM b'IHDR' 16 13
2024-09-09 11:50:22,470 [DEBUG]  STREAM b'IDAT' 41 65536
2024-09-09 11:50:22,474 [DEBUG]  STREAM b'IHDR' 16 13
2024-09-09 11:50:22,474 [DEBUG]  STREAM b'IDAT' 41 65536
2024-09-09 11:50:22,478 [DEBUG]  STREAM b'IHDR' 16 13
2024-09-09 11:50:22,478 [DEBUG]  STREAM b'IDAT' 41 65536
2024-09-09 11:50:22,485 [DEBUG]  STREAM b'IHDR' 16 13
2024-09-09 11:50:22,485 [DEBUG]  STREAM b'IDAT' 41 65536
2024-09-09 11:50:22,489 [DEBUG]  STREAM b'IHDR' 16 13
2024-09-09 11:50:22,489 [DEBUG]  STREAM b'IDAT' 41 65536
2024-09-09 11:50:22,493 [DEBUG]  STREAM b'IHDR' 16 13
2024-09-09 11:50:22,493 [DEBUG]  STREAM b'IDAT' 41 65536
2024-09-09 11:50:22,497 [DEBUG]  STREAM b'IHDR' 16 13
2024-09-09 11:50:22,497 [DEBUG]  STREAM b'IDAT' 41 65536
2024-09-09 11:50:22,502 [DEBUG]  STREAM b'IHDR' 16 13
2024-09-09 11:50:22,502 [DEBUG]  STREAM b'IDAT' 41 65536
2024-09-09 11:50:22,507 [DEBUG]  STREAM b'IHDR' 16 13
2024-09-09 11:50:22,507 [DEBUG]  STREAM b'IDAT' 41 65536
2024-09-09 11:50:22,511 [DEBUG]  STREAM b'IHDR' 16 13
2024-09-09 11:50:22,511 [DEBUG]  STREAM b'IDAT' 41 65536
2024-09-09 11:50:22,515 [DEBUG]  STREAM b'IHDR' 16 13
2024-09-09 11:50:22,515 [DEBUG]  STREAM b'IDAT' 41 65536
2024-09-09 11:50:22,521 [DEBUG]  STREAM b'IHDR' 16 13
2024-09-09 11:50:22,521 [DEBUG]  STREAM b'IDAT' 41 65536
2024-09-09 11:50:22,526 [DEBUG]  STREAM b'IHDR' 16 13
2024-09-09 11:50:22,526 [DEBUG]  STREAM b'IDAT' 41 65536
2024-09-09 11:50:22,530 [DEBUG]  STREAM b'IHDR' 16 13
2024-09-09 11:50:22,530 [DEBUG]  STREAM b'IDAT' 41 65536
2024-09-09 11:50:22,534 [DEBUG]  STREAM b'IHDR' 16 13
2024-09-09 11:50:22,534 [DEBUG]  STREAM b'IDAT' 41 65536
2024-09-09 11:50:22,539 [DEBUG]  STREAM b'IHDR' 16 13
2024-09-09 11:50:22,539 [DEBUG]  STREAM b'IDAT' 41 65536
2024-09-09 11:50:22,544 [DEBUG]  STREAM b'IHDR' 16 13
2024-09-09 11:50:22,544 [DEBUG]  STREAM b'IDAT' 41 65536
2024-09-09 11:50:22,549 [DEBUG]  STREAM b'IHDR' 16 13
2024-09-09 11:50:22,549 [DEBUG]  STREAM b'IDAT' 41 65536
2024-09-09 11:50:22,553 [DEBUG]  STREAM b'IHDR' 16 13
2024-09-09 11:50:22,553 [DEBUG]  STREAM b'IDAT' 41 65536
2024-09-09 11:50:22,563 [DEBUG]  GraphTrial.log 988.103 visit state = 6
2024-09-09 11:50:22,568 [DEBUG]  GraphTrial.log 988.108 start flip_time = 988.1083061249997
2024-09-09 11:50:22,573 [DEBUG]  GraphTrial.log 988.113 get move selected = 3
2024-09-09 11:50:23,893 [DEBUG]  GraphTrial.log 989.433 switch selected = 0
2024-09-09 11:50:24,989 [DEBUG]  GraphTrial.log 990.528 select selected = 0
2024-09-09 11:50:24,989 [DEBUG]  GraphTrial.log 990.528 visit state = 0
2024-09-09 11:50:25,009 [DEBUG]  GraphTrial.log 990.549 get move selected = 1
2024-09-09 11:50:25,373 [DEBUG]  GraphTrial.log 990.913 switch selected = 10
2024-09-09 11:50:25,756 [DEBUG]  GraphTrial.log 991.296 select selected = 10
2024-09-09 11:50:25,756 [DEBUG]  GraphTrial.log 991.296 visit state = 10
2024-09-09 11:50:27,610 [DEBUG]  GraphTrial.log 993.150 done 
2024-09-09 11:50:27,610 [INFO]  end trial [{"time": 986.20063575, "event": "begin drift_check"}, {"time": 987.7500929583334, "event": "initialize", "status": null}, {"time": 987.7505164583335, "event": "start recording"}, {"time": 987.8760015833332, "event": "show graph"}, {"time": 988.1028682083333, "event": "visit", "state": 6}, {"time": 988.1083209166668, "event": "start", "flip_time": 988.1083061249997}, {"time": 988.1129810416669, "event": "get move", "selected": 3}, {"time": 989.4332838749997, "event": "switch", "selected": 0}, {"time": 990.5284106666668, "event": "select", "selected": 0}, {"time": 990.5284909166667, "event": "visit", "state": 0}, {"time": 990.5485578749999, "event": "get move", "selected": 1}, {"time": 990.912685625, "event": "switch", "selected": 10}, {"time": 991.2960146666669, "event": "select", "selected": 10}, {"time": 991.2960834999999, "event": "visit", "state": 10}, {"time": 993.1501373333335, "event": "done"}]
2024-09-09 11:50:27,611 [INFO]  stop_recording
2024-09-09 11:50:27,626 [INFO]  gt.status is None
2024-09-09 11:50:27,626 [DEBUG]  add bonus points 5 (total = 339)
2024-09-09 11:50:27,626 [INFO]  Trial 69 of 260
2024-09-09 11:50:28,405 [INFO]  begin trial {"kind": "GraphTrial", "graph": [[], [], [5, 9], [], [], [9, 4], [10, 7], [8, 3], [], [], [1, 0]], "rewards": [-2, 0, -3, -3, 3, 3, null, 4, 4, -3, 2], "reward_info": {"-4": {"desc": "pattern_1", "image": "images[0]"}, "-3": {"desc": "pattern_2", "image": "images[1]"}, "-2": {"desc": "pattern_3", "image": "images[2]"}, "-1": {"desc": "pattern_4", "image": "images[3]"}, "0": {"desc": "pattern_5", "image": "images[4]"}, "1": {"desc": "pattern_6", "image": "images[5]"}, "2": {"desc": "pattern_7", "image": "images[6]"}, "3": {"desc": "pattern_8", "image": "images[7]"}, "4": {"desc": "pattern_9", "image": "images[8]"}}, "initial_stage": "planning", "hide_states": false, "hide_rewards_while_acting": false, "hide_edges_while_acting": false, "gaze_contingent": false, "gaze_tolerance": 1.5, "fixation_lag": 0.5, "start": 6}
2024-09-09 11:50:28,405 [INFO]  <eyetracking.EyeLink object at 0x3177c5370>
2024-09-09 11:50:28,405 [DEBUG]  GraphTrial.log 993.945 begin drift_check 
2024-09-09 11:50:29,995 [DEBUG]  GraphTrial.log 995.534 initialize status = None
2024-09-09 11:50:29,995 [DEBUG]  GraphTrial.log 995.535 start recording 
2024-09-09 11:50:29,995 [INFO]  start_recording
2024-09-09 11:50:30,122 [DEBUG]  GraphTrial.log 995.662 show graph 
2024-09-09 11:50:30,130 [DEBUG]  STREAM b'IHDR' 16 13
2024-09-09 11:50:30,130 [DEBUG]  STREAM b'IDAT' 41 65536
2024-09-09 11:50:30,142 [DEBUG]  STREAM b'IHDR' 16 13
2024-09-09 11:50:30,142 [DEBUG]  STREAM b'IDAT' 41 65536
2024-09-09 11:50:30,152 [DEBUG]  STREAM b'IHDR' 16 13
2024-09-09 11:50:30,152 [DEBUG]  STREAM b'IDAT' 41 65536
2024-09-09 11:50:30,160 [DEBUG]  STREAM b'IHDR' 16 13
2024-09-09 11:50:30,160 [DEBUG]  STREAM b'IDAT' 41 65536
2024-09-09 11:50:30,170 [DEBUG]  STREAM b'IHDR' 16 13
2024-09-09 11:50:30,170 [DEBUG]  STREAM b'IDAT' 41 65536
2024-09-09 11:50:30,176 [DEBUG]  STREAM b'IHDR' 16 13
2024-09-09 11:50:30,176 [DEBUG]  STREAM b'IDAT' 41 65536
2024-09-09 11:50:30,182 [DEBUG]  STREAM b'IHDR' 16 13
2024-09-09 11:50:30,182 [DEBUG]  STREAM b'IDAT' 41 65536
2024-09-09 11:50:30,188 [DEBUG]  STREAM b'IHDR' 16 13
2024-09-09 11:50:30,188 [DEBUG]  STREAM b'IDAT' 41 65536
2024-09-09 11:50:30,195 [DEBUG]  STREAM b'IHDR' 16 13
2024-09-09 11:50:30,195 [DEBUG]  STREAM b'IDAT' 41 65536
2024-09-09 11:50:30,200 [DEBUG]  STREAM b'IHDR' 16 13
2024-09-09 11:50:30,200 [DEBUG]  STREAM b'IDAT' 41 65536
2024-09-09 11:50:30,205 [DEBUG]  STREAM b'IHDR' 16 13
2024-09-09 11:50:30,205 [DEBUG]  STREAM b'IDAT' 41 65536
2024-09-09 11:50:30,209 [DEBUG]  STREAM b'IHDR' 16 13
2024-09-09 11:50:30,209 [DEBUG]  STREAM b'IDAT' 41 65536
2024-09-09 11:50:30,215 [DEBUG]  STREAM b'IHDR' 16 13
2024-09-09 11:50:30,215 [DEBUG]  STREAM b'IDAT' 41 65536
2024-09-09 11:50:30,220 [DEBUG]  STREAM b'IHDR' 16 13
2024-09-09 11:50:30,220 [DEBUG]  STREAM b'IDAT' 41 65536
2024-09-09 11:50:30,224 [DEBUG]  STREAM b'IHDR' 16 13
2024-09-09 11:50:30,224 [DEBUG]  STREAM b'IDAT' 41 65536
2024-09-09 11:50:30,228 [DEBUG]  STREAM b'IHDR' 16 13
2024-09-09 11:50:30,228 [DEBUG]  STREAM b'IDAT' 41 65536
2024-09-09 11:50:30,234 [DEBUG]  STREAM b'IHDR' 16 13
2024-09-09 11:50:30,234 [DEBUG]  STREAM b'IDAT' 41 65536
2024-09-09 11:50:30,238 [DEBUG]  STREAM b'IHDR' 16 13
2024-09-09 11:50:30,238 [DEBUG]  STREAM b'IDAT' 41 65536
2024-09-09 11:50:30,243 [DEBUG]  STREAM b'IHDR' 16 13
2024-09-09 11:50:30,243 [DEBUG]  STREAM b'IDAT' 41 65536
2024-09-09 11:50:30,247 [DEBUG]  STREAM b'IHDR' 16 13
2024-09-09 11:50:30,247 [DEBUG]  STREAM b'IDAT' 41 65536
2024-09-09 11:50:30,253 [DEBUG]  STREAM b'IHDR' 16 13
2024-09-09 11:50:30,253 [DEBUG]  STREAM b'IDAT' 41 65536
2024-09-09 11:50:30,258 [DEBUG]  STREAM b'IHDR' 16 13
2024-09-09 11:50:30,258 [DEBUG]  STREAM b'IDAT' 41 65536
2024-09-09 11:50:30,262 [DEBUG]  STREAM b'IHDR' 16 13
2024-09-09 11:50:30,262 [DEBUG]  STREAM b'IDAT' 41 65536
2024-09-09 11:50:30,266 [DEBUG]  STREAM b'IHDR' 16 13
2024-09-09 11:50:30,266 [DEBUG]  STREAM b'IDAT' 41 65536
2024-09-09 11:50:30,273 [DEBUG]  STREAM b'IHDR' 16 13
2024-09-09 11:50:30,273 [DEBUG]  STREAM b'IDAT' 41 65536
2024-09-09 11:50:30,278 [DEBUG]  STREAM b'IHDR' 16 13
2024-09-09 11:50:30,278 [DEBUG]  STREAM b'IDAT' 41 65536
2024-09-09 11:50:30,282 [DEBUG]  STREAM b'IHDR' 16 13
2024-09-09 11:50:30,282 [DEBUG]  STREAM b'IDAT' 41 65536
2024-09-09 11:50:30,287 [DEBUG]  STREAM b'IHDR' 16 13
2024-09-09 11:50:30,287 [DEBUG]  STREAM b'IDAT' 41 65536
2024-09-09 11:50:30,292 [DEBUG]  STREAM b'IHDR' 16 13
2024-09-09 11:50:30,293 [DEBUG]  STREAM b'IDAT' 41 65536
2024-09-09 11:50:30,297 [DEBUG]  STREAM b'IHDR' 16 13
2024-09-09 11:50:30,297 [DEBUG]  STREAM b'IDAT' 41 65536
2024-09-09 11:50:30,302 [DEBUG]  STREAM b'IHDR' 16 13
2024-09-09 11:50:30,302 [DEBUG]  STREAM b'IDAT' 41 65536
2024-09-09 11:50:30,306 [DEBUG]  STREAM b'IHDR' 16 13
2024-09-09 11:50:30,306 [DEBUG]  STREAM b'IDAT' 41 65536
2024-09-09 11:50:30,312 [DEBUG]  STREAM b'IHDR' 16 13
2024-09-09 11:50:30,312 [DEBUG]  STREAM b'IDAT' 41 65536
2024-09-09 11:50:30,316 [DEBUG]  STREAM b'IHDR' 16 13
2024-09-09 11:50:30,316 [DEBUG]  STREAM b'IDAT' 41 65536
2024-09-09 11:50:30,320 [DEBUG]  STREAM b'IHDR' 16 13
2024-09-09 11:50:30,320 [DEBUG]  STREAM b'IDAT' 41 65536
2024-09-09 11:50:30,324 [DEBUG]  STREAM b'IHDR' 16 13
2024-09-09 11:50:30,324 [DEBUG]  STREAM b'IDAT' 41 65536
2024-09-09 11:50:30,330 [DEBUG]  STREAM b'IHDR' 16 13
2024-09-09 11:50:30,330 [DEBUG]  STREAM b'IDAT' 41 65536
2024-09-09 11:50:30,334 [DEBUG]  STREAM b'IHDR' 16 13
2024-09-09 11:50:30,334 [DEBUG]  STREAM b'IDAT' 41 65536
2024-09-09 11:50:30,338 [DEBUG]  STREAM b'IHDR' 16 13
2024-09-09 11:50:30,338 [DEBUG]  STREAM b'IDAT' 41 65536
2024-09-09 11:50:30,342 [DEBUG]  STREAM b'IHDR' 16 13
2024-09-09 11:50:30,342 [DEBUG]  STREAM b'IDAT' 41 65536
2024-09-09 11:50:30,352 [DEBUG]  GraphTrial.log 995.892 visit state = 6
2024-09-09 11:50:30,358 [DEBUG]  GraphTrial.log 995.898 start flip_time = 995.8975610833331
2024-09-09 11:50:30,362 [DEBUG]  GraphTrial.log 995.902 get move selected = 10
2024-09-09 11:50:31,525 [DEBUG]  GraphTrial.log 997.065 select selected = 10
2024-09-09 11:50:31,525 [DEBUG]  GraphTrial.log 997.065 visit state = 10
2024-09-09 11:50:31,536 [DEBUG]  GraphTrial.log 997.076 get move selected = 0
2024-09-09 11:50:32,013 [DEBUG]  GraphTrial.log 997.553 switch selected = 1
2024-09-09 11:50:32,308 [DEBUG]  GraphTrial.log 997.848 select selected = 1
2024-09-09 11:50:32,308 [DEBUG]  GraphTrial.log 997.848 visit state = 1
2024-09-09 11:50:34,176 [DEBUG]  GraphTrial.log 999.715 done 
2024-09-09 11:50:34,176 [INFO]  end trial [{"time": 993.9446600833335, "event": "begin drift_check"}, {"time": 995.534435791667, "event": "initialize", "status": null}, {"time": 995.5346233749997, "event": "start recording"}, {"time": 995.6616675416667, "event": "show graph"}, {"time": 995.892168041667, "event": "visit", "state": 6}, {"time": 995.8975814583332, "event": "start", "flip_time": 995.8975610833331}, {"time": 995.9022248333335, "event": "get move", "selected": 10}, {"time": 997.064744166667, "event": "select", "selected": 10}, {"time": 997.0648119999996, "event": "visit", "state": 10}, {"time": 997.0755645833333, "event": "get move", "selected": 0}, {"time": 997.5527001666669, "event": "switch", "selected": 1}, {"time": 997.8480118749999, "event": "select", "selected": 1}, {"time": 997.84807525, "event": "visit", "state": 1}, {"time": 999.715469416667, "event": "done"}]
2024-09-09 11:50:34,176 [INFO]  stop_recording
2024-09-09 11:50:34,693 [INFO]  gt.status is None
2024-09-09 11:50:34,694 [DEBUG]  add bonus points 2 (total = 341)
2024-09-09 11:50:34,694 [INFO]  Trial 70 of 260
2024-09-09 11:50:35,165 [INFO]  begin trial {"kind": "GraphTrial", "graph": [[6], [], [3, 7], [1, 4], [], [8, 9], [], [10], [9, 0], [], []], "rewards": [-3, -3, null, -4, 3, 1, 4, -4, 3, 4, 1], "reward_info": {"-4": {"desc": "pattern_1", "image": "images[0]"}, "-3": {"desc": "pattern_2", "image": "images[1]"}, "-2": {"desc": "pattern_3", "image": "images[2]"}, "-1": {"desc": "pattern_4", "image": "images[3]"}, "0": {"desc": "pattern_5", "image": "images[4]"}, "1": {"desc": "pattern_6", "image": "images[5]"}, "2": {"desc": "pattern_7", "image": "images[6]"}, "3": {"desc": "pattern_8", "image": "images[7]"}, "4": {"desc": "pattern_9", "image": "images[8]"}}, "initial_stage": "planning", "hide_states": false, "hide_rewards_while_acting": false, "hide_edges_while_acting": false, "gaze_contingent": false, "gaze_tolerance": 1.5, "fixation_lag": 0.5, "start": 2}
2024-09-09 11:50:35,165 [INFO]  <eyetracking.EyeLink object at 0x3177c5370>
2024-09-09 11:50:35,165 [DEBUG]  GraphTrial.log 1000.705 begin drift_check 
2024-09-09 11:50:36,710 [DEBUG]  GraphTrial.log 1002.250 initialize status = None
2024-09-09 11:50:36,711 [DEBUG]  GraphTrial.log 1002.251 start recording 
2024-09-09 11:50:36,711 [INFO]  start_recording
2024-09-09 11:50:36,837 [DEBUG]  GraphTrial.log 1002.377 show graph 
2024-09-09 11:50:36,846 [DEBUG]  STREAM b'IHDR' 16 13
2024-09-09 11:50:36,846 [DEBUG]  STREAM b'IDAT' 41 65536
2024-09-09 11:50:36,858 [DEBUG]  STREAM b'IHDR' 16 13
2024-09-09 11:50:36,858 [DEBUG]  STREAM b'IDAT' 41 65536
2024-09-09 11:50:36,868 [DEBUG]  STREAM b'IHDR' 16 13
2024-09-09 11:50:36,868 [DEBUG]  STREAM b'IDAT' 41 65536
2024-09-09 11:50:36,876 [DEBUG]  STREAM b'IHDR' 16 13
2024-09-09 11:50:36,876 [DEBUG]  STREAM b'IDAT' 41 65536
2024-09-09 11:50:36,886 [DEBUG]  STREAM b'IHDR' 16 13
2024-09-09 11:50:36,886 [DEBUG]  STREAM b'IDAT' 41 65536
2024-09-09 11:50:36,892 [DEBUG]  STREAM b'IHDR' 16 13
2024-09-09 11:50:36,892 [DEBUG]  STREAM b'IDAT' 41 65536
2024-09-09 11:50:36,898 [DEBUG]  STREAM b'IHDR' 16 13
2024-09-09 11:50:36,898 [DEBUG]  STREAM b'IDAT' 41 65536
2024-09-09 11:50:36,903 [DEBUG]  STREAM b'IHDR' 16 13
2024-09-09 11:50:36,903 [DEBUG]  STREAM b'IDAT' 41 65536
2024-09-09 11:50:36,912 [DEBUG]  STREAM b'IHDR' 16 13
2024-09-09 11:50:36,912 [DEBUG]  STREAM b'IDAT' 41 65536
2024-09-09 11:50:36,917 [DEBUG]  STREAM b'IHDR' 16 13
2024-09-09 11:50:36,917 [DEBUG]  STREAM b'IDAT' 41 65536
2024-09-09 11:50:36,921 [DEBUG]  STREAM b'IHDR' 16 13
2024-09-09 11:50:36,921 [DEBUG]  STREAM b'IDAT' 41 65536
2024-09-09 11:50:36,926 [DEBUG]  STREAM b'IHDR' 16 13
2024-09-09 11:50:36,926 [DEBUG]  STREAM b'IDAT' 41 65536
2024-09-09 11:50:36,932 [DEBUG]  STREAM b'IHDR' 16 13
2024-09-09 11:50:36,932 [DEBUG]  STREAM b'IDAT' 41 65536
2024-09-09 11:50:36,937 [DEBUG]  STREAM b'IHDR' 16 13
2024-09-09 11:50:36,937 [DEBUG]  STREAM b'IDAT' 41 65536
2024-09-09 11:50:36,942 [DEBUG]  STREAM b'IHDR' 16 13
2024-09-09 11:50:36,942 [DEBUG]  STREAM b'IDAT' 41 65536
2024-09-09 11:50:36,946 [DEBUG]  STREAM b'IHDR' 16 13
2024-09-09 11:50:36,946 [DEBUG]  STREAM b'IDAT' 41 65536
2024-09-09 11:50:36,952 [DEBUG]  STREAM b'IHDR' 16 13
2024-09-09 11:50:36,952 [DEBUG]  STREAM b'IDAT' 41 65536
2024-09-09 11:50:36,956 [DEBUG]  STREAM b'IHDR' 16 13
2024-09-09 11:50:36,956 [DEBUG]  STREAM b'IDAT' 41 65536
2024-09-09 11:50:36,961 [DEBUG]  STREAM b'IHDR' 16 13
2024-09-09 11:50:36,961 [DEBUG]  STREAM b'IDAT' 41 65536
2024-09-09 11:50:36,965 [DEBUG]  STREAM b'IHDR' 16 13
2024-09-09 11:50:36,965 [DEBUG]  STREAM b'IDAT' 41 65536
2024-09-09 11:50:36,970 [DEBUG]  STREAM b'IHDR' 16 13
2024-09-09 11:50:36,970 [DEBUG]  STREAM b'IDAT' 41 65536
2024-09-09 11:50:36,975 [DEBUG]  STREAM b'IHDR' 16 13
2024-09-09 11:50:36,975 [DEBUG]  STREAM b'IDAT' 41 65536
2024-09-09 11:50:36,979 [DEBUG]  STREAM b'IHDR' 16 13
2024-09-09 11:50:36,979 [DEBUG]  STREAM b'IDAT' 41 65536
2024-09-09 11:50:36,984 [DEBUG]  STREAM b'IHDR' 16 13
2024-09-09 11:50:36,984 [DEBUG]  STREAM b'IDAT' 41 65536
2024-09-09 11:50:36,990 [DEBUG]  STREAM b'IHDR' 16 13
2024-09-09 11:50:36,990 [DEBUG]  STREAM b'IDAT' 41 65536
2024-09-09 11:50:36,994 [DEBUG]  STREAM b'IHDR' 16 13
2024-09-09 11:50:36,994 [DEBUG]  STREAM b'IDAT' 41 65536
2024-09-09 11:50:36,998 [DEBUG]  STREAM b'IHDR' 16 13
2024-09-09 11:50:36,998 [DEBUG]  STREAM b'IDAT' 41 65536
2024-09-09 11:50:37,002 [DEBUG]  STREAM b'IHDR' 16 13
2024-09-09 11:50:37,002 [DEBUG]  STREAM b'IDAT' 41 65536
2024-09-09 11:50:37,007 [DEBUG]  STREAM b'IHDR' 16 13
2024-09-09 11:50:37,007 [DEBUG]  STREAM b'IDAT' 41 65536
2024-09-09 11:50:37,012 [DEBUG]  STREAM b'IHDR' 16 13
2024-09-09 11:50:37,012 [DEBUG]  STREAM b'IDAT' 41 65536
2024-09-09 11:50:37,016 [DEBUG]  STREAM b'IHDR' 16 13
2024-09-09 11:50:37,016 [DEBUG]  STREAM b'IDAT' 41 65536
2024-09-09 11:50:37,021 [DEBUG]  STREAM b'IHDR' 16 13
2024-09-09 11:50:37,021 [DEBUG]  STREAM b'IDAT' 41 65536
2024-09-09 11:50:37,026 [DEBUG]  STREAM b'IHDR' 16 13
2024-09-09 11:50:37,026 [DEBUG]  STREAM b'IDAT' 41 65536
2024-09-09 11:50:37,031 [DEBUG]  STREAM b'IHDR' 16 13
2024-09-09 11:50:37,031 [DEBUG]  STREAM b'IDAT' 41 65536
2024-09-09 11:50:37,035 [DEBUG]  STREAM b'IHDR' 16 13
2024-09-09 11:50:37,035 [DEBUG]  STREAM b'IDAT' 41 65536
2024-09-09 11:50:37,040 [DEBUG]  STREAM b'IHDR' 16 13
2024-09-09 11:50:37,040 [DEBUG]  STREAM b'IDAT' 41 65536
2024-09-09 11:50:37,046 [DEBUG]  STREAM b'IHDR' 16 13
2024-09-09 11:50:37,046 [DEBUG]  STREAM b'IDAT' 41 65536
2024-09-09 11:50:37,050 [DEBUG]  STREAM b'IHDR' 16 13
2024-09-09 11:50:37,050 [DEBUG]  STREAM b'IDAT' 41 65536
2024-09-09 11:50:37,054 [DEBUG]  STREAM b'IHDR' 16 13
2024-09-09 11:50:37,054 [DEBUG]  STREAM b'IDAT' 41 65536
2024-09-09 11:50:37,058 [DEBUG]  STREAM b'IHDR' 16 13
2024-09-09 11:50:37,058 [DEBUG]  STREAM b'IDAT' 41 65536
2024-09-09 11:50:37,067 [DEBUG]  GraphTrial.log 1002.607 visit state = 2
2024-09-09 11:50:37,073 [DEBUG]  GraphTrial.log 1002.613 start flip_time = 1002.6126809583334
2024-09-09 11:50:37,077 [DEBUG]  GraphTrial.log 1002.617 get move selected = 3
2024-09-09 11:50:38,141 [DEBUG]  GraphTrial.log 1003.681 switch selected = 7
2024-09-09 11:50:39,397 [DEBUG]  GraphTrial.log 1004.937 switch selected = 3
2024-09-09 11:50:39,964 [DEBUG]  GraphTrial.log 1005.504 select selected = 3
2024-09-09 11:50:39,964 [DEBUG]  GraphTrial.log 1005.504 visit state = 3
2024-09-09 11:50:39,974 [DEBUG]  GraphTrial.log 1005.514 get move selected = 4
2024-09-09 11:50:40,356 [DEBUG]  GraphTrial.log 1005.896 select selected = 4
2024-09-09 11:50:40,356 [DEBUG]  GraphTrial.log 1005.896 visit state = 4
2024-09-09 11:50:42,210 [DEBUG]  GraphTrial.log 1007.750 done 
2024-09-09 11:50:42,210 [INFO]  end trial [{"time": 1000.7047052916669, "event": "begin drift_check"}, {"time": 1002.2501733333334, "event": "initialize", "status": null}, {"time": 1002.2505230416668, "event": "start recording"}, {"time": 1002.3765238333335, "event": "show graph"}, {"time": 1002.6073043333336, "event": "visit", "state": 2}, {"time": 1002.6127037916667, "event": "start", "flip_time": 1002.6126809583334}, {"time": 1002.6172252083334, "event": "get move", "selected": 3}, {"time": 1003.6811612083334, "event": "switch", "selected": 7}, {"time": 1004.9367643333335, "event": "switch", "selected": 3}, {"time": 1005.5042344166668, "event": "select", "selected": 3}, {"time": 1005.504309375, "event": "visit", "state": 3}, {"time": 1005.5136944583332, "event": "get move", "selected": 4}, {"time": 1005.8961211249998, "event": "select", "selected": 4}, {"time": 1005.8961813333335, "event": "visit", "state": 4}, {"time": 1007.749899041667, "event": "done"}]
2024-09-09 11:50:42,210 [INFO]  stop_recording
2024-09-09 11:50:42,542 [INFO]  gt.status is None
2024-09-09 11:50:42,542 [DEBUG]  add bonus points -1 (total = 340)
2024-09-09 11:50:42,543 [INFO]  Trial 71 of 260
2024-09-09 11:50:43,557 [INFO]  begin trial {"kind": "GraphTrial", "graph": [[4, 5], [], [], [], [3, 2], [1, 10], [9, 7], [], [], [7, 8], []], "rewards": [null, 3, 2, -2, -4, 4, -3, 3, -2, -2, 1], "reward_info": {"-4": {"desc": "pattern_1", "image": "images[0]"}, "-3": {"desc": "pattern_2", "image": "images[1]"}, "-2": {"desc": "pattern_3", "image": "images[2]"}, "-1": {"desc": "pattern_4", "image": "images[3]"}, "0": {"desc": "pattern_5", "image": "images[4]"}, "1": {"desc": "pattern_6", "image": "images[5]"}, "2": {"desc": "pattern_7", "image": "images[6]"}, "3": {"desc": "pattern_8", "image": "images[7]"}, "4": {"desc": "pattern_9", "image": "images[8]"}}, "initial_stage": "planning", "hide_states": false, "hide_rewards_while_acting": false, "hide_edges_while_acting": false, "gaze_contingent": false, "gaze_tolerance": 1.5, "fixation_lag": 0.5, "start": 0}
2024-09-09 11:50:43,558 [INFO]  <eyetracking.EyeLink object at 0x3177c5370>
2024-09-09 11:50:43,558 [DEBUG]  GraphTrial.log 1009.097 begin drift_check 
2024-09-09 11:50:45,710 [DEBUG]  GraphTrial.log 1011.250 initialize status = None
2024-09-09 11:50:45,711 [DEBUG]  GraphTrial.log 1011.250 start recording 
2024-09-09 11:50:45,711 [INFO]  start_recording
2024-09-09 11:50:45,837 [DEBUG]  GraphTrial.log 1011.377 show graph 
2024-09-09 11:50:45,849 [DEBUG]  STREAM b'IHDR' 16 13
2024-09-09 11:50:45,849 [DEBUG]  STREAM b'IDAT' 41 65536
2024-09-09 11:50:45,862 [DEBUG]  STREAM b'IHDR' 16 13
2024-09-09 11:50:45,862 [DEBUG]  STREAM b'IDAT' 41 65536
2024-09-09 11:50:45,872 [DEBUG]  STREAM b'IHDR' 16 13
2024-09-09 11:50:45,872 [DEBUG]  STREAM b'IDAT' 41 65536
2024-09-09 11:50:45,880 [DEBUG]  STREAM b'IHDR' 16 13
2024-09-09 11:50:45,880 [DEBUG]  STREAM b'IDAT' 41 65536
2024-09-09 11:50:45,891 [DEBUG]  STREAM b'IHDR' 16 13
2024-09-09 11:50:45,891 [DEBUG]  STREAM b'IDAT' 41 65536
2024-09-09 11:50:45,898 [DEBUG]  STREAM b'IHDR' 16 13
2024-09-09 11:50:45,898 [DEBUG]  STREAM b'IDAT' 41 65536
2024-09-09 11:50:45,904 [DEBUG]  STREAM b'IHDR' 16 13
2024-09-09 11:50:45,904 [DEBUG]  STREAM b'IDAT' 41 65536
2024-09-09 11:50:45,909 [DEBUG]  STREAM b'IHDR' 16 13
2024-09-09 11:50:45,909 [DEBUG]  STREAM b'IDAT' 41 65536
2024-09-09 11:50:45,916 [DEBUG]  STREAM b'IHDR' 16 13
2024-09-09 11:50:45,916 [DEBUG]  STREAM b'IDAT' 41 65536
2024-09-09 11:50:45,921 [DEBUG]  STREAM b'IHDR' 16 13
2024-09-09 11:50:45,921 [DEBUG]  STREAM b'IDAT' 41 65536
2024-09-09 11:50:45,926 [DEBUG]  STREAM b'IHDR' 16 13
2024-09-09 11:50:45,926 [DEBUG]  STREAM b'IDAT' 41 65536
2024-09-09 11:50:45,930 [DEBUG]  STREAM b'IHDR' 16 13
2024-09-09 11:50:45,930 [DEBUG]  STREAM b'IDAT' 41 65536
2024-09-09 11:50:45,936 [DEBUG]  STREAM b'IHDR' 16 13
2024-09-09 11:50:45,936 [DEBUG]  STREAM b'IDAT' 41 65536
2024-09-09 11:50:45,940 [DEBUG]  STREAM b'IHDR' 16 13
2024-09-09 11:50:45,940 [DEBUG]  STREAM b'IDAT' 41 65536
2024-09-09 11:50:45,945 [DEBUG]  STREAM b'IHDR' 16 13
2024-09-09 11:50:45,945 [DEBUG]  STREAM b'IDAT' 41 65536
2024-09-09 11:50:45,949 [DEBUG]  STREAM b'IHDR' 16 13
2024-09-09 11:50:45,949 [DEBUG]  STREAM b'IDAT' 41 65536
2024-09-09 11:50:45,954 [DEBUG]  STREAM b'IHDR' 16 13
2024-09-09 11:50:45,954 [DEBUG]  STREAM b'IDAT' 41 65536
2024-09-09 11:50:45,959 [DEBUG]  STREAM b'IHDR' 16 13
2024-09-09 11:50:45,959 [DEBUG]  STREAM b'IDAT' 41 65536
2024-09-09 11:50:45,963 [DEBUG]  STREAM b'IHDR' 16 13
2024-09-09 11:50:45,963 [DEBUG]  STREAM b'IDAT' 41 65536
2024-09-09 11:50:45,968 [DEBUG]  STREAM b'IHDR' 16 13
2024-09-09 11:50:45,968 [DEBUG]  STREAM b'IDAT' 41 65536
2024-09-09 11:50:45,973 [DEBUG]  STREAM b'IHDR' 16 13
2024-09-09 11:50:45,973 [DEBUG]  STREAM b'IDAT' 41 65536
2024-09-09 11:50:45,978 [DEBUG]  STREAM b'IHDR' 16 13
2024-09-09 11:50:45,978 [DEBUG]  STREAM b'IDAT' 41 65536
2024-09-09 11:50:45,982 [DEBUG]  STREAM b'IHDR' 16 13
2024-09-09 11:50:45,982 [DEBUG]  STREAM b'IDAT' 41 65536
2024-09-09 11:50:45,986 [DEBUG]  STREAM b'IHDR' 16 13
2024-09-09 11:50:45,986 [DEBUG]  STREAM b'IDAT' 41 65536
2024-09-09 11:50:45,991 [DEBUG]  STREAM b'IHDR' 16 13
2024-09-09 11:50:45,991 [DEBUG]  STREAM b'IDAT' 41 65536
2024-09-09 11:50:45,996 [DEBUG]  STREAM b'IHDR' 16 13
2024-09-09 11:50:45,996 [DEBUG]  STREAM b'IDAT' 41 65536
2024-09-09 11:50:46,000 [DEBUG]  STREAM b'IHDR' 16 13
2024-09-09 11:50:46,000 [DEBUG]  STREAM b'IDAT' 41 65536
2024-09-09 11:50:46,005 [DEBUG]  STREAM b'IHDR' 16 13
2024-09-09 11:50:46,005 [DEBUG]  STREAM b'IDAT' 41 65536
2024-09-09 11:50:46,011 [DEBUG]  STREAM b'IHDR' 16 13
2024-09-09 11:50:46,011 [DEBUG]  STREAM b'IDAT' 41 65536
2024-09-09 11:50:46,015 [DEBUG]  STREAM b'IHDR' 16 13
2024-09-09 11:50:46,015 [DEBUG]  STREAM b'IDAT' 41 65536
2024-09-09 11:50:46,019 [DEBUG]  STREAM b'IHDR' 16 13
2024-09-09 11:50:46,019 [DEBUG]  STREAM b'IDAT' 41 65536
2024-09-09 11:50:46,023 [DEBUG]  STREAM b'IHDR' 16 13
2024-09-09 11:50:46,023 [DEBUG]  STREAM b'IDAT' 41 65536
2024-09-09 11:50:46,028 [DEBUG]  STREAM b'IHDR' 16 13
2024-09-09 11:50:46,028 [DEBUG]  STREAM b'IDAT' 41 65536
2024-09-09 11:50:46,033 [DEBUG]  STREAM b'IHDR' 16 13
2024-09-09 11:50:46,033 [DEBUG]  STREAM b'IDAT' 41 65536
2024-09-09 11:50:46,037 [DEBUG]  STREAM b'IHDR' 16 13
2024-09-09 11:50:46,037 [DEBUG]  STREAM b'IDAT' 41 65536
2024-09-09 11:50:46,041 [DEBUG]  STREAM b'IHDR' 16 13
2024-09-09 11:50:46,041 [DEBUG]  STREAM b'IDAT' 41 65536
2024-09-09 11:50:46,046 [DEBUG]  STREAM b'IHDR' 16 13
2024-09-09 11:50:46,046 [DEBUG]  STREAM b'IDAT' 41 65536
2024-09-09 11:50:46,050 [DEBUG]  STREAM b'IHDR' 16 13
2024-09-09 11:50:46,050 [DEBUG]  STREAM b'IDAT' 41 65536
2024-09-09 11:50:46,054 [DEBUG]  STREAM b'IHDR' 16 13
2024-09-09 11:50:46,054 [DEBUG]  STREAM b'IDAT' 41 65536
2024-09-09 11:50:46,058 [DEBUG]  STREAM b'IHDR' 16 13
2024-09-09 11:50:46,058 [DEBUG]  STREAM b'IDAT' 41 65536
2024-09-09 11:50:46,068 [DEBUG]  GraphTrial.log 1011.608 visit state = 0
2024-09-09 11:50:46,074 [DEBUG]  GraphTrial.log 1011.614 start flip_time = 1011.6132357500001
2024-09-09 11:50:46,078 [DEBUG]  GraphTrial.log 1011.618 get move selected = 5
2024-09-09 11:50:46,733 [DEBUG]  GraphTrial.log 1012.273 switch selected = 4
2024-09-09 11:50:47,157 [DEBUG]  GraphTrial.log 1012.697 switch selected = 5
2024-09-09 11:50:47,828 [DEBUG]  GraphTrial.log 1013.368 select selected = 5
2024-09-09 11:50:47,828 [DEBUG]  GraphTrial.log 1013.368 visit state = 5
2024-09-09 11:50:47,837 [DEBUG]  GraphTrial.log 1013.377 get move selected = 10
2024-09-09 11:50:48,253 [DEBUG]  GraphTrial.log 1013.793 switch selected = 1
2024-09-09 11:50:48,676 [DEBUG]  GraphTrial.log 1014.216 select selected = 1
2024-09-09 11:50:48,676 [DEBUG]  GraphTrial.log 1014.216 visit state = 1
2024-09-09 11:50:50,544 [DEBUG]  GraphTrial.log 1016.083 done 
2024-09-09 11:50:50,544 [INFO]  end trial [{"time": 1009.097470541667, "event": "begin drift_check"}, {"time": 1011.2500688333334, "event": "initialize", "status": null}, {"time": 1011.2503798333332, "event": "start recording"}, {"time": 1011.376544875, "event": "show graph"}, {"time": 1011.607800291667, "event": "visit", "state": 0}, {"time": 1011.613548041667, "event": "start", "flip_time": 1011.6132357500001}, {"time": 1011.6183214583334, "event": "get move", "selected": 5}, {"time": 1012.2730419166669, "event": "switch", "selected": 4}, {"time": 1012.6967408333335, "event": "switch", "selected": 5}, {"time": 1013.3680759999997, "event": "select", "selected": 5}, {"time": 1013.3681441666668, "event": "visit", "state": 5}, {"time": 1013.3765687499999, "event": "get move", "selected": 10}, {"time": 1013.7927594166667, "event": "switch", "selected": 1}, {"time": 1014.2160739999999, "event": "select", "selected": 1}, {"time": 1014.2161387083333, "event": "visit", "state": 1}, {"time": 1016.0834449583335, "event": "done"}]
2024-09-09 11:50:50,544 [INFO]  stop_recording
2024-09-09 11:50:51,063 [INFO]  gt.status is None
2024-09-09 11:50:51,063 [DEBUG]  add bonus points 7 (total = 347)
2024-09-09 11:50:51,063 [INFO]  Trial 72 of 260
2024-09-09 11:50:51,869 [INFO]  begin trial {"kind": "GraphTrial", "graph": [[], [10, 7], [], [], [3, 0], [9, 2], [1, 4], [], [5, 9], [], []], "rewards": [4, -1, 1, -3, 0, -2, null, 2, -4, 1, -3], "reward_info": {"-4": {"desc": "pattern_1", "image": "images[0]"}, "-3": {"desc": "pattern_2", "image": "images[1]"}, "-2": {"desc": "pattern_3", "image": "images[2]"}, "-1": {"desc": "pattern_4", "image": "images[3]"}, "0": {"desc": "pattern_5", "image": "images[4]"}, "1": {"desc": "pattern_6", "image": "images[5]"}, "2": {"desc": "pattern_7", "image": "images[6]"}, "3": {"desc": "pattern_8", "image": "images[7]"}, "4": {"desc": "pattern_9", "image": "images[8]"}}, "initial_stage": "planning", "hide_states": false, "hide_rewards_while_acting": false, "hide_edges_while_acting": false, "gaze_contingent": false, "gaze_tolerance": 1.5, "fixation_lag": 0.5, "start": 6}
2024-09-09 11:50:51,869 [INFO]  <eyetracking.EyeLink object at 0x3177c5370>
2024-09-09 11:50:51,869 [DEBUG]  GraphTrial.log 1017.409 begin drift_check 
2024-09-09 11:50:54,061 [INFO]  escape in drift correct
2024-09-09 11:50:59,628 [INFO]  drift check keys ['c']
2024-09-09 11:51:14,523 [INFO]  escape in drift correct
2024-09-09 11:51:18,580 [INFO]  drift check keys ['c']
2024-09-09 11:51:25,617 [DEBUG]  GraphTrial.log 1051.156 initialize status = ok
2024-09-09 11:51:25,617 [DEBUG]  GraphTrial.log 1051.157 start recording 
2024-09-09 11:51:25,618 [INFO]  start_recording
2024-09-09 11:51:26,965 [DEBUG]  GraphTrial.log 1052.505 show graph 
2024-09-09 11:51:26,974 [DEBUG]  STREAM b'IHDR' 16 13
2024-09-09 11:51:26,974 [DEBUG]  STREAM b'IDAT' 41 65536
2024-09-09 11:51:26,988 [DEBUG]  STREAM b'IHDR' 16 13
2024-09-09 11:51:26,988 [DEBUG]  STREAM b'IDAT' 41 65536
2024-09-09 11:51:26,998 [DEBUG]  STREAM b'IHDR' 16 13
2024-09-09 11:51:26,998 [DEBUG]  STREAM b'IDAT' 41 65536
2024-09-09 11:51:27,006 [DEBUG]  STREAM b'IHDR' 16 13
2024-09-09 11:51:27,007 [DEBUG]  STREAM b'IDAT' 41 65536
2024-09-09 11:51:27,017 [DEBUG]  STREAM b'IHDR' 16 13
2024-09-09 11:51:27,017 [DEBUG]  STREAM b'IDAT' 41 65536
2024-09-09 11:51:27,023 [DEBUG]  STREAM b'IHDR' 16 13
2024-09-09 11:51:27,023 [DEBUG]  STREAM b'IDAT' 41 65536
2024-09-09 11:51:27,028 [DEBUG]  STREAM b'IHDR' 16 13
2024-09-09 11:51:27,028 [DEBUG]  STREAM b'IDAT' 41 65536
2024-09-09 11:51:27,033 [DEBUG]  STREAM b'IHDR' 16 13
2024-09-09 11:51:27,034 [DEBUG]  STREAM b'IDAT' 41 65536
2024-09-09 11:51:27,041 [DEBUG]  STREAM b'IHDR' 16 13
2024-09-09 11:51:27,041 [DEBUG]  STREAM b'IDAT' 41 65536
2024-09-09 11:51:27,046 [DEBUG]  STREAM b'IHDR' 16 13
2024-09-09 11:51:27,046 [DEBUG]  STREAM b'IDAT' 41 65536
2024-09-09 11:51:27,051 [DEBUG]  STREAM b'IHDR' 16 13
2024-09-09 11:51:27,051 [DEBUG]  STREAM b'IDAT' 41 65536
2024-09-09 11:51:27,055 [DEBUG]  STREAM b'IHDR' 16 13
2024-09-09 11:51:27,055 [DEBUG]  STREAM b'IDAT' 41 65536
2024-09-09 11:51:27,061 [DEBUG]  STREAM b'IHDR' 16 13
2024-09-09 11:51:27,061 [DEBUG]  STREAM b'IDAT' 41 65536
2024-09-09 11:51:27,066 [DEBUG]  STREAM b'IHDR' 16 13
2024-09-09 11:51:27,066 [DEBUG]  STREAM b'IDAT' 41 65536
2024-09-09 11:51:27,070 [DEBUG]  STREAM b'IHDR' 16 13
2024-09-09 11:51:27,070 [DEBUG]  STREAM b'IDAT' 41 65536
2024-09-09 11:51:27,074 [DEBUG]  STREAM b'IHDR' 16 13
2024-09-09 11:51:27,074 [DEBUG]  STREAM b'IDAT' 41 65536
2024-09-09 11:51:27,080 [DEBUG]  STREAM b'IHDR' 16 13
2024-09-09 11:51:27,080 [DEBUG]  STREAM b'IDAT' 41 65536
2024-09-09 11:51:27,084 [DEBUG]  STREAM b'IHDR' 16 13
2024-09-09 11:51:27,084 [DEBUG]  STREAM b'IDAT' 41 65536
2024-09-09 11:51:27,088 [DEBUG]  STREAM b'IHDR' 16 13
2024-09-09 11:51:27,088 [DEBUG]  STREAM b'IDAT' 41 65536
2024-09-09 11:51:27,092 [DEBUG]  STREAM b'IHDR' 16 13
2024-09-09 11:51:27,092 [DEBUG]  STREAM b'IDAT' 41 65536
2024-09-09 11:51:27,098 [DEBUG]  STREAM b'IHDR' 16 13
2024-09-09 11:51:27,098 [DEBUG]  STREAM b'IDAT' 41 65536
2024-09-09 11:51:27,102 [DEBUG]  STREAM b'IHDR' 16 13
2024-09-09 11:51:27,102 [DEBUG]  STREAM b'IDAT' 41 65536
2024-09-09 11:51:27,107 [DEBUG]  STREAM b'IHDR' 16 13
2024-09-09 11:51:27,107 [DEBUG]  STREAM b'IDAT' 41 65536
2024-09-09 11:51:27,111 [DEBUG]  STREAM b'IHDR' 16 13
2024-09-09 11:51:27,111 [DEBUG]  STREAM b'IDAT' 41 65536
2024-09-09 11:51:27,117 [DEBUG]  STREAM b'IHDR' 16 13
2024-09-09 11:51:27,117 [DEBUG]  STREAM b'IDAT' 41 65536
2024-09-09 11:51:27,122 [DEBUG]  STREAM b'IHDR' 16 13
2024-09-09 11:51:27,122 [DEBUG]  STREAM b'IDAT' 41 65536
2024-09-09 11:51:27,126 [DEBUG]  STREAM b'IHDR' 16 13
2024-09-09 11:51:27,126 [DEBUG]  STREAM b'IDAT' 41 65536
2024-09-09 11:51:27,130 [DEBUG]  STREAM b'IHDR' 16 13
2024-09-09 11:51:27,130 [DEBUG]  STREAM b'IDAT' 41 65536
2024-09-09 11:51:27,136 [DEBUG]  STREAM b'IHDR' 16 13
2024-09-09 11:51:27,136 [DEBUG]  STREAM b'IDAT' 41 65536
2024-09-09 11:51:27,141 [DEBUG]  STREAM b'IHDR' 16 13
2024-09-09 11:51:27,141 [DEBUG]  STREAM b'IDAT' 41 65536
2024-09-09 11:51:27,145 [DEBUG]  STREAM b'IHDR' 16 13
2024-09-09 11:51:27,145 [DEBUG]  STREAM b'IDAT' 41 65536
2024-09-09 11:51:27,149 [DEBUG]  STREAM b'IHDR' 16 13
2024-09-09 11:51:27,149 [DEBUG]  STREAM b'IDAT' 41 65536
2024-09-09 11:51:27,154 [DEBUG]  STREAM b'IHDR' 16 13
2024-09-09 11:51:27,154 [DEBUG]  STREAM b'IDAT' 41 65536
2024-09-09 11:51:27,158 [DEBUG]  STREAM b'IHDR' 16 13
2024-09-09 11:51:27,158 [DEBUG]  STREAM b'IDAT' 41 65536
2024-09-09 11:51:27,162 [DEBUG]  STREAM b'IHDR' 16 13
2024-09-09 11:51:27,163 [DEBUG]  STREAM b'IDAT' 41 65536
2024-09-09 11:51:27,167 [DEBUG]  STREAM b'IHDR' 16 13
2024-09-09 11:51:27,167 [DEBUG]  STREAM b'IDAT' 41 65536
2024-09-09 11:51:27,172 [DEBUG]  STREAM b'IHDR' 16 13
2024-09-09 11:51:27,172 [DEBUG]  STREAM b'IDAT' 41 65536
2024-09-09 11:51:27,176 [DEBUG]  STREAM b'IHDR' 16 13
2024-09-09 11:51:27,176 [DEBUG]  STREAM b'IDAT' 41 65536
2024-09-09 11:51:27,180 [DEBUG]  STREAM b'IHDR' 16 13
2024-09-09 11:51:27,180 [DEBUG]  STREAM b'IDAT' 41 65536
2024-09-09 11:51:27,184 [DEBUG]  STREAM b'IHDR' 16 13
2024-09-09 11:51:27,184 [DEBUG]  STREAM b'IDAT' 41 65536
2024-09-09 11:51:27,194 [DEBUG]  GraphTrial.log 1052.734 visit state = 6
2024-09-09 11:51:27,202 [DEBUG]  GraphTrial.log 1052.742 start flip_time = 1052.7417578749996
2024-09-09 11:51:27,208 [DEBUG]  GraphTrial.log 1052.748 get move selected = 4
2024-09-09 11:51:33,342 [DEBUG]  GraphTrial.log 1058.881 switch selected = 1
2024-09-09 11:51:34,159 [DEBUG]  GraphTrial.log 1059.699 switch selected = 4
2024-09-09 11:51:36,317 [DEBUG]  GraphTrial.log 1061.856 select selected = 4
2024-09-09 11:51:36,317 [DEBUG]  GraphTrial.log 1061.856 visit state = 4
2024-09-09 11:51:36,331 [DEBUG]  GraphTrial.log 1061.871 get move selected = 0
2024-09-09 11:51:36,764 [DEBUG]  GraphTrial.log 1062.304 select selected = 0
2024-09-09 11:51:36,765 [DEBUG]  GraphTrial.log 1062.304 visit state = 0
2024-09-09 11:51:38,609 [DEBUG]  GraphTrial.log 1064.148 done 
2024-09-09 11:51:38,609 [INFO]  end trial [{"time": 1017.4087933749997, "event": "begin drift_check"}, {"time": 1051.1562767916666, "event": "initialize", "status": "ok"}, {"time": 1051.15708125, "event": "start recording"}, {"time": 1052.504808291667, "event": "show graph"}, {"time": 1052.7336818333333, "event": "visit", "state": 6}, {"time": 1052.7417653749999, "event": "start", "flip_time": 1052.7417578749996}, {"time": 1052.7475584583335, "event": "get move", "selected": 4}, {"time": 1058.8812960416667, "event": "switch", "selected": 1}, {"time": 1059.6991818749998, "event": "switch", "selected": 4}, {"time": 1061.8563612916669, "event": "select", "selected": 4}, {"time": 1061.8564405833336, "event": "visit", "state": 4}, {"time": 1061.8707663333334, "event": "get move", "selected": 0}, {"time": 1062.304196, "event": "select", "selected": 0}, {"time": 1062.3042618749996, "event": "visit", "state": 0}, {"time": 1064.14846575, "event": "done"}]
2024-09-09 11:51:38,609 [INFO]  stop_recording
2024-09-09 11:51:39,128 [INFO]  gt.status is ok
2024-09-09 11:51:39,129 [DEBUG]  add bonus points 4 (total = 351)
2024-09-09 11:51:39,129 [INFO]  Trial 73 of 260
2024-09-09 11:51:43,469 [INFO]  begin trial {"kind": "GraphTrial", "graph": [[], [3], [9, 7], [], [], [10, 1], [], [], [6], [7, 8], [4, 0]], "rewards": [4, -2, 1, -2, -3, null, 0, -4, 4, -3, 1], "reward_info": {"-4": {"desc": "pattern_1", "image": "images[0]"}, "-3": {"desc": "pattern_2", "image": "images[1]"}, "-2": {"desc": "pattern_3", "image": "images[2]"}, "-1": {"desc": "pattern_4", "image": "images[3]"}, "0": {"desc": "pattern_5", "image": "images[4]"}, "1": {"desc": "pattern_6", "image": "images[5]"}, "2": {"desc": "pattern_7", "image": "images[6]"}, "3": {"desc": "pattern_8", "image": "images[7]"}, "4": {"desc": "pattern_9", "image": "images[8]"}}, "initial_stage": "planning", "hide_states": false, "hide_rewards_while_acting": false, "hide_edges_while_acting": false, "gaze_contingent": false, "gaze_tolerance": 1.5, "fixation_lag": 0.5, "start": 5}
2024-09-09 11:51:43,469 [INFO]  <eyetracking.EyeLink object at 0x3177c5370>
2024-09-09 11:51:43,469 [DEBUG]  GraphTrial.log 1069.009 begin drift_check 
2024-09-09 11:52:06,394 [DEBUG]  GraphTrial.log 1091.934 initialize status = None
2024-09-09 11:52:06,394 [DEBUG]  GraphTrial.log 1091.934 start recording 
2024-09-09 11:52:06,394 [INFO]  start_recording
2024-09-09 11:52:07,439 [DEBUG]  GraphTrial.log 1092.978 show graph 
2024-09-09 11:52:07,447 [DEBUG]  STREAM b'IHDR' 16 13
2024-09-09 11:52:07,448 [DEBUG]  STREAM b'IDAT' 41 65536
2024-09-09 11:52:07,461 [DEBUG]  STREAM b'IHDR' 16 13
2024-09-09 11:52:07,461 [DEBUG]  STREAM b'IDAT' 41 65536
2024-09-09 11:52:07,472 [DEBUG]  STREAM b'IHDR' 16 13
2024-09-09 11:52:07,472 [DEBUG]  STREAM b'IDAT' 41 65536
2024-09-09 11:52:07,480 [DEBUG]  STREAM b'IHDR' 16 13
2024-09-09 11:52:07,480 [DEBUG]  STREAM b'IDAT' 41 65536
2024-09-09 11:52:07,490 [DEBUG]  STREAM b'IHDR' 16 13
2024-09-09 11:52:07,490 [DEBUG]  STREAM b'IDAT' 41 65536
2024-09-09 11:52:07,496 [DEBUG]  STREAM b'IHDR' 16 13
2024-09-09 11:52:07,496 [DEBUG]  STREAM b'IDAT' 41 65536
2024-09-09 11:52:07,502 [DEBUG]  STREAM b'IHDR' 16 13
2024-09-09 11:52:07,502 [DEBUG]  STREAM b'IDAT' 41 65536
2024-09-09 11:52:07,507 [DEBUG]  STREAM b'IHDR' 16 13
2024-09-09 11:52:07,507 [DEBUG]  STREAM b'IDAT' 41 65536
2024-09-09 11:52:07,514 [DEBUG]  STREAM b'IHDR' 16 13
2024-09-09 11:52:07,514 [DEBUG]  STREAM b'IDAT' 41 65536
2024-09-09 11:52:07,519 [DEBUG]  STREAM b'IHDR' 16 13
2024-09-09 11:52:07,519 [DEBUG]  STREAM b'IDAT' 41 65536
2024-09-09 11:52:07,523 [DEBUG]  STREAM b'IHDR' 16 13
2024-09-09 11:52:07,523 [DEBUG]  STREAM b'IDAT' 41 65536
2024-09-09 11:52:07,528 [DEBUG]  STREAM b'IHDR' 16 13
2024-09-09 11:52:07,528 [DEBUG]  STREAM b'IDAT' 41 65536
2024-09-09 11:52:07,534 [DEBUG]  STREAM b'IHDR' 16 13
2024-09-09 11:52:07,534 [DEBUG]  STREAM b'IDAT' 41 65536
2024-09-09 11:52:07,538 [DEBUG]  STREAM b'IHDR' 16 13
2024-09-09 11:52:07,538 [DEBUG]  STREAM b'IDAT' 41 65536
2024-09-09 11:52:07,543 [DEBUG]  STREAM b'IHDR' 16 13
2024-09-09 11:52:07,543 [DEBUG]  STREAM b'IDAT' 41 65536
2024-09-09 11:52:07,547 [DEBUG]  STREAM b'IHDR' 16 13
2024-09-09 11:52:07,547 [DEBUG]  STREAM b'IDAT' 41 65536
2024-09-09 11:52:07,552 [DEBUG]  STREAM b'IHDR' 16 13
2024-09-09 11:52:07,552 [DEBUG]  STREAM b'IDAT' 41 65536
2024-09-09 11:52:07,556 [DEBUG]  STREAM b'IHDR' 16 13
2024-09-09 11:52:07,556 [DEBUG]  STREAM b'IDAT' 41 65536
2024-09-09 11:52:07,561 [DEBUG]  STREAM b'IHDR' 16 13
2024-09-09 11:52:07,561 [DEBUG]  STREAM b'IDAT' 41 65536
2024-09-09 11:52:07,565 [DEBUG]  STREAM b'IHDR' 16 13
2024-09-09 11:52:07,565 [DEBUG]  STREAM b'IDAT' 41 65536
2024-09-09 11:52:07,571 [DEBUG]  STREAM b'IHDR' 16 13
2024-09-09 11:52:07,571 [DEBUG]  STREAM b'IDAT' 41 65536
2024-09-09 11:52:07,576 [DEBUG]  STREAM b'IHDR' 16 13
2024-09-09 11:52:07,576 [DEBUG]  STREAM b'IDAT' 41 65536
2024-09-09 11:52:07,580 [DEBUG]  STREAM b'IHDR' 16 13
2024-09-09 11:52:07,580 [DEBUG]  STREAM b'IDAT' 41 65536
2024-09-09 11:52:07,584 [DEBUG]  STREAM b'IHDR' 16 13
2024-09-09 11:52:07,584 [DEBUG]  STREAM b'IDAT' 41 65536
2024-09-09 11:52:07,589 [DEBUG]  STREAM b'IHDR' 16 13
2024-09-09 11:52:07,589 [DEBUG]  STREAM b'IDAT' 41 65536
2024-09-09 11:52:07,594 [DEBUG]  STREAM b'IHDR' 16 13
2024-09-09 11:52:07,594 [DEBUG]  STREAM b'IDAT' 41 65536
2024-09-09 11:52:07,598 [DEBUG]  STREAM b'IHDR' 16 13
2024-09-09 11:52:07,598 [DEBUG]  STREAM b'IDAT' 41 65536
2024-09-09 11:52:07,602 [DEBUG]  STREAM b'IHDR' 16 13
2024-09-09 11:52:07,602 [DEBUG]  STREAM b'IDAT' 41 65536
2024-09-09 11:52:07,607 [DEBUG]  STREAM b'IHDR' 16 13
2024-09-09 11:52:07,607 [DEBUG]  STREAM b'IDAT' 41 65536
2024-09-09 11:52:07,612 [DEBUG]  STREAM b'IHDR' 16 13
2024-09-09 11:52:07,612 [DEBUG]  STREAM b'IDAT' 41 65536
2024-09-09 11:52:07,616 [DEBUG]  STREAM b'IHDR' 16 13
2024-09-09 11:52:07,617 [DEBUG]  STREAM b'IDAT' 41 65536
2024-09-09 11:52:07,621 [DEBUG]  STREAM b'IHDR' 16 13
2024-09-09 11:52:07,621 [DEBUG]  STREAM b'IDAT' 41 65536
2024-09-09 11:52:07,627 [DEBUG]  STREAM b'IHDR' 16 13
2024-09-09 11:52:07,627 [DEBUG]  STREAM b'IDAT' 41 65536
2024-09-09 11:52:07,631 [DEBUG]  STREAM b'IHDR' 16 13
2024-09-09 11:52:07,631 [DEBUG]  STREAM b'IDAT' 41 65536
2024-09-09 11:52:07,635 [DEBUG]  STREAM b'IHDR' 16 13
2024-09-09 11:52:07,635 [DEBUG]  STREAM b'IDAT' 41 65536
2024-09-09 11:52:07,639 [DEBUG]  STREAM b'IHDR' 16 13
2024-09-09 11:52:07,639 [DEBUG]  STREAM b'IDAT' 41 65536
2024-09-09 11:52:07,645 [DEBUG]  STREAM b'IHDR' 16 13
2024-09-09 11:52:07,645 [DEBUG]  STREAM b'IDAT' 41 65536
2024-09-09 11:52:07,649 [DEBUG]  STREAM b'IHDR' 16 13
2024-09-09 11:52:07,649 [DEBUG]  STREAM b'IDAT' 41 65536
2024-09-09 11:52:07,653 [DEBUG]  STREAM b'IHDR' 16 13
2024-09-09 11:52:07,653 [DEBUG]  STREAM b'IDAT' 41 65536
2024-09-09 11:52:07,657 [DEBUG]  STREAM b'IHDR' 16 13
2024-09-09 11:52:07,657 [DEBUG]  STREAM b'IDAT' 41 65536
2024-09-09 11:52:07,667 [DEBUG]  GraphTrial.log 1093.206 visit state = 5
2024-09-09 11:52:07,675 [DEBUG]  GraphTrial.log 1093.214 start flip_time = 1093.2142327083334
2024-09-09 11:52:07,680 [DEBUG]  GraphTrial.log 1093.220 get move selected = 1
2024-09-09 11:52:12,990 [DEBUG]  GraphTrial.log 1098.529 switch selected = 10
2024-09-09 11:52:13,693 [DEBUG]  GraphTrial.log 1099.233 switch selected = 1
2024-09-09 11:52:14,813 [DEBUG]  GraphTrial.log 1100.353 switch selected = 10
2024-09-09 11:52:15,613 [DEBUG]  GraphTrial.log 1101.152 select selected = 10
2024-09-09 11:52:15,613 [DEBUG]  GraphTrial.log 1101.152 visit state = 10
2024-09-09 11:52:15,622 [DEBUG]  GraphTrial.log 1101.162 get move selected = 4
2024-09-09 11:52:16,181 [DEBUG]  GraphTrial.log 1101.721 switch selected = 0
2024-09-09 11:52:16,661 [DEBUG]  GraphTrial.log 1102.200 select selected = 0
2024-09-09 11:52:16,661 [DEBUG]  GraphTrial.log 1102.200 visit state = 0
2024-09-09 11:52:18,542 [DEBUG]  GraphTrial.log 1104.082 done 
2024-09-09 11:52:18,542 [INFO]  end trial [{"time": 1069.008825041667, "event": "begin drift_check"}, {"time": 1091.9335242499997, "event": "initialize", "status": null}, {"time": 1091.9337148749996, "event": "start recording"}, {"time": 1092.9784722083332, "event": "show graph"}, {"time": 1093.2062403749997, "event": "visit", "state": 5}, {"time": 1093.2142477499997, "event": "start", "flip_time": 1093.2142327083334}, {"time": 1093.2198692499996, "event": "get move", "selected": 1}, {"time": 1098.5293429166668, "event": "switch", "selected": 10}, {"time": 1099.233003041667, "event": "switch", "selected": 1}, {"time": 1100.3527881249997, "event": "switch", "selected": 10}, {"time": 1101.1524322083333, "event": "select", "selected": 10}, {"time": 1101.15249925, "event": "visit", "state": 10}, {"time": 1101.1616467083331, "event": "get move", "selected": 4}, {"time": 1101.7206130416666, "event": "switch", "selected": 0}, {"time": 1102.2001881249998, "event": "select", "selected": 0}, {"time": 1102.2002542083333, "event": "visit", "state": 0}, {"time": 1104.0817104166667, "event": "done"}]
2024-09-09 11:52:18,542 [INFO]  stop_recording
2024-09-09 11:52:19,060 [INFO]  gt.status is None
2024-09-09 11:52:19,060 [DEBUG]  add bonus points 5 (total = 356)
2024-09-09 11:52:19,060 [INFO]  Trial 74 of 260
2024-09-09 11:52:21,461 [INFO]  begin trial {"kind": "GraphTrial", "graph": [[], [8, 5], [9, 3], [0], [], [], [10], [], [5, 6], [7, 4], []], "rewards": [-3, 2, null, 2, 3, -1, 4, -3, 1, 4, -3], "reward_info": {"-4": {"desc": "pattern_1", "image": "images[0]"}, "-3": {"desc": "pattern_2", "image": "images[1]"}, "-2": {"desc": "pattern_3", "image": "images[2]"}, "-1": {"desc": "pattern_4", "image": "images[3]"}, "0": {"desc": "pattern_5", "image": "images[4]"}, "1": {"desc": "pattern_6", "image": "images[5]"}, "2": {"desc": "pattern_7", "image": "images[6]"}, "3": {"desc": "pattern_8", "image": "images[7]"}, "4": {"desc": "pattern_9", "image": "images[8]"}}, "initial_stage": "planning", "hide_states": false, "hide_rewards_while_acting": false, "hide_edges_while_acting": false, "gaze_contingent": false, "gaze_tolerance": 1.5, "fixation_lag": 0.5, "start": 2}
2024-09-09 11:52:21,461 [INFO]  <eyetracking.EyeLink object at 0x3177c5370>
2024-09-09 11:52:21,461 [DEBUG]  GraphTrial.log 1107.001 begin drift_check 
2024-09-09 11:52:26,595 [DEBUG]  GraphTrial.log 1112.134 initialize status = None
2024-09-09 11:52:26,595 [DEBUG]  GraphTrial.log 1112.135 start recording 
2024-09-09 11:52:26,596 [INFO]  start_recording
2024-09-09 11:52:27,949 [DEBUG]  GraphTrial.log 1113.488 show graph 
2024-09-09 11:52:27,957 [DEBUG]  STREAM b'IHDR' 16 13
2024-09-09 11:52:27,957 [DEBUG]  STREAM b'IDAT' 41 65536
2024-09-09 11:52:27,970 [DEBUG]  STREAM b'IHDR' 16 13
2024-09-09 11:52:27,970 [DEBUG]  STREAM b'IDAT' 41 65536
2024-09-09 11:52:27,980 [DEBUG]  STREAM b'IHDR' 16 13
2024-09-09 11:52:27,980 [DEBUG]  STREAM b'IDAT' 41 65536
2024-09-09 11:52:27,988 [DEBUG]  STREAM b'IHDR' 16 13
2024-09-09 11:52:27,988 [DEBUG]  STREAM b'IDAT' 41 65536
2024-09-09 11:52:27,998 [DEBUG]  STREAM b'IHDR' 16 13
2024-09-09 11:52:27,998 [DEBUG]  STREAM b'IDAT' 41 65536
2024-09-09 11:52:28,004 [DEBUG]  STREAM b'IHDR' 16 13
2024-09-09 11:52:28,004 [DEBUG]  STREAM b'IDAT' 41 65536
2024-09-09 11:52:28,010 [DEBUG]  STREAM b'IHDR' 16 13
2024-09-09 11:52:28,010 [DEBUG]  STREAM b'IDAT' 41 65536
2024-09-09 11:52:28,016 [DEBUG]  STREAM b'IHDR' 16 13
2024-09-09 11:52:28,016 [DEBUG]  STREAM b'IDAT' 41 65536
2024-09-09 11:52:28,024 [DEBUG]  STREAM b'IHDR' 16 13
2024-09-09 11:52:28,024 [DEBUG]  STREAM b'IDAT' 41 65536
2024-09-09 11:52:28,029 [DEBUG]  STREAM b'IHDR' 16 13
2024-09-09 11:52:28,029 [DEBUG]  STREAM b'IDAT' 41 65536
2024-09-09 11:52:28,034 [DEBUG]  STREAM b'IHDR' 16 13
2024-09-09 11:52:28,034 [DEBUG]  STREAM b'IDAT' 41 65536
2024-09-09 11:52:28,039 [DEBUG]  STREAM b'IHDR' 16 13
2024-09-09 11:52:28,039 [DEBUG]  STREAM b'IDAT' 41 65536
2024-09-09 11:52:28,046 [DEBUG]  STREAM b'IHDR' 16 13
2024-09-09 11:52:28,046 [DEBUG]  STREAM b'IDAT' 41 65536
2024-09-09 11:52:28,051 [DEBUG]  STREAM b'IHDR' 16 13
2024-09-09 11:52:28,051 [DEBUG]  STREAM b'IDAT' 41 65536
2024-09-09 11:52:28,056 [DEBUG]  STREAM b'IHDR' 16 13
2024-09-09 11:52:28,056 [DEBUG]  STREAM b'IDAT' 41 65536
2024-09-09 11:52:28,061 [DEBUG]  STREAM b'IHDR' 16 13
2024-09-09 11:52:28,061 [DEBUG]  STREAM b'IDAT' 41 65536
2024-09-09 11:52:28,066 [DEBUG]  STREAM b'IHDR' 16 13
2024-09-09 11:52:28,067 [DEBUG]  STREAM b'IDAT' 41 65536
2024-09-09 11:52:28,071 [DEBUG]  STREAM b'IHDR' 16 13
2024-09-09 11:52:28,071 [DEBUG]  STREAM b'IDAT' 41 65536
2024-09-09 11:52:28,075 [DEBUG]  STREAM b'IHDR' 16 13
2024-09-09 11:52:28,075 [DEBUG]  STREAM b'IDAT' 41 65536
2024-09-09 11:52:28,079 [DEBUG]  STREAM b'IHDR' 16 13
2024-09-09 11:52:28,079 [DEBUG]  STREAM b'IDAT' 41 65536
2024-09-09 11:52:28,084 [DEBUG]  STREAM b'IHDR' 16 13
2024-09-09 11:52:28,084 [DEBUG]  STREAM b'IDAT' 41 65536
2024-09-09 11:52:28,089 [DEBUG]  STREAM b'IHDR' 16 13
2024-09-09 11:52:28,089 [DEBUG]  STREAM b'IDAT' 41 65536
2024-09-09 11:52:28,093 [DEBUG]  STREAM b'IHDR' 16 13
2024-09-09 11:52:28,093 [DEBUG]  STREAM b'IDAT' 41 65536
2024-09-09 11:52:28,098 [DEBUG]  STREAM b'IHDR' 16 13
2024-09-09 11:52:28,098 [DEBUG]  STREAM b'IDAT' 41 65536
2024-09-09 11:52:28,104 [DEBUG]  STREAM b'IHDR' 16 13
2024-09-09 11:52:28,104 [DEBUG]  STREAM b'IDAT' 41 65536
2024-09-09 11:52:28,108 [DEBUG]  STREAM b'IHDR' 16 13
2024-09-09 11:52:28,108 [DEBUG]  STREAM b'IDAT' 41 65536
2024-09-09 11:52:28,112 [DEBUG]  STREAM b'IHDR' 16 13
2024-09-09 11:52:28,112 [DEBUG]  STREAM b'IDAT' 41 65536
2024-09-09 11:52:28,116 [DEBUG]  STREAM b'IHDR' 16 13
2024-09-09 11:52:28,116 [DEBUG]  STREAM b'IDAT' 41 65536
2024-09-09 11:52:28,121 [DEBUG]  STREAM b'IHDR' 16 13
2024-09-09 11:52:28,121 [DEBUG]  STREAM b'IDAT' 41 65536
2024-09-09 11:52:28,126 [DEBUG]  STREAM b'IHDR' 16 13
2024-09-09 11:52:28,126 [DEBUG]  STREAM b'IDAT' 41 65536
2024-09-09 11:52:28,130 [DEBUG]  STREAM b'IHDR' 16 13
2024-09-09 11:52:28,130 [DEBUG]  STREAM b'IDAT' 41 65536
2024-09-09 11:52:28,134 [DEBUG]  STREAM b'IHDR' 16 13
2024-09-09 11:52:28,134 [DEBUG]  STREAM b'IDAT' 41 65536
2024-09-09 11:52:28,139 [DEBUG]  STREAM b'IHDR' 16 13
2024-09-09 11:52:28,139 [DEBUG]  STREAM b'IDAT' 41 65536
2024-09-09 11:52:28,144 [DEBUG]  STREAM b'IHDR' 16 13
2024-09-09 11:52:28,144 [DEBUG]  STREAM b'IDAT' 41 65536
2024-09-09 11:52:28,148 [DEBUG]  STREAM b'IHDR' 16 13
2024-09-09 11:52:28,148 [DEBUG]  STREAM b'IDAT' 41 65536
2024-09-09 11:52:28,153 [DEBUG]  STREAM b'IHDR' 16 13
2024-09-09 11:52:28,153 [DEBUG]  STREAM b'IDAT' 41 65536
2024-09-09 11:52:28,158 [DEBUG]  STREAM b'IHDR' 16 13
2024-09-09 11:52:28,158 [DEBUG]  STREAM b'IDAT' 41 65536
2024-09-09 11:52:28,163 [DEBUG]  STREAM b'IHDR' 16 13
2024-09-09 11:52:28,163 [DEBUG]  STREAM b'IDAT' 41 65536
2024-09-09 11:52:28,167 [DEBUG]  STREAM b'IHDR' 16 13
2024-09-09 11:52:28,167 [DEBUG]  STREAM b'IDAT' 41 65536
2024-09-09 11:52:28,171 [DEBUG]  STREAM b'IHDR' 16 13
2024-09-09 11:52:28,171 [DEBUG]  STREAM b'IDAT' 41 65536
2024-09-09 11:52:28,181 [DEBUG]  GraphTrial.log 1113.720 visit state = 2
2024-09-09 11:52:28,189 [DEBUG]  GraphTrial.log 1113.728 start flip_time = 1113.7279127083334
2024-09-09 11:52:28,194 [DEBUG]  GraphTrial.log 1113.734 get move selected = 3
2024-09-09 11:52:28,742 [DEBUG]  GraphTrial.log 1114.281 switch selected = 9
2024-09-09 11:52:34,645 [DEBUG]  GraphTrial.log 1120.185 select selected = 9
2024-09-09 11:52:34,645 [DEBUG]  GraphTrial.log 1120.185 visit state = 9
2024-09-09 11:52:34,656 [DEBUG]  GraphTrial.log 1120.196 get move selected = 4
2024-09-09 11:52:35,549 [DEBUG]  GraphTrial.log 1121.089 select selected = 4
2024-09-09 11:52:35,549 [DEBUG]  GraphTrial.log 1121.089 visit state = 4
2024-09-09 11:52:37,392 [DEBUG]  GraphTrial.log 1122.932 done 
2024-09-09 11:52:37,392 [INFO]  end trial [{"time": 1107.0007670416667, "event": "begin drift_check"}, {"time": 1112.1341390833331, "event": "initialize", "status": null}, {"time": 1112.1348643333336, "event": "start recording"}, {"time": 1113.488059416667, "event": "show graph"}, {"time": 1113.7200558333334, "event": "visit", "state": 2}, {"time": 1113.7281087916667, "event": "start", "flip_time": 1113.7279127083334}, {"time": 1113.7337643749997, "event": "get move", "selected": 3}, {"time": 1114.2812086249996, "event": "switch", "selected": 9}, {"time": 1120.1845813333334, "event": "select", "selected": 9}, {"time": 1120.1846499166668, "event": "visit", "state": 9}, {"time": 1120.1957209166667, "event": "get move", "selected": 4}, {"time": 1121.0885371249997, "event": "select", "selected": 4}, {"time": 1121.0886068749996, "event": "visit", "state": 4}, {"time": 1122.9316937499998, "event": "done"}]
2024-09-09 11:52:37,392 [INFO]  stop_recording
2024-09-09 11:52:37,910 [INFO]  gt.status is None
2024-09-09 11:52:37,910 [DEBUG]  add bonus points 7 (total = 363)
2024-09-09 11:52:37,911 [INFO]  Trial 75 of 260
2024-09-09 11:52:39,973 [INFO]  begin trial {"kind": "GraphTrial", "graph": [[3, 1], [], [9, 10], [], [5, 8], [8, 7], [0, 2], [], [], [], []], "rewards": [0, 2, 0, 4, 1, 3, null, -1, -2, -3, 1], "reward_info": {"-4": {"desc": "pattern_1", "image": "images[0]"}, "-3": {"desc": "pattern_2", "image": "images[1]"}, "-2": {"desc": "pattern_3", "image": "images[2]"}, "-1": {"desc": "pattern_4", "image": "images[3]"}, "0": {"desc": "pattern_5", "image": "images[4]"}, "1": {"desc": "pattern_6", "image": "images[5]"}, "2": {"desc": "pattern_7", "image": "images[6]"}, "3": {"desc": "pattern_8", "image": "images[7]"}, "4": {"desc": "pattern_9", "image": "images[8]"}}, "initial_stage": "planning", "hide_states": false, "hide_rewards_while_acting": false, "hide_edges_while_acting": false, "gaze_contingent": false, "gaze_tolerance": 1.5, "fixation_lag": 0.5, "start": 6}
2024-09-09 11:52:39,973 [INFO]  <eyetracking.EyeLink object at 0x3177c5370>
2024-09-09 11:52:39,973 [DEBUG]  GraphTrial.log 1125.513 begin drift_check 
2024-09-09 11:52:43,911 [DEBUG]  GraphTrial.log 1129.450 initialize status = None
2024-09-09 11:52:43,912 [DEBUG]  GraphTrial.log 1129.451 start recording 
2024-09-09 11:52:43,912 [INFO]  start_recording
2024-09-09 11:52:45,263 [DEBUG]  GraphTrial.log 1130.803 show graph 
2024-09-09 11:52:45,271 [DEBUG]  STREAM b'IHDR' 16 13
2024-09-09 11:52:45,272 [DEBUG]  STREAM b'IDAT' 41 65536
2024-09-09 11:52:45,284 [DEBUG]  STREAM b'IHDR' 16 13
2024-09-09 11:52:45,284 [DEBUG]  STREAM b'IDAT' 41 65536
2024-09-09 11:52:45,294 [DEBUG]  STREAM b'IHDR' 16 13
2024-09-09 11:52:45,294 [DEBUG]  STREAM b'IDAT' 41 65536
2024-09-09 11:52:45,302 [DEBUG]  STREAM b'IHDR' 16 13
2024-09-09 11:52:45,302 [DEBUG]  STREAM b'IDAT' 41 65536
2024-09-09 11:52:45,312 [DEBUG]  STREAM b'IHDR' 16 13
2024-09-09 11:52:45,312 [DEBUG]  STREAM b'IDAT' 41 65536
2024-09-09 11:52:45,319 [DEBUG]  STREAM b'IHDR' 16 13
2024-09-09 11:52:45,319 [DEBUG]  STREAM b'IDAT' 41 65536
2024-09-09 11:52:45,325 [DEBUG]  STREAM b'IHDR' 16 13
2024-09-09 11:52:45,325 [DEBUG]  STREAM b'IDAT' 41 65536
2024-09-09 11:52:45,330 [DEBUG]  STREAM b'IHDR' 16 13
2024-09-09 11:52:45,330 [DEBUG]  STREAM b'IDAT' 41 65536
2024-09-09 11:52:45,337 [DEBUG]  STREAM b'IHDR' 16 13
2024-09-09 11:52:45,337 [DEBUG]  STREAM b'IDAT' 41 65536
2024-09-09 11:52:45,342 [DEBUG]  STREAM b'IHDR' 16 13
2024-09-09 11:52:45,342 [DEBUG]  STREAM b'IDAT' 41 65536
2024-09-09 11:52:45,347 [DEBUG]  STREAM b'IHDR' 16 13
2024-09-09 11:52:45,347 [DEBUG]  STREAM b'IDAT' 41 65536
2024-09-09 11:52:45,352 [DEBUG]  STREAM b'IHDR' 16 13
2024-09-09 11:52:45,352 [DEBUG]  STREAM b'IDAT' 41 65536
2024-09-09 11:52:45,358 [DEBUG]  STREAM b'IHDR' 16 13
2024-09-09 11:52:45,358 [DEBUG]  STREAM b'IDAT' 41 65536
2024-09-09 11:52:45,363 [DEBUG]  STREAM b'IHDR' 16 13
2024-09-09 11:52:45,363 [DEBUG]  STREAM b'IDAT' 41 65536
2024-09-09 11:52:45,367 [DEBUG]  STREAM b'IHDR' 16 13
2024-09-09 11:52:45,367 [DEBUG]  STREAM b'IDAT' 41 65536
2024-09-09 11:52:45,372 [DEBUG]  STREAM b'IHDR' 16 13
2024-09-09 11:52:45,372 [DEBUG]  STREAM b'IDAT' 41 65536
2024-09-09 11:52:45,378 [DEBUG]  STREAM b'IHDR' 16 13
2024-09-09 11:52:45,378 [DEBUG]  STREAM b'IDAT' 41 65536
2024-09-09 11:52:45,382 [DEBUG]  STREAM b'IHDR' 16 13
2024-09-09 11:52:45,382 [DEBUG]  STREAM b'IDAT' 41 65536
2024-09-09 11:52:45,386 [DEBUG]  STREAM b'IHDR' 16 13
2024-09-09 11:52:45,386 [DEBUG]  STREAM b'IDAT' 41 65536
2024-09-09 11:52:45,390 [DEBUG]  STREAM b'IHDR' 16 13
2024-09-09 11:52:45,390 [DEBUG]  STREAM b'IDAT' 41 65536
2024-09-09 11:52:45,396 [DEBUG]  STREAM b'IHDR' 16 13
2024-09-09 11:52:45,396 [DEBUG]  STREAM b'IDAT' 41 65536
2024-09-09 11:52:45,400 [DEBUG]  STREAM b'IHDR' 16 13
2024-09-09 11:52:45,400 [DEBUG]  STREAM b'IDAT' 41 65536
2024-09-09 11:52:45,405 [DEBUG]  STREAM b'IHDR' 16 13
2024-09-09 11:52:45,405 [DEBUG]  STREAM b'IDAT' 41 65536
2024-09-09 11:52:45,409 [DEBUG]  STREAM b'IHDR' 16 13
2024-09-09 11:52:45,409 [DEBUG]  STREAM b'IDAT' 41 65536
2024-09-09 11:52:45,416 [DEBUG]  STREAM b'IHDR' 16 13
2024-09-09 11:52:45,416 [DEBUG]  STREAM b'IDAT' 41 65536
2024-09-09 11:52:45,420 [DEBUG]  STREAM b'IHDR' 16 13
2024-09-09 11:52:45,420 [DEBUG]  STREAM b'IDAT' 41 65536
2024-09-09 11:52:45,424 [DEBUG]  STREAM b'IHDR' 16 13
2024-09-09 11:52:45,424 [DEBUG]  STREAM b'IDAT' 41 65536
2024-09-09 11:52:45,428 [DEBUG]  STREAM b'IHDR' 16 13
2024-09-09 11:52:45,428 [DEBUG]  STREAM b'IDAT' 41 65536
2024-09-09 11:52:45,433 [DEBUG]  STREAM b'IHDR' 16 13
2024-09-09 11:52:45,433 [DEBUG]  STREAM b'IDAT' 41 65536
2024-09-09 11:52:45,438 [DEBUG]  STREAM b'IHDR' 16 13
2024-09-09 11:52:45,438 [DEBUG]  STREAM b'IDAT' 41 65536
2024-09-09 11:52:45,442 [DEBUG]  STREAM b'IHDR' 16 13
2024-09-09 11:52:45,442 [DEBUG]  STREAM b'IDAT' 41 65536
2024-09-09 11:52:45,446 [DEBUG]  STREAM b'IHDR' 16 13
2024-09-09 11:52:45,446 [DEBUG]  STREAM b'IDAT' 41 65536
2024-09-09 11:52:45,451 [DEBUG]  STREAM b'IHDR' 16 13
2024-09-09 11:52:45,451 [DEBUG]  STREAM b'IDAT' 41 65536
2024-09-09 11:52:45,455 [DEBUG]  STREAM b'IHDR' 16 13
2024-09-09 11:52:45,455 [DEBUG]  STREAM b'IDAT' 41 65536
2024-09-09 11:52:45,459 [DEBUG]  STREAM b'IHDR' 16 13
2024-09-09 11:52:45,459 [DEBUG]  STREAM b'IDAT' 41 65536
2024-09-09 11:52:45,463 [DEBUG]  STREAM b'IHDR' 16 13
2024-09-09 11:52:45,463 [DEBUG]  STREAM b'IDAT' 41 65536
2024-09-09 11:52:45,469 [DEBUG]  STREAM b'IHDR' 16 13
2024-09-09 11:52:45,469 [DEBUG]  STREAM b'IDAT' 41 65536
2024-09-09 11:52:45,473 [DEBUG]  STREAM b'IHDR' 16 13
2024-09-09 11:52:45,473 [DEBUG]  STREAM b'IDAT' 41 65536
2024-09-09 11:52:45,477 [DEBUG]  STREAM b'IHDR' 16 13
2024-09-09 11:52:45,477 [DEBUG]  STREAM b'IDAT' 41 65536
2024-09-09 11:52:45,481 [DEBUG]  STREAM b'IHDR' 16 13
2024-09-09 11:52:45,481 [DEBUG]  STREAM b'IDAT' 41 65536
2024-09-09 11:52:45,491 [DEBUG]  GraphTrial.log 1131.030 visit state = 6
2024-09-09 11:52:45,499 [DEBUG]  GraphTrial.log 1131.038 start flip_time = 1131.0381717916666
2024-09-09 11:52:45,504 [DEBUG]  GraphTrial.log 1131.044 get move selected = 2
2024-09-09 11:52:46,614 [DEBUG]  GraphTrial.log 1132.153 switch selected = 0
2024-09-09 11:52:48,165 [DEBUG]  GraphTrial.log 1133.705 select selected = 0
2024-09-09 11:52:48,165 [DEBUG]  GraphTrial.log 1133.705 visit state = 0
2024-09-09 11:52:48,176 [DEBUG]  GraphTrial.log 1133.715 get move selected = 1
2024-09-09 11:52:48,573 [DEBUG]  GraphTrial.log 1134.113 select selected = 1
2024-09-09 11:52:48,573 [DEBUG]  GraphTrial.log 1134.113 visit state = 1
2024-09-09 11:52:50,427 [DEBUG]  GraphTrial.log 1135.967 done 
2024-09-09 11:52:50,427 [INFO]  end trial [{"time": 1125.512857541667, "event": "begin drift_check"}, {"time": 1129.4503582499997, "event": "initialize", "status": null}, {"time": 1129.4511215833331, "event": "start recording"}, {"time": 1130.8025270833332, "event": "show graph"}, {"time": 1131.0303702916667, "event": "visit", "state": 6}, {"time": 1131.0381795833332, "event": "start", "flip_time": 1131.0381717916666}, {"time": 1131.0438396666668, "event": "get move", "selected": 2}, {"time": 1132.1534043333331, "event": "switch", "selected": 0}, {"time": 1133.7046203333334, "event": "select", "selected": 0}, {"time": 1133.7046956666668, "event": "visit", "state": 0}, {"time": 1133.7152801666666, "event": "get move", "selected": 1}, {"time": 1134.1125516666666, "event": "select", "selected": 1}, {"time": 1134.1126157083331, "event": "visit", "state": 1}, {"time": 1135.9667697083332, "event": "done"}]
2024-09-09 11:52:50,428 [INFO]  stop_recording
2024-09-09 11:52:50,947 [INFO]  gt.status is None
2024-09-09 11:52:50,947 [DEBUG]  add bonus points 2 (total = 365)
2024-09-09 11:52:50,947 [INFO]  Trial 76 of 260
2024-09-09 11:52:51,725 [INFO]  begin trial {"kind": "GraphTrial", "graph": [[], [0, 8], [], [7, 1], [10, 9], [], [], [2, 6], [], [], [9, 5]], "rewards": [-2, 3, -4, null, -1, 2, 3, -3, 4, -1, -2], "reward_info": {"-4": {"desc": "pattern_1", "image": "images[0]"}, "-3": {"desc": "pattern_2", "image": "images[1]"}, "-2": {"desc": "pattern_3", "image": "images[2]"}, "-1": {"desc": "pattern_4", "image": "images[3]"}, "0": {"desc": "pattern_5", "image": "images[4]"}, "1": {"desc": "pattern_6", "image": "images[5]"}, "2": {"desc": "pattern_7", "image": "images[6]"}, "3": {"desc": "pattern_8", "image": "images[7]"}, "4": {"desc": "pattern_9", "image": "images[8]"}}, "initial_stage": "planning", "hide_states": false, "hide_rewards_while_acting": false, "hide_edges_while_acting": false, "gaze_contingent": false, "gaze_tolerance": 1.5, "fixation_lag": 0.5, "start": 3}
2024-09-09 11:52:51,725 [INFO]  <eyetracking.EyeLink object at 0x3177c5370>
2024-09-09 11:52:51,725 [DEBUG]  GraphTrial.log 1137.265 begin drift_check 
2024-09-09 11:52:53,926 [INFO]  escape in drift correct
2024-09-09 11:53:00,652 [INFO]  drift check keys ['r']
2024-09-09 11:53:00,656 [DEBUG]  GraphTrial.log 1146.196 initialize status = recalibrate
2024-09-09 11:53:00,656 [DEBUG]  GraphTrial.log 1146.196 done status = recalibrate
2024-09-09 11:53:00,656 [INFO]  begin recalibrate
2024-09-09 11:53:00,656 [DEBUG]  message: We're going to recalibrate the eyetracker. Please tell the experimenter. (Wait for the experimenter (space))
2024-09-09 11:53:02,668 [INFO]  doTrackerSetup
2024-09-09 11:54:00,307 [INFO]  done doTrackerSetup
2024-09-09 11:54:00,343 [INFO]  Trial 77 of 260
2024-09-09 11:54:02,468 [INFO]  begin trial {"kind": "GraphTrial", "graph": [[1, 2], [], [], [], [], [10, 6], [], [0, 9], [5, 10], [4, 3], []], "rewards": [-3, -3, -4, -4, 2, 0, -1, null, 3, -1, 1], "reward_info": {"-4": {"desc": "pattern_1", "image": "images[0]"}, "-3": {"desc": "pattern_2", "image": "images[1]"}, "-2": {"desc": "pattern_3", "image": "images[2]"}, "-1": {"desc": "pattern_4", "image": "images[3]"}, "0": {"desc": "pattern_5", "image": "images[4]"}, "1": {"desc": "pattern_6", "image": "images[5]"}, "2": {"desc": "pattern_7", "image": "images[6]"}, "3": {"desc": "pattern_8", "image": "images[7]"}, "4": {"desc": "pattern_9", "image": "images[8]"}}, "initial_stage": "planning", "hide_states": false, "hide_rewards_while_acting": false, "hide_edges_while_acting": false, "gaze_contingent": false, "gaze_tolerance": 1.5, "fixation_lag": 0.5, "start": 7}
2024-09-09 11:54:02,468 [INFO]  <eyetracking.EyeLink object at 0x3177c5370>
2024-09-09 11:54:02,468 [DEBUG]  GraphTrial.log 1208.008 begin drift_check 
2024-09-09 11:54:04,645 [DEBUG]  GraphTrial.log 1210.184 initialize status = None
2024-09-09 11:54:04,645 [DEBUG]  GraphTrial.log 1210.185 start recording 
2024-09-09 11:54:04,645 [INFO]  start_recording
2024-09-09 11:54:05,080 [DEBUG]  GraphTrial.log 1210.619 show graph 
2024-09-09 11:54:05,089 [DEBUG]  STREAM b'IHDR' 16 13
2024-09-09 11:54:05,090 [DEBUG]  STREAM b'IDAT' 41 65536
2024-09-09 11:54:05,103 [DEBUG]  STREAM b'IHDR' 16 13
2024-09-09 11:54:05,103 [DEBUG]  STREAM b'IDAT' 41 65536
2024-09-09 11:54:05,112 [DEBUG]  STREAM b'IHDR' 16 13
2024-09-09 11:54:05,112 [DEBUG]  STREAM b'IDAT' 41 65536
2024-09-09 11:54:05,120 [DEBUG]  STREAM b'IHDR' 16 13
2024-09-09 11:54:05,120 [DEBUG]  STREAM b'IDAT' 41 65536
2024-09-09 11:54:05,130 [DEBUG]  STREAM b'IHDR' 16 13
2024-09-09 11:54:05,130 [DEBUG]  STREAM b'IDAT' 41 65536
2024-09-09 11:54:05,136 [DEBUG]  STREAM b'IHDR' 16 13
2024-09-09 11:54:05,136 [DEBUG]  STREAM b'IDAT' 41 65536
2024-09-09 11:54:05,142 [DEBUG]  STREAM b'IHDR' 16 13
2024-09-09 11:54:05,142 [DEBUG]  STREAM b'IDAT' 41 65536
2024-09-09 11:54:05,147 [DEBUG]  STREAM b'IHDR' 16 13
2024-09-09 11:54:05,147 [DEBUG]  STREAM b'IDAT' 41 65536
2024-09-09 11:54:05,154 [DEBUG]  STREAM b'IHDR' 16 13
2024-09-09 11:54:05,155 [DEBUG]  STREAM b'IDAT' 41 65536
2024-09-09 11:54:05,160 [DEBUG]  STREAM b'IHDR' 16 13
2024-09-09 11:54:05,160 [DEBUG]  STREAM b'IDAT' 41 65536
2024-09-09 11:54:05,164 [DEBUG]  STREAM b'IHDR' 16 13
2024-09-09 11:54:05,164 [DEBUG]  STREAM b'IDAT' 41 65536
2024-09-09 11:54:05,169 [DEBUG]  STREAM b'IHDR' 16 13
2024-09-09 11:54:05,169 [DEBUG]  STREAM b'IDAT' 41 65536
2024-09-09 11:54:05,175 [DEBUG]  STREAM b'IHDR' 16 13
2024-09-09 11:54:05,175 [DEBUG]  STREAM b'IDAT' 41 65536
2024-09-09 11:54:05,179 [DEBUG]  STREAM b'IHDR' 16 13
2024-09-09 11:54:05,180 [DEBUG]  STREAM b'IDAT' 41 65536
2024-09-09 11:54:05,184 [DEBUG]  STREAM b'IHDR' 16 13
2024-09-09 11:54:05,184 [DEBUG]  STREAM b'IDAT' 41 65536
2024-09-09 11:54:05,188 [DEBUG]  STREAM b'IHDR' 16 13
2024-09-09 11:54:05,188 [DEBUG]  STREAM b'IDAT' 41 65536
2024-09-09 11:54:05,194 [DEBUG]  STREAM b'IHDR' 16 13
2024-09-09 11:54:05,194 [DEBUG]  STREAM b'IDAT' 41 65536
2024-09-09 11:54:05,198 [DEBUG]  STREAM b'IHDR' 16 13
2024-09-09 11:54:05,198 [DEBUG]  STREAM b'IDAT' 41 65536
2024-09-09 11:54:05,203 [DEBUG]  STREAM b'IHDR' 16 13
2024-09-09 11:54:05,203 [DEBUG]  STREAM b'IDAT' 41 65536
2024-09-09 11:54:05,207 [DEBUG]  STREAM b'IHDR' 16 13
2024-09-09 11:54:05,207 [DEBUG]  STREAM b'IDAT' 41 65536
2024-09-09 11:54:05,213 [DEBUG]  STREAM b'IHDR' 16 13
2024-09-09 11:54:05,213 [DEBUG]  STREAM b'IDAT' 41 65536
2024-09-09 11:54:05,217 [DEBUG]  STREAM b'IHDR' 16 13
2024-09-09 11:54:05,217 [DEBUG]  STREAM b'IDAT' 41 65536
2024-09-09 11:54:05,221 [DEBUG]  STREAM b'IHDR' 16 13
2024-09-09 11:54:05,221 [DEBUG]  STREAM b'IDAT' 41 65536
2024-09-09 11:54:05,225 [DEBUG]  STREAM b'IHDR' 16 13
2024-09-09 11:54:05,225 [DEBUG]  STREAM b'IDAT' 41 65536
2024-09-09 11:54:05,231 [DEBUG]  STREAM b'IHDR' 16 13
2024-09-09 11:54:05,231 [DEBUG]  STREAM b'IDAT' 41 65536
2024-09-09 11:54:05,235 [DEBUG]  STREAM b'IHDR' 16 13
2024-09-09 11:54:05,235 [DEBUG]  STREAM b'IDAT' 41 65536
2024-09-09 11:54:05,239 [DEBUG]  STREAM b'IHDR' 16 13
2024-09-09 11:54:05,239 [DEBUG]  STREAM b'IDAT' 41 65536
2024-09-09 11:54:05,243 [DEBUG]  STREAM b'IHDR' 16 13
2024-09-09 11:54:05,243 [DEBUG]  STREAM b'IDAT' 41 65536
2024-09-09 11:54:05,250 [DEBUG]  STREAM b'IHDR' 16 13
2024-09-09 11:54:05,250 [DEBUG]  STREAM b'IDAT' 41 65536
2024-09-09 11:54:05,255 [DEBUG]  STREAM b'IHDR' 16 13
2024-09-09 11:54:05,255 [DEBUG]  STREAM b'IDAT' 41 65536
2024-09-09 11:54:05,259 [DEBUG]  STREAM b'IHDR' 16 13
2024-09-09 11:54:05,259 [DEBUG]  STREAM b'IDAT' 41 65536
2024-09-09 11:54:05,264 [DEBUG]  STREAM b'IHDR' 16 13
2024-09-09 11:54:05,264 [DEBUG]  STREAM b'IDAT' 41 65536
2024-09-09 11:54:05,269 [DEBUG]  STREAM b'IHDR' 16 13
2024-09-09 11:54:05,270 [DEBUG]  STREAM b'IDAT' 41 65536
2024-09-09 11:54:05,274 [DEBUG]  STREAM b'IHDR' 16 13
2024-09-09 11:54:05,274 [DEBUG]  STREAM b'IDAT' 41 65536
2024-09-09 11:54:05,278 [DEBUG]  STREAM b'IHDR' 16 13
2024-09-09 11:54:05,278 [DEBUG]  STREAM b'IDAT' 41 65536
2024-09-09 11:54:05,282 [DEBUG]  STREAM b'IHDR' 16 13
2024-09-09 11:54:05,282 [DEBUG]  STREAM b'IDAT' 41 65536
2024-09-09 11:54:05,287 [DEBUG]  STREAM b'IHDR' 16 13
2024-09-09 11:54:05,287 [DEBUG]  STREAM b'IDAT' 41 65536
2024-09-09 11:54:05,292 [DEBUG]  STREAM b'IHDR' 16 13
2024-09-09 11:54:05,292 [DEBUG]  STREAM b'IDAT' 41 65536
2024-09-09 11:54:05,296 [DEBUG]  STREAM b'IHDR' 16 13
2024-09-09 11:54:05,296 [DEBUG]  STREAM b'IDAT' 41 65536
2024-09-09 11:54:05,300 [DEBUG]  STREAM b'IHDR' 16 13
2024-09-09 11:54:05,300 [DEBUG]  STREAM b'IDAT' 41 65536
2024-09-09 11:54:05,309 [DEBUG]  GraphTrial.log 1210.849 visit state = 7
2024-09-09 11:54:05,314 [DEBUG]  GraphTrial.log 1210.854 start flip_time = 1210.8535768749998
2024-09-09 11:54:05,319 [DEBUG]  GraphTrial.log 1210.858 get move selected = 9
2024-09-09 11:54:06,814 [DEBUG]  GraphTrial.log 1212.353 switch selected = 0
2024-09-09 11:54:07,918 [DEBUG]  GraphTrial.log 1213.457 switch selected = 9
2024-09-09 11:54:08,341 [DEBUG]  GraphTrial.log 1213.880 select selected = 9
2024-09-09 11:54:08,341 [DEBUG]  GraphTrial.log 1213.880 visit state = 9
2024-09-09 11:54:08,350 [DEBUG]  GraphTrial.log 1213.890 get move selected = 4
2024-09-09 11:54:09,293 [DEBUG]  GraphTrial.log 1214.833 select selected = 4
2024-09-09 11:54:09,293 [DEBUG]  GraphTrial.log 1214.833 visit state = 4
2024-09-09 11:54:11,161 [DEBUG]  GraphTrial.log 1216.700 done 
2024-09-09 11:54:11,161 [INFO]  end trial [{"time": 1208.0077244583335, "event": "begin drift_check"}, {"time": 1210.1841826666669, "event": "initialize", "status": null}, {"time": 1210.1845175833332, "event": "start recording"}, {"time": 1210.6190682083334, "event": "show graph"}, {"time": 1210.848555, "event": "visit", "state": 7}, {"time": 1210.8535931249999, "event": "start", "flip_time": 1210.8535768749998}, {"time": 1210.85847875, "event": "get move", "selected": 9}, {"time": 1212.3534672916667, "event": "switch", "selected": 0}, {"time": 1213.4570290833335, "event": "switch", "selected": 9}, {"time": 1213.8804312916668, "event": "select", "selected": 9}, {"time": 1213.880498708333, "event": "visit", "state": 9}, {"time": 1213.889701666667, "event": "get move", "selected": 4}, {"time": 1214.8325588333332, "event": "select", "selected": 4}, {"time": 1214.832625791667, "event": "visit", "state": 4}, {"time": 1216.6999049583333, "event": "done"}]
2024-09-09 11:54:11,161 [INFO]  stop_recording
2024-09-09 11:54:11,680 [INFO]  gt.status is None
2024-09-09 11:54:11,680 [DEBUG]  add bonus points 1 (total = 366)
2024-09-09 11:54:11,680 [INFO]  Trial 78 of 260
2024-09-09 11:54:13,318 [INFO]  begin trial {"kind": "GraphTrial", "graph": [[6, 5], [0, 6], [], [7], [], [4], [], [], [], [10, 3], [8, 2]], "rewards": [1, 0, 0, 0, 3, -4, 1, 0, -4, null, -1], "reward_info": {"-4": {"desc": "pattern_1", "image": "images[0]"}, "-3": {"desc": "pattern_2", "image": "images[1]"}, "-2": {"desc": "pattern_3", "image": "images[2]"}, "-1": {"desc": "pattern_4", "image": "images[3]"}, "0": {"desc": "pattern_5", "image": "images[4]"}, "1": {"desc": "pattern_6", "image": "images[5]"}, "2": {"desc": "pattern_7", "image": "images[6]"}, "3": {"desc": "pattern_8", "image": "images[7]"}, "4": {"desc": "pattern_9", "image": "images[8]"}}, "initial_stage": "planning", "hide_states": false, "hide_rewards_while_acting": false, "hide_edges_while_acting": false, "gaze_contingent": false, "gaze_tolerance": 1.5, "fixation_lag": 0.5, "start": 9}
2024-09-09 11:54:13,318 [INFO]  <eyetracking.EyeLink object at 0x3177c5370>
2024-09-09 11:54:13,318 [DEBUG]  GraphTrial.log 1218.857 begin drift_check 
2024-09-09 11:54:19,778 [DEBUG]  GraphTrial.log 1225.317 initialize status = None
2024-09-09 11:54:19,779 [DEBUG]  GraphTrial.log 1225.318 start recording 
2024-09-09 11:54:19,779 [INFO]  start_recording
2024-09-09 11:54:20,210 [DEBUG]  GraphTrial.log 1225.749 show graph 
2024-09-09 11:54:20,218 [DEBUG]  STREAM b'IHDR' 16 13
2024-09-09 11:54:20,218 [DEBUG]  STREAM b'IDAT' 41 65536
2024-09-09 11:54:20,230 [DEBUG]  STREAM b'IHDR' 16 13
2024-09-09 11:54:20,230 [DEBUG]  STREAM b'IDAT' 41 65536
2024-09-09 11:54:20,240 [DEBUG]  STREAM b'IHDR' 16 13
2024-09-09 11:54:20,240 [DEBUG]  STREAM b'IDAT' 41 65536
2024-09-09 11:54:20,248 [DEBUG]  STREAM b'IHDR' 16 13
2024-09-09 11:54:20,249 [DEBUG]  STREAM b'IDAT' 41 65536
2024-09-09 11:54:20,258 [DEBUG]  STREAM b'IHDR' 16 13
2024-09-09 11:54:20,258 [DEBUG]  STREAM b'IDAT' 41 65536
2024-09-09 11:54:20,265 [DEBUG]  STREAM b'IHDR' 16 13
2024-09-09 11:54:20,265 [DEBUG]  STREAM b'IDAT' 41 65536
2024-09-09 11:54:20,271 [DEBUG]  STREAM b'IHDR' 16 13
2024-09-09 11:54:20,271 [DEBUG]  STREAM b'IDAT' 41 65536
2024-09-09 11:54:20,276 [DEBUG]  STREAM b'IHDR' 16 13
2024-09-09 11:54:20,276 [DEBUG]  STREAM b'IDAT' 41 65536
2024-09-09 11:54:20,283 [DEBUG]  STREAM b'IHDR' 16 13
2024-09-09 11:54:20,283 [DEBUG]  STREAM b'IDAT' 41 65536
2024-09-09 11:54:20,288 [DEBUG]  STREAM b'IHDR' 16 13
2024-09-09 11:54:20,288 [DEBUG]  STREAM b'IDAT' 41 65536
2024-09-09 11:54:20,293 [DEBUG]  STREAM b'IHDR' 16 13
2024-09-09 11:54:20,293 [DEBUG]  STREAM b'IDAT' 41 65536
2024-09-09 11:54:20,298 [DEBUG]  STREAM b'IHDR' 16 13
2024-09-09 11:54:20,298 [DEBUG]  STREAM b'IDAT' 41 65536
2024-09-09 11:54:20,304 [DEBUG]  STREAM b'IHDR' 16 13
2024-09-09 11:54:20,304 [DEBUG]  STREAM b'IDAT' 41 65536
2024-09-09 11:54:20,308 [DEBUG]  STREAM b'IHDR' 16 13
2024-09-09 11:54:20,308 [DEBUG]  STREAM b'IDAT' 41 65536
2024-09-09 11:54:20,313 [DEBUG]  STREAM b'IHDR' 16 13
2024-09-09 11:54:20,313 [DEBUG]  STREAM b'IDAT' 41 65536
2024-09-09 11:54:20,317 [DEBUG]  STREAM b'IHDR' 16 13
2024-09-09 11:54:20,317 [DEBUG]  STREAM b'IDAT' 41 65536
2024-09-09 11:54:20,322 [DEBUG]  STREAM b'IHDR' 16 13
2024-09-09 11:54:20,322 [DEBUG]  STREAM b'IDAT' 41 65536
2024-09-09 11:54:20,327 [DEBUG]  STREAM b'IHDR' 16 13
2024-09-09 11:54:20,327 [DEBUG]  STREAM b'IDAT' 41 65536
2024-09-09 11:54:20,331 [DEBUG]  STREAM b'IHDR' 16 13
2024-09-09 11:54:20,331 [DEBUG]  STREAM b'IDAT' 41 65536
2024-09-09 11:54:20,336 [DEBUG]  STREAM b'IHDR' 16 13
2024-09-09 11:54:20,336 [DEBUG]  STREAM b'IDAT' 41 65536
2024-09-09 11:54:20,342 [DEBUG]  STREAM b'IHDR' 16 13
2024-09-09 11:54:20,342 [DEBUG]  STREAM b'IDAT' 41 65536
2024-09-09 11:54:20,346 [DEBUG]  STREAM b'IHDR' 16 13
2024-09-09 11:54:20,346 [DEBUG]  STREAM b'IDAT' 41 65536
2024-09-09 11:54:20,350 [DEBUG]  STREAM b'IHDR' 16 13
2024-09-09 11:54:20,350 [DEBUG]  STREAM b'IDAT' 41 65536
2024-09-09 11:54:20,354 [DEBUG]  STREAM b'IHDR' 16 13
2024-09-09 11:54:20,354 [DEBUG]  STREAM b'IDAT' 41 65536
2024-09-09 11:54:20,359 [DEBUG]  STREAM b'IHDR' 16 13
2024-09-09 11:54:20,360 [DEBUG]  STREAM b'IDAT' 41 65536
2024-09-09 11:54:20,364 [DEBUG]  STREAM b'IHDR' 16 13
2024-09-09 11:54:20,364 [DEBUG]  STREAM b'IDAT' 41 65536
2024-09-09 11:54:20,368 [DEBUG]  STREAM b'IHDR' 16 13
2024-09-09 11:54:20,368 [DEBUG]  STREAM b'IDAT' 41 65536
2024-09-09 11:54:20,372 [DEBUG]  STREAM b'IHDR' 16 13
2024-09-09 11:54:20,372 [DEBUG]  STREAM b'IDAT' 41 65536
2024-09-09 11:54:20,377 [DEBUG]  STREAM b'IHDR' 16 13
2024-09-09 11:54:20,377 [DEBUG]  STREAM b'IDAT' 41 65536
2024-09-09 11:54:20,381 [DEBUG]  STREAM b'IHDR' 16 13
2024-09-09 11:54:20,381 [DEBUG]  STREAM b'IDAT' 41 65536
2024-09-09 11:54:20,386 [DEBUG]  STREAM b'IHDR' 16 13
2024-09-09 11:54:20,386 [DEBUG]  STREAM b'IDAT' 41 65536
2024-09-09 11:54:20,390 [DEBUG]  STREAM b'IHDR' 16 13
2024-09-09 11:54:20,390 [DEBUG]  STREAM b'IDAT' 41 65536
2024-09-09 11:54:20,395 [DEBUG]  STREAM b'IHDR' 16 13
2024-09-09 11:54:20,395 [DEBUG]  STREAM b'IDAT' 41 65536
2024-09-09 11:54:20,399 [DEBUG]  STREAM b'IHDR' 16 13
2024-09-09 11:54:20,400 [DEBUG]  STREAM b'IDAT' 41 65536
2024-09-09 11:54:20,404 [DEBUG]  STREAM b'IHDR' 16 13
2024-09-09 11:54:20,404 [DEBUG]  STREAM b'IDAT' 41 65536
2024-09-09 11:54:20,408 [DEBUG]  STREAM b'IHDR' 16 13
2024-09-09 11:54:20,408 [DEBUG]  STREAM b'IDAT' 41 65536
2024-09-09 11:54:20,414 [DEBUG]  STREAM b'IHDR' 16 13
2024-09-09 11:54:20,414 [DEBUG]  STREAM b'IDAT' 41 65536
2024-09-09 11:54:20,418 [DEBUG]  STREAM b'IHDR' 16 13
2024-09-09 11:54:20,418 [DEBUG]  STREAM b'IDAT' 41 65536
2024-09-09 11:54:20,422 [DEBUG]  STREAM b'IHDR' 16 13
2024-09-09 11:54:20,422 [DEBUG]  STREAM b'IDAT' 41 65536
2024-09-09 11:54:20,426 [DEBUG]  STREAM b'IHDR' 16 13
2024-09-09 11:54:20,426 [DEBUG]  STREAM b'IDAT' 41 65536
2024-09-09 11:54:20,437 [DEBUG]  GraphTrial.log 1225.976 visit state = 9
2024-09-09 11:54:20,442 [DEBUG]  GraphTrial.log 1225.981 start flip_time = 1225.9809857916666
2024-09-09 11:54:20,447 [DEBUG]  GraphTrial.log 1225.986 get move selected = 10
2024-09-09 11:54:21,077 [DEBUG]  GraphTrial.log 1226.616 switch selected = 3
2024-09-09 11:54:22,558 [DEBUG]  GraphTrial.log 1228.097 switch selected = 10
2024-09-09 11:54:23,438 [DEBUG]  GraphTrial.log 1228.977 switch selected = 3
2024-09-09 11:54:23,805 [DEBUG]  GraphTrial.log 1229.344 select selected = 3
2024-09-09 11:54:23,805 [DEBUG]  GraphTrial.log 1229.344 visit state = 3
2024-09-09 11:54:23,813 [DEBUG]  GraphTrial.log 1229.352 get move selected = 7
2024-09-09 11:54:24,149 [DEBUG]  GraphTrial.log 1229.688 select selected = 7
2024-09-09 11:54:24,149 [DEBUG]  GraphTrial.log 1229.688 visit state = 7
2024-09-09 11:54:25,992 [DEBUG]  GraphTrial.log 1231.532 done 
2024-09-09 11:54:25,992 [INFO]  end trial [{"time": 1218.8569705416667, "event": "begin drift_check"}, {"time": 1225.3173090833334, "event": "initialize", "status": null}, {"time": 1225.3181153333335, "event": "start recording"}, {"time": 1225.7491851249997, "event": "show graph"}, {"time": 1225.9760294583334, "event": "visit", "state": 9}, {"time": 1225.9809999583335, "event": "start", "flip_time": 1225.9809857916666}, {"time": 1225.9858072083334, "event": "get move", "selected": 10}, {"time": 1226.616055125, "event": "switch", "selected": 3}, {"time": 1228.0972654166667, "event": "switch", "selected": 10}, {"time": 1228.9769922083333, "event": "switch", "selected": 3}, {"time": 1229.3442838749997, "event": "select", "selected": 3}, {"time": 1229.3443567083332, "event": "visit", "state": 3}, {"time": 1229.3518139166667, "event": "get move", "selected": 7}, {"time": 1229.6881988749997, "event": "select", "selected": 7}, {"time": 1229.6882605416668, "event": "visit", "state": 7}, {"time": 1231.5315145416666, "event": "done"}]
2024-09-09 11:54:25,993 [INFO]  stop_recording
2024-09-09 11:54:26,512 [INFO]  gt.status is None
2024-09-09 11:54:26,512 [DEBUG]  add bonus points 0 (total = 366)
2024-09-09 11:54:26,513 [INFO]  Trial 79 of 260
2024-09-09 11:54:28,518 [INFO]  begin trial {"kind": "GraphTrial", "graph": [[], [2], [], [10, 9], [0, 5], [], [4, 8], [], [7], [], [9, 1]], "rewards": [2, -1, -4, -4, -1, -1, null, 0, 0, -4, 2], "reward_info": {"-4": {"desc": "pattern_1", "image": "images[0]"}, "-3": {"desc": "pattern_2", "image": "images[1]"}, "-2": {"desc": "pattern_3", "image": "images[2]"}, "-1": {"desc": "pattern_4", "image": "images[3]"}, "0": {"desc": "pattern_5", "image": "images[4]"}, "1": {"desc": "pattern_6", "image": "images[5]"}, "2": {"desc": "pattern_7", "image": "images[6]"}, "3": {"desc": "pattern_8", "image": "images[7]"}, "4": {"desc": "pattern_9", "image": "images[8]"}}, "initial_stage": "planning", "hide_states": false, "hide_rewards_while_acting": false, "hide_edges_while_acting": false, "gaze_contingent": false, "gaze_tolerance": 1.5, "fixation_lag": 0.5, "start": 6}
2024-09-09 11:54:28,518 [INFO]  <eyetracking.EyeLink object at 0x3177c5370>
2024-09-09 11:54:28,518 [DEBUG]  GraphTrial.log 1234.057 begin drift_check 
2024-09-09 11:54:31,886 [DEBUG]  GraphTrial.log 1237.425 initialize status = None
2024-09-09 11:54:31,887 [DEBUG]  GraphTrial.log 1237.426 start recording 
2024-09-09 11:54:31,887 [INFO]  start_recording
2024-09-09 11:54:32,632 [DEBUG]  GraphTrial.log 1238.171 show graph 
2024-09-09 11:54:32,641 [DEBUG]  STREAM b'IHDR' 16 13
2024-09-09 11:54:32,641 [DEBUG]  STREAM b'IDAT' 41 65536
2024-09-09 11:54:32,655 [DEBUG]  STREAM b'IHDR' 16 13
2024-09-09 11:54:32,655 [DEBUG]  STREAM b'IDAT' 41 65536
2024-09-09 11:54:32,665 [DEBUG]  STREAM b'IHDR' 16 13
2024-09-09 11:54:32,665 [DEBUG]  STREAM b'IDAT' 41 65536
2024-09-09 11:54:32,673 [DEBUG]  STREAM b'IHDR' 16 13
2024-09-09 11:54:32,673 [DEBUG]  STREAM b'IDAT' 41 65536
2024-09-09 11:54:32,683 [DEBUG]  STREAM b'IHDR' 16 13
2024-09-09 11:54:32,683 [DEBUG]  STREAM b'IDAT' 41 65536
2024-09-09 11:54:32,690 [DEBUG]  STREAM b'IHDR' 16 13
2024-09-09 11:54:32,690 [DEBUG]  STREAM b'IDAT' 41 65536
2024-09-09 11:54:32,695 [DEBUG]  STREAM b'IHDR' 16 13
2024-09-09 11:54:32,695 [DEBUG]  STREAM b'IDAT' 41 65536
2024-09-09 11:54:32,701 [DEBUG]  STREAM b'IHDR' 16 13
2024-09-09 11:54:32,701 [DEBUG]  STREAM b'IDAT' 41 65536
2024-09-09 11:54:32,707 [DEBUG]  STREAM b'IHDR' 16 13
2024-09-09 11:54:32,707 [DEBUG]  STREAM b'IDAT' 41 65536
2024-09-09 11:54:32,712 [DEBUG]  STREAM b'IHDR' 16 13
2024-09-09 11:54:32,712 [DEBUG]  STREAM b'IDAT' 41 65536
2024-09-09 11:54:32,717 [DEBUG]  STREAM b'IHDR' 16 13
2024-09-09 11:54:32,717 [DEBUG]  STREAM b'IDAT' 41 65536
2024-09-09 11:54:32,722 [DEBUG]  STREAM b'IHDR' 16 13
2024-09-09 11:54:32,722 [DEBUG]  STREAM b'IDAT' 41 65536
2024-09-09 11:54:32,728 [DEBUG]  STREAM b'IHDR' 16 13
2024-09-09 11:54:32,728 [DEBUG]  STREAM b'IDAT' 41 65536
2024-09-09 11:54:32,732 [DEBUG]  STREAM b'IHDR' 16 13
2024-09-09 11:54:32,732 [DEBUG]  STREAM b'IDAT' 41 65536
2024-09-09 11:54:32,737 [DEBUG]  STREAM b'IHDR' 16 13
2024-09-09 11:54:32,737 [DEBUG]  STREAM b'IDAT' 41 65536
2024-09-09 11:54:32,741 [DEBUG]  STREAM b'IHDR' 16 13
2024-09-09 11:54:32,741 [DEBUG]  STREAM b'IDAT' 41 65536
2024-09-09 11:54:32,746 [DEBUG]  STREAM b'IHDR' 16 13
2024-09-09 11:54:32,746 [DEBUG]  STREAM b'IDAT' 41 65536
2024-09-09 11:54:32,750 [DEBUG]  STREAM b'IHDR' 16 13
2024-09-09 11:54:32,751 [DEBUG]  STREAM b'IDAT' 41 65536
2024-09-09 11:54:32,755 [DEBUG]  STREAM b'IHDR' 16 13
2024-09-09 11:54:32,755 [DEBUG]  STREAM b'IDAT' 41 65536
2024-09-09 11:54:32,759 [DEBUG]  STREAM b'IHDR' 16 13
2024-09-09 11:54:32,759 [DEBUG]  STREAM b'IDAT' 41 65536
2024-09-09 11:54:32,764 [DEBUG]  STREAM b'IHDR' 16 13
2024-09-09 11:54:32,764 [DEBUG]  STREAM b'IDAT' 41 65536
2024-09-09 11:54:32,768 [DEBUG]  STREAM b'IHDR' 16 13
2024-09-09 11:54:32,768 [DEBUG]  STREAM b'IDAT' 41 65536
2024-09-09 11:54:32,772 [DEBUG]  STREAM b'IHDR' 16 13
2024-09-09 11:54:32,772 [DEBUG]  STREAM b'IDAT' 41 65536
2024-09-09 11:54:32,776 [DEBUG]  STREAM b'IHDR' 16 13
2024-09-09 11:54:32,776 [DEBUG]  STREAM b'IDAT' 41 65536
2024-09-09 11:54:32,783 [DEBUG]  STREAM b'IHDR' 16 13
2024-09-09 11:54:32,783 [DEBUG]  STREAM b'IDAT' 41 65536
2024-09-09 11:54:32,787 [DEBUG]  STREAM b'IHDR' 16 13
2024-09-09 11:54:32,787 [DEBUG]  STREAM b'IDAT' 41 65536
2024-09-09 11:54:32,791 [DEBUG]  STREAM b'IHDR' 16 13
2024-09-09 11:54:32,791 [DEBUG]  STREAM b'IDAT' 41 65536
2024-09-09 11:54:32,795 [DEBUG]  STREAM b'IHDR' 16 13
2024-09-09 11:54:32,795 [DEBUG]  STREAM b'IDAT' 41 65536
2024-09-09 11:54:32,801 [DEBUG]  STREAM b'IHDR' 16 13
2024-09-09 11:54:32,801 [DEBUG]  STREAM b'IDAT' 41 65536
2024-09-09 11:54:32,805 [DEBUG]  STREAM b'IHDR' 16 13
2024-09-09 11:54:32,805 [DEBUG]  STREAM b'IDAT' 41 65536
2024-09-09 11:54:32,809 [DEBUG]  STREAM b'IHDR' 16 13
2024-09-09 11:54:32,809 [DEBUG]  STREAM b'IDAT' 41 65536
2024-09-09 11:54:32,813 [DEBUG]  STREAM b'IHDR' 16 13
2024-09-09 11:54:32,813 [DEBUG]  STREAM b'IDAT' 41 65536
2024-09-09 11:54:32,819 [DEBUG]  STREAM b'IHDR' 16 13
2024-09-09 11:54:32,819 [DEBUG]  STREAM b'IDAT' 41 65536
2024-09-09 11:54:32,823 [DEBUG]  STREAM b'IHDR' 16 13
2024-09-09 11:54:32,823 [DEBUG]  STREAM b'IDAT' 41 65536
2024-09-09 11:54:32,827 [DEBUG]  STREAM b'IHDR' 16 13
2024-09-09 11:54:32,827 [DEBUG]  STREAM b'IDAT' 41 65536
2024-09-09 11:54:32,831 [DEBUG]  STREAM b'IHDR' 16 13
2024-09-09 11:54:32,831 [DEBUG]  STREAM b'IDAT' 41 65536
2024-09-09 11:54:32,837 [DEBUG]  STREAM b'IHDR' 16 13
2024-09-09 11:54:32,837 [DEBUG]  STREAM b'IDAT' 41 65536
2024-09-09 11:54:32,841 [DEBUG]  STREAM b'IHDR' 16 13
2024-09-09 11:54:32,841 [DEBUG]  STREAM b'IDAT' 41 65536
2024-09-09 11:54:32,845 [DEBUG]  STREAM b'IHDR' 16 13
2024-09-09 11:54:32,845 [DEBUG]  STREAM b'IDAT' 41 65536
2024-09-09 11:54:32,850 [DEBUG]  STREAM b'IHDR' 16 13
2024-09-09 11:54:32,850 [DEBUG]  STREAM b'IDAT' 41 65536
2024-09-09 11:54:32,859 [DEBUG]  GraphTrial.log 1238.399 visit state = 6
2024-09-09 11:54:32,867 [DEBUG]  GraphTrial.log 1238.407 start flip_time = 1238.406656791667
2024-09-09 11:54:32,873 [DEBUG]  GraphTrial.log 1238.412 get move selected = 4
2024-09-09 11:54:33,806 [DEBUG]  GraphTrial.log 1239.345 switch selected = 8
2024-09-09 11:54:35,286 [DEBUG]  GraphTrial.log 1240.825 switch selected = 4
2024-09-09 11:54:35,822 [DEBUG]  GraphTrial.log 1241.361 switch selected = 8
2024-09-09 11:54:37,790 [DEBUG]  GraphTrial.log 1243.329 switch selected = 4
2024-09-09 11:54:38,029 [DEBUG]  GraphTrial.log 1243.568 select selected = 4
2024-09-09 11:54:38,029 [DEBUG]  GraphTrial.log 1243.568 visit state = 4
2024-09-09 11:54:38,037 [DEBUG]  GraphTrial.log 1243.576 get move selected = 0
2024-09-09 11:54:38,501 [DEBUG]  GraphTrial.log 1244.040 select selected = 0
2024-09-09 11:54:38,501 [DEBUG]  GraphTrial.log 1244.040 visit state = 0
2024-09-09 11:54:40,344 [DEBUG]  GraphTrial.log 1245.883 done 
2024-09-09 11:54:40,344 [INFO]  end trial [{"time": 1234.0568971666667, "event": "begin drift_check"}, {"time": 1237.424981666667, "event": "initialize", "status": null}, {"time": 1237.4257402499998, "event": "start recording"}, {"time": 1238.1712792083335, "event": "show graph"}, {"time": 1238.398659833333, "event": "visit", "state": 6}, {"time": 1238.4066668749997, "event": "start", "flip_time": 1238.406656791667}, {"time": 1238.4123664999997, "event": "get move", "selected": 4}, {"time": 1239.3452911249997, "event": "switch", "selected": 8}, {"time": 1240.824978541667, "event": "switch", "selected": 4}, {"time": 1241.36081475, "event": "switch", "selected": 8}, {"time": 1243.3289408749997, "event": "switch", "selected": 4}, {"time": 1243.5681974583335, "event": "select", "selected": 4}, {"time": 1243.5682631666668, "event": "visit", "state": 4}, {"time": 1243.5762989999998, "event": "get move", "selected": 0}, {"time": 1244.0403081249997, "event": "select", "selected": 0}, {"time": 1244.040365375, "event": "visit", "state": 0}, {"time": 1245.8830027083332, "event": "done"}]
2024-09-09 11:54:40,344 [INFO]  stop_recording
2024-09-09 11:54:40,863 [INFO]  gt.status is None
2024-09-09 11:54:40,863 [DEBUG]  add bonus points 1 (total = 367)
2024-09-09 11:54:40,863 [INFO]  Trial 80 of 260
2024-09-09 11:54:42,886 [INFO]  begin trial {"kind": "GraphTrial", "graph": [[7, 9], [3], [], [], [10], [2, 8], [5, 4], [9, 1], [], [], []], "rewards": [4, 2, 4, -1, -3, 4, null, -3, -3, -3, -4], "reward_info": {"-4": {"desc": "pattern_1", "image": "images[0]"}, "-3": {"desc": "pattern_2", "image": "images[1]"}, "-2": {"desc": "pattern_3", "image": "images[2]"}, "-1": {"desc": "pattern_4", "image": "images[3]"}, "0": {"desc": "pattern_5", "image": "images[4]"}, "1": {"desc": "pattern_6", "image": "images[5]"}, "2": {"desc": "pattern_7", "image": "images[6]"}, "3": {"desc": "pattern_8", "image": "images[7]"}, "4": {"desc": "pattern_9", "image": "images[8]"}}, "initial_stage": "planning", "hide_states": false, "hide_rewards_while_acting": false, "hide_edges_while_acting": false, "gaze_contingent": false, "gaze_tolerance": 1.5, "fixation_lag": 0.5, "start": 6}
2024-09-09 11:54:42,886 [INFO]  <eyetracking.EyeLink object at 0x3177c5370>
2024-09-09 11:54:42,886 [DEBUG]  GraphTrial.log 1248.425 begin drift_check 
2024-09-09 11:54:47,478 [DEBUG]  GraphTrial.log 1253.017 initialize status = None
2024-09-09 11:54:47,479 [DEBUG]  GraphTrial.log 1253.018 start recording 
2024-09-09 11:54:47,479 [INFO]  start_recording
2024-09-09 11:54:47,911 [DEBUG]  GraphTrial.log 1253.450 show graph 
2024-09-09 11:54:47,920 [DEBUG]  STREAM b'IHDR' 16 13
2024-09-09 11:54:47,920 [DEBUG]  STREAM b'IDAT' 41 65536
2024-09-09 11:54:47,933 [DEBUG]  STREAM b'IHDR' 16 13
2024-09-09 11:54:47,933 [DEBUG]  STREAM b'IDAT' 41 65536
2024-09-09 11:54:47,942 [DEBUG]  STREAM b'IHDR' 16 13
2024-09-09 11:54:47,942 [DEBUG]  STREAM b'IDAT' 41 65536
2024-09-09 11:54:47,950 [DEBUG]  STREAM b'IHDR' 16 13
2024-09-09 11:54:47,950 [DEBUG]  STREAM b'IDAT' 41 65536
2024-09-09 11:54:47,960 [DEBUG]  STREAM b'IHDR' 16 13
2024-09-09 11:54:47,960 [DEBUG]  STREAM b'IDAT' 41 65536
2024-09-09 11:54:47,966 [DEBUG]  STREAM b'IHDR' 16 13
2024-09-09 11:54:47,966 [DEBUG]  STREAM b'IDAT' 41 65536
2024-09-09 11:54:47,971 [DEBUG]  STREAM b'IHDR' 16 13
2024-09-09 11:54:47,972 [DEBUG]  STREAM b'IDAT' 41 65536
2024-09-09 11:54:47,978 [DEBUG]  STREAM b'IHDR' 16 13
2024-09-09 11:54:47,978 [DEBUG]  STREAM b'IDAT' 41 65536
2024-09-09 11:54:47,984 [DEBUG]  STREAM b'IHDR' 16 13
2024-09-09 11:54:47,985 [DEBUG]  STREAM b'IDAT' 41 65536
2024-09-09 11:54:47,990 [DEBUG]  STREAM b'IHDR' 16 13
2024-09-09 11:54:47,990 [DEBUG]  STREAM b'IDAT' 41 65536
2024-09-09 11:54:47,995 [DEBUG]  STREAM b'IHDR' 16 13
2024-09-09 11:54:47,995 [DEBUG]  STREAM b'IDAT' 41 65536
2024-09-09 11:54:48,000 [DEBUG]  STREAM b'IHDR' 16 13
2024-09-09 11:54:48,000 [DEBUG]  STREAM b'IDAT' 41 65536
2024-09-09 11:54:48,006 [DEBUG]  STREAM b'IHDR' 16 13
2024-09-09 11:54:48,006 [DEBUG]  STREAM b'IDAT' 41 65536
2024-09-09 11:54:48,010 [DEBUG]  STREAM b'IHDR' 16 13
2024-09-09 11:54:48,010 [DEBUG]  STREAM b'IDAT' 41 65536
2024-09-09 11:54:48,014 [DEBUG]  STREAM b'IHDR' 16 13
2024-09-09 11:54:48,014 [DEBUG]  STREAM b'IDAT' 41 65536
2024-09-09 11:54:48,018 [DEBUG]  STREAM b'IHDR' 16 13
2024-09-09 11:54:48,018 [DEBUG]  STREAM b'IDAT' 41 65536
2024-09-09 11:54:48,024 [DEBUG]  STREAM b'IHDR' 16 13
2024-09-09 11:54:48,024 [DEBUG]  STREAM b'IDAT' 41 65536
2024-09-09 11:54:48,028 [DEBUG]  STREAM b'IHDR' 16 13
2024-09-09 11:54:48,028 [DEBUG]  STREAM b'IDAT' 41 65536
2024-09-09 11:54:48,032 [DEBUG]  STREAM b'IHDR' 16 13
2024-09-09 11:54:48,032 [DEBUG]  STREAM b'IDAT' 41 65536
2024-09-09 11:54:48,036 [DEBUG]  STREAM b'IHDR' 16 13
2024-09-09 11:54:48,036 [DEBUG]  STREAM b'IDAT' 41 65536
2024-09-09 11:54:48,042 [DEBUG]  STREAM b'IHDR' 16 13
2024-09-09 11:54:48,042 [DEBUG]  STREAM b'IDAT' 41 65536
2024-09-09 11:54:48,046 [DEBUG]  STREAM b'IHDR' 16 13
2024-09-09 11:54:48,046 [DEBUG]  STREAM b'IDAT' 41 65536
2024-09-09 11:54:48,051 [DEBUG]  STREAM b'IHDR' 16 13
2024-09-09 11:54:48,051 [DEBUG]  STREAM b'IDAT' 41 65536
2024-09-09 11:54:48,055 [DEBUG]  STREAM b'IHDR' 16 13
2024-09-09 11:54:48,055 [DEBUG]  STREAM b'IDAT' 41 65536
2024-09-09 11:54:48,062 [DEBUG]  STREAM b'IHDR' 16 13
2024-09-09 11:54:48,062 [DEBUG]  STREAM b'IDAT' 41 65536
2024-09-09 11:54:48,066 [DEBUG]  STREAM b'IHDR' 16 13
2024-09-09 11:54:48,066 [DEBUG]  STREAM b'IDAT' 41 65536
2024-09-09 11:54:48,070 [DEBUG]  STREAM b'IHDR' 16 13
2024-09-09 11:54:48,070 [DEBUG]  STREAM b'IDAT' 41 65536
2024-09-09 11:54:48,074 [DEBUG]  STREAM b'IHDR' 16 13
2024-09-09 11:54:48,074 [DEBUG]  STREAM b'IDAT' 41 65536
2024-09-09 11:54:48,080 [DEBUG]  STREAM b'IHDR' 16 13
2024-09-09 11:54:48,080 [DEBUG]  STREAM b'IDAT' 41 65536
2024-09-09 11:54:48,084 [DEBUG]  STREAM b'IHDR' 16 13
2024-09-09 11:54:48,084 [DEBUG]  STREAM b'IDAT' 41 65536
2024-09-09 11:54:48,088 [DEBUG]  STREAM b'IHDR' 16 13
2024-09-09 11:54:48,088 [DEBUG]  STREAM b'IDAT' 41 65536
2024-09-09 11:54:48,092 [DEBUG]  STREAM b'IHDR' 16 13
2024-09-09 11:54:48,092 [DEBUG]  STREAM b'IDAT' 41 65536
2024-09-09 11:54:48,097 [DEBUG]  STREAM b'IHDR' 16 13
2024-09-09 11:54:48,097 [DEBUG]  STREAM b'IDAT' 41 65536
2024-09-09 11:54:48,102 [DEBUG]  STREAM b'IHDR' 16 13
2024-09-09 11:54:48,102 [DEBUG]  STREAM b'IDAT' 41 65536
2024-09-09 11:54:48,106 [DEBUG]  STREAM b'IHDR' 16 13
2024-09-09 11:54:48,106 [DEBUG]  STREAM b'IDAT' 41 65536
2024-09-09 11:54:48,110 [DEBUG]  STREAM b'IHDR' 16 13
2024-09-09 11:54:48,110 [DEBUG]  STREAM b'IDAT' 41 65536
2024-09-09 11:54:48,115 [DEBUG]  STREAM b'IHDR' 16 13
2024-09-09 11:54:48,115 [DEBUG]  STREAM b'IDAT' 41 65536
2024-09-09 11:54:48,119 [DEBUG]  STREAM b'IHDR' 16 13
2024-09-09 11:54:48,119 [DEBUG]  STREAM b'IDAT' 41 65536
2024-09-09 11:54:48,124 [DEBUG]  STREAM b'IHDR' 16 13
2024-09-09 11:54:48,124 [DEBUG]  STREAM b'IDAT' 41 65536
2024-09-09 11:54:48,128 [DEBUG]  STREAM b'IHDR' 16 13
2024-09-09 11:54:48,128 [DEBUG]  STREAM b'IDAT' 41 65536
2024-09-09 11:54:48,137 [DEBUG]  GraphTrial.log 1253.677 visit state = 6
2024-09-09 11:54:48,145 [DEBUG]  GraphTrial.log 1253.684 start flip_time = 1253.6842212916667
2024-09-09 11:54:48,151 [DEBUG]  GraphTrial.log 1253.690 get move selected = 5
2024-09-09 11:54:48,678 [DEBUG]  GraphTrial.log 1254.217 switch selected = 4
2024-09-09 11:54:49,294 [DEBUG]  GraphTrial.log 1254.833 switch selected = 5
2024-09-09 11:54:49,837 [DEBUG]  GraphTrial.log 1255.377 select selected = 5
2024-09-09 11:54:49,837 [DEBUG]  GraphTrial.log 1255.377 visit state = 5
2024-09-09 11:54:49,844 [DEBUG]  GraphTrial.log 1255.384 get move selected = 2
2024-09-09 11:54:50,405 [DEBUG]  GraphTrial.log 1255.944 select selected = 2
2024-09-09 11:54:50,405 [DEBUG]  GraphTrial.log 1255.944 visit state = 2
2024-09-09 11:54:52,261 [DEBUG]  GraphTrial.log 1257.800 done 
2024-09-09 11:54:52,261 [INFO]  end trial [{"time": 1248.4248562916669, "event": "begin drift_check"}, {"time": 1253.017251291667, "event": "initialize", "status": null}, {"time": 1253.0182929166667, "event": "start recording"}, {"time": 1253.4497440833334, "event": "show graph"}, {"time": 1253.676527458333, "event": "visit", "state": 6}, {"time": 1253.6842357083333, "event": "start", "flip_time": 1253.6842212916667}, {"time": 1253.6897909999998, "event": "get move", "selected": 5}, {"time": 1254.2174025833333, "event": "switch", "selected": 4}, {"time": 1254.8329734166668, "event": "switch", "selected": 5}, {"time": 1255.3766006249998, "event": "select", "selected": 5}, {"time": 1255.376667, "event": "visit", "state": 5}, {"time": 1255.3836407083331, "event": "get move", "selected": 2}, {"time": 1255.944346166667, "event": "select", "selected": 2}, {"time": 1255.9444064583336, "event": "visit", "state": 2}, {"time": 1257.7999539166667, "event": "done"}]
2024-09-09 11:54:52,261 [INFO]  stop_recording
2024-09-09 11:54:52,779 [INFO]  gt.status is None
2024-09-09 11:54:52,780 [DEBUG]  add bonus points 8 (total = 375)
2024-09-09 11:54:52,780 [INFO]  Trial 81 of 260
2024-09-09 11:54:54,670 [INFO]  begin trial {"kind": "GraphTrial", "graph": [[], [3, 9], [7, 0], [], [], [2, 10], [], [], [1, 3], [4], [6]], "rewards": [-4, 0, -3, 4, -4, null, 4, -2, -4, -3, -2], "reward_info": {"-4": {"desc": "pattern_1", "image": "images[0]"}, "-3": {"desc": "pattern_2", "image": "images[1]"}, "-2": {"desc": "pattern_3", "image": "images[2]"}, "-1": {"desc": "pattern_4", "image": "images[3]"}, "0": {"desc": "pattern_5", "image": "images[4]"}, "1": {"desc": "pattern_6", "image": "images[5]"}, "2": {"desc": "pattern_7", "image": "images[6]"}, "3": {"desc": "pattern_8", "image": "images[7]"}, "4": {"desc": "pattern_9", "image": "images[8]"}}, "initial_stage": "planning", "hide_states": false, "hide_rewards_while_acting": false, "hide_edges_while_acting": false, "gaze_contingent": false, "gaze_tolerance": 1.5, "fixation_lag": 0.5, "start": 5}
2024-09-09 11:54:54,670 [INFO]  <eyetracking.EyeLink object at 0x3177c5370>
2024-09-09 11:54:54,670 [DEBUG]  GraphTrial.log 1260.209 begin drift_check 
2024-09-09 11:54:59,244 [DEBUG]  GraphTrial.log 1264.784 initialize status = None
2024-09-09 11:54:59,245 [DEBUG]  GraphTrial.log 1264.784 start recording 
2024-09-09 11:54:59,245 [INFO]  start_recording
2024-09-09 11:54:59,677 [DEBUG]  GraphTrial.log 1265.216 show graph 
2024-09-09 11:54:59,685 [DEBUG]  STREAM b'IHDR' 16 13
2024-09-09 11:54:59,685 [DEBUG]  STREAM b'IDAT' 41 65536
2024-09-09 11:54:59,698 [DEBUG]  STREAM b'IHDR' 16 13
2024-09-09 11:54:59,698 [DEBUG]  STREAM b'IDAT' 41 65536
2024-09-09 11:54:59,708 [DEBUG]  STREAM b'IHDR' 16 13
2024-09-09 11:54:59,708 [DEBUG]  STREAM b'IDAT' 41 65536
2024-09-09 11:54:59,716 [DEBUG]  STREAM b'IHDR' 16 13
2024-09-09 11:54:59,716 [DEBUG]  STREAM b'IDAT' 41 65536
2024-09-09 11:54:59,726 [DEBUG]  STREAM b'IHDR' 16 13
2024-09-09 11:54:59,726 [DEBUG]  STREAM b'IDAT' 41 65536
2024-09-09 11:54:59,732 [DEBUG]  STREAM b'IHDR' 16 13
2024-09-09 11:54:59,732 [DEBUG]  STREAM b'IDAT' 41 65536
2024-09-09 11:54:59,738 [DEBUG]  STREAM b'IHDR' 16 13
2024-09-09 11:54:59,738 [DEBUG]  STREAM b'IDAT' 41 65536
2024-09-09 11:54:59,743 [DEBUG]  STREAM b'IHDR' 16 13
2024-09-09 11:54:59,743 [DEBUG]  STREAM b'IDAT' 41 65536
2024-09-09 11:54:59,750 [DEBUG]  STREAM b'IHDR' 16 13
2024-09-09 11:54:59,750 [DEBUG]  STREAM b'IDAT' 41 65536
2024-09-09 11:54:59,755 [DEBUG]  STREAM b'IHDR' 16 13
2024-09-09 11:54:59,755 [DEBUG]  STREAM b'IDAT' 41 65536
2024-09-09 11:54:59,760 [DEBUG]  STREAM b'IHDR' 16 13
2024-09-09 11:54:59,760 [DEBUG]  STREAM b'IDAT' 41 65536
2024-09-09 11:54:59,764 [DEBUG]  STREAM b'IHDR' 16 13
2024-09-09 11:54:59,765 [DEBUG]  STREAM b'IDAT' 41 65536
2024-09-09 11:54:59,770 [DEBUG]  STREAM b'IHDR' 16 13
2024-09-09 11:54:59,771 [DEBUG]  STREAM b'IDAT' 41 65536
2024-09-09 11:54:59,775 [DEBUG]  STREAM b'IHDR' 16 13
2024-09-09 11:54:59,775 [DEBUG]  STREAM b'IDAT' 41 65536
2024-09-09 11:54:59,780 [DEBUG]  STREAM b'IHDR' 16 13
2024-09-09 11:54:59,780 [DEBUG]  STREAM b'IDAT' 41 65536
2024-09-09 11:54:59,785 [DEBUG]  STREAM b'IHDR' 16 13
2024-09-09 11:54:59,785 [DEBUG]  STREAM b'IDAT' 41 65536
2024-09-09 11:54:59,790 [DEBUG]  STREAM b'IHDR' 16 13
2024-09-09 11:54:59,790 [DEBUG]  STREAM b'IDAT' 41 65536
2024-09-09 11:54:59,795 [DEBUG]  STREAM b'IHDR' 16 13
2024-09-09 11:54:59,795 [DEBUG]  STREAM b'IDAT' 41 65536
2024-09-09 11:54:59,799 [DEBUG]  STREAM b'IHDR' 16 13
2024-09-09 11:54:59,799 [DEBUG]  STREAM b'IDAT' 41 65536
2024-09-09 11:54:59,803 [DEBUG]  STREAM b'IHDR' 16 13
2024-09-09 11:54:59,803 [DEBUG]  STREAM b'IDAT' 41 65536
2024-09-09 11:54:59,809 [DEBUG]  STREAM b'IHDR' 16 13
2024-09-09 11:54:59,810 [DEBUG]  STREAM b'IDAT' 41 65536
2024-09-09 11:54:59,814 [DEBUG]  STREAM b'IHDR' 16 13
2024-09-09 11:54:59,814 [DEBUG]  STREAM b'IDAT' 41 65536
2024-09-09 11:54:59,819 [DEBUG]  STREAM b'IHDR' 16 13
2024-09-09 11:54:59,819 [DEBUG]  STREAM b'IDAT' 41 65536
2024-09-09 11:54:59,823 [DEBUG]  STREAM b'IHDR' 16 13
2024-09-09 11:54:59,823 [DEBUG]  STREAM b'IDAT' 41 65536
2024-09-09 11:54:59,830 [DEBUG]  STREAM b'IHDR' 16 13
2024-09-09 11:54:59,830 [DEBUG]  STREAM b'IDAT' 41 65536
2024-09-09 11:54:59,834 [DEBUG]  STREAM b'IHDR' 16 13
2024-09-09 11:54:59,834 [DEBUG]  STREAM b'IDAT' 41 65536
2024-09-09 11:54:59,838 [DEBUG]  STREAM b'IHDR' 16 13
2024-09-09 11:54:59,838 [DEBUG]  STREAM b'IDAT' 41 65536
2024-09-09 11:54:59,842 [DEBUG]  STREAM b'IHDR' 16 13
2024-09-09 11:54:59,842 [DEBUG]  STREAM b'IDAT' 41 65536
2024-09-09 11:54:59,848 [DEBUG]  STREAM b'IHDR' 16 13
2024-09-09 11:54:59,848 [DEBUG]  STREAM b'IDAT' 41 65536
2024-09-09 11:54:59,852 [DEBUG]  STREAM b'IHDR' 16 13
2024-09-09 11:54:59,852 [DEBUG]  STREAM b'IDAT' 41 65536
2024-09-09 11:54:59,856 [DEBUG]  STREAM b'IHDR' 16 13
2024-09-09 11:54:59,856 [DEBUG]  STREAM b'IDAT' 41 65536
2024-09-09 11:54:59,860 [DEBUG]  STREAM b'IHDR' 16 13
2024-09-09 11:54:59,860 [DEBUG]  STREAM b'IDAT' 41 65536
2024-09-09 11:54:59,866 [DEBUG]  STREAM b'IHDR' 16 13
2024-09-09 11:54:59,866 [DEBUG]  STREAM b'IDAT' 41 65536
2024-09-09 11:54:59,870 [DEBUG]  STREAM b'IHDR' 16 13
2024-09-09 11:54:59,870 [DEBUG]  STREAM b'IDAT' 41 65536
2024-09-09 11:54:59,874 [DEBUG]  STREAM b'IHDR' 16 13
2024-09-09 11:54:59,874 [DEBUG]  STREAM b'IDAT' 41 65536
2024-09-09 11:54:59,878 [DEBUG]  STREAM b'IHDR' 16 13
2024-09-09 11:54:59,878 [DEBUG]  STREAM b'IDAT' 41 65536
2024-09-09 11:54:59,884 [DEBUG]  STREAM b'IHDR' 16 13
2024-09-09 11:54:59,884 [DEBUG]  STREAM b'IDAT' 41 65536
2024-09-09 11:54:59,888 [DEBUG]  STREAM b'IHDR' 16 13
2024-09-09 11:54:59,888 [DEBUG]  STREAM b'IDAT' 41 65536
2024-09-09 11:54:59,892 [DEBUG]  STREAM b'IHDR' 16 13
2024-09-09 11:54:59,892 [DEBUG]  STREAM b'IDAT' 41 65536
2024-09-09 11:54:59,896 [DEBUG]  STREAM b'IHDR' 16 13
2024-09-09 11:54:59,896 [DEBUG]  STREAM b'IDAT' 41 65536
2024-09-09 11:54:59,906 [DEBUG]  GraphTrial.log 1265.445 visit state = 5
2024-09-09 11:54:59,912 [DEBUG]  GraphTrial.log 1265.451 start flip_time = 1265.4506835416669
2024-09-09 11:54:59,916 [DEBUG]  GraphTrial.log 1265.455 get move selected = 2
2024-09-09 11:55:00,670 [DEBUG]  GraphTrial.log 1266.209 switch selected = 10
2024-09-09 11:55:03,190 [DEBUG]  GraphTrial.log 1268.729 switch selected = 2
2024-09-09 11:55:03,830 [DEBUG]  GraphTrial.log 1269.369 switch selected = 10
2024-09-09 11:55:04,862 [DEBUG]  GraphTrial.log 1270.401 select selected = 10
2024-09-09 11:55:04,862 [DEBUG]  GraphTrial.log 1270.401 visit state = 10
2024-09-09 11:55:04,871 [DEBUG]  GraphTrial.log 1270.410 get move selected = 6
2024-09-09 11:55:05,709 [DEBUG]  GraphTrial.log 1271.249 select selected = 6
2024-09-09 11:55:05,710 [DEBUG]  GraphTrial.log 1271.249 visit state = 6
2024-09-09 11:55:07,592 [DEBUG]  GraphTrial.log 1273.131 done 
2024-09-09 11:55:07,593 [INFO]  end trial [{"time": 1260.2089863333335, "event": "begin drift_check"}, {"time": 1264.783560041667, "event": "initialize", "status": null}, {"time": 1264.7837542916668, "event": "start recording"}, {"time": 1265.2158436666668, "event": "show graph"}, {"time": 1265.44542925, "event": "visit", "state": 5}, {"time": 1265.450699125, "event": "start", "flip_time": 1265.4506835416669}, {"time": 1265.4553753333334, "event": "get move", "selected": 2}, {"time": 1266.2093973749998, "event": "switch", "selected": 10}, {"time": 1268.7291004999997, "event": "switch", "selected": 2}, {"time": 1269.3689474166667, "event": "switch", "selected": 10}, {"time": 1270.400636166667, "event": "select", "selected": 10}, {"time": 1270.4007041249997, "event": "visit", "state": 10}, {"time": 1270.410099416667, "event": "get move", "selected": 6}, {"time": 1271.2486163333333, "event": "select", "selected": 6}, {"time": 1271.2486821666666, "event": "visit", "state": 6}, {"time": 1273.1314463333333, "event": "done"}]
2024-09-09 11:55:07,593 [INFO]  stop_recording
2024-09-09 11:55:08,111 [INFO]  gt.status is None
2024-09-09 11:55:08,111 [DEBUG]  add bonus points 2 (total = 377)
2024-09-09 11:55:08,111 [INFO]  Trial 82 of 260
2024-09-09 11:55:11,214 [INFO]  begin trial {"kind": "GraphTrial", "graph": [[9, 5], [], [1, 3], [], [0, 2], [], [10, 8], [6, 10], [], [], []], "rewards": [-4, 3, 2, -4, null, -1, 2, 3, 0, -4, 1], "reward_info": {"-4": {"desc": "pattern_1", "image": "images[0]"}, "-3": {"desc": "pattern_2", "image": "images[1]"}, "-2": {"desc": "pattern_3", "image": "images[2]"}, "-1": {"desc": "pattern_4", "image": "images[3]"}, "0": {"desc": "pattern_5", "image": "images[4]"}, "1": {"desc": "pattern_6", "image": "images[5]"}, "2": {"desc": "pattern_7", "image": "images[6]"}, "3": {"desc": "pattern_8", "image": "images[7]"}, "4": {"desc": "pattern_9", "image": "images[8]"}}, "initial_stage": "planning", "hide_states": false, "hide_rewards_while_acting": false, "hide_edges_while_acting": false, "gaze_contingent": false, "gaze_tolerance": 1.5, "fixation_lag": 0.5, "start": 4}
2024-09-09 11:55:11,214 [INFO]  <eyetracking.EyeLink object at 0x3177c5370>
2024-09-09 11:55:11,214 [DEBUG]  GraphTrial.log 1276.753 begin drift_check 
2024-09-09 11:55:31,154 [DEBUG]  GraphTrial.log 1296.693 initialize status = None
2024-09-09 11:55:31,155 [DEBUG]  GraphTrial.log 1296.694 start recording 
2024-09-09 11:55:31,155 [INFO]  start_recording
2024-09-09 11:55:31,588 [DEBUG]  GraphTrial.log 1297.126 show graph 
2024-09-09 11:55:31,597 [DEBUG]  STREAM b'IHDR' 16 13
2024-09-09 11:55:31,597 [DEBUG]  STREAM b'IDAT' 41 65536
2024-09-09 11:55:31,610 [DEBUG]  STREAM b'IHDR' 16 13
2024-09-09 11:55:31,610 [DEBUG]  STREAM b'IDAT' 41 65536
2024-09-09 11:55:31,620 [DEBUG]  STREAM b'IHDR' 16 13
2024-09-09 11:55:31,620 [DEBUG]  STREAM b'IDAT' 41 65536
2024-09-09 11:55:31,628 [DEBUG]  STREAM b'IHDR' 16 13
2024-09-09 11:55:31,628 [DEBUG]  STREAM b'IDAT' 41 65536
2024-09-09 11:55:31,639 [DEBUG]  STREAM b'IHDR' 16 13
2024-09-09 11:55:31,639 [DEBUG]  STREAM b'IDAT' 41 65536
2024-09-09 11:55:31,647 [DEBUG]  STREAM b'IHDR' 16 13
2024-09-09 11:55:31,647 [DEBUG]  STREAM b'IDAT' 41 65536
2024-09-09 11:55:31,653 [DEBUG]  STREAM b'IHDR' 16 13
2024-09-09 11:55:31,653 [DEBUG]  STREAM b'IDAT' 41 65536
2024-09-09 11:55:31,659 [DEBUG]  STREAM b'IHDR' 16 13
2024-09-09 11:55:31,659 [DEBUG]  STREAM b'IDAT' 41 65536
2024-09-09 11:55:31,666 [DEBUG]  STREAM b'IHDR' 16 13
2024-09-09 11:55:31,666 [DEBUG]  STREAM b'IDAT' 41 65536
2024-09-09 11:55:31,672 [DEBUG]  STREAM b'IHDR' 16 13
2024-09-09 11:55:31,672 [DEBUG]  STREAM b'IDAT' 41 65536
2024-09-09 11:55:31,677 [DEBUG]  STREAM b'IHDR' 16 13
2024-09-09 11:55:31,677 [DEBUG]  STREAM b'IDAT' 41 65536
2024-09-09 11:55:31,682 [DEBUG]  STREAM b'IHDR' 16 13
2024-09-09 11:55:31,682 [DEBUG]  STREAM b'IDAT' 41 65536
2024-09-09 11:55:31,688 [DEBUG]  STREAM b'IHDR' 16 13
2024-09-09 11:55:31,688 [DEBUG]  STREAM b'IDAT' 41 65536
2024-09-09 11:55:31,692 [DEBUG]  STREAM b'IHDR' 16 13
2024-09-09 11:55:31,692 [DEBUG]  STREAM b'IDAT' 41 65536
2024-09-09 11:55:31,697 [DEBUG]  STREAM b'IHDR' 16 13
2024-09-09 11:55:31,697 [DEBUG]  STREAM b'IDAT' 41 65536
2024-09-09 11:55:31,701 [DEBUG]  STREAM b'IHDR' 16 13
2024-09-09 11:55:31,701 [DEBUG]  STREAM b'IDAT' 41 65536
2024-09-09 11:55:31,708 [DEBUG]  STREAM b'IHDR' 16 13
2024-09-09 11:55:31,708 [DEBUG]  STREAM b'IDAT' 41 65536
2024-09-09 11:55:31,712 [DEBUG]  STREAM b'IHDR' 16 13
2024-09-09 11:55:31,712 [DEBUG]  STREAM b'IDAT' 41 65536
2024-09-09 11:55:31,717 [DEBUG]  STREAM b'IHDR' 16 13
2024-09-09 11:55:31,717 [DEBUG]  STREAM b'IDAT' 41 65536
2024-09-09 11:55:31,721 [DEBUG]  STREAM b'IHDR' 16 13
2024-09-09 11:55:31,721 [DEBUG]  STREAM b'IDAT' 41 65536
2024-09-09 11:55:31,726 [DEBUG]  STREAM b'IHDR' 16 13
2024-09-09 11:55:31,726 [DEBUG]  STREAM b'IDAT' 41 65536
2024-09-09 11:55:31,731 [DEBUG]  STREAM b'IHDR' 16 13
2024-09-09 11:55:31,731 [DEBUG]  STREAM b'IDAT' 41 65536
2024-09-09 11:55:31,735 [DEBUG]  STREAM b'IHDR' 16 13
2024-09-09 11:55:31,735 [DEBUG]  STREAM b'IDAT' 41 65536
2024-09-09 11:55:31,739 [DEBUG]  STREAM b'IHDR' 16 13
2024-09-09 11:55:31,739 [DEBUG]  STREAM b'IDAT' 41 65536
2024-09-09 11:55:31,745 [DEBUG]  STREAM b'IHDR' 16 13
2024-09-09 11:55:31,745 [DEBUG]  STREAM b'IDAT' 41 65536
2024-09-09 11:55:31,749 [DEBUG]  STREAM b'IHDR' 16 13
2024-09-09 11:55:31,749 [DEBUG]  STREAM b'IDAT' 41 65536
2024-09-09 11:55:31,754 [DEBUG]  STREAM b'IHDR' 16 13
2024-09-09 11:55:31,754 [DEBUG]  STREAM b'IDAT' 41 65536
2024-09-09 11:55:31,758 [DEBUG]  STREAM b'IHDR' 16 13
2024-09-09 11:55:31,758 [DEBUG]  STREAM b'IDAT' 41 65536
2024-09-09 11:55:31,764 [DEBUG]  STREAM b'IHDR' 16 13
2024-09-09 11:55:31,764 [DEBUG]  STREAM b'IDAT' 41 65536
2024-09-09 11:55:31,768 [DEBUG]  STREAM b'IHDR' 16 13
2024-09-09 11:55:31,768 [DEBUG]  STREAM b'IDAT' 41 65536
2024-09-09 11:55:31,772 [DEBUG]  STREAM b'IHDR' 16 13
2024-09-09 11:55:31,772 [DEBUG]  STREAM b'IDAT' 41 65536
2024-09-09 11:55:31,777 [DEBUG]  STREAM b'IHDR' 16 13
2024-09-09 11:55:31,777 [DEBUG]  STREAM b'IDAT' 41 65536
2024-09-09 11:55:31,782 [DEBUG]  STREAM b'IHDR' 16 13
2024-09-09 11:55:31,782 [DEBUG]  STREAM b'IDAT' 41 65536
2024-09-09 11:55:31,786 [DEBUG]  STREAM b'IHDR' 16 13
2024-09-09 11:55:31,786 [DEBUG]  STREAM b'IDAT' 41 65536
2024-09-09 11:55:31,791 [DEBUG]  STREAM b'IHDR' 16 13
2024-09-09 11:55:31,791 [DEBUG]  STREAM b'IDAT' 41 65536
2024-09-09 11:55:31,795 [DEBUG]  STREAM b'IHDR' 16 13
2024-09-09 11:55:31,795 [DEBUG]  STREAM b'IDAT' 41 65536
2024-09-09 11:55:31,800 [DEBUG]  STREAM b'IHDR' 16 13
2024-09-09 11:55:31,800 [DEBUG]  STREAM b'IDAT' 41 65536
2024-09-09 11:55:31,805 [DEBUG]  STREAM b'IHDR' 16 13
2024-09-09 11:55:31,805 [DEBUG]  STREAM b'IDAT' 41 65536
2024-09-09 11:55:31,809 [DEBUG]  STREAM b'IHDR' 16 13
2024-09-09 11:55:31,809 [DEBUG]  STREAM b'IDAT' 41 65536
2024-09-09 11:55:31,813 [DEBUG]  STREAM b'IHDR' 16 13
2024-09-09 11:55:31,813 [DEBUG]  STREAM b'IDAT' 41 65536
2024-09-09 11:55:31,823 [DEBUG]  GraphTrial.log 1297.362 visit state = 4
2024-09-09 11:55:31,828 [DEBUG]  GraphTrial.log 1297.367 start flip_time = 1297.3666255833332
2024-09-09 11:55:31,833 [DEBUG]  GraphTrial.log 1297.372 get move selected = 2
2024-09-09 11:55:32,550 [DEBUG]  GraphTrial.log 1298.089 switch selected = 0
2024-09-09 11:55:33,358 [DEBUG]  GraphTrial.log 1298.897 switch selected = 2
2024-09-09 11:55:34,238 [DEBUG]  GraphTrial.log 1299.777 select selected = 2
2024-09-09 11:55:34,238 [DEBUG]  GraphTrial.log 1299.777 visit state = 2
2024-09-09 11:55:34,246 [DEBUG]  GraphTrial.log 1299.785 get move selected = 1
2024-09-09 11:55:36,310 [DEBUG]  GraphTrial.log 1301.849 select selected = 1
2024-09-09 11:55:36,310 [DEBUG]  GraphTrial.log 1301.849 visit state = 1
2024-09-09 11:55:38,192 [DEBUG]  GraphTrial.log 1303.731 done 
2024-09-09 11:55:38,192 [INFO]  end trial [{"time": 1276.7530244583331, "event": "begin drift_check"}, {"time": 1296.6928079999998, "event": "initialize", "status": null}, {"time": 1296.6937528333333, "event": "start recording"}, {"time": 1297.1264615, "event": "show graph"}, {"time": 1297.361575125, "event": "visit", "state": 4}, {"time": 1297.3666400416669, "event": "start", "flip_time": 1297.3666255833332}, {"time": 1297.3724856666668, "event": "get move", "selected": 2}, {"time": 1298.0893820833335, "event": "switch", "selected": 0}, {"time": 1298.8970326249996, "event": "switch", "selected": 2}, {"time": 1299.7765977083332, "event": "select", "selected": 2}, {"time": 1299.7766640416667, "event": "visit", "state": 2}, {"time": 1299.7847638333333, "event": "get move", "selected": 1}, {"time": 1301.8486385416668, "event": "select", "selected": 1}, {"time": 1301.8487135, "event": "visit", "state": 1}, {"time": 1303.7311940416666, "event": "done"}]
2024-09-09 11:55:38,192 [INFO]  stop_recording
2024-09-09 11:55:38,710 [INFO]  gt.status is None
2024-09-09 11:55:38,710 [DEBUG]  add bonus points 5 (total = 382)
2024-09-09 11:55:38,710 [INFO]  Trial 83 of 260
2024-09-09 11:55:42,566 [INFO]  begin trial {"kind": "GraphTrial", "graph": [[6], [3, 0], [4, 7], [], [5, 9], [], [], [10], [1, 3], [], []], "rewards": [-3, -4, null, 2, 2, 3, 4, -3, 2, -2, -1], "reward_info": {"-4": {"desc": "pattern_1", "image": "images[0]"}, "-3": {"desc": "pattern_2", "image": "images[1]"}, "-2": {"desc": "pattern_3", "image": "images[2]"}, "-1": {"desc": "pattern_4", "image": "images[3]"}, "0": {"desc": "pattern_5", "image": "images[4]"}, "1": {"desc": "pattern_6", "image": "images[5]"}, "2": {"desc": "pattern_7", "image": "images[6]"}, "3": {"desc": "pattern_8", "image": "images[7]"}, "4": {"desc": "pattern_9", "image": "images[8]"}}, "initial_stage": "planning", "hide_states": false, "hide_rewards_while_acting": false, "hide_edges_while_acting": false, "gaze_contingent": false, "gaze_tolerance": 1.5, "fixation_lag": 0.5, "start": 2}
2024-09-09 11:55:42,566 [INFO]  <eyetracking.EyeLink object at 0x3177c5370>
2024-09-09 11:55:42,566 [DEBUG]  GraphTrial.log 1308.105 begin drift_check 
2024-09-09 11:55:45,545 [DEBUG]  GraphTrial.log 1311.084 initialize status = None
2024-09-09 11:55:45,545 [DEBUG]  GraphTrial.log 1311.084 start recording 
2024-09-09 11:55:45,546 [INFO]  start_recording
2024-09-09 11:55:46,288 [DEBUG]  GraphTrial.log 1311.827 show graph 
2024-09-09 11:55:46,296 [DEBUG]  STREAM b'IHDR' 16 13
2024-09-09 11:55:46,296 [DEBUG]  STREAM b'IDAT' 41 65536
2024-09-09 11:55:46,309 [DEBUG]  STREAM b'IHDR' 16 13
2024-09-09 11:55:46,309 [DEBUG]  STREAM b'IDAT' 41 65536
2024-09-09 11:55:46,319 [DEBUG]  STREAM b'IHDR' 16 13
2024-09-09 11:55:46,319 [DEBUG]  STREAM b'IDAT' 41 65536
2024-09-09 11:55:46,327 [DEBUG]  STREAM b'IHDR' 16 13
2024-09-09 11:55:46,327 [DEBUG]  STREAM b'IDAT' 41 65536
2024-09-09 11:55:46,337 [DEBUG]  STREAM b'IHDR' 16 13
2024-09-09 11:55:46,337 [DEBUG]  STREAM b'IDAT' 41 65536
2024-09-09 11:55:46,344 [DEBUG]  STREAM b'IHDR' 16 13
2024-09-09 11:55:46,344 [DEBUG]  STREAM b'IDAT' 41 65536
2024-09-09 11:55:46,350 [DEBUG]  STREAM b'IHDR' 16 13
2024-09-09 11:55:46,350 [DEBUG]  STREAM b'IDAT' 41 65536
2024-09-09 11:55:46,355 [DEBUG]  STREAM b'IHDR' 16 13
2024-09-09 11:55:46,355 [DEBUG]  STREAM b'IDAT' 41 65536
2024-09-09 11:55:46,363 [DEBUG]  STREAM b'IHDR' 16 13
2024-09-09 11:55:46,363 [DEBUG]  STREAM b'IDAT' 41 65536
2024-09-09 11:55:46,369 [DEBUG]  STREAM b'IHDR' 16 13
2024-09-09 11:55:46,369 [DEBUG]  STREAM b'IDAT' 41 65536
2024-09-09 11:55:46,374 [DEBUG]  STREAM b'IHDR' 16 13
2024-09-09 11:55:46,374 [DEBUG]  STREAM b'IDAT' 41 65536
2024-09-09 11:55:46,378 [DEBUG]  STREAM b'IHDR' 16 13
2024-09-09 11:55:46,378 [DEBUG]  STREAM b'IDAT' 41 65536
2024-09-09 11:55:46,384 [DEBUG]  STREAM b'IHDR' 16 13
2024-09-09 11:55:46,384 [DEBUG]  STREAM b'IDAT' 41 65536
2024-09-09 11:55:46,389 [DEBUG]  STREAM b'IHDR' 16 13
2024-09-09 11:55:46,389 [DEBUG]  STREAM b'IDAT' 41 65536
2024-09-09 11:55:46,394 [DEBUG]  STREAM b'IHDR' 16 13
2024-09-09 11:55:46,394 [DEBUG]  STREAM b'IDAT' 41 65536
2024-09-09 11:55:46,398 [DEBUG]  STREAM b'IHDR' 16 13
2024-09-09 11:55:46,398 [DEBUG]  STREAM b'IDAT' 41 65536
2024-09-09 11:55:46,404 [DEBUG]  STREAM b'IHDR' 16 13
2024-09-09 11:55:46,404 [DEBUG]  STREAM b'IDAT' 41 65536
2024-09-09 11:55:46,408 [DEBUG]  STREAM b'IHDR' 16 13
2024-09-09 11:55:46,408 [DEBUG]  STREAM b'IDAT' 41 65536
2024-09-09 11:55:46,413 [DEBUG]  STREAM b'IHDR' 16 13
2024-09-09 11:55:46,413 [DEBUG]  STREAM b'IDAT' 41 65536
2024-09-09 11:55:46,417 [DEBUG]  STREAM b'IHDR' 16 13
2024-09-09 11:55:46,417 [DEBUG]  STREAM b'IDAT' 41 65536
2024-09-09 11:55:46,423 [DEBUG]  STREAM b'IHDR' 16 13
2024-09-09 11:55:46,423 [DEBUG]  STREAM b'IDAT' 41 65536
2024-09-09 11:55:46,427 [DEBUG]  STREAM b'IHDR' 16 13
2024-09-09 11:55:46,427 [DEBUG]  STREAM b'IDAT' 41 65536
2024-09-09 11:55:46,432 [DEBUG]  STREAM b'IHDR' 16 13
2024-09-09 11:55:46,432 [DEBUG]  STREAM b'IDAT' 41 65536
2024-09-09 11:55:46,436 [DEBUG]  STREAM b'IHDR' 16 13
2024-09-09 11:55:46,436 [DEBUG]  STREAM b'IDAT' 41 65536
2024-09-09 11:55:46,442 [DEBUG]  STREAM b'IHDR' 16 13
2024-09-09 11:55:46,442 [DEBUG]  STREAM b'IDAT' 41 65536
2024-09-09 11:55:46,446 [DEBUG]  STREAM b'IHDR' 16 13
2024-09-09 11:55:46,446 [DEBUG]  STREAM b'IDAT' 41 65536
2024-09-09 11:55:46,450 [DEBUG]  STREAM b'IHDR' 16 13
2024-09-09 11:55:46,450 [DEBUG]  STREAM b'IDAT' 41 65536
2024-09-09 11:55:46,455 [DEBUG]  STREAM b'IHDR' 16 13
2024-09-09 11:55:46,455 [DEBUG]  STREAM b'IDAT' 41 65536
2024-09-09 11:55:46,460 [DEBUG]  STREAM b'IHDR' 16 13
2024-09-09 11:55:46,460 [DEBUG]  STREAM b'IDAT' 41 65536
2024-09-09 11:55:46,465 [DEBUG]  STREAM b'IHDR' 16 13
2024-09-09 11:55:46,465 [DEBUG]  STREAM b'IDAT' 41 65536
2024-09-09 11:55:46,469 [DEBUG]  STREAM b'IHDR' 16 13
2024-09-09 11:55:46,469 [DEBUG]  STREAM b'IDAT' 41 65536
2024-09-09 11:55:46,473 [DEBUG]  STREAM b'IHDR' 16 13
2024-09-09 11:55:46,473 [DEBUG]  STREAM b'IDAT' 41 65536
2024-09-09 11:55:46,479 [DEBUG]  STREAM b'IHDR' 16 13
2024-09-09 11:55:46,479 [DEBUG]  STREAM b'IDAT' 41 65536
2024-09-09 11:55:46,483 [DEBUG]  STREAM b'IHDR' 16 13
2024-09-09 11:55:46,483 [DEBUG]  STREAM b'IDAT' 41 65536
2024-09-09 11:55:46,487 [DEBUG]  STREAM b'IHDR' 16 13
2024-09-09 11:55:46,487 [DEBUG]  STREAM b'IDAT' 41 65536
2024-09-09 11:55:46,491 [DEBUG]  STREAM b'IHDR' 16 13
2024-09-09 11:55:46,491 [DEBUG]  STREAM b'IDAT' 41 65536
2024-09-09 11:55:46,497 [DEBUG]  STREAM b'IHDR' 16 13
2024-09-09 11:55:46,497 [DEBUG]  STREAM b'IDAT' 41 65536
2024-09-09 11:55:46,501 [DEBUG]  STREAM b'IHDR' 16 13
2024-09-09 11:55:46,501 [DEBUG]  STREAM b'IDAT' 41 65536
2024-09-09 11:55:46,505 [DEBUG]  STREAM b'IHDR' 16 13
2024-09-09 11:55:46,505 [DEBUG]  STREAM b'IDAT' 41 65536
2024-09-09 11:55:46,509 [DEBUG]  STREAM b'IHDR' 16 13
2024-09-09 11:55:46,509 [DEBUG]  STREAM b'IDAT' 41 65536
2024-09-09 11:55:46,519 [DEBUG]  GraphTrial.log 1312.058 visit state = 2
2024-09-09 11:55:46,527 [DEBUG]  GraphTrial.log 1312.066 start flip_time = 1312.0658072916667
2024-09-09 11:55:46,532 [DEBUG]  GraphTrial.log 1312.071 get move selected = 7
2024-09-09 11:55:47,430 [DEBUG]  GraphTrial.log 1312.969 switch selected = 4
2024-09-09 11:55:49,310 [DEBUG]  GraphTrial.log 1314.849 select selected = 4
2024-09-09 11:55:49,310 [DEBUG]  GraphTrial.log 1314.849 visit state = 4
2024-09-09 11:55:49,321 [DEBUG]  GraphTrial.log 1314.860 get move selected = 5
2024-09-09 11:55:49,742 [DEBUG]  GraphTrial.log 1315.281 select selected = 5
2024-09-09 11:55:49,742 [DEBUG]  GraphTrial.log 1315.281 visit state = 5
2024-09-09 11:55:51,608 [DEBUG]  GraphTrial.log 1317.147 done 
2024-09-09 11:55:51,608 [INFO]  end trial [{"time": 1308.10505775, "event": "begin drift_check"}, {"time": 1311.083765041667, "event": "initialize", "status": null}, {"time": 1311.0844542083332, "event": "start recording"}, {"time": 1311.8269347083333, "event": "show graph"}, {"time": 1312.0575578333332, "event": "visit", "state": 2}, {"time": 1312.065816166667, "event": "start", "flip_time": 1312.0658072916667}, {"time": 1312.0714751249998, "event": "get move", "selected": 7}, {"time": 1312.9694029583334, "event": "switch", "selected": 4}, {"time": 1314.848781625, "event": "select", "selected": 4}, {"time": 1314.8488516666666, "event": "visit", "state": 4}, {"time": 1314.8596183749996, "event": "get move", "selected": 5}, {"time": 1315.2806142499999, "event": "select", "selected": 5}, {"time": 1315.280676041667, "event": "visit", "state": 5}, {"time": 1317.1465655833335, "event": "done"}]
2024-09-09 11:55:51,608 [INFO]  stop_recording
2024-09-09 11:55:52,124 [INFO]  gt.status is None
2024-09-09 11:55:52,124 [DEBUG]  add bonus points 5 (total = 387)
2024-09-09 11:55:52,124 [INFO]  Trial 84 of 260
2024-09-09 11:55:53,518 [INFO]  begin trial {"kind": "GraphTrial", "graph": [[], [], [9, 0], [], [], [2, 6], [3, 10], [4, 1], [7, 4], [], []], "rewards": [4, 2, -4, 1, -2, null, 4, -3, -3, -1, -2], "reward_info": {"-4": {"desc": "pattern_1", "image": "images[0]"}, "-3": {"desc": "pattern_2", "image": "images[1]"}, "-2": {"desc": "pattern_3", "image": "images[2]"}, "-1": {"desc": "pattern_4", "image": "images[3]"}, "0": {"desc": "pattern_5", "image": "images[4]"}, "1": {"desc": "pattern_6", "image": "images[5]"}, "2": {"desc": "pattern_7", "image": "images[6]"}, "3": {"desc": "pattern_8", "image": "images[7]"}, "4": {"desc": "pattern_9", "image": "images[8]"}}, "initial_stage": "planning", "hide_states": false, "hide_rewards_while_acting": false, "hide_edges_while_acting": false, "gaze_contingent": false, "gaze_tolerance": 1.5, "fixation_lag": 0.5, "start": 5}
2024-09-09 11:55:53,518 [INFO]  <eyetracking.EyeLink object at 0x3177c5370>
2024-09-09 11:55:53,518 [DEBUG]  GraphTrial.log 1319.057 begin drift_check 
2024-09-09 11:56:01,076 [DEBUG]  GraphTrial.log 1326.615 initialize status = None
2024-09-09 11:56:01,076 [DEBUG]  GraphTrial.log 1326.615 start recording 
2024-09-09 11:56:01,076 [INFO]  start_recording
2024-09-09 11:56:01,509 [DEBUG]  GraphTrial.log 1327.048 show graph 
2024-09-09 11:56:01,518 [DEBUG]  STREAM b'IHDR' 16 13
2024-09-09 11:56:01,518 [DEBUG]  STREAM b'IDAT' 41 65536
2024-09-09 11:56:01,531 [DEBUG]  STREAM b'IHDR' 16 13
2024-09-09 11:56:01,531 [DEBUG]  STREAM b'IDAT' 41 65536
2024-09-09 11:56:01,542 [DEBUG]  STREAM b'IHDR' 16 13
2024-09-09 11:56:01,542 [DEBUG]  STREAM b'IDAT' 41 65536
2024-09-09 11:56:01,551 [DEBUG]  STREAM b'IHDR' 16 13
2024-09-09 11:56:01,551 [DEBUG]  STREAM b'IDAT' 41 65536
2024-09-09 11:56:01,561 [DEBUG]  STREAM b'IHDR' 16 13
2024-09-09 11:56:01,561 [DEBUG]  STREAM b'IDAT' 41 65536
2024-09-09 11:56:01,567 [DEBUG]  STREAM b'IHDR' 16 13
2024-09-09 11:56:01,567 [DEBUG]  STREAM b'IDAT' 41 65536
2024-09-09 11:56:01,573 [DEBUG]  STREAM b'IHDR' 16 13
2024-09-09 11:56:01,573 [DEBUG]  STREAM b'IDAT' 41 65536
2024-09-09 11:56:01,579 [DEBUG]  STREAM b'IHDR' 16 13
2024-09-09 11:56:01,579 [DEBUG]  STREAM b'IDAT' 41 65536
2024-09-09 11:56:01,586 [DEBUG]  STREAM b'IHDR' 16 13
2024-09-09 11:56:01,586 [DEBUG]  STREAM b'IDAT' 41 65536
2024-09-09 11:56:01,591 [DEBUG]  STREAM b'IHDR' 16 13
2024-09-09 11:56:01,591 [DEBUG]  STREAM b'IDAT' 41 65536
2024-09-09 11:56:01,596 [DEBUG]  STREAM b'IHDR' 16 13
2024-09-09 11:56:01,596 [DEBUG]  STREAM b'IDAT' 41 65536
2024-09-09 11:56:01,601 [DEBUG]  STREAM b'IHDR' 16 13
2024-09-09 11:56:01,601 [DEBUG]  STREAM b'IDAT' 41 65536
2024-09-09 11:56:01,607 [DEBUG]  STREAM b'IHDR' 16 13
2024-09-09 11:56:01,607 [DEBUG]  STREAM b'IDAT' 41 65536
2024-09-09 11:56:01,611 [DEBUG]  STREAM b'IHDR' 16 13
2024-09-09 11:56:01,611 [DEBUG]  STREAM b'IDAT' 41 65536
2024-09-09 11:56:01,615 [DEBUG]  STREAM b'IHDR' 16 13
2024-09-09 11:56:01,615 [DEBUG]  STREAM b'IDAT' 41 65536
2024-09-09 11:56:01,620 [DEBUG]  STREAM b'IHDR' 16 13
2024-09-09 11:56:01,620 [DEBUG]  STREAM b'IDAT' 41 65536
2024-09-09 11:56:01,625 [DEBUG]  STREAM b'IHDR' 16 13
2024-09-09 11:56:01,625 [DEBUG]  STREAM b'IDAT' 41 65536
2024-09-09 11:56:01,630 [DEBUG]  STREAM b'IHDR' 16 13
2024-09-09 11:56:01,630 [DEBUG]  STREAM b'IDAT' 41 65536
2024-09-09 11:56:01,634 [DEBUG]  STREAM b'IHDR' 16 13
2024-09-09 11:56:01,634 [DEBUG]  STREAM b'IDAT' 41 65536
2024-09-09 11:56:01,638 [DEBUG]  STREAM b'IHDR' 16 13
2024-09-09 11:56:01,638 [DEBUG]  STREAM b'IDAT' 41 65536
2024-09-09 11:56:01,645 [DEBUG]  STREAM b'IHDR' 16 13
2024-09-09 11:56:01,645 [DEBUG]  STREAM b'IDAT' 41 65536
2024-09-09 11:56:01,649 [DEBUG]  STREAM b'IHDR' 16 13
2024-09-09 11:56:01,649 [DEBUG]  STREAM b'IDAT' 41 65536
2024-09-09 11:56:01,654 [DEBUG]  STREAM b'IHDR' 16 13
2024-09-09 11:56:01,654 [DEBUG]  STREAM b'IDAT' 41 65536
2024-09-09 11:56:01,658 [DEBUG]  STREAM b'IHDR' 16 13
2024-09-09 11:56:01,658 [DEBUG]  STREAM b'IDAT' 41 65536
2024-09-09 11:56:01,664 [DEBUG]  STREAM b'IHDR' 16 13
2024-09-09 11:56:01,664 [DEBUG]  STREAM b'IDAT' 41 65536
2024-09-09 11:56:01,668 [DEBUG]  STREAM b'IHDR' 16 13
2024-09-09 11:56:01,668 [DEBUG]  STREAM b'IDAT' 41 65536
2024-09-09 11:56:01,673 [DEBUG]  STREAM b'IHDR' 16 13
2024-09-09 11:56:01,673 [DEBUG]  STREAM b'IDAT' 41 65536
2024-09-09 11:56:01,677 [DEBUG]  STREAM b'IHDR' 16 13
2024-09-09 11:56:01,677 [DEBUG]  STREAM b'IDAT' 41 65536
2024-09-09 11:56:01,682 [DEBUG]  STREAM b'IHDR' 16 13
2024-09-09 11:56:01,682 [DEBUG]  STREAM b'IDAT' 41 65536
2024-09-09 11:56:01,686 [DEBUG]  STREAM b'IHDR' 16 13
2024-09-09 11:56:01,686 [DEBUG]  STREAM b'IDAT' 41 65536
2024-09-09 11:56:01,691 [DEBUG]  STREAM b'IHDR' 16 13
2024-09-09 11:56:01,691 [DEBUG]  STREAM b'IDAT' 41 65536
2024-09-09 11:56:01,695 [DEBUG]  STREAM b'IHDR' 16 13
2024-09-09 11:56:01,695 [DEBUG]  STREAM b'IDAT' 41 65536
2024-09-09 11:56:01,700 [DEBUG]  STREAM b'IHDR' 16 13
2024-09-09 11:56:01,700 [DEBUG]  STREAM b'IDAT' 41 65536
2024-09-09 11:56:01,704 [DEBUG]  STREAM b'IHDR' 16 13
2024-09-09 11:56:01,704 [DEBUG]  STREAM b'IDAT' 41 65536
2024-09-09 11:56:01,708 [DEBUG]  STREAM b'IHDR' 16 13
2024-09-09 11:56:01,709 [DEBUG]  STREAM b'IDAT' 41 65536
2024-09-09 11:56:01,712 [DEBUG]  STREAM b'IHDR' 16 13
2024-09-09 11:56:01,712 [DEBUG]  STREAM b'IDAT' 41 65536
2024-09-09 11:56:01,718 [DEBUG]  STREAM b'IHDR' 16 13
2024-09-09 11:56:01,718 [DEBUG]  STREAM b'IDAT' 41 65536
2024-09-09 11:56:01,722 [DEBUG]  STREAM b'IHDR' 16 13
2024-09-09 11:56:01,722 [DEBUG]  STREAM b'IDAT' 41 65536
2024-09-09 11:56:01,726 [DEBUG]  STREAM b'IHDR' 16 13
2024-09-09 11:56:01,726 [DEBUG]  STREAM b'IDAT' 41 65536
2024-09-09 11:56:01,730 [DEBUG]  STREAM b'IHDR' 16 13
2024-09-09 11:56:01,730 [DEBUG]  STREAM b'IDAT' 41 65536
2024-09-09 11:56:01,740 [DEBUG]  GraphTrial.log 1327.279 visit state = 5
2024-09-09 11:56:01,745 [DEBUG]  GraphTrial.log 1327.284 start flip_time = 1327.2837214583333
2024-09-09 11:56:01,749 [DEBUG]  GraphTrial.log 1327.288 get move selected = 2
2024-09-09 11:56:02,919 [DEBUG]  GraphTrial.log 1328.457 switch selected = 6
2024-09-09 11:56:03,606 [DEBUG]  GraphTrial.log 1329.145 select selected = 6
2024-09-09 11:56:03,606 [DEBUG]  GraphTrial.log 1329.145 visit state = 6
2024-09-09 11:56:03,626 [DEBUG]  GraphTrial.log 1329.165 get move selected = 3
2024-09-09 11:56:04,702 [DEBUG]  GraphTrial.log 1330.241 select selected = 3
2024-09-09 11:56:04,702 [DEBUG]  GraphTrial.log 1330.241 visit state = 3
2024-09-09 11:56:06,559 [DEBUG]  GraphTrial.log 1332.098 done 
2024-09-09 11:56:06,559 [INFO]  end trial [{"time": 1319.0570275833334, "event": "begin drift_check"}, {"time": 1326.61487975, "event": "initialize", "status": null}, {"time": 1326.6150780833332, "event": "start recording"}, {"time": 1327.0483240833332, "event": "show graph"}, {"time": 1327.2787209583335, "event": "visit", "state": 5}, {"time": 1327.2837368333335, "event": "start", "flip_time": 1327.2837214583333}, {"time": 1327.2884405833333, "event": "get move", "selected": 2}, {"time": 1328.4574987916667, "event": "switch", "selected": 6}, {"time": 1329.1446849999998, "event": "select", "selected": 6}, {"time": 1329.144756875, "event": "visit", "state": 6}, {"time": 1329.1647192083333, "event": "get move", "selected": 3}, {"time": 1330.2406895833333, "event": "select", "selected": 3}, {"time": 1330.2407518333334, "event": "visit", "state": 3}, {"time": 1332.097797041667, "event": "done"}]
2024-09-09 11:56:06,559 [INFO]  stop_recording
2024-09-09 11:56:07,078 [INFO]  gt.status is None
2024-09-09 11:56:07,079 [DEBUG]  add bonus points 5 (total = 392)
2024-09-09 11:56:07,079 [INFO]  Trial 85 of 260
2024-09-09 11:56:08,230 [INFO]  begin trial {"kind": "GraphTrial", "graph": [[4], [2, 10], [], [8, 7], [], [1, 9], [], [], [7, 0], [6], []], "rewards": [-2, -4, -2, 1, -2, null, -1, 3, -4, 3, -4], "reward_info": {"-4": {"desc": "pattern_1", "image": "images[0]"}, "-3": {"desc": "pattern_2", "image": "images[1]"}, "-2": {"desc": "pattern_3", "image": "images[2]"}, "-1": {"desc": "pattern_4", "image": "images[3]"}, "0": {"desc": "pattern_5", "image": "images[4]"}, "1": {"desc": "pattern_6", "image": "images[5]"}, "2": {"desc": "pattern_7", "image": "images[6]"}, "3": {"desc": "pattern_8", "image": "images[7]"}, "4": {"desc": "pattern_9", "image": "images[8]"}}, "initial_stage": "planning", "hide_states": false, "hide_rewards_while_acting": false, "hide_edges_while_acting": false, "gaze_contingent": false, "gaze_tolerance": 1.5, "fixation_lag": 0.5, "start": 5}
2024-09-09 11:56:08,230 [INFO]  <eyetracking.EyeLink object at 0x3177c5370>
2024-09-09 11:56:08,230 [DEBUG]  GraphTrial.log 1333.769 begin drift_check 
2024-09-09 11:56:13,078 [DEBUG]  GraphTrial.log 1338.617 initialize status = None
2024-09-09 11:56:13,078 [DEBUG]  GraphTrial.log 1338.617 start recording 
2024-09-09 11:56:13,078 [INFO]  start_recording
2024-09-09 11:56:13,509 [DEBUG]  GraphTrial.log 1339.048 show graph 
2024-09-09 11:56:13,517 [DEBUG]  STREAM b'IHDR' 16 13
2024-09-09 11:56:13,517 [DEBUG]  STREAM b'IDAT' 41 65536
2024-09-09 11:56:13,530 [DEBUG]  STREAM b'IHDR' 16 13
2024-09-09 11:56:13,530 [DEBUG]  STREAM b'IDAT' 41 65536
2024-09-09 11:56:13,539 [DEBUG]  STREAM b'IHDR' 16 13
2024-09-09 11:56:13,539 [DEBUG]  STREAM b'IDAT' 41 65536
2024-09-09 11:56:13,547 [DEBUG]  STREAM b'IHDR' 16 13
2024-09-09 11:56:13,547 [DEBUG]  STREAM b'IDAT' 41 65536
2024-09-09 11:56:13,557 [DEBUG]  STREAM b'IHDR' 16 13
2024-09-09 11:56:13,557 [DEBUG]  STREAM b'IDAT' 41 65536
2024-09-09 11:56:13,564 [DEBUG]  STREAM b'IHDR' 16 13
2024-09-09 11:56:13,564 [DEBUG]  STREAM b'IDAT' 41 65536
2024-09-09 11:56:13,569 [DEBUG]  STREAM b'IHDR' 16 13
2024-09-09 11:56:13,569 [DEBUG]  STREAM b'IDAT' 41 65536
2024-09-09 11:56:13,575 [DEBUG]  STREAM b'IHDR' 16 13
2024-09-09 11:56:13,575 [DEBUG]  STREAM b'IDAT' 41 65536
2024-09-09 11:56:13,582 [DEBUG]  STREAM b'IHDR' 16 13
2024-09-09 11:56:13,582 [DEBUG]  STREAM b'IDAT' 41 65536
2024-09-09 11:56:13,587 [DEBUG]  STREAM b'IHDR' 16 13
2024-09-09 11:56:13,587 [DEBUG]  STREAM b'IDAT' 41 65536
2024-09-09 11:56:13,592 [DEBUG]  STREAM b'IHDR' 16 13
2024-09-09 11:56:13,592 [DEBUG]  STREAM b'IDAT' 41 65536
2024-09-09 11:56:13,596 [DEBUG]  STREAM b'IHDR' 16 13
2024-09-09 11:56:13,596 [DEBUG]  STREAM b'IDAT' 41 65536
2024-09-09 11:56:13,602 [DEBUG]  STREAM b'IHDR' 16 13
2024-09-09 11:56:13,602 [DEBUG]  STREAM b'IDAT' 41 65536
2024-09-09 11:56:13,607 [DEBUG]  STREAM b'IHDR' 16 13
2024-09-09 11:56:13,607 [DEBUG]  STREAM b'IDAT' 41 65536
2024-09-09 11:56:13,611 [DEBUG]  STREAM b'IHDR' 16 13
2024-09-09 11:56:13,611 [DEBUG]  STREAM b'IDAT' 41 65536
2024-09-09 11:56:13,616 [DEBUG]  STREAM b'IHDR' 16 13
2024-09-09 11:56:13,616 [DEBUG]  STREAM b'IDAT' 41 65536
2024-09-09 11:56:13,621 [DEBUG]  STREAM b'IHDR' 16 13
2024-09-09 11:56:13,621 [DEBUG]  STREAM b'IDAT' 41 65536
2024-09-09 11:56:13,625 [DEBUG]  STREAM b'IHDR' 16 13
2024-09-09 11:56:13,625 [DEBUG]  STREAM b'IDAT' 41 65536
2024-09-09 11:56:13,629 [DEBUG]  STREAM b'IHDR' 16 13
2024-09-09 11:56:13,629 [DEBUG]  STREAM b'IDAT' 41 65536
2024-09-09 11:56:13,633 [DEBUG]  STREAM b'IHDR' 16 13
2024-09-09 11:56:13,633 [DEBUG]  STREAM b'IDAT' 41 65536
2024-09-09 11:56:13,640 [DEBUG]  STREAM b'IHDR' 16 13
2024-09-09 11:56:13,640 [DEBUG]  STREAM b'IDAT' 41 65536
2024-09-09 11:56:13,644 [DEBUG]  STREAM b'IHDR' 16 13
2024-09-09 11:56:13,644 [DEBUG]  STREAM b'IDAT' 41 65536
2024-09-09 11:56:13,648 [DEBUG]  STREAM b'IHDR' 16 13
2024-09-09 11:56:13,648 [DEBUG]  STREAM b'IDAT' 41 65536
2024-09-09 11:56:13,652 [DEBUG]  STREAM b'IHDR' 16 13
2024-09-09 11:56:13,652 [DEBUG]  STREAM b'IDAT' 41 65536
2024-09-09 11:56:13,658 [DEBUG]  STREAM b'IHDR' 16 13
2024-09-09 11:56:13,658 [DEBUG]  STREAM b'IDAT' 41 65536
2024-09-09 11:56:13,663 [DEBUG]  STREAM b'IHDR' 16 13
2024-09-09 11:56:13,663 [DEBUG]  STREAM b'IDAT' 41 65536
2024-09-09 11:56:13,667 [DEBUG]  STREAM b'IHDR' 16 13
2024-09-09 11:56:13,667 [DEBUG]  STREAM b'IDAT' 41 65536
2024-09-09 11:56:13,672 [DEBUG]  STREAM b'IHDR' 16 13
2024-09-09 11:56:13,672 [DEBUG]  STREAM b'IDAT' 41 65536
2024-09-09 11:56:13,677 [DEBUG]  STREAM b'IHDR' 16 13
2024-09-09 11:56:13,677 [DEBUG]  STREAM b'IDAT' 41 65536
2024-09-09 11:56:13,682 [DEBUG]  STREAM b'IHDR' 16 13
2024-09-09 11:56:13,682 [DEBUG]  STREAM b'IDAT' 41 65536
2024-09-09 11:56:13,686 [DEBUG]  STREAM b'IHDR' 16 13
2024-09-09 11:56:13,686 [DEBUG]  STREAM b'IDAT' 41 65536
2024-09-09 11:56:13,690 [DEBUG]  STREAM b'IHDR' 16 13
2024-09-09 11:56:13,690 [DEBUG]  STREAM b'IDAT' 41 65536
2024-09-09 11:56:13,695 [DEBUG]  STREAM b'IHDR' 16 13
2024-09-09 11:56:13,695 [DEBUG]  STREAM b'IDAT' 41 65536
2024-09-09 11:56:13,700 [DEBUG]  STREAM b'IHDR' 16 13
2024-09-09 11:56:13,700 [DEBUG]  STREAM b'IDAT' 41 65536
2024-09-09 11:56:13,704 [DEBUG]  STREAM b'IHDR' 16 13
2024-09-09 11:56:13,704 [DEBUG]  STREAM b'IDAT' 41 65536
2024-09-09 11:56:13,709 [DEBUG]  STREAM b'IHDR' 16 13
2024-09-09 11:56:13,709 [DEBUG]  STREAM b'IDAT' 41 65536
2024-09-09 11:56:13,714 [DEBUG]  STREAM b'IHDR' 16 13
2024-09-09 11:56:13,714 [DEBUG]  STREAM b'IDAT' 41 65536
2024-09-09 11:56:13,719 [DEBUG]  STREAM b'IHDR' 16 13
2024-09-09 11:56:13,719 [DEBUG]  STREAM b'IDAT' 41 65536
2024-09-09 11:56:13,723 [DEBUG]  STREAM b'IHDR' 16 13
2024-09-09 11:56:13,723 [DEBUG]  STREAM b'IDAT' 41 65536
2024-09-09 11:56:13,727 [DEBUG]  STREAM b'IHDR' 16 13
2024-09-09 11:56:13,727 [DEBUG]  STREAM b'IDAT' 41 65536
2024-09-09 11:56:13,737 [DEBUG]  GraphTrial.log 1339.276 visit state = 5
2024-09-09 11:56:13,742 [DEBUG]  GraphTrial.log 1339.281 start flip_time = 1339.28059575
2024-09-09 11:56:13,746 [DEBUG]  GraphTrial.log 1339.285 get move selected = 9
2024-09-09 11:56:16,855 [DEBUG]  GraphTrial.log 1342.393 switch selected = 1
2024-09-09 11:56:17,566 [DEBUG]  GraphTrial.log 1343.105 switch selected = 9
2024-09-09 11:56:17,901 [DEBUG]  GraphTrial.log 1343.440 select selected = 9
2024-09-09 11:56:17,902 [DEBUG]  GraphTrial.log 1343.440 visit state = 9
2024-09-09 11:56:17,911 [DEBUG]  GraphTrial.log 1343.450 get move selected = 6
2024-09-09 11:56:18,446 [DEBUG]  GraphTrial.log 1343.984 select selected = 6
2024-09-09 11:56:18,446 [DEBUG]  GraphTrial.log 1343.984 visit state = 6
2024-09-09 11:56:20,326 [DEBUG]  GraphTrial.log 1345.864 done 
2024-09-09 11:56:20,326 [INFO]  end trial [{"time": 1333.7690367916666, "event": "begin drift_check"}, {"time": 1338.617037125, "event": "initialize", "status": null}, {"time": 1338.61723725, "event": "start recording"}, {"time": 1339.0475871666667, "event": "show graph"}, {"time": 1339.2755524999998, "event": "visit", "state": 5}, {"time": 1339.2806124166668, "event": "start", "flip_time": 1339.28059575}, {"time": 1339.2853484583334, "event": "get move", "selected": 9}, {"time": 1342.3934295833333, "event": "switch", "selected": 1}, {"time": 1343.1048938333333, "event": "switch", "selected": 9}, {"time": 1343.4403469583335, "event": "select", "selected": 9}, {"time": 1343.4404252499999, "event": "visit", "state": 9}, {"time": 1343.4496323333333, "event": "get move", "selected": 6}, {"time": 1343.9844255833332, "event": "select", "selected": 6}, {"time": 1343.9844842916668, "event": "visit", "state": 6}, {"time": 1345.8644114583335, "event": "done"}]
2024-09-09 11:56:20,326 [INFO]  stop_recording
2024-09-09 11:56:20,843 [INFO]  gt.status is None
2024-09-09 11:56:20,844 [DEBUG]  add bonus points 2 (total = 394)
2024-09-09 11:56:20,844 [INFO]  Trial 86 of 260
2024-09-09 11:56:21,726 [INFO]  begin trial {"kind": "GraphTrial", "graph": [[], [6], [], [], [9, 0], [3], [], [8, 5], [2, 10], [0, 1], []], "rewards": [-1, 1, 2, 0, -4, 2, 2, null, -3, -1, 0], "reward_info": {"-4": {"desc": "pattern_1", "image": "images[0]"}, "-3": {"desc": "pattern_2", "image": "images[1]"}, "-2": {"desc": "pattern_3", "image": "images[2]"}, "-1": {"desc": "pattern_4", "image": "images[3]"}, "0": {"desc": "pattern_5", "image": "images[4]"}, "1": {"desc": "pattern_6", "image": "images[5]"}, "2": {"desc": "pattern_7", "image": "images[6]"}, "3": {"desc": "pattern_8", "image": "images[7]"}, "4": {"desc": "pattern_9", "image": "images[8]"}}, "initial_stage": "planning", "hide_states": false, "hide_rewards_while_acting": false, "hide_edges_while_acting": false, "gaze_contingent": false, "gaze_tolerance": 1.5, "fixation_lag": 0.5, "start": 7}
2024-09-09 11:56:21,726 [INFO]  <eyetracking.EyeLink object at 0x3177c5370>
2024-09-09 11:56:21,726 [DEBUG]  GraphTrial.log 1347.265 begin drift_check 
2024-09-09 11:56:23,931 [INFO]  escape in drift correct
2024-09-09 11:57:38,244 [INFO]  drift check keys ['a']
2024-09-09 11:57:38,249 [DEBUG]  GraphTrial.log 1423.788 initialize status = abort
2024-09-09 11:57:38,249 [DEBUG]  GraphTrial.log 1423.788 done status = abort
2024-09-09 11:57:38,249 [INFO]  gt.status is abort
2024-09-09 11:57:38,249 [DEBUG]  add bonus points 0 (total = 394)
2024-09-09 11:57:41,354 [INFO]  begin save_data
2024-09-09 11:57:41,354 [DEBUG]  message: You're done! Let's just save your data... (give us a few seconds)
2024-09-09 11:57:41,371 [INFO]  wrote data/exp/v1/24-09-09-1133_P3.json
2024-09-09 11:57:41,371 [INFO]  receiving eyelink data
2024-09-09 11:58:13,226 [INFO]  wrote data/eyelink/24-09-09-1133_P3/raw.edf
2024-09-09 11:58:13,227 [DEBUG]  message: Data saved! Please let the experimenter that you've completed the study. (press space to exit)
2024-09-09 11:58:29,444 [INFO]  begin save_data
2024-09-09 11:58:29,444 [DEBUG]  message: You're done! Let's just save your data... (give us a few seconds)
2024-09-09 11:58:29,463 [INFO]  wrote data/exp/v1/24-09-09-1133_P3.json
2024-09-09 11:58:29,463 [INFO]  receiving eyelink data
2024-09-09 11:58:29,463 [INFO]  wrote data/eyelink/24-09-09-1133_P3/raw.edf
2024-09-09 11:58:29,463 [DEBUG]  message: Data saved! Please let the experimenter that you've completed the study. (press space to exit)
