2.1990 	WARNING 	The 'psychtoolbox' library cannot be loaded but is required for audio capture (use `pip install psychtoolbox` to get it). Microphone recording will be unavailable this session. Note that opening a microphone stream will raise an error.
2.2020 	ERROR 	Support for the `sounddevice` audio backend is not available this session. Please install `psychopy-sounddevice` and restart the session to enable support.
2.2022 	ERROR 	Support for the `pyo` audio backend is not available this session. Please install `psychopy-pyo` and restart the session to enable support.
2.2024 	WARNING 	We strongly recommend you activate the PTB sound engine in PsychoPy prefs as the preferred audio engine. Its timing is vastly superior. Your prefs are currently set to use ['PTB', 'sounddevice', 'pyo', 'pygame'] (in that order).
2.2164 	INFO 	time is 2024-09-10 13:01:22,504900
2.2371 	WARNING 	Monitor specification not found. Creating a temporary one...
2.2399 	WARNING 	User requested fullscreen with size [1350  750], but screen is actually [1920, 1080]. Using actual size
3.3926 	WARNING 	Couldn't measure a consistent frame rate!
  - Is your graphics card set to sync to vertical blank?
  - Are you running other processes on your computer?

3.3931 	EXP 	Created window1 = Window(allowGUI=True, allowStencil=False, autoLog=True, backendConf=UNKNOWN, backgroundFit=<method-wrapper '__getattribute__' of attributeSetter object at 0x16be5afa0>, backgroundImage=<method-wrapper '__getattribute__' of attributeSetter object at 0x16be5af40>, bitsMode=UNKNOWN, blendMode='avg', bpc=(8, 8, 8), color=array([0, 0, 0]), colorSpace='rgb', depthBits=8, fullscr=<method-wrapper '__getattribute__' of attributeSetter object at 0x16be5ad90>, gamma=None, gammaErrorPolicy='raise', lms=UNKNOWN, monitor=<psychopy.monitors.calibTools.Monitor object at 0x309044640>, multiSample=False, name='window1', numSamples=2, pos=[480.0, 270.0], screen=0, size=array([3840, 2160]), stencilBits=0, stereo=False, title='PsychoPy', units='height', useFBO=False, useRetina=True, viewOri=0.0, viewPos=None, viewScale=None, waitBlanking=True, winType='pyglet')
3.3933 	EXP 	window1: mouseVisible = True
3.3933 	EXP 	window1: backgroundImage = None
3.3933 	EXP 	window1: backgroundFit = 'cover'
3.3975 	EXP 	window1: mouseVisible = True
3.3978 	EXP 	window1: mouseVisible = True
3.3991 	EXP 	window1: mouseVisible = True
3.3998 	EXP 	window1: mouseVisible = True
3.4082 	EXP 	window1: mouseVisible = True
3.4085 	EXP 	window1: mouseVisible = True
3.4095 	EXP 	window1: mouseVisible = True
3.4102 	EXP 	window1: mouseVisible = True
3.4304 	EXP 	window1: mouseVisible = True
3.4306 	EXP 	window1: mouseVisible = True
3.4309 	EXP 	window1: mouseVisible = True
3.4312 	EXP 	window1: mouseVisible = True
3.4345 	EXP 	window1: mouseVisible = True
3.4346 	EXP 	window1: mouseVisible = True
3.4349 	EXP 	window1: mouseVisible = True
3.4352 	EXP 	window1: mouseVisible = True
3.4644 	WARNING 	t of last frame was 67.61ms (=1/14)
64.3369 	DATA 	Keypress: space
64.3379 	INFO 	Mouse: using default window
64.3379 	EXP 	window1: mouseVisible = True
64.3381 	EXP 	window1: mouseVisible = True
64.3387 	EXP 	Created unnamed Rect = Rect(__class__=<class 'psychopy.visual.rect.Rect'>, anchor=('center', 'center'), autoDraw=False, autoLog=True, closeShape=True, color=method-wrapper(...), colorSpace='rgb', contrast=None, depth=0, draggable=False, fillColor=array([0.00392157, 0.00392157, 0.00392157]), fillColorSpace='rgb', fillRGB=array([0.00392157, 0.00392157, 0.00392157]), interpolate=True, lineColor=array([0, 0, 0]), lineColorSpace='rgb', lineRGB=array([0, 0, 0]), lineWidth=0, name='unnamed Rect', opacity=0.5, ori=0.0, pos=array([-0.65,  0.45]), size=array([0.1, 0.1]), units='height', vertices=ndarray(...), win=Window(...))
64.3405 	EXP 	window1: mouseVisible = True
64.3429 	EXP 	Created node0 = Circle(__class__=<class 'psychopy.visual.circle.Circle'>, anchor=('center', 'center'), autoDraw=False, autoLog=True, closeShape=True, color=method-wrapper(...), colorSpace='rgb', contrast=None, depth=0, draggable=False, fillColor=array([1, 1, 1]), fillColorSpace='rgb', fillRGB=array([1, 1, 1]), interpolate=True, lineColor=array([-1, -1, -1]), lineColorSpace='rgb', lineRGB=array([-1, -1, -1]), lineWidth=2, name='node0', opacity=1.0, ori=0.0, pos=array([0.  , 0.35]), size=array([1., 1.]), units='height', vertices=ndarray(...), win=Window(...))
64.3439 	EXP 	window1: mouseVisible = True
64.3458 	EXP 	Created node1 = Circle(__class__=<class 'psychopy.visual.circle.Circle'>, anchor=('center', 'center'), autoDraw=False, autoLog=True, closeShape=True, color=method-wrapper(...), colorSpace='rgb', contrast=None, depth=0, draggable=False, fillColor=array([1, 1, 1]), fillColorSpace='rgb', fillRGB=array([1, 1, 1]), interpolate=True, lineColor=array([-1, -1, -1]), lineColorSpace='rgb', lineRGB=array([-1, -1, -1]), lineWidth=2, name='node1', opacity=1.0, ori=0.0, pos=array([-0.18922429,  0.29443874]), size=array([1., 1.]), units='height', vertices=ndarray(...), win=Window(...))
64.3468 	EXP 	window1: mouseVisible = True
64.3487 	EXP 	Created node2 = Circle(__class__=<class 'psychopy.visual.circle.Circle'>, anchor=('center', 'center'), autoDraw=False, autoLog=True, closeShape=True, color=method-wrapper(...), colorSpace='rgb', contrast=None, depth=0, draggable=False, fillColor=array([1, 1, 1]), fillColorSpace='rgb', fillRGB=array([1, 1, 1]), interpolate=True, lineColor=array([-1, -1, -1]), lineColorSpace='rgb', lineRGB=array([-1, -1, -1]), lineWidth=2, name='node2', opacity=1.0, ori=0.0, pos=array([-0.3183712 ,  0.14539525]), size=array([1., 1.]), units='height', vertices=ndarray(...), win=Window(...))
64.3497 	EXP 	window1: mouseVisible = True
64.3516 	EXP 	Created node3 = Circle(__class__=<class 'psychopy.visual.circle.Circle'>, anchor=('center', 'center'), autoDraw=False, autoLog=True, closeShape=True, color=method-wrapper(...), colorSpace='rgb', contrast=None, depth=0, draggable=False, fillColor=array([1, 1, 1]), fillColorSpace='rgb', fillRGB=array([1, 1, 1]), interpolate=True, lineColor=array([-1, -1, -1]), lineColorSpace='rgb', lineRGB=array([-1, -1, -1]), lineWidth=2, name='node3', opacity=1.0, ori=0.0, pos=array([-0.3464375 , -0.04981019]), size=array([1., 1.]), units='height', vertices=ndarray(...), win=Window(...))
64.3526 	EXP 	window1: mouseVisible = True
64.3545 	EXP 	Created node4 = Circle(__class__=<class 'psychopy.visual.circle.Circle'>, anchor=('center', 'center'), autoDraw=False, autoLog=True, closeShape=True, color=method-wrapper(...), colorSpace='rgb', contrast=None, depth=0, draggable=False, fillColor=array([1, 1, 1]), fillColorSpace='rgb', fillRGB=array([1, 1, 1]), interpolate=True, lineColor=array([-1, -1, -1]), lineColorSpace='rgb', lineRGB=array([-1, -1, -1]), lineWidth=2, name='node4', opacity=1.0, ori=0.0, pos=array([-0.26451235, -0.22920126]), size=array([1., 1.]), units='height', vertices=ndarray(...), win=Window(...))
64.3555 	EXP 	window1: mouseVisible = True
64.3573 	EXP 	Created node5 = Circle(__class__=<class 'psychopy.visual.circle.Circle'>, anchor=('center', 'center'), autoDraw=False, autoLog=True, closeShape=True, color=method-wrapper(...), colorSpace='rgb', contrast=None, depth=0, draggable=False, fillColor=array([1, 1, 1]), fillColorSpace='rgb', fillRGB=array([1, 1, 1]), interpolate=True, lineColor=array([-1, -1, -1]), lineColorSpace='rgb', lineRGB=array([-1, -1, -1]), lineWidth=2, name='node5', opacity=1.0, ori=0.0, pos=array([-0.09860639, -0.33582254]), size=array([1., 1.]), units='height', vertices=ndarray(...), win=Window(...))
64.3583 	EXP 	window1: mouseVisible = True
64.3602 	EXP 	Created node6 = Circle(__class__=<class 'psychopy.visual.circle.Circle'>, anchor=('center', 'center'), autoDraw=False, autoLog=True, closeShape=True, color=method-wrapper(...), colorSpace='rgb', contrast=None, depth=0, draggable=False, fillColor=array([1, 1, 1]), fillColorSpace='rgb', fillRGB=array([1, 1, 1]), interpolate=True, lineColor=array([-1, -1, -1]), lineColorSpace='rgb', lineRGB=array([-1, -1, -1]), lineWidth=2, name='node6', opacity=1.0, ori=0.0, pos=array([ 0.09860639, -0.33582254]), size=array([1., 1.]), units='height', vertices=ndarray(...), win=Window(...))
64.3612 	EXP 	window1: mouseVisible = True
64.3630 	EXP 	Created node7 = Circle(__class__=<class 'psychopy.visual.circle.Circle'>, anchor=('center', 'center'), autoDraw=False, autoLog=True, closeShape=True, color=method-wrapper(...), colorSpace='rgb', contrast=None, depth=0, draggable=False, fillColor=array([1, 1, 1]), fillColorSpace='rgb', fillRGB=array([1, 1, 1]), interpolate=True, lineColor=array([-1, -1, -1]), lineColorSpace='rgb', lineRGB=array([-1, -1, -1]), lineWidth=2, name='node7', opacity=1.0, ori=0.0, pos=array([ 0.26451235, -0.22920126]), size=array([1., 1.]), units='height', vertices=ndarray(...), win=Window(...))
64.3640 	EXP 	window1: mouseVisible = True
64.3659 	EXP 	Created node8 = Circle(__class__=<class 'psychopy.visual.circle.Circle'>, anchor=('center', 'center'), autoDraw=False, autoLog=True, closeShape=True, color=method-wrapper(...), colorSpace='rgb', contrast=None, depth=0, draggable=False, fillColor=array([1, 1, 1]), fillColorSpace='rgb', fillRGB=array([1, 1, 1]), interpolate=True, lineColor=array([-1, -1, -1]), lineColorSpace='rgb', lineRGB=array([-1, -1, -1]), lineWidth=2, name='node8', opacity=1.0, ori=0.0, pos=array([ 0.3464375 , -0.04981019]), size=array([1., 1.]), units='height', vertices=ndarray(...), win=Window(...))
64.3669 	EXP 	window1: mouseVisible = True
64.3687 	EXP 	Created node9 = Circle(__class__=<class 'psychopy.visual.circle.Circle'>, anchor=('center', 'center'), autoDraw=False, autoLog=True, closeShape=True, color=method-wrapper(...), colorSpace='rgb', contrast=None, depth=0, draggable=False, fillColor=array([1, 1, 1]), fillColorSpace='rgb', fillRGB=array([1, 1, 1]), interpolate=True, lineColor=array([-1, -1, -1]), lineColorSpace='rgb', lineRGB=array([-1, -1, -1]), lineWidth=2, name='node9', opacity=1.0, ori=0.0, pos=array([0.3183712 , 0.14539525]), size=array([1., 1.]), units='height', vertices=ndarray(...), win=Window(...))
64.3697 	EXP 	window1: mouseVisible = True
64.3716 	EXP 	Created node10 = Circle(__class__=<class 'psychopy.visual.circle.Circle'>, anchor=('center', 'center'), autoDraw=False, autoLog=True, closeShape=True, color=method-wrapper(...), colorSpace='rgb', contrast=None, depth=0, draggable=False, fillColor=array([1, 1, 1]), fillColorSpace='rgb', fillRGB=array([1, 1, 1]), interpolate=True, lineColor=array([-1, -1, -1]), lineColorSpace='rgb', lineRGB=array([-1, -1, -1]), lineWidth=2, name='node10', opacity=1.0, ori=0.0, pos=array([0.18922429, 0.29443874]), size=array([1., 1.]), units='height', vertices=ndarray(...), win=Window(...))
64.3717 	EXP 	window1: mouseVisible = True
64.3721 	EXP 	Created unnamed Line = Line(__class__=<class 'psychopy.visual.line.Line'>, anchor=('center', 'center'), autoDraw=False, autoLog=True, closeShape=False, color=array([-1, -1, -1]), colorSpace='rgb', contrast=None, depth=2, draggable=False, fillColor=array([0, 0, 0]), fillColorSpace='rgb', fillRGB=array([0, 0, 0]), interpolate=True, lineColor=array([-1, -1, -1]), lineColorSpace='rgb', lineRGB=array([-1, -1, -1]), lineWidth=4, name='unnamed Line', opacity=0.5, ori=0.0, pos=array([0., 0.]), size=array([1., 1.]), units='height', vertices=ndarray(...), win=Window(...), windingRule=None)
64.3722 	EXP 	window1: mouseVisible = True
64.3726 	EXP 	Created unnamed ShapeStim = ShapeStim(__class__=<class 'psychopy.visual.shape.ShapeStim'>, anchor=('center', 'center'), autoDraw=False, autoLog=True, closeShape=True, color=method-wrapper(...), colorSpace='rgb', contrast=None, depth=0, draggable=False, fillColor=array([-1, -1, -1]), fillColorSpace='rgb', fillRGB=array([-1, -1, -1]), interpolate=True, lineColor=array([-1, -1, -1]), lineColorSpace='rgb', lineRGB=array([-1, -1, -1]), lineWidth=1.5, name='unnamed ShapeStim', opacity=1.0, ori=253.63636363636365, pos=array([-0.14124964,  0.30852536]), size=array([1., 1.]), units='height', vertices=ndarray(...), win=Window(...), windingRule=None)
64.3726 	EXP 	window1: mouseVisible = True
64.3730 	EXP 	Created unnamed Line = Line(__class__=<class 'psychopy.visual.line.Line'>, anchor=('center', 'center'), autoDraw=False, autoLog=True, closeShape=False, color=array([-1, -1, -1]), colorSpace='rgb', contrast=None, depth=2, draggable=False, fillColor=array([0, 0, 0]), fillColorSpace='rgb', fillRGB=array([0, 0, 0]), interpolate=True, lineColor=array([-1, -1, -1]), lineColorSpace='rgb', lineRGB=array([-1, -1, -1]), lineWidth=4, name='unnamed Line', opacity=0.5, ori=0.0, pos=array([0., 0.]), size=array([1., 1.]), units='height', vertices=ndarray(...), win=Window(...), windingRule=None)
64.3730 	EXP 	window1: mouseVisible = True
64.3734 	EXP 	Created unnamed ShapeStim = ShapeStim(__class__=<class 'psychopy.visual.shape.ShapeStim'>, anchor=('center', 'center'), autoDraw=False, autoLog=True, closeShape=True, color=method-wrapper(...), colorSpace='rgb', contrast=None, depth=0, draggable=False, fillColor=array([-1, -1, -1]), fillColorSpace='rgb', fillRGB=array([-1, -1, -1]), interpolate=True, lineColor=array([-1, -1, -1]), lineColorSpace='rgb', lineRGB=array([-1, -1, -1]), lineWidth=1.5, name='unnamed ShapeStim', opacity=1.0, ori=220.9090909090909, pos=array([-0.31369447, -0.01202271]), size=array([1., 1.]), units='height', vertices=ndarray(...), win=Window(...), windingRule=None)
64.3735 	EXP 	window1: mouseVisible = True
64.3738 	EXP 	Created unnamed Line = Line(__class__=<class 'psychopy.visual.line.Line'>, anchor=('center', 'center'), autoDraw=False, autoLog=True, closeShape=False, color=array([-1, -1, -1]), colorSpace='rgb', contrast=None, depth=2, draggable=False, fillColor=array([0, 0, 0]), fillColorSpace='rgb', fillRGB=array([0, 0, 0]), interpolate=True, lineColor=array([-1, -1, -1]), lineColorSpace='rgb', lineRGB=array([-1, -1, -1]), lineWidth=4, name='unnamed Line', opacity=0.5, ori=0.0, pos=array([0., 0.]), size=array([1., 1.]), units='height', vertices=ndarray(...), win=Window(...), windingRule=None)
64.3739 	EXP 	window1: mouseVisible = True
64.3742 	EXP 	Created unnamed ShapeStim = ShapeStim(__class__=<class 'psychopy.visual.shape.ShapeStim'>, anchor=('center', 'center'), autoDraw=False, autoLog=True, closeShape=True, color=method-wrapper(...), colorSpace='rgb', contrast=None, depth=0, draggable=False, fillColor=array([-1, -1, -1]), fillColorSpace='rgb', fillRGB=array([-1, -1, -1]), interpolate=True, lineColor=array([-1, -1, -1]), lineColorSpace='rgb', lineRGB=array([-1, -1, -1]), lineWidth=1.5, name='unnamed ShapeStim', opacity=1.0, ori=220.9090909090909, pos=array([-0.28562816,  0.18318273]), size=array([1., 1.]), units='height', vertices=ndarray(...), win=Window(...), windingRule=None)
64.3743 	EXP 	window1: mouseVisible = True
64.3746 	EXP 	Created unnamed Line = Line(__class__=<class 'psychopy.visual.line.Line'>, anchor=('center', 'center'), autoDraw=False, autoLog=True, closeShape=False, color=array([-1, -1, -1]), colorSpace='rgb', contrast=None, depth=2, draggable=False, fillColor=array([0, 0, 0]), fillColorSpace='rgb', fillRGB=array([0, 0, 0]), interpolate=True, lineColor=array([-1, -1, -1]), lineColorSpace='rgb', lineRGB=array([-1, -1, -1]), lineWidth=4, name='unnamed Line', opacity=0.5, ori=0.0, pos=array([0., 0.]), size=array([1., 1.]), units='height', vertices=ndarray(...), win=Window(...), windingRule=None)
64.3747 	EXP 	window1: mouseVisible = True
64.3750 	EXP 	Created unnamed ShapeStim = ShapeStim(__class__=<class 'psychopy.visual.shape.ShapeStim'>, anchor=('center', 'center'), autoDraw=False, autoLog=True, closeShape=True, color=method-wrapper(...), colorSpace='rgb', contrast=None, depth=0, draggable=False, fillColor=array([-1, -1, -1]), fillColorSpace='rgb', fillRGB=array([-1, -1, -1]), interpolate=True, lineColor=array([-1, -1, -1]), lineColorSpace='rgb', lineRGB=array([-1, -1, -1]), lineWidth=1.5, name='unnamed ShapeStim', opacity=1.0, ori=188.1818181818182, pos=array([-0.25739661, -0.17971018]), size=array([1., 1.]), units='height', vertices=ndarray(...), win=Window(...), windingRule=None)
64.3751 	EXP 	window1: mouseVisible = True
64.3755 	EXP 	Created unnamed Line = Line(__class__=<class 'psychopy.visual.line.Line'>, anchor=('center', 'center'), autoDraw=False, autoLog=True, closeShape=False, color=array([-1, -1, -1]), colorSpace='rgb', contrast=None, depth=2, draggable=False, fillColor=array([0, 0, 0]), fillColorSpace='rgb', fillRGB=array([0, 0, 0]), interpolate=True, lineColor=array([-1, -1, -1]), lineColorSpace='rgb', lineRGB=array([-1, -1, -1]), lineWidth=4, name='unnamed Line', opacity=0.5, ori=0.0, pos=array([0., 0.]), size=array([1., 1.]), units='height', vertices=ndarray(...), win=Window(...), windingRule=None)
64.3755 	EXP 	window1: mouseVisible = True
64.3759 	EXP 	Created unnamed ShapeStim = ShapeStim(__class__=<class 'psychopy.visual.shape.ShapeStim'>, anchor=('center', 'center'), autoDraw=False, autoLog=True, closeShape=True, color=method-wrapper(...), colorSpace='rgb', contrast=None, depth=0, draggable=False, fillColor=array([-1, -1, -1]), fillColorSpace='rgb', fillRGB=array([-1, -1, -1]), interpolate=True, lineColor=array([-1, -1, -1]), lineColorSpace='rgb', lineRGB=array([-1, -1, -1]), lineWidth=1.5, name='unnamed ShapeStim', opacity=1.0, ori=188.1818181818182, pos=array([-3.39321763e-01, -3.19121302e-04]), size=array([1., 1.]), units='height', vertices=ndarray(...), win=Window(...), windingRule=None)
64.3760 	EXP 	window1: mouseVisible = True
64.3763 	EXP 	Created unnamed Line = Line(__class__=<class 'psychopy.visual.line.Line'>, anchor=('center', 'center'), autoDraw=False, autoLog=True, closeShape=False, color=array([-1, -1, -1]), colorSpace='rgb', contrast=None, depth=2, draggable=False, fillColor=array([0, 0, 0]), fillColorSpace='rgb', fillRGB=array([0, 0, 0]), interpolate=True, lineColor=array([-1, -1, -1]), lineColorSpace='rgb', lineRGB=array([-1, -1, -1]), lineWidth=4, name='unnamed Line', opacity=0.5, ori=0.0, pos=array([0., 0.]), size=array([1., 1.]), units='height', vertices=ndarray(...), win=Window(...), windingRule=None)
64.3764 	EXP 	window1: mouseVisible = True
64.3767 	EXP 	Created unnamed ShapeStim = ShapeStim(__class__=<class 'psychopy.visual.shape.ShapeStim'>, anchor=('center', 'center'), autoDraw=False, autoLog=True, closeShape=True, color=method-wrapper(...), colorSpace='rgb', contrast=None, depth=0, draggable=False, fillColor=array([-1, -1, -1]), fillColorSpace='rgb', fillRGB=array([-1, -1, -1]), interpolate=True, lineColor=array([-1, -1, -1]), lineColorSpace='rgb', lineRGB=array([-1, -1, -1]), lineWidth=1.5, name='unnamed ShapeStim', opacity=1.0, ori=155.45454545454544, pos=array([-0.11937715, -0.29034094]), size=array([1., 1.]), units='height', vertices=ndarray(...), win=Window(...), windingRule=None)
64.3768 	EXP 	window1: mouseVisible = True
64.3771 	EXP 	Created unnamed Line = Line(__class__=<class 'psychopy.visual.line.Line'>, anchor=('center', 'center'), autoDraw=False, autoLog=True, closeShape=False, color=array([-1, -1, -1]), colorSpace='rgb', contrast=None, depth=2, draggable=False, fillColor=array([0, 0, 0]), fillColorSpace='rgb', fillRGB=array([0, 0, 0]), interpolate=True, lineColor=array([-1, -1, -1]), lineColorSpace='rgb', lineRGB=array([-1, -1, -1]), lineWidth=4, name='unnamed Line', opacity=0.5, ori=0.0, pos=array([0., 0.]), size=array([1., 1.]), units='height', vertices=ndarray(...), win=Window(...), windingRule=None)
64.3772 	EXP 	window1: mouseVisible = True
64.3775 	EXP 	Created unnamed ShapeStim = ShapeStim(__class__=<class 'psychopy.visual.shape.ShapeStim'>, anchor=('center', 'center'), autoDraw=False, autoLog=True, closeShape=True, color=method-wrapper(...), colorSpace='rgb', contrast=None, depth=0, draggable=False, fillColor=array([-1, -1, -1]), fillColorSpace='rgb', fillRGB=array([-1, -1, -1]), interpolate=True, lineColor=array([-1, -1, -1]), lineColorSpace='rgb', lineRGB=array([-1, -1, -1]), lineWidth=1.5, name='unnamed ShapeStim', opacity=1.0, ori=155.45454545454544, pos=array([-0.2852831 , -0.18371966]), size=array([1., 1.]), units='height', vertices=ndarray(...), win=Window(...), windingRule=None)
64.3776 	EXP 	window1: mouseVisible = True
64.3779 	EXP 	Created unnamed Line = Line(__class__=<class 'psychopy.visual.line.Line'>, anchor=('center', 'center'), autoDraw=False, autoLog=True, closeShape=False, color=array([-1, -1, -1]), colorSpace='rgb', contrast=None, depth=2, draggable=False, fillColor=array([0, 0, 0]), fillColorSpace='rgb', fillRGB=array([0, 0, 0]), interpolate=True, lineColor=array([-1, -1, -1]), lineColorSpace='rgb', lineRGB=array([-1, -1, -1]), lineWidth=4, name='unnamed Line', opacity=0.5, ori=0.0, pos=array([0., 0.]), size=array([1., 1.]), units='height', vertices=ndarray(...), win=Window(...), windingRule=None)
64.3780 	EXP 	window1: mouseVisible = True
64.3784 	EXP 	Created unnamed ShapeStim = ShapeStim(__class__=<class 'psychopy.visual.shape.ShapeStim'>, anchor=('center', 'center'), autoDraw=False, autoLog=True, closeShape=True, color=method-wrapper(...), colorSpace='rgb', contrast=None, depth=0, draggable=False, fillColor=array([-1, -1, -1]), fillColorSpace='rgb', fillRGB=array([-1, -1, -1]), interpolate=True, lineColor=array([-1, -1, -1]), lineColorSpace='rgb', lineRGB=array([-1, -1, -1]), lineWidth=1.5, name='unnamed ShapeStim', opacity=1.0, ori=122.72727272727275, pos=array([ 0.05654372, -0.3087905 ]), size=array([1., 1.]), units='height', vertices=ndarray(...), win=Window(...), windingRule=None)
64.3784 	EXP 	window1: mouseVisible = True
64.3788 	EXP 	Created unnamed Line = Line(__class__=<class 'psychopy.visual.line.Line'>, anchor=('center', 'center'), autoDraw=False, autoLog=True, closeShape=False, color=array([-1, -1, -1]), colorSpace='rgb', contrast=None, depth=2, draggable=False, fillColor=array([0, 0, 0]), fillColorSpace='rgb', fillRGB=array([0, 0, 0]), interpolate=True, lineColor=array([-1, -1, -1]), lineColorSpace='rgb', lineRGB=array([-1, -1, -1]), lineWidth=4, name='unnamed Line', opacity=0.5, ori=0.0, pos=array([0., 0.]), size=array([1., 1.]), units='height', vertices=ndarray(...), win=Window(...), windingRule=None)
64.3788 	EXP 	window1: mouseVisible = True
64.3792 	EXP 	Created unnamed ShapeStim = ShapeStim(__class__=<class 'psychopy.visual.shape.ShapeStim'>, anchor=('center', 'center'), autoDraw=False, autoLog=True, closeShape=True, color=method-wrapper(...), colorSpace='rgb', contrast=None, depth=0, draggable=False, fillColor=array([-1, -1, -1]), fillColorSpace='rgb', fillRGB=array([-1, -1, -1]), interpolate=True, lineColor=array([-1, -1, -1]), lineColorSpace='rgb', lineRGB=array([-1, -1, -1]), lineWidth=1.5, name='unnamed ShapeStim', opacity=1.0, ori=122.72727272727273, pos=array([-0.14066907, -0.3087905 ]), size=array([1., 1.]), units='height', vertices=ndarray(...), win=Window(...), windingRule=None)
64.3792 	EXP 	window1: mouseVisible = True
64.3796 	EXP 	Created unnamed Line = Line(__class__=<class 'psychopy.visual.line.Line'>, anchor=('center', 'center'), autoDraw=False, autoLog=True, closeShape=False, color=array([-1, -1, -1]), colorSpace='rgb', contrast=None, depth=2, draggable=False, fillColor=array([0, 0, 0]), fillColorSpace='rgb', fillRGB=array([0, 0, 0]), interpolate=True, lineColor=array([-1, -1, -1]), lineColorSpace='rgb', lineRGB=array([-1, -1, -1]), lineWidth=4, name='unnamed Line', opacity=0.5, ori=0.0, pos=array([0., 0.]), size=array([1., 1.]), units='height', vertices=ndarray(...), win=Window(...), windingRule=None)
64.3797 	EXP 	window1: mouseVisible = True
64.3801 	EXP 	Created unnamed ShapeStim = ShapeStim(__class__=<class 'psychopy.visual.shape.ShapeStim'>, anchor=('center', 'center'), autoDraw=False, autoLog=True, closeShape=True, color=method-wrapper(...), colorSpace='rgb', contrast=None, depth=0, draggable=False, fillColor=array([-1, -1, -1]), fillColorSpace='rgb', fillRGB=array([-1, -1, -1]), interpolate=True, lineColor=array([-1, -1, -1]), lineColorSpace='rgb', lineRGB=array([-1, -1, -1]), lineWidth=1.5, name='unnamed ShapeStim', opacity=1.0, ori=90.00000000000003, pos=array([ 0.21451235, -0.22920126]), size=array([1., 1.]), units='height', vertices=ndarray(...), win=Window(...), windingRule=None)
64.3801 	EXP 	window1: mouseVisible = True
64.3805 	EXP 	Created unnamed Line = Line(__class__=<class 'psychopy.visual.line.Line'>, anchor=('center', 'center'), autoDraw=False, autoLog=True, closeShape=False, color=array([-1, -1, -1]), colorSpace='rgb', contrast=None, depth=2, draggable=False, fillColor=array([0, 0, 0]), fillColorSpace='rgb', fillRGB=array([0, 0, 0]), interpolate=True, lineColor=array([-1, -1, -1]), lineColorSpace='rgb', lineRGB=array([-1, -1, -1]), lineWidth=4, name='unnamed Line', opacity=0.5, ori=0.0, pos=array([0., 0.]), size=array([1., 1.]), units='height', vertices=ndarray(...), win=Window(...), windingRule=None)
64.3805 	EXP 	window1: mouseVisible = True
64.3809 	EXP 	Created unnamed ShapeStim = ShapeStim(__class__=<class 'psychopy.visual.shape.ShapeStim'>, anchor=('center', 'center'), autoDraw=False, autoLog=True, closeShape=True, color=method-wrapper(...), colorSpace='rgb', contrast=None, depth=0, draggable=False, fillColor=array([-1, -1, -1]), fillColorSpace='rgb', fillRGB=array([-1, -1, -1]), interpolate=True, lineColor=array([-1, -1, -1]), lineColorSpace='rgb', lineRGB=array([-1, -1, -1]), lineWidth=1.5, name='unnamed ShapeStim', opacity=1.0, ori=90.00000000000001, pos=array([ 0.04860639, -0.33582254]), size=array([1., 1.]), units='height', vertices=ndarray(...), win=Window(...), windingRule=None)
64.3809 	EXP 	window1: mouseVisible = True
64.3813 	EXP 	Created unnamed Line = Line(__class__=<class 'psychopy.visual.line.Line'>, anchor=('center', 'center'), autoDraw=False, autoLog=True, closeShape=False, color=array([-1, -1, -1]), colorSpace='rgb', contrast=None, depth=2, draggable=False, fillColor=array([0, 0, 0]), fillColorSpace='rgb', fillRGB=array([0, 0, 0]), interpolate=True, lineColor=array([-1, -1, -1]), lineColorSpace='rgb', lineRGB=array([-1, -1, -1]), lineWidth=4, name='unnamed Line', opacity=0.5, ori=0.0, pos=array([0., 0.]), size=array([1., 1.]), units='height', vertices=ndarray(...), win=Window(...), windingRule=None)
64.3813 	EXP 	window1: mouseVisible = True
64.3817 	EXP 	Created unnamed ShapeStim = ShapeStim(__class__=<class 'psychopy.visual.shape.ShapeStim'>, anchor=('center', 'center'), autoDraw=False, autoLog=True, closeShape=True, color=method-wrapper(...), colorSpace='rgb', contrast=None, depth=0, draggable=False, fillColor=array([-1, -1, -1]), fillColorSpace='rgb', fillRGB=array([-1, -1, -1]), interpolate=True, lineColor=array([-1, -1, -1]), lineColorSpace='rgb', lineRGB=array([-1, -1, -1]), lineWidth=1.5, name='unnamed ShapeStim', opacity=1.0, ori=57.27272727272728, pos=array([ 0.30437483, -0.07684223]), size=array([1., 1.]), units='height', vertices=ndarray(...), win=Window(...), windingRule=None)
64.3817 	EXP 	window1: mouseVisible = True
64.3821 	EXP 	Created unnamed Line = Line(__class__=<class 'psychopy.visual.line.Line'>, anchor=('center', 'center'), autoDraw=False, autoLog=True, closeShape=False, color=array([-1, -1, -1]), colorSpace='rgb', contrast=None, depth=2, draggable=False, fillColor=array([0, 0, 0]), fillColorSpace='rgb', fillRGB=array([0, 0, 0]), interpolate=True, lineColor=array([-1, -1, -1]), lineColorSpace='rgb', lineRGB=array([-1, -1, -1]), lineWidth=4, name='unnamed Line', opacity=0.5, ori=0.0, pos=array([0., 0.]), size=array([1., 1.]), units='height', vertices=ndarray(...), win=Window(...), windingRule=None)
64.3821 	EXP 	window1: mouseVisible = True
64.3825 	EXP 	Created unnamed ShapeStim = ShapeStim(__class__=<class 'psychopy.visual.shape.ShapeStim'>, anchor=('center', 'center'), autoDraw=False, autoLog=True, closeShape=True, color=method-wrapper(...), colorSpace='rgb', contrast=None, depth=0, draggable=False, fillColor=array([-1, -1, -1]), fillColorSpace='rgb', fillRGB=array([-1, -1, -1]), interpolate=True, lineColor=array([-1, -1, -1]), lineColorSpace='rgb', lineRGB=array([-1, -1, -1]), lineWidth=1.5, name='unnamed ShapeStim', opacity=1.0, ori=57.2727272727273, pos=array([ 0.22244967, -0.2562333 ]), size=array([1., 1.]), units='height', vertices=ndarray(...), win=Window(...), windingRule=None)
64.3825 	EXP 	window1: mouseVisible = True
64.3829 	EXP 	Created unnamed Line = Line(__class__=<class 'psychopy.visual.line.Line'>, anchor=('center', 'center'), autoDraw=False, autoLog=True, closeShape=False, color=array([-1, -1, -1]), colorSpace='rgb', contrast=None, depth=2, draggable=False, fillColor=array([0, 0, 0]), fillColorSpace='rgb', fillRGB=array([0, 0, 0]), interpolate=True, lineColor=array([-1, -1, -1]), lineColorSpace='rgb', lineRGB=array([-1, -1, -1]), lineWidth=4, name='unnamed Line', opacity=0.5, ori=0.0, pos=array([0., 0.]), size=array([1., 1.]), units='height', vertices=ndarray(...), win=Window(...), windingRule=None)
64.3829 	EXP 	window1: mouseVisible = True
64.3833 	EXP 	Created unnamed ShapeStim = ShapeStim(__class__=<class 'psychopy.visual.shape.ShapeStim'>, anchor=('center', 'center'), autoDraw=False, autoLog=True, closeShape=True, color=method-wrapper(...), colorSpace='rgb', contrast=None, depth=0, draggable=False, fillColor=array([-1, -1, -1]), fillColorSpace='rgb', fillRGB=array([-1, -1, -1]), interpolate=True, lineColor=array([-1, -1, -1]), lineColorSpace='rgb', lineRGB=array([-1, -1, -1]), lineWidth=1.5, name='unnamed ShapeStim', opacity=1.0, ori=24.545454545454575, pos=array([0.29760045, 0.09991365]), size=array([1., 1.]), units='height', vertices=ndarray(...), win=Window(...), windingRule=None)
64.3833 	EXP 	window1: mouseVisible = True
64.3837 	EXP 	Created unnamed Line = Line(__class__=<class 'psychopy.visual.line.Line'>, anchor=('center', 'center'), autoDraw=False, autoLog=True, closeShape=False, color=array([-1, -1, -1]), colorSpace='rgb', contrast=None, depth=2, draggable=False, fillColor=array([0, 0, 0]), fillColorSpace='rgb', fillRGB=array([0, 0, 0]), interpolate=True, lineColor=array([-1, -1, -1]), lineColorSpace='rgb', lineRGB=array([-1, -1, -1]), lineWidth=4, name='unnamed Line', opacity=0.5, ori=0.0, pos=array([0., 0.]), size=array([1., 1.]), units='height', vertices=ndarray(...), win=Window(...), windingRule=None)
64.3837 	EXP 	window1: mouseVisible = True
64.3842 	EXP 	Created unnamed ShapeStim = ShapeStim(__class__=<class 'psychopy.visual.shape.ShapeStim'>, anchor=('center', 'center'), autoDraw=False, autoLog=True, closeShape=True, color=method-wrapper(...), colorSpace='rgb', contrast=None, depth=0, draggable=False, fillColor=array([-1, -1, -1]), fillColorSpace='rgb', fillRGB=array([-1, -1, -1]), interpolate=True, lineColor=array([-1, -1, -1]), lineColorSpace='rgb', lineRGB=array([-1, -1, -1]), lineWidth=1.5, name='unnamed ShapeStim', opacity=1.0, ori=24.54545454545459, pos=array([ 0.32566675, -0.09529179]), size=array([1., 1.]), units='height', vertices=ndarray(...), win=Window(...), windingRule=None)
64.3842 	EXP 	window1: mouseVisible = True
64.3846 	EXP 	Created unnamed Line = Line(__class__=<class 'psychopy.visual.line.Line'>, anchor=('center', 'center'), autoDraw=False, autoLog=True, closeShape=False, color=array([-1, -1, -1]), colorSpace='rgb', contrast=None, depth=2, draggable=False, fillColor=array([0, 0, 0]), fillColorSpace='rgb', fillRGB=array([0, 0, 0]), interpolate=True, lineColor=array([-1, -1, -1]), lineColorSpace='rgb', lineRGB=array([-1, -1, -1]), lineWidth=4, name='unnamed Line', opacity=0.5, ori=0.0, pos=array([0., 0.]), size=array([1., 1.]), units='height', vertices=ndarray(...), win=Window(...), windingRule=None)
64.3846 	EXP 	window1: mouseVisible = True
64.3850 	EXP 	Created unnamed ShapeStim = ShapeStim(__class__=<class 'psychopy.visual.shape.ShapeStim'>, anchor=('center', 'center'), autoDraw=False, autoLog=True, closeShape=True, color=method-wrapper(...), colorSpace='rgb', contrast=None, depth=0, draggable=False, fillColor=array([-1, -1, -1]), fillColorSpace='rgb', fillRGB=array([-1, -1, -1]), interpolate=True, lineColor=array([-1, -1, -1]), lineColorSpace='rgb', lineRGB=array([-1, -1, -1]), lineWidth=1.5, name='unnamed ShapeStim', opacity=1.0, ori=-8.181818181818159, pos=array([0.19634003, 0.24494766]), size=array([1., 1.]), units='height', vertices=ndarray(...), win=Window(...), windingRule=None)
64.3850 	EXP 	window1: mouseVisible = True
64.3854 	EXP 	Created unnamed Rect = Rect(__class__=<class 'psychopy.visual.rect.Rect'>, anchor=('center', 'center'), autoDraw=False, autoLog=True, closeShape=True, color=method-wrapper(...), colorSpace='rgb', contrast=None, depth=0, draggable=False, fillColor=array([0.00392157, 0.00392157, 0.00392157]), fillColorSpace='rgb', fillRGB=array([0.00392157, 0.00392157, 0.00392157]), interpolate=True, lineColor=array([0, 0, 0]), lineColorSpace='rgb', lineRGB=array([0, 0, 0]), lineWidth=0, name='unnamed Rect', opacity=0.0, ori=0.0, pos=array([0.1, 0. ]), size=array([1.1, 1. ]), units='height', vertices=ndarray(...), win=Window(...))
64.4098 	WARNING 	t of last frame was 60945.33ms (=1/0)
64.4098 	EXP 	unnamed Rect: autoDraw = True
64.4098 	EXP 	node0: autoDraw = True
64.4098 	EXP 	node1: autoDraw = True
64.4098 	EXP 	node2: autoDraw = True
64.4098 	EXP 	node3: autoDraw = True
64.4098 	EXP 	node4: autoDraw = True
64.4098 	EXP 	node5: autoDraw = True
64.4098 	EXP 	node6: autoDraw = True
64.4098 	EXP 	node7: autoDraw = True
64.4098 	EXP 	node8: autoDraw = True
64.4098 	EXP 	node9: autoDraw = True
64.4098 	EXP 	node10: autoDraw = True
64.4098 	EXP 	unnamed Line: autoDraw = True
64.4098 	EXP 	unnamed Line: autoDraw = True
64.4098 	EXP 	unnamed ShapeStim: autoDraw = True
64.4098 	EXP 	unnamed Line: autoDraw = True
64.4098 	EXP 	unnamed Line: autoDraw = True
64.4098 	EXP 	unnamed ShapeStim: autoDraw = True
64.4098 	EXP 	unnamed Line: autoDraw = True
64.4098 	EXP 	unnamed Line: autoDraw = True
64.4098 	EXP 	unnamed ShapeStim: autoDraw = True
64.4098 	EXP 	unnamed Line: autoDraw = True
64.4098 	EXP 	unnamed Line: autoDraw = True
64.4098 	EXP 	unnamed ShapeStim: autoDraw = True
64.4098 	EXP 	unnamed Line: autoDraw = True
64.4098 	EXP 	unnamed Line: autoDraw = True
64.4098 	EXP 	unnamed ShapeStim: autoDraw = True
64.4098 	EXP 	unnamed Line: autoDraw = True
64.4098 	EXP 	unnamed Line: autoDraw = True
64.4098 	EXP 	unnamed ShapeStim: autoDraw = True
64.4098 	EXP 	unnamed Line: autoDraw = True
64.4098 	EXP 	unnamed Line: autoDraw = True
64.4098 	EXP 	unnamed ShapeStim: autoDraw = True
64.4098 	EXP 	unnamed Line: autoDraw = True
64.4098 	EXP 	unnamed Line: autoDraw = True
64.4098 	EXP 	unnamed ShapeStim: autoDraw = True
64.4098 	EXP 	unnamed Line: autoDraw = True
64.4098 	EXP 	unnamed Line: autoDraw = True
64.4098 	EXP 	unnamed ShapeStim: autoDraw = True
64.4098 	EXP 	unnamed Line: autoDraw = True
64.4098 	EXP 	unnamed Line: autoDraw = True
64.4098 	EXP 	unnamed ShapeStim: autoDraw = True
64.4098 	EXP 	unnamed Line: autoDraw = True
64.4098 	EXP 	unnamed Line: autoDraw = True
64.4098 	EXP 	unnamed ShapeStim: autoDraw = True
64.4098 	EXP 	unnamed Line: autoDraw = True
64.4098 	EXP 	unnamed Line: autoDraw = True
64.4098 	EXP 	unnamed ShapeStim: autoDraw = True
64.4098 	EXP 	unnamed Line: autoDraw = True
64.4098 	EXP 	unnamed Line: autoDraw = True
64.4098 	EXP 	unnamed ShapeStim: autoDraw = True
64.4098 	EXP 	unnamed Line: autoDraw = True
64.4098 	EXP 	unnamed Line: autoDraw = True
64.4098 	EXP 	unnamed ShapeStim: autoDraw = True
64.4098 	EXP 	unnamed Line: autoDraw = True
64.4098 	EXP 	unnamed Line: autoDraw = True
64.4098 	EXP 	unnamed ShapeStim: autoDraw = True
64.4098 	EXP 	unnamed Line: autoDraw = True
64.4098 	EXP 	unnamed Line: autoDraw = True
64.4098 	EXP 	unnamed ShapeStim: autoDraw = True
64.4098 	EXP 	unnamed Rect: autoDraw = True
68.9468 	DATA 	Keypress: space
68.9585 	WARNING 	t of last frame was 4548.72ms (=1/0)
68.9585 	EXP 	node0: fillColor = '#126DEF'
72.2644 	DATA 	Keypress: space
72.2752 	WARNING 	t of last frame was 3316.74ms (=1/0)
73.5201 	DATA 	Keypress: space
73.5320 	WARNING 	Multiple dropped frames have occurred - I'll stop bothering you about them!
75.1685 	DATA 	Keypress: space
77.0482 	DATA 	Keypress: f
83.7923 	DATA 	Keypress: j
83.8037 	EXP 	window1: mouseVisible = True
83.8214 	EXP 	Created unnamed TextStim = TextStim(__class__=<class 'psychopy.visual.text.TextStim'>, alignHoriz=method-wrapper(...), alignText='center', alignVert=method-wrapper(...), anchorHoriz='center', anchorVert='center', antialias=True, autoDraw=False, autoLog=True, bold=False, color=array([1, 1, 1]), colorSpace='rgb', contrast=1.0, depth=0, draggable=False, flipHoriz=False, flipVert=False, font='', fontFiles=[], height=0.035, italic=False, languageStyle='LTR', name='unnamed TextStim', opacity=1.0, ori=0.0, pos=array([0., 0.]), rgb=UNKNOWN, text='press Space to start', units='height', win=Window(...), wrapWidth=1)
88.2962 	DATA 	Keypress: f
88.8880 	DATA 	Keypress: f
89.2797 	DATA 	Keypress: f
89.6637 	DATA 	Keypress: j
90.6402 	DATA 	Keypress: space
90.6407 	EXP 	window1: mouseVisible = True
90.6413 	EXP 	Created unnamed Rect = Rect(__class__=<class 'psychopy.visual.rect.Rect'>, anchor=('center', 'center'), autoDraw=False, autoLog=True, closeShape=True, color=method-wrapper(...), colorSpace='rgb', contrast=None, depth=0, draggable=False, fillColor=array([0.00392157, 0.00392157, 0.00392157]), fillColorSpace='rgb', fillRGB=array([0.00392157, 0.00392157, 0.00392157]), interpolate=True, lineColor=array([0, 0, 0]), lineColorSpace='rgb', lineRGB=array([0, 0, 0]), lineWidth=0, name='unnamed Rect', opacity=0.5, ori=0.0, pos=array([-0.65,  0.45]), size=array([0.1, 0.1]), units='height', vertices=ndarray(...), win=Window(...))
90.6485 	EXP 	unnamed Rect: autoDraw = True
90.6485 	EXP 	unnamed Rect: autoDraw = True
90.6485 	EXP 	node0: autoDraw = True
90.6485 	EXP 	node1: autoDraw = True
90.6485 	EXP 	node2: autoDraw = True
90.6485 	EXP 	node3: autoDraw = True
90.6485 	EXP 	node4: autoDraw = True
90.6485 	EXP 	node5: autoDraw = True
90.6485 	EXP 	node6: autoDraw = True
90.6485 	EXP 	node7: autoDraw = True
90.6485 	EXP 	node8: autoDraw = True
90.6485 	EXP 	node9: autoDraw = True
90.6485 	EXP 	node10: autoDraw = True
90.6485 	EXP 	unnamed Line: autoDraw = True
90.6485 	EXP 	unnamed ShapeStim: autoDraw = True
90.6485 	EXP 	unnamed Line: autoDraw = True
90.6485 	EXP 	unnamed ShapeStim: autoDraw = True
90.6485 	EXP 	unnamed Line: autoDraw = True
90.6485 	EXP 	unnamed ShapeStim: autoDraw = True
90.6485 	EXP 	unnamed Line: autoDraw = True
90.6485 	EXP 	unnamed ShapeStim: autoDraw = True
90.6485 	EXP 	unnamed Line: autoDraw = True
90.6485 	EXP 	unnamed ShapeStim: autoDraw = True
90.6485 	EXP 	unnamed Line: autoDraw = True
90.6485 	EXP 	unnamed ShapeStim: autoDraw = True
90.6485 	EXP 	unnamed Line: autoDraw = True
90.6485 	EXP 	unnamed ShapeStim: autoDraw = True
90.6485 	EXP 	unnamed Line: autoDraw = True
90.6485 	EXP 	unnamed ShapeStim: autoDraw = True
90.6485 	EXP 	unnamed Line: autoDraw = True
90.6485 	EXP 	unnamed ShapeStim: autoDraw = True
90.6485 	EXP 	unnamed Line: autoDraw = True
90.6485 	EXP 	unnamed ShapeStim: autoDraw = True
90.6485 	EXP 	unnamed Line: autoDraw = True
90.6485 	EXP 	unnamed ShapeStim: autoDraw = True
90.6485 	EXP 	unnamed Line: autoDraw = True
90.6485 	EXP 	unnamed ShapeStim: autoDraw = True
90.6485 	EXP 	unnamed Line: autoDraw = True
90.6485 	EXP 	unnamed ShapeStim: autoDraw = True
90.6485 	EXP 	unnamed Line: autoDraw = True
90.6485 	EXP 	unnamed ShapeStim: autoDraw = True
90.6485 	EXP 	unnamed Line: autoDraw = True
90.6485 	EXP 	unnamed ShapeStim: autoDraw = True
90.6485 	EXP 	unnamed Line: autoDraw = True
90.6485 	EXP 	unnamed ShapeStim: autoDraw = True
90.6485 	EXP 	unnamed Rect: autoDraw = True
90.6485 	EXP 	unnamed Rect: autoDraw = True
90.6568 	EXP 	node0: fillColor = '#126DEF'
90.6568 	EXP 	unnamed Line: autoDraw = False
90.6568 	EXP 	unnamed ShapeStim: autoDraw = False
90.6568 	EXP 	unnamed Line: autoDraw = True
90.6568 	EXP 	unnamed ShapeStim: autoDraw = True
90.6568 	EXP 	unnamed Line: autoDraw = False
90.6568 	EXP 	unnamed ShapeStim: autoDraw = False
90.6568 	EXP 	unnamed Line: autoDraw = True
90.6568 	EXP 	unnamed ShapeStim: autoDraw = True
90.6568 	EXP 	unnamed Line: foreColor = <psychopy.colors.Color: black, alpha=1.0>
90.6568 	EXP 	unnamed Line: borderColor = <psychopy.colors.Color: black, alpha=1.0>
90.6568 	EXP 	unnamed Line: fillColor = <psychopy.colors.Color: black, alpha=1.0>
90.6568 	EXP 	unnamed ShapeStim: foreColor = <psychopy.colors.Color: black, alpha=1.0>
90.6568 	EXP 	unnamed ShapeStim: borderColor = <psychopy.colors.Color: black, alpha=1.0>
90.6568 	EXP 	unnamed ShapeStim: fillColor = <psychopy.colors.Color: black, alpha=1.0>
90.6568 	EXP 	unnamed Line: foreColor = <psychopy.colors.Color: black, alpha=1.0>
90.6568 	EXP 	unnamed Line: borderColor = <psychopy.colors.Color: black, alpha=1.0>
90.6568 	EXP 	unnamed Line: fillColor = <psychopy.colors.Color: black, alpha=1.0>
90.6568 	EXP 	unnamed ShapeStim: foreColor = <psychopy.colors.Color: black, alpha=1.0>
90.6568 	EXP 	unnamed ShapeStim: borderColor = <psychopy.colors.Color: black, alpha=1.0>
90.6568 	EXP 	unnamed ShapeStim: fillColor = <psychopy.colors.Color: black, alpha=1.0>
90.6568 	EXP 	unnamed Line: foreColor = <psychopy.colors.Color: black, alpha=1.0>
90.6568 	EXP 	unnamed Line: borderColor = <psychopy.colors.Color: black, alpha=1.0>
90.6568 	EXP 	unnamed Line: fillColor = <psychopy.colors.Color: black, alpha=1.0>
90.6568 	EXP 	unnamed ShapeStim: foreColor = <psychopy.colors.Color: black, alpha=1.0>
90.6568 	EXP 	unnamed ShapeStim: borderColor = <psychopy.colors.Color: black, alpha=1.0>
90.6568 	EXP 	unnamed ShapeStim: fillColor = <psychopy.colors.Color: black, alpha=1.0>
90.6568 	EXP 	unnamed Line: foreColor = <psychopy.colors.Color: black, alpha=1.0>
90.6568 	EXP 	unnamed Line: borderColor = <psychopy.colors.Color: black, alpha=1.0>
90.6568 	EXP 	unnamed Line: fillColor = <psychopy.colors.Color: black, alpha=1.0>
90.6568 	EXP 	unnamed ShapeStim: foreColor = <psychopy.colors.Color: black, alpha=1.0>
90.6568 	EXP 	unnamed ShapeStim: borderColor = <psychopy.colors.Color: black, alpha=1.0>
90.6568 	EXP 	unnamed ShapeStim: fillColor = <psychopy.colors.Color: black, alpha=1.0>
90.6568 	EXP 	unnamed Line: foreColor = <psychopy.colors.Color: black, alpha=1.0>
90.6568 	EXP 	unnamed Line: borderColor = <psychopy.colors.Color: black, alpha=1.0>
90.6568 	EXP 	unnamed Line: fillColor = <psychopy.colors.Color: black, alpha=1.0>
90.6568 	EXP 	unnamed ShapeStim: foreColor = <psychopy.colors.Color: black, alpha=1.0>
90.6568 	EXP 	unnamed ShapeStim: borderColor = <psychopy.colors.Color: black, alpha=1.0>
90.6568 	EXP 	unnamed ShapeStim: fillColor = <psychopy.colors.Color: black, alpha=1.0>
90.6568 	EXP 	unnamed Line: foreColor = <psychopy.colors.Color: black, alpha=1.0>
90.6568 	EXP 	unnamed Line: borderColor = <psychopy.colors.Color: black, alpha=1.0>
90.6568 	EXP 	unnamed Line: fillColor = <psychopy.colors.Color: black, alpha=1.0>
90.6568 	EXP 	unnamed ShapeStim: foreColor = <psychopy.colors.Color: black, alpha=1.0>
90.6568 	EXP 	unnamed ShapeStim: borderColor = <psychopy.colors.Color: black, alpha=1.0>
90.6568 	EXP 	unnamed ShapeStim: fillColor = <psychopy.colors.Color: black, alpha=1.0>
90.6568 	EXP 	unnamed Line: foreColor = <psychopy.colors.Color: black, alpha=1.0>
90.6568 	EXP 	unnamed Line: borderColor = <psychopy.colors.Color: black, alpha=1.0>
90.6568 	EXP 	unnamed Line: fillColor = <psychopy.colors.Color: black, alpha=1.0>
90.6568 	EXP 	unnamed ShapeStim: foreColor = <psychopy.colors.Color: black, alpha=1.0>
90.6568 	EXP 	unnamed ShapeStim: borderColor = <psychopy.colors.Color: black, alpha=1.0>
90.6568 	EXP 	unnamed ShapeStim: fillColor = <psychopy.colors.Color: black, alpha=1.0>
90.6568 	EXP 	unnamed Line: foreColor = <psychopy.colors.Color: black, alpha=1.0>
90.6568 	EXP 	unnamed Line: borderColor = <psychopy.colors.Color: black, alpha=1.0>
90.6568 	EXP 	unnamed Line: fillColor = <psychopy.colors.Color: black, alpha=1.0>
90.6568 	EXP 	unnamed ShapeStim: foreColor = <psychopy.colors.Color: black, alpha=1.0>
90.6568 	EXP 	unnamed ShapeStim: borderColor = <psychopy.colors.Color: black, alpha=1.0>
90.6568 	EXP 	unnamed ShapeStim: fillColor = <psychopy.colors.Color: black, alpha=1.0>
90.6568 	EXP 	unnamed Line: foreColor = <psychopy.colors.Color: black, alpha=1.0>
90.6568 	EXP 	unnamed Line: borderColor = <psychopy.colors.Color: black, alpha=1.0>
90.6568 	EXP 	unnamed Line: fillColor = <psychopy.colors.Color: black, alpha=1.0>
90.6568 	EXP 	unnamed ShapeStim: foreColor = <psychopy.colors.Color: black, alpha=1.0>
90.6568 	EXP 	unnamed ShapeStim: borderColor = <psychopy.colors.Color: black, alpha=1.0>
90.6568 	EXP 	unnamed ShapeStim: fillColor = <psychopy.colors.Color: black, alpha=1.0>
90.6568 	EXP 	unnamed Line: foreColor = <psychopy.colors.Color: black, alpha=1.0>
90.6568 	EXP 	unnamed Line: borderColor = <psychopy.colors.Color: black, alpha=1.0>
90.6568 	EXP 	unnamed Line: fillColor = <psychopy.colors.Color: black, alpha=1.0>
90.6568 	EXP 	unnamed ShapeStim: foreColor = <psychopy.colors.Color: black, alpha=1.0>
90.6568 	EXP 	unnamed ShapeStim: borderColor = <psychopy.colors.Color: black, alpha=1.0>
90.6568 	EXP 	unnamed ShapeStim: fillColor = <psychopy.colors.Color: black, alpha=1.0>
90.6568 	EXP 	unnamed Line: foreColor = <psychopy.colors.Color: black, alpha=1.0>
90.6568 	EXP 	unnamed Line: borderColor = <psychopy.colors.Color: black, alpha=1.0>
90.6568 	EXP 	unnamed Line: fillColor = <psychopy.colors.Color: black, alpha=1.0>
90.6568 	EXP 	unnamed ShapeStim: foreColor = <psychopy.colors.Color: black, alpha=1.0>
90.6568 	EXP 	unnamed ShapeStim: borderColor = <psychopy.colors.Color: black, alpha=1.0>
90.6568 	EXP 	unnamed ShapeStim: fillColor = <psychopy.colors.Color: black, alpha=1.0>
90.6568 	EXP 	unnamed Line: foreColor = <psychopy.colors.Color: black, alpha=1.0>
90.6568 	EXP 	unnamed Line: borderColor = <psychopy.colors.Color: black, alpha=1.0>
90.6568 	EXP 	unnamed Line: fillColor = <psychopy.colors.Color: black, alpha=1.0>
90.6568 	EXP 	unnamed ShapeStim: foreColor = <psychopy.colors.Color: black, alpha=1.0>
90.6568 	EXP 	unnamed ShapeStim: borderColor = <psychopy.colors.Color: black, alpha=1.0>
90.6568 	EXP 	unnamed ShapeStim: fillColor = <psychopy.colors.Color: black, alpha=1.0>
90.6568 	EXP 	unnamed Line: foreColor = <psychopy.colors.Color: black, alpha=1.0>
90.6568 	EXP 	unnamed Line: borderColor = <psychopy.colors.Color: black, alpha=1.0>
90.6568 	EXP 	unnamed Line: fillColor = <psychopy.colors.Color: black, alpha=1.0>
90.6568 	EXP 	unnamed ShapeStim: foreColor = <psychopy.colors.Color: black, alpha=1.0>
90.6568 	EXP 	unnamed ShapeStim: borderColor = <psychopy.colors.Color: black, alpha=1.0>
90.6568 	EXP 	unnamed ShapeStim: fillColor = <psychopy.colors.Color: black, alpha=1.0>
90.6568 	EXP 	unnamed Line: foreColor = <psychopy.colors.Color: black, alpha=1.0>
90.6568 	EXP 	unnamed Line: borderColor = <psychopy.colors.Color: black, alpha=1.0>
90.6568 	EXP 	unnamed Line: fillColor = <psychopy.colors.Color: black, alpha=1.0>
90.6568 	EXP 	unnamed ShapeStim: foreColor = <psychopy.colors.Color: black, alpha=1.0>
90.6568 	EXP 	unnamed ShapeStim: borderColor = <psychopy.colors.Color: black, alpha=1.0>
90.6568 	EXP 	unnamed ShapeStim: fillColor = <psychopy.colors.Color: black, alpha=1.0>
90.6568 	EXP 	unnamed Line: foreColor = <psychopy.colors.Color: (1.0, 0.58, -0.87, 1.0)>
90.6568 	EXP 	unnamed Line: borderColor = <psychopy.colors.Color: (1.0, 0.58, -0.87, 1.0)>
90.6568 	EXP 	unnamed Line: fillColor = <psychopy.colors.Color: (1.0, 0.58, -0.87, 1.0)>
90.6568 	EXP 	unnamed ShapeStim: foreColor = <psychopy.colors.Color: (1.0, 0.58, -0.87, 1.0)>
90.6568 	EXP 	unnamed ShapeStim: borderColor = <psychopy.colors.Color: (1.0, 0.58, -0.87, 1.0)>
90.6568 	EXP 	unnamed ShapeStim: fillColor = <psychopy.colors.Color: (1.0, 0.58, -0.87, 1.0)>
92.2240 	DATA 	Keypress: f
92.2304 	EXP 	unnamed Line: foreColor = <psychopy.colors.Color: black, alpha=1.0>
92.2304 	EXP 	unnamed Line: borderColor = <psychopy.colors.Color: black, alpha=1.0>
92.2304 	EXP 	unnamed Line: fillColor = <psychopy.colors.Color: black, alpha=1.0>
92.2304 	EXP 	unnamed ShapeStim: foreColor = <psychopy.colors.Color: black, alpha=1.0>
92.2304 	EXP 	unnamed ShapeStim: borderColor = <psychopy.colors.Color: black, alpha=1.0>
92.2304 	EXP 	unnamed ShapeStim: fillColor = <psychopy.colors.Color: black, alpha=1.0>
92.2304 	EXP 	unnamed Line: foreColor = <psychopy.colors.Color: (1.0, 0.58, -0.87, 1.0)>
92.2304 	EXP 	unnamed Line: borderColor = <psychopy.colors.Color: (1.0, 0.58, -0.87, 1.0)>
92.2304 	EXP 	unnamed Line: fillColor = <psychopy.colors.Color: (1.0, 0.58, -0.87, 1.0)>
92.2304 	EXP 	unnamed ShapeStim: foreColor = <psychopy.colors.Color: (1.0, 0.58, -0.87, 1.0)>
92.2304 	EXP 	unnamed ShapeStim: borderColor = <psychopy.colors.Color: (1.0, 0.58, -0.87, 1.0)>
92.2304 	EXP 	unnamed ShapeStim: fillColor = <psychopy.colors.Color: (1.0, 0.58, -0.87, 1.0)>
92.8238 	DATA 	Keypress: f
92.8295 	EXP 	unnamed Line: foreColor = <psychopy.colors.Color: black, alpha=1.0>
92.8295 	EXP 	unnamed Line: borderColor = <psychopy.colors.Color: black, alpha=1.0>
92.8295 	EXP 	unnamed Line: fillColor = <psychopy.colors.Color: black, alpha=1.0>
92.8295 	EXP 	unnamed ShapeStim: foreColor = <psychopy.colors.Color: black, alpha=1.0>
92.8295 	EXP 	unnamed ShapeStim: borderColor = <psychopy.colors.Color: black, alpha=1.0>
92.8295 	EXP 	unnamed ShapeStim: fillColor = <psychopy.colors.Color: black, alpha=1.0>
92.8295 	EXP 	unnamed Line: foreColor = <psychopy.colors.Color: (1.0, 0.58, -0.87, 1.0)>
92.8295 	EXP 	unnamed Line: borderColor = <psychopy.colors.Color: (1.0, 0.58, -0.87, 1.0)>
92.8295 	EXP 	unnamed Line: fillColor = <psychopy.colors.Color: (1.0, 0.58, -0.87, 1.0)>
92.8295 	EXP 	unnamed ShapeStim: foreColor = <psychopy.colors.Color: (1.0, 0.58, -0.87, 1.0)>
92.8295 	EXP 	unnamed ShapeStim: borderColor = <psychopy.colors.Color: (1.0, 0.58, -0.87, 1.0)>
92.8295 	EXP 	unnamed ShapeStim: fillColor = <psychopy.colors.Color: (1.0, 0.58, -0.87, 1.0)>
93.2241 	DATA 	Keypress: f
93.2289 	EXP 	unnamed Line: foreColor = <psychopy.colors.Color: black, alpha=1.0>
93.2289 	EXP 	unnamed Line: borderColor = <psychopy.colors.Color: black, alpha=1.0>
93.2289 	EXP 	unnamed Line: fillColor = <psychopy.colors.Color: black, alpha=1.0>
93.2289 	EXP 	unnamed ShapeStim: foreColor = <psychopy.colors.Color: black, alpha=1.0>
93.2289 	EXP 	unnamed ShapeStim: borderColor = <psychopy.colors.Color: black, alpha=1.0>
93.2289 	EXP 	unnamed ShapeStim: fillColor = <psychopy.colors.Color: black, alpha=1.0>
93.2289 	EXP 	unnamed Line: foreColor = <psychopy.colors.Color: (1.0, 0.58, -0.87, 1.0)>
93.2289 	EXP 	unnamed Line: borderColor = <psychopy.colors.Color: (1.0, 0.58, -0.87, 1.0)>
93.2289 	EXP 	unnamed Line: fillColor = <psychopy.colors.Color: (1.0, 0.58, -0.87, 1.0)>
93.2289 	EXP 	unnamed ShapeStim: foreColor = <psychopy.colors.Color: (1.0, 0.58, -0.87, 1.0)>
93.2289 	EXP 	unnamed ShapeStim: borderColor = <psychopy.colors.Color: (1.0, 0.58, -0.87, 1.0)>
93.2289 	EXP 	unnamed ShapeStim: fillColor = <psychopy.colors.Color: (1.0, 0.58, -0.87, 1.0)>
93.7041 	DATA 	Keypress: space
95.0640 	DATA 	Keypress: f
95.0720 	EXP 	unnamed Line: foreColor = <psychopy.colors.Color: black, alpha=1.0>
95.0720 	EXP 	unnamed Line: borderColor = <psychopy.colors.Color: black, alpha=1.0>
95.0720 	EXP 	unnamed Line: fillColor = <psychopy.colors.Color: black, alpha=1.0>
95.0720 	EXP 	unnamed ShapeStim: foreColor = <psychopy.colors.Color: black, alpha=1.0>
95.0720 	EXP 	unnamed ShapeStim: borderColor = <psychopy.colors.Color: black, alpha=1.0>
95.0720 	EXP 	unnamed ShapeStim: fillColor = <psychopy.colors.Color: black, alpha=1.0>
95.0720 	EXP 	unnamed Line: foreColor = <psychopy.colors.Color: (1.0, 0.58, -0.87, 1.0)>
95.0720 	EXP 	unnamed Line: borderColor = <psychopy.colors.Color: (1.0, 0.58, -0.87, 1.0)>
95.0720 	EXP 	unnamed Line: fillColor = <psychopy.colors.Color: (1.0, 0.58, -0.87, 1.0)>
95.0720 	EXP 	unnamed ShapeStim: foreColor = <psychopy.colors.Color: (1.0, 0.58, -0.87, 1.0)>
95.0720 	EXP 	unnamed ShapeStim: borderColor = <psychopy.colors.Color: (1.0, 0.58, -0.87, 1.0)>
95.0720 	EXP 	unnamed ShapeStim: fillColor = <psychopy.colors.Color: (1.0, 0.58, -0.87, 1.0)>
95.6719 	DATA 	Keypress: f
95.6777 	EXP 	unnamed Line: foreColor = <psychopy.colors.Color: black, alpha=1.0>
95.6777 	EXP 	unnamed Line: borderColor = <psychopy.colors.Color: black, alpha=1.0>
95.6777 	EXP 	unnamed Line: fillColor = <psychopy.colors.Color: black, alpha=1.0>
95.6777 	EXP 	unnamed ShapeStim: foreColor = <psychopy.colors.Color: black, alpha=1.0>
95.6777 	EXP 	unnamed ShapeStim: borderColor = <psychopy.colors.Color: black, alpha=1.0>
95.6777 	EXP 	unnamed ShapeStim: fillColor = <psychopy.colors.Color: black, alpha=1.0>
95.6777 	EXP 	unnamed Line: foreColor = <psychopy.colors.Color: (1.0, 0.58, -0.87, 1.0)>
95.6777 	EXP 	unnamed Line: borderColor = <psychopy.colors.Color: (1.0, 0.58, -0.87, 1.0)>
95.6777 	EXP 	unnamed Line: fillColor = <psychopy.colors.Color: (1.0, 0.58, -0.87, 1.0)>
95.6777 	EXP 	unnamed ShapeStim: foreColor = <psychopy.colors.Color: (1.0, 0.58, -0.87, 1.0)>
95.6777 	EXP 	unnamed ShapeStim: borderColor = <psychopy.colors.Color: (1.0, 0.58, -0.87, 1.0)>
95.6777 	EXP 	unnamed ShapeStim: fillColor = <psychopy.colors.Color: (1.0, 0.58, -0.87, 1.0)>
96.2633 	DATA 	Keypress: space
99.3444 	DATA 	Keypress: f
99.3535 	EXP 	unnamed Line: foreColor = <psychopy.colors.Color: black, alpha=1.0>
99.3535 	EXP 	unnamed Line: borderColor = <psychopy.colors.Color: black, alpha=1.0>
99.3535 	EXP 	unnamed Line: fillColor = <psychopy.colors.Color: black, alpha=1.0>
99.3535 	EXP 	unnamed ShapeStim: foreColor = <psychopy.colors.Color: black, alpha=1.0>
99.3535 	EXP 	unnamed ShapeStim: borderColor = <psychopy.colors.Color: black, alpha=1.0>
99.3535 	EXP 	unnamed ShapeStim: fillColor = <psychopy.colors.Color: black, alpha=1.0>
99.3535 	EXP 	unnamed Line: foreColor = <psychopy.colors.Color: (1.0, 0.58, -0.87, 1.0)>
99.3535 	EXP 	unnamed Line: borderColor = <psychopy.colors.Color: (1.0, 0.58, -0.87, 1.0)>
99.3535 	EXP 	unnamed Line: fillColor = <psychopy.colors.Color: (1.0, 0.58, -0.87, 1.0)>
99.3535 	EXP 	unnamed ShapeStim: foreColor = <psychopy.colors.Color: (1.0, 0.58, -0.87, 1.0)>
99.3535 	EXP 	unnamed ShapeStim: borderColor = <psychopy.colors.Color: (1.0, 0.58, -0.87, 1.0)>
99.3535 	EXP 	unnamed ShapeStim: fillColor = <psychopy.colors.Color: (1.0, 0.58, -0.87, 1.0)>
99.6958 	DATA 	Keypress: f
99.7017 	EXP 	unnamed Line: foreColor = <psychopy.colors.Color: black, alpha=1.0>
99.7017 	EXP 	unnamed Line: borderColor = <psychopy.colors.Color: black, alpha=1.0>
99.7017 	EXP 	unnamed Line: fillColor = <psychopy.colors.Color: black, alpha=1.0>
99.7017 	EXP 	unnamed ShapeStim: foreColor = <psychopy.colors.Color: black, alpha=1.0>
99.7017 	EXP 	unnamed ShapeStim: borderColor = <psychopy.colors.Color: black, alpha=1.0>
99.7017 	EXP 	unnamed ShapeStim: fillColor = <psychopy.colors.Color: black, alpha=1.0>
99.7017 	EXP 	unnamed Line: foreColor = <psychopy.colors.Color: (1.0, 0.58, -0.87, 1.0)>
99.7017 	EXP 	unnamed Line: borderColor = <psychopy.colors.Color: (1.0, 0.58, -0.87, 1.0)>
99.7017 	EXP 	unnamed Line: fillColor = <psychopy.colors.Color: (1.0, 0.58, -0.87, 1.0)>
99.7017 	EXP 	unnamed ShapeStim: foreColor = <psychopy.colors.Color: (1.0, 0.58, -0.87, 1.0)>
99.7017 	EXP 	unnamed ShapeStim: borderColor = <psychopy.colors.Color: (1.0, 0.58, -0.87, 1.0)>
99.7017 	EXP 	unnamed ShapeStim: fillColor = <psychopy.colors.Color: (1.0, 0.58, -0.87, 1.0)>
100.0958 	DATA 	Keypress: j
100.0982 	EXP 	node1: fillColor = '#126DEF'
100.0982 	EXP 	node0: fillColor = 'white'
100.0982 	EXP 	unnamed Line: autoDraw = False
100.0982 	EXP 	unnamed Line: autoDraw = False
100.0982 	EXP 	unnamed Line: autoDraw = False
100.0982 	EXP 	unnamed Line: autoDraw = False
100.0982 	EXP 	unnamed Line: autoDraw = False
100.0982 	EXP 	unnamed Line: autoDraw = False
100.0982 	EXP 	unnamed Line: autoDraw = False
100.0982 	EXP 	unnamed Line: autoDraw = False
100.0982 	EXP 	unnamed Line: autoDraw = False
100.0982 	EXP 	unnamed Line: autoDraw = False
100.0982 	EXP 	unnamed Line: autoDraw = False
100.0982 	EXP 	unnamed Line: autoDraw = False
100.0982 	EXP 	unnamed Line: autoDraw = False
100.0982 	EXP 	unnamed Line: autoDraw = False
100.0982 	EXP 	unnamed Line: autoDraw = False
100.0982 	EXP 	unnamed Line: autoDraw = False
100.0982 	EXP 	unnamed Rect: autoDraw = False
100.0982 	EXP 	node0: autoDraw = False
100.0982 	EXP 	node1: autoDraw = False
100.0982 	EXP 	node2: autoDraw = False
100.0982 	EXP 	node3: autoDraw = False
100.0982 	EXP 	node4: autoDraw = False
100.0982 	EXP 	node5: autoDraw = False
100.0982 	EXP 	node6: autoDraw = False
100.0982 	EXP 	node7: autoDraw = False
100.0982 	EXP 	node8: autoDraw = False
100.0982 	EXP 	node9: autoDraw = False
100.0982 	EXP 	node10: autoDraw = False
100.0982 	EXP 	unnamed ShapeStim: autoDraw = False
100.0982 	EXP 	unnamed ShapeStim: autoDraw = False
100.0982 	EXP 	unnamed ShapeStim: autoDraw = False
100.0982 	EXP 	unnamed ShapeStim: autoDraw = False
100.0982 	EXP 	unnamed ShapeStim: autoDraw = False
100.0982 	EXP 	unnamed ShapeStim: autoDraw = False
100.0982 	EXP 	unnamed ShapeStim: autoDraw = False
100.0982 	EXP 	unnamed ShapeStim: autoDraw = False
100.0982 	EXP 	unnamed ShapeStim: autoDraw = False
100.0982 	EXP 	unnamed ShapeStim: autoDraw = False
100.0982 	EXP 	unnamed ShapeStim: autoDraw = False
100.0982 	EXP 	unnamed ShapeStim: autoDraw = False
100.0982 	EXP 	unnamed ShapeStim: autoDraw = False
100.0982 	EXP 	unnamed ShapeStim: autoDraw = False
100.0982 	EXP 	unnamed Rect: autoDraw = False
100.0982 	EXP 	unnamed Rect: autoDraw = False
100.0982 	EXP 	unnamed ShapeStim: autoDraw = False
100.0982 	EXP 	unnamed ShapeStim: autoDraw = False
100.0987 	INFO 	Mouse: using default window
100.0987 	EXP 	window1: mouseVisible = True
100.0988 	EXP 	window1: mouseVisible = True
100.0993 	EXP 	Created unnamed Rect = Rect(__class__=<class 'psychopy.visual.rect.Rect'>, anchor=('center', 'center'), autoDraw=False, autoLog=True, closeShape=True, color=method-wrapper(...), colorSpace='rgb', contrast=None, depth=0, draggable=False, fillColor=array([0.00392157, 0.00392157, 0.00392157]), fillColorSpace='rgb', fillRGB=array([0.00392157, 0.00392157, 0.00392157]), interpolate=True, lineColor=array([0, 0, 0]), lineColorSpace='rgb', lineRGB=array([0, 0, 0]), lineWidth=0, name='unnamed Rect', opacity=0.5, ori=0.0, pos=array([-0.65,  0.45]), size=array([0.1, 0.1]), units='height', vertices=ndarray(...), win=Window(...))
100.1003 	EXP 	window1: mouseVisible = True
100.1028 	EXP 	Created node0 = Circle(__class__=<class 'psychopy.visual.circle.Circle'>, anchor=('center', 'center'), autoDraw=False, autoLog=True, closeShape=True, color=method-wrapper(...), colorSpace='rgb', contrast=None, depth=0, draggable=False, fillColor=array([1, 1, 1]), fillColorSpace='rgb', fillRGB=array([1, 1, 1]), interpolate=True, lineColor=array([-1, -1, -1]), lineColorSpace='rgb', lineRGB=array([-1, -1, -1]), lineWidth=2, name='node0', opacity=1.0, ori=0.0, pos=array([0.  , 0.35]), size=array([1., 1.]), units='height', vertices=ndarray(...), win=Window(...))
100.1029 	EXP 	window1: mouseVisible = True
100.1386 	EXP 	Created unnamed ImageStim = ImageStim(__class__=<class 'psychopy.visual.image.ImageStim'>, anchor=('center', 'center'), autoLog=True, color=array([1., 1., 1.]), colorSpace='rgb', contrast=1.0, depth=0, draggable=False, flipHoriz=False, flipVert=False, image='images/pattern_6.png', interpolate=False, mask=None, maskParams=None, name='unnamed ImageStim', opacity=1.0, ori=0.0, pos=array([0.  , 0.35]), size=array([0.12, 0.12]), texRes=128, units='height', win=Window(...))
100.1396 	EXP 	window1: mouseVisible = True
100.1416 	EXP 	Created node1 = Circle(__class__=<class 'psychopy.visual.circle.Circle'>, anchor=('center', 'center'), autoDraw=False, autoLog=True, closeShape=True, color=method-wrapper(...), colorSpace='rgb', contrast=None, depth=0, draggable=False, fillColor=array([1, 1, 1]), fillColorSpace='rgb', fillRGB=array([1, 1, 1]), interpolate=True, lineColor=array([-1, -1, -1]), lineColorSpace='rgb', lineRGB=array([-1, -1, -1]), lineWidth=2, name='node1', opacity=1.0, ori=0.0, pos=array([-0.18922429,  0.29443874]), size=array([1., 1.]), units='height', vertices=ndarray(...), win=Window(...))
100.1416 	EXP 	window1: mouseVisible = True
100.1602 	EXP 	Created unnamed ImageStim = ImageStim(__class__=<class 'psychopy.visual.image.ImageStim'>, anchor=('center', 'center'), autoLog=True, color=array([1., 1., 1.]), colorSpace='rgb', contrast=1.0, depth=0, draggable=False, flipHoriz=False, flipVert=False, image='images/pattern_7.png', interpolate=False, mask=None, maskParams=None, name='unnamed ImageStim', opacity=1.0, ori=0.0, pos=array([-0.18922429,  0.29443874]), size=array([0.12, 0.12]), texRes=128, units='height', win=Window(...))
100.1612 	EXP 	window1: mouseVisible = True
100.1631 	EXP 	Created node2 = Circle(__class__=<class 'psychopy.visual.circle.Circle'>, anchor=('center', 'center'), autoDraw=False, autoLog=True, closeShape=True, color=method-wrapper(...), colorSpace='rgb', contrast=None, depth=0, draggable=False, fillColor=array([1, 1, 1]), fillColorSpace='rgb', fillRGB=array([1, 1, 1]), interpolate=True, lineColor=array([-1, -1, -1]), lineColorSpace='rgb', lineRGB=array([-1, -1, -1]), lineWidth=2, name='node2', opacity=1.0, ori=0.0, pos=array([-0.3183712 ,  0.14539525]), size=array([1., 1.]), units='height', vertices=ndarray(...), win=Window(...))
100.1632 	EXP 	window1: mouseVisible = True
100.1822 	EXP 	Created unnamed ImageStim = ImageStim(__class__=<class 'psychopy.visual.image.ImageStim'>, anchor=('center', 'center'), autoLog=True, color=array([1., 1., 1.]), colorSpace='rgb', contrast=1.0, depth=0, draggable=False, flipHoriz=False, flipVert=False, image='images/pattern_8.png', interpolate=False, mask=None, maskParams=None, name='unnamed ImageStim', opacity=1.0, ori=0.0, pos=array([-0.3183712 ,  0.14539525]), size=array([0.12, 0.12]), texRes=128, units='height', win=Window(...))
100.1832 	EXP 	window1: mouseVisible = True
100.1851 	EXP 	Created node3 = Circle(__class__=<class 'psychopy.visual.circle.Circle'>, anchor=('center', 'center'), autoDraw=False, autoLog=True, closeShape=True, color=method-wrapper(...), colorSpace='rgb', contrast=None, depth=0, draggable=False, fillColor=array([1, 1, 1]), fillColorSpace='rgb', fillRGB=array([1, 1, 1]), interpolate=True, lineColor=array([-1, -1, -1]), lineColorSpace='rgb', lineRGB=array([-1, -1, -1]), lineWidth=2, name='node3', opacity=1.0, ori=0.0, pos=array([-0.3464375 , -0.04981019]), size=array([1., 1.]), units='height', vertices=ndarray(...), win=Window(...))
100.1852 	EXP 	window1: mouseVisible = True
100.2042 	EXP 	Created unnamed ImageStim = ImageStim(__class__=<class 'psychopy.visual.image.ImageStim'>, anchor=('center', 'center'), autoLog=True, color=array([1., 1., 1.]), colorSpace='rgb', contrast=1.0, depth=0, draggable=False, flipHoriz=False, flipVert=False, image='images/pattern_9.png', interpolate=False, mask=None, maskParams=None, name='unnamed ImageStim', opacity=1.0, ori=0.0, pos=array([-0.3464375 , -0.04981019]), size=array([0.12, 0.12]), texRes=128, units='height', win=Window(...))
100.2052 	EXP 	window1: mouseVisible = True
100.2071 	EXP 	Created node4 = Circle(__class__=<class 'psychopy.visual.circle.Circle'>, anchor=('center', 'center'), autoDraw=False, autoLog=True, closeShape=True, color=method-wrapper(...), colorSpace='rgb', contrast=None, depth=0, draggable=False, fillColor=array([1, 1, 1]), fillColorSpace='rgb', fillRGB=array([1, 1, 1]), interpolate=True, lineColor=array([-1, -1, -1]), lineColorSpace='rgb', lineRGB=array([-1, -1, -1]), lineWidth=2, name='node4', opacity=1.0, ori=0.0, pos=array([-0.26451235, -0.22920126]), size=array([1., 1.]), units='height', vertices=ndarray(...), win=Window(...))
100.2071 	EXP 	window1: mouseVisible = True
100.2242 	EXP 	Created unnamed ImageStim = ImageStim(__class__=<class 'psychopy.visual.image.ImageStim'>, anchor=('center', 'center'), autoLog=True, color=array([1., 1., 1.]), colorSpace='rgb', contrast=1.0, depth=0, draggable=False, flipHoriz=False, flipVert=False, image='images/pattern_4.png', interpolate=False, mask=None, maskParams=None, name='unnamed ImageStim', opacity=1.0, ori=0.0, pos=array([-0.26451235, -0.22920126]), size=array([0.12, 0.12]), texRes=128, units='height', win=Window(...))
100.2253 	EXP 	window1: mouseVisible = True
100.2272 	EXP 	Created node5 = Circle(__class__=<class 'psychopy.visual.circle.Circle'>, anchor=('center', 'center'), autoDraw=False, autoLog=True, closeShape=True, color=method-wrapper(...), colorSpace='rgb', contrast=None, depth=0, draggable=False, fillColor=array([1, 1, 1]), fillColorSpace='rgb', fillRGB=array([1, 1, 1]), interpolate=True, lineColor=array([-1, -1, -1]), lineColorSpace='rgb', lineRGB=array([-1, -1, -1]), lineWidth=2, name='node5', opacity=1.0, ori=0.0, pos=array([-0.09860639, -0.33582254]), size=array([1., 1.]), units='height', vertices=ndarray(...), win=Window(...))
100.2272 	EXP 	window1: mouseVisible = True
100.2444 	EXP 	Created unnamed ImageStim = ImageStim(__class__=<class 'psychopy.visual.image.ImageStim'>, anchor=('center', 'center'), autoLog=True, color=array([1., 1., 1.]), colorSpace='rgb', contrast=1.0, depth=0, draggable=False, flipHoriz=False, flipVert=False, image='images/pattern_3.png', interpolate=False, mask=None, maskParams=None, name='unnamed ImageStim', opacity=1.0, ori=0.0, pos=array([-0.09860639, -0.33582254]), size=array([0.12, 0.12]), texRes=128, units='height', win=Window(...))
100.2455 	EXP 	window1: mouseVisible = True
100.2474 	EXP 	Created node6 = Circle(__class__=<class 'psychopy.visual.circle.Circle'>, anchor=('center', 'center'), autoDraw=False, autoLog=True, closeShape=True, color=method-wrapper(...), colorSpace='rgb', contrast=None, depth=0, draggable=False, fillColor=array([1, 1, 1]), fillColorSpace='rgb', fillRGB=array([1, 1, 1]), interpolate=True, lineColor=array([-1, -1, -1]), lineColorSpace='rgb', lineRGB=array([-1, -1, -1]), lineWidth=2, name='node6', opacity=1.0, ori=0.0, pos=array([ 0.09860639, -0.33582254]), size=array([1., 1.]), units='height', vertices=ndarray(...), win=Window(...))
100.2475 	EXP 	window1: mouseVisible = True
100.2644 	EXP 	Created unnamed ImageStim = ImageStim(__class__=<class 'psychopy.visual.image.ImageStim'>, anchor=('center', 'center'), autoLog=True, color=array([1., 1., 1.]), colorSpace='rgb', contrast=1.0, depth=0, draggable=False, flipHoriz=False, flipVert=False, image='images/pattern_2.png', interpolate=False, mask=None, maskParams=None, name='unnamed ImageStim', opacity=1.0, ori=0.0, pos=array([ 0.09860639, -0.33582254]), size=array([0.12, 0.12]), texRes=128, units='height', win=Window(...))
100.2655 	EXP 	window1: mouseVisible = True
100.2674 	EXP 	Created node7 = Circle(__class__=<class 'psychopy.visual.circle.Circle'>, anchor=('center', 'center'), autoDraw=False, autoLog=True, closeShape=True, color=method-wrapper(...), colorSpace='rgb', contrast=None, depth=0, draggable=False, fillColor=array([1, 1, 1]), fillColorSpace='rgb', fillRGB=array([1, 1, 1]), interpolate=True, lineColor=array([-1, -1, -1]), lineColorSpace='rgb', lineRGB=array([-1, -1, -1]), lineWidth=2, name='node7', opacity=1.0, ori=0.0, pos=array([ 0.26451235, -0.22920126]), size=array([1., 1.]), units='height', vertices=ndarray(...), win=Window(...))
100.2674 	EXP 	window1: mouseVisible = True
100.2846 	EXP 	Created unnamed ImageStim = ImageStim(__class__=<class 'psychopy.visual.image.ImageStim'>, anchor=('center', 'center'), autoLog=True, color=array([1., 1., 1.]), colorSpace='rgb', contrast=1.0, depth=0, draggable=False, flipHoriz=False, flipVert=False, image='images/pattern_1.png', interpolate=False, mask=None, maskParams=None, name='unnamed ImageStim', opacity=1.0, ori=0.0, pos=array([ 0.26451235, -0.22920126]), size=array([0.12, 0.12]), texRes=128, units='height', win=Window(...))
100.2856 	EXP 	window1: mouseVisible = True
100.2875 	EXP 	Created node8 = Circle(__class__=<class 'psychopy.visual.circle.Circle'>, anchor=('center', 'center'), autoDraw=False, autoLog=True, closeShape=True, color=method-wrapper(...), colorSpace='rgb', contrast=None, depth=0, draggable=False, fillColor=array([1, 1, 1]), fillColorSpace='rgb', fillRGB=array([1, 1, 1]), interpolate=True, lineColor=array([-1, -1, -1]), lineColorSpace='rgb', lineRGB=array([-1, -1, -1]), lineWidth=2, name='node8', opacity=1.0, ori=0.0, pos=array([ 0.3464375 , -0.04981019]), size=array([1., 1.]), units='height', vertices=ndarray(...), win=Window(...))
100.2875 	EXP 	window1: mouseVisible = True
100.3047 	EXP 	Created unnamed ImageStim = ImageStim(__class__=<class 'psychopy.visual.image.ImageStim'>, anchor=('center', 'center'), autoLog=True, color=array([1., 1., 1.]), colorSpace='rgb', contrast=1.0, depth=0, draggable=False, flipHoriz=False, flipVert=False, image='images/pattern_5.png', interpolate=False, mask=None, maskParams=None, name='unnamed ImageStim', opacity=1.0, ori=0.0, pos=array([ 0.3464375 , -0.04981019]), size=array([0.12, 0.12]), texRes=128, units='height', win=Window(...))
100.3057 	EXP 	window1: mouseVisible = True
100.3076 	EXP 	Created node9 = Circle(__class__=<class 'psychopy.visual.circle.Circle'>, anchor=('center', 'center'), autoDraw=False, autoLog=True, closeShape=True, color=method-wrapper(...), colorSpace='rgb', contrast=None, depth=0, draggable=False, fillColor=array([1, 1, 1]), fillColorSpace='rgb', fillRGB=array([1, 1, 1]), interpolate=True, lineColor=array([-1, -1, -1]), lineColorSpace='rgb', lineRGB=array([-1, -1, -1]), lineWidth=2, name='node9', opacity=1.0, ori=0.0, pos=array([0.3183712 , 0.14539525]), size=array([1., 1.]), units='height', vertices=ndarray(...), win=Window(...))
100.3076 	EXP 	window1: mouseVisible = True
100.3245 	EXP 	Created unnamed ImageStim = ImageStim(__class__=<class 'psychopy.visual.image.ImageStim'>, anchor=('center', 'center'), autoLog=True, color=array([1., 1., 1.]), colorSpace='rgb', contrast=1.0, depth=0, draggable=False, flipHoriz=False, flipVert=False, image='images/pattern_5.png', interpolate=False, mask=None, maskParams=None, name='unnamed ImageStim', opacity=1.0, ori=0.0, pos=array([0.3183712 , 0.14539525]), size=array([0.12, 0.12]), texRes=128, units='height', win=Window(...))
100.3256 	EXP 	window1: mouseVisible = True
100.3275 	EXP 	Created node10 = Circle(__class__=<class 'psychopy.visual.circle.Circle'>, anchor=('center', 'center'), autoDraw=False, autoLog=True, closeShape=True, color=method-wrapper(...), colorSpace='rgb', contrast=None, depth=0, draggable=False, fillColor=array([1, 1, 1]), fillColorSpace='rgb', fillRGB=array([1, 1, 1]), interpolate=True, lineColor=array([-1, -1, -1]), lineColorSpace='rgb', lineRGB=array([-1, -1, -1]), lineWidth=2, name='node10', opacity=1.0, ori=0.0, pos=array([0.18922429, 0.29443874]), size=array([1., 1.]), units='height', vertices=ndarray(...), win=Window(...))
100.3275 	EXP 	window1: mouseVisible = True
100.3448 	EXP 	Created unnamed ImageStim = ImageStim(__class__=<class 'psychopy.visual.image.ImageStim'>, anchor=('center', 'center'), autoLog=True, color=array([1., 1., 1.]), colorSpace='rgb', contrast=1.0, depth=0, draggable=False, flipHoriz=False, flipVert=False, image='images/pattern_5.png', interpolate=False, mask=None, maskParams=None, name='unnamed ImageStim', opacity=1.0, ori=0.0, pos=array([0.18922429, 0.29443874]), size=array([0.12, 0.12]), texRes=128, units='height', win=Window(...))
100.3449 	EXP 	window1: mouseVisible = True
100.3453 	EXP 	Created unnamed Rect = Rect(__class__=<class 'psychopy.visual.rect.Rect'>, anchor=('center', 'center'), autoDraw=False, autoLog=True, closeShape=True, color=method-wrapper(...), colorSpace='rgb', contrast=None, depth=0, draggable=False, fillColor=array([0.00392157, 0.00392157, 0.00392157]), fillColorSpace='rgb', fillRGB=array([0.00392157, 0.00392157, 0.00392157]), interpolate=True, lineColor=array([0, 0, 0]), lineColorSpace='rgb', lineRGB=array([0, 0, 0]), lineWidth=0, name='unnamed Rect', opacity=0.0, ori=0.0, pos=array([0.1, 0. ]), size=array([1.1, 1. ]), units='height', vertices=ndarray(...), win=Window(...))
100.3517 	EXP 	unnamed Rect: autoDraw = True
100.3517 	EXP 	node0: autoDraw = True
100.3517 	EXP 	unnamed ImageStim: autoDraw = True
100.3517 	EXP 	node1: autoDraw = True
100.3517 	EXP 	unnamed ImageStim: autoDraw = True
100.3517 	EXP 	node2: autoDraw = True
100.3517 	EXP 	unnamed ImageStim: autoDraw = True
100.3517 	EXP 	node3: autoDraw = True
100.3517 	EXP 	unnamed ImageStim: autoDraw = True
100.3517 	EXP 	node4: autoDraw = True
100.3517 	EXP 	unnamed ImageStim: autoDraw = True
100.3517 	EXP 	node5: autoDraw = True
100.3517 	EXP 	unnamed ImageStim: autoDraw = True
100.3517 	EXP 	node6: autoDraw = True
100.3517 	EXP 	unnamed ImageStim: autoDraw = True
100.3517 	EXP 	node7: autoDraw = True
100.3517 	EXP 	unnamed ImageStim: autoDraw = True
100.3517 	EXP 	node8: autoDraw = True
100.3517 	EXP 	unnamed ImageStim: autoDraw = True
100.3517 	EXP 	node9: autoDraw = True
100.3517 	EXP 	unnamed ImageStim: autoDraw = True
100.3517 	EXP 	node10: autoDraw = True
100.3517 	EXP 	unnamed ImageStim: autoDraw = True
100.3517 	EXP 	unnamed Rect: autoDraw = True
103.2002 	DATA 	Keypress: space
103.2009 	EXP 	window1: mouseVisible = True
103.2029 	EXP 	Created unnamed TextStim = TextStim(__class__=<class 'psychopy.visual.text.TextStim'>, alignHoriz=method-wrapper(...), alignText='center', alignVert=method-wrapper(...), anchorHoriz='center', anchorVert='center', antialias=True, autoDraw=False, autoLog=True, bold=True, color=array([-0.78823529,  0.65490196, -0.90588235]), colorSpace='rgb', contrast=1.0, depth=0, draggable=False, flipHoriz=False, flipVert=False, font='', fontFiles=[], height=0.04, italic=False, languageStyle='LTR', name='unnamed TextStim', opacity=1.0, ori=0.0, pos=array([0.06, 0.41]), rgb=UNKNOWN, text='+1', units='height', win=Window(...), wrapWidth=1)
103.2031 	EXP 	window1: mouseVisible = True
103.2040 	EXP 	Created unnamed TextStim = TextStim(__class__=<class 'psychopy.visual.text.TextStim'>, alignHoriz=method-wrapper(...), alignText='center', alignVert=method-wrapper(...), anchorHoriz='center', anchorVert='center', antialias=True, autoDraw=False, autoLog=True, bold=True, color=array([-0.78823529,  0.65490196, -0.90588235]), colorSpace='rgb', contrast=1.0, depth=0, draggable=False, flipHoriz=False, flipVert=False, font='', fontFiles=[], height=0.04, italic=False, languageStyle='LTR', name='unnamed TextStim', opacity=1.0, ori=0.0, pos=array([-0.12922429,  0.35443874]), rgb=UNKNOWN, text='+2', units='height', win=Window(...), wrapWidth=1)
103.2042 	EXP 	window1: mouseVisible = True
103.2050 	EXP 	Created unnamed TextStim = TextStim(__class__=<class 'psychopy.visual.text.TextStim'>, alignHoriz=method-wrapper(...), alignText='center', alignVert=method-wrapper(...), anchorHoriz='center', anchorVert='center', antialias=True, autoDraw=False, autoLog=True, bold=True, color=array([-0.78823529,  0.65490196, -0.90588235]), colorSpace='rgb', contrast=1.0, depth=0, draggable=False, flipHoriz=False, flipVert=False, font='', fontFiles=[], height=0.04, italic=False, languageStyle='LTR', name='unnamed TextStim', opacity=1.0, ori=0.0, pos=array([-0.2583712 ,  0.20539525]), rgb=UNKNOWN, text='+3', units='height', win=Window(...), wrapWidth=1)
103.2052 	EXP 	window1: mouseVisible = True
103.2059 	EXP 	Created unnamed TextStim = TextStim(__class__=<class 'psychopy.visual.text.TextStim'>, alignHoriz=method-wrapper(...), alignText='center', alignVert=method-wrapper(...), anchorHoriz='center', anchorVert='center', antialias=True, autoDraw=False, autoLog=True, bold=True, color=array([-0.78823529,  0.65490196, -0.90588235]), colorSpace='rgb', contrast=1.0, depth=0, draggable=False, flipHoriz=False, flipVert=False, font='', fontFiles=[], height=0.04, italic=False, languageStyle='LTR', name='unnamed TextStim', opacity=1.0, ori=0.0, pos=array([-0.2864375 ,  0.01018981]), rgb=UNKNOWN, text='+4', units='height', win=Window(...), wrapWidth=1)
103.2181 	EXP 	node0: borderColor = <psychopy.colors.Color: (-0.79, 0.65, -0.91, 1.0)>
103.2181 	EXP 	unnamed TextStim: autoDraw = True
103.2181 	EXP 	node1: borderColor = <psychopy.colors.Color: (-0.79, 0.65, -0.91, 1.0)>
103.2181 	EXP 	unnamed TextStim: autoDraw = True
103.2181 	EXP 	node2: borderColor = <psychopy.colors.Color: (-0.79, 0.65, -0.91, 1.0)>
103.2181 	EXP 	unnamed TextStim: autoDraw = True
103.2181 	EXP 	node3: borderColor = <psychopy.colors.Color: (-0.79, 0.65, -0.91, 1.0)>
103.2181 	EXP 	unnamed TextStim: autoDraw = True
103.2181 	EXP 	node4: borderColor = <psychopy.colors.Color: black, alpha=1.0>
103.2181 	EXP 	node5: borderColor = <psychopy.colors.Color: black, alpha=1.0>
103.2181 	EXP 	node6: borderColor = <psychopy.colors.Color: black, alpha=1.0>
103.2181 	EXP 	node7: borderColor = <psychopy.colors.Color: black, alpha=1.0>
103.2181 	EXP 	node8: borderColor = <psychopy.colors.Color: black, alpha=1.0>
103.2181 	EXP 	node9: borderColor = <psychopy.colors.Color: black, alpha=1.0>
103.2181 	EXP 	node10: borderColor = <psychopy.colors.Color: black, alpha=1.0>
107.6083 	DATA 	Keypress: space
107.6091 	EXP 	window1: mouseVisible = True
107.6102 	EXP 	Created unnamed TextStim = TextStim(__class__=<class 'psychopy.visual.text.TextStim'>, alignHoriz=method-wrapper(...), alignText='center', alignVert=method-wrapper(...), anchorHoriz='center', anchorVert='center', antialias=True, autoDraw=False, autoLog=True, bold=True, color=array([ 0.78039216, -1.        , -0.92156863]), colorSpace='rgb', contrast=1.0, depth=0, draggable=False, flipHoriz=False, flipVert=False, font='', fontFiles=[], height=0.04, italic=False, languageStyle='LTR', name='unnamed TextStim', opacity=1.0, ori=0.0, pos=array([-0.20451235, -0.16920126]), rgb=UNKNOWN, text='-1', units='height', win=Window(...), wrapWidth=1)
107.6104 	EXP 	window1: mouseVisible = True
107.6110 	EXP 	Created unnamed TextStim = TextStim(__class__=<class 'psychopy.visual.text.TextStim'>, alignHoriz=method-wrapper(...), alignText='center', alignVert=method-wrapper(...), anchorHoriz='center', anchorVert='center', antialias=True, autoDraw=False, autoLog=True, bold=True, color=array([ 0.78039216, -1.        , -0.92156863]), colorSpace='rgb', contrast=1.0, depth=0, draggable=False, flipHoriz=False, flipVert=False, font='', fontFiles=[], height=0.04, italic=False, languageStyle='LTR', name='unnamed TextStim', opacity=1.0, ori=0.0, pos=array([-0.03860639, -0.27582254]), rgb=UNKNOWN, text='-2', units='height', win=Window(...), wrapWidth=1)
107.6112 	EXP 	window1: mouseVisible = True
107.6118 	EXP 	Created unnamed TextStim = TextStim(__class__=<class 'psychopy.visual.text.TextStim'>, alignHoriz=method-wrapper(...), alignText='center', alignVert=method-wrapper(...), anchorHoriz='center', anchorVert='center', antialias=True, autoDraw=False, autoLog=True, bold=True, color=array([ 0.78039216, -1.        , -0.92156863]), colorSpace='rgb', contrast=1.0, depth=0, draggable=False, flipHoriz=False, flipVert=False, font='', fontFiles=[], height=0.04, italic=False, languageStyle='LTR', name='unnamed TextStim', opacity=1.0, ori=0.0, pos=array([ 0.15860639, -0.27582254]), rgb=UNKNOWN, text='-3', units='height', win=Window(...), wrapWidth=1)
107.6119 	EXP 	window1: mouseVisible = True
107.6124 	EXP 	Created unnamed TextStim = TextStim(__class__=<class 'psychopy.visual.text.TextStim'>, alignHoriz=method-wrapper(...), alignText='center', alignVert=method-wrapper(...), anchorHoriz='center', anchorVert='center', antialias=True, autoDraw=False, autoLog=True, bold=True, color=array([ 0.78039216, -1.        , -0.92156863]), colorSpace='rgb', contrast=1.0, depth=0, draggable=False, flipHoriz=False, flipVert=False, font='', fontFiles=[], height=0.04, italic=False, languageStyle='LTR', name='unnamed TextStim', opacity=1.0, ori=0.0, pos=array([ 0.32451235, -0.16920126]), rgb=UNKNOWN, text='-4', units='height', win=Window(...), wrapWidth=1)
107.6199 	EXP 	node0: borderColor = <psychopy.colors.Color: black, alpha=1.0>
107.6199 	EXP 	node1: borderColor = <psychopy.colors.Color: black, alpha=1.0>
107.6199 	EXP 	node2: borderColor = <psychopy.colors.Color: black, alpha=1.0>
107.6199 	EXP 	node3: borderColor = <psychopy.colors.Color: black, alpha=1.0>
107.6199 	EXP 	node4: borderColor = <psychopy.colors.Color: (0.78, -1.0, -0.92, 1.0)>
107.6199 	EXP 	unnamed TextStim: autoDraw = True
107.6199 	EXP 	node5: borderColor = <psychopy.colors.Color: (0.78, -1.0, -0.92, 1.0)>
107.6199 	EXP 	unnamed TextStim: autoDraw = True
107.6199 	EXP 	node6: borderColor = <psychopy.colors.Color: (0.78, -1.0, -0.92, 1.0)>
107.6199 	EXP 	unnamed TextStim: autoDraw = True
107.6199 	EXP 	node7: borderColor = <psychopy.colors.Color: (0.78, -1.0, -0.92, 1.0)>
107.6199 	EXP 	unnamed TextStim: autoDraw = True
107.6199 	EXP 	node8: borderColor = <psychopy.colors.Color: black, alpha=1.0>
107.6199 	EXP 	node9: borderColor = <psychopy.colors.Color: black, alpha=1.0>
107.6199 	EXP 	node10: borderColor = <psychopy.colors.Color: black, alpha=1.0>
113.0003 	DATA 	Keypress: space
113.0012 	EXP 	window1: mouseVisible = True
113.0023 	EXP 	Created unnamed TextStim = TextStim(__class__=<class 'psychopy.visual.text.TextStim'>, alignHoriz=method-wrapper(...), alignText='center', alignVert=method-wrapper(...), anchorHoriz='center', anchorVert='center', antialias=True, autoDraw=False, autoLog=True, bold=True, color=array([ 1,  1, -1]), colorSpace='rgb', contrast=1.0, depth=0, draggable=False, flipHoriz=False, flipVert=False, font='', fontFiles=[], height=0.04, italic=False, languageStyle='LTR', name='unnamed TextStim', opacity=1.0, ori=0.0, pos=array([0.4064375 , 0.01018981]), rgb=UNKNOWN, text='+0', units='height', win=Window(...), wrapWidth=1)
113.0024 	EXP 	window1: mouseVisible = True
113.0032 	EXP 	Created unnamed TextStim = TextStim(__class__=<class 'psychopy.visual.text.TextStim'>, alignHoriz=method-wrapper(...), alignText='center', alignVert=method-wrapper(...), anchorHoriz='center', anchorVert='center', antialias=True, autoDraw=False, autoLog=True, bold=True, color=array([ 1,  1, -1]), colorSpace='rgb', contrast=1.0, depth=0, draggable=False, flipHoriz=False, flipVert=False, font='', fontFiles=[], height=0.04, italic=False, languageStyle='LTR', name='unnamed TextStim', opacity=1.0, ori=0.0, pos=array([0.3783712 , 0.20539525]), rgb=UNKNOWN, text='+0', units='height', win=Window(...), wrapWidth=1)
113.0033 	EXP 	window1: mouseVisible = True
113.0038 	EXP 	Created unnamed TextStim = TextStim(__class__=<class 'psychopy.visual.text.TextStim'>, alignHoriz=method-wrapper(...), alignText='center', alignVert=method-wrapper(...), anchorHoriz='center', anchorVert='center', antialias=True, autoDraw=False, autoLog=True, bold=True, color=array([ 1,  1, -1]), colorSpace='rgb', contrast=1.0, depth=0, draggable=False, flipHoriz=False, flipVert=False, font='', fontFiles=[], height=0.04, italic=False, languageStyle='LTR', name='unnamed TextStim', opacity=1.0, ori=0.0, pos=array([0.24922429, 0.35443874]), rgb=UNKNOWN, text='+0', units='height', win=Window(...), wrapWidth=1)
113.0116 	EXP 	node0: borderColor = <psychopy.colors.Color: black, alpha=1.0>
113.0116 	EXP 	node1: borderColor = <psychopy.colors.Color: black, alpha=1.0>
113.0116 	EXP 	node2: borderColor = <psychopy.colors.Color: black, alpha=1.0>
113.0116 	EXP 	node3: borderColor = <psychopy.colors.Color: black, alpha=1.0>
113.0116 	EXP 	node4: borderColor = <psychopy.colors.Color: black, alpha=1.0>
113.0116 	EXP 	node5: borderColor = <psychopy.colors.Color: black, alpha=1.0>
113.0116 	EXP 	node6: borderColor = <psychopy.colors.Color: black, alpha=1.0>
113.0116 	EXP 	node7: borderColor = <psychopy.colors.Color: black, alpha=1.0>
113.0116 	EXP 	node8: borderColor = <psychopy.colors.Color: yellow, alpha=1.0>
113.0116 	EXP 	unnamed TextStim: autoDraw = True
113.0116 	EXP 	node9: borderColor = <psychopy.colors.Color: yellow, alpha=1.0>
113.0116 	EXP 	unnamed TextStim: autoDraw = True
113.0116 	EXP 	node10: borderColor = <psychopy.colors.Color: yellow, alpha=1.0>
113.0116 	EXP 	unnamed TextStim: autoDraw = True
114.8162 	DATA 	Keypress: space
120.6644 	DATA 	Keypress: space
120.6688 	EXP 	unnamed Rect: autoDraw = False
120.6688 	EXP 	node0: autoDraw = False
120.6688 	EXP 	unnamed ImageStim: autoDraw = False
120.6688 	EXP 	node1: autoDraw = False
120.6688 	EXP 	unnamed ImageStim: autoDraw = False
120.6688 	EXP 	node2: autoDraw = False
120.6688 	EXP 	unnamed ImageStim: autoDraw = False
120.6688 	EXP 	node3: autoDraw = False
120.6688 	EXP 	unnamed ImageStim: autoDraw = False
120.6688 	EXP 	node4: autoDraw = False
120.6688 	EXP 	unnamed ImageStim: autoDraw = False
120.6688 	EXP 	node5: autoDraw = False
120.6688 	EXP 	unnamed ImageStim: autoDraw = False
120.6688 	EXP 	node6: autoDraw = False
120.6688 	EXP 	unnamed ImageStim: autoDraw = False
120.6688 	EXP 	node7: autoDraw = False
120.6688 	EXP 	unnamed ImageStim: autoDraw = False
120.6688 	EXP 	node8: autoDraw = False
120.6688 	EXP 	unnamed ImageStim: autoDraw = False
120.6688 	EXP 	node9: autoDraw = False
120.6688 	EXP 	unnamed ImageStim: autoDraw = False
120.6688 	EXP 	node10: autoDraw = False
120.6688 	EXP 	unnamed ImageStim: autoDraw = False
120.6688 	EXP 	unnamed Rect: autoDraw = False
120.6688 	EXP 	unnamed TextStim: autoDraw = False
120.6688 	EXP 	unnamed TextStim: autoDraw = False
120.6688 	EXP 	unnamed TextStim: autoDraw = False
120.6688 	EXP 	unnamed TextStim: autoDraw = False
120.6688 	EXP 	unnamed TextStim: autoDraw = False
120.6688 	EXP 	unnamed TextStim: autoDraw = False
120.6688 	EXP 	unnamed TextStim: autoDraw = False
120.6688 	EXP 	unnamed TextStim: autoDraw = False
120.6688 	EXP 	unnamed TextStim: autoDraw = False
120.6688 	EXP 	unnamed TextStim: autoDraw = False
120.6688 	EXP 	unnamed TextStim: autoDraw = False
122.7281 	DATA 	Keypress: space
126.0082 	DATA 	Keypress: space
126.0087 	INFO 	Mouse: using default window
126.0088 	EXP 	window1: mouseVisible = True
126.0089 	EXP 	window1: mouseVisible = True
126.0119 	EXP 	Created unnamed TextStim = TextStim(__class__=<class 'psychopy.visual.text.TextStim'>, alignHoriz=method-wrapper(...), alignText='center', alignVert=method-wrapper(...), anchorHoriz='center', anchorVert='center', antialias=True, autoDraw=False, autoLog=True, bold=False, color=array([1, 1, 1]), colorSpace='rgb', contrast=1.0, depth=0, draggable=False, flipHoriz=False, flipVert=False, font='', fontFiles=[], height=0.035, italic=False, languageStyle='LTR', name='unnamed TextStim', opacity=1.0, ori=0.0, pos=array([0., 0.]), rgb=UNKNOWN, text='press Space to start', units='height', win=Window(...), wrapWidth=1)
126.8882 	DATA 	Keypress: space
126.8888 	EXP 	window1: mouseVisible = True
126.8894 	EXP 	Created unnamed Rect = Rect(__class__=<class 'psychopy.visual.rect.Rect'>, anchor=('center', 'center'), autoDraw=False, autoLog=True, closeShape=True, color=method-wrapper(...), colorSpace='rgb', contrast=None, depth=0, draggable=False, fillColor=array([0.00392157, 0.00392157, 0.00392157]), fillColorSpace='rgb', fillRGB=array([0.00392157, 0.00392157, 0.00392157]), interpolate=True, lineColor=array([0, 0, 0]), lineColorSpace='rgb', lineRGB=array([0, 0, 0]), lineWidth=0, name='unnamed Rect', opacity=0.5, ori=0.0, pos=array([-0.65,  0.45]), size=array([0.1, 0.1]), units='height', vertices=ndarray(...), win=Window(...))
126.8904 	EXP 	window1: mouseVisible = True
126.8925 	EXP 	Created node0 = Circle(__class__=<class 'psychopy.visual.circle.Circle'>, anchor=('center', 'center'), autoDraw=False, autoLog=True, closeShape=True, color=method-wrapper(...), colorSpace='rgb', contrast=None, depth=0, draggable=False, fillColor=array([1, 1, 1]), fillColorSpace='rgb', fillRGB=array([1, 1, 1]), interpolate=True, lineColor=array([-1, -1, -1]), lineColorSpace='rgb', lineRGB=array([-1, -1, -1]), lineWidth=2, name='node0', opacity=1.0, ori=0.0, pos=array([0.  , 0.35]), size=array([1., 1.]), units='height', vertices=ndarray(...), win=Window(...))
126.8935 	EXP 	window1: mouseVisible = True
126.8954 	EXP 	Created node1 = Circle(__class__=<class 'psychopy.visual.circle.Circle'>, anchor=('center', 'center'), autoDraw=False, autoLog=True, closeShape=True, color=method-wrapper(...), colorSpace='rgb', contrast=None, depth=0, draggable=False, fillColor=array([1, 1, 1]), fillColorSpace='rgb', fillRGB=array([1, 1, 1]), interpolate=True, lineColor=array([-1, -1, -1]), lineColorSpace='rgb', lineRGB=array([-1, -1, -1]), lineWidth=2, name='node1', opacity=1.0, ori=0.0, pos=array([-0.18922429,  0.29443874]), size=array([1., 1.]), units='height', vertices=ndarray(...), win=Window(...))
126.8964 	EXP 	window1: mouseVisible = True
126.8983 	EXP 	Created node2 = Circle(__class__=<class 'psychopy.visual.circle.Circle'>, anchor=('center', 'center'), autoDraw=False, autoLog=True, closeShape=True, color=method-wrapper(...), colorSpace='rgb', contrast=None, depth=0, draggable=False, fillColor=array([1, 1, 1]), fillColorSpace='rgb', fillRGB=array([1, 1, 1]), interpolate=True, lineColor=array([-1, -1, -1]), lineColorSpace='rgb', lineRGB=array([-1, -1, -1]), lineWidth=2, name='node2', opacity=1.0, ori=0.0, pos=array([-0.3183712 ,  0.14539525]), size=array([1., 1.]), units='height', vertices=ndarray(...), win=Window(...))
126.8993 	EXP 	window1: mouseVisible = True
126.9012 	EXP 	Created node3 = Circle(__class__=<class 'psychopy.visual.circle.Circle'>, anchor=('center', 'center'), autoDraw=False, autoLog=True, closeShape=True, color=method-wrapper(...), colorSpace='rgb', contrast=None, depth=0, draggable=False, fillColor=array([1, 1, 1]), fillColorSpace='rgb', fillRGB=array([1, 1, 1]), interpolate=True, lineColor=array([-1, -1, -1]), lineColorSpace='rgb', lineRGB=array([-1, -1, -1]), lineWidth=2, name='node3', opacity=1.0, ori=0.0, pos=array([-0.3464375 , -0.04981019]), size=array([1., 1.]), units='height', vertices=ndarray(...), win=Window(...))
126.9022 	EXP 	window1: mouseVisible = True
126.9040 	EXP 	Created node4 = Circle(__class__=<class 'psychopy.visual.circle.Circle'>, anchor=('center', 'center'), autoDraw=False, autoLog=True, closeShape=True, color=method-wrapper(...), colorSpace='rgb', contrast=None, depth=0, draggable=False, fillColor=array([1, 1, 1]), fillColorSpace='rgb', fillRGB=array([1, 1, 1]), interpolate=True, lineColor=array([-1, -1, -1]), lineColorSpace='rgb', lineRGB=array([-1, -1, -1]), lineWidth=2, name='node4', opacity=1.0, ori=0.0, pos=array([-0.26451235, -0.22920126]), size=array([1., 1.]), units='height', vertices=ndarray(...), win=Window(...))
126.9041 	EXP 	window1: mouseVisible = True
126.9219 	EXP 	Created unnamed ImageStim = ImageStim(__class__=<class 'psychopy.visual.image.ImageStim'>, anchor=('center', 'center'), autoLog=True, color=array([1., 1., 1.]), colorSpace='rgb', contrast=1.0, depth=0, draggable=False, flipHoriz=False, flipVert=False, image='images/pattern_5.png', interpolate=False, mask=None, maskParams=None, name='unnamed ImageStim', opacity=1.0, ori=0.0, pos=array([-0.26451235, -0.22920126]), size=array([0.12, 0.12]), texRes=128, units='height', win=Window(...))
126.9230 	EXP 	window1: mouseVisible = True
126.9249 	EXP 	Created node5 = Circle(__class__=<class 'psychopy.visual.circle.Circle'>, anchor=('center', 'center'), autoDraw=False, autoLog=True, closeShape=True, color=method-wrapper(...), colorSpace='rgb', contrast=None, depth=0, draggable=False, fillColor=array([1, 1, 1]), fillColorSpace='rgb', fillRGB=array([1, 1, 1]), interpolate=True, lineColor=array([-1, -1, -1]), lineColorSpace='rgb', lineRGB=array([-1, -1, -1]), lineWidth=2, name='node5', opacity=1.0, ori=0.0, pos=array([-0.09860639, -0.33582254]), size=array([1., 1.]), units='height', vertices=ndarray(...), win=Window(...))
126.9259 	EXP 	window1: mouseVisible = True
126.9278 	EXP 	Created node6 = Circle(__class__=<class 'psychopy.visual.circle.Circle'>, anchor=('center', 'center'), autoDraw=False, autoLog=True, closeShape=True, color=method-wrapper(...), colorSpace='rgb', contrast=None, depth=0, draggable=False, fillColor=array([1, 1, 1]), fillColorSpace='rgb', fillRGB=array([1, 1, 1]), interpolate=True, lineColor=array([-1, -1, -1]), lineColorSpace='rgb', lineRGB=array([-1, -1, -1]), lineWidth=2, name='node6', opacity=1.0, ori=0.0, pos=array([ 0.09860639, -0.33582254]), size=array([1., 1.]), units='height', vertices=ndarray(...), win=Window(...))
126.9278 	EXP 	window1: mouseVisible = True
126.9448 	EXP 	Created unnamed ImageStim = ImageStim(__class__=<class 'psychopy.visual.image.ImageStim'>, anchor=('center', 'center'), autoLog=True, color=array([1., 1., 1.]), colorSpace='rgb', contrast=1.0, depth=0, draggable=False, flipHoriz=False, flipVert=False, image='images/pattern_1.png', interpolate=False, mask=None, maskParams=None, name='unnamed ImageStim', opacity=1.0, ori=0.0, pos=array([ 0.09860639, -0.33582254]), size=array([0.12, 0.12]), texRes=128, units='height', win=Window(...))
126.9458 	EXP 	window1: mouseVisible = True
126.9477 	EXP 	Created node7 = Circle(__class__=<class 'psychopy.visual.circle.Circle'>, anchor=('center', 'center'), autoDraw=False, autoLog=True, closeShape=True, color=method-wrapper(...), colorSpace='rgb', contrast=None, depth=0, draggable=False, fillColor=array([1, 1, 1]), fillColorSpace='rgb', fillRGB=array([1, 1, 1]), interpolate=True, lineColor=array([-1, -1, -1]), lineColorSpace='rgb', lineRGB=array([-1, -1, -1]), lineWidth=2, name='node7', opacity=1.0, ori=0.0, pos=array([ 0.26451235, -0.22920126]), size=array([1., 1.]), units='height', vertices=ndarray(...), win=Window(...))
126.9488 	EXP 	window1: mouseVisible = True
126.9506 	EXP 	Created node8 = Circle(__class__=<class 'psychopy.visual.circle.Circle'>, anchor=('center', 'center'), autoDraw=False, autoLog=True, closeShape=True, color=method-wrapper(...), colorSpace='rgb', contrast=None, depth=0, draggable=False, fillColor=array([1, 1, 1]), fillColorSpace='rgb', fillRGB=array([1, 1, 1]), interpolate=True, lineColor=array([-1, -1, -1]), lineColorSpace='rgb', lineRGB=array([-1, -1, -1]), lineWidth=2, name='node8', opacity=1.0, ori=0.0, pos=array([ 0.3464375 , -0.04981019]), size=array([1., 1.]), units='height', vertices=ndarray(...), win=Window(...))
126.9516 	EXP 	window1: mouseVisible = True
126.9535 	EXP 	Created node9 = Circle(__class__=<class 'psychopy.visual.circle.Circle'>, anchor=('center', 'center'), autoDraw=False, autoLog=True, closeShape=True, color=method-wrapper(...), colorSpace='rgb', contrast=None, depth=0, draggable=False, fillColor=array([1, 1, 1]), fillColorSpace='rgb', fillRGB=array([1, 1, 1]), interpolate=True, lineColor=array([-1, -1, -1]), lineColorSpace='rgb', lineRGB=array([-1, -1, -1]), lineWidth=2, name='node9', opacity=1.0, ori=0.0, pos=array([0.3183712 , 0.14539525]), size=array([1., 1.]), units='height', vertices=ndarray(...), win=Window(...))
126.9545 	EXP 	window1: mouseVisible = True
126.9563 	EXP 	Created node10 = Circle(__class__=<class 'psychopy.visual.circle.Circle'>, anchor=('center', 'center'), autoDraw=False, autoLog=True, closeShape=True, color=method-wrapper(...), colorSpace='rgb', contrast=None, depth=0, draggable=False, fillColor=array([1, 1, 1]), fillColorSpace='rgb', fillRGB=array([1, 1, 1]), interpolate=True, lineColor=array([-1, -1, -1]), lineColorSpace='rgb', lineRGB=array([-1, -1, -1]), lineWidth=2, name='node10', opacity=1.0, ori=0.0, pos=array([0.18922429, 0.29443874]), size=array([1., 1.]), units='height', vertices=ndarray(...), win=Window(...))
126.9564 	EXP 	window1: mouseVisible = True
126.9568 	EXP 	Created unnamed Line = Line(__class__=<class 'psychopy.visual.line.Line'>, anchor=('center', 'center'), autoDraw=False, autoLog=True, closeShape=False, color=array([-1, -1, -1]), colorSpace='rgb', contrast=None, depth=2, draggable=False, fillColor=array([0, 0, 0]), fillColorSpace='rgb', fillRGB=array([0, 0, 0]), interpolate=True, lineColor=array([-1, -1, -1]), lineColorSpace='rgb', lineRGB=array([-1, -1, -1]), lineWidth=4, name='unnamed Line', opacity=0.5, ori=0.0, pos=array([0., 0.]), size=array([1., 1.]), units='height', vertices=ndarray(...), win=Window(...), windingRule=None)
126.9569 	EXP 	window1: mouseVisible = True
126.9573 	EXP 	Created unnamed ShapeStim = ShapeStim(__class__=<class 'psychopy.visual.shape.ShapeStim'>, anchor=('center', 'center'), autoDraw=False, autoLog=True, closeShape=True, color=method-wrapper(...), colorSpace='rgb', contrast=None, depth=0, draggable=False, fillColor=array([-1, -1, -1]), fillColorSpace='rgb', fillRGB=array([-1, -1, -1]), interpolate=True, lineColor=array([-1, -1, -1]), lineColorSpace='rgb', lineRGB=array([-1, -1, -1]), lineWidth=1.5, name='unnamed ShapeStim', opacity=1.0, ori=-57.27272727272728, pos=array([-0.22244967, -0.2562333 ]), size=array([1., 1.]), units='height', vertices=ndarray(...), win=Window(...), windingRule=None)
126.9573 	EXP 	window1: mouseVisible = True
126.9577 	EXP 	Created unnamed Line = Line(__class__=<class 'psychopy.visual.line.Line'>, anchor=('center', 'center'), autoDraw=False, autoLog=True, closeShape=False, color=array([-1, -1, -1]), colorSpace='rgb', contrast=None, depth=2, draggable=False, fillColor=array([0, 0, 0]), fillColorSpace='rgb', fillRGB=array([0, 0, 0]), interpolate=True, lineColor=array([-1, -1, -1]), lineColorSpace='rgb', lineRGB=array([-1, -1, -1]), lineWidth=4, name='unnamed Line', opacity=0.5, ori=0.0, pos=array([0., 0.]), size=array([1., 1.]), units='height', vertices=ndarray(...), win=Window(...), windingRule=None)
126.9577 	EXP 	window1: mouseVisible = True
126.9581 	EXP 	Created unnamed ShapeStim = ShapeStim(__class__=<class 'psychopy.visual.shape.ShapeStim'>, anchor=('center', 'center'), autoDraw=False, autoLog=True, closeShape=True, color=method-wrapper(...), colorSpace='rgb', contrast=None, depth=0, draggable=False, fillColor=array([-1, -1, -1]), fillColorSpace='rgb', fillRGB=array([-1, -1, -1]), interpolate=True, lineColor=array([-1, -1, -1]), lineColorSpace='rgb', lineRGB=array([-1, -1, -1]), lineWidth=1.5, name='unnamed ShapeStim', opacity=1.0, ori=90.00000000000001, pos=array([ 0.04860639, -0.33582254]), size=array([1., 1.]), units='height', vertices=ndarray(...), win=Window(...), windingRule=None)
126.9581 	EXP 	window1: mouseVisible = True
126.9585 	EXP 	Created unnamed Rect = Rect(__class__=<class 'psychopy.visual.rect.Rect'>, anchor=('center', 'center'), autoDraw=False, autoLog=True, closeShape=True, color=method-wrapper(...), colorSpace='rgb', contrast=None, depth=0, draggable=False, fillColor=array([0.00392157, 0.00392157, 0.00392157]), fillColorSpace='rgb', fillRGB=array([0.00392157, 0.00392157, 0.00392157]), interpolate=True, lineColor=array([0, 0, 0]), lineColorSpace='rgb', lineRGB=array([0, 0, 0]), lineWidth=0, name='unnamed Rect', opacity=0.0, ori=0.0, pos=array([0.1, 0. ]), size=array([1.1, 1. ]), units='height', vertices=ndarray(...), win=Window(...))
126.9641 	EXP 	unnamed Rect: autoDraw = True
126.9641 	EXP 	node0: autoDraw = True
126.9641 	EXP 	node1: autoDraw = True
126.9641 	EXP 	node2: autoDraw = True
126.9641 	EXP 	node3: autoDraw = True
126.9641 	EXP 	node4: autoDraw = True
126.9641 	EXP 	unnamed ImageStim: autoDraw = True
126.9641 	EXP 	node5: autoDraw = True
126.9641 	EXP 	node6: autoDraw = True
126.9641 	EXP 	unnamed ImageStim: autoDraw = True
126.9641 	EXP 	node7: autoDraw = True
126.9641 	EXP 	node8: autoDraw = True
126.9641 	EXP 	node9: autoDraw = True
126.9641 	EXP 	node10: autoDraw = True
126.9641 	EXP 	unnamed Line: autoDraw = True
126.9641 	EXP 	unnamed Line: autoDraw = True
126.9641 	EXP 	unnamed ShapeStim: autoDraw = True
126.9641 	EXP 	unnamed Line: autoDraw = True
126.9641 	EXP 	unnamed Line: autoDraw = True
126.9641 	EXP 	unnamed ShapeStim: autoDraw = True
126.9641 	EXP 	unnamed Rect: autoDraw = True
126.9641 	EXP 	node5: fillColor = '#126DEF'
126.9691 	EXP 	node5: fillColor = '#126DEF'
126.9691 	EXP 	unnamed Line: autoDraw = False
126.9691 	EXP 	unnamed ShapeStim: autoDraw = False
126.9691 	EXP 	unnamed Line: autoDraw = True
126.9691 	EXP 	unnamed ShapeStim: autoDraw = True
126.9691 	EXP 	unnamed Line: autoDraw = False
126.9691 	EXP 	unnamed ShapeStim: autoDraw = False
126.9691 	EXP 	unnamed Line: autoDraw = True
126.9691 	EXP 	unnamed ShapeStim: autoDraw = True
126.9691 	EXP 	unnamed Line: foreColor = <psychopy.colors.Color: (1.0, 0.58, -0.87, 1.0)>
126.9691 	EXP 	unnamed Line: borderColor = <psychopy.colors.Color: (1.0, 0.58, -0.87, 1.0)>
126.9691 	EXP 	unnamed Line: fillColor = <psychopy.colors.Color: (1.0, 0.58, -0.87, 1.0)>
126.9691 	EXP 	unnamed ShapeStim: foreColor = <psychopy.colors.Color: (1.0, 0.58, -0.87, 1.0)>
126.9691 	EXP 	unnamed ShapeStim: borderColor = <psychopy.colors.Color: (1.0, 0.58, -0.87, 1.0)>
126.9691 	EXP 	unnamed ShapeStim: fillColor = <psychopy.colors.Color: (1.0, 0.58, -0.87, 1.0)>
129.0001 	DATA 	Keypress: f
129.0066 	EXP 	unnamed Line: foreColor = <psychopy.colors.Color: black, alpha=1.0>
129.0066 	EXP 	unnamed Line: borderColor = <psychopy.colors.Color: black, alpha=1.0>
129.0066 	EXP 	unnamed Line: fillColor = <psychopy.colors.Color: black, alpha=1.0>
129.0066 	EXP 	unnamed ShapeStim: foreColor = <psychopy.colors.Color: black, alpha=1.0>
129.0066 	EXP 	unnamed ShapeStim: borderColor = <psychopy.colors.Color: black, alpha=1.0>
129.0066 	EXP 	unnamed ShapeStim: fillColor = <psychopy.colors.Color: black, alpha=1.0>
129.0066 	EXP 	unnamed Line: foreColor = <psychopy.colors.Color: (1.0, 0.58, -0.87, 1.0)>
129.0066 	EXP 	unnamed Line: borderColor = <psychopy.colors.Color: (1.0, 0.58, -0.87, 1.0)>
129.0066 	EXP 	unnamed Line: fillColor = <psychopy.colors.Color: (1.0, 0.58, -0.87, 1.0)>
129.0066 	EXP 	unnamed ShapeStim: foreColor = <psychopy.colors.Color: (1.0, 0.58, -0.87, 1.0)>
129.0066 	EXP 	unnamed ShapeStim: borderColor = <psychopy.colors.Color: (1.0, 0.58, -0.87, 1.0)>
129.0066 	EXP 	unnamed ShapeStim: fillColor = <psychopy.colors.Color: (1.0, 0.58, -0.87, 1.0)>
129.7283 	DATA 	Keypress: f
129.7340 	EXP 	unnamed Line: foreColor = <psychopy.colors.Color: black, alpha=1.0>
129.7340 	EXP 	unnamed Line: borderColor = <psychopy.colors.Color: black, alpha=1.0>
129.7340 	EXP 	unnamed Line: fillColor = <psychopy.colors.Color: black, alpha=1.0>
129.7340 	EXP 	unnamed ShapeStim: foreColor = <psychopy.colors.Color: black, alpha=1.0>
129.7340 	EXP 	unnamed ShapeStim: borderColor = <psychopy.colors.Color: black, alpha=1.0>
129.7340 	EXP 	unnamed ShapeStim: fillColor = <psychopy.colors.Color: black, alpha=1.0>
129.7340 	EXP 	unnamed Line: foreColor = <psychopy.colors.Color: (1.0, 0.58, -0.87, 1.0)>
129.7340 	EXP 	unnamed Line: borderColor = <psychopy.colors.Color: (1.0, 0.58, -0.87, 1.0)>
129.7340 	EXP 	unnamed Line: fillColor = <psychopy.colors.Color: (1.0, 0.58, -0.87, 1.0)>
129.7340 	EXP 	unnamed ShapeStim: foreColor = <psychopy.colors.Color: (1.0, 0.58, -0.87, 1.0)>
129.7340 	EXP 	unnamed ShapeStim: borderColor = <psychopy.colors.Color: (1.0, 0.58, -0.87, 1.0)>
129.7340 	EXP 	unnamed ShapeStim: fillColor = <psychopy.colors.Color: (1.0, 0.58, -0.87, 1.0)>
130.0398 	DATA 	Keypress: j
130.0431 	EXP 	node4: fillColor = '#126DEF'
130.0431 	EXP 	node5: fillColor = 'white'
130.7433 	EXP 	window1: mouseVisible = True
130.7449 	EXP 	Created unnamed TextStim = TextStim(__class__=<class 'psychopy.visual.text.TextStim'>, alignHoriz=method-wrapper(...), alignText='center', alignVert=method-wrapper(...), anchorHoriz='center', anchorVert='center', antialias=True, autoDraw=False, autoLog=True, bold=True, color=array([0.68627451, 0.68627451, 0.68627451]), colorSpace='rgb', contrast=1.0, depth=0, draggable=False, flipHoriz=False, flipVert=False, font='', fontFiles=[], height=0.04, italic=False, languageStyle='LTR', name='unnamed TextStim', opacity=1.0, ori=0.0, pos=array([-0.20451235, -0.16920126]), rgb=UNKNOWN, text='+0', units='height', win=Window(...), wrapWidth=1)
130.7478 	EXP 	node4: fillColor = 'white'
130.7478 	EXP 	unnamed ImageStim: autoDraw = True
131.7557 	EXP 	unnamed ImageStim: autoDraw = False
131.7557 	EXP 	unnamed Rect: autoDraw = False
131.7557 	EXP 	unnamed Rect: autoDraw = True
131.9113 	EXP 	unnamed Rect: autoDraw = False
131.9113 	EXP 	node0: autoDraw = False
131.9113 	EXP 	node1: autoDraw = False
131.9113 	EXP 	node2: autoDraw = False
131.9113 	EXP 	node3: autoDraw = False
131.9113 	EXP 	node4: autoDraw = False
131.9113 	EXP 	unnamed ImageStim: autoDraw = False
131.9113 	EXP 	node5: autoDraw = False
131.9113 	EXP 	node6: autoDraw = False
131.9113 	EXP 	unnamed ImageStim: autoDraw = False
131.9113 	EXP 	node7: autoDraw = False
131.9113 	EXP 	node8: autoDraw = False
131.9113 	EXP 	node9: autoDraw = False
131.9113 	EXP 	node10: autoDraw = False
131.9113 	EXP 	unnamed Line: autoDraw = False
131.9113 	EXP 	unnamed ShapeStim: autoDraw = False
131.9113 	EXP 	unnamed Line: autoDraw = False
131.9113 	EXP 	unnamed ShapeStim: autoDraw = False
131.9113 	EXP 	unnamed Rect: autoDraw = False
131.9253 	INFO 	Mouse: using default window
131.9253 	EXP 	window1: mouseVisible = True
131.9255 	EXP 	window1: mouseVisible = True
131.9305 	EXP 	Created unnamed TextStim = TextStim(__class__=<class 'psychopy.visual.text.TextStim'>, alignHoriz=method-wrapper(...), alignText='center', alignVert=method-wrapper(...), anchorHoriz='center', anchorVert='center', antialias=True, autoDraw=False, autoLog=True, bold=False, color=array([1, 1, 1]), colorSpace='rgb', contrast=1.0, depth=0, draggable=False, flipHoriz=False, flipVert=False, font='', fontFiles=[], height=0.035, italic=False, languageStyle='LTR', name='unnamed TextStim', opacity=1.0, ori=0.0, pos=array([0., 0.]), rgb=UNKNOWN, text='press Space to start', units='height', win=Window(...), wrapWidth=1)
133.0163 	DATA 	Keypress: space
133.0169 	EXP 	window1: mouseVisible = True
133.0174 	EXP 	Created unnamed Rect = Rect(__class__=<class 'psychopy.visual.rect.Rect'>, anchor=('center', 'center'), autoDraw=False, autoLog=True, closeShape=True, color=method-wrapper(...), colorSpace='rgb', contrast=None, depth=0, draggable=False, fillColor=array([0.00392157, 0.00392157, 0.00392157]), fillColorSpace='rgb', fillRGB=array([0.00392157, 0.00392157, 0.00392157]), interpolate=True, lineColor=array([0, 0, 0]), lineColorSpace='rgb', lineRGB=array([0, 0, 0]), lineWidth=0, name='unnamed Rect', opacity=0.5, ori=0.0, pos=array([-0.65,  0.45]), size=array([0.1, 0.1]), units='height', vertices=ndarray(...), win=Window(...))
133.0185 	EXP 	window1: mouseVisible = True
133.0205 	EXP 	Created node0 = Circle(__class__=<class 'psychopy.visual.circle.Circle'>, anchor=('center', 'center'), autoDraw=False, autoLog=True, closeShape=True, color=method-wrapper(...), colorSpace='rgb', contrast=None, depth=0, draggable=False, fillColor=array([1, 1, 1]), fillColorSpace='rgb', fillRGB=array([1, 1, 1]), interpolate=True, lineColor=array([-1, -1, -1]), lineColorSpace='rgb', lineRGB=array([-1, -1, -1]), lineWidth=2, name='node0', opacity=1.0, ori=0.0, pos=array([0.  , 0.35]), size=array([1., 1.]), units='height', vertices=ndarray(...), win=Window(...))
133.0215 	EXP 	window1: mouseVisible = True
133.0234 	EXP 	Created node1 = Circle(__class__=<class 'psychopy.visual.circle.Circle'>, anchor=('center', 'center'), autoDraw=False, autoLog=True, closeShape=True, color=method-wrapper(...), colorSpace='rgb', contrast=None, depth=0, draggable=False, fillColor=array([1, 1, 1]), fillColorSpace='rgb', fillRGB=array([1, 1, 1]), interpolate=True, lineColor=array([-1, -1, -1]), lineColorSpace='rgb', lineRGB=array([-1, -1, -1]), lineWidth=2, name='node1', opacity=1.0, ori=0.0, pos=array([-0.18922429,  0.29443874]), size=array([1., 1.]), units='height', vertices=ndarray(...), win=Window(...))
133.0235 	EXP 	window1: mouseVisible = True
133.0415 	EXP 	Created unnamed ImageStim = ImageStim(__class__=<class 'psychopy.visual.image.ImageStim'>, anchor=('center', 'center'), autoLog=True, color=array([1., 1., 1.]), colorSpace='rgb', contrast=1.0, depth=0, draggable=False, flipHoriz=False, flipVert=False, image='images/pattern_5.png', interpolate=False, mask=None, maskParams=None, name='unnamed ImageStim', opacity=1.0, ori=0.0, pos=array([-0.18922429,  0.29443874]), size=array([0.12, 0.12]), texRes=128, units='height', win=Window(...))
133.0426 	EXP 	window1: mouseVisible = True
133.0445 	EXP 	Created node2 = Circle(__class__=<class 'psychopy.visual.circle.Circle'>, anchor=('center', 'center'), autoDraw=False, autoLog=True, closeShape=True, color=method-wrapper(...), colorSpace='rgb', contrast=None, depth=0, draggable=False, fillColor=array([1, 1, 1]), fillColorSpace='rgb', fillRGB=array([1, 1, 1]), interpolate=True, lineColor=array([-1, -1, -1]), lineColorSpace='rgb', lineRGB=array([-1, -1, -1]), lineWidth=2, name='node2', opacity=1.0, ori=0.0, pos=array([-0.3183712 ,  0.14539525]), size=array([1., 1.]), units='height', vertices=ndarray(...), win=Window(...))
133.0455 	EXP 	window1: mouseVisible = True
133.0474 	EXP 	Created node3 = Circle(__class__=<class 'psychopy.visual.circle.Circle'>, anchor=('center', 'center'), autoDraw=False, autoLog=True, closeShape=True, color=method-wrapper(...), colorSpace='rgb', contrast=None, depth=0, draggable=False, fillColor=array([1, 1, 1]), fillColorSpace='rgb', fillRGB=array([1, 1, 1]), interpolate=True, lineColor=array([-1, -1, -1]), lineColorSpace='rgb', lineRGB=array([-1, -1, -1]), lineWidth=2, name='node3', opacity=1.0, ori=0.0, pos=array([-0.3464375 , -0.04981019]), size=array([1., 1.]), units='height', vertices=ndarray(...), win=Window(...))
133.0484 	EXP 	window1: mouseVisible = True
133.0503 	EXP 	Created node4 = Circle(__class__=<class 'psychopy.visual.circle.Circle'>, anchor=('center', 'center'), autoDraw=False, autoLog=True, closeShape=True, color=method-wrapper(...), colorSpace='rgb', contrast=None, depth=0, draggable=False, fillColor=array([1, 1, 1]), fillColorSpace='rgb', fillRGB=array([1, 1, 1]), interpolate=True, lineColor=array([-1, -1, -1]), lineColorSpace='rgb', lineRGB=array([-1, -1, -1]), lineWidth=2, name='node4', opacity=1.0, ori=0.0, pos=array([-0.26451235, -0.22920126]), size=array([1., 1.]), units='height', vertices=ndarray(...), win=Window(...))
133.0513 	EXP 	window1: mouseVisible = True
133.0531 	EXP 	Created node5 = Circle(__class__=<class 'psychopy.visual.circle.Circle'>, anchor=('center', 'center'), autoDraw=False, autoLog=True, closeShape=True, color=method-wrapper(...), colorSpace='rgb', contrast=None, depth=0, draggable=False, fillColor=array([1, 1, 1]), fillColorSpace='rgb', fillRGB=array([1, 1, 1]), interpolate=True, lineColor=array([-1, -1, -1]), lineColorSpace='rgb', lineRGB=array([-1, -1, -1]), lineWidth=2, name='node5', opacity=1.0, ori=0.0, pos=array([-0.09860639, -0.33582254]), size=array([1., 1.]), units='height', vertices=ndarray(...), win=Window(...))
133.0541 	EXP 	window1: mouseVisible = True
133.0560 	EXP 	Created node6 = Circle(__class__=<class 'psychopy.visual.circle.Circle'>, anchor=('center', 'center'), autoDraw=False, autoLog=True, closeShape=True, color=method-wrapper(...), colorSpace='rgb', contrast=None, depth=0, draggable=False, fillColor=array([1, 1, 1]), fillColorSpace='rgb', fillRGB=array([1, 1, 1]), interpolate=True, lineColor=array([-1, -1, -1]), lineColorSpace='rgb', lineRGB=array([-1, -1, -1]), lineWidth=2, name='node6', opacity=1.0, ori=0.0, pos=array([ 0.09860639, -0.33582254]), size=array([1., 1.]), units='height', vertices=ndarray(...), win=Window(...))
133.0570 	EXP 	window1: mouseVisible = True
133.0588 	EXP 	Created node7 = Circle(__class__=<class 'psychopy.visual.circle.Circle'>, anchor=('center', 'center'), autoDraw=False, autoLog=True, closeShape=True, color=method-wrapper(...), colorSpace='rgb', contrast=None, depth=0, draggable=False, fillColor=array([1, 1, 1]), fillColorSpace='rgb', fillRGB=array([1, 1, 1]), interpolate=True, lineColor=array([-1, -1, -1]), lineColorSpace='rgb', lineRGB=array([-1, -1, -1]), lineWidth=2, name='node7', opacity=1.0, ori=0.0, pos=array([ 0.26451235, -0.22920126]), size=array([1., 1.]), units='height', vertices=ndarray(...), win=Window(...))
133.0598 	EXP 	window1: mouseVisible = True
133.0617 	EXP 	Created node8 = Circle(__class__=<class 'psychopy.visual.circle.Circle'>, anchor=('center', 'center'), autoDraw=False, autoLog=True, closeShape=True, color=method-wrapper(...), colorSpace='rgb', contrast=None, depth=0, draggable=False, fillColor=array([1, 1, 1]), fillColorSpace='rgb', fillRGB=array([1, 1, 1]), interpolate=True, lineColor=array([-1, -1, -1]), lineColorSpace='rgb', lineRGB=array([-1, -1, -1]), lineWidth=2, name='node8', opacity=1.0, ori=0.0, pos=array([ 0.3464375 , -0.04981019]), size=array([1., 1.]), units='height', vertices=ndarray(...), win=Window(...))
133.0617 	EXP 	window1: mouseVisible = True
133.0787 	EXP 	Created unnamed ImageStim = ImageStim(__class__=<class 'psychopy.visual.image.ImageStim'>, anchor=('center', 'center'), autoLog=True, color=array([1., 1., 1.]), colorSpace='rgb', contrast=1.0, depth=0, draggable=False, flipHoriz=False, flipVert=False, image='images/pattern_6.png', interpolate=False, mask=None, maskParams=None, name='unnamed ImageStim', opacity=1.0, ori=0.0, pos=array([ 0.3464375 , -0.04981019]), size=array([0.12, 0.12]), texRes=128, units='height', win=Window(...))
133.0797 	EXP 	window1: mouseVisible = True
133.0816 	EXP 	Created node9 = Circle(__class__=<class 'psychopy.visual.circle.Circle'>, anchor=('center', 'center'), autoDraw=False, autoLog=True, closeShape=True, color=method-wrapper(...), colorSpace='rgb', contrast=None, depth=0, draggable=False, fillColor=array([1, 1, 1]), fillColorSpace='rgb', fillRGB=array([1, 1, 1]), interpolate=True, lineColor=array([-1, -1, -1]), lineColorSpace='rgb', lineRGB=array([-1, -1, -1]), lineWidth=2, name='node9', opacity=1.0, ori=0.0, pos=array([0.3183712 , 0.14539525]), size=array([1., 1.]), units='height', vertices=ndarray(...), win=Window(...))
133.0826 	EXP 	window1: mouseVisible = True
133.0844 	EXP 	Created node10 = Circle(__class__=<class 'psychopy.visual.circle.Circle'>, anchor=('center', 'center'), autoDraw=False, autoLog=True, closeShape=True, color=method-wrapper(...), colorSpace='rgb', contrast=None, depth=0, draggable=False, fillColor=array([1, 1, 1]), fillColorSpace='rgb', fillRGB=array([1, 1, 1]), interpolate=True, lineColor=array([-1, -1, -1]), lineColorSpace='rgb', lineRGB=array([-1, -1, -1]), lineWidth=2, name='node10', opacity=1.0, ori=0.0, pos=array([0.18922429, 0.29443874]), size=array([1., 1.]), units='height', vertices=ndarray(...), win=Window(...))
133.0845 	EXP 	window1: mouseVisible = True
133.0849 	EXP 	Created unnamed Line = Line(__class__=<class 'psychopy.visual.line.Line'>, anchor=('center', 'center'), autoDraw=False, autoLog=True, closeShape=False, color=array([-1, -1, -1]), colorSpace='rgb', contrast=None, depth=2, draggable=False, fillColor=array([0, 0, 0]), fillColorSpace='rgb', fillRGB=array([0, 0, 0]), interpolate=True, lineColor=array([-1, -1, -1]), lineColorSpace='rgb', lineRGB=array([-1, -1, -1]), lineWidth=4, name='unnamed Line', opacity=0.5, ori=0.0, pos=array([0., 0.]), size=array([1., 1.]), units='height', vertices=ndarray(...), win=Window(...), windingRule=None)
133.0850 	EXP 	window1: mouseVisible = True
133.0854 	EXP 	Created unnamed ShapeStim = ShapeStim(__class__=<class 'psychopy.visual.shape.ShapeStim'>, anchor=('center', 'center'), autoDraw=False, autoLog=True, closeShape=True, color=method-wrapper(...), colorSpace='rgb', contrast=None, depth=0, draggable=False, fillColor=array([-1, -1, -1]), fillColorSpace='rgb', fillRGB=array([-1, -1, -1]), interpolate=True, lineColor=array([-1, -1, -1]), lineColorSpace='rgb', lineRGB=array([-1, -1, -1]), lineWidth=1.5, name='unnamed ShapeStim', opacity=1.0, ori=106.36363636363636, pos=array([ 0.29846286, -0.03572357]), size=array([1., 1.]), units='height', vertices=ndarray(...), win=Window(...), windingRule=None)
133.0854 	EXP 	window1: mouseVisible = True
133.0858 	EXP 	Created unnamed Line = Line(__class__=<class 'psychopy.visual.line.Line'>, anchor=('center', 'center'), autoDraw=False, autoLog=True, closeShape=False, color=array([-1, -1, -1]), colorSpace='rgb', contrast=None, depth=2, draggable=False, fillColor=array([0, 0, 0]), fillColorSpace='rgb', fillRGB=array([0, 0, 0]), interpolate=True, lineColor=array([-1, -1, -1]), lineColorSpace='rgb', lineRGB=array([-1, -1, -1]), lineWidth=4, name='unnamed Line', opacity=0.5, ori=0.0, pos=array([0., 0.]), size=array([1., 1.]), units='height', vertices=ndarray(...), win=Window(...), windingRule=None)
133.0859 	EXP 	window1: mouseVisible = True
133.0862 	EXP 	Created unnamed ShapeStim = ShapeStim(__class__=<class 'psychopy.visual.shape.ShapeStim'>, anchor=('center', 'center'), autoDraw=False, autoLog=True, closeShape=True, color=method-wrapper(...), colorSpace='rgb', contrast=None, depth=0, draggable=False, fillColor=array([-1, -1, -1]), fillColorSpace='rgb', fillRGB=array([-1, -1, -1]), interpolate=True, lineColor=array([-1, -1, -1]), lineColorSpace='rgb', lineRGB=array([-1, -1, -1]), lineWidth=1.5, name='unnamed ShapeStim', opacity=1.0, ori=40.909090909090914, pos=array([-0.22196732,  0.25665126]), size=array([1., 1.]), units='height', vertices=ndarray(...), win=Window(...), windingRule=None)
133.0863 	EXP 	window1: mouseVisible = True
133.0866 	EXP 	Created unnamed Rect = Rect(__class__=<class 'psychopy.visual.rect.Rect'>, anchor=('center', 'center'), autoDraw=False, autoLog=True, closeShape=True, color=method-wrapper(...), colorSpace='rgb', contrast=None, depth=0, draggable=False, fillColor=array([0.00392157, 0.00392157, 0.00392157]), fillColorSpace='rgb', fillRGB=array([0.00392157, 0.00392157, 0.00392157]), interpolate=True, lineColor=array([0, 0, 0]), lineColorSpace='rgb', lineRGB=array([0, 0, 0]), lineWidth=0, name='unnamed Rect', opacity=0.0, ori=0.0, pos=array([0.1, 0. ]), size=array([1.1, 1. ]), units='height', vertices=ndarray(...), win=Window(...))
133.0942 	EXP 	unnamed Rect: autoDraw = True
133.0942 	EXP 	node0: autoDraw = True
133.0942 	EXP 	node1: autoDraw = True
133.0942 	EXP 	unnamed ImageStim: autoDraw = True
133.0942 	EXP 	node2: autoDraw = True
133.0942 	EXP 	node3: autoDraw = True
133.0942 	EXP 	node4: autoDraw = True
133.0942 	EXP 	node5: autoDraw = True
133.0942 	EXP 	node6: autoDraw = True
133.0942 	EXP 	node7: autoDraw = True
133.0942 	EXP 	node8: autoDraw = True
133.0942 	EXP 	unnamed ImageStim: autoDraw = True
133.0942 	EXP 	node9: autoDraw = True
133.0942 	EXP 	node10: autoDraw = True
133.0942 	EXP 	unnamed Line: autoDraw = True
133.0942 	EXP 	unnamed Line: autoDraw = True
133.0942 	EXP 	unnamed ShapeStim: autoDraw = True
133.0942 	EXP 	unnamed Line: autoDraw = True
133.0942 	EXP 	unnamed Line: autoDraw = True
133.0942 	EXP 	unnamed ShapeStim: autoDraw = True
133.0942 	EXP 	unnamed Rect: autoDraw = True
133.0942 	EXP 	node2: fillColor = '#126DEF'
133.0991 	EXP 	node2: fillColor = '#126DEF'
133.0991 	EXP 	unnamed Line: autoDraw = False
133.0991 	EXP 	unnamed ShapeStim: autoDraw = False
133.0991 	EXP 	unnamed Line: autoDraw = True
133.0991 	EXP 	unnamed ShapeStim: autoDraw = True
133.0991 	EXP 	unnamed Line: autoDraw = False
133.0991 	EXP 	unnamed ShapeStim: autoDraw = False
133.0991 	EXP 	unnamed Line: autoDraw = True
133.0991 	EXP 	unnamed ShapeStim: autoDraw = True
133.0991 	EXP 	unnamed Line: foreColor = <psychopy.colors.Color: (1.0, 0.58, -0.87, 1.0)>
133.0991 	EXP 	unnamed Line: borderColor = <psychopy.colors.Color: (1.0, 0.58, -0.87, 1.0)>
133.0991 	EXP 	unnamed Line: fillColor = <psychopy.colors.Color: (1.0, 0.58, -0.87, 1.0)>
133.0991 	EXP 	unnamed ShapeStim: foreColor = <psychopy.colors.Color: (1.0, 0.58, -0.87, 1.0)>
133.0991 	EXP 	unnamed ShapeStim: borderColor = <psychopy.colors.Color: (1.0, 0.58, -0.87, 1.0)>
133.0991 	EXP 	unnamed ShapeStim: fillColor = <psychopy.colors.Color: (1.0, 0.58, -0.87, 1.0)>
134.6881 	DATA 	Keypress: f
134.6991 	EXP 	unnamed Line: foreColor = <psychopy.colors.Color: black, alpha=1.0>
134.6991 	EXP 	unnamed Line: borderColor = <psychopy.colors.Color: black, alpha=1.0>
134.6991 	EXP 	unnamed Line: fillColor = <psychopy.colors.Color: black, alpha=1.0>
134.6991 	EXP 	unnamed ShapeStim: foreColor = <psychopy.colors.Color: black, alpha=1.0>
134.6991 	EXP 	unnamed ShapeStim: borderColor = <psychopy.colors.Color: black, alpha=1.0>
134.6991 	EXP 	unnamed ShapeStim: fillColor = <psychopy.colors.Color: black, alpha=1.0>
134.6991 	EXP 	unnamed Line: foreColor = <psychopy.colors.Color: (1.0, 0.58, -0.87, 1.0)>
134.6991 	EXP 	unnamed Line: borderColor = <psychopy.colors.Color: (1.0, 0.58, -0.87, 1.0)>
134.6991 	EXP 	unnamed Line: fillColor = <psychopy.colors.Color: (1.0, 0.58, -0.87, 1.0)>
134.6991 	EXP 	unnamed ShapeStim: foreColor = <psychopy.colors.Color: (1.0, 0.58, -0.87, 1.0)>
134.6991 	EXP 	unnamed ShapeStim: borderColor = <psychopy.colors.Color: (1.0, 0.58, -0.87, 1.0)>
134.6991 	EXP 	unnamed ShapeStim: fillColor = <psychopy.colors.Color: (1.0, 0.58, -0.87, 1.0)>
135.5440 	DATA 	Keypress: j
135.5482 	EXP 	node8: fillColor = '#126DEF'
135.5482 	EXP 	node2: fillColor = 'white'
136.2484 	EXP 	window1: mouseVisible = True
136.2500 	EXP 	Created unnamed TextStim = TextStim(__class__=<class 'psychopy.visual.text.TextStim'>, alignHoriz=method-wrapper(...), alignText='center', alignVert=method-wrapper(...), anchorHoriz='center', anchorVert='center', antialias=True, autoDraw=False, autoLog=True, bold=True, color=array([-0.88235294, -0.12156863, -0.97647059]), colorSpace='rgb', contrast=1.0, depth=0, draggable=False, flipHoriz=False, flipVert=False, font='', fontFiles=[], height=0.04, italic=False, languageStyle='LTR', name='unnamed TextStim', opacity=1.0, ori=0.0, pos=array([0.4064375 , 0.01018981]), rgb=UNKNOWN, text='+1', units='height', win=Window(...), wrapWidth=1)
136.2543 	EXP 	node8: fillColor = 'white'
136.2543 	EXP 	unnamed ImageStim: autoDraw = True
137.2620 	EXP 	unnamed ImageStim: autoDraw = False
137.2620 	EXP 	unnamed Rect: autoDraw = False
137.2620 	EXP 	unnamed Rect: autoDraw = True
137.3773 	EXP 	unnamed Rect: autoDraw = False
137.3773 	EXP 	node0: autoDraw = False
137.3773 	EXP 	node1: autoDraw = False
137.3773 	EXP 	unnamed ImageStim: autoDraw = False
137.3773 	EXP 	node2: autoDraw = False
137.3773 	EXP 	node3: autoDraw = False
137.3773 	EXP 	node4: autoDraw = False
137.3773 	EXP 	node5: autoDraw = False
137.3773 	EXP 	node6: autoDraw = False
137.3773 	EXP 	node7: autoDraw = False
137.3773 	EXP 	node8: autoDraw = False
137.3773 	EXP 	unnamed ImageStim: autoDraw = False
137.3773 	EXP 	node9: autoDraw = False
137.3773 	EXP 	node10: autoDraw = False
137.3773 	EXP 	unnamed Line: autoDraw = False
137.3773 	EXP 	unnamed ShapeStim: autoDraw = False
137.3773 	EXP 	unnamed Line: autoDraw = False
137.3773 	EXP 	unnamed ShapeStim: autoDraw = False
137.3773 	EXP 	unnamed Rect: autoDraw = False
137.3915 	INFO 	Mouse: using default window
137.3915 	EXP 	window1: mouseVisible = True
137.3916 	EXP 	window1: mouseVisible = True
137.3955 	EXP 	Created unnamed TextStim = TextStim(__class__=<class 'psychopy.visual.text.TextStim'>, alignHoriz=method-wrapper(...), alignText='center', alignVert=method-wrapper(...), anchorHoriz='center', anchorVert='center', antialias=True, autoDraw=False, autoLog=True, bold=False, color=array([1, 1, 1]), colorSpace='rgb', contrast=1.0, depth=0, draggable=False, flipHoriz=False, flipVert=False, font='', fontFiles=[], height=0.035, italic=False, languageStyle='LTR', name='unnamed TextStim', opacity=1.0, ori=0.0, pos=array([0., 0.]), rgb=UNKNOWN, text='press Space to start', units='height', win=Window(...), wrapWidth=1)
138.0642 	DATA 	Keypress: space
138.0647 	EXP 	window1: mouseVisible = True
138.0651 	EXP 	Created unnamed Rect = Rect(__class__=<class 'psychopy.visual.rect.Rect'>, anchor=('center', 'center'), autoDraw=False, autoLog=True, closeShape=True, color=method-wrapper(...), colorSpace='rgb', contrast=None, depth=0, draggable=False, fillColor=array([0.00392157, 0.00392157, 0.00392157]), fillColorSpace='rgb', fillRGB=array([0.00392157, 0.00392157, 0.00392157]), interpolate=True, lineColor=array([0, 0, 0]), lineColorSpace='rgb', lineRGB=array([0, 0, 0]), lineWidth=0, name='unnamed Rect', opacity=0.5, ori=0.0, pos=array([-0.65,  0.45]), size=array([0.1, 0.1]), units='height', vertices=ndarray(...), win=Window(...))
138.0662 	EXP 	window1: mouseVisible = True
138.0681 	EXP 	Created node0 = Circle(__class__=<class 'psychopy.visual.circle.Circle'>, anchor=('center', 'center'), autoDraw=False, autoLog=True, closeShape=True, color=method-wrapper(...), colorSpace='rgb', contrast=None, depth=0, draggable=False, fillColor=array([1, 1, 1]), fillColorSpace='rgb', fillRGB=array([1, 1, 1]), interpolate=True, lineColor=array([-1, -1, -1]), lineColorSpace='rgb', lineRGB=array([-1, -1, -1]), lineWidth=2, name='node0', opacity=1.0, ori=0.0, pos=array([0.  , 0.35]), size=array([1., 1.]), units='height', vertices=ndarray(...), win=Window(...))
138.0691 	EXP 	window1: mouseVisible = True
138.0710 	EXP 	Created node1 = Circle(__class__=<class 'psychopy.visual.circle.Circle'>, anchor=('center', 'center'), autoDraw=False, autoLog=True, closeShape=True, color=method-wrapper(...), colorSpace='rgb', contrast=None, depth=0, draggable=False, fillColor=array([1, 1, 1]), fillColorSpace='rgb', fillRGB=array([1, 1, 1]), interpolate=True, lineColor=array([-1, -1, -1]), lineColorSpace='rgb', lineRGB=array([-1, -1, -1]), lineWidth=2, name='node1', opacity=1.0, ori=0.0, pos=array([-0.18922429,  0.29443874]), size=array([1., 1.]), units='height', vertices=ndarray(...), win=Window(...))
138.0710 	EXP 	window1: mouseVisible = True
138.0887 	EXP 	Created unnamed ImageStim = ImageStim(__class__=<class 'psychopy.visual.image.ImageStim'>, anchor=('center', 'center'), autoLog=True, color=array([1., 1., 1.]), colorSpace='rgb', contrast=1.0, depth=0, draggable=False, flipHoriz=False, flipVert=False, image='images/pattern_5.png', interpolate=False, mask=None, maskParams=None, name='unnamed ImageStim', opacity=1.0, ori=0.0, pos=array([-0.18922429,  0.29443874]), size=array([0.12, 0.12]), texRes=128, units='height', win=Window(...))
138.0897 	EXP 	window1: mouseVisible = True
138.0917 	EXP 	Created node2 = Circle(__class__=<class 'psychopy.visual.circle.Circle'>, anchor=('center', 'center'), autoDraw=False, autoLog=True, closeShape=True, color=method-wrapper(...), colorSpace='rgb', contrast=None, depth=0, draggable=False, fillColor=array([1, 1, 1]), fillColorSpace='rgb', fillRGB=array([1, 1, 1]), interpolate=True, lineColor=array([-1, -1, -1]), lineColorSpace='rgb', lineRGB=array([-1, -1, -1]), lineWidth=2, name='node2', opacity=1.0, ori=0.0, pos=array([-0.3183712 ,  0.14539525]), size=array([1., 1.]), units='height', vertices=ndarray(...), win=Window(...))
138.0927 	EXP 	window1: mouseVisible = True
138.0946 	EXP 	Created node3 = Circle(__class__=<class 'psychopy.visual.circle.Circle'>, anchor=('center', 'center'), autoDraw=False, autoLog=True, closeShape=True, color=method-wrapper(...), colorSpace='rgb', contrast=None, depth=0, draggable=False, fillColor=array([1, 1, 1]), fillColorSpace='rgb', fillRGB=array([1, 1, 1]), interpolate=True, lineColor=array([-1, -1, -1]), lineColorSpace='rgb', lineRGB=array([-1, -1, -1]), lineWidth=2, name='node3', opacity=1.0, ori=0.0, pos=array([-0.3464375 , -0.04981019]), size=array([1., 1.]), units='height', vertices=ndarray(...), win=Window(...))
138.0956 	EXP 	window1: mouseVisible = True
138.0974 	EXP 	Created node4 = Circle(__class__=<class 'psychopy.visual.circle.Circle'>, anchor=('center', 'center'), autoDraw=False, autoLog=True, closeShape=True, color=method-wrapper(...), colorSpace='rgb', contrast=None, depth=0, draggable=False, fillColor=array([1, 1, 1]), fillColorSpace='rgb', fillRGB=array([1, 1, 1]), interpolate=True, lineColor=array([-1, -1, -1]), lineColorSpace='rgb', lineRGB=array([-1, -1, -1]), lineWidth=2, name='node4', opacity=1.0, ori=0.0, pos=array([-0.26451235, -0.22920126]), size=array([1., 1.]), units='height', vertices=ndarray(...), win=Window(...))
138.0984 	EXP 	window1: mouseVisible = True
138.1003 	EXP 	Created node5 = Circle(__class__=<class 'psychopy.visual.circle.Circle'>, anchor=('center', 'center'), autoDraw=False, autoLog=True, closeShape=True, color=method-wrapper(...), colorSpace='rgb', contrast=None, depth=0, draggable=False, fillColor=array([1, 1, 1]), fillColorSpace='rgb', fillRGB=array([1, 1, 1]), interpolate=True, lineColor=array([-1, -1, -1]), lineColorSpace='rgb', lineRGB=array([-1, -1, -1]), lineWidth=2, name='node5', opacity=1.0, ori=0.0, pos=array([-0.09860639, -0.33582254]), size=array([1., 1.]), units='height', vertices=ndarray(...), win=Window(...))
138.1013 	EXP 	window1: mouseVisible = True
138.1031 	EXP 	Created node6 = Circle(__class__=<class 'psychopy.visual.circle.Circle'>, anchor=('center', 'center'), autoDraw=False, autoLog=True, closeShape=True, color=method-wrapper(...), colorSpace='rgb', contrast=None, depth=0, draggable=False, fillColor=array([1, 1, 1]), fillColorSpace='rgb', fillRGB=array([1, 1, 1]), interpolate=True, lineColor=array([-1, -1, -1]), lineColorSpace='rgb', lineRGB=array([-1, -1, -1]), lineWidth=2, name='node6', opacity=1.0, ori=0.0, pos=array([ 0.09860639, -0.33582254]), size=array([1., 1.]), units='height', vertices=ndarray(...), win=Window(...))
138.1041 	EXP 	window1: mouseVisible = True
138.1060 	EXP 	Created node7 = Circle(__class__=<class 'psychopy.visual.circle.Circle'>, anchor=('center', 'center'), autoDraw=False, autoLog=True, closeShape=True, color=method-wrapper(...), colorSpace='rgb', contrast=None, depth=0, draggable=False, fillColor=array([1, 1, 1]), fillColorSpace='rgb', fillRGB=array([1, 1, 1]), interpolate=True, lineColor=array([-1, -1, -1]), lineColorSpace='rgb', lineRGB=array([-1, -1, -1]), lineWidth=2, name='node7', opacity=1.0, ori=0.0, pos=array([ 0.26451235, -0.22920126]), size=array([1., 1.]), units='height', vertices=ndarray(...), win=Window(...))
138.1070 	EXP 	window1: mouseVisible = True
138.1088 	EXP 	Created node8 = Circle(__class__=<class 'psychopy.visual.circle.Circle'>, anchor=('center', 'center'), autoDraw=False, autoLog=True, closeShape=True, color=method-wrapper(...), colorSpace='rgb', contrast=None, depth=0, draggable=False, fillColor=array([1, 1, 1]), fillColorSpace='rgb', fillRGB=array([1, 1, 1]), interpolate=True, lineColor=array([-1, -1, -1]), lineColorSpace='rgb', lineRGB=array([-1, -1, -1]), lineWidth=2, name='node8', opacity=1.0, ori=0.0, pos=array([ 0.3464375 , -0.04981019]), size=array([1., 1.]), units='height', vertices=ndarray(...), win=Window(...))
138.1098 	EXP 	window1: mouseVisible = True
138.1117 	EXP 	Created node9 = Circle(__class__=<class 'psychopy.visual.circle.Circle'>, anchor=('center', 'center'), autoDraw=False, autoLog=True, closeShape=True, color=method-wrapper(...), colorSpace='rgb', contrast=None, depth=0, draggable=False, fillColor=array([1, 1, 1]), fillColorSpace='rgb', fillRGB=array([1, 1, 1]), interpolate=True, lineColor=array([-1, -1, -1]), lineColorSpace='rgb', lineRGB=array([-1, -1, -1]), lineWidth=2, name='node9', opacity=1.0, ori=0.0, pos=array([0.3183712 , 0.14539525]), size=array([1., 1.]), units='height', vertices=ndarray(...), win=Window(...))
138.1127 	EXP 	window1: mouseVisible = True
138.1145 	EXP 	Created node10 = Circle(__class__=<class 'psychopy.visual.circle.Circle'>, anchor=('center', 'center'), autoDraw=False, autoLog=True, closeShape=True, color=method-wrapper(...), colorSpace='rgb', contrast=None, depth=0, draggable=False, fillColor=array([1, 1, 1]), fillColorSpace='rgb', fillRGB=array([1, 1, 1]), interpolate=True, lineColor=array([-1, -1, -1]), lineColorSpace='rgb', lineRGB=array([-1, -1, -1]), lineWidth=2, name='node10', opacity=1.0, ori=0.0, pos=array([0.18922429, 0.29443874]), size=array([1., 1.]), units='height', vertices=ndarray(...), win=Window(...))
138.1146 	EXP 	window1: mouseVisible = True
138.1313 	EXP 	Created unnamed ImageStim = ImageStim(__class__=<class 'psychopy.visual.image.ImageStim'>, anchor=('center', 'center'), autoLog=True, color=array([1., 1., 1.]), colorSpace='rgb', contrast=1.0, depth=0, draggable=False, flipHoriz=False, flipVert=False, image='images/pattern_3.png', interpolate=False, mask=None, maskParams=None, name='unnamed ImageStim', opacity=1.0, ori=0.0, pos=array([0.18922429, 0.29443874]), size=array([0.12, 0.12]), texRes=128, units='height', win=Window(...))
138.1314 	EXP 	window1: mouseVisible = True
138.1318 	EXP 	Created unnamed Line = Line(__class__=<class 'psychopy.visual.line.Line'>, anchor=('center', 'center'), autoDraw=False, autoLog=True, closeShape=False, color=array([-1, -1, -1]), colorSpace='rgb', contrast=None, depth=2, draggable=False, fillColor=array([0, 0, 0]), fillColorSpace='rgb', fillRGB=array([0, 0, 0]), interpolate=True, lineColor=array([-1, -1, -1]), lineColorSpace='rgb', lineRGB=array([-1, -1, -1]), lineWidth=4, name='unnamed Line', opacity=0.5, ori=0.0, pos=array([0., 0.]), size=array([1., 1.]), units='height', vertices=ndarray(...), win=Window(...), windingRule=None)
138.1319 	EXP 	window1: mouseVisible = True
138.1322 	EXP 	Created unnamed ShapeStim = ShapeStim(__class__=<class 'psychopy.visual.shape.ShapeStim'>, anchor=('center', 'center'), autoDraw=False, autoLog=True, closeShape=True, color=method-wrapper(...), colorSpace='rgb', contrast=None, depth=0, draggable=False, fillColor=array([-1, -1, -1]), fillColorSpace='rgb', fillRGB=array([-1, -1, -1]), interpolate=True, lineColor=array([-1, -1, -1]), lineColorSpace='rgb', lineRGB=array([-1, -1, -1]), lineWidth=1.5, name='unnamed ShapeStim', opacity=1.0, ori=-73.63636363636365, pos=array([-0.14124964,  0.28035211]), size=array([1., 1.]), units='height', vertices=ndarray(...), win=Window(...), windingRule=None)
138.1323 	EXP 	window1: mouseVisible = True
138.1326 	EXP 	Created unnamed Line = Line(__class__=<class 'psychopy.visual.line.Line'>, anchor=('center', 'center'), autoDraw=False, autoLog=True, closeShape=False, color=array([-1, -1, -1]), colorSpace='rgb', contrast=None, depth=2, draggable=False, fillColor=array([0, 0, 0]), fillColorSpace='rgb', fillRGB=array([0, 0, 0]), interpolate=True, lineColor=array([-1, -1, -1]), lineColorSpace='rgb', lineRGB=array([-1, -1, -1]), lineWidth=4, name='unnamed Line', opacity=0.5, ori=0.0, pos=array([0., 0.]), size=array([1., 1.]), units='height', vertices=ndarray(...), win=Window(...), windingRule=None)
138.1327 	EXP 	window1: mouseVisible = True
138.1331 	EXP 	Created unnamed ShapeStim = ShapeStim(__class__=<class 'psychopy.visual.shape.ShapeStim'>, anchor=('center', 'center'), autoDraw=False, autoLog=True, closeShape=True, color=method-wrapper(...), colorSpace='rgb', contrast=None, depth=0, draggable=False, fillColor=array([-1, -1, -1]), fillColorSpace='rgb', fillRGB=array([-1, -1, -1]), interpolate=True, lineColor=array([-1, -1, -1]), lineColorSpace='rgb', lineRGB=array([-1, -1, -1]), lineWidth=1.5, name='unnamed ShapeStim', opacity=1.0, ori=-40.90909090909088, pos=array([0.22196732, 0.25665126]), size=array([1., 1.]), units='height', vertices=ndarray(...), win=Window(...), windingRule=None)
138.1331 	EXP 	window1: mouseVisible = True
138.1335 	EXP 	Created unnamed Rect = Rect(__class__=<class 'psychopy.visual.rect.Rect'>, anchor=('center', 'center'), autoDraw=False, autoLog=True, closeShape=True, color=method-wrapper(...), colorSpace='rgb', contrast=None, depth=0, draggable=False, fillColor=array([0.00392157, 0.00392157, 0.00392157]), fillColorSpace='rgb', fillRGB=array([0.00392157, 0.00392157, 0.00392157]), interpolate=True, lineColor=array([0, 0, 0]), lineColorSpace='rgb', lineRGB=array([0, 0, 0]), lineWidth=0, name='unnamed Rect', opacity=0.0, ori=0.0, pos=array([0.1, 0. ]), size=array([1.1, 1. ]), units='height', vertices=ndarray(...), win=Window(...))
138.1375 	EXP 	unnamed Rect: autoDraw = True
138.1375 	EXP 	node0: autoDraw = True
138.1375 	EXP 	node1: autoDraw = True
138.1375 	EXP 	unnamed ImageStim: autoDraw = True
138.1375 	EXP 	node2: autoDraw = True
138.1375 	EXP 	node3: autoDraw = True
138.1375 	EXP 	node4: autoDraw = True
138.1375 	EXP 	node5: autoDraw = True
138.1375 	EXP 	node6: autoDraw = True
138.1375 	EXP 	node7: autoDraw = True
138.1375 	EXP 	node8: autoDraw = True
138.1375 	EXP 	node9: autoDraw = True
138.1375 	EXP 	node10: autoDraw = True
138.1375 	EXP 	unnamed ImageStim: autoDraw = True
138.1375 	EXP 	unnamed Line: autoDraw = True
138.1375 	EXP 	unnamed Line: autoDraw = True
138.1375 	EXP 	unnamed ShapeStim: autoDraw = True
138.1375 	EXP 	unnamed Line: autoDraw = True
138.1375 	EXP 	unnamed Line: autoDraw = True
138.1375 	EXP 	unnamed ShapeStim: autoDraw = True
138.1375 	EXP 	unnamed Rect: autoDraw = True
138.1375 	EXP 	node9: fillColor = '#126DEF'
138.1431 	EXP 	node9: fillColor = '#126DEF'
138.1431 	EXP 	unnamed Line: autoDraw = False
138.1431 	EXP 	unnamed ShapeStim: autoDraw = False
138.1431 	EXP 	unnamed Line: autoDraw = True
138.1431 	EXP 	unnamed ShapeStim: autoDraw = True
138.1431 	EXP 	unnamed Line: autoDraw = False
138.1431 	EXP 	unnamed ShapeStim: autoDraw = False
138.1431 	EXP 	unnamed Line: autoDraw = True
138.1431 	EXP 	unnamed ShapeStim: autoDraw = True
138.1431 	EXP 	unnamed Line: foreColor = <psychopy.colors.Color: (1.0, 0.58, -0.87, 1.0)>
138.1431 	EXP 	unnamed Line: borderColor = <psychopy.colors.Color: (1.0, 0.58, -0.87, 1.0)>
138.1431 	EXP 	unnamed Line: fillColor = <psychopy.colors.Color: (1.0, 0.58, -0.87, 1.0)>
138.1431 	EXP 	unnamed ShapeStim: foreColor = <psychopy.colors.Color: (1.0, 0.58, -0.87, 1.0)>
138.1431 	EXP 	unnamed ShapeStim: borderColor = <psychopy.colors.Color: (1.0, 0.58, -0.87, 1.0)>
138.1431 	EXP 	unnamed ShapeStim: fillColor = <psychopy.colors.Color: (1.0, 0.58, -0.87, 1.0)>
139.2003 	DATA 	Keypress: j
139.2051 	EXP 	node1: fillColor = '#126DEF'
139.2051 	EXP 	node9: fillColor = 'white'
139.9052 	EXP 	window1: mouseVisible = True
139.9070 	EXP 	Created unnamed TextStim = TextStim(__class__=<class 'psychopy.visual.text.TextStim'>, alignHoriz=method-wrapper(...), alignText='center', alignVert=method-wrapper(...), anchorHoriz='center', anchorVert='center', antialias=True, autoDraw=False, autoLog=True, bold=True, color=array([0.68627451, 0.68627451, 0.68627451]), colorSpace='rgb', contrast=1.0, depth=0, draggable=False, flipHoriz=False, flipVert=False, font='', fontFiles=[], height=0.04, italic=False, languageStyle='LTR', name='unnamed TextStim', opacity=1.0, ori=0.0, pos=array([-0.12922429,  0.35443874]), rgb=UNKNOWN, text='+0', units='height', win=Window(...), wrapWidth=1)
139.9112 	EXP 	node1: fillColor = 'white'
139.9112 	EXP 	unnamed ImageStim: autoDraw = True
140.9189 	EXP 	unnamed ImageStim: autoDraw = False
140.9189 	EXP 	unnamed Rect: autoDraw = False
140.9189 	EXP 	unnamed Rect: autoDraw = True
141.0570 	EXP 	unnamed Rect: autoDraw = False
141.0570 	EXP 	node0: autoDraw = False
141.0570 	EXP 	node1: autoDraw = False
141.0570 	EXP 	unnamed ImageStim: autoDraw = False
141.0570 	EXP 	node2: autoDraw = False
141.0570 	EXP 	node3: autoDraw = False
141.0570 	EXP 	node4: autoDraw = False
141.0570 	EXP 	node5: autoDraw = False
141.0570 	EXP 	node6: autoDraw = False
141.0570 	EXP 	node7: autoDraw = False
141.0570 	EXP 	node8: autoDraw = False
141.0570 	EXP 	node9: autoDraw = False
141.0570 	EXP 	node10: autoDraw = False
141.0570 	EXP 	unnamed ImageStim: autoDraw = False
141.0570 	EXP 	unnamed Line: autoDraw = False
141.0570 	EXP 	unnamed ShapeStim: autoDraw = False
141.0570 	EXP 	unnamed Line: autoDraw = False
141.0570 	EXP 	unnamed ShapeStim: autoDraw = False
141.0570 	EXP 	unnamed Rect: autoDraw = False
141.0659 	INFO 	Mouse: using default window
141.0660 	EXP 	window1: mouseVisible = True
141.0661 	EXP 	window1: mouseVisible = True
141.0702 	EXP 	Created unnamed TextStim = TextStim(__class__=<class 'psychopy.visual.text.TextStim'>, alignHoriz=method-wrapper(...), alignText='center', alignVert=method-wrapper(...), anchorHoriz='center', anchorVert='center', antialias=True, autoDraw=False, autoLog=True, bold=False, color=array([1, 1, 1]), colorSpace='rgb', contrast=1.0, depth=0, draggable=False, flipHoriz=False, flipVert=False, font='', fontFiles=[], height=0.035, italic=False, languageStyle='LTR', name='unnamed TextStim', opacity=1.0, ori=0.0, pos=array([0., 0.]), rgb=UNKNOWN, text='press Space to start', units='height', win=Window(...), wrapWidth=1)
141.5681 	DATA 	Keypress: space
141.5686 	EXP 	window1: mouseVisible = True
141.5690 	EXP 	Created unnamed Rect = Rect(__class__=<class 'psychopy.visual.rect.Rect'>, anchor=('center', 'center'), autoDraw=False, autoLog=True, closeShape=True, color=method-wrapper(...), colorSpace='rgb', contrast=None, depth=0, draggable=False, fillColor=array([0.00392157, 0.00392157, 0.00392157]), fillColorSpace='rgb', fillRGB=array([0.00392157, 0.00392157, 0.00392157]), interpolate=True, lineColor=array([0, 0, 0]), lineColorSpace='rgb', lineRGB=array([0, 0, 0]), lineWidth=0, name='unnamed Rect', opacity=0.5, ori=0.0, pos=array([-0.65,  0.45]), size=array([0.1, 0.1]), units='height', vertices=ndarray(...), win=Window(...))
141.5701 	EXP 	window1: mouseVisible = True
141.5720 	EXP 	Created node0 = Circle(__class__=<class 'psychopy.visual.circle.Circle'>, anchor=('center', 'center'), autoDraw=False, autoLog=True, closeShape=True, color=method-wrapper(...), colorSpace='rgb', contrast=None, depth=0, draggable=False, fillColor=array([1, 1, 1]), fillColorSpace='rgb', fillRGB=array([1, 1, 1]), interpolate=True, lineColor=array([-1, -1, -1]), lineColorSpace='rgb', lineRGB=array([-1, -1, -1]), lineWidth=2, name='node0', opacity=1.0, ori=0.0, pos=array([0.  , 0.35]), size=array([1., 1.]), units='height', vertices=ndarray(...), win=Window(...))
141.5730 	EXP 	window1: mouseVisible = True
141.5749 	EXP 	Created node1 = Circle(__class__=<class 'psychopy.visual.circle.Circle'>, anchor=('center', 'center'), autoDraw=False, autoLog=True, closeShape=True, color=method-wrapper(...), colorSpace='rgb', contrast=None, depth=0, draggable=False, fillColor=array([1, 1, 1]), fillColorSpace='rgb', fillRGB=array([1, 1, 1]), interpolate=True, lineColor=array([-1, -1, -1]), lineColorSpace='rgb', lineRGB=array([-1, -1, -1]), lineWidth=2, name='node1', opacity=1.0, ori=0.0, pos=array([-0.18922429,  0.29443874]), size=array([1., 1.]), units='height', vertices=ndarray(...), win=Window(...))
141.5759 	EXP 	window1: mouseVisible = True
141.5779 	EXP 	Created node2 = Circle(__class__=<class 'psychopy.visual.circle.Circle'>, anchor=('center', 'center'), autoDraw=False, autoLog=True, closeShape=True, color=method-wrapper(...), colorSpace='rgb', contrast=None, depth=0, draggable=False, fillColor=array([1, 1, 1]), fillColorSpace='rgb', fillRGB=array([1, 1, 1]), interpolate=True, lineColor=array([-1, -1, -1]), lineColorSpace='rgb', lineRGB=array([-1, -1, -1]), lineWidth=2, name='node2', opacity=1.0, ori=0.0, pos=array([-0.3183712 ,  0.14539525]), size=array([1., 1.]), units='height', vertices=ndarray(...), win=Window(...))
141.5779 	EXP 	window1: mouseVisible = True
141.5959 	EXP 	Created unnamed ImageStim = ImageStim(__class__=<class 'psychopy.visual.image.ImageStim'>, anchor=('center', 'center'), autoLog=True, color=array([1., 1., 1.]), colorSpace='rgb', contrast=1.0, depth=0, draggable=False, flipHoriz=False, flipVert=False, image='images/pattern_7.png', interpolate=False, mask=None, maskParams=None, name='unnamed ImageStim', opacity=1.0, ori=0.0, pos=array([-0.3183712 ,  0.14539525]), size=array([0.12, 0.12]), texRes=128, units='height', win=Window(...))
141.5969 	EXP 	window1: mouseVisible = True
141.5988 	EXP 	Created node3 = Circle(__class__=<class 'psychopy.visual.circle.Circle'>, anchor=('center', 'center'), autoDraw=False, autoLog=True, closeShape=True, color=method-wrapper(...), colorSpace='rgb', contrast=None, depth=0, draggable=False, fillColor=array([1, 1, 1]), fillColorSpace='rgb', fillRGB=array([1, 1, 1]), interpolate=True, lineColor=array([-1, -1, -1]), lineColorSpace='rgb', lineRGB=array([-1, -1, -1]), lineWidth=2, name='node3', opacity=1.0, ori=0.0, pos=array([-0.3464375 , -0.04981019]), size=array([1., 1.]), units='height', vertices=ndarray(...), win=Window(...))
141.5998 	EXP 	window1: mouseVisible = True
141.6017 	EXP 	Created node4 = Circle(__class__=<class 'psychopy.visual.circle.Circle'>, anchor=('center', 'center'), autoDraw=False, autoLog=True, closeShape=True, color=method-wrapper(...), colorSpace='rgb', contrast=None, depth=0, draggable=False, fillColor=array([1, 1, 1]), fillColorSpace='rgb', fillRGB=array([1, 1, 1]), interpolate=True, lineColor=array([-1, -1, -1]), lineColorSpace='rgb', lineRGB=array([-1, -1, -1]), lineWidth=2, name='node4', opacity=1.0, ori=0.0, pos=array([-0.26451235, -0.22920126]), size=array([1., 1.]), units='height', vertices=ndarray(...), win=Window(...))
141.6027 	EXP 	window1: mouseVisible = True
141.6046 	EXP 	Created node5 = Circle(__class__=<class 'psychopy.visual.circle.Circle'>, anchor=('center', 'center'), autoDraw=False, autoLog=True, closeShape=True, color=method-wrapper(...), colorSpace='rgb', contrast=None, depth=0, draggable=False, fillColor=array([1, 1, 1]), fillColorSpace='rgb', fillRGB=array([1, 1, 1]), interpolate=True, lineColor=array([-1, -1, -1]), lineColorSpace='rgb', lineRGB=array([-1, -1, -1]), lineWidth=2, name='node5', opacity=1.0, ori=0.0, pos=array([-0.09860639, -0.33582254]), size=array([1., 1.]), units='height', vertices=ndarray(...), win=Window(...))
141.6056 	EXP 	window1: mouseVisible = True
141.6074 	EXP 	Created node6 = Circle(__class__=<class 'psychopy.visual.circle.Circle'>, anchor=('center', 'center'), autoDraw=False, autoLog=True, closeShape=True, color=method-wrapper(...), colorSpace='rgb', contrast=None, depth=0, draggable=False, fillColor=array([1, 1, 1]), fillColorSpace='rgb', fillRGB=array([1, 1, 1]), interpolate=True, lineColor=array([-1, -1, -1]), lineColorSpace='rgb', lineRGB=array([-1, -1, -1]), lineWidth=2, name='node6', opacity=1.0, ori=0.0, pos=array([ 0.09860639, -0.33582254]), size=array([1., 1.]), units='height', vertices=ndarray(...), win=Window(...))
141.6084 	EXP 	window1: mouseVisible = True
141.6103 	EXP 	Created node7 = Circle(__class__=<class 'psychopy.visual.circle.Circle'>, anchor=('center', 'center'), autoDraw=False, autoLog=True, closeShape=True, color=method-wrapper(...), colorSpace='rgb', contrast=None, depth=0, draggable=False, fillColor=array([1, 1, 1]), fillColorSpace='rgb', fillRGB=array([1, 1, 1]), interpolate=True, lineColor=array([-1, -1, -1]), lineColorSpace='rgb', lineRGB=array([-1, -1, -1]), lineWidth=2, name='node7', opacity=1.0, ori=0.0, pos=array([ 0.26451235, -0.22920126]), size=array([1., 1.]), units='height', vertices=ndarray(...), win=Window(...))
141.6113 	EXP 	window1: mouseVisible = True
141.6132 	EXP 	Created node8 = Circle(__class__=<class 'psychopy.visual.circle.Circle'>, anchor=('center', 'center'), autoDraw=False, autoLog=True, closeShape=True, color=method-wrapper(...), colorSpace='rgb', contrast=None, depth=0, draggable=False, fillColor=array([1, 1, 1]), fillColorSpace='rgb', fillRGB=array([1, 1, 1]), interpolate=True, lineColor=array([-1, -1, -1]), lineColorSpace='rgb', lineRGB=array([-1, -1, -1]), lineWidth=2, name='node8', opacity=1.0, ori=0.0, pos=array([ 0.3464375 , -0.04981019]), size=array([1., 1.]), units='height', vertices=ndarray(...), win=Window(...))
141.6142 	EXP 	window1: mouseVisible = True
141.6160 	EXP 	Created node9 = Circle(__class__=<class 'psychopy.visual.circle.Circle'>, anchor=('center', 'center'), autoDraw=False, autoLog=True, closeShape=True, color=method-wrapper(...), colorSpace='rgb', contrast=None, depth=0, draggable=False, fillColor=array([1, 1, 1]), fillColorSpace='rgb', fillRGB=array([1, 1, 1]), interpolate=True, lineColor=array([-1, -1, -1]), lineColorSpace='rgb', lineRGB=array([-1, -1, -1]), lineWidth=2, name='node9', opacity=1.0, ori=0.0, pos=array([0.3183712 , 0.14539525]), size=array([1., 1.]), units='height', vertices=ndarray(...), win=Window(...))
141.6170 	EXP 	window1: mouseVisible = True
141.6188 	EXP 	Created node10 = Circle(__class__=<class 'psychopy.visual.circle.Circle'>, anchor=('center', 'center'), autoDraw=False, autoLog=True, closeShape=True, color=method-wrapper(...), colorSpace='rgb', contrast=None, depth=0, draggable=False, fillColor=array([1, 1, 1]), fillColorSpace='rgb', fillRGB=array([1, 1, 1]), interpolate=True, lineColor=array([-1, -1, -1]), lineColorSpace='rgb', lineRGB=array([-1, -1, -1]), lineWidth=2, name='node10', opacity=1.0, ori=0.0, pos=array([0.18922429, 0.29443874]), size=array([1., 1.]), units='height', vertices=ndarray(...), win=Window(...))
141.6189 	EXP 	window1: mouseVisible = True
141.6356 	EXP 	Created unnamed ImageStim = ImageStim(__class__=<class 'psychopy.visual.image.ImageStim'>, anchor=('center', 'center'), autoLog=True, color=array([1., 1., 1.]), colorSpace='rgb', contrast=1.0, depth=0, draggable=False, flipHoriz=False, flipVert=False, image='images/pattern_3.png', interpolate=False, mask=None, maskParams=None, name='unnamed ImageStim', opacity=1.0, ori=0.0, pos=array([0.18922429, 0.29443874]), size=array([0.12, 0.12]), texRes=128, units='height', win=Window(...))
141.6357 	EXP 	window1: mouseVisible = True
141.6361 	EXP 	Created unnamed Line = Line(__class__=<class 'psychopy.visual.line.Line'>, anchor=('center', 'center'), autoDraw=False, autoLog=True, closeShape=False, color=array([-1, -1, -1]), colorSpace='rgb', contrast=None, depth=2, draggable=False, fillColor=array([0, 0, 0]), fillColorSpace='rgb', fillRGB=array([0, 0, 0]), interpolate=True, lineColor=array([-1, -1, -1]), lineColorSpace='rgb', lineRGB=array([-1, -1, -1]), lineWidth=4, name='unnamed Line', opacity=0.5, ori=0.0, pos=array([0., 0.]), size=array([1., 1.]), units='height', vertices=ndarray(...), win=Window(...), windingRule=None)
141.6362 	EXP 	window1: mouseVisible = True
141.6365 	EXP 	Created unnamed ShapeStim = ShapeStim(__class__=<class 'psychopy.visual.shape.ShapeStim'>, anchor=('center', 'center'), autoDraw=False, autoLog=True, closeShape=True, color=method-wrapper(...), colorSpace='rgb', contrast=None, depth=0, draggable=False, fillColor=array([-1, -1, -1]), fillColorSpace='rgb', fillRGB=array([-1, -1, -1]), interpolate=True, lineColor=array([-1, -1, -1]), lineColorSpace='rgb', lineRGB=array([-1, -1, -1]), lineWidth=1.5, name='unnamed ShapeStim', opacity=1.0, ori=40.909090909090914, pos=array([0.15648125, 0.25665126]), size=array([1., 1.]), units='height', vertices=ndarray(...), win=Window(...), windingRule=None)
141.6366 	EXP 	window1: mouseVisible = True
141.6370 	EXP 	Created unnamed Line = Line(__class__=<class 'psychopy.visual.line.Line'>, anchor=('center', 'center'), autoDraw=False, autoLog=True, closeShape=False, color=array([-1, -1, -1]), colorSpace='rgb', contrast=None, depth=2, draggable=False, fillColor=array([0, 0, 0]), fillColorSpace='rgb', fillRGB=array([0, 0, 0]), interpolate=True, lineColor=array([-1, -1, -1]), lineColorSpace='rgb', lineRGB=array([-1, -1, -1]), lineWidth=4, name='unnamed Line', opacity=0.5, ori=0.0, pos=array([0., 0.]), size=array([1., 1.]), units='height', vertices=ndarray(...), win=Window(...), windingRule=None)
141.6370 	EXP 	window1: mouseVisible = True
141.6374 	EXP 	Created unnamed ShapeStim = ShapeStim(__class__=<class 'psychopy.visual.shape.ShapeStim'>, anchor=('center', 'center'), autoDraw=False, autoLog=True, closeShape=True, color=method-wrapper(...), colorSpace='rgb', contrast=None, depth=0, draggable=False, fillColor=array([-1, -1, -1]), fillColorSpace='rgb', fillRGB=array([-1, -1, -1]), interpolate=True, lineColor=array([-1, -1, -1]), lineColorSpace='rgb', lineRGB=array([-1, -1, -1]), lineWidth=1.5, name='unnamed ShapeStim', opacity=1.0, ori=-8.181818181818201, pos=array([-0.31125546,  0.09590418]), size=array([1., 1.]), units='height', vertices=ndarray(...), win=Window(...), windingRule=None)
141.6374 	EXP 	window1: mouseVisible = True
141.6378 	EXP 	Created unnamed Rect = Rect(__class__=<class 'psychopy.visual.rect.Rect'>, anchor=('center', 'center'), autoDraw=False, autoLog=True, closeShape=True, color=method-wrapper(...), colorSpace='rgb', contrast=None, depth=0, draggable=False, fillColor=array([0.00392157, 0.00392157, 0.00392157]), fillColorSpace='rgb', fillRGB=array([0.00392157, 0.00392157, 0.00392157]), interpolate=True, lineColor=array([0, 0, 0]), lineColorSpace='rgb', lineRGB=array([0, 0, 0]), lineWidth=0, name='unnamed Rect', opacity=0.0, ori=0.0, pos=array([0.1, 0. ]), size=array([1.1, 1. ]), units='height', vertices=ndarray(...), win=Window(...))
141.6418 	EXP 	unnamed Rect: autoDraw = True
141.6418 	EXP 	node0: autoDraw = True
141.6418 	EXP 	node1: autoDraw = True
141.6418 	EXP 	node2: autoDraw = True
141.6418 	EXP 	unnamed ImageStim: autoDraw = True
141.6418 	EXP 	node3: autoDraw = True
141.6418 	EXP 	node4: autoDraw = True
141.6418 	EXP 	node5: autoDraw = True
141.6418 	EXP 	node6: autoDraw = True
141.6418 	EXP 	node7: autoDraw = True
141.6418 	EXP 	node8: autoDraw = True
141.6418 	EXP 	node9: autoDraw = True
141.6418 	EXP 	node10: autoDraw = True
141.6418 	EXP 	unnamed ImageStim: autoDraw = True
141.6418 	EXP 	unnamed Line: autoDraw = True
141.6418 	EXP 	unnamed Line: autoDraw = True
141.6418 	EXP 	unnamed ShapeStim: autoDraw = True
141.6418 	EXP 	unnamed Line: autoDraw = True
141.6418 	EXP 	unnamed Line: autoDraw = True
141.6418 	EXP 	unnamed ShapeStim: autoDraw = True
141.6418 	EXP 	unnamed Rect: autoDraw = True
141.6418 	EXP 	node4: fillColor = '#126DEF'
141.6452 	EXP 	node4: fillColor = '#126DEF'
141.6452 	EXP 	unnamed Line: autoDraw = False
141.6452 	EXP 	unnamed ShapeStim: autoDraw = False
141.6452 	EXP 	unnamed Line: autoDraw = True
141.6452 	EXP 	unnamed ShapeStim: autoDraw = True
141.6452 	EXP 	unnamed Line: autoDraw = False
141.6452 	EXP 	unnamed ShapeStim: autoDraw = False
141.6452 	EXP 	unnamed Line: autoDraw = True
141.6452 	EXP 	unnamed ShapeStim: autoDraw = True
141.6452 	EXP 	unnamed Line: foreColor = <psychopy.colors.Color: (1.0, 0.58, -0.87, 1.0)>
141.6452 	EXP 	unnamed Line: borderColor = <psychopy.colors.Color: (1.0, 0.58, -0.87, 1.0)>
141.6452 	EXP 	unnamed Line: fillColor = <psychopy.colors.Color: (1.0, 0.58, -0.87, 1.0)>
141.6452 	EXP 	unnamed ShapeStim: foreColor = <psychopy.colors.Color: (1.0, 0.58, -0.87, 1.0)>
141.6452 	EXP 	unnamed ShapeStim: borderColor = <psychopy.colors.Color: (1.0, 0.58, -0.87, 1.0)>
141.6452 	EXP 	unnamed ShapeStim: fillColor = <psychopy.colors.Color: (1.0, 0.58, -0.87, 1.0)>
142.9362 	DATA 	Keypress: j
142.9418 	EXP 	node2: fillColor = '#126DEF'
142.9418 	EXP 	node4: fillColor = 'white'
143.6422 	EXP 	window1: mouseVisible = True
143.6438 	EXP 	Created unnamed TextStim = TextStim(__class__=<class 'psychopy.visual.text.TextStim'>, alignHoriz=method-wrapper(...), alignText='center', alignVert=method-wrapper(...), anchorHoriz='center', anchorVert='center', antialias=True, autoDraw=False, autoLog=True, bold=True, color=array([-0.88235294, -0.12156863, -0.97647059]), colorSpace='rgb', contrast=1.0, depth=0, draggable=False, flipHoriz=False, flipVert=False, font='', fontFiles=[], height=0.04, italic=False, languageStyle='LTR', name='unnamed TextStim', opacity=1.0, ori=0.0, pos=array([-0.2583712 ,  0.20539525]), rgb=UNKNOWN, text='+2', units='height', win=Window(...), wrapWidth=1)
143.6480 	EXP 	node2: fillColor = 'white'
143.6480 	EXP 	unnamed ImageStim: autoDraw = True
144.6556 	EXP 	unnamed ImageStim: autoDraw = False
144.6556 	EXP 	unnamed Rect: autoDraw = False
144.6556 	EXP 	unnamed Rect: autoDraw = True
144.8074 	EXP 	unnamed Rect: autoDraw = False
144.8074 	EXP 	node0: autoDraw = False
144.8074 	EXP 	node1: autoDraw = False
144.8074 	EXP 	node2: autoDraw = False
144.8074 	EXP 	unnamed ImageStim: autoDraw = False
144.8074 	EXP 	node3: autoDraw = False
144.8074 	EXP 	node4: autoDraw = False
144.8074 	EXP 	node5: autoDraw = False
144.8074 	EXP 	node6: autoDraw = False
144.8074 	EXP 	node7: autoDraw = False
144.8074 	EXP 	node8: autoDraw = False
144.8074 	EXP 	node9: autoDraw = False
144.8074 	EXP 	node10: autoDraw = False
144.8074 	EXP 	unnamed ImageStim: autoDraw = False
144.8074 	EXP 	unnamed Line: autoDraw = False
144.8074 	EXP 	unnamed ShapeStim: autoDraw = False
144.8074 	EXP 	unnamed Line: autoDraw = False
144.8074 	EXP 	unnamed ShapeStim: autoDraw = False
144.8074 	EXP 	unnamed Rect: autoDraw = False
144.8138 	INFO 	Mouse: using default window
144.8138 	EXP 	window1: mouseVisible = True
144.8139 	EXP 	window1: mouseVisible = True
144.8173 	EXP 	Created unnamed TextStim = TextStim(__class__=<class 'psychopy.visual.text.TextStim'>, alignHoriz=method-wrapper(...), alignText='center', alignVert=method-wrapper(...), anchorHoriz='center', anchorVert='center', antialias=True, autoDraw=False, autoLog=True, bold=False, color=array([1, 1, 1]), colorSpace='rgb', contrast=1.0, depth=0, draggable=False, flipHoriz=False, flipVert=False, font='', fontFiles=[], height=0.035, italic=False, languageStyle='LTR', name='unnamed TextStim', opacity=1.0, ori=0.0, pos=array([0., 0.]), rgb=UNKNOWN, text='press Space to start', units='height', win=Window(...), wrapWidth=1)
145.3363 	DATA 	Keypress: space
145.3369 	EXP 	window1: mouseVisible = True
145.3373 	EXP 	Created unnamed Rect = Rect(__class__=<class 'psychopy.visual.rect.Rect'>, anchor=('center', 'center'), autoDraw=False, autoLog=True, closeShape=True, color=method-wrapper(...), colorSpace='rgb', contrast=None, depth=0, draggable=False, fillColor=array([0.00392157, 0.00392157, 0.00392157]), fillColorSpace='rgb', fillRGB=array([0.00392157, 0.00392157, 0.00392157]), interpolate=True, lineColor=array([0, 0, 0]), lineColorSpace='rgb', lineRGB=array([0, 0, 0]), lineWidth=0, name='unnamed Rect', opacity=0.5, ori=0.0, pos=array([-0.65,  0.45]), size=array([0.1, 0.1]), units='height', vertices=ndarray(...), win=Window(...))
145.3384 	EXP 	window1: mouseVisible = True
145.3404 	EXP 	Created node0 = Circle(__class__=<class 'psychopy.visual.circle.Circle'>, anchor=('center', 'center'), autoDraw=False, autoLog=True, closeShape=True, color=method-wrapper(...), colorSpace='rgb', contrast=None, depth=0, draggable=False, fillColor=array([1, 1, 1]), fillColorSpace='rgb', fillRGB=array([1, 1, 1]), interpolate=True, lineColor=array([-1, -1, -1]), lineColorSpace='rgb', lineRGB=array([-1, -1, -1]), lineWidth=2, name='node0', opacity=1.0, ori=0.0, pos=array([0.  , 0.35]), size=array([1., 1.]), units='height', vertices=ndarray(...), win=Window(...))
145.3414 	EXP 	window1: mouseVisible = True
145.3434 	EXP 	Created node1 = Circle(__class__=<class 'psychopy.visual.circle.Circle'>, anchor=('center', 'center'), autoDraw=False, autoLog=True, closeShape=True, color=method-wrapper(...), colorSpace='rgb', contrast=None, depth=0, draggable=False, fillColor=array([1, 1, 1]), fillColorSpace='rgb', fillRGB=array([1, 1, 1]), interpolate=True, lineColor=array([-1, -1, -1]), lineColorSpace='rgb', lineRGB=array([-1, -1, -1]), lineWidth=2, name='node1', opacity=1.0, ori=0.0, pos=array([-0.18922429,  0.29443874]), size=array([1., 1.]), units='height', vertices=ndarray(...), win=Window(...))
145.3444 	EXP 	window1: mouseVisible = True
145.3463 	EXP 	Created node2 = Circle(__class__=<class 'psychopy.visual.circle.Circle'>, anchor=('center', 'center'), autoDraw=False, autoLog=True, closeShape=True, color=method-wrapper(...), colorSpace='rgb', contrast=None, depth=0, draggable=False, fillColor=array([1, 1, 1]), fillColorSpace='rgb', fillRGB=array([1, 1, 1]), interpolate=True, lineColor=array([-1, -1, -1]), lineColorSpace='rgb', lineRGB=array([-1, -1, -1]), lineWidth=2, name='node2', opacity=1.0, ori=0.0, pos=array([-0.3183712 ,  0.14539525]), size=array([1., 1.]), units='height', vertices=ndarray(...), win=Window(...))
145.3473 	EXP 	window1: mouseVisible = True
145.3492 	EXP 	Created node3 = Circle(__class__=<class 'psychopy.visual.circle.Circle'>, anchor=('center', 'center'), autoDraw=False, autoLog=True, closeShape=True, color=method-wrapper(...), colorSpace='rgb', contrast=None, depth=0, draggable=False, fillColor=array([1, 1, 1]), fillColorSpace='rgb', fillRGB=array([1, 1, 1]), interpolate=True, lineColor=array([-1, -1, -1]), lineColorSpace='rgb', lineRGB=array([-1, -1, -1]), lineWidth=2, name='node3', opacity=1.0, ori=0.0, pos=array([-0.3464375 , -0.04981019]), size=array([1., 1.]), units='height', vertices=ndarray(...), win=Window(...))
145.3502 	EXP 	window1: mouseVisible = True
145.3521 	EXP 	Created node4 = Circle(__class__=<class 'psychopy.visual.circle.Circle'>, anchor=('center', 'center'), autoDraw=False, autoLog=True, closeShape=True, color=method-wrapper(...), colorSpace='rgb', contrast=None, depth=0, draggable=False, fillColor=array([1, 1, 1]), fillColorSpace='rgb', fillRGB=array([1, 1, 1]), interpolate=True, lineColor=array([-1, -1, -1]), lineColorSpace='rgb', lineRGB=array([-1, -1, -1]), lineWidth=2, name='node4', opacity=1.0, ori=0.0, pos=array([-0.26451235, -0.22920126]), size=array([1., 1.]), units='height', vertices=ndarray(...), win=Window(...))
145.3521 	EXP 	window1: mouseVisible = True
145.3702 	EXP 	Created unnamed ImageStim = ImageStim(__class__=<class 'psychopy.visual.image.ImageStim'>, anchor=('center', 'center'), autoLog=True, color=array([1., 1., 1.]), colorSpace='rgb', contrast=1.0, depth=0, draggable=False, flipHoriz=False, flipVert=False, image='images/pattern_7.png', interpolate=False, mask=None, maskParams=None, name='unnamed ImageStim', opacity=1.0, ori=0.0, pos=array([-0.26451235, -0.22920126]), size=array([0.12, 0.12]), texRes=128, units='height', win=Window(...))
145.3712 	EXP 	window1: mouseVisible = True
145.3732 	EXP 	Created node5 = Circle(__class__=<class 'psychopy.visual.circle.Circle'>, anchor=('center', 'center'), autoDraw=False, autoLog=True, closeShape=True, color=method-wrapper(...), colorSpace='rgb', contrast=None, depth=0, draggable=False, fillColor=array([1, 1, 1]), fillColorSpace='rgb', fillRGB=array([1, 1, 1]), interpolate=True, lineColor=array([-1, -1, -1]), lineColorSpace='rgb', lineRGB=array([-1, -1, -1]), lineWidth=2, name='node5', opacity=1.0, ori=0.0, pos=array([-0.09860639, -0.33582254]), size=array([1., 1.]), units='height', vertices=ndarray(...), win=Window(...))
145.3742 	EXP 	window1: mouseVisible = True
145.3761 	EXP 	Created node6 = Circle(__class__=<class 'psychopy.visual.circle.Circle'>, anchor=('center', 'center'), autoDraw=False, autoLog=True, closeShape=True, color=method-wrapper(...), colorSpace='rgb', contrast=None, depth=0, draggable=False, fillColor=array([1, 1, 1]), fillColorSpace='rgb', fillRGB=array([1, 1, 1]), interpolate=True, lineColor=array([-1, -1, -1]), lineColorSpace='rgb', lineRGB=array([-1, -1, -1]), lineWidth=2, name='node6', opacity=1.0, ori=0.0, pos=array([ 0.09860639, -0.33582254]), size=array([1., 1.]), units='height', vertices=ndarray(...), win=Window(...))
145.3771 	EXP 	window1: mouseVisible = True
145.3789 	EXP 	Created node7 = Circle(__class__=<class 'psychopy.visual.circle.Circle'>, anchor=('center', 'center'), autoDraw=False, autoLog=True, closeShape=True, color=method-wrapper(...), colorSpace='rgb', contrast=None, depth=0, draggable=False, fillColor=array([1, 1, 1]), fillColorSpace='rgb', fillRGB=array([1, 1, 1]), interpolate=True, lineColor=array([-1, -1, -1]), lineColorSpace='rgb', lineRGB=array([-1, -1, -1]), lineWidth=2, name='node7', opacity=1.0, ori=0.0, pos=array([ 0.26451235, -0.22920126]), size=array([1., 1.]), units='height', vertices=ndarray(...), win=Window(...))
145.3799 	EXP 	window1: mouseVisible = True
145.3818 	EXP 	Created node8 = Circle(__class__=<class 'psychopy.visual.circle.Circle'>, anchor=('center', 'center'), autoDraw=False, autoLog=True, closeShape=True, color=method-wrapper(...), colorSpace='rgb', contrast=None, depth=0, draggable=False, fillColor=array([1, 1, 1]), fillColorSpace='rgb', fillRGB=array([1, 1, 1]), interpolate=True, lineColor=array([-1, -1, -1]), lineColorSpace='rgb', lineRGB=array([-1, -1, -1]), lineWidth=2, name='node8', opacity=1.0, ori=0.0, pos=array([ 0.3464375 , -0.04981019]), size=array([1., 1.]), units='height', vertices=ndarray(...), win=Window(...))
145.3828 	EXP 	window1: mouseVisible = True
145.3846 	EXP 	Created node9 = Circle(__class__=<class 'psychopy.visual.circle.Circle'>, anchor=('center', 'center'), autoDraw=False, autoLog=True, closeShape=True, color=method-wrapper(...), colorSpace='rgb', contrast=None, depth=0, draggable=False, fillColor=array([1, 1, 1]), fillColorSpace='rgb', fillRGB=array([1, 1, 1]), interpolate=True, lineColor=array([-1, -1, -1]), lineColorSpace='rgb', lineRGB=array([-1, -1, -1]), lineWidth=2, name='node9', opacity=1.0, ori=0.0, pos=array([0.3183712 , 0.14539525]), size=array([1., 1.]), units='height', vertices=ndarray(...), win=Window(...))
145.3846 	EXP 	window1: mouseVisible = True
145.4017 	EXP 	Created unnamed ImageStim = ImageStim(__class__=<class 'psychopy.visual.image.ImageStim'>, anchor=('center', 'center'), autoLog=True, color=array([1., 1., 1.]), colorSpace='rgb', contrast=1.0, depth=0, draggable=False, flipHoriz=False, flipVert=False, image='images/pattern_5.png', interpolate=False, mask=None, maskParams=None, name='unnamed ImageStim', opacity=1.0, ori=0.0, pos=array([0.3183712 , 0.14539525]), size=array([0.12, 0.12]), texRes=128, units='height', win=Window(...))
145.4027 	EXP 	window1: mouseVisible = True
145.4046 	EXP 	Created node10 = Circle(__class__=<class 'psychopy.visual.circle.Circle'>, anchor=('center', 'center'), autoDraw=False, autoLog=True, closeShape=True, color=method-wrapper(...), colorSpace='rgb', contrast=None, depth=0, draggable=False, fillColor=array([1, 1, 1]), fillColorSpace='rgb', fillRGB=array([1, 1, 1]), interpolate=True, lineColor=array([-1, -1, -1]), lineColorSpace='rgb', lineRGB=array([-1, -1, -1]), lineWidth=2, name='node10', opacity=1.0, ori=0.0, pos=array([0.18922429, 0.29443874]), size=array([1., 1.]), units='height', vertices=ndarray(...), win=Window(...))
145.4047 	EXP 	window1: mouseVisible = True
145.4051 	EXP 	Created unnamed Line = Line(__class__=<class 'psychopy.visual.line.Line'>, anchor=('center', 'center'), autoDraw=False, autoLog=True, closeShape=False, color=array([-1, -1, -1]), colorSpace='rgb', contrast=None, depth=2, draggable=False, fillColor=array([0, 0, 0]), fillColorSpace='rgb', fillRGB=array([0, 0, 0]), interpolate=True, lineColor=array([-1, -1, -1]), lineColorSpace='rgb', lineRGB=array([-1, -1, -1]), lineWidth=4, name='unnamed Line', opacity=0.5, ori=0.0, pos=array([0., 0.]), size=array([1., 1.]), units='height', vertices=ndarray(...), win=Window(...), windingRule=None)
145.4052 	EXP 	window1: mouseVisible = True
145.4055 	EXP 	Created unnamed ShapeStim = ShapeStim(__class__=<class 'psychopy.visual.shape.ShapeStim'>, anchor=('center', 'center'), autoDraw=False, autoLog=True, closeShape=True, color=method-wrapper(...), colorSpace='rgb', contrast=None, depth=0, draggable=False, fillColor=array([-1, -1, -1]), fillColorSpace='rgb', fillRGB=array([-1, -1, -1]), interpolate=True, lineColor=array([-1, -1, -1]), lineColorSpace='rgb', lineRGB=array([-1, -1, -1]), lineWidth=1.5, name='unnamed ShapeStim', opacity=1.0, ori=122.72727272727275, pos=array([0.27630852, 0.1724273 ]), size=array([1., 1.]), units='height', vertices=ndarray(...), win=Window(...), windingRule=None)
145.4056 	EXP 	window1: mouseVisible = True
145.4060 	EXP 	Created unnamed Line = Line(__class__=<class 'psychopy.visual.line.Line'>, anchor=('center', 'center'), autoDraw=False, autoLog=True, closeShape=False, color=array([-1, -1, -1]), colorSpace='rgb', contrast=None, depth=2, draggable=False, fillColor=array([0, 0, 0]), fillColorSpace='rgb', fillRGB=array([0, 0, 0]), interpolate=True, lineColor=array([-1, -1, -1]), lineColorSpace='rgb', lineRGB=array([-1, -1, -1]), lineWidth=4, name='unnamed Line', opacity=0.5, ori=0.0, pos=array([0., 0.]), size=array([1., 1.]), units='height', vertices=ndarray(...), win=Window(...), windingRule=None)
145.4060 	EXP 	window1: mouseVisible = True
145.4064 	EXP 	Created unnamed ShapeStim = ShapeStim(__class__=<class 'psychopy.visual.shape.ShapeStim'>, anchor=('center', 'center'), autoDraw=False, autoLog=True, closeShape=True, color=method-wrapper(...), colorSpace='rgb', contrast=None, depth=0, draggable=False, fillColor=array([-1, -1, -1]), fillColorSpace='rgb', fillRGB=array([-1, -1, -1]), interpolate=True, lineColor=array([-1, -1, -1]), lineColorSpace='rgb', lineRGB=array([-1, -1, -1]), lineWidth=1.5, name='unnamed ShapeStim', opacity=1.0, ori=204.54545454545456, pos=array([-0.2437416 , -0.18371966]), size=array([1., 1.]), units='height', vertices=ndarray(...), win=Window(...), windingRule=None)
145.4064 	EXP 	window1: mouseVisible = True
145.4068 	EXP 	Created unnamed Rect = Rect(__class__=<class 'psychopy.visual.rect.Rect'>, anchor=('center', 'center'), autoDraw=False, autoLog=True, closeShape=True, color=method-wrapper(...), colorSpace='rgb', contrast=None, depth=0, draggable=False, fillColor=array([0.00392157, 0.00392157, 0.00392157]), fillColorSpace='rgb', fillRGB=array([0.00392157, 0.00392157, 0.00392157]), interpolate=True, lineColor=array([0, 0, 0]), lineColorSpace='rgb', lineRGB=array([0, 0, 0]), lineWidth=0, name='unnamed Rect', opacity=0.0, ori=0.0, pos=array([0.1, 0. ]), size=array([1.1, 1. ]), units='height', vertices=ndarray(...), win=Window(...))
145.4109 	EXP 	unnamed Rect: autoDraw = True
145.4109 	EXP 	node0: autoDraw = True
145.4109 	EXP 	node1: autoDraw = True
145.4109 	EXP 	node2: autoDraw = True
145.4109 	EXP 	node3: autoDraw = True
145.4109 	EXP 	node4: autoDraw = True
145.4109 	EXP 	unnamed ImageStim: autoDraw = True
145.4109 	EXP 	node5: autoDraw = True
145.4109 	EXP 	node6: autoDraw = True
145.4109 	EXP 	node7: autoDraw = True
145.4109 	EXP 	node8: autoDraw = True
145.4109 	EXP 	node9: autoDraw = True
145.4109 	EXP 	unnamed ImageStim: autoDraw = True
145.4109 	EXP 	node10: autoDraw = True
145.4109 	EXP 	unnamed Line: autoDraw = True
145.4109 	EXP 	unnamed Line: autoDraw = True
145.4109 	EXP 	unnamed ShapeStim: autoDraw = True
145.4109 	EXP 	unnamed Line: autoDraw = True
145.4109 	EXP 	unnamed Line: autoDraw = True
145.4109 	EXP 	unnamed ShapeStim: autoDraw = True
145.4109 	EXP 	unnamed Rect: autoDraw = True
145.4109 	EXP 	node0: fillColor = '#126DEF'
145.4144 	EXP 	node0: fillColor = '#126DEF'
145.4144 	EXP 	unnamed Line: autoDraw = False
145.4144 	EXP 	unnamed ShapeStim: autoDraw = False
145.4144 	EXP 	unnamed Line: autoDraw = True
145.4144 	EXP 	unnamed ShapeStim: autoDraw = True
145.4144 	EXP 	unnamed Line: autoDraw = False
145.4144 	EXP 	unnamed ShapeStim: autoDraw = False
145.4144 	EXP 	unnamed Line: autoDraw = True
145.4144 	EXP 	unnamed ShapeStim: autoDraw = True
145.4144 	EXP 	unnamed Line: foreColor = <psychopy.colors.Color: (1.0, 0.58, -0.87, 1.0)>
145.4144 	EXP 	unnamed Line: borderColor = <psychopy.colors.Color: (1.0, 0.58, -0.87, 1.0)>
145.4144 	EXP 	unnamed Line: fillColor = <psychopy.colors.Color: (1.0, 0.58, -0.87, 1.0)>
145.4144 	EXP 	unnamed ShapeStim: foreColor = <psychopy.colors.Color: (1.0, 0.58, -0.87, 1.0)>
145.4144 	EXP 	unnamed ShapeStim: borderColor = <psychopy.colors.Color: (1.0, 0.58, -0.87, 1.0)>
145.4144 	EXP 	unnamed ShapeStim: fillColor = <psychopy.colors.Color: (1.0, 0.58, -0.87, 1.0)>
146.8881 	DATA 	Keypress: f
146.8996 	EXP 	unnamed Line: foreColor = <psychopy.colors.Color: black, alpha=1.0>
146.8996 	EXP 	unnamed Line: borderColor = <psychopy.colors.Color: black, alpha=1.0>
146.8996 	EXP 	unnamed Line: fillColor = <psychopy.colors.Color: black, alpha=1.0>
146.8996 	EXP 	unnamed ShapeStim: foreColor = <psychopy.colors.Color: black, alpha=1.0>
146.8996 	EXP 	unnamed ShapeStim: borderColor = <psychopy.colors.Color: black, alpha=1.0>
146.8996 	EXP 	unnamed ShapeStim: fillColor = <psychopy.colors.Color: black, alpha=1.0>
146.8996 	EXP 	unnamed Line: foreColor = <psychopy.colors.Color: (1.0, 0.58, -0.87, 1.0)>
146.8996 	EXP 	unnamed Line: borderColor = <psychopy.colors.Color: (1.0, 0.58, -0.87, 1.0)>
146.8996 	EXP 	unnamed Line: fillColor = <psychopy.colors.Color: (1.0, 0.58, -0.87, 1.0)>
146.8996 	EXP 	unnamed ShapeStim: foreColor = <psychopy.colors.Color: (1.0, 0.58, -0.87, 1.0)>
146.8996 	EXP 	unnamed ShapeStim: borderColor = <psychopy.colors.Color: (1.0, 0.58, -0.87, 1.0)>
146.8996 	EXP 	unnamed ShapeStim: fillColor = <psychopy.colors.Color: (1.0, 0.58, -0.87, 1.0)>
147.1436 	DATA 	Keypress: j
147.1466 	EXP 	node4: fillColor = '#126DEF'
147.1466 	EXP 	node0: fillColor = 'white'
147.8468 	EXP 	window1: mouseVisible = True
147.8485 	EXP 	Created unnamed TextStim = TextStim(__class__=<class 'psychopy.visual.text.TextStim'>, alignHoriz=method-wrapper(...), alignText='center', alignVert=method-wrapper(...), anchorHoriz='center', anchorVert='center', antialias=True, autoDraw=False, autoLog=True, bold=True, color=array([-0.88235294, -0.12156863, -0.97647059]), colorSpace='rgb', contrast=1.0, depth=0, draggable=False, flipHoriz=False, flipVert=False, font='', fontFiles=[], height=0.04, italic=False, languageStyle='LTR', name='unnamed TextStim', opacity=1.0, ori=0.0, pos=array([-0.20451235, -0.16920126]), rgb=UNKNOWN, text='+2', units='height', win=Window(...), wrapWidth=1)
147.8515 	EXP 	node4: fillColor = 'white'
147.8515 	EXP 	unnamed ImageStim: autoDraw = True
148.8609 	EXP 	unnamed ImageStim: autoDraw = False
148.8609 	EXP 	unnamed Rect: autoDraw = False
148.8609 	EXP 	unnamed Rect: autoDraw = True
149.0250 	EXP 	unnamed Rect: autoDraw = False
149.0250 	EXP 	node0: autoDraw = False
149.0250 	EXP 	node1: autoDraw = False
149.0250 	EXP 	node2: autoDraw = False
149.0250 	EXP 	node3: autoDraw = False
149.0250 	EXP 	node4: autoDraw = False
149.0250 	EXP 	unnamed ImageStim: autoDraw = False
149.0250 	EXP 	node5: autoDraw = False
149.0250 	EXP 	node6: autoDraw = False
149.0250 	EXP 	node7: autoDraw = False
149.0250 	EXP 	node8: autoDraw = False
149.0250 	EXP 	node9: autoDraw = False
149.0250 	EXP 	unnamed ImageStim: autoDraw = False
149.0250 	EXP 	node10: autoDraw = False
149.0250 	EXP 	unnamed Line: autoDraw = False
149.0250 	EXP 	unnamed ShapeStim: autoDraw = False
149.0250 	EXP 	unnamed Line: autoDraw = False
149.0250 	EXP 	unnamed ShapeStim: autoDraw = False
149.0250 	EXP 	unnamed Rect: autoDraw = False
149.0344 	INFO 	Mouse: using default window
149.0345 	EXP 	window1: mouseVisible = True
149.0346 	EXP 	window1: mouseVisible = True
149.0394 	EXP 	Created unnamed TextStim = TextStim(__class__=<class 'psychopy.visual.text.TextStim'>, alignHoriz=method-wrapper(...), alignText='center', alignVert=method-wrapper(...), anchorHoriz='center', anchorVert='center', antialias=True, autoDraw=False, autoLog=True, bold=False, color=array([1, 1, 1]), colorSpace='rgb', contrast=1.0, depth=0, draggable=False, flipHoriz=False, flipVert=False, font='', fontFiles=[], height=0.035, italic=False, languageStyle='LTR', name='unnamed TextStim', opacity=1.0, ori=0.0, pos=array([0., 0.]), rgb=UNKNOWN, text='press Space to start', units='height', win=Window(...), wrapWidth=1)
149.8241 	DATA 	Keypress: space
149.8247 	EXP 	window1: mouseVisible = True
149.8251 	EXP 	Created unnamed Rect = Rect(__class__=<class 'psychopy.visual.rect.Rect'>, anchor=('center', 'center'), autoDraw=False, autoLog=True, closeShape=True, color=method-wrapper(...), colorSpace='rgb', contrast=None, depth=0, draggable=False, fillColor=array([0.00392157, 0.00392157, 0.00392157]), fillColorSpace='rgb', fillRGB=array([0.00392157, 0.00392157, 0.00392157]), interpolate=True, lineColor=array([0, 0, 0]), lineColorSpace='rgb', lineRGB=array([0, 0, 0]), lineWidth=0, name='unnamed Rect', opacity=0.5, ori=0.0, pos=array([-0.65,  0.45]), size=array([0.1, 0.1]), units='height', vertices=ndarray(...), win=Window(...))
149.8262 	EXP 	window1: mouseVisible = True
149.8281 	EXP 	Created node0 = Circle(__class__=<class 'psychopy.visual.circle.Circle'>, anchor=('center', 'center'), autoDraw=False, autoLog=True, closeShape=True, color=method-wrapper(...), colorSpace='rgb', contrast=None, depth=0, draggable=False, fillColor=array([1, 1, 1]), fillColorSpace='rgb', fillRGB=array([1, 1, 1]), interpolate=True, lineColor=array([-1, -1, -1]), lineColorSpace='rgb', lineRGB=array([-1, -1, -1]), lineWidth=2, name='node0', opacity=1.0, ori=0.0, pos=array([0.  , 0.35]), size=array([1., 1.]), units='height', vertices=ndarray(...), win=Window(...))
149.8291 	EXP 	window1: mouseVisible = True
149.8311 	EXP 	Created node1 = Circle(__class__=<class 'psychopy.visual.circle.Circle'>, anchor=('center', 'center'), autoDraw=False, autoLog=True, closeShape=True, color=method-wrapper(...), colorSpace='rgb', contrast=None, depth=0, draggable=False, fillColor=array([1, 1, 1]), fillColorSpace='rgb', fillRGB=array([1, 1, 1]), interpolate=True, lineColor=array([-1, -1, -1]), lineColorSpace='rgb', lineRGB=array([-1, -1, -1]), lineWidth=2, name='node1', opacity=1.0, ori=0.0, pos=array([-0.18922429,  0.29443874]), size=array([1., 1.]), units='height', vertices=ndarray(...), win=Window(...))
149.8321 	EXP 	window1: mouseVisible = True
149.8340 	EXP 	Created node2 = Circle(__class__=<class 'psychopy.visual.circle.Circle'>, anchor=('center', 'center'), autoDraw=False, autoLog=True, closeShape=True, color=method-wrapper(...), colorSpace='rgb', contrast=None, depth=0, draggable=False, fillColor=array([1, 1, 1]), fillColorSpace='rgb', fillRGB=array([1, 1, 1]), interpolate=True, lineColor=array([-1, -1, -1]), lineColorSpace='rgb', lineRGB=array([-1, -1, -1]), lineWidth=2, name='node2', opacity=1.0, ori=0.0, pos=array([-0.3183712 ,  0.14539525]), size=array([1., 1.]), units='height', vertices=ndarray(...), win=Window(...))
149.8350 	EXP 	window1: mouseVisible = True
149.8369 	EXP 	Created node3 = Circle(__class__=<class 'psychopy.visual.circle.Circle'>, anchor=('center', 'center'), autoDraw=False, autoLog=True, closeShape=True, color=method-wrapper(...), colorSpace='rgb', contrast=None, depth=0, draggable=False, fillColor=array([1, 1, 1]), fillColorSpace='rgb', fillRGB=array([1, 1, 1]), interpolate=True, lineColor=array([-1, -1, -1]), lineColorSpace='rgb', lineRGB=array([-1, -1, -1]), lineWidth=2, name='node3', opacity=1.0, ori=0.0, pos=array([-0.3464375 , -0.04981019]), size=array([1., 1.]), units='height', vertices=ndarray(...), win=Window(...))
149.8369 	EXP 	window1: mouseVisible = True
149.8557 	EXP 	Created unnamed ImageStim = ImageStim(__class__=<class 'psychopy.visual.image.ImageStim'>, anchor=('center', 'center'), autoLog=True, color=array([1., 1., 1.]), colorSpace='rgb', contrast=1.0, depth=0, draggable=False, flipHoriz=False, flipVert=False, image='images/pattern_8.png', interpolate=False, mask=None, maskParams=None, name='unnamed ImageStim', opacity=1.0, ori=0.0, pos=array([-0.3464375 , -0.04981019]), size=array([0.12, 0.12]), texRes=128, units='height', win=Window(...))
149.8567 	EXP 	window1: mouseVisible = True
149.8586 	EXP 	Created node4 = Circle(__class__=<class 'psychopy.visual.circle.Circle'>, anchor=('center', 'center'), autoDraw=False, autoLog=True, closeShape=True, color=method-wrapper(...), colorSpace='rgb', contrast=None, depth=0, draggable=False, fillColor=array([1, 1, 1]), fillColorSpace='rgb', fillRGB=array([1, 1, 1]), interpolate=True, lineColor=array([-1, -1, -1]), lineColorSpace='rgb', lineRGB=array([-1, -1, -1]), lineWidth=2, name='node4', opacity=1.0, ori=0.0, pos=array([-0.26451235, -0.22920126]), size=array([1., 1.]), units='height', vertices=ndarray(...), win=Window(...))
149.8597 	EXP 	window1: mouseVisible = True
149.8615 	EXP 	Created node5 = Circle(__class__=<class 'psychopy.visual.circle.Circle'>, anchor=('center', 'center'), autoDraw=False, autoLog=True, closeShape=True, color=method-wrapper(...), colorSpace='rgb', contrast=None, depth=0, draggable=False, fillColor=array([1, 1, 1]), fillColorSpace='rgb', fillRGB=array([1, 1, 1]), interpolate=True, lineColor=array([-1, -1, -1]), lineColorSpace='rgb', lineRGB=array([-1, -1, -1]), lineWidth=2, name='node5', opacity=1.0, ori=0.0, pos=array([-0.09860639, -0.33582254]), size=array([1., 1.]), units='height', vertices=ndarray(...), win=Window(...))
149.8625 	EXP 	window1: mouseVisible = True
149.8644 	EXP 	Created node6 = Circle(__class__=<class 'psychopy.visual.circle.Circle'>, anchor=('center', 'center'), autoDraw=False, autoLog=True, closeShape=True, color=method-wrapper(...), colorSpace='rgb', contrast=None, depth=0, draggable=False, fillColor=array([1, 1, 1]), fillColorSpace='rgb', fillRGB=array([1, 1, 1]), interpolate=True, lineColor=array([-1, -1, -1]), lineColorSpace='rgb', lineRGB=array([-1, -1, -1]), lineWidth=2, name='node6', opacity=1.0, ori=0.0, pos=array([ 0.09860639, -0.33582254]), size=array([1., 1.]), units='height', vertices=ndarray(...), win=Window(...))
149.8654 	EXP 	window1: mouseVisible = True
149.8673 	EXP 	Created node7 = Circle(__class__=<class 'psychopy.visual.circle.Circle'>, anchor=('center', 'center'), autoDraw=False, autoLog=True, closeShape=True, color=method-wrapper(...), colorSpace='rgb', contrast=None, depth=0, draggable=False, fillColor=array([1, 1, 1]), fillColorSpace='rgb', fillRGB=array([1, 1, 1]), interpolate=True, lineColor=array([-1, -1, -1]), lineColorSpace='rgb', lineRGB=array([-1, -1, -1]), lineWidth=2, name='node7', opacity=1.0, ori=0.0, pos=array([ 0.26451235, -0.22920126]), size=array([1., 1.]), units='height', vertices=ndarray(...), win=Window(...))
149.8683 	EXP 	window1: mouseVisible = True
149.8701 	EXP 	Created node8 = Circle(__class__=<class 'psychopy.visual.circle.Circle'>, anchor=('center', 'center'), autoDraw=False, autoLog=True, closeShape=True, color=method-wrapper(...), colorSpace='rgb', contrast=None, depth=0, draggable=False, fillColor=array([1, 1, 1]), fillColorSpace='rgb', fillRGB=array([1, 1, 1]), interpolate=True, lineColor=array([-1, -1, -1]), lineColorSpace='rgb', lineRGB=array([-1, -1, -1]), lineWidth=2, name='node8', opacity=1.0, ori=0.0, pos=array([ 0.3464375 , -0.04981019]), size=array([1., 1.]), units='height', vertices=ndarray(...), win=Window(...))
149.8711 	EXP 	window1: mouseVisible = True
149.8729 	EXP 	Created node9 = Circle(__class__=<class 'psychopy.visual.circle.Circle'>, anchor=('center', 'center'), autoDraw=False, autoLog=True, closeShape=True, color=method-wrapper(...), colorSpace='rgb', contrast=None, depth=0, draggable=False, fillColor=array([1, 1, 1]), fillColorSpace='rgb', fillRGB=array([1, 1, 1]), interpolate=True, lineColor=array([-1, -1, -1]), lineColorSpace='rgb', lineRGB=array([-1, -1, -1]), lineWidth=2, name='node9', opacity=1.0, ori=0.0, pos=array([0.3183712 , 0.14539525]), size=array([1., 1.]), units='height', vertices=ndarray(...), win=Window(...))
149.8730 	EXP 	window1: mouseVisible = True
149.8900 	EXP 	Created unnamed ImageStim = ImageStim(__class__=<class 'psychopy.visual.image.ImageStim'>, anchor=('center', 'center'), autoLog=True, color=array([1., 1., 1.]), colorSpace='rgb', contrast=1.0, depth=0, draggable=False, flipHoriz=False, flipVert=False, image='images/pattern_5.png', interpolate=False, mask=None, maskParams=None, name='unnamed ImageStim', opacity=1.0, ori=0.0, pos=array([0.3183712 , 0.14539525]), size=array([0.12, 0.12]), texRes=128, units='height', win=Window(...))
149.8910 	EXP 	window1: mouseVisible = True
149.8929 	EXP 	Created node10 = Circle(__class__=<class 'psychopy.visual.circle.Circle'>, anchor=('center', 'center'), autoDraw=False, autoLog=True, closeShape=True, color=method-wrapper(...), colorSpace='rgb', contrast=None, depth=0, draggable=False, fillColor=array([1, 1, 1]), fillColorSpace='rgb', fillRGB=array([1, 1, 1]), interpolate=True, lineColor=array([-1, -1, -1]), lineColorSpace='rgb', lineRGB=array([-1, -1, -1]), lineWidth=2, name='node10', opacity=1.0, ori=0.0, pos=array([0.18922429, 0.29443874]), size=array([1., 1.]), units='height', vertices=ndarray(...), win=Window(...))
149.8930 	EXP 	window1: mouseVisible = True
149.8934 	EXP 	Created unnamed Line = Line(__class__=<class 'psychopy.visual.line.Line'>, anchor=('center', 'center'), autoDraw=False, autoLog=True, closeShape=False, color=array([-1, -1, -1]), colorSpace='rgb', contrast=None, depth=2, draggable=False, fillColor=array([0, 0, 0]), fillColorSpace='rgb', fillRGB=array([0, 0, 0]), interpolate=True, lineColor=array([-1, -1, -1]), lineColorSpace='rgb', lineRGB=array([-1, -1, -1]), lineWidth=4, name='unnamed Line', opacity=0.5, ori=0.0, pos=array([0., 0.]), size=array([1., 1.]), units='height', vertices=ndarray(...), win=Window(...), windingRule=None)
149.8935 	EXP 	window1: mouseVisible = True
149.8939 	EXP 	Created unnamed ShapeStim = ShapeStim(__class__=<class 'psychopy.visual.shape.ShapeStim'>, anchor=('center', 'center'), autoDraw=False, autoLog=True, closeShape=True, color=method-wrapper(...), colorSpace='rgb', contrast=None, depth=0, draggable=False, fillColor=array([-1, -1, -1]), fillColorSpace='rgb', fillRGB=array([-1, -1, -1]), interpolate=True, lineColor=array([-1, -1, -1]), lineColorSpace='rgb', lineRGB=array([-1, -1, -1]), lineWidth=1.5, name='unnamed ShapeStim', opacity=1.0, ori=139.09090909090912, pos=array([0.28562816, 0.18318273]), size=array([1., 1.]), units='height', vertices=ndarray(...), win=Window(...), windingRule=None)
149.8939 	EXP 	window1: mouseVisible = True
149.8943 	EXP 	Created unnamed Line = Line(__class__=<class 'psychopy.visual.line.Line'>, anchor=('center', 'center'), autoDraw=False, autoLog=True, closeShape=False, color=array([-1, -1, -1]), colorSpace='rgb', contrast=None, depth=2, draggable=False, fillColor=array([0, 0, 0]), fillColorSpace='rgb', fillRGB=array([0, 0, 0]), interpolate=True, lineColor=array([-1, -1, -1]), lineColorSpace='rgb', lineRGB=array([-1, -1, -1]), lineWidth=4, name='unnamed Line', opacity=0.5, ori=0.0, pos=array([0., 0.]), size=array([1., 1.]), units='height', vertices=ndarray(...), win=Window(...), windingRule=None)
149.8943 	EXP 	window1: mouseVisible = True
149.8947 	EXP 	Created unnamed ShapeStim = ShapeStim(__class__=<class 'psychopy.visual.shape.ShapeStim'>, anchor=('center', 'center'), autoDraw=False, autoLog=True, closeShape=True, color=method-wrapper(...), colorSpace='rgb', contrast=None, depth=0, draggable=False, fillColor=array([-1, -1, -1]), fillColorSpace='rgb', fillRGB=array([-1, -1, -1]), interpolate=True, lineColor=array([-1, -1, -1]), lineColorSpace='rgb', lineRGB=array([-1, -1, -1]), lineWidth=1.5, name='unnamed ShapeStim', opacity=1.0, ori=237.27272727272728, pos=array([-0.30437483, -0.02277815]), size=array([1., 1.]), units='height', vertices=ndarray(...), win=Window(...), windingRule=None)
149.8948 	EXP 	window1: mouseVisible = True
149.8951 	EXP 	Created unnamed Rect = Rect(__class__=<class 'psychopy.visual.rect.Rect'>, anchor=('center', 'center'), autoDraw=False, autoLog=True, closeShape=True, color=method-wrapper(...), colorSpace='rgb', contrast=None, depth=0, draggable=False, fillColor=array([0.00392157, 0.00392157, 0.00392157]), fillColorSpace='rgb', fillRGB=array([0.00392157, 0.00392157, 0.00392157]), interpolate=True, lineColor=array([0, 0, 0]), lineColorSpace='rgb', lineRGB=array([0, 0, 0]), lineWidth=0, name='unnamed Rect', opacity=0.0, ori=0.0, pos=array([0.1, 0. ]), size=array([1.1, 1. ]), units='height', vertices=ndarray(...), win=Window(...))
149.8992 	EXP 	unnamed Rect: autoDraw = True
149.8992 	EXP 	node0: autoDraw = True
149.8992 	EXP 	node1: autoDraw = True
149.8992 	EXP 	node2: autoDraw = True
149.8992 	EXP 	node3: autoDraw = True
149.8992 	EXP 	unnamed ImageStim: autoDraw = True
149.8992 	EXP 	node4: autoDraw = True
149.8992 	EXP 	node5: autoDraw = True
149.8992 	EXP 	node6: autoDraw = True
149.8992 	EXP 	node7: autoDraw = True
149.8992 	EXP 	node8: autoDraw = True
149.8992 	EXP 	node9: autoDraw = True
149.8992 	EXP 	unnamed ImageStim: autoDraw = True
149.8992 	EXP 	node10: autoDraw = True
149.8992 	EXP 	unnamed Line: autoDraw = True
149.8992 	EXP 	unnamed Line: autoDraw = True
149.8992 	EXP 	unnamed ShapeStim: autoDraw = True
149.8992 	EXP 	unnamed Line: autoDraw = True
149.8992 	EXP 	unnamed Line: autoDraw = True
149.8992 	EXP 	unnamed ShapeStim: autoDraw = True
149.8992 	EXP 	unnamed Rect: autoDraw = True
149.8992 	EXP 	node10: fillColor = '#126DEF'
149.9082 	EXP 	node10: fillColor = '#126DEF'
149.9082 	EXP 	unnamed Line: autoDraw = False
149.9082 	EXP 	unnamed ShapeStim: autoDraw = False
149.9082 	EXP 	unnamed Line: autoDraw = True
149.9082 	EXP 	unnamed ShapeStim: autoDraw = True
149.9082 	EXP 	unnamed Line: autoDraw = False
149.9082 	EXP 	unnamed ShapeStim: autoDraw = False
149.9082 	EXP 	unnamed Line: autoDraw = True
149.9082 	EXP 	unnamed ShapeStim: autoDraw = True
149.9082 	EXP 	unnamed Line: foreColor = <psychopy.colors.Color: (1.0, 0.58, -0.87, 1.0)>
149.9082 	EXP 	unnamed Line: borderColor = <psychopy.colors.Color: (1.0, 0.58, -0.87, 1.0)>
149.9082 	EXP 	unnamed Line: fillColor = <psychopy.colors.Color: (1.0, 0.58, -0.87, 1.0)>
149.9082 	EXP 	unnamed ShapeStim: foreColor = <psychopy.colors.Color: (1.0, 0.58, -0.87, 1.0)>
149.9082 	EXP 	unnamed ShapeStim: borderColor = <psychopy.colors.Color: (1.0, 0.58, -0.87, 1.0)>
149.9082 	EXP 	unnamed ShapeStim: fillColor = <psychopy.colors.Color: (1.0, 0.58, -0.87, 1.0)>
151.3603 	DATA 	Keypress: f
151.3663 	EXP 	unnamed Line: foreColor = <psychopy.colors.Color: black, alpha=1.0>
151.3663 	EXP 	unnamed Line: borderColor = <psychopy.colors.Color: black, alpha=1.0>
151.3663 	EXP 	unnamed Line: fillColor = <psychopy.colors.Color: black, alpha=1.0>
151.3663 	EXP 	unnamed ShapeStim: foreColor = <psychopy.colors.Color: black, alpha=1.0>
151.3663 	EXP 	unnamed ShapeStim: borderColor = <psychopy.colors.Color: black, alpha=1.0>
151.3663 	EXP 	unnamed ShapeStim: fillColor = <psychopy.colors.Color: black, alpha=1.0>
151.3663 	EXP 	unnamed Line: foreColor = <psychopy.colors.Color: (1.0, 0.58, -0.87, 1.0)>
151.3663 	EXP 	unnamed Line: borderColor = <psychopy.colors.Color: (1.0, 0.58, -0.87, 1.0)>
151.3663 	EXP 	unnamed Line: fillColor = <psychopy.colors.Color: (1.0, 0.58, -0.87, 1.0)>
151.3663 	EXP 	unnamed ShapeStim: foreColor = <psychopy.colors.Color: (1.0, 0.58, -0.87, 1.0)>
151.3663 	EXP 	unnamed ShapeStim: borderColor = <psychopy.colors.Color: (1.0, 0.58, -0.87, 1.0)>
151.3663 	EXP 	unnamed ShapeStim: fillColor = <psychopy.colors.Color: (1.0, 0.58, -0.87, 1.0)>
151.6238 	DATA 	Keypress: f
151.6287 	EXP 	unnamed Line: foreColor = <psychopy.colors.Color: black, alpha=1.0>
151.6287 	EXP 	unnamed Line: borderColor = <psychopy.colors.Color: black, alpha=1.0>
151.6287 	EXP 	unnamed Line: fillColor = <psychopy.colors.Color: black, alpha=1.0>
151.6287 	EXP 	unnamed ShapeStim: foreColor = <psychopy.colors.Color: black, alpha=1.0>
151.6287 	EXP 	unnamed ShapeStim: borderColor = <psychopy.colors.Color: black, alpha=1.0>
151.6287 	EXP 	unnamed ShapeStim: fillColor = <psychopy.colors.Color: black, alpha=1.0>
151.6287 	EXP 	unnamed Line: foreColor = <psychopy.colors.Color: (1.0, 0.58, -0.87, 1.0)>
151.6287 	EXP 	unnamed Line: borderColor = <psychopy.colors.Color: (1.0, 0.58, -0.87, 1.0)>
151.6287 	EXP 	unnamed Line: fillColor = <psychopy.colors.Color: (1.0, 0.58, -0.87, 1.0)>
151.6287 	EXP 	unnamed ShapeStim: foreColor = <psychopy.colors.Color: (1.0, 0.58, -0.87, 1.0)>
151.6287 	EXP 	unnamed ShapeStim: borderColor = <psychopy.colors.Color: (1.0, 0.58, -0.87, 1.0)>
151.6287 	EXP 	unnamed ShapeStim: fillColor = <psychopy.colors.Color: (1.0, 0.58, -0.87, 1.0)>
151.9756 	DATA 	Keypress: j
151.9788 	EXP 	node3: fillColor = '#126DEF'
151.9788 	EXP 	node10: fillColor = 'white'
152.6789 	EXP 	window1: mouseVisible = True
152.6804 	EXP 	Created unnamed TextStim = TextStim(__class__=<class 'psychopy.visual.text.TextStim'>, alignHoriz=method-wrapper(...), alignText='center', alignVert=method-wrapper(...), anchorHoriz='center', anchorVert='center', antialias=True, autoDraw=False, autoLog=True, bold=True, color=array([-0.88235294, -0.12156863, -0.97647059]), colorSpace='rgb', contrast=1.0, depth=0, draggable=False, flipHoriz=False, flipVert=False, font='', fontFiles=[], height=0.04, italic=False, languageStyle='LTR', name='unnamed TextStim', opacity=1.0, ori=0.0, pos=array([-0.2864375 ,  0.01018981]), rgb=UNKNOWN, text='+3', units='height', win=Window(...), wrapWidth=1)
152.6833 	EXP 	node3: fillColor = 'white'
152.6833 	EXP 	unnamed ImageStim: autoDraw = True
153.6911 	EXP 	unnamed ImageStim: autoDraw = False
153.6911 	EXP 	unnamed Rect: autoDraw = False
153.6911 	EXP 	unnamed Rect: autoDraw = True
153.8416 	EXP 	unnamed Rect: autoDraw = False
153.8416 	EXP 	node0: autoDraw = False
153.8416 	EXP 	node1: autoDraw = False
153.8416 	EXP 	node2: autoDraw = False
153.8416 	EXP 	node3: autoDraw = False
153.8416 	EXP 	unnamed ImageStim: autoDraw = False
153.8416 	EXP 	node4: autoDraw = False
153.8416 	EXP 	node5: autoDraw = False
153.8416 	EXP 	node6: autoDraw = False
153.8416 	EXP 	node7: autoDraw = False
153.8416 	EXP 	node8: autoDraw = False
153.8416 	EXP 	node9: autoDraw = False
153.8416 	EXP 	unnamed ImageStim: autoDraw = False
153.8416 	EXP 	node10: autoDraw = False
153.8416 	EXP 	unnamed Line: autoDraw = False
153.8416 	EXP 	unnamed ShapeStim: autoDraw = False
153.8416 	EXP 	unnamed Line: autoDraw = False
153.8416 	EXP 	unnamed ShapeStim: autoDraw = False
153.8416 	EXP 	unnamed Rect: autoDraw = False
153.8508 	INFO 	Mouse: using default window
153.8509 	EXP 	window1: mouseVisible = True
153.8510 	EXP 	window1: mouseVisible = True
153.8554 	EXP 	Created unnamed TextStim = TextStim(__class__=<class 'psychopy.visual.text.TextStim'>, alignHoriz=method-wrapper(...), alignText='center', alignVert=method-wrapper(...), anchorHoriz='center', anchorVert='center', antialias=True, autoDraw=False, autoLog=True, bold=False, color=array([1, 1, 1]), colorSpace='rgb', contrast=1.0, depth=0, draggable=False, flipHoriz=False, flipVert=False, font='', fontFiles=[], height=0.035, italic=False, languageStyle='LTR', name='unnamed TextStim', opacity=1.0, ori=0.0, pos=array([0., 0.]), rgb=UNKNOWN, text='press Space to start', units='height', win=Window(...), wrapWidth=1)
156.7603 	DATA 	Keypress: space
156.7609 	EXP 	window1: mouseVisible = True
156.7614 	EXP 	Created unnamed Rect = Rect(__class__=<class 'psychopy.visual.rect.Rect'>, anchor=('center', 'center'), autoDraw=False, autoLog=True, closeShape=True, color=method-wrapper(...), colorSpace='rgb', contrast=None, depth=0, draggable=False, fillColor=array([0.00392157, 0.00392157, 0.00392157]), fillColorSpace='rgb', fillRGB=array([0.00392157, 0.00392157, 0.00392157]), interpolate=True, lineColor=array([0, 0, 0]), lineColorSpace='rgb', lineRGB=array([0, 0, 0]), lineWidth=0, name='unnamed Rect', opacity=0.5, ori=0.0, pos=array([-0.65,  0.45]), size=array([0.1, 0.1]), units='height', vertices=ndarray(...), win=Window(...))
156.7625 	EXP 	window1: mouseVisible = True
156.7646 	EXP 	Created node0 = Circle(__class__=<class 'psychopy.visual.circle.Circle'>, anchor=('center', 'center'), autoDraw=False, autoLog=True, closeShape=True, color=method-wrapper(...), colorSpace='rgb', contrast=None, depth=0, draggable=False, fillColor=array([1, 1, 1]), fillColorSpace='rgb', fillRGB=array([1, 1, 1]), interpolate=True, lineColor=array([-1, -1, -1]), lineColorSpace='rgb', lineRGB=array([-1, -1, -1]), lineWidth=2, name='node0', opacity=1.0, ori=0.0, pos=array([0.  , 0.35]), size=array([1., 1.]), units='height', vertices=ndarray(...), win=Window(...))
156.7657 	EXP 	window1: mouseVisible = True
156.7675 	EXP 	Created node1 = Circle(__class__=<class 'psychopy.visual.circle.Circle'>, anchor=('center', 'center'), autoDraw=False, autoLog=True, closeShape=True, color=method-wrapper(...), colorSpace='rgb', contrast=None, depth=0, draggable=False, fillColor=array([1, 1, 1]), fillColorSpace='rgb', fillRGB=array([1, 1, 1]), interpolate=True, lineColor=array([-1, -1, -1]), lineColorSpace='rgb', lineRGB=array([-1, -1, -1]), lineWidth=2, name='node1', opacity=1.0, ori=0.0, pos=array([-0.18922429,  0.29443874]), size=array([1., 1.]), units='height', vertices=ndarray(...), win=Window(...))
156.7676 	EXP 	window1: mouseVisible = True
156.7872 	EXP 	Created unnamed ImageStim = ImageStim(__class__=<class 'psychopy.visual.image.ImageStim'>, anchor=('center', 'center'), autoLog=True, color=array([1., 1., 1.]), colorSpace='rgb', contrast=1.0, depth=0, draggable=False, flipHoriz=False, flipVert=False, image='images/pattern_9.png', interpolate=False, mask=None, maskParams=None, name='unnamed ImageStim', opacity=1.0, ori=0.0, pos=array([-0.18922429,  0.29443874]), size=array([0.12, 0.12]), texRes=128, units='height', win=Window(...))
156.7883 	EXP 	window1: mouseVisible = True
156.7902 	EXP 	Created node2 = Circle(__class__=<class 'psychopy.visual.circle.Circle'>, anchor=('center', 'center'), autoDraw=False, autoLog=True, closeShape=True, color=method-wrapper(...), colorSpace='rgb', contrast=None, depth=0, draggable=False, fillColor=array([1, 1, 1]), fillColorSpace='rgb', fillRGB=array([1, 1, 1]), interpolate=True, lineColor=array([-1, -1, -1]), lineColorSpace='rgb', lineRGB=array([-1, -1, -1]), lineWidth=2, name='node2', opacity=1.0, ori=0.0, pos=array([-0.3183712 ,  0.14539525]), size=array([1., 1.]), units='height', vertices=ndarray(...), win=Window(...))
156.7902 	EXP 	window1: mouseVisible = True
156.8079 	EXP 	Created unnamed ImageStim = ImageStim(__class__=<class 'psychopy.visual.image.ImageStim'>, anchor=('center', 'center'), autoLog=True, color=array([1., 1., 1.]), colorSpace='rgb', contrast=1.0, depth=0, draggable=False, flipHoriz=False, flipVert=False, image='images/pattern_7.png', interpolate=False, mask=None, maskParams=None, name='unnamed ImageStim', opacity=1.0, ori=0.0, pos=array([-0.3183712 ,  0.14539525]), size=array([0.12, 0.12]), texRes=128, units='height', win=Window(...))
156.8089 	EXP 	window1: mouseVisible = True
156.8108 	EXP 	Created node3 = Circle(__class__=<class 'psychopy.visual.circle.Circle'>, anchor=('center', 'center'), autoDraw=False, autoLog=True, closeShape=True, color=method-wrapper(...), colorSpace='rgb', contrast=None, depth=0, draggable=False, fillColor=array([1, 1, 1]), fillColorSpace='rgb', fillRGB=array([1, 1, 1]), interpolate=True, lineColor=array([-1, -1, -1]), lineColorSpace='rgb', lineRGB=array([-1, -1, -1]), lineWidth=2, name='node3', opacity=1.0, ori=0.0, pos=array([-0.3464375 , -0.04981019]), size=array([1., 1.]), units='height', vertices=ndarray(...), win=Window(...))
156.8119 	EXP 	window1: mouseVisible = True
156.8137 	EXP 	Created node4 = Circle(__class__=<class 'psychopy.visual.circle.Circle'>, anchor=('center', 'center'), autoDraw=False, autoLog=True, closeShape=True, color=method-wrapper(...), colorSpace='rgb', contrast=None, depth=0, draggable=False, fillColor=array([1, 1, 1]), fillColorSpace='rgb', fillRGB=array([1, 1, 1]), interpolate=True, lineColor=array([-1, -1, -1]), lineColorSpace='rgb', lineRGB=array([-1, -1, -1]), lineWidth=2, name='node4', opacity=1.0, ori=0.0, pos=array([-0.26451235, -0.22920126]), size=array([1., 1.]), units='height', vertices=ndarray(...), win=Window(...))
156.8147 	EXP 	window1: mouseVisible = True
156.8166 	EXP 	Created node5 = Circle(__class__=<class 'psychopy.visual.circle.Circle'>, anchor=('center', 'center'), autoDraw=False, autoLog=True, closeShape=True, color=method-wrapper(...), colorSpace='rgb', contrast=None, depth=0, draggable=False, fillColor=array([1, 1, 1]), fillColorSpace='rgb', fillRGB=array([1, 1, 1]), interpolate=True, lineColor=array([-1, -1, -1]), lineColorSpace='rgb', lineRGB=array([-1, -1, -1]), lineWidth=2, name='node5', opacity=1.0, ori=0.0, pos=array([-0.09860639, -0.33582254]), size=array([1., 1.]), units='height', vertices=ndarray(...), win=Window(...))
156.8176 	EXP 	window1: mouseVisible = True
156.8194 	EXP 	Created node6 = Circle(__class__=<class 'psychopy.visual.circle.Circle'>, anchor=('center', 'center'), autoDraw=False, autoLog=True, closeShape=True, color=method-wrapper(...), colorSpace='rgb', contrast=None, depth=0, draggable=False, fillColor=array([1, 1, 1]), fillColorSpace='rgb', fillRGB=array([1, 1, 1]), interpolate=True, lineColor=array([-1, -1, -1]), lineColorSpace='rgb', lineRGB=array([-1, -1, -1]), lineWidth=2, name='node6', opacity=1.0, ori=0.0, pos=array([ 0.09860639, -0.33582254]), size=array([1., 1.]), units='height', vertices=ndarray(...), win=Window(...))
156.8204 	EXP 	window1: mouseVisible = True
156.8223 	EXP 	Created node7 = Circle(__class__=<class 'psychopy.visual.circle.Circle'>, anchor=('center', 'center'), autoDraw=False, autoLog=True, closeShape=True, color=method-wrapper(...), colorSpace='rgb', contrast=None, depth=0, draggable=False, fillColor=array([1, 1, 1]), fillColorSpace='rgb', fillRGB=array([1, 1, 1]), interpolate=True, lineColor=array([-1, -1, -1]), lineColorSpace='rgb', lineRGB=array([-1, -1, -1]), lineWidth=2, name='node7', opacity=1.0, ori=0.0, pos=array([ 0.26451235, -0.22920126]), size=array([1., 1.]), units='height', vertices=ndarray(...), win=Window(...))
156.8233 	EXP 	window1: mouseVisible = True
156.8251 	EXP 	Created node8 = Circle(__class__=<class 'psychopy.visual.circle.Circle'>, anchor=('center', 'center'), autoDraw=False, autoLog=True, closeShape=True, color=method-wrapper(...), colorSpace='rgb', contrast=None, depth=0, draggable=False, fillColor=array([1, 1, 1]), fillColorSpace='rgb', fillRGB=array([1, 1, 1]), interpolate=True, lineColor=array([-1, -1, -1]), lineColorSpace='rgb', lineRGB=array([-1, -1, -1]), lineWidth=2, name='node8', opacity=1.0, ori=0.0, pos=array([ 0.3464375 , -0.04981019]), size=array([1., 1.]), units='height', vertices=ndarray(...), win=Window(...))
156.8261 	EXP 	window1: mouseVisible = True
156.8280 	EXP 	Created node9 = Circle(__class__=<class 'psychopy.visual.circle.Circle'>, anchor=('center', 'center'), autoDraw=False, autoLog=True, closeShape=True, color=method-wrapper(...), colorSpace='rgb', contrast=None, depth=0, draggable=False, fillColor=array([1, 1, 1]), fillColorSpace='rgb', fillRGB=array([1, 1, 1]), interpolate=True, lineColor=array([-1, -1, -1]), lineColorSpace='rgb', lineRGB=array([-1, -1, -1]), lineWidth=2, name='node9', opacity=1.0, ori=0.0, pos=array([0.3183712 , 0.14539525]), size=array([1., 1.]), units='height', vertices=ndarray(...), win=Window(...))
156.8290 	EXP 	window1: mouseVisible = True
156.8309 	EXP 	Created node10 = Circle(__class__=<class 'psychopy.visual.circle.Circle'>, anchor=('center', 'center'), autoDraw=False, autoLog=True, closeShape=True, color=method-wrapper(...), colorSpace='rgb', contrast=None, depth=0, draggable=False, fillColor=array([1, 1, 1]), fillColorSpace='rgb', fillRGB=array([1, 1, 1]), interpolate=True, lineColor=array([-1, -1, -1]), lineColorSpace='rgb', lineRGB=array([-1, -1, -1]), lineWidth=2, name='node10', opacity=1.0, ori=0.0, pos=array([0.18922429, 0.29443874]), size=array([1., 1.]), units='height', vertices=ndarray(...), win=Window(...))
156.8310 	EXP 	window1: mouseVisible = True
156.8314 	EXP 	Created unnamed Line = Line(__class__=<class 'psychopy.visual.line.Line'>, anchor=('center', 'center'), autoDraw=False, autoLog=True, closeShape=False, color=array([-1, -1, -1]), colorSpace='rgb', contrast=None, depth=2, draggable=False, fillColor=array([0, 0, 0]), fillColorSpace='rgb', fillRGB=array([0, 0, 0]), interpolate=True, lineColor=array([-1, -1, -1]), lineColorSpace='rgb', lineRGB=array([-1, -1, -1]), lineWidth=4, name='unnamed Line', opacity=0.5, ori=0.0, pos=array([0., 0.]), size=array([1., 1.]), units='height', vertices=ndarray(...), win=Window(...), windingRule=None)
156.8315 	EXP 	window1: mouseVisible = True
156.8319 	EXP 	Created unnamed ShapeStim = ShapeStim(__class__=<class 'psychopy.visual.shape.ShapeStim'>, anchor=('center', 'center'), autoDraw=False, autoLog=True, closeShape=True, color=method-wrapper(...), colorSpace='rgb', contrast=None, depth=0, draggable=False, fillColor=array([-1, -1, -1]), fillColorSpace='rgb', fillRGB=array([-1, -1, -1]), interpolate=True, lineColor=array([-1, -1, -1]), lineColorSpace='rgb', lineRGB=array([-1, -1, -1]), lineWidth=1.5, name='unnamed ShapeStim', opacity=1.0, ori=-73.63636363636365, pos=array([-0.14124964,  0.28035211]), size=array([1., 1.]), units='height', vertices=ndarray(...), win=Window(...), windingRule=None)
156.8320 	EXP 	window1: mouseVisible = True
156.8324 	EXP 	Created unnamed Line = Line(__class__=<class 'psychopy.visual.line.Line'>, anchor=('center', 'center'), autoDraw=False, autoLog=True, closeShape=False, color=array([-1, -1, -1]), colorSpace='rgb', contrast=None, depth=2, draggable=False, fillColor=array([0, 0, 0]), fillColorSpace='rgb', fillRGB=array([0, 0, 0]), interpolate=True, lineColor=array([-1, -1, -1]), lineColorSpace='rgb', lineRGB=array([-1, -1, -1]), lineWidth=4, name='unnamed Line', opacity=0.5, ori=0.0, pos=array([0., 0.]), size=array([1., 1.]), units='height', vertices=ndarray(...), win=Window(...), windingRule=None)
156.8324 	EXP 	window1: mouseVisible = True
156.8328 	EXP 	Created unnamed ShapeStim = ShapeStim(__class__=<class 'psychopy.visual.shape.ShapeStim'>, anchor=('center', 'center'), autoDraw=False, autoLog=True, closeShape=True, color=method-wrapper(...), colorSpace='rgb', contrast=None, depth=0, draggable=False, fillColor=array([-1, -1, -1]), fillColorSpace='rgb', fillRGB=array([-1, -1, -1]), interpolate=True, lineColor=array([-1, -1, -1]), lineColorSpace='rgb', lineRGB=array([-1, -1, -1]), lineWidth=1.5, name='unnamed ShapeStim', opacity=1.0, ori=-90.0, pos=array([-0.2683712 ,  0.14539525]), size=array([1., 1.]), units='height', vertices=ndarray(...), win=Window(...), windingRule=None)
156.8329 	EXP 	window1: mouseVisible = True
156.8332 	EXP 	Created unnamed Rect = Rect(__class__=<class 'psychopy.visual.rect.Rect'>, anchor=('center', 'center'), autoDraw=False, autoLog=True, closeShape=True, color=method-wrapper(...), colorSpace='rgb', contrast=None, depth=0, draggable=False, fillColor=array([0.00392157, 0.00392157, 0.00392157]), fillColorSpace='rgb', fillRGB=array([0.00392157, 0.00392157, 0.00392157]), interpolate=True, lineColor=array([0, 0, 0]), lineColorSpace='rgb', lineRGB=array([0, 0, 0]), lineWidth=0, name='unnamed Rect', opacity=0.0, ori=0.0, pos=array([0.1, 0. ]), size=array([1.1, 1. ]), units='height', vertices=ndarray(...), win=Window(...))
156.8398 	EXP 	unnamed Rect: autoDraw = True
156.8398 	EXP 	node0: autoDraw = True
156.8398 	EXP 	node1: autoDraw = True
156.8398 	EXP 	unnamed ImageStim: autoDraw = True
156.8398 	EXP 	node2: autoDraw = True
156.8398 	EXP 	unnamed ImageStim: autoDraw = True
156.8398 	EXP 	node3: autoDraw = True
156.8398 	EXP 	node4: autoDraw = True
156.8398 	EXP 	node5: autoDraw = True
156.8398 	EXP 	node6: autoDraw = True
156.8398 	EXP 	node7: autoDraw = True
156.8398 	EXP 	node8: autoDraw = True
156.8398 	EXP 	node9: autoDraw = True
156.8398 	EXP 	node10: autoDraw = True
156.8398 	EXP 	unnamed Line: autoDraw = True
156.8398 	EXP 	unnamed Line: autoDraw = True
156.8398 	EXP 	unnamed ShapeStim: autoDraw = True
156.8398 	EXP 	unnamed Line: autoDraw = True
156.8398 	EXP 	unnamed Line: autoDraw = True
156.8398 	EXP 	unnamed ShapeStim: autoDraw = True
156.8398 	EXP 	unnamed Rect: autoDraw = True
156.8398 	EXP 	node9: fillColor = '#126DEF'
156.8449 	EXP 	node9: fillColor = '#126DEF'
156.8449 	EXP 	unnamed Line: autoDraw = False
156.8449 	EXP 	unnamed ShapeStim: autoDraw = False
156.8449 	EXP 	unnamed Line: autoDraw = True
156.8449 	EXP 	unnamed ShapeStim: autoDraw = True
156.8449 	EXP 	unnamed Line: autoDraw = False
156.8449 	EXP 	unnamed ShapeStim: autoDraw = False
156.8449 	EXP 	unnamed Line: autoDraw = True
156.8449 	EXP 	unnamed ShapeStim: autoDraw = True
156.8449 	EXP 	unnamed Line: foreColor = <psychopy.colors.Color: (1.0, 0.58, -0.87, 1.0)>
156.8449 	EXP 	unnamed Line: borderColor = <psychopy.colors.Color: (1.0, 0.58, -0.87, 1.0)>
156.8449 	EXP 	unnamed Line: fillColor = <psychopy.colors.Color: (1.0, 0.58, -0.87, 1.0)>
156.8449 	EXP 	unnamed ShapeStim: foreColor = <psychopy.colors.Color: (1.0, 0.58, -0.87, 1.0)>
156.8449 	EXP 	unnamed ShapeStim: borderColor = <psychopy.colors.Color: (1.0, 0.58, -0.87, 1.0)>
156.8449 	EXP 	unnamed ShapeStim: fillColor = <psychopy.colors.Color: (1.0, 0.58, -0.87, 1.0)>
158.5203 	DATA 	Keypress: j
158.5324 	EXP 	node1: fillColor = '#126DEF'
158.5324 	EXP 	node9: fillColor = 'white'
159.2326 	EXP 	window1: mouseVisible = True
159.2343 	EXP 	Created unnamed TextStim = TextStim(__class__=<class 'psychopy.visual.text.TextStim'>, alignHoriz=method-wrapper(...), alignText='center', alignVert=method-wrapper(...), anchorHoriz='center', anchorVert='center', antialias=True, autoDraw=False, autoLog=True, bold=True, color=array([-0.88235294, -0.12156863, -0.97647059]), colorSpace='rgb', contrast=1.0, depth=0, draggable=False, flipHoriz=False, flipVert=False, font='', fontFiles=[], height=0.04, italic=False, languageStyle='LTR', name='unnamed TextStim', opacity=1.0, ori=0.0, pos=array([-0.12922429,  0.35443874]), rgb=UNKNOWN, text='+4', units='height', win=Window(...), wrapWidth=1)
159.2373 	EXP 	node1: fillColor = 'white'
159.2373 	EXP 	unnamed ImageStim: autoDraw = True
160.2456 	EXP 	unnamed ImageStim: autoDraw = False
160.2456 	EXP 	unnamed Rect: autoDraw = False
160.2456 	EXP 	unnamed Rect: autoDraw = True
160.3607 	EXP 	unnamed Rect: autoDraw = False
160.3607 	EXP 	node0: autoDraw = False
160.3607 	EXP 	node1: autoDraw = False
160.3607 	EXP 	unnamed ImageStim: autoDraw = False
160.3607 	EXP 	node2: autoDraw = False
160.3607 	EXP 	unnamed ImageStim: autoDraw = False
160.3607 	EXP 	node3: autoDraw = False
160.3607 	EXP 	node4: autoDraw = False
160.3607 	EXP 	node5: autoDraw = False
160.3607 	EXP 	node6: autoDraw = False
160.3607 	EXP 	node7: autoDraw = False
160.3607 	EXP 	node8: autoDraw = False
160.3607 	EXP 	node9: autoDraw = False
160.3607 	EXP 	node10: autoDraw = False
160.3607 	EXP 	unnamed Line: autoDraw = False
160.3607 	EXP 	unnamed ShapeStim: autoDraw = False
160.3607 	EXP 	unnamed Line: autoDraw = False
160.3607 	EXP 	unnamed ShapeStim: autoDraw = False
160.3607 	EXP 	unnamed Rect: autoDraw = False
160.3749 	INFO 	Mouse: using default window
160.3750 	EXP 	window1: mouseVisible = True
160.3751 	EXP 	window1: mouseVisible = True
160.3790 	EXP 	Created unnamed TextStim = TextStim(__class__=<class 'psychopy.visual.text.TextStim'>, alignHoriz=method-wrapper(...), alignText='center', alignVert=method-wrapper(...), anchorHoriz='center', anchorVert='center', antialias=True, autoDraw=False, autoLog=True, bold=False, color=array([1, 1, 1]), colorSpace='rgb', contrast=1.0, depth=0, draggable=False, flipHoriz=False, flipVert=False, font='', fontFiles=[], height=0.035, italic=False, languageStyle='LTR', name='unnamed TextStim', opacity=1.0, ori=0.0, pos=array([0., 0.]), rgb=UNKNOWN, text='press Space to start', units='height', win=Window(...), wrapWidth=1)
161.7042 	DATA 	Keypress: space
161.7048 	EXP 	window1: mouseVisible = True
161.7052 	EXP 	Created unnamed Rect = Rect(__class__=<class 'psychopy.visual.rect.Rect'>, anchor=('center', 'center'), autoDraw=False, autoLog=True, closeShape=True, color=method-wrapper(...), colorSpace='rgb', contrast=None, depth=0, draggable=False, fillColor=array([0.00392157, 0.00392157, 0.00392157]), fillColorSpace='rgb', fillRGB=array([0.00392157, 0.00392157, 0.00392157]), interpolate=True, lineColor=array([0, 0, 0]), lineColorSpace='rgb', lineRGB=array([0, 0, 0]), lineWidth=0, name='unnamed Rect', opacity=0.5, ori=0.0, pos=array([-0.65,  0.45]), size=array([0.1, 0.1]), units='height', vertices=ndarray(...), win=Window(...))
161.7063 	EXP 	window1: mouseVisible = True
161.7086 	EXP 	Created node0 = Circle(__class__=<class 'psychopy.visual.circle.Circle'>, anchor=('center', 'center'), autoDraw=False, autoLog=True, closeShape=True, color=method-wrapper(...), colorSpace='rgb', contrast=None, depth=0, draggable=False, fillColor=array([1, 1, 1]), fillColorSpace='rgb', fillRGB=array([1, 1, 1]), interpolate=True, lineColor=array([-1, -1, -1]), lineColorSpace='rgb', lineRGB=array([-1, -1, -1]), lineWidth=2, name='node0', opacity=1.0, ori=0.0, pos=array([0.  , 0.35]), size=array([1., 1.]), units='height', vertices=ndarray(...), win=Window(...))
161.7098 	EXP 	window1: mouseVisible = True
161.7118 	EXP 	Created node1 = Circle(__class__=<class 'psychopy.visual.circle.Circle'>, anchor=('center', 'center'), autoDraw=False, autoLog=True, closeShape=True, color=method-wrapper(...), colorSpace='rgb', contrast=None, depth=0, draggable=False, fillColor=array([1, 1, 1]), fillColorSpace='rgb', fillRGB=array([1, 1, 1]), interpolate=True, lineColor=array([-1, -1, -1]), lineColorSpace='rgb', lineRGB=array([-1, -1, -1]), lineWidth=2, name='node1', opacity=1.0, ori=0.0, pos=array([-0.18922429,  0.29443874]), size=array([1., 1.]), units='height', vertices=ndarray(...), win=Window(...))
161.7128 	EXP 	window1: mouseVisible = True
161.7147 	EXP 	Created node2 = Circle(__class__=<class 'psychopy.visual.circle.Circle'>, anchor=('center', 'center'), autoDraw=False, autoLog=True, closeShape=True, color=method-wrapper(...), colorSpace='rgb', contrast=None, depth=0, draggable=False, fillColor=array([1, 1, 1]), fillColorSpace='rgb', fillRGB=array([1, 1, 1]), interpolate=True, lineColor=array([-1, -1, -1]), lineColorSpace='rgb', lineRGB=array([-1, -1, -1]), lineWidth=2, name='node2', opacity=1.0, ori=0.0, pos=array([-0.3183712 ,  0.14539525]), size=array([1., 1.]), units='height', vertices=ndarray(...), win=Window(...))
161.7148 	EXP 	window1: mouseVisible = True
161.7323 	EXP 	Created unnamed ImageStim = ImageStim(__class__=<class 'psychopy.visual.image.ImageStim'>, anchor=('center', 'center'), autoLog=True, color=array([1., 1., 1.]), colorSpace='rgb', contrast=1.0, depth=0, draggable=False, flipHoriz=False, flipVert=False, image='images/pattern_2.png', interpolate=False, mask=None, maskParams=None, name='unnamed ImageStim', opacity=1.0, ori=0.0, pos=array([-0.3183712 ,  0.14539525]), size=array([0.12, 0.12]), texRes=128, units='height', win=Window(...))
161.7333 	EXP 	window1: mouseVisible = True
161.7353 	EXP 	Created node3 = Circle(__class__=<class 'psychopy.visual.circle.Circle'>, anchor=('center', 'center'), autoDraw=False, autoLog=True, closeShape=True, color=method-wrapper(...), colorSpace='rgb', contrast=None, depth=0, draggable=False, fillColor=array([1, 1, 1]), fillColorSpace='rgb', fillRGB=array([1, 1, 1]), interpolate=True, lineColor=array([-1, -1, -1]), lineColorSpace='rgb', lineRGB=array([-1, -1, -1]), lineWidth=2, name='node3', opacity=1.0, ori=0.0, pos=array([-0.3464375 , -0.04981019]), size=array([1., 1.]), units='height', vertices=ndarray(...), win=Window(...))
161.7363 	EXP 	window1: mouseVisible = True
161.7381 	EXP 	Created node4 = Circle(__class__=<class 'psychopy.visual.circle.Circle'>, anchor=('center', 'center'), autoDraw=False, autoLog=True, closeShape=True, color=method-wrapper(...), colorSpace='rgb', contrast=None, depth=0, draggable=False, fillColor=array([1, 1, 1]), fillColorSpace='rgb', fillRGB=array([1, 1, 1]), interpolate=True, lineColor=array([-1, -1, -1]), lineColorSpace='rgb', lineRGB=array([-1, -1, -1]), lineWidth=2, name='node4', opacity=1.0, ori=0.0, pos=array([-0.26451235, -0.22920126]), size=array([1., 1.]), units='height', vertices=ndarray(...), win=Window(...))
161.7391 	EXP 	window1: mouseVisible = True
161.7410 	EXP 	Created node5 = Circle(__class__=<class 'psychopy.visual.circle.Circle'>, anchor=('center', 'center'), autoDraw=False, autoLog=True, closeShape=True, color=method-wrapper(...), colorSpace='rgb', contrast=None, depth=0, draggable=False, fillColor=array([1, 1, 1]), fillColorSpace='rgb', fillRGB=array([1, 1, 1]), interpolate=True, lineColor=array([-1, -1, -1]), lineColorSpace='rgb', lineRGB=array([-1, -1, -1]), lineWidth=2, name='node5', opacity=1.0, ori=0.0, pos=array([-0.09860639, -0.33582254]), size=array([1., 1.]), units='height', vertices=ndarray(...), win=Window(...))
161.7420 	EXP 	window1: mouseVisible = True
161.7439 	EXP 	Created node6 = Circle(__class__=<class 'psychopy.visual.circle.Circle'>, anchor=('center', 'center'), autoDraw=False, autoLog=True, closeShape=True, color=method-wrapper(...), colorSpace='rgb', contrast=None, depth=0, draggable=False, fillColor=array([1, 1, 1]), fillColorSpace='rgb', fillRGB=array([1, 1, 1]), interpolate=True, lineColor=array([-1, -1, -1]), lineColorSpace='rgb', lineRGB=array([-1, -1, -1]), lineWidth=2, name='node6', opacity=1.0, ori=0.0, pos=array([ 0.09860639, -0.33582254]), size=array([1., 1.]), units='height', vertices=ndarray(...), win=Window(...))
161.7439 	EXP 	window1: mouseVisible = True
161.7610 	EXP 	Created unnamed ImageStim = ImageStim(__class__=<class 'psychopy.visual.image.ImageStim'>, anchor=('center', 'center'), autoLog=True, color=array([1., 1., 1.]), colorSpace='rgb', contrast=1.0, depth=0, draggable=False, flipHoriz=False, flipVert=False, image='images/pattern_5.png', interpolate=False, mask=None, maskParams=None, name='unnamed ImageStim', opacity=1.0, ori=0.0, pos=array([ 0.09860639, -0.33582254]), size=array([0.12, 0.12]), texRes=128, units='height', win=Window(...))
161.7621 	EXP 	window1: mouseVisible = True
161.7640 	EXP 	Created node7 = Circle(__class__=<class 'psychopy.visual.circle.Circle'>, anchor=('center', 'center'), autoDraw=False, autoLog=True, closeShape=True, color=method-wrapper(...), colorSpace='rgb', contrast=None, depth=0, draggable=False, fillColor=array([1, 1, 1]), fillColorSpace='rgb', fillRGB=array([1, 1, 1]), interpolate=True, lineColor=array([-1, -1, -1]), lineColorSpace='rgb', lineRGB=array([-1, -1, -1]), lineWidth=2, name='node7', opacity=1.0, ori=0.0, pos=array([ 0.26451235, -0.22920126]), size=array([1., 1.]), units='height', vertices=ndarray(...), win=Window(...))
161.7650 	EXP 	window1: mouseVisible = True
161.7668 	EXP 	Created node8 = Circle(__class__=<class 'psychopy.visual.circle.Circle'>, anchor=('center', 'center'), autoDraw=False, autoLog=True, closeShape=True, color=method-wrapper(...), colorSpace='rgb', contrast=None, depth=0, draggable=False, fillColor=array([1, 1, 1]), fillColorSpace='rgb', fillRGB=array([1, 1, 1]), interpolate=True, lineColor=array([-1, -1, -1]), lineColorSpace='rgb', lineRGB=array([-1, -1, -1]), lineWidth=2, name='node8', opacity=1.0, ori=0.0, pos=array([ 0.3464375 , -0.04981019]), size=array([1., 1.]), units='height', vertices=ndarray(...), win=Window(...))
161.7678 	EXP 	window1: mouseVisible = True
161.7697 	EXP 	Created node9 = Circle(__class__=<class 'psychopy.visual.circle.Circle'>, anchor=('center', 'center'), autoDraw=False, autoLog=True, closeShape=True, color=method-wrapper(...), colorSpace='rgb', contrast=None, depth=0, draggable=False, fillColor=array([1, 1, 1]), fillColorSpace='rgb', fillRGB=array([1, 1, 1]), interpolate=True, lineColor=array([-1, -1, -1]), lineColorSpace='rgb', lineRGB=array([-1, -1, -1]), lineWidth=2, name='node9', opacity=1.0, ori=0.0, pos=array([0.3183712 , 0.14539525]), size=array([1., 1.]), units='height', vertices=ndarray(...), win=Window(...))
161.7707 	EXP 	window1: mouseVisible = True
161.7725 	EXP 	Created node10 = Circle(__class__=<class 'psychopy.visual.circle.Circle'>, anchor=('center', 'center'), autoDraw=False, autoLog=True, closeShape=True, color=method-wrapper(...), colorSpace='rgb', contrast=None, depth=0, draggable=False, fillColor=array([1, 1, 1]), fillColorSpace='rgb', fillRGB=array([1, 1, 1]), interpolate=True, lineColor=array([-1, -1, -1]), lineColorSpace='rgb', lineRGB=array([-1, -1, -1]), lineWidth=2, name='node10', opacity=1.0, ori=0.0, pos=array([0.18922429, 0.29443874]), size=array([1., 1.]), units='height', vertices=ndarray(...), win=Window(...))
161.7726 	EXP 	window1: mouseVisible = True
161.7730 	EXP 	Created unnamed Line = Line(__class__=<class 'psychopy.visual.line.Line'>, anchor=('center', 'center'), autoDraw=False, autoLog=True, closeShape=False, color=array([-1, -1, -1]), colorSpace='rgb', contrast=None, depth=2, draggable=False, fillColor=array([0, 0, 0]), fillColorSpace='rgb', fillRGB=array([0, 0, 0]), interpolate=True, lineColor=array([-1, -1, -1]), lineColorSpace='rgb', lineRGB=array([-1, -1, -1]), lineWidth=4, name='unnamed Line', opacity=0.5, ori=0.0, pos=array([0., 0.]), size=array([1., 1.]), units='height', vertices=ndarray(...), win=Window(...), windingRule=None)
161.7731 	EXP 	window1: mouseVisible = True
161.7735 	EXP 	Created unnamed ShapeStim = ShapeStim(__class__=<class 'psychopy.visual.shape.ShapeStim'>, anchor=('center', 'center'), autoDraw=False, autoLog=True, closeShape=True, color=method-wrapper(...), colorSpace='rgb', contrast=None, depth=0, draggable=False, fillColor=array([-1, -1, -1]), fillColorSpace='rgb', fillRGB=array([-1, -1, -1]), interpolate=True, lineColor=array([-1, -1, -1]), lineColorSpace='rgb', lineRGB=array([-1, -1, -1]), lineWidth=1.5, name='unnamed ShapeStim', opacity=1.0, ori=90.00000000000001, pos=array([ 0.04860639, -0.33582254]), size=array([1., 1.]), units='height', vertices=ndarray(...), win=Window(...), windingRule=None)
161.7735 	EXP 	window1: mouseVisible = True
161.7739 	EXP 	Created unnamed Line = Line(__class__=<class 'psychopy.visual.line.Line'>, anchor=('center', 'center'), autoDraw=False, autoLog=True, closeShape=False, color=array([-1, -1, -1]), colorSpace='rgb', contrast=None, depth=2, draggable=False, fillColor=array([0, 0, 0]), fillColorSpace='rgb', fillRGB=array([0, 0, 0]), interpolate=True, lineColor=array([-1, -1, -1]), lineColorSpace='rgb', lineRGB=array([-1, -1, -1]), lineWidth=4, name='unnamed Line', opacity=0.5, ori=0.0, pos=array([0., 0.]), size=array([1., 1.]), units='height', vertices=ndarray(...), win=Window(...), windingRule=None)
161.7739 	EXP 	window1: mouseVisible = True
161.7743 	EXP 	Created unnamed ShapeStim = ShapeStim(__class__=<class 'psychopy.visual.shape.ShapeStim'>, anchor=('center', 'center'), autoDraw=False, autoLog=True, closeShape=True, color=method-wrapper(...), colorSpace='rgb', contrast=None, depth=0, draggable=False, fillColor=array([-1, -1, -1]), fillColorSpace='rgb', fillRGB=array([-1, -1, -1]), interpolate=True, lineColor=array([-1, -1, -1]), lineColorSpace='rgb', lineRGB=array([-1, -1, -1]), lineWidth=1.5, name='unnamed ShapeStim', opacity=1.0, ori=-24.54545454545456, pos=array([-0.29760045,  0.09991365]), size=array([1., 1.]), units='height', vertices=ndarray(...), win=Window(...), windingRule=None)
161.7743 	EXP 	window1: mouseVisible = True
161.7747 	EXP 	Created unnamed Rect = Rect(__class__=<class 'psychopy.visual.rect.Rect'>, anchor=('center', 'center'), autoDraw=False, autoLog=True, closeShape=True, color=method-wrapper(...), colorSpace='rgb', contrast=None, depth=0, draggable=False, fillColor=array([0.00392157, 0.00392157, 0.00392157]), fillColorSpace='rgb', fillRGB=array([0.00392157, 0.00392157, 0.00392157]), interpolate=True, lineColor=array([0, 0, 0]), lineColorSpace='rgb', lineRGB=array([0, 0, 0]), lineWidth=0, name='unnamed Rect', opacity=0.0, ori=0.0, pos=array([0.1, 0. ]), size=array([1.1, 1. ]), units='height', vertices=ndarray(...), win=Window(...))
161.7807 	EXP 	unnamed Rect: autoDraw = True
161.7807 	EXP 	node0: autoDraw = True
161.7807 	EXP 	node1: autoDraw = True
161.7807 	EXP 	node2: autoDraw = True
161.7807 	EXP 	unnamed ImageStim: autoDraw = True
161.7807 	EXP 	node3: autoDraw = True
161.7807 	EXP 	node4: autoDraw = True
161.7807 	EXP 	node5: autoDraw = True
161.7807 	EXP 	node6: autoDraw = True
161.7807 	EXP 	unnamed ImageStim: autoDraw = True
161.7807 	EXP 	node7: autoDraw = True
161.7807 	EXP 	node8: autoDraw = True
161.7807 	EXP 	node9: autoDraw = True
161.7807 	EXP 	node10: autoDraw = True
161.7807 	EXP 	unnamed Line: autoDraw = True
161.7807 	EXP 	unnamed Line: autoDraw = True
161.7807 	EXP 	unnamed ShapeStim: autoDraw = True
161.7807 	EXP 	unnamed Line: autoDraw = True
161.7807 	EXP 	unnamed Line: autoDraw = True
161.7807 	EXP 	unnamed ShapeStim: autoDraw = True
161.7807 	EXP 	unnamed Rect: autoDraw = True
161.7807 	EXP 	node5: fillColor = '#126DEF'
161.7852 	EXP 	node5: fillColor = '#126DEF'
161.7852 	EXP 	unnamed Line: autoDraw = False
161.7852 	EXP 	unnamed ShapeStim: autoDraw = False
161.7852 	EXP 	unnamed Line: autoDraw = True
161.7852 	EXP 	unnamed ShapeStim: autoDraw = True
161.7852 	EXP 	unnamed Line: autoDraw = False
161.7852 	EXP 	unnamed ShapeStim: autoDraw = False
161.7852 	EXP 	unnamed Line: autoDraw = True
161.7852 	EXP 	unnamed ShapeStim: autoDraw = True
161.7852 	EXP 	unnamed Line: foreColor = <psychopy.colors.Color: (1.0, 0.58, -0.87, 1.0)>
161.7852 	EXP 	unnamed Line: borderColor = <psychopy.colors.Color: (1.0, 0.58, -0.87, 1.0)>
161.7852 	EXP 	unnamed Line: fillColor = <psychopy.colors.Color: (1.0, 0.58, -0.87, 1.0)>
161.7852 	EXP 	unnamed ShapeStim: foreColor = <psychopy.colors.Color: (1.0, 0.58, -0.87, 1.0)>
161.7852 	EXP 	unnamed ShapeStim: borderColor = <psychopy.colors.Color: (1.0, 0.58, -0.87, 1.0)>
161.7852 	EXP 	unnamed ShapeStim: fillColor = <psychopy.colors.Color: (1.0, 0.58, -0.87, 1.0)>
164.2083 	DATA 	Keypress: j
164.2140 	EXP 	node6: fillColor = '#126DEF'
164.2140 	EXP 	node5: fillColor = 'white'
164.9143 	EXP 	window1: mouseVisible = True
164.9160 	EXP 	Created unnamed TextStim = TextStim(__class__=<class 'psychopy.visual.text.TextStim'>, alignHoriz=method-wrapper(...), alignText='center', alignVert=method-wrapper(...), anchorHoriz='center', anchorVert='center', antialias=True, autoDraw=False, autoLog=True, bold=True, color=array([0.68627451, 0.68627451, 0.68627451]), colorSpace='rgb', contrast=1.0, depth=0, draggable=False, flipHoriz=False, flipVert=False, font='', fontFiles=[], height=0.04, italic=False, languageStyle='LTR', name='unnamed TextStim', opacity=1.0, ori=0.0, pos=array([ 0.15860639, -0.27582254]), rgb=UNKNOWN, text='+0', units='height', win=Window(...), wrapWidth=1)
164.9202 	EXP 	node6: fillColor = 'white'
164.9202 	EXP 	unnamed ImageStim: autoDraw = True
165.9278 	EXP 	unnamed ImageStim: autoDraw = False
165.9278 	EXP 	unnamed Rect: autoDraw = False
165.9278 	EXP 	unnamed Rect: autoDraw = True
166.0440 	EXP 	unnamed Rect: autoDraw = False
166.0440 	EXP 	node0: autoDraw = False
166.0440 	EXP 	node1: autoDraw = False
166.0440 	EXP 	node2: autoDraw = False
166.0440 	EXP 	unnamed ImageStim: autoDraw = False
166.0440 	EXP 	node3: autoDraw = False
166.0440 	EXP 	node4: autoDraw = False
166.0440 	EXP 	node5: autoDraw = False
166.0440 	EXP 	node6: autoDraw = False
166.0440 	EXP 	unnamed ImageStim: autoDraw = False
166.0440 	EXP 	node7: autoDraw = False
166.0440 	EXP 	node8: autoDraw = False
166.0440 	EXP 	node9: autoDraw = False
166.0440 	EXP 	node10: autoDraw = False
166.0440 	EXP 	unnamed Line: autoDraw = False
166.0440 	EXP 	unnamed ShapeStim: autoDraw = False
166.0440 	EXP 	unnamed Line: autoDraw = False
166.0440 	EXP 	unnamed ShapeStim: autoDraw = False
166.0440 	EXP 	unnamed Rect: autoDraw = False
169.3524 	DATA 	Keypress: space
169.3698 	INFO 	Mouse: using default window
169.3698 	EXP 	window1: mouseVisible = True
169.3699 	EXP 	window1: mouseVisible = True
169.3733 	EXP 	Created unnamed TextStim = TextStim(__class__=<class 'psychopy.visual.text.TextStim'>, alignHoriz=method-wrapper(...), alignText='center', alignVert=method-wrapper(...), anchorHoriz='center', anchorVert='center', antialias=True, autoDraw=False, autoLog=True, bold=False, color=array([1, 1, 1]), colorSpace='rgb', contrast=1.0, depth=0, draggable=False, flipHoriz=False, flipVert=False, font='', fontFiles=[], height=0.035, italic=False, languageStyle='LTR', name='unnamed TextStim', opacity=1.0, ori=0.0, pos=array([0., 0.]), rgb=UNKNOWN, text='press Space to start', units='height', win=Window(...), wrapWidth=1)
170.9281 	DATA 	Keypress: space
170.9286 	EXP 	window1: mouseVisible = True
170.9290 	EXP 	Created unnamed Rect = Rect(__class__=<class 'psychopy.visual.rect.Rect'>, anchor=('center', 'center'), autoDraw=False, autoLog=True, closeShape=True, color=method-wrapper(...), colorSpace='rgb', contrast=None, depth=0, draggable=False, fillColor=array([0.00392157, 0.00392157, 0.00392157]), fillColorSpace='rgb', fillRGB=array([0.00392157, 0.00392157, 0.00392157]), interpolate=True, lineColor=array([0, 0, 0]), lineColorSpace='rgb', lineRGB=array([0, 0, 0]), lineWidth=0, name='unnamed Rect', opacity=0.5, ori=0.0, pos=array([-0.65,  0.45]), size=array([0.1, 0.1]), units='height', vertices=ndarray(...), win=Window(...))
170.9301 	EXP 	window1: mouseVisible = True
170.9320 	EXP 	Created node0 = Circle(__class__=<class 'psychopy.visual.circle.Circle'>, anchor=('center', 'center'), autoDraw=False, autoLog=True, closeShape=True, color=method-wrapper(...), colorSpace='rgb', contrast=None, depth=0, draggable=False, fillColor=array([1, 1, 1]), fillColorSpace='rgb', fillRGB=array([1, 1, 1]), interpolate=True, lineColor=array([-1, -1, -1]), lineColorSpace='rgb', lineRGB=array([-1, -1, -1]), lineWidth=2, name='node0', opacity=1.0, ori=0.0, pos=array([0.  , 0.35]), size=array([1., 1.]), units='height', vertices=ndarray(...), win=Window(...))
170.9321 	EXP 	window1: mouseVisible = True
170.9505 	EXP 	Created unnamed ImageStim = ImageStim(__class__=<class 'psychopy.visual.image.ImageStim'>, anchor=('center', 'center'), autoLog=True, color=array([1., 1., 1.]), colorSpace='rgb', contrast=1.0, depth=0, draggable=False, flipHoriz=False, flipVert=False, image='images/pattern_7.png', interpolate=False, mask=None, maskParams=None, name='unnamed ImageStim', opacity=1.0, ori=0.0, pos=array([0.  , 0.35]), size=array([0.12, 0.12]), texRes=128, units='height', win=Window(...))
170.9515 	EXP 	window1: mouseVisible = True
170.9534 	EXP 	Created node1 = Circle(__class__=<class 'psychopy.visual.circle.Circle'>, anchor=('center', 'center'), autoDraw=False, autoLog=True, closeShape=True, color=method-wrapper(...), colorSpace='rgb', contrast=None, depth=0, draggable=False, fillColor=array([1, 1, 1]), fillColorSpace='rgb', fillRGB=array([1, 1, 1]), interpolate=True, lineColor=array([-1, -1, -1]), lineColorSpace='rgb', lineRGB=array([-1, -1, -1]), lineWidth=2, name='node1', opacity=1.0, ori=0.0, pos=array([-0.18922429,  0.29443874]), size=array([1., 1.]), units='height', vertices=ndarray(...), win=Window(...))
170.9535 	EXP 	window1: mouseVisible = True
170.9704 	EXP 	Created unnamed ImageStim = ImageStim(__class__=<class 'psychopy.visual.image.ImageStim'>, anchor=('center', 'center'), autoLog=True, color=array([1., 1., 1.]), colorSpace='rgb', contrast=1.0, depth=0, draggable=False, flipHoriz=False, flipVert=False, image='images/pattern_6.png', interpolate=False, mask=None, maskParams=None, name='unnamed ImageStim', opacity=1.0, ori=0.0, pos=array([-0.18922429,  0.29443874]), size=array([0.12, 0.12]), texRes=128, units='height', win=Window(...))
170.9714 	EXP 	window1: mouseVisible = True
170.9733 	EXP 	Created node2 = Circle(__class__=<class 'psychopy.visual.circle.Circle'>, anchor=('center', 'center'), autoDraw=False, autoLog=True, closeShape=True, color=method-wrapper(...), colorSpace='rgb', contrast=None, depth=0, draggable=False, fillColor=array([1, 1, 1]), fillColorSpace='rgb', fillRGB=array([1, 1, 1]), interpolate=True, lineColor=array([-1, -1, -1]), lineColorSpace='rgb', lineRGB=array([-1, -1, -1]), lineWidth=2, name='node2', opacity=1.0, ori=0.0, pos=array([-0.3183712 ,  0.14539525]), size=array([1., 1.]), units='height', vertices=ndarray(...), win=Window(...))
170.9734 	EXP 	window1: mouseVisible = True
170.9901 	EXP 	Created unnamed ImageStim = ImageStim(__class__=<class 'psychopy.visual.image.ImageStim'>, anchor=('center', 'center'), autoLog=True, color=array([1., 1., 1.]), colorSpace='rgb', contrast=1.0, depth=0, draggable=False, flipHoriz=False, flipVert=False, image='images/pattern_3.png', interpolate=False, mask=None, maskParams=None, name='unnamed ImageStim', opacity=1.0, ori=0.0, pos=array([-0.3183712 ,  0.14539525]), size=array([0.12, 0.12]), texRes=128, units='height', win=Window(...))
170.9911 	EXP 	window1: mouseVisible = True
170.9931 	EXP 	Created node3 = Circle(__class__=<class 'psychopy.visual.circle.Circle'>, anchor=('center', 'center'), autoDraw=False, autoLog=True, closeShape=True, color=method-wrapper(...), colorSpace='rgb', contrast=None, depth=0, draggable=False, fillColor=array([1, 1, 1]), fillColorSpace='rgb', fillRGB=array([1, 1, 1]), interpolate=True, lineColor=array([-1, -1, -1]), lineColorSpace='rgb', lineRGB=array([-1, -1, -1]), lineWidth=2, name='node3', opacity=1.0, ori=0.0, pos=array([-0.3464375 , -0.04981019]), size=array([1., 1.]), units='height', vertices=ndarray(...), win=Window(...))
170.9931 	EXP 	window1: mouseVisible = True
171.0113 	EXP 	Created unnamed ImageStim = ImageStim(__class__=<class 'psychopy.visual.image.ImageStim'>, anchor=('center', 'center'), autoLog=True, color=array([1., 1., 1.]), colorSpace='rgb', contrast=1.0, depth=0, draggable=False, flipHoriz=False, flipVert=False, image='images/pattern_8.png', interpolate=False, mask=None, maskParams=None, name='unnamed ImageStim', opacity=1.0, ori=0.0, pos=array([-0.3464375 , -0.04981019]), size=array([0.12, 0.12]), texRes=128, units='height', win=Window(...))
171.0123 	EXP 	window1: mouseVisible = True
171.0142 	EXP 	Created node4 = Circle(__class__=<class 'psychopy.visual.circle.Circle'>, anchor=('center', 'center'), autoDraw=False, autoLog=True, closeShape=True, color=method-wrapper(...), colorSpace='rgb', contrast=None, depth=0, draggable=False, fillColor=array([1, 1, 1]), fillColorSpace='rgb', fillRGB=array([1, 1, 1]), interpolate=True, lineColor=array([-1, -1, -1]), lineColorSpace='rgb', lineRGB=array([-1, -1, -1]), lineWidth=2, name='node4', opacity=1.0, ori=0.0, pos=array([-0.26451235, -0.22920126]), size=array([1., 1.]), units='height', vertices=ndarray(...), win=Window(...))
171.0152 	EXP 	window1: mouseVisible = True
171.0171 	EXP 	Created node5 = Circle(__class__=<class 'psychopy.visual.circle.Circle'>, anchor=('center', 'center'), autoDraw=False, autoLog=True, closeShape=True, color=method-wrapper(...), colorSpace='rgb', contrast=None, depth=0, draggable=False, fillColor=array([1, 1, 1]), fillColorSpace='rgb', fillRGB=array([1, 1, 1]), interpolate=True, lineColor=array([-1, -1, -1]), lineColorSpace='rgb', lineRGB=array([-1, -1, -1]), lineWidth=2, name='node5', opacity=1.0, ori=0.0, pos=array([-0.09860639, -0.33582254]), size=array([1., 1.]), units='height', vertices=ndarray(...), win=Window(...))
171.0171 	EXP 	window1: mouseVisible = True
171.0340 	EXP 	Created unnamed ImageStim = ImageStim(__class__=<class 'psychopy.visual.image.ImageStim'>, anchor=('center', 'center'), autoLog=True, color=array([1., 1., 1.]), colorSpace='rgb', contrast=1.0, depth=0, draggable=False, flipHoriz=False, flipVert=False, image='images/pattern_1.png', interpolate=False, mask=None, maskParams=None, name='unnamed ImageStim', opacity=1.0, ori=0.0, pos=array([-0.09860639, -0.33582254]), size=array([0.12, 0.12]), texRes=128, units='height', win=Window(...))
171.0350 	EXP 	window1: mouseVisible = True
171.0369 	EXP 	Created node6 = Circle(__class__=<class 'psychopy.visual.circle.Circle'>, anchor=('center', 'center'), autoDraw=False, autoLog=True, closeShape=True, color=method-wrapper(...), colorSpace='rgb', contrast=None, depth=0, draggable=False, fillColor=array([1, 1, 1]), fillColorSpace='rgb', fillRGB=array([1, 1, 1]), interpolate=True, lineColor=array([-1, -1, -1]), lineColorSpace='rgb', lineRGB=array([-1, -1, -1]), lineWidth=2, name='node6', opacity=1.0, ori=0.0, pos=array([ 0.09860639, -0.33582254]), size=array([1., 1.]), units='height', vertices=ndarray(...), win=Window(...))
171.0369 	EXP 	window1: mouseVisible = True
171.0536 	EXP 	Created unnamed ImageStim = ImageStim(__class__=<class 'psychopy.visual.image.ImageStim'>, anchor=('center', 'center'), autoLog=True, color=array([1., 1., 1.]), colorSpace='rgb', contrast=1.0, depth=0, draggable=False, flipHoriz=False, flipVert=False, image='images/pattern_3.png', interpolate=False, mask=None, maskParams=None, name='unnamed ImageStim', opacity=1.0, ori=0.0, pos=array([ 0.09860639, -0.33582254]), size=array([0.12, 0.12]), texRes=128, units='height', win=Window(...))
171.0546 	EXP 	window1: mouseVisible = True
171.0565 	EXP 	Created node7 = Circle(__class__=<class 'psychopy.visual.circle.Circle'>, anchor=('center', 'center'), autoDraw=False, autoLog=True, closeShape=True, color=method-wrapper(...), colorSpace='rgb', contrast=None, depth=0, draggable=False, fillColor=array([1, 1, 1]), fillColorSpace='rgb', fillRGB=array([1, 1, 1]), interpolate=True, lineColor=array([-1, -1, -1]), lineColorSpace='rgb', lineRGB=array([-1, -1, -1]), lineWidth=2, name='node7', opacity=1.0, ori=0.0, pos=array([ 0.26451235, -0.22920126]), size=array([1., 1.]), units='height', vertices=ndarray(...), win=Window(...))
171.0565 	EXP 	window1: mouseVisible = True
171.0734 	EXP 	Created unnamed ImageStim = ImageStim(__class__=<class 'psychopy.visual.image.ImageStim'>, anchor=('center', 'center'), autoLog=True, color=array([1., 1., 1.]), colorSpace='rgb', contrast=1.0, depth=0, draggable=False, flipHoriz=False, flipVert=False, image='images/pattern_5.png', interpolate=False, mask=None, maskParams=None, name='unnamed ImageStim', opacity=1.0, ori=0.0, pos=array([ 0.26451235, -0.22920126]), size=array([0.12, 0.12]), texRes=128, units='height', win=Window(...))
171.0745 	EXP 	window1: mouseVisible = True
171.0764 	EXP 	Created node8 = Circle(__class__=<class 'psychopy.visual.circle.Circle'>, anchor=('center', 'center'), autoDraw=False, autoLog=True, closeShape=True, color=method-wrapper(...), colorSpace='rgb', contrast=None, depth=0, draggable=False, fillColor=array([1, 1, 1]), fillColorSpace='rgb', fillRGB=array([1, 1, 1]), interpolate=True, lineColor=array([-1, -1, -1]), lineColorSpace='rgb', lineRGB=array([-1, -1, -1]), lineWidth=2, name='node8', opacity=1.0, ori=0.0, pos=array([ 0.3464375 , -0.04981019]), size=array([1., 1.]), units='height', vertices=ndarray(...), win=Window(...))
171.0764 	EXP 	window1: mouseVisible = True
171.0946 	EXP 	Created unnamed ImageStim = ImageStim(__class__=<class 'psychopy.visual.image.ImageStim'>, anchor=('center', 'center'), autoLog=True, color=array([1., 1., 1.]), colorSpace='rgb', contrast=1.0, depth=0, draggable=False, flipHoriz=False, flipVert=False, image='images/pattern_9.png', interpolate=False, mask=None, maskParams=None, name='unnamed ImageStim', opacity=1.0, ori=0.0, pos=array([ 0.3464375 , -0.04981019]), size=array([0.12, 0.12]), texRes=128, units='height', win=Window(...))
171.0956 	EXP 	window1: mouseVisible = True
171.0975 	EXP 	Created node9 = Circle(__class__=<class 'psychopy.visual.circle.Circle'>, anchor=('center', 'center'), autoDraw=False, autoLog=True, closeShape=True, color=method-wrapper(...), colorSpace='rgb', contrast=None, depth=0, draggable=False, fillColor=array([1, 1, 1]), fillColorSpace='rgb', fillRGB=array([1, 1, 1]), interpolate=True, lineColor=array([-1, -1, -1]), lineColorSpace='rgb', lineRGB=array([-1, -1, -1]), lineWidth=2, name='node9', opacity=1.0, ori=0.0, pos=array([0.3183712 , 0.14539525]), size=array([1., 1.]), units='height', vertices=ndarray(...), win=Window(...))
171.0975 	EXP 	window1: mouseVisible = True
171.1157 	EXP 	Created unnamed ImageStim = ImageStim(__class__=<class 'psychopy.visual.image.ImageStim'>, anchor=('center', 'center'), autoLog=True, color=array([1., 1., 1.]), colorSpace='rgb', contrast=1.0, depth=0, draggable=False, flipHoriz=False, flipVert=False, image='images/pattern_9.png', interpolate=False, mask=None, maskParams=None, name='unnamed ImageStim', opacity=1.0, ori=0.0, pos=array([0.3183712 , 0.14539525]), size=array([0.12, 0.12]), texRes=128, units='height', win=Window(...))
171.1167 	EXP 	window1: mouseVisible = True
171.1186 	EXP 	Created node10 = Circle(__class__=<class 'psychopy.visual.circle.Circle'>, anchor=('center', 'center'), autoDraw=False, autoLog=True, closeShape=True, color=method-wrapper(...), colorSpace='rgb', contrast=None, depth=0, draggable=False, fillColor=array([1, 1, 1]), fillColorSpace='rgb', fillRGB=array([1, 1, 1]), interpolate=True, lineColor=array([-1, -1, -1]), lineColorSpace='rgb', lineRGB=array([-1, -1, -1]), lineWidth=2, name='node10', opacity=1.0, ori=0.0, pos=array([0.18922429, 0.29443874]), size=array([1., 1.]), units='height', vertices=ndarray(...), win=Window(...))
171.1186 	EXP 	window1: mouseVisible = True
171.1351 	EXP 	Created unnamed ImageStim = ImageStim(__class__=<class 'psychopy.visual.image.ImageStim'>, anchor=('center', 'center'), autoLog=True, color=array([1., 1., 1.]), colorSpace='rgb', contrast=1.0, depth=0, draggable=False, flipHoriz=False, flipVert=False, image='images/pattern_4.png', interpolate=False, mask=None, maskParams=None, name='unnamed ImageStim', opacity=1.0, ori=0.0, pos=array([0.18922429, 0.29443874]), size=array([0.12, 0.12]), texRes=128, units='height', win=Window(...))
171.1351 	EXP 	window1: mouseVisible = True
171.1356 	EXP 	Created unnamed Line = Line(__class__=<class 'psychopy.visual.line.Line'>, anchor=('center', 'center'), autoDraw=False, autoLog=True, closeShape=False, color=array([-1, -1, -1]), colorSpace='rgb', contrast=None, depth=2, draggable=False, fillColor=array([0, 0, 0]), fillColorSpace='rgb', fillRGB=array([0, 0, 0]), interpolate=True, lineColor=array([-1, -1, -1]), lineColorSpace='rgb', lineRGB=array([-1, -1, -1]), lineWidth=4, name='unnamed Line', opacity=0.5, ori=0.0, pos=array([0., 0.]), size=array([1., 1.]), units='height', vertices=ndarray(...), win=Window(...), windingRule=None)
171.1356 	EXP 	window1: mouseVisible = True
171.1360 	EXP 	Created unnamed ShapeStim = ShapeStim(__class__=<class 'psychopy.visual.shape.ShapeStim'>, anchor=('center', 'center'), autoDraw=False, autoLog=True, closeShape=True, color=method-wrapper(...), colorSpace='rgb', contrast=None, depth=0, draggable=False, fillColor=array([-1, -1, -1]), fillColorSpace='rgb', fillRGB=array([-1, -1, -1]), interpolate=True, lineColor=array([-1, -1, -1]), lineColorSpace='rgb', lineRGB=array([-1, -1, -1]), lineWidth=1.5, name='unnamed ShapeStim', opacity=1.0, ori=8.181818181818173, pos=array([-0.32548694,  0.09590418]), size=array([1., 1.]), units='height', vertices=ndarray(...), win=Window(...), windingRule=None)
171.1361 	EXP 	window1: mouseVisible = True
171.1364 	EXP 	Created unnamed Line = Line(__class__=<class 'psychopy.visual.line.Line'>, anchor=('center', 'center'), autoDraw=False, autoLog=True, closeShape=False, color=array([-1, -1, -1]), colorSpace='rgb', contrast=None, depth=2, draggable=False, fillColor=array([0, 0, 0]), fillColorSpace='rgb', fillRGB=array([0, 0, 0]), interpolate=True, lineColor=array([-1, -1, -1]), lineColorSpace='rgb', lineRGB=array([-1, -1, -1]), lineWidth=4, name='unnamed Line', opacity=0.5, ori=0.0, pos=array([0., 0.]), size=array([1., 1.]), units='height', vertices=ndarray(...), win=Window(...), windingRule=None)
171.1365 	EXP 	window1: mouseVisible = True
171.1369 	EXP 	Created unnamed ShapeStim = ShapeStim(__class__=<class 'psychopy.visual.shape.ShapeStim'>, anchor=('center', 'center'), autoDraw=False, autoLog=True, closeShape=True, color=method-wrapper(...), colorSpace='rgb', contrast=None, depth=0, draggable=False, fillColor=array([-1, -1, -1]), fillColorSpace='rgb', fillRGB=array([-1, -1, -1]), interpolate=True, lineColor=array([-1, -1, -1]), lineColorSpace='rgb', lineRGB=array([-1, -1, -1]), lineWidth=1.5, name='unnamed ShapeStim', opacity=1.0, ori=57.27272727272728, pos=array([0.14716161, 0.2674067 ]), size=array([1., 1.]), units='height', vertices=ndarray(...), win=Window(...), windingRule=None)
171.1369 	EXP 	window1: mouseVisible = True
171.1373 	EXP 	Created unnamed Line = Line(__class__=<class 'psychopy.visual.line.Line'>, anchor=('center', 'center'), autoDraw=False, autoLog=True, closeShape=False, color=array([-1, -1, -1]), colorSpace='rgb', contrast=None, depth=2, draggable=False, fillColor=array([0, 0, 0]), fillColorSpace='rgb', fillRGB=array([0, 0, 0]), interpolate=True, lineColor=array([-1, -1, -1]), lineColorSpace='rgb', lineRGB=array([-1, -1, -1]), lineWidth=4, name='unnamed Line', opacity=0.5, ori=0.0, pos=array([0., 0.]), size=array([1., 1.]), units='height', vertices=ndarray(...), win=Window(...), windingRule=None)
171.1373 	EXP 	window1: mouseVisible = True
171.1377 	EXP 	Created unnamed ShapeStim = ShapeStim(__class__=<class 'psychopy.visual.shape.ShapeStim'>, anchor=('center', 'center'), autoDraw=False, autoLog=True, closeShape=True, color=method-wrapper(...), colorSpace='rgb', contrast=None, depth=0, draggable=False, fillColor=array([-1, -1, -1]), fillColorSpace='rgb', fillRGB=array([-1, -1, -1]), interpolate=True, lineColor=array([-1, -1, -1]), lineColorSpace='rgb', lineRGB=array([-1, -1, -1]), lineWidth=1.5, name='unnamed ShapeStim', opacity=1.0, ori=57.27272727272729, pos=array([0.27630852, 0.11836321]), size=array([1., 1.]), units='height', vertices=ndarray(...), win=Window(...), windingRule=None)
171.1377 	EXP 	window1: mouseVisible = True
171.1381 	EXP 	Created unnamed Line = Line(__class__=<class 'psychopy.visual.line.Line'>, anchor=('center', 'center'), autoDraw=False, autoLog=True, closeShape=False, color=array([-1, -1, -1]), colorSpace='rgb', contrast=None, depth=2, draggable=False, fillColor=array([0, 0, 0]), fillColorSpace='rgb', fillRGB=array([0, 0, 0]), interpolate=True, lineColor=array([-1, -1, -1]), lineColorSpace='rgb', lineRGB=array([-1, -1, -1]), lineWidth=4, name='unnamed Line', opacity=0.5, ori=0.0, pos=array([0., 0.]), size=array([1., 1.]), units='height', vertices=ndarray(...), win=Window(...), windingRule=None)
171.1381 	EXP 	window1: mouseVisible = True
171.1385 	EXP 	Created unnamed ShapeStim = ShapeStim(__class__=<class 'psychopy.visual.shape.ShapeStim'>, anchor=('center', 'center'), autoDraw=False, autoLog=True, closeShape=True, color=method-wrapper(...), colorSpace='rgb', contrast=None, depth=0, draggable=False, fillColor=array([-1, -1, -1]), fillColorSpace='rgb', fillRGB=array([-1, -1, -1]), interpolate=True, lineColor=array([-1, -1, -1]), lineColorSpace='rgb', lineRGB=array([-1, -1, -1]), lineWidth=1.5, name='unnamed ShapeStim', opacity=1.0, ori=106.36363636363639, pos=array([ 0.05063175, -0.32173591]), size=array([1., 1.]), units='height', vertices=ndarray(...), win=Window(...), windingRule=None)
171.1385 	EXP 	window1: mouseVisible = True
171.1389 	EXP 	Created unnamed Line = Line(__class__=<class 'psychopy.visual.line.Line'>, anchor=('center', 'center'), autoDraw=False, autoLog=True, closeShape=False, color=array([-1, -1, -1]), colorSpace='rgb', contrast=None, depth=2, draggable=False, fillColor=array([0, 0, 0]), fillColorSpace='rgb', fillRGB=array([0, 0, 0]), interpolate=True, lineColor=array([-1, -1, -1]), lineColorSpace='rgb', lineRGB=array([-1, -1, -1]), lineWidth=4, name='unnamed Line', opacity=0.5, ori=0.0, pos=array([0., 0.]), size=array([1., 1.]), units='height', vertices=ndarray(...), win=Window(...), windingRule=None)
171.1390 	EXP 	window1: mouseVisible = True
171.1394 	EXP 	Created unnamed ShapeStim = ShapeStim(__class__=<class 'psychopy.visual.shape.ShapeStim'>, anchor=('center', 'center'), autoDraw=False, autoLog=True, closeShape=True, color=method-wrapper(...), colorSpace='rgb', contrast=None, depth=0, draggable=False, fillColor=array([-1, -1, -1]), fillColorSpace='rgb', fillRGB=array([-1, -1, -1]), interpolate=True, lineColor=array([-1, -1, -1]), lineColorSpace='rgb', lineRGB=array([-1, -1, -1]), lineWidth=1.5, name='unnamed ShapeStim', opacity=1.0, ori=-40.90909090909091, pos=array([-0.31369447, -0.08759767]), size=array([1., 1.]), units='height', vertices=ndarray(...), win=Window(...), windingRule=None)
171.1394 	EXP 	window1: mouseVisible = True
171.1397 	EXP 	Created unnamed Line = Line(__class__=<class 'psychopy.visual.line.Line'>, anchor=('center', 'center'), autoDraw=False, autoLog=True, closeShape=False, color=array([-1, -1, -1]), colorSpace='rgb', contrast=None, depth=2, draggable=False, fillColor=array([0, 0, 0]), fillColorSpace='rgb', fillRGB=array([0, 0, 0]), interpolate=True, lineColor=array([-1, -1, -1]), lineColorSpace='rgb', lineRGB=array([-1, -1, -1]), lineWidth=4, name='unnamed Line', opacity=0.5, ori=0.0, pos=array([0., 0.]), size=array([1., 1.]), units='height', vertices=ndarray(...), win=Window(...), windingRule=None)
171.1398 	EXP 	window1: mouseVisible = True
171.1402 	EXP 	Created unnamed ShapeStim = ShapeStim(__class__=<class 'psychopy.visual.shape.ShapeStim'>, anchor=('center', 'center'), autoDraw=False, autoLog=True, closeShape=True, color=method-wrapper(...), colorSpace='rgb', contrast=None, depth=0, draggable=False, fillColor=array([-1, -1, -1]), fillColorSpace='rgb', fillRGB=array([-1, -1, -1]), interpolate=True, lineColor=array([-1, -1, -1]), lineColorSpace='rgb', lineRGB=array([-1, -1, -1]), lineWidth=1.5, name='unnamed ShapeStim', opacity=1.0, ori=-24.54545454545456, pos=array([-0.29760045,  0.09991365]), size=array([1., 1.]), units='height', vertices=ndarray(...), win=Window(...), windingRule=None)
171.1402 	EXP 	window1: mouseVisible = True
171.1406 	EXP 	Created unnamed Line = Line(__class__=<class 'psychopy.visual.line.Line'>, anchor=('center', 'center'), autoDraw=False, autoLog=True, closeShape=False, color=array([-1, -1, -1]), colorSpace='rgb', contrast=None, depth=2, draggable=False, fillColor=array([0, 0, 0]), fillColorSpace='rgb', fillRGB=array([0, 0, 0]), interpolate=True, lineColor=array([-1, -1, -1]), lineColorSpace='rgb', lineRGB=array([-1, -1, -1]), lineWidth=4, name='unnamed Line', opacity=0.5, ori=0.0, pos=array([0., 0.]), size=array([1., 1.]), units='height', vertices=ndarray(...), win=Window(...), windingRule=None)
171.1406 	EXP 	window1: mouseVisible = True
171.1410 	EXP 	Created unnamed ShapeStim = ShapeStim(__class__=<class 'psychopy.visual.shape.ShapeStim'>, anchor=('center', 'center'), autoDraw=False, autoLog=True, closeShape=True, color=method-wrapper(...), colorSpace='rgb', contrast=None, depth=0, draggable=False, fillColor=array([-1, -1, -1]), fillColorSpace='rgb', fillRGB=array([-1, -1, -1]), interpolate=True, lineColor=array([-1, -1, -1]), lineColorSpace='rgb', lineRGB=array([-1, -1, -1]), lineWidth=1.5, name='unnamed ShapeStim', opacity=1.0, ori=-24.545454545454547, pos=array([-0.16845354,  0.24895714]), size=array([1., 1.]), units='height', vertices=ndarray(...), win=Window(...), windingRule=None)
171.1410 	EXP 	window1: mouseVisible = True
171.1414 	EXP 	Created unnamed Line = Line(__class__=<class 'psychopy.visual.line.Line'>, anchor=('center', 'center'), autoDraw=False, autoLog=True, closeShape=False, color=array([-1, -1, -1]), colorSpace='rgb', contrast=None, depth=2, draggable=False, fillColor=array([0, 0, 0]), fillColorSpace='rgb', fillRGB=array([0, 0, 0]), interpolate=True, lineColor=array([-1, -1, -1]), lineColorSpace='rgb', lineRGB=array([-1, -1, -1]), lineWidth=4, name='unnamed Line', opacity=0.5, ori=0.0, pos=array([0., 0.]), size=array([1., 1.]), units='height', vertices=ndarray(...), win=Window(...), windingRule=None)
171.1414 	EXP 	window1: mouseVisible = True
171.1418 	EXP 	Created unnamed ShapeStim = ShapeStim(__class__=<class 'psychopy.visual.shape.ShapeStim'>, anchor=('center', 'center'), autoDraw=False, autoLog=True, closeShape=True, color=method-wrapper(...), colorSpace='rgb', contrast=None, depth=0, draggable=False, fillColor=array([-1, -1, -1]), fillColorSpace='rgb', fillRGB=array([-1, -1, -1]), interpolate=True, lineColor=array([-1, -1, -1]), lineColorSpace='rgb', lineRGB=array([-1, -1, -1]), lineWidth=1.5, name='unnamed ShapeStim', opacity=1.0, ori=57.2727272727273, pos=array([ 0.22244967, -0.2562333 ]), size=array([1., 1.]), units='height', vertices=ndarray(...), win=Window(...), windingRule=None)
171.1418 	EXP 	window1: mouseVisible = True
171.1422 	EXP 	Created unnamed Line = Line(__class__=<class 'psychopy.visual.line.Line'>, anchor=('center', 'center'), autoDraw=False, autoLog=True, closeShape=False, color=array([-1, -1, -1]), colorSpace='rgb', contrast=None, depth=2, draggable=False, fillColor=array([0, 0, 0]), fillColorSpace='rgb', fillRGB=array([0, 0, 0]), interpolate=True, lineColor=array([-1, -1, -1]), lineColorSpace='rgb', lineRGB=array([-1, -1, -1]), lineWidth=4, name='unnamed Line', opacity=0.5, ori=0.0, pos=array([0., 0.]), size=array([1., 1.]), units='height', vertices=ndarray(...), win=Window(...), windingRule=None)
171.1422 	EXP 	window1: mouseVisible = True
171.1426 	EXP 	Created unnamed ShapeStim = ShapeStim(__class__=<class 'psychopy.visual.shape.ShapeStim'>, anchor=('center', 'center'), autoDraw=False, autoLog=True, closeShape=True, color=method-wrapper(...), colorSpace='rgb', contrast=None, depth=0, draggable=False, fillColor=array([-1, -1, -1]), fillColorSpace='rgb', fillRGB=array([-1, -1, -1]), interpolate=True, lineColor=array([-1, -1, -1]), lineColorSpace='rgb', lineRGB=array([-1, -1, -1]), lineWidth=1.5, name='unnamed ShapeStim', opacity=1.0, ori=171.8181818181818, pos=array([ 3.39321763e-01, -3.19121302e-04]), size=array([1., 1.]), units='height', vertices=ndarray(...), win=Window(...), windingRule=None)
171.1426 	EXP 	window1: mouseVisible = True
171.1430 	EXP 	Created unnamed Line = Line(__class__=<class 'psychopy.visual.line.Line'>, anchor=('center', 'center'), autoDraw=False, autoLog=True, closeShape=False, color=array([-1, -1, -1]), colorSpace='rgb', contrast=None, depth=2, draggable=False, fillColor=array([0, 0, 0]), fillColorSpace='rgb', fillRGB=array([0, 0, 0]), interpolate=True, lineColor=array([-1, -1, -1]), lineColorSpace='rgb', lineRGB=array([-1, -1, -1]), lineWidth=4, name='unnamed Line', opacity=0.5, ori=0.0, pos=array([0., 0.]), size=array([1., 1.]), units='height', vertices=ndarray(...), win=Window(...), windingRule=None)
171.1430 	EXP 	window1: mouseVisible = True
171.1435 	EXP 	Created unnamed ShapeStim = ShapeStim(__class__=<class 'psychopy.visual.shape.ShapeStim'>, anchor=('center', 'center'), autoDraw=False, autoLog=True, closeShape=True, color=method-wrapper(...), colorSpace='rgb', contrast=None, depth=0, draggable=False, fillColor=array([-1, -1, -1]), fillColorSpace='rgb', fillRGB=array([-1, -1, -1]), interpolate=True, lineColor=array([-1, -1, -1]), lineColorSpace='rgb', lineRGB=array([-1, -1, -1]), lineWidth=1.5, name='unnamed ShapeStim', opacity=1.0, ori=-57.27272727272728, pos=array([0.04206268, 0.32296796]), size=array([1., 1.]), units='height', vertices=ndarray(...), win=Window(...), windingRule=None)
171.1435 	EXP 	window1: mouseVisible = True
171.1439 	EXP 	Created unnamed Rect = Rect(__class__=<class 'psychopy.visual.rect.Rect'>, anchor=('center', 'center'), autoDraw=False, autoLog=True, closeShape=True, color=method-wrapper(...), colorSpace='rgb', contrast=None, depth=0, draggable=False, fillColor=array([0.00392157, 0.00392157, 0.00392157]), fillColorSpace='rgb', fillRGB=array([0.00392157, 0.00392157, 0.00392157]), interpolate=True, lineColor=array([0, 0, 0]), lineColorSpace='rgb', lineRGB=array([0, 0, 0]), lineWidth=0, name='unnamed Rect', opacity=0.0, ori=0.0, pos=array([0.1, 0. ]), size=array([1.1, 1. ]), units='height', vertices=ndarray(...), win=Window(...))
171.1526 	EXP 	unnamed Rect: autoDraw = True
171.1526 	EXP 	node0: autoDraw = True
171.1526 	EXP 	unnamed ImageStim: autoDraw = True
171.1526 	EXP 	node1: autoDraw = True
171.1526 	EXP 	unnamed ImageStim: autoDraw = True
171.1526 	EXP 	node2: autoDraw = True
171.1526 	EXP 	unnamed ImageStim: autoDraw = True
171.1526 	EXP 	node3: autoDraw = True
171.1526 	EXP 	unnamed ImageStim: autoDraw = True
171.1526 	EXP 	node4: autoDraw = True
171.1526 	EXP 	node5: autoDraw = True
171.1526 	EXP 	unnamed ImageStim: autoDraw = True
171.1526 	EXP 	node6: autoDraw = True
171.1526 	EXP 	unnamed ImageStim: autoDraw = True
171.1526 	EXP 	node7: autoDraw = True
171.1526 	EXP 	unnamed ImageStim: autoDraw = True
171.1526 	EXP 	node8: autoDraw = True
171.1526 	EXP 	unnamed ImageStim: autoDraw = True
171.1526 	EXP 	node9: autoDraw = True
171.1526 	EXP 	unnamed ImageStim: autoDraw = True
171.1526 	EXP 	node10: autoDraw = True
171.1526 	EXP 	unnamed ImageStim: autoDraw = True
171.1526 	EXP 	unnamed Line: autoDraw = True
171.1526 	EXP 	unnamed Line: autoDraw = True
171.1526 	EXP 	unnamed ShapeStim: autoDraw = True
171.1526 	EXP 	unnamed Line: autoDraw = True
171.1526 	EXP 	unnamed Line: autoDraw = True
171.1526 	EXP 	unnamed ShapeStim: autoDraw = True
171.1526 	EXP 	unnamed Line: autoDraw = True
171.1526 	EXP 	unnamed Line: autoDraw = True
171.1526 	EXP 	unnamed ShapeStim: autoDraw = True
171.1526 	EXP 	unnamed Line: autoDraw = True
171.1526 	EXP 	unnamed Line: autoDraw = True
171.1526 	EXP 	unnamed ShapeStim: autoDraw = True
171.1526 	EXP 	unnamed Line: autoDraw = True
171.1526 	EXP 	unnamed Line: autoDraw = True
171.1526 	EXP 	unnamed ShapeStim: autoDraw = True
171.1526 	EXP 	unnamed Line: autoDraw = True
171.1526 	EXP 	unnamed Line: autoDraw = True
171.1526 	EXP 	unnamed ShapeStim: autoDraw = True
171.1526 	EXP 	unnamed Line: autoDraw = True
171.1526 	EXP 	unnamed Line: autoDraw = True
171.1526 	EXP 	unnamed ShapeStim: autoDraw = True
171.1526 	EXP 	unnamed Line: autoDraw = True
171.1526 	EXP 	unnamed Line: autoDraw = True
171.1526 	EXP 	unnamed ShapeStim: autoDraw = True
171.1526 	EXP 	unnamed Line: autoDraw = True
171.1526 	EXP 	unnamed Line: autoDraw = True
171.1526 	EXP 	unnamed ShapeStim: autoDraw = True
171.1526 	EXP 	unnamed Line: autoDraw = True
171.1526 	EXP 	unnamed Line: autoDraw = True
171.1526 	EXP 	unnamed ShapeStim: autoDraw = True
171.1526 	EXP 	unnamed Rect: autoDraw = True
171.1526 	EXP 	node4: fillColor = '#126DEF'
171.1620 	EXP 	node4: fillColor = '#126DEF'
171.1620 	EXP 	unnamed Line: foreColor = <psychopy.colors.Color: black, alpha=1.0>
171.1620 	EXP 	unnamed Line: borderColor = <psychopy.colors.Color: black, alpha=1.0>
171.1620 	EXP 	unnamed Line: fillColor = <psychopy.colors.Color: black, alpha=1.0>
171.1620 	EXP 	unnamed ShapeStim: foreColor = <psychopy.colors.Color: black, alpha=1.0>
171.1620 	EXP 	unnamed ShapeStim: borderColor = <psychopy.colors.Color: black, alpha=1.0>
171.1620 	EXP 	unnamed ShapeStim: fillColor = <psychopy.colors.Color: black, alpha=1.0>
171.1620 	EXP 	unnamed Line: foreColor = <psychopy.colors.Color: black, alpha=1.0>
171.1620 	EXP 	unnamed Line: borderColor = <psychopy.colors.Color: black, alpha=1.0>
171.1620 	EXP 	unnamed Line: fillColor = <psychopy.colors.Color: black, alpha=1.0>
171.1620 	EXP 	unnamed ShapeStim: foreColor = <psychopy.colors.Color: black, alpha=1.0>
171.1620 	EXP 	unnamed ShapeStim: borderColor = <psychopy.colors.Color: black, alpha=1.0>
171.1620 	EXP 	unnamed ShapeStim: fillColor = <psychopy.colors.Color: black, alpha=1.0>
171.1620 	EXP 	unnamed Line: autoDraw = False
171.1620 	EXP 	unnamed ShapeStim: autoDraw = False
171.1620 	EXP 	unnamed Line: autoDraw = True
171.1620 	EXP 	unnamed ShapeStim: autoDraw = True
171.1620 	EXP 	unnamed Line: autoDraw = False
171.1620 	EXP 	unnamed ShapeStim: autoDraw = False
171.1620 	EXP 	unnamed Line: autoDraw = True
171.1620 	EXP 	unnamed ShapeStim: autoDraw = True
171.1620 	EXP 	unnamed Line: foreColor = <psychopy.colors.Color: black, alpha=1.0>
171.1620 	EXP 	unnamed Line: borderColor = <psychopy.colors.Color: black, alpha=1.0>
171.1620 	EXP 	unnamed Line: fillColor = <psychopy.colors.Color: black, alpha=1.0>
171.1620 	EXP 	unnamed ShapeStim: foreColor = <psychopy.colors.Color: black, alpha=1.0>
171.1620 	EXP 	unnamed ShapeStim: borderColor = <psychopy.colors.Color: black, alpha=1.0>
171.1620 	EXP 	unnamed ShapeStim: fillColor = <psychopy.colors.Color: black, alpha=1.0>
171.1620 	EXP 	unnamed Line: foreColor = <psychopy.colors.Color: black, alpha=1.0>
171.1620 	EXP 	unnamed Line: borderColor = <psychopy.colors.Color: black, alpha=1.0>
171.1620 	EXP 	unnamed Line: fillColor = <psychopy.colors.Color: black, alpha=1.0>
171.1620 	EXP 	unnamed ShapeStim: foreColor = <psychopy.colors.Color: black, alpha=1.0>
171.1620 	EXP 	unnamed ShapeStim: borderColor = <psychopy.colors.Color: black, alpha=1.0>
171.1620 	EXP 	unnamed ShapeStim: fillColor = <psychopy.colors.Color: black, alpha=1.0>
171.1620 	EXP 	unnamed Line: foreColor = <psychopy.colors.Color: black, alpha=1.0>
171.1620 	EXP 	unnamed Line: borderColor = <psychopy.colors.Color: black, alpha=1.0>
171.1620 	EXP 	unnamed Line: fillColor = <psychopy.colors.Color: black, alpha=1.0>
171.1620 	EXP 	unnamed ShapeStim: foreColor = <psychopy.colors.Color: black, alpha=1.0>
171.1620 	EXP 	unnamed ShapeStim: borderColor = <psychopy.colors.Color: black, alpha=1.0>
171.1620 	EXP 	unnamed ShapeStim: fillColor = <psychopy.colors.Color: black, alpha=1.0>
171.1620 	EXP 	unnamed Line: foreColor = <psychopy.colors.Color: black, alpha=1.0>
171.1620 	EXP 	unnamed Line: borderColor = <psychopy.colors.Color: black, alpha=1.0>
171.1620 	EXP 	unnamed Line: fillColor = <psychopy.colors.Color: black, alpha=1.0>
171.1620 	EXP 	unnamed ShapeStim: foreColor = <psychopy.colors.Color: black, alpha=1.0>
171.1620 	EXP 	unnamed ShapeStim: borderColor = <psychopy.colors.Color: black, alpha=1.0>
171.1620 	EXP 	unnamed ShapeStim: fillColor = <psychopy.colors.Color: black, alpha=1.0>
171.1620 	EXP 	unnamed Line: foreColor = <psychopy.colors.Color: black, alpha=1.0>
171.1620 	EXP 	unnamed Line: borderColor = <psychopy.colors.Color: black, alpha=1.0>
171.1620 	EXP 	unnamed Line: fillColor = <psychopy.colors.Color: black, alpha=1.0>
171.1620 	EXP 	unnamed ShapeStim: foreColor = <psychopy.colors.Color: black, alpha=1.0>
171.1620 	EXP 	unnamed ShapeStim: borderColor = <psychopy.colors.Color: black, alpha=1.0>
171.1620 	EXP 	unnamed ShapeStim: fillColor = <psychopy.colors.Color: black, alpha=1.0>
171.1620 	EXP 	unnamed Line: foreColor = <psychopy.colors.Color: black, alpha=1.0>
171.1620 	EXP 	unnamed Line: borderColor = <psychopy.colors.Color: black, alpha=1.0>
171.1620 	EXP 	unnamed Line: fillColor = <psychopy.colors.Color: black, alpha=1.0>
171.1620 	EXP 	unnamed ShapeStim: foreColor = <psychopy.colors.Color: black, alpha=1.0>
171.1620 	EXP 	unnamed ShapeStim: borderColor = <psychopy.colors.Color: black, alpha=1.0>
171.1620 	EXP 	unnamed ShapeStim: fillColor = <psychopy.colors.Color: black, alpha=1.0>
171.1620 	EXP 	unnamed Line: foreColor = <psychopy.colors.Color: (1.0, 0.58, -0.87, 1.0)>
171.1620 	EXP 	unnamed Line: borderColor = <psychopy.colors.Color: (1.0, 0.58, -0.87, 1.0)>
171.1620 	EXP 	unnamed Line: fillColor = <psychopy.colors.Color: (1.0, 0.58, -0.87, 1.0)>
171.1620 	EXP 	unnamed ShapeStim: foreColor = <psychopy.colors.Color: (1.0, 0.58, -0.87, 1.0)>
171.1620 	EXP 	unnamed ShapeStim: borderColor = <psychopy.colors.Color: (1.0, 0.58, -0.87, 1.0)>
171.1620 	EXP 	unnamed ShapeStim: fillColor = <psychopy.colors.Color: (1.0, 0.58, -0.87, 1.0)>
173.9763 	DATA 	Keypress: f
173.9839 	EXP 	unnamed Line: foreColor = <psychopy.colors.Color: black, alpha=1.0>
173.9839 	EXP 	unnamed Line: borderColor = <psychopy.colors.Color: black, alpha=1.0>
173.9839 	EXP 	unnamed Line: fillColor = <psychopy.colors.Color: black, alpha=1.0>
173.9839 	EXP 	unnamed ShapeStim: foreColor = <psychopy.colors.Color: black, alpha=1.0>
173.9839 	EXP 	unnamed ShapeStim: borderColor = <psychopy.colors.Color: black, alpha=1.0>
173.9839 	EXP 	unnamed ShapeStim: fillColor = <psychopy.colors.Color: black, alpha=1.0>
173.9839 	EXP 	unnamed Line: foreColor = <psychopy.colors.Color: (1.0, 0.58, -0.87, 1.0)>
173.9839 	EXP 	unnamed Line: borderColor = <psychopy.colors.Color: (1.0, 0.58, -0.87, 1.0)>
173.9839 	EXP 	unnamed Line: fillColor = <psychopy.colors.Color: (1.0, 0.58, -0.87, 1.0)>
173.9839 	EXP 	unnamed ShapeStim: foreColor = <psychopy.colors.Color: (1.0, 0.58, -0.87, 1.0)>
173.9839 	EXP 	unnamed ShapeStim: borderColor = <psychopy.colors.Color: (1.0, 0.58, -0.87, 1.0)>
173.9839 	EXP 	unnamed ShapeStim: fillColor = <psychopy.colors.Color: (1.0, 0.58, -0.87, 1.0)>
175.1343 	DATA 	Keypress: j
175.1395 	EXP 	node9: fillColor = '#126DEF'
175.1395 	EXP 	node4: fillColor = 'white'
175.1451 	EXP 	unnamed Line: foreColor = <psychopy.colors.Color: black, alpha=1.0>
175.1451 	EXP 	unnamed Line: borderColor = <psychopy.colors.Color: black, alpha=1.0>
175.1451 	EXP 	unnamed Line: fillColor = <psychopy.colors.Color: black, alpha=1.0>
175.1451 	EXP 	unnamed ShapeStim: foreColor = <psychopy.colors.Color: black, alpha=1.0>
175.1451 	EXP 	unnamed ShapeStim: borderColor = <psychopy.colors.Color: black, alpha=1.0>
175.1451 	EXP 	unnamed ShapeStim: fillColor = <psychopy.colors.Color: black, alpha=1.0>
175.1451 	EXP 	unnamed Line: foreColor = <psychopy.colors.Color: black, alpha=1.0>
175.1451 	EXP 	unnamed Line: borderColor = <psychopy.colors.Color: black, alpha=1.0>
175.1451 	EXP 	unnamed Line: fillColor = <psychopy.colors.Color: black, alpha=1.0>
175.1451 	EXP 	unnamed ShapeStim: foreColor = <psychopy.colors.Color: black, alpha=1.0>
175.1451 	EXP 	unnamed ShapeStim: borderColor = <psychopy.colors.Color: black, alpha=1.0>
175.1451 	EXP 	unnamed ShapeStim: fillColor = <psychopy.colors.Color: black, alpha=1.0>
175.1451 	EXP 	unnamed Line: foreColor = <psychopy.colors.Color: black, alpha=1.0>
175.1451 	EXP 	unnamed Line: borderColor = <psychopy.colors.Color: black, alpha=1.0>
175.1451 	EXP 	unnamed Line: fillColor = <psychopy.colors.Color: black, alpha=1.0>
175.1451 	EXP 	unnamed ShapeStim: foreColor = <psychopy.colors.Color: black, alpha=1.0>
175.1451 	EXP 	unnamed ShapeStim: borderColor = <psychopy.colors.Color: black, alpha=1.0>
175.1451 	EXP 	unnamed ShapeStim: fillColor = <psychopy.colors.Color: black, alpha=1.0>
175.1451 	EXP 	unnamed Line: foreColor = <psychopy.colors.Color: black, alpha=1.0>
175.1451 	EXP 	unnamed Line: borderColor = <psychopy.colors.Color: black, alpha=1.0>
175.1451 	EXP 	unnamed Line: fillColor = <psychopy.colors.Color: black, alpha=1.0>
175.1451 	EXP 	unnamed ShapeStim: foreColor = <psychopy.colors.Color: black, alpha=1.0>
175.1451 	EXP 	unnamed ShapeStim: borderColor = <psychopy.colors.Color: black, alpha=1.0>
175.1451 	EXP 	unnamed ShapeStim: fillColor = <psychopy.colors.Color: black, alpha=1.0>
175.1451 	EXP 	unnamed Line: foreColor = <psychopy.colors.Color: black, alpha=1.0>
175.1451 	EXP 	unnamed Line: borderColor = <psychopy.colors.Color: black, alpha=1.0>
175.1451 	EXP 	unnamed Line: fillColor = <psychopy.colors.Color: black, alpha=1.0>
175.1451 	EXP 	unnamed ShapeStim: foreColor = <psychopy.colors.Color: black, alpha=1.0>
175.1451 	EXP 	unnamed ShapeStim: borderColor = <psychopy.colors.Color: black, alpha=1.0>
175.1451 	EXP 	unnamed ShapeStim: fillColor = <psychopy.colors.Color: black, alpha=1.0>
175.1451 	EXP 	unnamed Line: foreColor = <psychopy.colors.Color: black, alpha=1.0>
175.1451 	EXP 	unnamed Line: borderColor = <psychopy.colors.Color: black, alpha=1.0>
175.1451 	EXP 	unnamed Line: fillColor = <psychopy.colors.Color: black, alpha=1.0>
175.1451 	EXP 	unnamed ShapeStim: foreColor = <psychopy.colors.Color: black, alpha=1.0>
175.1451 	EXP 	unnamed ShapeStim: borderColor = <psychopy.colors.Color: black, alpha=1.0>
175.1451 	EXP 	unnamed ShapeStim: fillColor = <psychopy.colors.Color: black, alpha=1.0>
175.1451 	EXP 	unnamed Line: foreColor = <psychopy.colors.Color: black, alpha=1.0>
175.1451 	EXP 	unnamed Line: borderColor = <psychopy.colors.Color: black, alpha=1.0>
175.1451 	EXP 	unnamed Line: fillColor = <psychopy.colors.Color: black, alpha=1.0>
175.1451 	EXP 	unnamed ShapeStim: foreColor = <psychopy.colors.Color: black, alpha=1.0>
175.1451 	EXP 	unnamed ShapeStim: borderColor = <psychopy.colors.Color: black, alpha=1.0>
175.1451 	EXP 	unnamed ShapeStim: fillColor = <psychopy.colors.Color: black, alpha=1.0>
175.1451 	EXP 	unnamed Line: foreColor = <psychopy.colors.Color: black, alpha=1.0>
175.1451 	EXP 	unnamed Line: borderColor = <psychopy.colors.Color: black, alpha=1.0>
175.1451 	EXP 	unnamed Line: fillColor = <psychopy.colors.Color: black, alpha=1.0>
175.1451 	EXP 	unnamed ShapeStim: foreColor = <psychopy.colors.Color: black, alpha=1.0>
175.1451 	EXP 	unnamed ShapeStim: borderColor = <psychopy.colors.Color: black, alpha=1.0>
175.1451 	EXP 	unnamed ShapeStim: fillColor = <psychopy.colors.Color: black, alpha=1.0>
175.1451 	EXP 	unnamed Line: autoDraw = False
175.1451 	EXP 	unnamed ShapeStim: autoDraw = False
175.1451 	EXP 	unnamed Line: autoDraw = True
175.1451 	EXP 	unnamed ShapeStim: autoDraw = True
175.1451 	EXP 	unnamed Line: autoDraw = False
175.1451 	EXP 	unnamed ShapeStim: autoDraw = False
175.1451 	EXP 	unnamed Line: autoDraw = True
175.1451 	EXP 	unnamed ShapeStim: autoDraw = True
175.1451 	EXP 	unnamed Line: foreColor = <psychopy.colors.Color: (1.0, 0.58, -0.87, 1.0)>
175.1451 	EXP 	unnamed Line: borderColor = <psychopy.colors.Color: (1.0, 0.58, -0.87, 1.0)>
175.1451 	EXP 	unnamed Line: fillColor = <psychopy.colors.Color: (1.0, 0.58, -0.87, 1.0)>
175.1451 	EXP 	unnamed ShapeStim: foreColor = <psychopy.colors.Color: (1.0, 0.58, -0.87, 1.0)>
175.1451 	EXP 	unnamed ShapeStim: borderColor = <psychopy.colors.Color: (1.0, 0.58, -0.87, 1.0)>
175.1451 	EXP 	unnamed ShapeStim: fillColor = <psychopy.colors.Color: (1.0, 0.58, -0.87, 1.0)>
175.8641 	DATA 	Keypress: j
175.8684 	EXP 	node8: fillColor = '#126DEF'
175.8684 	EXP 	node9: fillColor = 'white'
176.5686 	EXP 	window1: mouseVisible = True
176.5702 	EXP 	Created unnamed TextStim = TextStim(__class__=<class 'psychopy.visual.text.TextStim'>, alignHoriz=method-wrapper(...), alignText='center', alignVert=method-wrapper(...), anchorHoriz='center', anchorVert='center', antialias=True, autoDraw=False, autoLog=True, bold=True, color=array([-0.88235294, -0.12156863, -0.97647059]), colorSpace='rgb', contrast=1.0, depth=0, draggable=False, flipHoriz=False, flipVert=False, font='', fontFiles=[], height=0.04, italic=False, languageStyle='LTR', name='unnamed TextStim', opacity=1.0, ori=0.0, pos=array([0.3783712 , 0.20539525]), rgb=UNKNOWN, text='+4', units='height', win=Window(...), wrapWidth=1)
176.5705 	EXP 	window1: mouseVisible = True
176.5711 	EXP 	Created unnamed TextStim = TextStim(__class__=<class 'psychopy.visual.text.TextStim'>, alignHoriz=method-wrapper(...), alignText='center', alignVert=method-wrapper(...), anchorHoriz='center', anchorVert='center', antialias=True, autoDraw=False, autoLog=True, bold=True, color=array([-0.88235294, -0.12156863, -0.97647059]), colorSpace='rgb', contrast=1.0, depth=0, draggable=False, flipHoriz=False, flipVert=False, font='', fontFiles=[], height=0.04, italic=False, languageStyle='LTR', name='unnamed TextStim', opacity=1.0, ori=0.0, pos=array([0.4064375 , 0.01018981]), rgb=UNKNOWN, text='+4', units='height', win=Window(...), wrapWidth=1)
176.5758 	EXP 	node8: fillColor = 'white'
176.5758 	EXP 	unnamed ImageStim: autoDraw = True
176.5758 	EXP 	unnamed ImageStim: autoDraw = True
177.5847 	EXP 	unnamed ImageStim: autoDraw = False
177.5847 	EXP 	unnamed ImageStim: autoDraw = False
177.5847 	EXP 	unnamed Rect: autoDraw = False
177.5847 	EXP 	unnamed Rect: autoDraw = True
177.7277 	EXP 	unnamed Rect: autoDraw = False
177.7277 	EXP 	node0: autoDraw = False
177.7277 	EXP 	unnamed ImageStim: autoDraw = False
177.7277 	EXP 	node1: autoDraw = False
177.7277 	EXP 	unnamed ImageStim: autoDraw = False
177.7277 	EXP 	node2: autoDraw = False
177.7277 	EXP 	unnamed ImageStim: autoDraw = False
177.7277 	EXP 	node3: autoDraw = False
177.7277 	EXP 	unnamed ImageStim: autoDraw = False
177.7277 	EXP 	node4: autoDraw = False
177.7277 	EXP 	node5: autoDraw = False
177.7277 	EXP 	unnamed ImageStim: autoDraw = False
177.7277 	EXP 	node6: autoDraw = False
177.7277 	EXP 	unnamed ImageStim: autoDraw = False
177.7277 	EXP 	node7: autoDraw = False
177.7277 	EXP 	unnamed ImageStim: autoDraw = False
177.7277 	EXP 	node8: autoDraw = False
177.7277 	EXP 	unnamed ImageStim: autoDraw = False
177.7277 	EXP 	node9: autoDraw = False
177.7277 	EXP 	unnamed ImageStim: autoDraw = False
177.7277 	EXP 	node10: autoDraw = False
177.7277 	EXP 	unnamed ImageStim: autoDraw = False
177.7277 	EXP 	unnamed Line: autoDraw = False
177.7277 	EXP 	unnamed ShapeStim: autoDraw = False
177.7277 	EXP 	unnamed Line: autoDraw = False
177.7277 	EXP 	unnamed ShapeStim: autoDraw = False
177.7277 	EXP 	unnamed Line: autoDraw = False
177.7277 	EXP 	unnamed ShapeStim: autoDraw = False
177.7277 	EXP 	unnamed Line: autoDraw = False
177.7277 	EXP 	unnamed ShapeStim: autoDraw = False
177.7277 	EXP 	unnamed Line: autoDraw = False
177.7277 	EXP 	unnamed ShapeStim: autoDraw = False
177.7277 	EXP 	unnamed Line: autoDraw = False
177.7277 	EXP 	unnamed ShapeStim: autoDraw = False
177.7277 	EXP 	unnamed Line: autoDraw = False
177.7277 	EXP 	unnamed ShapeStim: autoDraw = False
177.7277 	EXP 	unnamed Line: autoDraw = False
177.7277 	EXP 	unnamed ShapeStim: autoDraw = False
177.7277 	EXP 	unnamed Line: autoDraw = False
177.7277 	EXP 	unnamed ShapeStim: autoDraw = False
177.7277 	EXP 	unnamed Line: autoDraw = False
177.7277 	EXP 	unnamed ShapeStim: autoDraw = False
177.7277 	EXP 	unnamed Rect: autoDraw = False
177.7415 	INFO 	Mouse: using default window
177.7416 	EXP 	window1: mouseVisible = True
177.7417 	EXP 	window1: mouseVisible = True
177.7454 	EXP 	Created unnamed TextStim = TextStim(__class__=<class 'psychopy.visual.text.TextStim'>, alignHoriz=method-wrapper(...), alignText='center', alignVert=method-wrapper(...), anchorHoriz='center', anchorVert='center', antialias=True, autoDraw=False, autoLog=True, bold=False, color=array([1, 1, 1]), colorSpace='rgb', contrast=1.0, depth=0, draggable=False, flipHoriz=False, flipVert=False, font='', fontFiles=[], height=0.035, italic=False, languageStyle='LTR', name='unnamed TextStim', opacity=1.0, ori=0.0, pos=array([0., 0.]), rgb=UNKNOWN, text='press Space to start', units='height', win=Window(...), wrapWidth=1)
178.3286 	DATA 	Keypress: space
178.3293 	EXP 	window1: mouseVisible = True
178.3298 	EXP 	Created unnamed Rect = Rect(__class__=<class 'psychopy.visual.rect.Rect'>, anchor=('center', 'center'), autoDraw=False, autoLog=True, closeShape=True, color=method-wrapper(...), colorSpace='rgb', contrast=None, depth=0, draggable=False, fillColor=array([0.00392157, 0.00392157, 0.00392157]), fillColorSpace='rgb', fillRGB=array([0.00392157, 0.00392157, 0.00392157]), interpolate=True, lineColor=array([0, 0, 0]), lineColorSpace='rgb', lineRGB=array([0, 0, 0]), lineWidth=0, name='unnamed Rect', opacity=0.5, ori=0.0, pos=array([-0.65,  0.45]), size=array([0.1, 0.1]), units='height', vertices=ndarray(...), win=Window(...))
178.3310 	EXP 	window1: mouseVisible = True
178.3332 	EXP 	Created node0 = Circle(__class__=<class 'psychopy.visual.circle.Circle'>, anchor=('center', 'center'), autoDraw=False, autoLog=True, closeShape=True, color=method-wrapper(...), colorSpace='rgb', contrast=None, depth=0, draggable=False, fillColor=array([1, 1, 1]), fillColorSpace='rgb', fillRGB=array([1, 1, 1]), interpolate=True, lineColor=array([-1, -1, -1]), lineColorSpace='rgb', lineRGB=array([-1, -1, -1]), lineWidth=2, name='node0', opacity=1.0, ori=0.0, pos=array([0.  , 0.35]), size=array([1., 1.]), units='height', vertices=ndarray(...), win=Window(...))
178.3344 	EXP 	window1: mouseVisible = True
178.3365 	EXP 	Created node1 = Circle(__class__=<class 'psychopy.visual.circle.Circle'>, anchor=('center', 'center'), autoDraw=False, autoLog=True, closeShape=True, color=method-wrapper(...), colorSpace='rgb', contrast=None, depth=0, draggable=False, fillColor=array([1, 1, 1]), fillColorSpace='rgb', fillRGB=array([1, 1, 1]), interpolate=True, lineColor=array([-1, -1, -1]), lineColorSpace='rgb', lineRGB=array([-1, -1, -1]), lineWidth=2, name='node1', opacity=1.0, ori=0.0, pos=array([-0.18922429,  0.29443874]), size=array([1., 1.]), units='height', vertices=ndarray(...), win=Window(...))
178.3366 	EXP 	window1: mouseVisible = True
178.3555 	EXP 	Created unnamed ImageStim = ImageStim(__class__=<class 'psychopy.visual.image.ImageStim'>, anchor=('center', 'center'), autoLog=True, color=array([1., 1., 1.]), colorSpace='rgb', contrast=1.0, depth=0, draggable=False, flipHoriz=False, flipVert=False, image='images/pattern_4.png', interpolate=False, mask=None, maskParams=None, name='unnamed ImageStim', opacity=1.0, ori=0.0, pos=array([-0.18922429,  0.29443874]), size=array([0.12, 0.12]), texRes=128, units='height', win=Window(...))
178.3568 	EXP 	window1: mouseVisible = True
178.3593 	EXP 	Created node2 = Circle(__class__=<class 'psychopy.visual.circle.Circle'>, anchor=('center', 'center'), autoDraw=False, autoLog=True, closeShape=True, color=method-wrapper(...), colorSpace='rgb', contrast=None, depth=0, draggable=False, fillColor=array([1, 1, 1]), fillColorSpace='rgb', fillRGB=array([1, 1, 1]), interpolate=True, lineColor=array([-1, -1, -1]), lineColorSpace='rgb', lineRGB=array([-1, -1, -1]), lineWidth=2, name='node2', opacity=1.0, ori=0.0, pos=array([-0.3183712 ,  0.14539525]), size=array([1., 1.]), units='height', vertices=ndarray(...), win=Window(...))
178.3593 	EXP 	window1: mouseVisible = True
178.3783 	EXP 	Created unnamed ImageStim = ImageStim(__class__=<class 'psychopy.visual.image.ImageStim'>, anchor=('center', 'center'), autoLog=True, color=array([1., 1., 1.]), colorSpace='rgb', contrast=1.0, depth=0, draggable=False, flipHoriz=False, flipVert=False, image='images/pattern_1.png', interpolate=False, mask=None, maskParams=None, name='unnamed ImageStim', opacity=1.0, ori=0.0, pos=array([-0.3183712 ,  0.14539525]), size=array([0.12, 0.12]), texRes=128, units='height', win=Window(...))
178.3794 	EXP 	window1: mouseVisible = True
178.3816 	EXP 	Created node3 = Circle(__class__=<class 'psychopy.visual.circle.Circle'>, anchor=('center', 'center'), autoDraw=False, autoLog=True, closeShape=True, color=method-wrapper(...), colorSpace='rgb', contrast=None, depth=0, draggable=False, fillColor=array([1, 1, 1]), fillColorSpace='rgb', fillRGB=array([1, 1, 1]), interpolate=True, lineColor=array([-1, -1, -1]), lineColorSpace='rgb', lineRGB=array([-1, -1, -1]), lineWidth=2, name='node3', opacity=1.0, ori=0.0, pos=array([-0.3464375 , -0.04981019]), size=array([1., 1.]), units='height', vertices=ndarray(...), win=Window(...))
178.3817 	EXP 	window1: mouseVisible = True
178.4009 	EXP 	Created unnamed ImageStim = ImageStim(__class__=<class 'psychopy.visual.image.ImageStim'>, anchor=('center', 'center'), autoLog=True, color=array([1., 1., 1.]), colorSpace='rgb', contrast=1.0, depth=0, draggable=False, flipHoriz=False, flipVert=False, image='images/pattern_1.png', interpolate=False, mask=None, maskParams=None, name='unnamed ImageStim', opacity=1.0, ori=0.0, pos=array([-0.3464375 , -0.04981019]), size=array([0.12, 0.12]), texRes=128, units='height', win=Window(...))
178.4021 	EXP 	window1: mouseVisible = True
178.4043 	EXP 	Created node4 = Circle(__class__=<class 'psychopy.visual.circle.Circle'>, anchor=('center', 'center'), autoDraw=False, autoLog=True, closeShape=True, color=method-wrapper(...), colorSpace='rgb', contrast=None, depth=0, draggable=False, fillColor=array([1, 1, 1]), fillColorSpace='rgb', fillRGB=array([1, 1, 1]), interpolate=True, lineColor=array([-1, -1, -1]), lineColorSpace='rgb', lineRGB=array([-1, -1, -1]), lineWidth=2, name='node4', opacity=1.0, ori=0.0, pos=array([-0.26451235, -0.22920126]), size=array([1., 1.]), units='height', vertices=ndarray(...), win=Window(...))
178.4043 	EXP 	window1: mouseVisible = True
178.4234 	EXP 	Created unnamed ImageStim = ImageStim(__class__=<class 'psychopy.visual.image.ImageStim'>, anchor=('center', 'center'), autoLog=True, color=array([1., 1., 1.]), colorSpace='rgb', contrast=1.0, depth=0, draggable=False, flipHoriz=False, flipVert=False, image='images/pattern_1.png', interpolate=False, mask=None, maskParams=None, name='unnamed ImageStim', opacity=1.0, ori=0.0, pos=array([-0.26451235, -0.22920126]), size=array([0.12, 0.12]), texRes=128, units='height', win=Window(...))
178.4245 	EXP 	window1: mouseVisible = True
178.4266 	EXP 	Created node5 = Circle(__class__=<class 'psychopy.visual.circle.Circle'>, anchor=('center', 'center'), autoDraw=False, autoLog=True, closeShape=True, color=method-wrapper(...), colorSpace='rgb', contrast=None, depth=0, draggable=False, fillColor=array([1, 1, 1]), fillColorSpace='rgb', fillRGB=array([1, 1, 1]), interpolate=True, lineColor=array([-1, -1, -1]), lineColorSpace='rgb', lineRGB=array([-1, -1, -1]), lineWidth=2, name='node5', opacity=1.0, ori=0.0, pos=array([-0.09860639, -0.33582254]), size=array([1., 1.]), units='height', vertices=ndarray(...), win=Window(...))
178.4267 	EXP 	window1: mouseVisible = True
178.4459 	EXP 	Created unnamed ImageStim = ImageStim(__class__=<class 'psychopy.visual.image.ImageStim'>, anchor=('center', 'center'), autoLog=True, color=array([1., 1., 1.]), colorSpace='rgb', contrast=1.0, depth=0, draggable=False, flipHoriz=False, flipVert=False, image='images/pattern_7.png', interpolate=False, mask=None, maskParams=None, name='unnamed ImageStim', opacity=1.0, ori=0.0, pos=array([-0.09860639, -0.33582254]), size=array([0.12, 0.12]), texRes=128, units='height', win=Window(...))
178.4469 	EXP 	window1: mouseVisible = True
178.4488 	EXP 	Created node6 = Circle(__class__=<class 'psychopy.visual.circle.Circle'>, anchor=('center', 'center'), autoDraw=False, autoLog=True, closeShape=True, color=method-wrapper(...), colorSpace='rgb', contrast=None, depth=0, draggable=False, fillColor=array([1, 1, 1]), fillColorSpace='rgb', fillRGB=array([1, 1, 1]), interpolate=True, lineColor=array([-1, -1, -1]), lineColorSpace='rgb', lineRGB=array([-1, -1, -1]), lineWidth=2, name='node6', opacity=1.0, ori=0.0, pos=array([ 0.09860639, -0.33582254]), size=array([1., 1.]), units='height', vertices=ndarray(...), win=Window(...))
178.4488 	EXP 	window1: mouseVisible = True
178.4662 	EXP 	Created unnamed ImageStim = ImageStim(__class__=<class 'psychopy.visual.image.ImageStim'>, anchor=('center', 'center'), autoLog=True, color=array([1., 1., 1.]), colorSpace='rgb', contrast=1.0, depth=0, draggable=False, flipHoriz=False, flipVert=False, image='images/pattern_7.png', interpolate=False, mask=None, maskParams=None, name='unnamed ImageStim', opacity=1.0, ori=0.0, pos=array([ 0.09860639, -0.33582254]), size=array([0.12, 0.12]), texRes=128, units='height', win=Window(...))
178.4673 	EXP 	window1: mouseVisible = True
178.4692 	EXP 	Created node7 = Circle(__class__=<class 'psychopy.visual.circle.Circle'>, anchor=('center', 'center'), autoDraw=False, autoLog=True, closeShape=True, color=method-wrapper(...), colorSpace='rgb', contrast=None, depth=0, draggable=False, fillColor=array([1, 1, 1]), fillColorSpace='rgb', fillRGB=array([1, 1, 1]), interpolate=True, lineColor=array([-1, -1, -1]), lineColorSpace='rgb', lineRGB=array([-1, -1, -1]), lineWidth=2, name='node7', opacity=1.0, ori=0.0, pos=array([ 0.26451235, -0.22920126]), size=array([1., 1.]), units='height', vertices=ndarray(...), win=Window(...))
178.4692 	EXP 	window1: mouseVisible = True
178.4859 	EXP 	Created unnamed ImageStim = ImageStim(__class__=<class 'psychopy.visual.image.ImageStim'>, anchor=('center', 'center'), autoLog=True, color=array([1., 1., 1.]), colorSpace='rgb', contrast=1.0, depth=0, draggable=False, flipHoriz=False, flipVert=False, image='images/pattern_1.png', interpolate=False, mask=None, maskParams=None, name='unnamed ImageStim', opacity=1.0, ori=0.0, pos=array([ 0.26451235, -0.22920126]), size=array([0.12, 0.12]), texRes=128, units='height', win=Window(...))
178.4869 	EXP 	window1: mouseVisible = True
178.4888 	EXP 	Created node8 = Circle(__class__=<class 'psychopy.visual.circle.Circle'>, anchor=('center', 'center'), autoDraw=False, autoLog=True, closeShape=True, color=method-wrapper(...), colorSpace='rgb', contrast=None, depth=0, draggable=False, fillColor=array([1, 1, 1]), fillColorSpace='rgb', fillRGB=array([1, 1, 1]), interpolate=True, lineColor=array([-1, -1, -1]), lineColorSpace='rgb', lineRGB=array([-1, -1, -1]), lineWidth=2, name='node8', opacity=1.0, ori=0.0, pos=array([ 0.3464375 , -0.04981019]), size=array([1., 1.]), units='height', vertices=ndarray(...), win=Window(...))
178.4889 	EXP 	window1: mouseVisible = True
178.5070 	EXP 	Created unnamed ImageStim = ImageStim(__class__=<class 'psychopy.visual.image.ImageStim'>, anchor=('center', 'center'), autoLog=True, color=array([1., 1., 1.]), colorSpace='rgb', contrast=1.0, depth=0, draggable=False, flipHoriz=False, flipVert=False, image='images/pattern_9.png', interpolate=False, mask=None, maskParams=None, name='unnamed ImageStim', opacity=1.0, ori=0.0, pos=array([ 0.3464375 , -0.04981019]), size=array([0.12, 0.12]), texRes=128, units='height', win=Window(...))
178.5081 	EXP 	window1: mouseVisible = True
178.5100 	EXP 	Created node9 = Circle(__class__=<class 'psychopy.visual.circle.Circle'>, anchor=('center', 'center'), autoDraw=False, autoLog=True, closeShape=True, color=method-wrapper(...), colorSpace='rgb', contrast=None, depth=0, draggable=False, fillColor=array([1, 1, 1]), fillColorSpace='rgb', fillRGB=array([1, 1, 1]), interpolate=True, lineColor=array([-1, -1, -1]), lineColorSpace='rgb', lineRGB=array([-1, -1, -1]), lineWidth=2, name='node9', opacity=1.0, ori=0.0, pos=array([0.3183712 , 0.14539525]), size=array([1., 1.]), units='height', vertices=ndarray(...), win=Window(...))
178.5100 	EXP 	window1: mouseVisible = True
178.5268 	EXP 	Created unnamed ImageStim = ImageStim(__class__=<class 'psychopy.visual.image.ImageStim'>, anchor=('center', 'center'), autoLog=True, color=array([1., 1., 1.]), colorSpace='rgb', contrast=1.0, depth=0, draggable=False, flipHoriz=False, flipVert=False, image='images/pattern_1.png', interpolate=False, mask=None, maskParams=None, name='unnamed ImageStim', opacity=1.0, ori=0.0, pos=array([0.3183712 , 0.14539525]), size=array([0.12, 0.12]), texRes=128, units='height', win=Window(...))
178.5278 	EXP 	window1: mouseVisible = True
178.5297 	EXP 	Created node10 = Circle(__class__=<class 'psychopy.visual.circle.Circle'>, anchor=('center', 'center'), autoDraw=False, autoLog=True, closeShape=True, color=method-wrapper(...), colorSpace='rgb', contrast=None, depth=0, draggable=False, fillColor=array([1, 1, 1]), fillColorSpace='rgb', fillRGB=array([1, 1, 1]), interpolate=True, lineColor=array([-1, -1, -1]), lineColorSpace='rgb', lineRGB=array([-1, -1, -1]), lineWidth=2, name='node10', opacity=1.0, ori=0.0, pos=array([0.18922429, 0.29443874]), size=array([1., 1.]), units='height', vertices=ndarray(...), win=Window(...))
178.5297 	EXP 	window1: mouseVisible = True
178.5463 	EXP 	Created unnamed ImageStim = ImageStim(__class__=<class 'psychopy.visual.image.ImageStim'>, anchor=('center', 'center'), autoLog=True, color=array([1., 1., 1.]), colorSpace='rgb', contrast=1.0, depth=0, draggable=False, flipHoriz=False, flipVert=False, image='images/pattern_3.png', interpolate=False, mask=None, maskParams=None, name='unnamed ImageStim', opacity=1.0, ori=0.0, pos=array([0.18922429, 0.29443874]), size=array([0.12, 0.12]), texRes=128, units='height', win=Window(...))
178.5464 	EXP 	window1: mouseVisible = True
178.5468 	EXP 	Created unnamed Line = Line(__class__=<class 'psychopy.visual.line.Line'>, anchor=('center', 'center'), autoDraw=False, autoLog=True, closeShape=False, color=array([-1, -1, -1]), colorSpace='rgb', contrast=None, depth=2, draggable=False, fillColor=array([0, 0, 0]), fillColorSpace='rgb', fillRGB=array([0, 0, 0]), interpolate=True, lineColor=array([-1, -1, -1]), lineColorSpace='rgb', lineRGB=array([-1, -1, -1]), lineWidth=4, name='unnamed Line', opacity=0.5, ori=0.0, pos=array([0., 0.]), size=array([1., 1.]), units='height', vertices=ndarray(...), win=Window(...), windingRule=None)
178.5469 	EXP 	window1: mouseVisible = True
178.5473 	EXP 	Created unnamed ShapeStim = ShapeStim(__class__=<class 'psychopy.visual.shape.ShapeStim'>, anchor=('center', 'center'), autoDraw=False, autoLog=True, closeShape=True, color=method-wrapper(...), colorSpace='rgb', contrast=None, depth=0, draggable=False, fillColor=array([-1, -1, -1]), fillColorSpace='rgb', fillRGB=array([-1, -1, -1]), interpolate=True, lineColor=array([-1, -1, -1]), lineColorSpace='rgb', lineRGB=array([-1, -1, -1]), lineWidth=1.5, name='unnamed ShapeStim', opacity=1.0, ori=220.9090909090909, pos=array([-0.31369447, -0.01202271]), size=array([1., 1.]), units='height', vertices=ndarray(...), win=Window(...), windingRule=None)
178.5473 	EXP 	window1: mouseVisible = True
178.5477 	EXP 	Created unnamed Line = Line(__class__=<class 'psychopy.visual.line.Line'>, anchor=('center', 'center'), autoDraw=False, autoLog=True, closeShape=False, color=array([-1, -1, -1]), colorSpace='rgb', contrast=None, depth=2, draggable=False, fillColor=array([0, 0, 0]), fillColorSpace='rgb', fillRGB=array([0, 0, 0]), interpolate=True, lineColor=array([-1, -1, -1]), lineColorSpace='rgb', lineRGB=array([-1, -1, -1]), lineWidth=4, name='unnamed Line', opacity=0.5, ori=0.0, pos=array([0., 0.]), size=array([1., 1.]), units='height', vertices=ndarray(...), win=Window(...), windingRule=None)
178.5477 	EXP 	window1: mouseVisible = True
178.5481 	EXP 	Created unnamed ShapeStim = ShapeStim(__class__=<class 'psychopy.visual.shape.ShapeStim'>, anchor=('center', 'center'), autoDraw=False, autoLog=True, closeShape=True, color=method-wrapper(...), colorSpace='rgb', contrast=None, depth=0, draggable=False, fillColor=array([-1, -1, -1]), fillColorSpace='rgb', fillRGB=array([-1, -1, -1]), interpolate=True, lineColor=array([-1, -1, -1]), lineColorSpace='rgb', lineRGB=array([-1, -1, -1]), lineWidth=1.5, name='unnamed ShapeStim', opacity=1.0, ori=188.1818181818182, pos=array([-0.09149065, -0.28633147]), size=array([1., 1.]), units='height', vertices=ndarray(...), win=Window(...), windingRule=None)
178.5482 	EXP 	window1: mouseVisible = True
178.5485 	EXP 	Created unnamed Line = Line(__class__=<class 'psychopy.visual.line.Line'>, anchor=('center', 'center'), autoDraw=False, autoLog=True, closeShape=False, color=array([-1, -1, -1]), colorSpace='rgb', contrast=None, depth=2, draggable=False, fillColor=array([0, 0, 0]), fillColorSpace='rgb', fillRGB=array([0, 0, 0]), interpolate=True, lineColor=array([-1, -1, -1]), lineColorSpace='rgb', lineRGB=array([-1, -1, -1]), lineWidth=4, name='unnamed Line', opacity=0.5, ori=0.0, pos=array([0., 0.]), size=array([1., 1.]), units='height', vertices=ndarray(...), win=Window(...), windingRule=None)
178.5486 	EXP 	window1: mouseVisible = True
178.5489 	EXP 	Created unnamed ShapeStim = ShapeStim(__class__=<class 'psychopy.visual.shape.ShapeStim'>, anchor=('center', 'center'), autoDraw=False, autoLog=True, closeShape=True, color=method-wrapper(...), colorSpace='rgb', contrast=None, depth=0, draggable=False, fillColor=array([-1, -1, -1]), fillColorSpace='rgb', fillRGB=array([-1, -1, -1]), interpolate=True, lineColor=array([-1, -1, -1]), lineColorSpace='rgb', lineRGB=array([-1, -1, -1]), lineWidth=1.5, name='unnamed ShapeStim', opacity=1.0, ori=106.36363636363639, pos=array([ 0.2165377 , -0.21511463]), size=array([1., 1.]), units='height', vertices=ndarray(...), win=Window(...), windingRule=None)
178.5490 	EXP 	window1: mouseVisible = True
178.5493 	EXP 	Created unnamed Line = Line(__class__=<class 'psychopy.visual.line.Line'>, anchor=('center', 'center'), autoDraw=False, autoLog=True, closeShape=False, color=array([-1, -1, -1]), colorSpace='rgb', contrast=None, depth=2, draggable=False, fillColor=array([0, 0, 0]), fillColorSpace='rgb', fillRGB=array([0, 0, 0]), interpolate=True, lineColor=array([-1, -1, -1]), lineColorSpace='rgb', lineRGB=array([-1, -1, -1]), lineWidth=4, name='unnamed Line', opacity=0.5, ori=0.0, pos=array([0., 0.]), size=array([1., 1.]), units='height', vertices=ndarray(...), win=Window(...), windingRule=None)
178.5494 	EXP 	window1: mouseVisible = True
178.5497 	EXP 	Created unnamed ShapeStim = ShapeStim(__class__=<class 'psychopy.visual.shape.ShapeStim'>, anchor=('center', 'center'), autoDraw=False, autoLog=True, closeShape=True, color=method-wrapper(...), colorSpace='rgb', contrast=None, depth=0, draggable=False, fillColor=array([-1, -1, -1]), fillColorSpace='rgb', fillRGB=array([-1, -1, -1]), interpolate=True, lineColor=array([-1, -1, -1]), lineColorSpace='rgb', lineRGB=array([-1, -1, -1]), lineWidth=1.5, name='unnamed ShapeStim', opacity=1.0, ori=24.545454545454547, pos=array([-0.20999504,  0.24895714]), size=array([1., 1.]), units='height', vertices=ndarray(...), win=Window(...), windingRule=None)
178.5498 	EXP 	window1: mouseVisible = True
178.5502 	EXP 	Created unnamed Line = Line(__class__=<class 'psychopy.visual.line.Line'>, anchor=('center', 'center'), autoDraw=False, autoLog=True, closeShape=False, color=array([-1, -1, -1]), colorSpace='rgb', contrast=None, depth=2, draggable=False, fillColor=array([0, 0, 0]), fillColorSpace='rgb', fillRGB=array([0, 0, 0]), interpolate=True, lineColor=array([-1, -1, -1]), lineColorSpace='rgb', lineRGB=array([-1, -1, -1]), lineWidth=4, name='unnamed Line', opacity=0.5, ori=0.0, pos=array([0., 0.]), size=array([1., 1.]), units='height', vertices=ndarray(...), win=Window(...), windingRule=None)
178.5502 	EXP 	window1: mouseVisible = True
178.5506 	EXP 	Created unnamed ShapeStim = ShapeStim(__class__=<class 'psychopy.visual.shape.ShapeStim'>, anchor=('center', 'center'), autoDraw=False, autoLog=True, closeShape=True, color=method-wrapper(...), colorSpace='rgb', contrast=None, depth=0, draggable=False, fillColor=array([-1, -1, -1]), fillColorSpace='rgb', fillRGB=array([-1, -1, -1]), interpolate=True, lineColor=array([-1, -1, -1]), lineColorSpace='rgb', lineRGB=array([-1, -1, -1]), lineWidth=1.5, name='unnamed ShapeStim', opacity=1.0, ori=-57.27272727272728, pos=array([-0.22244967, -0.2562333 ]), size=array([1., 1.]), units='height', vertices=ndarray(...), win=Window(...), windingRule=None)
178.5507 	EXP 	window1: mouseVisible = True
178.5510 	EXP 	Created unnamed Line = Line(__class__=<class 'psychopy.visual.line.Line'>, anchor=('center', 'center'), autoDraw=False, autoLog=True, closeShape=False, color=array([-1, -1, -1]), colorSpace='rgb', contrast=None, depth=2, draggable=False, fillColor=array([0, 0, 0]), fillColorSpace='rgb', fillRGB=array([0, 0, 0]), interpolate=True, lineColor=array([-1, -1, -1]), lineColorSpace='rgb', lineRGB=array([-1, -1, -1]), lineWidth=4, name='unnamed Line', opacity=0.5, ori=0.0, pos=array([0., 0.]), size=array([1., 1.]), units='height', vertices=ndarray(...), win=Window(...), windingRule=None)
178.5511 	EXP 	window1: mouseVisible = True
178.5514 	EXP 	Created unnamed ShapeStim = ShapeStim(__class__=<class 'psychopy.visual.shape.ShapeStim'>, anchor=('center', 'center'), autoDraw=False, autoLog=True, closeShape=True, color=method-wrapper(...), colorSpace='rgb', contrast=None, depth=0, draggable=False, fillColor=array([-1, -1, -1]), fillColorSpace='rgb', fillRGB=array([-1, -1, -1]), interpolate=True, lineColor=array([-1, -1, -1]), lineColorSpace='rgb', lineRGB=array([-1, -1, -1]), lineWidth=1.5, name='unnamed ShapeStim', opacity=1.0, ori=57.27272727272728, pos=array([ 0.30437483, -0.07684223]), size=array([1., 1.]), units='height', vertices=ndarray(...), win=Window(...), windingRule=None)
178.5515 	EXP 	window1: mouseVisible = True
178.5518 	EXP 	Created unnamed Line = Line(__class__=<class 'psychopy.visual.line.Line'>, anchor=('center', 'center'), autoDraw=False, autoLog=True, closeShape=False, color=array([-1, -1, -1]), colorSpace='rgb', contrast=None, depth=2, draggable=False, fillColor=array([0, 0, 0]), fillColorSpace='rgb', fillRGB=array([0, 0, 0]), interpolate=True, lineColor=array([-1, -1, -1]), lineColorSpace='rgb', lineRGB=array([-1, -1, -1]), lineWidth=4, name='unnamed Line', opacity=0.5, ori=0.0, pos=array([0., 0.]), size=array([1., 1.]), units='height', vertices=ndarray(...), win=Window(...), windingRule=None)
178.5519 	EXP 	window1: mouseVisible = True
178.5522 	EXP 	Created unnamed ShapeStim = ShapeStim(__class__=<class 'psychopy.visual.shape.ShapeStim'>, anchor=('center', 'center'), autoDraw=False, autoLog=True, closeShape=True, color=method-wrapper(...), colorSpace='rgb', contrast=None, depth=0, draggable=False, fillColor=array([-1, -1, -1]), fillColorSpace='rgb', fillRGB=array([-1, -1, -1]), interpolate=True, lineColor=array([-1, -1, -1]), lineColorSpace='rgb', lineRGB=array([-1, -1, -1]), lineWidth=1.5, name='unnamed ShapeStim', opacity=1.0, ori=-40.90909090909088, pos=array([0.22196732, 0.25665126]), size=array([1., 1.]), units='height', vertices=ndarray(...), win=Window(...), windingRule=None)
178.5523 	EXP 	window1: mouseVisible = True
178.5526 	EXP 	Created unnamed Line = Line(__class__=<class 'psychopy.visual.line.Line'>, anchor=('center', 'center'), autoDraw=False, autoLog=True, closeShape=False, color=array([-1, -1, -1]), colorSpace='rgb', contrast=None, depth=2, draggable=False, fillColor=array([0, 0, 0]), fillColorSpace='rgb', fillRGB=array([0, 0, 0]), interpolate=True, lineColor=array([-1, -1, -1]), lineColorSpace='rgb', lineRGB=array([-1, -1, -1]), lineWidth=4, name='unnamed Line', opacity=0.5, ori=0.0, pos=array([0., 0.]), size=array([1., 1.]), units='height', vertices=ndarray(...), win=Window(...), windingRule=None)
178.5527 	EXP 	window1: mouseVisible = True
178.5530 	EXP 	Created unnamed ShapeStim = ShapeStim(__class__=<class 'psychopy.visual.shape.ShapeStim'>, anchor=('center', 'center'), autoDraw=False, autoLog=True, closeShape=True, color=method-wrapper(...), colorSpace='rgb', contrast=None, depth=0, draggable=False, fillColor=array([-1, -1, -1]), fillColorSpace='rgb', fillRGB=array([-1, -1, -1]), interpolate=True, lineColor=array([-1, -1, -1]), lineColorSpace='rgb', lineRGB=array([-1, -1, -1]), lineWidth=1.5, name='unnamed ShapeStim', opacity=1.0, ori=-90.0, pos=array([-0.2683712 ,  0.14539525]), size=array([1., 1.]), units='height', vertices=ndarray(...), win=Window(...), windingRule=None)
178.5531 	EXP 	window1: mouseVisible = True
178.5534 	EXP 	Created unnamed Line = Line(__class__=<class 'psychopy.visual.line.Line'>, anchor=('center', 'center'), autoDraw=False, autoLog=True, closeShape=False, color=array([-1, -1, -1]), colorSpace='rgb', contrast=None, depth=2, draggable=False, fillColor=array([0, 0, 0]), fillColorSpace='rgb', fillRGB=array([0, 0, 0]), interpolate=True, lineColor=array([-1, -1, -1]), lineColorSpace='rgb', lineRGB=array([-1, -1, -1]), lineWidth=4, name='unnamed Line', opacity=0.5, ori=0.0, pos=array([0., 0.]), size=array([1., 1.]), units='height', vertices=ndarray(...), win=Window(...), windingRule=None)
178.5535 	EXP 	window1: mouseVisible = True
178.5538 	EXP 	Created unnamed ShapeStim = ShapeStim(__class__=<class 'psychopy.visual.shape.ShapeStim'>, anchor=('center', 'center'), autoDraw=False, autoLog=True, closeShape=True, color=method-wrapper(...), colorSpace='rgb', contrast=None, depth=0, draggable=False, fillColor=array([-1, -1, -1]), fillColorSpace='rgb', fillRGB=array([-1, -1, -1]), interpolate=True, lineColor=array([-1, -1, -1]), lineColorSpace='rgb', lineRGB=array([-1, -1, -1]), lineWidth=1.5, name='unnamed ShapeStim', opacity=1.0, ori=253.63636363636365, pos=array([-0.27039655,  0.15948188]), size=array([1., 1.]), units='height', vertices=ndarray(...), win=Window(...), windingRule=None)
178.5539 	EXP 	window1: mouseVisible = True
178.5542 	EXP 	Created unnamed Line = Line(__class__=<class 'psychopy.visual.line.Line'>, anchor=('center', 'center'), autoDraw=False, autoLog=True, closeShape=False, color=array([-1, -1, -1]), colorSpace='rgb', contrast=None, depth=2, draggable=False, fillColor=array([0, 0, 0]), fillColorSpace='rgb', fillRGB=array([0, 0, 0]), interpolate=True, lineColor=array([-1, -1, -1]), lineColorSpace='rgb', lineRGB=array([-1, -1, -1]), lineWidth=4, name='unnamed Line', opacity=0.5, ori=0.0, pos=array([0., 0.]), size=array([1., 1.]), units='height', vertices=ndarray(...), win=Window(...), windingRule=None)
178.5543 	EXP 	window1: mouseVisible = True
178.5547 	EXP 	Created unnamed ShapeStim = ShapeStim(__class__=<class 'psychopy.visual.shape.ShapeStim'>, anchor=('center', 'center'), autoDraw=False, autoLog=True, closeShape=True, color=method-wrapper(...), colorSpace='rgb', contrast=None, depth=0, draggable=False, fillColor=array([-1, -1, -1]), fillColorSpace='rgb', fillRGB=array([-1, -1, -1]), interpolate=True, lineColor=array([-1, -1, -1]), lineColorSpace='rgb', lineRGB=array([-1, -1, -1]), lineWidth=1.5, name='unnamed ShapeStim', opacity=1.0, ori=188.1818181818182, pos=array([ 0.10572214, -0.28633147]), size=array([1., 1.]), units='height', vertices=ndarray(...), win=Window(...), windingRule=None)
178.5547 	EXP 	window1: mouseVisible = True
178.5550 	EXP 	Created unnamed Rect = Rect(__class__=<class 'psychopy.visual.rect.Rect'>, anchor=('center', 'center'), autoDraw=False, autoLog=True, closeShape=True, color=method-wrapper(...), colorSpace='rgb', contrast=None, depth=0, draggable=False, fillColor=array([0.00392157, 0.00392157, 0.00392157]), fillColorSpace='rgb', fillRGB=array([0.00392157, 0.00392157, 0.00392157]), interpolate=True, lineColor=array([0, 0, 0]), lineColorSpace='rgb', lineRGB=array([0, 0, 0]), lineWidth=0, name='unnamed Rect', opacity=0.0, ori=0.0, pos=array([0.1, 0. ]), size=array([1.1, 1. ]), units='height', vertices=ndarray(...), win=Window(...))
178.5617 	EXP 	unnamed Rect: autoDraw = True
178.5617 	EXP 	node0: autoDraw = True
178.5617 	EXP 	node1: autoDraw = True
178.5617 	EXP 	unnamed ImageStim: autoDraw = True
178.5617 	EXP 	node2: autoDraw = True
178.5617 	EXP 	unnamed ImageStim: autoDraw = True
178.5617 	EXP 	node3: autoDraw = True
178.5617 	EXP 	unnamed ImageStim: autoDraw = True
178.5617 	EXP 	node4: autoDraw = True
178.5617 	EXP 	unnamed ImageStim: autoDraw = True
178.5617 	EXP 	node5: autoDraw = True
178.5617 	EXP 	unnamed ImageStim: autoDraw = True
178.5617 	EXP 	node6: autoDraw = True
178.5617 	EXP 	unnamed ImageStim: autoDraw = True
178.5617 	EXP 	node7: autoDraw = True
178.5617 	EXP 	unnamed ImageStim: autoDraw = True
178.5617 	EXP 	node8: autoDraw = True
178.5617 	EXP 	unnamed ImageStim: autoDraw = True
178.5617 	EXP 	node9: autoDraw = True
178.5617 	EXP 	unnamed ImageStim: autoDraw = True
178.5617 	EXP 	node10: autoDraw = True
178.5617 	EXP 	unnamed ImageStim: autoDraw = True
178.5617 	EXP 	unnamed Line: autoDraw = True
178.5617 	EXP 	unnamed Line: autoDraw = True
178.5617 	EXP 	unnamed ShapeStim: autoDraw = True
178.5617 	EXP 	unnamed Line: autoDraw = True
178.5617 	EXP 	unnamed Line: autoDraw = True
178.5617 	EXP 	unnamed ShapeStim: autoDraw = True
178.5617 	EXP 	unnamed Line: autoDraw = True
178.5617 	EXP 	unnamed Line: autoDraw = True
178.5617 	EXP 	unnamed ShapeStim: autoDraw = True
178.5617 	EXP 	unnamed Line: autoDraw = True
178.5617 	EXP 	unnamed Line: autoDraw = True
178.5617 	EXP 	unnamed ShapeStim: autoDraw = True
178.5617 	EXP 	unnamed Line: autoDraw = True
178.5617 	EXP 	unnamed Line: autoDraw = True
178.5617 	EXP 	unnamed ShapeStim: autoDraw = True
178.5617 	EXP 	unnamed Line: autoDraw = True
178.5617 	EXP 	unnamed Line: autoDraw = True
178.5617 	EXP 	unnamed ShapeStim: autoDraw = True
178.5617 	EXP 	unnamed Line: autoDraw = True
178.5617 	EXP 	unnamed Line: autoDraw = True
178.5617 	EXP 	unnamed ShapeStim: autoDraw = True
178.5617 	EXP 	unnamed Line: autoDraw = True
178.5617 	EXP 	unnamed Line: autoDraw = True
178.5617 	EXP 	unnamed ShapeStim: autoDraw = True
178.5617 	EXP 	unnamed Line: autoDraw = True
178.5617 	EXP 	unnamed Line: autoDraw = True
178.5617 	EXP 	unnamed ShapeStim: autoDraw = True
178.5617 	EXP 	unnamed Line: autoDraw = True
178.5617 	EXP 	unnamed Line: autoDraw = True
178.5617 	EXP 	unnamed ShapeStim: autoDraw = True
178.5617 	EXP 	unnamed Rect: autoDraw = True
178.5617 	EXP 	node0: fillColor = '#126DEF'
178.5675 	EXP 	node0: fillColor = '#126DEF'
178.5675 	EXP 	unnamed Line: autoDraw = False
178.5675 	EXP 	unnamed ShapeStim: autoDraw = False
178.5675 	EXP 	unnamed Line: autoDraw = True
178.5675 	EXP 	unnamed ShapeStim: autoDraw = True
178.5675 	EXP 	unnamed Line: autoDraw = False
178.5675 	EXP 	unnamed ShapeStim: autoDraw = False
178.5675 	EXP 	unnamed Line: autoDraw = True
178.5675 	EXP 	unnamed ShapeStim: autoDraw = True
178.5675 	EXP 	unnamed Line: foreColor = <psychopy.colors.Color: black, alpha=1.0>
178.5675 	EXP 	unnamed Line: borderColor = <psychopy.colors.Color: black, alpha=1.0>
178.5675 	EXP 	unnamed Line: fillColor = <psychopy.colors.Color: black, alpha=1.0>
178.5675 	EXP 	unnamed ShapeStim: foreColor = <psychopy.colors.Color: black, alpha=1.0>
178.5675 	EXP 	unnamed ShapeStim: borderColor = <psychopy.colors.Color: black, alpha=1.0>
178.5675 	EXP 	unnamed ShapeStim: fillColor = <psychopy.colors.Color: black, alpha=1.0>
178.5675 	EXP 	unnamed Line: foreColor = <psychopy.colors.Color: black, alpha=1.0>
178.5675 	EXP 	unnamed Line: borderColor = <psychopy.colors.Color: black, alpha=1.0>
178.5675 	EXP 	unnamed Line: fillColor = <psychopy.colors.Color: black, alpha=1.0>
178.5675 	EXP 	unnamed ShapeStim: foreColor = <psychopy.colors.Color: black, alpha=1.0>
178.5675 	EXP 	unnamed ShapeStim: borderColor = <psychopy.colors.Color: black, alpha=1.0>
178.5675 	EXP 	unnamed ShapeStim: fillColor = <psychopy.colors.Color: black, alpha=1.0>
178.5675 	EXP 	unnamed Line: foreColor = <psychopy.colors.Color: black, alpha=1.0>
178.5675 	EXP 	unnamed Line: borderColor = <psychopy.colors.Color: black, alpha=1.0>
178.5675 	EXP 	unnamed Line: fillColor = <psychopy.colors.Color: black, alpha=1.0>
178.5675 	EXP 	unnamed ShapeStim: foreColor = <psychopy.colors.Color: black, alpha=1.0>
178.5675 	EXP 	unnamed ShapeStim: borderColor = <psychopy.colors.Color: black, alpha=1.0>
178.5675 	EXP 	unnamed ShapeStim: fillColor = <psychopy.colors.Color: black, alpha=1.0>
178.5675 	EXP 	unnamed Line: foreColor = <psychopy.colors.Color: black, alpha=1.0>
178.5675 	EXP 	unnamed Line: borderColor = <psychopy.colors.Color: black, alpha=1.0>
178.5675 	EXP 	unnamed Line: fillColor = <psychopy.colors.Color: black, alpha=1.0>
178.5675 	EXP 	unnamed ShapeStim: foreColor = <psychopy.colors.Color: black, alpha=1.0>
178.5675 	EXP 	unnamed ShapeStim: borderColor = <psychopy.colors.Color: black, alpha=1.0>
178.5675 	EXP 	unnamed ShapeStim: fillColor = <psychopy.colors.Color: black, alpha=1.0>
178.5675 	EXP 	unnamed Line: foreColor = <psychopy.colors.Color: black, alpha=1.0>
178.5675 	EXP 	unnamed Line: borderColor = <psychopy.colors.Color: black, alpha=1.0>
178.5675 	EXP 	unnamed Line: fillColor = <psychopy.colors.Color: black, alpha=1.0>
178.5675 	EXP 	unnamed ShapeStim: foreColor = <psychopy.colors.Color: black, alpha=1.0>
178.5675 	EXP 	unnamed ShapeStim: borderColor = <psychopy.colors.Color: black, alpha=1.0>
178.5675 	EXP 	unnamed ShapeStim: fillColor = <psychopy.colors.Color: black, alpha=1.0>
178.5675 	EXP 	unnamed Line: foreColor = <psychopy.colors.Color: black, alpha=1.0>
178.5675 	EXP 	unnamed Line: borderColor = <psychopy.colors.Color: black, alpha=1.0>
178.5675 	EXP 	unnamed Line: fillColor = <psychopy.colors.Color: black, alpha=1.0>
178.5675 	EXP 	unnamed ShapeStim: foreColor = <psychopy.colors.Color: black, alpha=1.0>
178.5675 	EXP 	unnamed ShapeStim: borderColor = <psychopy.colors.Color: black, alpha=1.0>
178.5675 	EXP 	unnamed ShapeStim: fillColor = <psychopy.colors.Color: black, alpha=1.0>
178.5675 	EXP 	unnamed Line: foreColor = <psychopy.colors.Color: black, alpha=1.0>
178.5675 	EXP 	unnamed Line: borderColor = <psychopy.colors.Color: black, alpha=1.0>
178.5675 	EXP 	unnamed Line: fillColor = <psychopy.colors.Color: black, alpha=1.0>
178.5675 	EXP 	unnamed ShapeStim: foreColor = <psychopy.colors.Color: black, alpha=1.0>
178.5675 	EXP 	unnamed ShapeStim: borderColor = <psychopy.colors.Color: black, alpha=1.0>
178.5675 	EXP 	unnamed ShapeStim: fillColor = <psychopy.colors.Color: black, alpha=1.0>
178.5675 	EXP 	unnamed Line: foreColor = <psychopy.colors.Color: black, alpha=1.0>
178.5675 	EXP 	unnamed Line: borderColor = <psychopy.colors.Color: black, alpha=1.0>
178.5675 	EXP 	unnamed Line: fillColor = <psychopy.colors.Color: black, alpha=1.0>
178.5675 	EXP 	unnamed ShapeStim: foreColor = <psychopy.colors.Color: black, alpha=1.0>
178.5675 	EXP 	unnamed ShapeStim: borderColor = <psychopy.colors.Color: black, alpha=1.0>
178.5675 	EXP 	unnamed ShapeStim: fillColor = <psychopy.colors.Color: black, alpha=1.0>
178.5675 	EXP 	unnamed Line: foreColor = <psychopy.colors.Color: (1.0, 0.58, -0.87, 1.0)>
178.5675 	EXP 	unnamed Line: borderColor = <psychopy.colors.Color: (1.0, 0.58, -0.87, 1.0)>
178.5675 	EXP 	unnamed Line: fillColor = <psychopy.colors.Color: (1.0, 0.58, -0.87, 1.0)>
178.5675 	EXP 	unnamed ShapeStim: foreColor = <psychopy.colors.Color: (1.0, 0.58, -0.87, 1.0)>
178.5675 	EXP 	unnamed ShapeStim: borderColor = <psychopy.colors.Color: (1.0, 0.58, -0.87, 1.0)>
178.5675 	EXP 	unnamed ShapeStim: fillColor = <psychopy.colors.Color: (1.0, 0.58, -0.87, 1.0)>
179.7682 	DATA 	Keypress: f
179.7745 	EXP 	unnamed Line: foreColor = <psychopy.colors.Color: black, alpha=1.0>
179.7745 	EXP 	unnamed Line: borderColor = <psychopy.colors.Color: black, alpha=1.0>
179.7745 	EXP 	unnamed Line: fillColor = <psychopy.colors.Color: black, alpha=1.0>
179.7745 	EXP 	unnamed ShapeStim: foreColor = <psychopy.colors.Color: black, alpha=1.0>
179.7745 	EXP 	unnamed ShapeStim: borderColor = <psychopy.colors.Color: black, alpha=1.0>
179.7745 	EXP 	unnamed ShapeStim: fillColor = <psychopy.colors.Color: black, alpha=1.0>
179.7745 	EXP 	unnamed Line: foreColor = <psychopy.colors.Color: (1.0, 0.58, -0.87, 1.0)>
179.7745 	EXP 	unnamed Line: borderColor = <psychopy.colors.Color: (1.0, 0.58, -0.87, 1.0)>
179.7745 	EXP 	unnamed Line: fillColor = <psychopy.colors.Color: (1.0, 0.58, -0.87, 1.0)>
179.7745 	EXP 	unnamed ShapeStim: foreColor = <psychopy.colors.Color: (1.0, 0.58, -0.87, 1.0)>
179.7745 	EXP 	unnamed ShapeStim: borderColor = <psychopy.colors.Color: (1.0, 0.58, -0.87, 1.0)>
179.7745 	EXP 	unnamed ShapeStim: fillColor = <psychopy.colors.Color: (1.0, 0.58, -0.87, 1.0)>
180.9200 	DATA 	Keypress: j
180.9249 	EXP 	node5: fillColor = '#126DEF'
180.9249 	EXP 	node0: fillColor = 'white'
180.9416 	EXP 	unnamed Line: foreColor = <psychopy.colors.Color: black, alpha=1.0>
180.9416 	EXP 	unnamed Line: borderColor = <psychopy.colors.Color: black, alpha=1.0>
180.9416 	EXP 	unnamed Line: fillColor = <psychopy.colors.Color: black, alpha=1.0>
180.9416 	EXP 	unnamed ShapeStim: foreColor = <psychopy.colors.Color: black, alpha=1.0>
180.9416 	EXP 	unnamed ShapeStim: borderColor = <psychopy.colors.Color: black, alpha=1.0>
180.9416 	EXP 	unnamed ShapeStim: fillColor = <psychopy.colors.Color: black, alpha=1.0>
180.9416 	EXP 	unnamed Line: foreColor = <psychopy.colors.Color: black, alpha=1.0>
180.9416 	EXP 	unnamed Line: borderColor = <psychopy.colors.Color: black, alpha=1.0>
180.9416 	EXP 	unnamed Line: fillColor = <psychopy.colors.Color: black, alpha=1.0>
180.9416 	EXP 	unnamed ShapeStim: foreColor = <psychopy.colors.Color: black, alpha=1.0>
180.9416 	EXP 	unnamed ShapeStim: borderColor = <psychopy.colors.Color: black, alpha=1.0>
180.9416 	EXP 	unnamed ShapeStim: fillColor = <psychopy.colors.Color: black, alpha=1.0>
180.9416 	EXP 	unnamed Line: foreColor = <psychopy.colors.Color: black, alpha=1.0>
180.9416 	EXP 	unnamed Line: borderColor = <psychopy.colors.Color: black, alpha=1.0>
180.9416 	EXP 	unnamed Line: fillColor = <psychopy.colors.Color: black, alpha=1.0>
180.9416 	EXP 	unnamed ShapeStim: foreColor = <psychopy.colors.Color: black, alpha=1.0>
180.9416 	EXP 	unnamed ShapeStim: borderColor = <psychopy.colors.Color: black, alpha=1.0>
180.9416 	EXP 	unnamed ShapeStim: fillColor = <psychopy.colors.Color: black, alpha=1.0>
180.9416 	EXP 	unnamed Line: foreColor = <psychopy.colors.Color: black, alpha=1.0>
180.9416 	EXP 	unnamed Line: borderColor = <psychopy.colors.Color: black, alpha=1.0>
180.9416 	EXP 	unnamed Line: fillColor = <psychopy.colors.Color: black, alpha=1.0>
180.9416 	EXP 	unnamed ShapeStim: foreColor = <psychopy.colors.Color: black, alpha=1.0>
180.9416 	EXP 	unnamed ShapeStim: borderColor = <psychopy.colors.Color: black, alpha=1.0>
180.9416 	EXP 	unnamed ShapeStim: fillColor = <psychopy.colors.Color: black, alpha=1.0>
180.9416 	EXP 	unnamed Line: autoDraw = False
180.9416 	EXP 	unnamed ShapeStim: autoDraw = False
180.9416 	EXP 	unnamed Line: autoDraw = True
180.9416 	EXP 	unnamed ShapeStim: autoDraw = True
180.9416 	EXP 	unnamed Line: autoDraw = False
180.9416 	EXP 	unnamed ShapeStim: autoDraw = False
180.9416 	EXP 	unnamed Line: autoDraw = True
180.9416 	EXP 	unnamed ShapeStim: autoDraw = True
180.9416 	EXP 	unnamed Line: foreColor = <psychopy.colors.Color: black, alpha=1.0>
180.9416 	EXP 	unnamed Line: borderColor = <psychopy.colors.Color: black, alpha=1.0>
180.9416 	EXP 	unnamed Line: fillColor = <psychopy.colors.Color: black, alpha=1.0>
180.9416 	EXP 	unnamed ShapeStim: foreColor = <psychopy.colors.Color: black, alpha=1.0>
180.9416 	EXP 	unnamed ShapeStim: borderColor = <psychopy.colors.Color: black, alpha=1.0>
180.9416 	EXP 	unnamed ShapeStim: fillColor = <psychopy.colors.Color: black, alpha=1.0>
180.9416 	EXP 	unnamed Line: foreColor = <psychopy.colors.Color: black, alpha=1.0>
180.9416 	EXP 	unnamed Line: borderColor = <psychopy.colors.Color: black, alpha=1.0>
180.9416 	EXP 	unnamed Line: fillColor = <psychopy.colors.Color: black, alpha=1.0>
180.9416 	EXP 	unnamed ShapeStim: foreColor = <psychopy.colors.Color: black, alpha=1.0>
180.9416 	EXP 	unnamed ShapeStim: borderColor = <psychopy.colors.Color: black, alpha=1.0>
180.9416 	EXP 	unnamed ShapeStim: fillColor = <psychopy.colors.Color: black, alpha=1.0>
180.9416 	EXP 	unnamed Line: foreColor = <psychopy.colors.Color: black, alpha=1.0>
180.9416 	EXP 	unnamed Line: borderColor = <psychopy.colors.Color: black, alpha=1.0>
180.9416 	EXP 	unnamed Line: fillColor = <psychopy.colors.Color: black, alpha=1.0>
180.9416 	EXP 	unnamed ShapeStim: foreColor = <psychopy.colors.Color: black, alpha=1.0>
180.9416 	EXP 	unnamed ShapeStim: borderColor = <psychopy.colors.Color: black, alpha=1.0>
180.9416 	EXP 	unnamed ShapeStim: fillColor = <psychopy.colors.Color: black, alpha=1.0>
180.9416 	EXP 	unnamed Line: foreColor = <psychopy.colors.Color: black, alpha=1.0>
180.9416 	EXP 	unnamed Line: borderColor = <psychopy.colors.Color: black, alpha=1.0>
180.9416 	EXP 	unnamed Line: fillColor = <psychopy.colors.Color: black, alpha=1.0>
180.9416 	EXP 	unnamed ShapeStim: foreColor = <psychopy.colors.Color: black, alpha=1.0>
180.9416 	EXP 	unnamed ShapeStim: borderColor = <psychopy.colors.Color: black, alpha=1.0>
180.9416 	EXP 	unnamed ShapeStim: fillColor = <psychopy.colors.Color: black, alpha=1.0>
180.9416 	EXP 	unnamed Line: foreColor = <psychopy.colors.Color: (1.0, 0.58, -0.87, 1.0)>
180.9416 	EXP 	unnamed Line: borderColor = <psychopy.colors.Color: (1.0, 0.58, -0.87, 1.0)>
180.9416 	EXP 	unnamed Line: fillColor = <psychopy.colors.Color: (1.0, 0.58, -0.87, 1.0)>
180.9416 	EXP 	unnamed ShapeStim: foreColor = <psychopy.colors.Color: (1.0, 0.58, -0.87, 1.0)>
180.9416 	EXP 	unnamed ShapeStim: borderColor = <psychopy.colors.Color: (1.0, 0.58, -0.87, 1.0)>
180.9416 	EXP 	unnamed ShapeStim: fillColor = <psychopy.colors.Color: (1.0, 0.58, -0.87, 1.0)>
181.4722 	DATA 	Keypress: j
181.4775 	EXP 	node8: fillColor = '#126DEF'
181.4775 	EXP 	node5: fillColor = 'white'
182.1776 	EXP 	window1: mouseVisible = True
182.1792 	EXP 	Created unnamed TextStim = TextStim(__class__=<class 'psychopy.visual.text.TextStim'>, alignHoriz=method-wrapper(...), alignText='center', alignVert=method-wrapper(...), anchorHoriz='center', anchorVert='center', antialias=True, autoDraw=False, autoLog=True, bold=True, color=array([-0.88235294, -0.12156863, -0.97647059]), colorSpace='rgb', contrast=1.0, depth=0, draggable=False, flipHoriz=False, flipVert=False, font='', fontFiles=[], height=0.04, italic=False, languageStyle='LTR', name='unnamed TextStim', opacity=1.0, ori=0.0, pos=array([-0.03860639, -0.27582254]), rgb=UNKNOWN, text='+2', units='height', win=Window(...), wrapWidth=1)
182.1795 	EXP 	window1: mouseVisible = True
182.1806 	EXP 	Created unnamed TextStim = TextStim(__class__=<class 'psychopy.visual.text.TextStim'>, alignHoriz=method-wrapper(...), alignText='center', alignVert=method-wrapper(...), anchorHoriz='center', anchorVert='center', antialias=True, autoDraw=False, autoLog=True, bold=True, color=array([-0.88235294, -0.12156863, -0.97647059]), colorSpace='rgb', contrast=1.0, depth=0, draggable=False, flipHoriz=False, flipVert=False, font='', fontFiles=[], height=0.04, italic=False, languageStyle='LTR', name='unnamed TextStim', opacity=1.0, ori=0.0, pos=array([0.4064375 , 0.01018981]), rgb=UNKNOWN, text='+4', units='height', win=Window(...), wrapWidth=1)
182.1851 	EXP 	node8: fillColor = 'white'
182.1851 	EXP 	unnamed ImageStim: autoDraw = True
182.1851 	EXP 	unnamed ImageStim: autoDraw = True
183.1943 	EXP 	unnamed ImageStim: autoDraw = False
183.1943 	EXP 	unnamed ImageStim: autoDraw = False
183.1943 	EXP 	unnamed Rect: autoDraw = False
183.1943 	EXP 	unnamed Rect: autoDraw = True
183.3582 	EXP 	unnamed Rect: autoDraw = False
183.3582 	EXP 	node0: autoDraw = False
183.3582 	EXP 	node1: autoDraw = False
183.3582 	EXP 	unnamed ImageStim: autoDraw = False
183.3582 	EXP 	node2: autoDraw = False
183.3582 	EXP 	unnamed ImageStim: autoDraw = False
183.3582 	EXP 	node3: autoDraw = False
183.3582 	EXP 	unnamed ImageStim: autoDraw = False
183.3582 	EXP 	node4: autoDraw = False
183.3582 	EXP 	unnamed ImageStim: autoDraw = False
183.3582 	EXP 	node5: autoDraw = False
183.3582 	EXP 	unnamed ImageStim: autoDraw = False
183.3582 	EXP 	node6: autoDraw = False
183.3582 	EXP 	unnamed ImageStim: autoDraw = False
183.3582 	EXP 	node7: autoDraw = False
183.3582 	EXP 	unnamed ImageStim: autoDraw = False
183.3582 	EXP 	node8: autoDraw = False
183.3582 	EXP 	unnamed ImageStim: autoDraw = False
183.3582 	EXP 	node9: autoDraw = False
183.3582 	EXP 	unnamed ImageStim: autoDraw = False
183.3582 	EXP 	node10: autoDraw = False
183.3582 	EXP 	unnamed ImageStim: autoDraw = False
183.3582 	EXP 	unnamed Line: autoDraw = False
183.3582 	EXP 	unnamed ShapeStim: autoDraw = False
183.3582 	EXP 	unnamed Line: autoDraw = False
183.3582 	EXP 	unnamed ShapeStim: autoDraw = False
183.3582 	EXP 	unnamed Line: autoDraw = False
183.3582 	EXP 	unnamed ShapeStim: autoDraw = False
183.3582 	EXP 	unnamed Line: autoDraw = False
183.3582 	EXP 	unnamed ShapeStim: autoDraw = False
183.3582 	EXP 	unnamed Line: autoDraw = False
183.3582 	EXP 	unnamed ShapeStim: autoDraw = False
183.3582 	EXP 	unnamed Line: autoDraw = False
183.3582 	EXP 	unnamed ShapeStim: autoDraw = False
183.3582 	EXP 	unnamed Line: autoDraw = False
183.3582 	EXP 	unnamed ShapeStim: autoDraw = False
183.3582 	EXP 	unnamed Line: autoDraw = False
183.3582 	EXP 	unnamed ShapeStim: autoDraw = False
183.3582 	EXP 	unnamed Line: autoDraw = False
183.3582 	EXP 	unnamed ShapeStim: autoDraw = False
183.3582 	EXP 	unnamed Line: autoDraw = False
183.3582 	EXP 	unnamed ShapeStim: autoDraw = False
183.3582 	EXP 	unnamed Rect: autoDraw = False
184.2632 	DATA 	Keypress: space
205.3951 	DATA 	Keypress: return
206.0990 	DATA 	Keypress: space
206.8869 	EXP 	window1: mouseVisible = False
206.8870 	EXP 	window1: units = 'pix'
206.8870 	INFO 	Mouse: using default window
207.0166 	INFO 	Mouse: using default window
207.5529 	DATA 	Keypress: return
213.6418 	DATA 	Keypress: return
239.5853 	EXP 	window1: units = 'pix'
240.5077 	EXP 	window1: units = 'pix'
240.5109 	EXP 	window1: units = 'pix'
249.9195 	DATA 	Keypress: space
252.9547 	DATA 	Keypress: space
253.0099 	EXP 	window1: units = 'pix'
258.7204 	DATA 	Keypress: space
261.4883 	DATA 	Keypress: space
274.7524 	DATA 	Keypress: space
277.7523 	DATA 	Keypress: space
279.6884 	DATA 	Keypress: space
283.9356 	DATA 	Keypress: space
284.5923 	DATA 	Keypress: space
288.1203 	DATA 	Keypress: space
288.1209 	INFO 	Mouse: using default window
289.6558 	DATA 	Keypress: space
289.7112 	EXP 	window1: units = 'pix'
292.5444 	DATA 	Keypress: f
293.1604 	DATA 	Keypress: j
293.7603 	DATA 	Keypress: f
294.0959 	DATA 	Keypress: j
297.7377 	DATA 	Keypress: space
297.7385 	INFO 	Mouse: using default window
299.0396 	DATA 	Keypress: space
299.0955 	EXP 	window1: units = 'pix'
301.2244 	DATA 	Keypress: f
302.0785 	DATA 	Keypress: f
302.6564 	DATA 	Keypress: j
303.1361 	DATA 	Keypress: j
305.3764 	DATA 	Keypress: space
305.3770 	INFO 	Mouse: using default window
305.7565 	DATA 	Keypress: space
307.2529 	DATA 	Keypress: space
307.2965 	EXP 	window1: units = 'pix'
309.5524 	DATA 	Keypress: f
310.0321 	DATA 	Keypress: j
310.8242 	DATA 	Keypress: f
311.0629 	DATA 	Keypress: j
312.2305 	DATA 	Keypress: space
313.6243 	DATA 	Keypress: space
313.6248 	INFO 	Mouse: using default window
314.1458 	DATA 	Keypress: space
315.9808 	DATA 	Keypress: space
316.0303 	EXP 	window1: units = 'pix'
319.8963 	DATA 	Keypress: f
321.1443 	DATA 	Keypress: j
321.8481 	DATA 	Keypress: j
324.1283 	DATA 	Keypress: space
324.1289 	INFO 	Mouse: using default window
324.5154 	DATA 	Keypress: space
325.0652 	DATA 	Keypress: space
325.1107 	EXP 	window1: units = 'pix'
328.0884 	DATA 	Keypress: f
328.4391 	DATA 	Keypress: j
328.8784 	DATA 	Keypress: f
329.1122 	DATA 	Keypress: j
331.5584 	DATA 	Keypress: space
331.5588 	INFO 	Mouse: using default window
332.0059 	DATA 	Keypress: space
332.9237 	DATA 	Keypress: space
335.2476 	DATA 	Keypress: space
335.3097 	EXP 	window1: units = 'pix'
337.2404 	DATA 	Keypress: f
337.8706 	DATA 	Keypress: j
338.4241 	DATA 	Keypress: f
338.7518 	DATA 	Keypress: j
341.1107 	DATA 	Keypress: space
341.1114 	INFO 	Mouse: using default window
341.7982 	DATA 	Keypress: space
341.8413 	EXP 	window1: units = 'pix'
343.4723 	DATA 	Keypress: j
344.0484 	DATA 	Keypress: f
344.2561 	DATA 	Keypress: j
346.8644 	DATA 	Keypress: space
346.8650 	INFO 	Mouse: using default window
350.8550 	DATA 	Keypress: space
350.9097 	EXP 	window1: units = 'pix'
355.0174 	DATA 	Keypress: j
355.8548 	DATA 	Keypress: j
358.2555 	DATA 	Keypress: space
358.2561 	INFO 	Mouse: using default window
358.7444 	DATA 	Keypress: space
359.3567 	DATA 	Keypress: space
359.4103 	EXP 	window1: units = 'pix'
361.6242 	DATA 	Keypress: f
361.9425 	DATA 	Keypress: j
362.3924 	DATA 	Keypress: j
364.7201 	DATA 	Keypress: space
364.7206 	INFO 	Mouse: using default window
365.2971 	DATA 	Keypress: space
365.3596 	EXP 	window1: units = 'pix'
370.0562 	DATA 	Keypress: f
370.3760 	DATA 	Keypress: j
370.7999 	DATA 	Keypress: j
373.1683 	DATA 	Keypress: space
373.1688 	INFO 	Mouse: using default window
374.3642 	DATA 	Keypress: space
374.4115 	EXP 	window1: units = 'pix'
376.2805 	DATA 	Keypress: f
377.2403 	DATA 	Keypress: j
377.6560 	DATA 	Keypress: f
377.8878 	DATA 	Keypress: j
381.2324 	DATA 	Keypress: space
381.2330 	INFO 	Mouse: using default window
383.5837 	DATA 	Keypress: space
383.6301 	EXP 	window1: units = 'pix'
385.6323 	DATA 	Keypress: j
386.0886 	DATA 	Keypress: f
386.4880 	DATA 	Keypress: j
388.8481 	DATA 	Keypress: space
388.8486 	INFO 	Mouse: using default window
389.3480 	DATA 	Keypress: space
389.4619 	EXP 	window1: units = 'pix'
393.3845 	DATA 	Keypress: f
394.8402 	DATA 	Keypress: f
395.2237 	DATA 	Keypress: j
395.5761 	DATA 	Keypress: f
395.7917 	DATA 	Keypress: j
398.1108 	DATA 	Keypress: space
398.1113 	INFO 	Mouse: using default window
401.7337 	DATA 	Keypress: space
401.8196 	EXP 	window1: units = 'pix'
404.0643 	DATA 	Keypress: j
404.5525 	DATA 	Keypress: f
404.7439 	DATA 	Keypress: j
407.3368 	DATA 	Keypress: space
407.3375 	INFO 	Mouse: using default window
407.9428 	DATA 	Keypress: space
408.2767 	EXP 	window1: units = 'pix'
409.8244 	DATA 	Keypress: f
411.0404 	DATA 	Keypress: j
411.4641 	DATA 	Keypress: j
413.7202 	DATA 	Keypress: space
413.7208 	INFO 	Mouse: using default window
414.4613 	DATA 	Keypress: space
414.5085 	EXP 	window1: units = 'pix'
416.3204 	DATA 	Keypress: j
416.7841 	DATA 	Keypress: f
417.0959 	DATA 	Keypress: j
419.3204 	DATA 	Keypress: space
419.3210 	INFO 	Mouse: using default window
421.0078 	DATA 	Keypress: space
421.0598 	EXP 	window1: units = 'pix'
424.2485 	DATA 	Keypress: f
424.8721 	DATA 	Keypress: j
425.4964 	DATA 	Keypress: j
427.7523 	DATA 	Keypress: space
427.7527 	INFO 	Mouse: using default window
428.2378 	DATA 	Keypress: space
428.3537 	EXP 	window1: units = 'pix'
430.2004 	DATA 	Keypress: f
430.9921 	DATA 	Keypress: f
431.2799 	DATA 	Keypress: j
431.7603 	DATA 	Keypress: j
434.5443 	DATA 	Keypress: space
434.5447 	INFO 	Mouse: using default window
435.1349 	DATA 	Keypress: space
435.1769 	EXP 	window1: units = 'pix'
438.3365 	DATA 	Keypress: j
438.7601 	DATA 	Keypress: j
441.2964 	DATA 	Keypress: space
441.2970 	INFO 	Mouse: using default window
441.7174 	DATA 	Keypress: space
443.0942 	DATA 	Keypress: space
443.1434 	EXP 	window1: units = 'pix'
445.3764 	DATA 	Keypress: f
445.6879 	DATA 	Keypress: f
446.9114 	DATA 	Keypress: f
447.2960 	DATA 	Keypress: f
447.7839 	DATA 	Keypress: j
448.6482 	DATA 	Keypress: f
448.9519 	DATA 	Keypress: j
450.8344 	DATA 	Keypress: space
452.2801 	DATA 	Keypress: space
452.2805 	INFO 	Mouse: using default window
453.0487 	DATA 	Keypress: space
453.0907 	EXP 	window1: units = 'pix'
454.8565 	DATA 	Keypress: f
455.3359 	DATA 	Keypress: j
455.7359 	DATA 	Keypress: f
455.9521 	DATA 	Keypress: j
458.4483 	DATA 	Keypress: space
458.4488 	INFO 	Mouse: using default window
458.9697 	DATA 	Keypress: space
459.0403 	EXP 	window1: units = 'pix'
463.7925 	DATA 	Keypress: f
464.8002 	DATA 	Keypress: f
465.5124 	DATA 	Keypress: f
466.3843 	DATA 	Keypress: j
467.2961 	DATA 	Keypress: j
470.0163 	DATA 	Keypress: space
470.0171 	INFO 	Mouse: using default window
471.1393 	DATA 	Keypress: space
471.1928 	EXP 	window1: units = 'pix'
472.7764 	DATA 	Keypress: f
473.7282 	DATA 	Keypress: f
476.4483 	DATA 	Keypress: f
476.7682 	DATA 	Keypress: j
478.1844 	DATA 	Keypress: j
481.4485 	DATA 	Keypress: space
481.4491 	INFO 	Mouse: using default window
482.1890 	DATA 	Keypress: space
482.2267 	EXP 	window1: units = 'pix'
483.7605 	DATA 	Keypress: f
485.7043 	DATA 	Keypress: f
486.0076 	DATA 	Keypress: f
487.5521 	DATA 	Keypress: j
489.0003 	DATA 	Keypress: j
491.5203 	DATA 	Keypress: space
491.5209 	INFO 	Mouse: using default window
492.0450 	DATA 	Keypress: space
492.1450 	EXP 	window1: units = 'pix'
494.6564 	DATA 	Keypress: f
495.6484 	DATA 	Keypress: j
496.0961 	DATA 	Keypress: j
498.5204 	DATA 	Keypress: space
498.5210 	INFO 	Mouse: using default window
499.1765 	DATA 	Keypress: space
499.2275 	EXP 	window1: units = 'pix'
500.7917 	DATA 	Keypress: f
502.0485 	DATA 	Keypress: f
503.5043 	DATA 	Keypress: f
503.8405 	DATA 	Keypress: j
504.2640 	DATA 	Keypress: f
504.4799 	DATA 	Keypress: j
506.7925 	DATA 	Keypress: f
507.1282 	DATA 	Keypress: space
507.1287 	INFO 	Mouse: using default window
507.8042 	DATA 	Keypress: space
507.8431 	EXP 	window1: units = 'pix'
509.2884 	DATA 	Keypress: j
509.7278 	DATA 	Keypress: j
511.9443 	DATA 	Keypress: space
511.9449 	INFO 	Mouse: using default window
512.5165 	DATA 	Keypress: space
512.6055 	EXP 	window1: units = 'pix'
516.0486 	DATA 	Keypress: f
517.5444 	DATA 	Keypress: j
518.0720 	DATA 	Keypress: j
520.4084 	DATA 	Keypress: space
520.4089 	INFO 	Mouse: using default window
520.8454 	DATA 	Keypress: space
521.3735 	DATA 	Keypress: space
521.4084 	EXP 	window1: units = 'pix'
523.2245 	DATA 	Keypress: f
524.3763 	DATA 	Keypress: f
524.7507 	DATA 	Keypress: f
525.0399 	DATA 	Keypress: j
525.5201 	DATA 	Keypress: j
527.7519 	DATA 	Keypress: space
527.7524 	INFO 	Mouse: using default window
528.1347 	DATA 	Keypress: space
528.8264 	DATA 	Keypress: space
528.8773 	EXP 	window1: units = 'pix'
530.5748 	DATA 	Keypress: f
531.6723 	DATA 	Keypress: f
533.5905 	DATA 	Keypress: f
535.1524 	DATA 	Keypress: j
535.5680 	DATA 	Keypress: j
538.1364 	DATA 	Keypress: space
538.1370 	INFO 	Mouse: using default window
538.5695 	DATA 	Keypress: space
539.0058 	DATA 	Keypress: space
539.0435 	EXP 	window1: units = 'pix'
543.7687 	DATA 	Keypress: f
544.1599 	DATA 	Keypress: j
544.7521 	DATA 	Keypress: f
544.9998 	DATA 	Keypress: j
547.0403 	DATA 	Keypress: space
547.0409 	INFO 	Mouse: using default window
547.5404 	DATA 	Keypress: space
547.6679 	EXP 	window1: units = 'pix'
548.0323 	DATA 	Keypress: space
552.4565 	DATA 	Keypress: f
554.4003 	DATA 	Keypress: j
554.8886 	DATA 	Keypress: j
557.1362 	DATA 	Keypress: space
557.1367 	INFO 	Mouse: using default window
557.6268 	DATA 	Keypress: space
558.4607 	DATA 	Keypress: space
558.5100 	EXP 	window1: units = 'pix'
560.4878 	DATA 	Keypress: f
560.8005 	DATA 	Keypress: j
561.2002 	DATA 	Keypress: f
561.3439 	DATA 	Keypress: j
564.1445 	DATA 	Keypress: space
564.1451 	INFO 	Mouse: using default window
564.9729 	DATA 	Keypress: space
565.0087 	EXP 	window1: units = 'pix'
566.3445 	DATA 	Keypress: j
566.7108 	DATA 	Keypress: j
569.2484 	DATA 	Keypress: space
569.2490 	INFO 	Mouse: using default window
569.9234 	DATA 	Keypress: space
569.9584 	EXP 	window1: units = 'pix'
572.6241 	DATA 	Keypress: j
573.1922 	DATA 	Keypress: f
573.5122 	DATA 	Keypress: j
575.9605 	DATA 	Keypress: space
575.9611 	INFO 	Mouse: using default window
576.1234 	DATA 	Keypress: d
576.8144 	DATA 	Keypress: space
576.8579 	EXP 	window1: units = 'pix'
578.4166 	DATA 	Keypress: f
579.5044 	DATA 	Keypress: f
580.5122 	DATA 	Keypress: f
580.7679 	DATA 	Keypress: j
581.3360 	DATA 	Keypress: j
583.6244 	DATA 	Keypress: space
583.6250 	INFO 	Mouse: using default window
584.4100 	DATA 	Keypress: space
584.5314 	EXP 	window1: units = 'pix'
586.9445 	DATA 	Keypress: j
587.4395 	DATA 	Keypress: f
587.6882 	DATA 	Keypress: j
590.0957 	DATA 	Keypress: space
590.0963 	INFO 	Mouse: using default window
590.6693 	DATA 	Keypress: space
590.7075 	EXP 	window1: units = 'pix'
593.3351 	DATA 	Keypress: j
593.7602 	DATA 	Keypress: j
596.1749 	DATA 	Keypress: space
596.1755 	INFO 	Mouse: using default window
596.6056 	DATA 	Keypress: space
597.0203 	DATA 	Keypress: space
597.0589 	EXP 	window1: units = 'pix'
598.7685 	DATA 	Keypress: f
599.0789 	DATA 	Keypress: j
599.5044 	DATA 	Keypress: f
599.7119 	DATA 	Keypress: j
602.3685 	DATA 	Keypress: space
602.3691 	INFO 	Mouse: using default window
603.0083 	DATA 	Keypress: space
603.0416 	EXP 	window1: units = 'pix'
604.4725 	DATA 	Keypress: f
605.1190 	DATA 	Keypress: j
605.8164 	DATA 	Keypress: j
608.1831 	DATA 	Keypress: space
608.1838 	INFO 	Mouse: using default window
608.8892 	DATA 	Keypress: space
608.9256 	EXP 	window1: units = 'pix'
610.1684 	DATA 	Keypress: f
612.4165 	DATA 	Keypress: j
613.0962 	DATA 	Keypress: f
613.3518 	DATA 	Keypress: j
615.8404 	DATA 	Keypress: space
615.8409 	INFO 	Mouse: using default window
616.2892 	DATA 	Keypress: space
617.6429 	DATA 	Keypress: space
617.6931 	EXP 	window1: units = 'pix'
619.2806 	DATA 	Keypress: f
619.6321 	DATA 	Keypress: f
620.1762 	DATA 	Keypress: j
620.6084 	DATA 	Keypress: f
620.8560 	DATA 	Keypress: j
623.2244 	DATA 	Keypress: space
623.2250 	INFO 	Mouse: using default window
623.8085 	DATA 	Keypress: space
623.8577 	EXP 	window1: units = 'pix'
625.8164 	DATA 	Keypress: f
626.2881 	DATA 	Keypress: f
627.3925 	DATA 	Keypress: f
629.0324 	DATA 	Keypress: f
629.3280 	DATA 	Keypress: j
629.8806 	DATA 	Keypress: j
632.1843 	DATA 	Keypress: space
632.1848 	INFO 	Mouse: using default window
633.0759 	DATA 	Keypress: space
633.1114 	EXP 	window1: units = 'pix'
634.4006 	DATA 	Keypress: f
634.8082 	DATA 	Keypress: f
635.2082 	DATA 	Keypress: f
635.5446 	DATA 	Keypress: j
636.0724 	DATA 	Keypress: j
638.5446 	DATA 	Keypress: space
638.5453 	INFO 	Mouse: using default window
639.1798 	DATA 	Keypress: space
639.2244 	EXP 	window1: units = 'pix'
641.0645 	DATA 	Keypress: f
642.0406 	DATA 	Keypress: f
642.6963 	DATA 	Keypress: j
643.1040 	DATA 	Keypress: j
645.4326 	DATA 	Keypress: space
645.4332 	INFO 	Mouse: using default window
646.2216 	DATA 	Keypress: space
646.2596 	EXP 	window1: units = 'pix'
648.4486 	DATA 	Keypress: f
648.7360 	DATA 	Keypress: f
649.1201 	DATA 	Keypress: j
649.5601 	DATA 	Keypress: j
652.0165 	DATA 	Keypress: space
652.0171 	INFO 	Mouse: using default window
652.4647 	DATA 	Keypress: space
653.5133 	DATA 	Keypress: space
653.5595 	EXP 	window1: units = 'pix'
655.3366 	DATA 	Keypress: f
656.3123 	DATA 	Keypress: f
657.5525 	DATA 	Keypress: j
658.1201 	DATA 	Keypress: j
660.6489 	DATA 	Keypress: space
660.6494 	INFO 	Mouse: using default window
662.0488 	DATA 	Keypress: space
662.0941 	EXP 	window1: units = 'pix'
664.8406 	DATA 	Keypress: f
665.1681 	DATA 	Keypress: j
665.6405 	DATA 	Keypress: j
668.2405 	DATA 	Keypress: space
668.2411 	INFO 	Mouse: using default window
669.5580 	DATA 	Keypress: space
669.6116 	EXP 	window1: units = 'pix'
670.9286 	DATA 	Keypress: j
671.2880 	DATA 	Keypress: f
671.5125 	DATA 	Keypress: j
673.8725 	DATA 	Keypress: space
673.8731 	INFO 	Mouse: using default window
674.7617 	DATA 	Keypress: space
674.8072 	EXP 	window1: units = 'pix'
675.9285 	DATA 	Keypress: f
677.3204 	DATA 	Keypress: j
677.8246 	DATA 	Keypress: j
680.4477 	DATA 	Keypress: space
680.4483 	INFO 	Mouse: using default window
681.4690 	DATA 	Keypress: space
681.5092 	EXP 	window1: units = 'pix'
683.2166 	DATA 	Keypress: f
684.3365 	DATA 	Keypress: j
684.7282 	DATA 	Keypress: j
687.0965 	DATA 	Keypress: space
687.0970 	INFO 	Mouse: using default window
687.8622 	DATA 	Keypress: space
687.9077 	EXP 	window1: units = 'pix'
689.5590 	DATA 	Keypress: j
689.9365 	DATA 	Keypress: f
690.3601 	DATA 	Keypress: j
692.7915 	DATA 	Keypress: space
692.7921 	INFO 	Mouse: using default window
693.6878 	DATA 	Keypress: space
693.7253 	EXP 	window1: units = 'pix'
695.4086 	DATA 	Keypress: f
695.8967 	DATA 	Keypress: f
697.4483 	DATA 	Keypress: f
699.2485 	DATA 	Keypress: j
699.7123 	DATA 	Keypress: f
699.9680 	DATA 	Keypress: j
702.2965 	DATA 	Keypress: space
702.2971 	INFO 	Mouse: using default window
702.7681 	DATA 	Keypress: space
702.8995 	EXP 	window1: units = 'pix'
705.5527 	DATA 	Keypress: f
706.0241 	DATA 	Keypress: j
706.8644 	DATA 	Keypress: f
707.0800 	DATA 	Keypress: j
709.3525 	DATA 	Keypress: space
709.3530 	INFO 	Mouse: using default window
709.9970 	DATA 	Keypress: space
710.0408 	EXP 	window1: units = 'pix'
711.5605 	DATA 	Keypress: f
713.2884 	DATA 	Keypress: j
713.7362 	DATA 	Keypress: j
715.9925 	DATA 	Keypress: space
715.9930 	INFO 	Mouse: using default window
716.7858 	DATA 	Keypress: space
716.8257 	EXP 	window1: units = 'pix'
718.1445 	DATA 	Keypress: f
720.2487 	DATA 	Keypress: j
721.5043 	DATA 	Keypress: j
723.8484 	DATA 	Keypress: space
723.8489 	INFO 	Mouse: using default window
724.5115 	DATA 	Keypress: space
724.5576 	EXP 	window1: units = 'pix'
726.1527 	DATA 	Keypress: f
727.3603 	DATA 	Keypress: f
730.8805 	DATA 	Keypress: f
731.7429 	DATA 	Keypress: j
732.3845 	DATA 	Keypress: j
734.7667 	DATA 	Keypress: space
734.7672 	INFO 	Mouse: using default window
735.1238 	DATA 	Keypress: space
735.6507 	DATA 	Keypress: space
735.6925 	EXP 	window1: units = 'pix'
740.7687 	DATA 	Keypress: j
741.6007 	DATA 	Keypress: j
744.1350 	DATA 	Keypress: space
744.1357 	INFO 	Mouse: using default window
744.9328 	DATA 	Keypress: space
744.9767 	EXP 	window1: units = 'pix'
747.3287 	DATA 	Keypress: f
747.6081 	DATA 	Keypress: j
748.5843 	DATA 	Keypress: j
751.0246 	DATA 	Keypress: space
751.0251 	INFO 	Mouse: using default window
752.0052 	DATA 	Keypress: space
752.0430 	EXP 	window1: units = 'pix'
753.3047 	DATA 	Keypress: f
754.4964 	DATA 	Keypress: f
757.0406 	DATA 	Keypress: j
757.4242 	DATA 	Keypress: j
759.8325 	DATA 	Keypress: space
759.8330 	INFO 	Mouse: using default window
760.3939 	DATA 	Keypress: space
760.4404 	EXP 	window1: units = 'pix'
761.9437 	DATA 	Keypress: f
763.3524 	DATA 	Keypress: j
763.7681 	DATA 	Keypress: j
766.1445 	DATA 	Keypress: space
766.1451 	INFO 	Mouse: using default window
766.7802 	DATA 	Keypress: space
766.8242 	EXP 	window1: units = 'pix'
772.3768 	DATA 	Keypress: f
772.6561 	DATA 	Keypress: j
773.1274 	DATA 	Keypress: j
775.4006 	DATA 	Keypress: space
775.4011 	INFO 	Mouse: using default window
776.1665 	DATA 	Keypress: space
776.2074 	EXP 	window1: units = 'pix'
778.4806 	DATA 	Keypress: f
779.4084 	DATA 	Keypress: j
780.0807 	DATA 	Keypress: j
782.6965 	DATA 	Keypress: space
782.6970 	INFO 	Mouse: using default window
783.2626 	DATA 	Keypress: space
783.3240 	EXP 	window1: units = 'pix'
785.1846 	DATA 	Keypress: j
785.6002 	DATA 	Keypress: f
785.7360 	DATA 	Keypress: j
788.1605 	DATA 	Keypress: space
788.1610 	INFO 	Mouse: using default window
788.7611 	DATA 	Keypress: space
788.8092 	EXP 	window1: units = 'pix'
790.6325 	DATA 	Keypress: f
791.4803 	DATA 	Keypress: j
791.8241 	DATA 	Keypress: j
794.0485 	DATA 	Keypress: space
794.0490 	INFO 	Mouse: using default window
794.4678 	DATA 	Keypress: space
795.3641 	DATA 	Keypress: space
795.4095 	EXP 	window1: units = 'pix'
796.5285 	DATA 	Keypress: f
797.9927 	DATA 	Keypress: j
798.3763 	DATA 	Keypress: j
800.8948 	DATA 	Keypress: space
800.8954 	INFO 	Mouse: using default window
801.5365 	DATA 	Keypress: space
801.5748 	EXP 	window1: units = 'pix'
803.6069 	DATA 	Keypress: f
804.2805 	DATA 	Keypress: f
804.7761 	DATA 	Keypress: j
805.1601 	DATA 	Keypress: f
805.3681 	DATA 	Keypress: j
807.7446 	DATA 	Keypress: space
807.7451 	INFO 	Mouse: using default window
808.4478 	DATA 	Keypress: space
809.2012 	DATA 	Keypress: space
809.2444 	EXP 	window1: units = 'pix'
811.2646 	DATA 	Keypress: j
811.6801 	DATA 	Keypress: j
814.2645 	DATA 	Keypress: space
814.2650 	INFO 	Mouse: using default window
814.9800 	DATA 	Keypress: space
815.0238 	EXP 	window1: units = 'pix'
816.2647 	DATA 	Keypress: f
816.9124 	DATA 	Keypress: j
817.2722 	DATA 	Keypress: j
819.5126 	DATA 	Keypress: space
819.5131 	INFO 	Mouse: using default window
820.1988 	DATA 	Keypress: space
820.2402 	EXP 	window1: units = 'pix'
821.5446 	DATA 	Keypress: j
821.7912 	DATA 	Keypress: j
824.2325 	DATA 	Keypress: space
824.2330 	INFO 	Mouse: using default window
824.7543 	DATA 	Keypress: space
824.7899 	EXP 	window1: units = 'pix'
826.4246 	DATA 	Keypress: f
827.2804 	DATA 	Keypress: j
827.7203 	DATA 	Keypress: j
830.1126 	DATA 	Keypress: space
830.1131 	INFO 	Mouse: using default window
830.8679 	DATA 	Keypress: space
830.9097 	EXP 	window1: units = 'pix'
833.2646 	DATA 	Keypress: f
834.1677 	DATA 	Keypress: j
834.6326 	DATA 	Keypress: j
836.8645 	DATA 	Keypress: space
836.8650 	INFO 	Mouse: using default window
837.4885 	DATA 	Keypress: space
837.5237 	EXP 	window1: units = 'pix'
839.5846 	DATA 	Keypress: f
840.6326 	DATA 	Keypress: j
841.2084 	DATA 	Keypress: j
843.4727 	DATA 	Keypress: space
843.4733 	INFO 	Mouse: using default window
843.9733 	DATA 	Keypress: space
844.0569 	EXP 	window1: units = 'pix'
845.5207 	DATA 	Keypress: f
846.1207 	DATA 	Keypress: f
847.2085 	DATA 	Keypress: f
847.5042 	DATA 	Keypress: j
847.8721 	DATA 	Keypress: j
850.1846 	DATA 	Keypress: space
850.1851 	INFO 	Mouse: using default window
850.6371 	DATA 	Keypress: space
850.7625 	EXP 	window1: units = 'pix'
851.9438 	DATA 	Keypress: f
852.3926 	DATA 	Keypress: j
852.6961 	DATA 	Keypress: j
854.9351 	DATA 	Keypress: space
854.9357 	INFO 	Mouse: using default window
855.3242 	DATA 	Keypress: space
856.0667 	DATA 	Keypress: space
856.1089 	EXP 	window1: units = 'pix'
857.4807 	DATA 	Keypress: f
858.3447 	DATA 	Keypress: f
858.9445 	DATA 	Keypress: f
859.3841 	DATA 	Keypress: j
860.2084 	DATA 	Keypress: f
860.4484 	DATA 	Keypress: j
862.6646 	DATA 	Keypress: space
862.6651 	INFO 	Mouse: using default window
863.2553 	DATA 	Keypress: space
863.2920 	EXP 	window1: units = 'pix'
864.8727 	DATA 	Keypress: f
865.3845 	DATA 	Keypress: f
866.5287 	DATA 	Keypress: f
866.7676 	DATA 	Keypress: j
867.1442 	DATA 	Keypress: j
869.3911 	DATA 	Keypress: space
869.3916 	INFO 	Mouse: using default window
869.9430 	DATA 	Keypress: space
869.9906 	EXP 	window1: units = 'pix'
871.9527 	DATA 	Keypress: f
873.5208 	DATA 	Keypress: j
874.0162 	DATA 	Keypress: f
874.2161 	DATA 	Keypress: j
876.5206 	DATA 	Keypress: space
876.5211 	INFO 	Mouse: using default window
877.0421 	DATA 	Keypress: space
877.1236 	EXP 	window1: units = 'pix'
878.7687 	DATA 	Keypress: f
882.6407 	DATA 	Keypress: j
882.9683 	DATA 	Keypress: f
883.1601 	DATA 	Keypress: j
885.4725 	DATA 	Keypress: space
885.4731 	INFO 	Mouse: using default window
886.0347 	DATA 	Keypress: space
886.1068 	EXP 	window1: units = 'pix'
887.5928 	DATA 	Keypress: f
889.8485 	DATA 	Keypress: j
890.2643 	DATA 	Keypress: j
893.0566 	DATA 	Keypress: space
893.0572 	INFO 	Mouse: using default window
894.9453 	DATA 	Keypress: space
894.9924 	EXP 	window1: units = 'pix'
897.2887 	DATA 	Keypress: j
897.6242 	DATA 	Keypress: j
899.9287 	DATA 	Keypress: space
899.9292 	INFO 	Mouse: using default window
900.3879 	DATA 	Keypress: space
900.4567 	EXP 	window1: units = 'pix'
902.1689 	DATA 	Keypress: j
902.4967 	DATA 	Keypress: f
902.6401 	DATA 	Keypress: j
904.9045 	DATA 	Keypress: space
904.9049 	INFO 	Mouse: using default window
905.3344 	DATA 	Keypress: space
906.4556 	DATA 	Keypress: space
906.5090 	EXP 	window1: units = 'pix'
908.4802 	DATA 	Keypress: f
909.0165 	DATA 	Keypress: f
909.2962 	DATA 	Keypress: j
909.6320 	DATA 	Keypress: j
911.9926 	DATA 	Keypress: space
911.9932 	INFO 	Mouse: using default window
912.6552 	DATA 	Keypress: space
912.6903 	EXP 	window1: units = 'pix'
915.3046 	DATA 	Keypress: f
916.4725 	DATA 	Keypress: f
917.3910 	DATA 	Keypress: f
917.7126 	DATA 	Keypress: j
918.0723 	DATA 	Keypress: j
920.5927 	DATA 	Keypress: space
920.5932 	INFO 	Mouse: using default window
921.0419 	DATA 	Keypress: space
921.6433 	DATA 	Keypress: space
921.6901 	EXP 	window1: units = 'pix'
923.0567 	DATA 	Keypress: f
924.1048 	DATA 	Keypress: j
924.4484 	DATA 	Keypress: j
926.6727 	DATA 	Keypress: space
926.6733 	INFO 	Mouse: using default window
927.3480 	DATA 	Keypress: space
927.3938 	EXP 	window1: units = 'pix'
928.3926 	DATA 	Keypress: f
929.3289 	DATA 	Keypress: f
930.4886 	DATA 	Keypress: f
933.4407 	DATA 	Keypress: j
933.7682 	DATA 	Keypress: j
935.9926 	DATA 	Keypress: space
935.9932 	INFO 	Mouse: using default window
936.6851 	DATA 	Keypress: space
936.7258 	EXP 	window1: units = 'pix'
938.0566 	DATA 	Keypress: f
938.9687 	DATA 	Keypress: j
939.4403 	DATA 	Keypress: f
939.9282 	DATA 	Keypress: f
940.1601 	DATA 	Keypress: j
942.3926 	DATA 	Keypress: space
942.3931 	INFO 	Mouse: using default window
943.6791 	DATA 	Keypress: space
943.7274 	EXP 	window1: units = 'pix'
944.9448 	DATA 	Keypress: f
946.1125 	DATA 	Keypress: j
946.5202 	DATA 	Keypress: j
948.8327 	DATA 	Keypress: space
948.8332 	INFO 	Mouse: using default window
949.2308 	DATA 	Keypress: space
950.3410 	DATA 	Keypress: space
950.3925 	EXP 	window1: units = 'pix'
952.0888 	DATA 	Keypress: f
952.9285 	DATA 	Keypress: f
953.6071 	DATA 	Keypress: f
953.9922 	DATA 	Keypress: f
956.0245 	DATA 	Keypress: j
956.6561 	DATA 	Keypress: j
958.9766 	DATA 	Keypress: space
958.9770 	INFO 	Mouse: using default window
960.1620 	DATA 	Keypress: space
960.2095 	EXP 	window1: units = 'pix'
961.3447 	DATA 	Keypress: f
963.3287 	DATA 	Keypress: j
963.7683 	DATA 	Keypress: f
963.9441 	DATA 	Keypress: j
966.1287 	DATA 	Keypress: space
966.1292 	INFO 	Mouse: using default window
966.8831 	DATA 	Keypress: space
966.9259 	EXP 	window1: units = 'pix'
968.2800 	DATA 	Keypress: f
968.8646 	DATA 	Keypress: f
969.5045 	DATA 	Keypress: j
969.9523 	DATA 	Keypress: j
972.3047 	DATA 	Keypress: space
972.3053 	INFO 	Mouse: using default window
972.8380 	DATA 	Keypress: space
972.8942 	EXP 	window1: units = 'pix'
974.7929 	DATA 	Keypress: f
975.1363 	DATA 	Keypress: f
975.4242 	DATA 	Keypress: j
976.0244 	DATA 	Keypress: j
978.2647 	DATA 	Keypress: space
978.2652 	INFO 	Mouse: using default window
979.1215 	DATA 	Keypress: space
979.1736 	EXP 	window1: units = 'pix'
980.7129 	DATA 	Keypress: f
981.9926 	DATA 	Keypress: j
982.3205 	DATA 	Keypress: j
984.6567 	DATA 	Keypress: space
984.6572 	INFO 	Mouse: using default window
985.0641 	DATA 	Keypress: space
985.6930 	DATA 	Keypress: space
985.7401 	EXP 	window1: units = 'pix'
987.3289 	DATA 	Keypress: f
988.8089 	DATA 	Keypress: f
990.0566 	DATA 	Keypress: f
990.4163 	DATA 	Keypress: j
991.2084 	DATA 	Keypress: j
992.7546 	DATA 	Keypress: space
993.6645 	DATA 	Keypress: space
993.6650 	INFO 	Mouse: using default window
994.6615 	DATA 	Keypress: space
994.7066 	EXP 	window1: units = 'pix'
995.8167 	DATA 	Keypress: f
996.2163 	DATA 	Keypress: f
997.0565 	DATA 	Keypress: f
1000.2089 	DATA 	Keypress: f
1000.4403 	DATA 	Keypress: j
1000.9128 	DATA 	Keypress: f
1001.1282 	DATA 	Keypress: j
1003.3207 	DATA 	Keypress: space
1003.3213 	INFO 	Mouse: using default window
1004.0063 	DATA 	Keypress: space
1004.0392 	EXP 	window1: units = 'pix'
1005.8968 	DATA 	Keypress: f
1007.6008 	DATA 	Keypress: j
1008.0404 	DATA 	Keypress: f
1008.2482 	DATA 	Keypress: j
1010.7047 	DATA 	Keypress: space
1010.7053 	INFO 	Mouse: using default window
1011.4701 	DATA 	Keypress: space
1011.5090 	EXP 	window1: units = 'pix'
1012.9930 	DATA 	Keypress: f
1014.0886 	DATA 	Keypress: f
1015.3045 	DATA 	Keypress: j
1015.6087 	DATA 	Keypress: f
1015.8399 	DATA 	Keypress: j
1018.3446 	DATA 	Keypress: space
1018.3451 	INFO 	Mouse: using default window
1018.8774 	DATA 	Keypress: space
1018.9842 	EXP 	window1: units = 'pix'
1021.3048 	DATA 	Keypress: j
1021.6323 	DATA 	Keypress: f
1021.7923 	DATA 	Keypress: j
1024.1370 	DATA 	Keypress: space
1024.1374 	INFO 	Mouse: using default window
1024.7379 	DATA 	Keypress: space
1024.7894 	EXP 	window1: units = 'pix'
1026.7367 	DATA 	Keypress: f
1027.8248 	DATA 	Keypress: j
1028.0885 	DATA 	Keypress: j
1030.3926 	DATA 	Keypress: space
1030.3931 	INFO 	Mouse: using default window
1031.0346 	DATA 	Keypress: space
1031.0899 	EXP 	window1: units = 'pix'
1037.7769 	DATA 	Keypress: j
1038.4166 	DATA 	Keypress: j
1040.7927 	DATA 	Keypress: space
1040.7932 	INFO 	Mouse: using default window
1041.3946 	DATA 	Keypress: space
1041.4402 	EXP 	window1: units = 'pix'
1043.2809 	DATA 	Keypress: f
1044.2726 	DATA 	Keypress: j
1044.6086 	DATA 	Keypress: j
1047.0087 	DATA 	Keypress: space
1047.0092 	INFO 	Mouse: using default window
1047.6502 	DATA 	Keypress: space
1047.6924 	EXP 	window1: units = 'pix'
1050.0248 	DATA 	Keypress: f
1052.6408 	DATA 	Keypress: j
1052.9364 	DATA 	Keypress: j
1055.2248 	DATA 	Keypress: space
1055.2253 	INFO 	Mouse: using default window
1055.8371 	DATA 	Keypress: space
1055.8732 	EXP 	window1: units = 'pix'
1058.4648 	DATA 	Keypress: f
1059.5526 	DATA 	Keypress: j
1059.7763 	DATA 	Keypress: j
1061.9927 	DATA 	Keypress: space
1061.9933 	INFO 	Mouse: using default window
1062.5039 	DATA 	Keypress: space
1062.5732 	EXP 	window1: units = 'pix'
1065.0729 	DATA 	Keypress: j
1065.3365 	DATA 	Keypress: j
1067.7847 	DATA 	Keypress: space
1067.7853 	INFO 	Mouse: using default window
1068.4227 	DATA 	Keypress: space
1068.4584 	EXP 	window1: units = 'pix'
1071.7289 	DATA 	Keypress: j
1072.2409 	DATA 	Keypress: j
1074.5848 	DATA 	Keypress: space
1074.5852 	INFO 	Mouse: using default window
1075.1909 	DATA 	Keypress: space
1075.2402 	EXP 	window1: units = 'pix'
1076.7368 	DATA 	Keypress: j
1077.0645 	DATA 	Keypress: f
1077.3603 	DATA 	Keypress: j
1079.6168 	DATA 	Keypress: space
1079.6173 	INFO 	Mouse: using default window
1080.2011 	DATA 	Keypress: space
1080.2403 	EXP 	window1: units = 'pix'
1082.2409 	DATA 	Keypress: f
1082.9607 	DATA 	Keypress: f
1083.7450 	DATA 	Keypress: j
1084.0727 	DATA 	Keypress: f
1084.2563 	DATA 	Keypress: j
1086.5127 	DATA 	Keypress: space
1086.5132 	INFO 	Mouse: using default window
1087.0642 	DATA 	Keypress: space
1087.1070 	EXP 	window1: units = 'pix'
1089.0169 	DATA 	Keypress: f
1090.0329 	DATA 	Keypress: j
1090.5285 	DATA 	Keypress: j
1092.7849 	DATA 	Keypress: space
1092.7855 	INFO 	Mouse: using default window
1093.3744 	DATA 	Keypress: space
1093.4231 	EXP 	window1: units = 'pix'
1094.9528 	DATA 	Keypress: f
1096.4329 	DATA 	Keypress: j
1096.7845 	DATA 	Keypress: f
1096.9522 	DATA 	Keypress: j
1099.0808 	DATA 	Keypress: space
1099.0814 	INFO 	Mouse: using default window
1099.6137 	DATA 	Keypress: space
1099.6978 	EXP 	window1: units = 'pix'
1101.0328 	DATA 	Keypress: f
1101.5445 	DATA 	Keypress: j
1102.1048 	DATA 	Keypress: j
1104.2646 	DATA 	Keypress: space
1104.2651 	INFO 	Mouse: using default window
1104.7869 	DATA 	Keypress: space
1104.8749 	EXP 	window1: units = 'pix'
1106.2488 	DATA 	Keypress: f
1107.5842 	DATA 	Keypress: f
1108.3848 	DATA 	Keypress: f
1108.6084 	DATA 	Keypress: j
1108.9284 	DATA 	Keypress: f
1109.1363 	DATA 	Keypress: j
1111.5527 	DATA 	Keypress: space
1111.5533 	INFO 	Mouse: using default window
1112.2535 	DATA 	Keypress: space
1112.2926 	EXP 	window1: units = 'pix'
1113.3929 	DATA 	Keypress: f
1114.0888 	DATA 	Keypress: f
1115.4646 	DATA 	Keypress: f
1116.1445 	DATA 	Keypress: f
1117.4568 	DATA 	Keypress: f
1117.8164 	DATA 	Keypress: f
1118.0965 	DATA 	Keypress: j
1118.5204 	DATA 	Keypress: j
1120.7048 	DATA 	Keypress: space
1120.7053 	INFO 	Mouse: using default window
1121.2801 	DATA 	Keypress: space
1121.3400 	EXP 	window1: units = 'pix'
1122.6810 	DATA 	Keypress: f
1124.4968 	DATA 	Keypress: j
1125.8809 	DATA 	Keypress: j
1128.1527 	DATA 	Keypress: space
1128.1531 	INFO 	Mouse: using default window
1128.7396 	DATA 	Keypress: space
1128.7724 	EXP 	window1: units = 'pix'
1130.7528 	DATA 	Keypress: f
1131.8968 	DATA 	Keypress: f
1132.6805 	DATA 	Keypress: j
1133.0003 	DATA 	Keypress: f
1133.2163 	DATA 	Keypress: j
1135.4729 	DATA 	Keypress: space
1135.4734 	INFO 	Mouse: using default window
1135.9325 	DATA 	Keypress: space
1136.3576 	DATA 	Keypress: space
1136.4068 	EXP 	window1: units = 'pix'
1137.8489 	DATA 	Keypress: f
1139.7048 	DATA 	Keypress: f
1140.9208 	DATA 	Keypress: f
1141.3526 	DATA 	Keypress: j
1142.5846 	DATA 	Keypress: j
1144.8489 	DATA 	Keypress: space
1144.8494 	INFO 	Mouse: using default window
1145.6042 	DATA 	Keypress: space
1145.6567 	EXP 	window1: units = 'pix'
1147.0489 	DATA 	Keypress: f
1148.2247 	DATA 	Keypress: j
1148.5925 	DATA 	Keypress: j
1150.7688 	DATA 	Keypress: space
1150.7693 	INFO 	Mouse: using default window
1151.5213 	DATA 	Keypress: space
1151.5592 	EXP 	window1: units = 'pix'
1153.2250 	DATA 	Keypress: f
1154.1287 	DATA 	Keypress: j
1154.7606 	DATA 	Keypress: f
1154.9122 	DATA 	Keypress: j
1157.3448 	DATA 	Keypress: space
1157.3453 	INFO 	Mouse: using default window
1157.8446 	DATA 	Keypress: space
1157.9309 	EXP 	window1: units = 'pix'
1159.6890 	DATA 	Keypress: f
1160.3600 	DATA 	Keypress: f
1160.7766 	DATA 	Keypress: j
1161.1045 	DATA 	Keypress: j
1163.2809 	DATA 	Keypress: space
1163.2814 	INFO 	Mouse: using default window
1163.6383 	DATA 	Keypress: space
1164.0455 	DATA 	Keypress: space
1164.0896 	EXP 	window1: units = 'pix'
1166.3771 	DATA 	Keypress: f
1166.7925 	DATA 	Keypress: f
1167.1125 	DATA 	Keypress: j
1167.6330 	DATA 	Keypress: j
1169.8327 	DATA 	Keypress: space
1169.8332 	INFO 	Mouse: using default window
1170.6596 	DATA 	Keypress: space
1170.7065 	EXP 	window1: units = 'pix'
1171.6969 	DATA 	Keypress: f
1172.9287 	DATA 	Keypress: f
1175.8648 	DATA 	Keypress: j
1176.1925 	DATA 	Keypress: j
1178.3768 	DATA 	Keypress: space
1178.3773 	INFO 	Mouse: using default window
1179.2955 	DATA 	Keypress: space
1179.3400 	EXP 	window1: units = 'pix'
1181.0011 	DATA 	Keypress: f
1181.9208 	DATA 	Keypress: f
1183.1516 	DATA 	Keypress: f
1183.4409 	DATA 	Keypress: j
1183.8967 	DATA 	Keypress: j
1186.1450 	DATA 	Keypress: space
1186.1456 	INFO 	Mouse: using default window
1186.8892 	DATA 	Keypress: space
1186.9292 	EXP 	window1: units = 'pix'
1188.1849 	DATA 	Keypress: f
1189.1850 	DATA 	Keypress: j
1189.5525 	DATA 	Keypress: f
1189.7444 	DATA 	Keypress: j
1191.7851 	DATA 	Keypress: space
1191.7856 	INFO 	Mouse: using default window
1192.8322 	DATA 	Keypress: space
1192.8752 	EXP 	window1: units = 'pix'
1194.2409 	DATA 	Keypress: f
1195.0090 	DATA 	Keypress: f
1195.7127 	DATA 	Keypress: j
1196.2245 	DATA 	Keypress: j
1198.2890 	DATA 	Keypress: space
1198.2896 	INFO 	Mouse: using default window
1199.1169 	DATA 	Keypress: space
1199.1566 	EXP 	window1: units = 'pix'
1201.2250 	DATA 	Keypress: f
1201.7607 	DATA 	Keypress: f
1202.3686 	DATA 	Keypress: j
1202.8006 	DATA 	Keypress: j
1205.3929 	DATA 	Keypress: space
1205.3934 	INFO 	Mouse: using default window
1206.1810 	DATA 	Keypress: space
1206.2233 	EXP 	window1: units = 'pix'
1207.6890 	DATA 	Keypress: j
1207.9764 	DATA 	Keypress: j
1210.2249 	DATA 	Keypress: space
1210.2254 	INFO 	Mouse: using default window
1210.7362 	DATA 	Keypress: space
1210.8487 	EXP 	window1: units = 'pix'
1212.4169 	DATA 	Keypress: f
1213.6568 	DATA 	Keypress: f
1214.8007 	DATA 	Keypress: f
1215.2565 	DATA 	Keypress: j
1215.7125 	DATA 	Keypress: j
1217.9849 	DATA 	Keypress: space
1217.9854 	INFO 	Mouse: using default window
1218.7411 	DATA 	Keypress: space
1218.7920 	EXP 	window1: units = 'pix'
1220.0491 	DATA 	Keypress: f
1220.6486 	DATA 	Keypress: f
1223.1289 	DATA 	Keypress: j
1223.5285 	DATA 	Keypress: j
1225.9129 	DATA 	Keypress: space
1225.9134 	INFO 	Mouse: using default window
1226.5034 	DATA 	Keypress: space
1226.5386 	EXP 	window1: units = 'pix'
1227.6881 	DATA 	Keypress: f
1228.3848 	DATA 	Keypress: j
1228.8008 	DATA 	Keypress: j
1231.0571 	DATA 	Keypress: space
1231.0577 	INFO 	Mouse: using default window
1231.8355 	DATA 	Keypress: space
1231.8732 	EXP 	window1: units = 'pix'
1233.0010 	DATA 	Keypress: f
1233.4325 	DATA 	Keypress: f
1234.3369 	DATA 	Keypress: j
1234.6805 	DATA 	Keypress: j
1237.0569 	DATA 	Keypress: space
1237.0576 	INFO 	Mouse: using default window
1237.6080 	DATA 	Keypress: space
1237.6896 	EXP 	window1: units = 'pix'
1239.2090 	DATA 	Keypress: f
1239.8489 	DATA 	Keypress: j
1240.5606 	DATA 	Keypress: f
1241.1765 	DATA 	Keypress: j
1243.2329 	DATA 	Keypress: space
1243.2334 	INFO 	Mouse: using default window
1243.7977 	DATA 	Keypress: space
1243.8394 	EXP 	window1: units = 'pix'
1245.8569 	DATA 	Keypress: f
1246.1686 	DATA 	Keypress: f
1246.6804 	DATA 	Keypress: j
1247.3286 	DATA 	Keypress: f
1247.8727 	DATA 	Keypress: j
1250.2328 	DATA 	Keypress: space
1250.2333 	INFO 	Mouse: using default window
1251.3667 	DATA 	Keypress: space
1251.4107 	EXP 	window1: units = 'pix'
1252.5849 	DATA 	Keypress: f
1253.6566 	DATA 	Keypress: f
1255.0009 	DATA 	Keypress: j
1255.4566 	DATA 	Keypress: j
1257.7433 	DATA 	Keypress: space
1257.7438 	INFO 	Mouse: using default window
1258.4298 	DATA 	Keypress: space
1258.4734 	EXP 	window1: units = 'pix'
1261.3291 	DATA 	Keypress: f
1261.8325 	DATA 	Keypress: j
1262.4005 	DATA 	Keypress: f
1262.8244 	DATA 	Keypress: j
1265.3689 	DATA 	Keypress: space
1265.3694 	INFO 	Mouse: using default window
1265.8134 	DATA 	Keypress: space
1266.2211 	DATA 	Keypress: space
1266.6772 	DATA 	Keypress: space
1266.7239 	EXP 	window1: units = 'pix'
1267.8330 	DATA 	Keypress: f
1269.2168 	DATA 	Keypress: j
1269.7451 	DATA 	Keypress: j
1273.8490 	DATA 	Keypress: space
1273.8496 	INFO 	Mouse: using default window
1274.6498 	DATA 	Keypress: space
1274.6916 	EXP 	window1: units = 'pix'
1275.9451 	DATA 	Keypress: f
1276.4406 	DATA 	Keypress: j
1276.8245 	DATA 	Keypress: f
1277.0084 	DATA 	Keypress: j
1278.3733 	DATA 	Keypress: space
1279.4731 	DATA 	Keypress: space
1279.4737 	INFO 	Mouse: using default window
1280.2604 	DATA 	Keypress: space
1280.3063 	EXP 	window1: units = 'pix'
1281.6330 	DATA 	Keypress: f
1282.4728 	DATA 	Keypress: f
1283.0568 	DATA 	Keypress: j
1283.7527 	DATA 	Keypress: j
1285.9849 	DATA 	Keypress: space
1285.9855 	INFO 	Mouse: using default window
1286.6741 	DATA 	Keypress: space
1286.7252 	EXP 	window1: units = 'pix'
1288.5611 	DATA 	Keypress: f
1289.1366 	DATA 	Keypress: f
1290.6170 	DATA 	Keypress: f
1290.8484 	DATA 	Keypress: j
1291.1605 	DATA 	Keypress: j
1293.3128 	DATA 	Keypress: space
1293.3133 	INFO 	Mouse: using default window
1293.8125 	DATA 	Keypress: space
1293.9152 	EXP 	window1: units = 'pix'
1295.6890 	DATA 	Keypress: j
1296.0965 	DATA 	Keypress: f
1296.4006 	DATA 	Keypress: j
1298.8249 	DATA 	Keypress: space
1298.8255 	INFO 	Mouse: using default window
1299.4267 	DATA 	Keypress: space
1299.4731 	EXP 	window1: units = 'pix'
1301.1451 	DATA 	Keypress: f
1301.5285 	DATA 	Keypress: j
1301.9605 	DATA 	Keypress: j
1304.1929 	DATA 	Keypress: space
1304.1935 	INFO 	Mouse: using default window
1304.8969 	DATA 	Keypress: space
1304.9392 	EXP 	window1: units = 'pix'
1306.8571 	DATA 	Keypress: f
1308.1690 	DATA 	Keypress: f
1308.7049 	DATA 	Keypress: j
1309.0325 	DATA 	Keypress: f
1309.2325 	DATA 	Keypress: j
1311.6332 	DATA 	Keypress: space
1311.6338 	INFO 	Mouse: using default window
1312.4777 	DATA 	Keypress: space
1314.0377 	DATA 	Keypress: space
1314.0914 	EXP 	window1: units = 'pix'
1316.0892 	DATA 	Keypress: f
1316.8327 	DATA 	Keypress: f
1317.0791 	DATA 	Keypress: j
1317.4493 	DATA 	Keypress: f
1317.6489 	DATA 	Keypress: j
1319.8568 	DATA 	Keypress: space
1319.8573 	INFO 	Mouse: using default window
1320.5933 	DATA 	Keypress: space
1320.6411 	EXP 	window1: units = 'pix'
1321.8810 	DATA 	Keypress: f
1322.6807 	DATA 	Keypress: j
1323.1207 	DATA 	Keypress: j
1325.3529 	DATA 	Keypress: space
1325.3534 	INFO 	Mouse: using default window
1326.0159 	DATA 	Keypress: space
1326.0564 	EXP 	window1: units = 'pix'
1327.4570 	DATA 	Keypress: f
1328.8008 	DATA 	Keypress: f
1329.0645 	DATA 	Keypress: j
1329.3770 	DATA 	Keypress: j
1331.5691 	DATA 	Keypress: space
1331.5696 	INFO 	Mouse: using default window
1332.1163 	DATA 	Keypress: space
1332.1973 	EXP 	window1: units = 'pix'
1333.5210 	DATA 	Keypress: f
1334.2408 	DATA 	Keypress: j
1334.6805 	DATA 	Keypress: j
1336.9289 	DATA 	Keypress: space
1336.9295 	INFO 	Mouse: using default window
1337.6040 	DATA 	Keypress: space
1337.6566 	EXP 	window1: units = 'pix'
1339.1212 	DATA 	Keypress: f
1340.9209 	DATA 	Keypress: f
1341.6251 	DATA 	Keypress: j
1342.1050 	DATA 	Keypress: f
1342.5205 	DATA 	Keypress: f
1342.7686 	DATA 	Keypress: j
1345.0012 	DATA 	Keypress: space
1345.0017 	INFO 	Mouse: using default window
1345.6462 	DATA 	Keypress: space
1345.6893 	EXP 	window1: units = 'pix'
1347.5673 	DATA 	Keypress: f
1349.4971 	DATA 	Keypress: f
1349.8645 	DATA 	Keypress: j
1350.2324 	DATA 	Keypress: j
1352.5370 	DATA 	Keypress: space
1352.5375 	INFO 	Mouse: using default window
1353.1610 	DATA 	Keypress: space
1353.2059 	EXP 	window1: units = 'pix'
1355.8012 	DATA 	Keypress: j
1356.1206 	DATA 	Keypress: j
1358.4090 	DATA 	Keypress: space
1358.4095 	INFO 	Mouse: using default window
1359.0941 	DATA 	Keypress: space
1359.1397 	EXP 	window1: units = 'pix'
1360.3450 	DATA 	Keypress: f
1361.2968 	DATA 	Keypress: j
1361.6325 	DATA 	Keypress: f
1361.8324 	DATA 	Keypress: j
1364.0811 	DATA 	Keypress: space
1364.0816 	INFO 	Mouse: using default window
1364.5624 	DATA 	Keypress: space
1364.6226 	EXP 	window1: units = 'pix'
1366.6487 	DATA 	Keypress: f
1367.4810 	DATA 	Keypress: f
1367.9771 	DATA 	Keypress: j
1368.3371 	DATA 	Keypress: f
1368.5848 	DATA 	Keypress: j
1370.8489 	DATA 	Keypress: space
1370.8494 	INFO 	Mouse: using default window
1371.5428 	DATA 	Keypress: space
1371.5894 	EXP 	window1: units = 'pix'
1372.9851 	DATA 	Keypress: f
1373.9691 	DATA 	Keypress: f
1374.4569 	DATA 	Keypress: j
1374.9127 	DATA 	Keypress: j
1375.0056 	DATA 	Keypress: j
1377.0413 	DATA 	Keypress: space
1377.0419 	INFO 	Mouse: using default window
1377.6257 	DATA 	Keypress: space
1377.6729 	EXP 	window1: units = 'pix'
1378.8091 	DATA 	Keypress: f
1379.9448 	DATA 	Keypress: j
1380.2893 	DATA 	Keypress: f
1380.5445 	DATA 	Keypress: j
1382.8889 	DATA 	Keypress: space
1382.8894 	INFO 	Mouse: using default window
1383.4626 	DATA 	Keypress: space
1383.5091 	EXP 	window1: units = 'pix'
1384.6490 	DATA 	Keypress: f
1385.8729 	DATA 	Keypress: j
1386.1850 	DATA 	Keypress: f
1386.7288 	DATA 	Keypress: f
1386.9526 	DATA 	Keypress: j
1389.0971 	DATA 	Keypress: space
1389.0977 	INFO 	Mouse: using default window
1389.7383 	DATA 	Keypress: space
1390.6753 	DATA 	Keypress: space
1390.7246 	EXP 	window1: units = 'pix'
1392.2734 	DATA 	Keypress: f
1393.2489 	DATA 	Keypress: f
1393.5125 	DATA 	Keypress: j
1394.2808 	DATA 	Keypress: f
1394.5525 	DATA 	Keypress: j
1396.7850 	DATA 	Keypress: space
1396.7856 	INFO 	Mouse: using default window
1397.6174 	DATA 	Keypress: space
1397.6577 	EXP 	window1: units = 'pix'
1399.3772 	DATA 	Keypress: f
1399.8729 	DATA 	Keypress: f
1400.1365 	DATA 	Keypress: j
1400.6886 	DATA 	Keypress: j
1402.9529 	DATA 	Keypress: space
1402.9535 	INFO 	Mouse: using default window
1403.6456 	DATA 	Keypress: space
1403.6890 	EXP 	window1: units = 'pix'
1405.6573 	DATA 	Keypress: f
1406.5449 	DATA 	Keypress: f
1407.0731 	DATA 	Keypress: j
1407.7690 	DATA 	Keypress: f
1408.0486 	DATA 	Keypress: j
1410.2333 	DATA 	Keypress: space
1410.2339 	INFO 	Mouse: using default window
1410.9742 	DATA 	Keypress: space
1411.0245 	EXP 	window1: units = 'pix'
1412.1212 	DATA 	Keypress: f
1413.0395 	DATA 	Keypress: j
1413.4171 	DATA 	Keypress: j
1415.6810 	DATA 	Keypress: space
1415.6815 	INFO 	Mouse: using default window
1416.3447 	DATA 	Keypress: space
1416.3891 	EXP 	window1: units = 'pix'
1418.4331 	DATA 	Keypress: f
1419.0812 	DATA 	Keypress: f
1419.4730 	DATA 	Keypress: j
1419.8728 	DATA 	Keypress: j
1422.3612 	DATA 	Keypress: space
1422.3618 	INFO 	Mouse: using default window
1423.0471 	DATA 	Keypress: space
1423.0918 	EXP 	window1: units = 'pix'
1425.2173 	DATA 	Keypress: f
1426.6570 	DATA 	Keypress: f
1428.1043 	DATA 	Keypress: j
1428.6009 	DATA 	Keypress: j
1430.9111 	DATA 	Keypress: space
1430.9116 	INFO 	Mouse: using default window
1431.7000 	DATA 	Keypress: space
1431.7761 	EXP 	window1: units = 'pix'
1432.9211 	DATA 	Keypress: f
1433.6810 	DATA 	Keypress: j
1434.3211 	DATA 	Keypress: f
1435.1368 	DATA 	Keypress: j
1437.5452 	DATA 	Keypress: space
1437.5458 	INFO 	Mouse: using default window
1438.3334 	DATA 	Keypress: space
1438.3719 	EXP 	window1: units = 'pix'
1439.8491 	DATA 	Keypress: f
1441.1691 	DATA 	Keypress: f
1441.6809 	DATA 	Keypress: j
1442.1126 	DATA 	Keypress: f
1442.3045 	DATA 	Keypress: j
1444.5530 	DATA 	Keypress: space
1444.5536 	INFO 	Mouse: using default window
1445.0241 	DATA 	Keypress: space
1445.1412 	EXP 	window1: units = 'pix'
1446.9212 	DATA 	Keypress: f
1447.4007 	DATA 	Keypress: f
1447.7767 	DATA 	Keypress: j
1448.1446 	DATA 	Keypress: f
1448.4646 	DATA 	Keypress: j
1450.8571 	DATA 	Keypress: space
1450.8576 	INFO 	Mouse: using default window
1451.5313 	DATA 	Keypress: space
1451.5752 	EXP 	window1: units = 'pix'
1452.7453 	DATA 	Keypress: f
1453.7609 	DATA 	Keypress: f
1456.2412 	DATA 	Keypress: f
1456.5047 	DATA 	Keypress: j
1457.0567 	DATA 	Keypress: j
1459.3211 	DATA 	Keypress: space
1459.3216 	INFO 	Mouse: using default window
1460.0364 	DATA 	Keypress: space
1460.0733 	EXP 	window1: units = 'pix'
1461.2177 	DATA 	Keypress: f
1463.4173 	DATA 	Keypress: j
1463.8971 	DATA 	Keypress: j
1465.9210 	DATA 	Keypress: space
1465.9215 	INFO 	Mouse: using default window
1466.4200 	DATA 	Keypress: space
1466.9192 	DATA 	Keypress: space
1466.9605 	EXP 	window1: units = 'pix'
1468.0972 	DATA 	Keypress: f
1469.3930 	DATA 	Keypress: f
1470.4732 	DATA 	Keypress: f
1471.3129 	DATA 	Keypress: f
1473.7132 	DATA 	Keypress: j
1474.7050 	DATA 	Keypress: f
1474.9286 	DATA 	Keypress: j
1477.1531 	DATA 	Keypress: space
1477.1536 	INFO 	Mouse: using default window
1477.6861 	DATA 	Keypress: space
1477.7724 	EXP 	window1: units = 'pix'
1479.1296 	DATA 	Keypress: f
1479.8810 	DATA 	Keypress: j
1480.3048 	DATA 	Keypress: j
1482.5531 	DATA 	Keypress: space
1482.5536 	INFO 	Mouse: using default window
1483.0643 	DATA 	Keypress: space
1483.1882 	EXP 	window1: units = 'pix'
1484.4332 	DATA 	Keypress: f
1485.5692 	DATA 	Keypress: j
1486.0890 	DATA 	Keypress: j
1488.3372 	DATA 	Keypress: space
1488.3377 	INFO 	Mouse: using default window
1488.9277 	DATA 	Keypress: space
1488.9728 	EXP 	window1: units = 'pix'
1490.9533 	DATA 	Keypress: f
1491.4971 	DATA 	Keypress: f
1492.4093 	DATA 	Keypress: j
1492.7371 	DATA 	Keypress: f
1493.2251 	DATA 	Keypress: f
1493.4408 	DATA 	Keypress: j
1495.6974 	DATA 	Keypress: space
1495.6979 	INFO 	Mouse: using default window
1496.2303 	DATA 	Keypress: space
1496.2893 	EXP 	window1: units = 'pix'
1497.6653 	DATA 	Keypress: f
1499.2892 	DATA 	Keypress: j
1499.7290 	DATA 	Keypress: j
1502.2172 	DATA 	Keypress: space
1502.2177 	INFO 	Mouse: using default window
1502.7828 	DATA 	Keypress: space
1502.8240 	EXP 	window1: units = 'pix'
1504.0243 	DATA 	Keypress: f
1504.8169 	DATA 	Keypress: f
1505.3128 	DATA 	Keypress: j
1505.6570 	DATA 	Keypress: j
1507.9771 	DATA 	Keypress: space
1507.9777 	INFO 	Mouse: using default window
1508.5681 	DATA 	Keypress: space
1508.6223 	EXP 	window1: units = 'pix'
1510.6012 	DATA 	Keypress: f
1510.9851 	DATA 	Keypress: f
1511.4329 	DATA 	Keypress: j
1511.7607 	DATA 	Keypress: j
1514.0811 	DATA 	Keypress: space
1514.0816 	INFO 	Mouse: using default window
1514.6320 	DATA 	Keypress: space
1514.7078 	EXP 	window1: units = 'pix'
1516.2732 	DATA 	Keypress: f
1517.9690 	DATA 	Keypress: f
1518.9930 	DATA 	Keypress: f
1519.9050 	DATA 	Keypress: j
1520.3690 	DATA 	Keypress: j
1522.3531 	DATA 	Keypress: space
1522.3536 	INFO 	Mouse: using default window
1522.8859 	DATA 	Keypress: space
1522.9754 	EXP 	window1: units = 'pix'
1524.0092 	DATA 	Keypress: f
1525.0406 	DATA 	Keypress: f
1525.9209 	DATA 	Keypress: f
1526.6090 	DATA 	Keypress: j
1527.0090 	DATA 	Keypress: j
1529.2251 	DATA 	Keypress: space
1529.2257 	INFO 	Mouse: using default window
1529.9634 	DATA 	Keypress: space
1530.0056 	EXP 	window1: units = 'pix'
1531.2172 	DATA 	Keypress: f
1531.8011 	DATA 	Keypress: f
1532.3289 	DATA 	Keypress: f
1532.9288 	DATA 	Keypress: j
1534.6330 	DATA 	Keypress: f
1534.8886 	DATA 	Keypress: j
1536.9851 	DATA 	Keypress: space
1536.9855 	INFO 	Mouse: using default window
1537.4366 	DATA 	Keypress: space
1538.3540 	DATA 	Keypress: space
1538.4077 	EXP 	window1: units = 'pix'
1539.7053 	DATA 	Keypress: f
1540.1529 	DATA 	Keypress: j
1540.4808 	DATA 	Keypress: j
1542.6731 	DATA 	Keypress: space
1542.6736 	INFO 	Mouse: using default window
1543.5406 	DATA 	Keypress: space
1543.5912 	EXP 	window1: units = 'pix'
1544.7614 	DATA 	Keypress: f
1546.8890 	DATA 	Keypress: f
1547.7209 	DATA 	Keypress: f
1548.2090 	DATA 	Keypress: j
1548.5770 	DATA 	Keypress: j
1550.7050 	DATA 	Keypress: space
1550.7055 	INFO 	Mouse: using default window
1551.4814 	DATA 	Keypress: space
1551.5225 	EXP 	window1: units = 'pix'
1552.8971 	DATA 	Keypress: f
1555.9930 	DATA 	Keypress: j
1556.7930 	DATA 	Keypress: f
1557.0486 	DATA 	Keypress: j
1559.2893 	DATA 	Keypress: space
1559.2899 	INFO 	Mouse: using default window
1559.9754 	DATA 	Keypress: space
1560.0236 	EXP 	window1: units = 'pix'
1561.2812 	DATA 	Keypress: f
1562.6491 	DATA 	Keypress: j
1563.0328 	DATA 	Keypress: f
1563.2726 	DATA 	Keypress: j
1565.6171 	DATA 	Keypress: space
1565.6176 	INFO 	Mouse: using default window
1566.2092 	DATA 	Keypress: space
1566.2580 	EXP 	window1: units = 'pix'
1567.6413 	DATA 	Keypress: f
1568.7050 	DATA 	Keypress: j
1569.0248 	DATA 	Keypress: j
1572.2252 	DATA 	Keypress: space
1613.4173 	DATA 	Keypress: space
1614.3210 	DATA 	Keypress: space
