3.3205 	WARNING 	The 'psychtoolbox' library cannot be loaded but is required for audio capture (use `pip install psychtoolbox` to get it). Microphone recording will be unavailable this session. Note that opening a microphone stream will raise an error.
3.3238 	ERROR 	Support for the `sounddevice` audio backend is not available this session. Please install `psychopy-sounddevice` and restart the session to enable support.
3.3240 	ERROR 	Support for the `pyo` audio backend is not available this session. Please install `psychopy-pyo` and restart the session to enable support.
3.3242 	WARNING 	We strongly recommend you activate the PTB sound engine in PsychoPy prefs as the preferred audio engine. Its timing is vastly superior. Your prefs are currently set to use ['PTB', 'sounddevice', 'pyo', 'pygame'] (in that order).
3.3409 	INFO 	time is 2024-09-09 10:41:12,482036
3.3695 	WARNING 	Monitor specification not found. Creating a temporary one...
3.3726 	WARNING 	User requested fullscreen with size [1350  750], but screen is actually [1920, 1080]. Using actual size
4.5703 	WARNING 	Couldn't measure a consistent frame rate!
  - Is your graphics card set to sync to vertical blank?
  - Are you running other processes on your computer?

4.5706 	EXP 	Created window1 = Window(allowGUI=True, allowStencil=False, autoLog=True, backendConf=UNKNOWN, backgroundFit=<method-wrapper '__getattribute__' of attributeSetter object at 0x16f8baf10>, backgroundImage=<method-wrapper '__getattribute__' of attributeSetter object at 0x16f8baeb0>, bitsMode=UNKNOWN, blendMode='avg', bpc=(8, 8, 8), color=array([0, 0, 0]), colorSpace='rgb', depthBits=8, fullscr=<method-wrapper '__getattribute__' of attributeSetter object at 0x16f8bad00>, gamma=None, gammaErrorPolicy='raise', lms=UNKNOWN, monitor=<psychopy.monitors.calibTools.Monitor object at 0x305e385b0>, multiSample=False, name='window1', numSamples=2, pos=[480.0, 270.0], screen=0, size=array([3840, 2160]), stencilBits=0, stereo=False, title='PsychoPy', units='height', useFBO=False, useRetina=True, viewOri=0.0, viewPos=None, viewScale=None, waitBlanking=True, winType='pyglet')
4.5708 	EXP 	window1: mouseVisible = True
4.5708 	EXP 	window1: backgroundImage = None
4.5708 	EXP 	window1: backgroundFit = 'cover'
4.5736 	EXP 	window1: mouseVisible = True
4.5739 	EXP 	window1: mouseVisible = True
4.5748 	EXP 	window1: mouseVisible = True
4.5754 	EXP 	window1: mouseVisible = True
4.5831 	EXP 	window1: mouseVisible = True
4.5833 	EXP 	window1: mouseVisible = True
4.5838 	EXP 	window1: mouseVisible = True
4.5843 	EXP 	window1: mouseVisible = True
4.6041 	EXP 	window1: mouseVisible = True
4.6043 	EXP 	window1: mouseVisible = True
4.6046 	EXP 	window1: mouseVisible = True
4.6049 	EXP 	window1: mouseVisible = True
4.6083 	EXP 	window1: mouseVisible = True
4.6084 	EXP 	window1: mouseVisible = True
4.6087 	EXP 	window1: mouseVisible = True
4.6090 	EXP 	window1: mouseVisible = True
4.6376 	WARNING 	t of last frame was 64.59ms (=1/15)
22.7036 	DATA 	Keypress: space
22.7045 	INFO 	Mouse: using default window
22.7046 	EXP 	window1: mouseVisible = True
22.7047 	EXP 	window1: mouseVisible = True
22.7052 	EXP 	Created unnamed Rect = Rect(__class__=<class 'psychopy.visual.rect.Rect'>, anchor=('center', 'center'), autoDraw=False, autoLog=True, closeShape=True, color=method-wrapper(...), colorSpace='rgb', contrast=None, depth=0, draggable=False, fillColor=array([0.00392157, 0.00392157, 0.00392157]), fillColorSpace='rgb', fillRGB=array([0.00392157, 0.00392157, 0.00392157]), interpolate=True, lineColor=array([0, 0, 0]), lineColorSpace='rgb', lineRGB=array([0, 0, 0]), lineWidth=0, name='unnamed Rect', opacity=0.5, ori=0.0, pos=array([-0.65,  0.45]), size=array([0.1, 0.1]), units='height', vertices=ndarray(...), win=Window(...))
22.7070 	EXP 	window1: mouseVisible = True
22.7093 	EXP 	Created node0 = Circle(__class__=<class 'psychopy.visual.circle.Circle'>, anchor=('center', 'center'), autoDraw=False, autoLog=True, closeShape=True, color=method-wrapper(...), colorSpace='rgb', contrast=None, depth=0, draggable=False, fillColor=array([1, 1, 1]), fillColorSpace='rgb', fillRGB=array([1, 1, 1]), interpolate=True, lineColor=array([-1, -1, -1]), lineColorSpace='rgb', lineRGB=array([-1, -1, -1]), lineWidth=2, name='node0', opacity=1.0, ori=0.0, pos=array([0.  , 0.35]), size=array([1., 1.]), units='height', vertices=ndarray(...), win=Window(...))
22.7104 	EXP 	window1: mouseVisible = True
22.7123 	EXP 	Created node1 = Circle(__class__=<class 'psychopy.visual.circle.Circle'>, anchor=('center', 'center'), autoDraw=False, autoLog=True, closeShape=True, color=method-wrapper(...), colorSpace='rgb', contrast=None, depth=0, draggable=False, fillColor=array([1, 1, 1]), fillColorSpace='rgb', fillRGB=array([1, 1, 1]), interpolate=True, lineColor=array([-1, -1, -1]), lineColorSpace='rgb', lineRGB=array([-1, -1, -1]), lineWidth=2, name='node1', opacity=1.0, ori=0.0, pos=array([-0.18922429,  0.29443874]), size=array([1., 1.]), units='height', vertices=ndarray(...), win=Window(...))
22.7133 	EXP 	window1: mouseVisible = True
22.7151 	EXP 	Created node2 = Circle(__class__=<class 'psychopy.visual.circle.Circle'>, anchor=('center', 'center'), autoDraw=False, autoLog=True, closeShape=True, color=method-wrapper(...), colorSpace='rgb', contrast=None, depth=0, draggable=False, fillColor=array([1, 1, 1]), fillColorSpace='rgb', fillRGB=array([1, 1, 1]), interpolate=True, lineColor=array([-1, -1, -1]), lineColorSpace='rgb', lineRGB=array([-1, -1, -1]), lineWidth=2, name='node2', opacity=1.0, ori=0.0, pos=array([-0.3183712 ,  0.14539525]), size=array([1., 1.]), units='height', vertices=ndarray(...), win=Window(...))
22.7162 	EXP 	window1: mouseVisible = True
22.7180 	EXP 	Created node3 = Circle(__class__=<class 'psychopy.visual.circle.Circle'>, anchor=('center', 'center'), autoDraw=False, autoLog=True, closeShape=True, color=method-wrapper(...), colorSpace='rgb', contrast=None, depth=0, draggable=False, fillColor=array([1, 1, 1]), fillColorSpace='rgb', fillRGB=array([1, 1, 1]), interpolate=True, lineColor=array([-1, -1, -1]), lineColorSpace='rgb', lineRGB=array([-1, -1, -1]), lineWidth=2, name='node3', opacity=1.0, ori=0.0, pos=array([-0.3464375 , -0.04981019]), size=array([1., 1.]), units='height', vertices=ndarray(...), win=Window(...))
22.7190 	EXP 	window1: mouseVisible = True
22.7208 	EXP 	Created node4 = Circle(__class__=<class 'psychopy.visual.circle.Circle'>, anchor=('center', 'center'), autoDraw=False, autoLog=True, closeShape=True, color=method-wrapper(...), colorSpace='rgb', contrast=None, depth=0, draggable=False, fillColor=array([1, 1, 1]), fillColorSpace='rgb', fillRGB=array([1, 1, 1]), interpolate=True, lineColor=array([-1, -1, -1]), lineColorSpace='rgb', lineRGB=array([-1, -1, -1]), lineWidth=2, name='node4', opacity=1.0, ori=0.0, pos=array([-0.26451235, -0.22920126]), size=array([1., 1.]), units='height', vertices=ndarray(...), win=Window(...))
22.7218 	EXP 	window1: mouseVisible = True
22.7237 	EXP 	Created node5 = Circle(__class__=<class 'psychopy.visual.circle.Circle'>, anchor=('center', 'center'), autoDraw=False, autoLog=True, closeShape=True, color=method-wrapper(...), colorSpace='rgb', contrast=None, depth=0, draggable=False, fillColor=array([1, 1, 1]), fillColorSpace='rgb', fillRGB=array([1, 1, 1]), interpolate=True, lineColor=array([-1, -1, -1]), lineColorSpace='rgb', lineRGB=array([-1, -1, -1]), lineWidth=2, name='node5', opacity=1.0, ori=0.0, pos=array([-0.09860639, -0.33582254]), size=array([1., 1.]), units='height', vertices=ndarray(...), win=Window(...))
22.7247 	EXP 	window1: mouseVisible = True
22.7266 	EXP 	Created node6 = Circle(__class__=<class 'psychopy.visual.circle.Circle'>, anchor=('center', 'center'), autoDraw=False, autoLog=True, closeShape=True, color=method-wrapper(...), colorSpace='rgb', contrast=None, depth=0, draggable=False, fillColor=array([1, 1, 1]), fillColorSpace='rgb', fillRGB=array([1, 1, 1]), interpolate=True, lineColor=array([-1, -1, -1]), lineColorSpace='rgb', lineRGB=array([-1, -1, -1]), lineWidth=2, name='node6', opacity=1.0, ori=0.0, pos=array([ 0.09860639, -0.33582254]), size=array([1., 1.]), units='height', vertices=ndarray(...), win=Window(...))
22.7276 	EXP 	window1: mouseVisible = True
22.7294 	EXP 	Created node7 = Circle(__class__=<class 'psychopy.visual.circle.Circle'>, anchor=('center', 'center'), autoDraw=False, autoLog=True, closeShape=True, color=method-wrapper(...), colorSpace='rgb', contrast=None, depth=0, draggable=False, fillColor=array([1, 1, 1]), fillColorSpace='rgb', fillRGB=array([1, 1, 1]), interpolate=True, lineColor=array([-1, -1, -1]), lineColorSpace='rgb', lineRGB=array([-1, -1, -1]), lineWidth=2, name='node7', opacity=1.0, ori=0.0, pos=array([ 0.26451235, -0.22920126]), size=array([1., 1.]), units='height', vertices=ndarray(...), win=Window(...))
22.7304 	EXP 	window1: mouseVisible = True
22.7323 	EXP 	Created node8 = Circle(__class__=<class 'psychopy.visual.circle.Circle'>, anchor=('center', 'center'), autoDraw=False, autoLog=True, closeShape=True, color=method-wrapper(...), colorSpace='rgb', contrast=None, depth=0, draggable=False, fillColor=array([1, 1, 1]), fillColorSpace='rgb', fillRGB=array([1, 1, 1]), interpolate=True, lineColor=array([-1, -1, -1]), lineColorSpace='rgb', lineRGB=array([-1, -1, -1]), lineWidth=2, name='node8', opacity=1.0, ori=0.0, pos=array([ 0.3464375 , -0.04981019]), size=array([1., 1.]), units='height', vertices=ndarray(...), win=Window(...))
22.7333 	EXP 	window1: mouseVisible = True
22.7351 	EXP 	Created node9 = Circle(__class__=<class 'psychopy.visual.circle.Circle'>, anchor=('center', 'center'), autoDraw=False, autoLog=True, closeShape=True, color=method-wrapper(...), colorSpace='rgb', contrast=None, depth=0, draggable=False, fillColor=array([1, 1, 1]), fillColorSpace='rgb', fillRGB=array([1, 1, 1]), interpolate=True, lineColor=array([-1, -1, -1]), lineColorSpace='rgb', lineRGB=array([-1, -1, -1]), lineWidth=2, name='node9', opacity=1.0, ori=0.0, pos=array([0.3183712 , 0.14539525]), size=array([1., 1.]), units='height', vertices=ndarray(...), win=Window(...))
22.7361 	EXP 	window1: mouseVisible = True
22.7379 	EXP 	Created node10 = Circle(__class__=<class 'psychopy.visual.circle.Circle'>, anchor=('center', 'center'), autoDraw=False, autoLog=True, closeShape=True, color=method-wrapper(...), colorSpace='rgb', contrast=None, depth=0, draggable=False, fillColor=array([1, 1, 1]), fillColorSpace='rgb', fillRGB=array([1, 1, 1]), interpolate=True, lineColor=array([-1, -1, -1]), lineColorSpace='rgb', lineRGB=array([-1, -1, -1]), lineWidth=2, name='node10', opacity=1.0, ori=0.0, pos=array([0.18922429, 0.29443874]), size=array([1., 1.]), units='height', vertices=ndarray(...), win=Window(...))
22.7380 	EXP 	window1: mouseVisible = True
22.7384 	EXP 	Created unnamed Line = Line(__class__=<class 'psychopy.visual.line.Line'>, anchor=('center', 'center'), autoDraw=False, autoLog=True, closeShape=False, color=array([-1, -1, -1]), colorSpace='rgb', contrast=None, depth=2, draggable=False, fillColor=array([0, 0, 0]), fillColorSpace='rgb', fillRGB=array([0, 0, 0]), interpolate=True, lineColor=array([-1, -1, -1]), lineColorSpace='rgb', lineRGB=array([-1, -1, -1]), lineWidth=4, name='unnamed Line', opacity=0.5, ori=0.0, pos=array([0., 0.]), size=array([1., 1.]), units='height', vertices=ndarray(...), win=Window(...), windingRule=None)
22.7385 	EXP 	window1: mouseVisible = True
22.7389 	EXP 	Created unnamed ShapeStim = ShapeStim(__class__=<class 'psychopy.visual.shape.ShapeStim'>, anchor=('center', 'center'), autoDraw=False, autoLog=True, closeShape=True, color=method-wrapper(...), colorSpace='rgb', contrast=None, depth=0, draggable=False, fillColor=array([-1, -1, -1]), fillColorSpace='rgb', fillRGB=array([-1, -1, -1]), interpolate=True, lineColor=array([-1, -1, -1]), lineColorSpace='rgb', lineRGB=array([-1, -1, -1]), lineWidth=1.5, name='unnamed ShapeStim', opacity=1.0, ori=253.63636363636365, pos=array([-0.14124964,  0.30852536]), size=array([1., 1.]), units='height', vertices=ndarray(...), win=Window(...), windingRule=None)
22.7390 	EXP 	window1: mouseVisible = True
22.7394 	EXP 	Created unnamed Line = Line(__class__=<class 'psychopy.visual.line.Line'>, anchor=('center', 'center'), autoDraw=False, autoLog=True, closeShape=False, color=array([-1, -1, -1]), colorSpace='rgb', contrast=None, depth=2, draggable=False, fillColor=array([0, 0, 0]), fillColorSpace='rgb', fillRGB=array([0, 0, 0]), interpolate=True, lineColor=array([-1, -1, -1]), lineColorSpace='rgb', lineRGB=array([-1, -1, -1]), lineWidth=4, name='unnamed Line', opacity=0.5, ori=0.0, pos=array([0., 0.]), size=array([1., 1.]), units='height', vertices=ndarray(...), win=Window(...), windingRule=None)
22.7394 	EXP 	window1: mouseVisible = True
22.7399 	EXP 	Created unnamed ShapeStim = ShapeStim(__class__=<class 'psychopy.visual.shape.ShapeStim'>, anchor=('center', 'center'), autoDraw=False, autoLog=True, closeShape=True, color=method-wrapper(...), colorSpace='rgb', contrast=None, depth=0, draggable=False, fillColor=array([-1, -1, -1]), fillColorSpace='rgb', fillRGB=array([-1, -1, -1]), interpolate=True, lineColor=array([-1, -1, -1]), lineColorSpace='rgb', lineRGB=array([-1, -1, -1]), lineWidth=1.5, name='unnamed ShapeStim', opacity=1.0, ori=220.9090909090909, pos=array([-0.31369447, -0.01202271]), size=array([1., 1.]), units='height', vertices=ndarray(...), win=Window(...), windingRule=None)
22.7399 	EXP 	window1: mouseVisible = True
22.7403 	EXP 	Created unnamed Line = Line(__class__=<class 'psychopy.visual.line.Line'>, anchor=('center', 'center'), autoDraw=False, autoLog=True, closeShape=False, color=array([-1, -1, -1]), colorSpace='rgb', contrast=None, depth=2, draggable=False, fillColor=array([0, 0, 0]), fillColorSpace='rgb', fillRGB=array([0, 0, 0]), interpolate=True, lineColor=array([-1, -1, -1]), lineColorSpace='rgb', lineRGB=array([-1, -1, -1]), lineWidth=4, name='unnamed Line', opacity=0.5, ori=0.0, pos=array([0., 0.]), size=array([1., 1.]), units='height', vertices=ndarray(...), win=Window(...), windingRule=None)
22.7404 	EXP 	window1: mouseVisible = True
22.7408 	EXP 	Created unnamed ShapeStim = ShapeStim(__class__=<class 'psychopy.visual.shape.ShapeStim'>, anchor=('center', 'center'), autoDraw=False, autoLog=True, closeShape=True, color=method-wrapper(...), colorSpace='rgb', contrast=None, depth=0, draggable=False, fillColor=array([-1, -1, -1]), fillColorSpace='rgb', fillRGB=array([-1, -1, -1]), interpolate=True, lineColor=array([-1, -1, -1]), lineColorSpace='rgb', lineRGB=array([-1, -1, -1]), lineWidth=1.5, name='unnamed ShapeStim', opacity=1.0, ori=220.9090909090909, pos=array([-0.28562816,  0.18318273]), size=array([1., 1.]), units='height', vertices=ndarray(...), win=Window(...), windingRule=None)
22.7408 	EXP 	window1: mouseVisible = True
22.7412 	EXP 	Created unnamed Line = Line(__class__=<class 'psychopy.visual.line.Line'>, anchor=('center', 'center'), autoDraw=False, autoLog=True, closeShape=False, color=array([-1, -1, -1]), colorSpace='rgb', contrast=None, depth=2, draggable=False, fillColor=array([0, 0, 0]), fillColorSpace='rgb', fillRGB=array([0, 0, 0]), interpolate=True, lineColor=array([-1, -1, -1]), lineColorSpace='rgb', lineRGB=array([-1, -1, -1]), lineWidth=4, name='unnamed Line', opacity=0.5, ori=0.0, pos=array([0., 0.]), size=array([1., 1.]), units='height', vertices=ndarray(...), win=Window(...), windingRule=None)
22.7412 	EXP 	window1: mouseVisible = True
22.7416 	EXP 	Created unnamed ShapeStim = ShapeStim(__class__=<class 'psychopy.visual.shape.ShapeStim'>, anchor=('center', 'center'), autoDraw=False, autoLog=True, closeShape=True, color=method-wrapper(...), colorSpace='rgb', contrast=None, depth=0, draggable=False, fillColor=array([-1, -1, -1]), fillColorSpace='rgb', fillRGB=array([-1, -1, -1]), interpolate=True, lineColor=array([-1, -1, -1]), lineColorSpace='rgb', lineRGB=array([-1, -1, -1]), lineWidth=1.5, name='unnamed ShapeStim', opacity=1.0, ori=188.1818181818182, pos=array([-0.25739661, -0.17971018]), size=array([1., 1.]), units='height', vertices=ndarray(...), win=Window(...), windingRule=None)
22.7416 	EXP 	window1: mouseVisible = True
22.7421 	EXP 	Created unnamed Line = Line(__class__=<class 'psychopy.visual.line.Line'>, anchor=('center', 'center'), autoDraw=False, autoLog=True, closeShape=False, color=array([-1, -1, -1]), colorSpace='rgb', contrast=None, depth=2, draggable=False, fillColor=array([0, 0, 0]), fillColorSpace='rgb', fillRGB=array([0, 0, 0]), interpolate=True, lineColor=array([-1, -1, -1]), lineColorSpace='rgb', lineRGB=array([-1, -1, -1]), lineWidth=4, name='unnamed Line', opacity=0.5, ori=0.0, pos=array([0., 0.]), size=array([1., 1.]), units='height', vertices=ndarray(...), win=Window(...), windingRule=None)
22.7421 	EXP 	window1: mouseVisible = True
22.7425 	EXP 	Created unnamed ShapeStim = ShapeStim(__class__=<class 'psychopy.visual.shape.ShapeStim'>, anchor=('center', 'center'), autoDraw=False, autoLog=True, closeShape=True, color=method-wrapper(...), colorSpace='rgb', contrast=None, depth=0, draggable=False, fillColor=array([-1, -1, -1]), fillColorSpace='rgb', fillRGB=array([-1, -1, -1]), interpolate=True, lineColor=array([-1, -1, -1]), lineColorSpace='rgb', lineRGB=array([-1, -1, -1]), lineWidth=1.5, name='unnamed ShapeStim', opacity=1.0, ori=188.1818181818182, pos=array([-3.39321763e-01, -3.19121302e-04]), size=array([1., 1.]), units='height', vertices=ndarray(...), win=Window(...), windingRule=None)
22.7425 	EXP 	window1: mouseVisible = True
22.7429 	EXP 	Created unnamed Line = Line(__class__=<class 'psychopy.visual.line.Line'>, anchor=('center', 'center'), autoDraw=False, autoLog=True, closeShape=False, color=array([-1, -1, -1]), colorSpace='rgb', contrast=None, depth=2, draggable=False, fillColor=array([0, 0, 0]), fillColorSpace='rgb', fillRGB=array([0, 0, 0]), interpolate=True, lineColor=array([-1, -1, -1]), lineColorSpace='rgb', lineRGB=array([-1, -1, -1]), lineWidth=4, name='unnamed Line', opacity=0.5, ori=0.0, pos=array([0., 0.]), size=array([1., 1.]), units='height', vertices=ndarray(...), win=Window(...), windingRule=None)
22.7429 	EXP 	window1: mouseVisible = True
22.7433 	EXP 	Created unnamed ShapeStim = ShapeStim(__class__=<class 'psychopy.visual.shape.ShapeStim'>, anchor=('center', 'center'), autoDraw=False, autoLog=True, closeShape=True, color=method-wrapper(...), colorSpace='rgb', contrast=None, depth=0, draggable=False, fillColor=array([-1, -1, -1]), fillColorSpace='rgb', fillRGB=array([-1, -1, -1]), interpolate=True, lineColor=array([-1, -1, -1]), lineColorSpace='rgb', lineRGB=array([-1, -1, -1]), lineWidth=1.5, name='unnamed ShapeStim', opacity=1.0, ori=155.45454545454544, pos=array([-0.11937715, -0.29034094]), size=array([1., 1.]), units='height', vertices=ndarray(...), win=Window(...), windingRule=None)
22.7434 	EXP 	window1: mouseVisible = True
22.7437 	EXP 	Created unnamed Line = Line(__class__=<class 'psychopy.visual.line.Line'>, anchor=('center', 'center'), autoDraw=False, autoLog=True, closeShape=False, color=array([-1, -1, -1]), colorSpace='rgb', contrast=None, depth=2, draggable=False, fillColor=array([0, 0, 0]), fillColorSpace='rgb', fillRGB=array([0, 0, 0]), interpolate=True, lineColor=array([-1, -1, -1]), lineColorSpace='rgb', lineRGB=array([-1, -1, -1]), lineWidth=4, name='unnamed Line', opacity=0.5, ori=0.0, pos=array([0., 0.]), size=array([1., 1.]), units='height', vertices=ndarray(...), win=Window(...), windingRule=None)
22.7438 	EXP 	window1: mouseVisible = True
22.7441 	EXP 	Created unnamed ShapeStim = ShapeStim(__class__=<class 'psychopy.visual.shape.ShapeStim'>, anchor=('center', 'center'), autoDraw=False, autoLog=True, closeShape=True, color=method-wrapper(...), colorSpace='rgb', contrast=None, depth=0, draggable=False, fillColor=array([-1, -1, -1]), fillColorSpace='rgb', fillRGB=array([-1, -1, -1]), interpolate=True, lineColor=array([-1, -1, -1]), lineColorSpace='rgb', lineRGB=array([-1, -1, -1]), lineWidth=1.5, name='unnamed ShapeStim', opacity=1.0, ori=155.45454545454544, pos=array([-0.2852831 , -0.18371966]), size=array([1., 1.]), units='height', vertices=ndarray(...), win=Window(...), windingRule=None)
22.7442 	EXP 	window1: mouseVisible = True
22.7445 	EXP 	Created unnamed Line = Line(__class__=<class 'psychopy.visual.line.Line'>, anchor=('center', 'center'), autoDraw=False, autoLog=True, closeShape=False, color=array([-1, -1, -1]), colorSpace='rgb', contrast=None, depth=2, draggable=False, fillColor=array([0, 0, 0]), fillColorSpace='rgb', fillRGB=array([0, 0, 0]), interpolate=True, lineColor=array([-1, -1, -1]), lineColorSpace='rgb', lineRGB=array([-1, -1, -1]), lineWidth=4, name='unnamed Line', opacity=0.5, ori=0.0, pos=array([0., 0.]), size=array([1., 1.]), units='height', vertices=ndarray(...), win=Window(...), windingRule=None)
22.7446 	EXP 	window1: mouseVisible = True
22.7449 	EXP 	Created unnamed ShapeStim = ShapeStim(__class__=<class 'psychopy.visual.shape.ShapeStim'>, anchor=('center', 'center'), autoDraw=False, autoLog=True, closeShape=True, color=method-wrapper(...), colorSpace='rgb', contrast=None, depth=0, draggable=False, fillColor=array([-1, -1, -1]), fillColorSpace='rgb', fillRGB=array([-1, -1, -1]), interpolate=True, lineColor=array([-1, -1, -1]), lineColorSpace='rgb', lineRGB=array([-1, -1, -1]), lineWidth=1.5, name='unnamed ShapeStim', opacity=1.0, ori=122.72727272727275, pos=array([ 0.05654372, -0.3087905 ]), size=array([1., 1.]), units='height', vertices=ndarray(...), win=Window(...), windingRule=None)
22.7450 	EXP 	window1: mouseVisible = True
22.7453 	EXP 	Created unnamed Line = Line(__class__=<class 'psychopy.visual.line.Line'>, anchor=('center', 'center'), autoDraw=False, autoLog=True, closeShape=False, color=array([-1, -1, -1]), colorSpace='rgb', contrast=None, depth=2, draggable=False, fillColor=array([0, 0, 0]), fillColorSpace='rgb', fillRGB=array([0, 0, 0]), interpolate=True, lineColor=array([-1, -1, -1]), lineColorSpace='rgb', lineRGB=array([-1, -1, -1]), lineWidth=4, name='unnamed Line', opacity=0.5, ori=0.0, pos=array([0., 0.]), size=array([1., 1.]), units='height', vertices=ndarray(...), win=Window(...), windingRule=None)
22.7454 	EXP 	window1: mouseVisible = True
22.7457 	EXP 	Created unnamed ShapeStim = ShapeStim(__class__=<class 'psychopy.visual.shape.ShapeStim'>, anchor=('center', 'center'), autoDraw=False, autoLog=True, closeShape=True, color=method-wrapper(...), colorSpace='rgb', contrast=None, depth=0, draggable=False, fillColor=array([-1, -1, -1]), fillColorSpace='rgb', fillRGB=array([-1, -1, -1]), interpolate=True, lineColor=array([-1, -1, -1]), lineColorSpace='rgb', lineRGB=array([-1, -1, -1]), lineWidth=1.5, name='unnamed ShapeStim', opacity=1.0, ori=122.72727272727273, pos=array([-0.14066907, -0.3087905 ]), size=array([1., 1.]), units='height', vertices=ndarray(...), win=Window(...), windingRule=None)
22.7458 	EXP 	window1: mouseVisible = True
22.7462 	EXP 	Created unnamed Line = Line(__class__=<class 'psychopy.visual.line.Line'>, anchor=('center', 'center'), autoDraw=False, autoLog=True, closeShape=False, color=array([-1, -1, -1]), colorSpace='rgb', contrast=None, depth=2, draggable=False, fillColor=array([0, 0, 0]), fillColorSpace='rgb', fillRGB=array([0, 0, 0]), interpolate=True, lineColor=array([-1, -1, -1]), lineColorSpace='rgb', lineRGB=array([-1, -1, -1]), lineWidth=4, name='unnamed Line', opacity=0.5, ori=0.0, pos=array([0., 0.]), size=array([1., 1.]), units='height', vertices=ndarray(...), win=Window(...), windingRule=None)
22.7463 	EXP 	window1: mouseVisible = True
22.7466 	EXP 	Created unnamed ShapeStim = ShapeStim(__class__=<class 'psychopy.visual.shape.ShapeStim'>, anchor=('center', 'center'), autoDraw=False, autoLog=True, closeShape=True, color=method-wrapper(...), colorSpace='rgb', contrast=None, depth=0, draggable=False, fillColor=array([-1, -1, -1]), fillColorSpace='rgb', fillRGB=array([-1, -1, -1]), interpolate=True, lineColor=array([-1, -1, -1]), lineColorSpace='rgb', lineRGB=array([-1, -1, -1]), lineWidth=1.5, name='unnamed ShapeStim', opacity=1.0, ori=90.00000000000003, pos=array([ 0.21451235, -0.22920126]), size=array([1., 1.]), units='height', vertices=ndarray(...), win=Window(...), windingRule=None)
22.7467 	EXP 	window1: mouseVisible = True
22.7470 	EXP 	Created unnamed Line = Line(__class__=<class 'psychopy.visual.line.Line'>, anchor=('center', 'center'), autoDraw=False, autoLog=True, closeShape=False, color=array([-1, -1, -1]), colorSpace='rgb', contrast=None, depth=2, draggable=False, fillColor=array([0, 0, 0]), fillColorSpace='rgb', fillRGB=array([0, 0, 0]), interpolate=True, lineColor=array([-1, -1, -1]), lineColorSpace='rgb', lineRGB=array([-1, -1, -1]), lineWidth=4, name='unnamed Line', opacity=0.5, ori=0.0, pos=array([0., 0.]), size=array([1., 1.]), units='height', vertices=ndarray(...), win=Window(...), windingRule=None)
22.7471 	EXP 	window1: mouseVisible = True
22.7475 	EXP 	Created unnamed ShapeStim = ShapeStim(__class__=<class 'psychopy.visual.shape.ShapeStim'>, anchor=('center', 'center'), autoDraw=False, autoLog=True, closeShape=True, color=method-wrapper(...), colorSpace='rgb', contrast=None, depth=0, draggable=False, fillColor=array([-1, -1, -1]), fillColorSpace='rgb', fillRGB=array([-1, -1, -1]), interpolate=True, lineColor=array([-1, -1, -1]), lineColorSpace='rgb', lineRGB=array([-1, -1, -1]), lineWidth=1.5, name='unnamed ShapeStim', opacity=1.0, ori=90.00000000000001, pos=array([ 0.04860639, -0.33582254]), size=array([1., 1.]), units='height', vertices=ndarray(...), win=Window(...), windingRule=None)
22.7475 	EXP 	window1: mouseVisible = True
22.7479 	EXP 	Created unnamed Line = Line(__class__=<class 'psychopy.visual.line.Line'>, anchor=('center', 'center'), autoDraw=False, autoLog=True, closeShape=False, color=array([-1, -1, -1]), colorSpace='rgb', contrast=None, depth=2, draggable=False, fillColor=array([0, 0, 0]), fillColorSpace='rgb', fillRGB=array([0, 0, 0]), interpolate=True, lineColor=array([-1, -1, -1]), lineColorSpace='rgb', lineRGB=array([-1, -1, -1]), lineWidth=4, name='unnamed Line', opacity=0.5, ori=0.0, pos=array([0., 0.]), size=array([1., 1.]), units='height', vertices=ndarray(...), win=Window(...), windingRule=None)
22.7479 	EXP 	window1: mouseVisible = True
22.7483 	EXP 	Created unnamed ShapeStim = ShapeStim(__class__=<class 'psychopy.visual.shape.ShapeStim'>, anchor=('center', 'center'), autoDraw=False, autoLog=True, closeShape=True, color=method-wrapper(...), colorSpace='rgb', contrast=None, depth=0, draggable=False, fillColor=array([-1, -1, -1]), fillColorSpace='rgb', fillRGB=array([-1, -1, -1]), interpolate=True, lineColor=array([-1, -1, -1]), lineColorSpace='rgb', lineRGB=array([-1, -1, -1]), lineWidth=1.5, name='unnamed ShapeStim', opacity=1.0, ori=57.27272727272728, pos=array([ 0.30437483, -0.07684223]), size=array([1., 1.]), units='height', vertices=ndarray(...), win=Window(...), windingRule=None)
22.7483 	EXP 	window1: mouseVisible = True
22.7487 	EXP 	Created unnamed Line = Line(__class__=<class 'psychopy.visual.line.Line'>, anchor=('center', 'center'), autoDraw=False, autoLog=True, closeShape=False, color=array([-1, -1, -1]), colorSpace='rgb', contrast=None, depth=2, draggable=False, fillColor=array([0, 0, 0]), fillColorSpace='rgb', fillRGB=array([0, 0, 0]), interpolate=True, lineColor=array([-1, -1, -1]), lineColorSpace='rgb', lineRGB=array([-1, -1, -1]), lineWidth=4, name='unnamed Line', opacity=0.5, ori=0.0, pos=array([0., 0.]), size=array([1., 1.]), units='height', vertices=ndarray(...), win=Window(...), windingRule=None)
22.7487 	EXP 	window1: mouseVisible = True
22.7491 	EXP 	Created unnamed ShapeStim = ShapeStim(__class__=<class 'psychopy.visual.shape.ShapeStim'>, anchor=('center', 'center'), autoDraw=False, autoLog=True, closeShape=True, color=method-wrapper(...), colorSpace='rgb', contrast=None, depth=0, draggable=False, fillColor=array([-1, -1, -1]), fillColorSpace='rgb', fillRGB=array([-1, -1, -1]), interpolate=True, lineColor=array([-1, -1, -1]), lineColorSpace='rgb', lineRGB=array([-1, -1, -1]), lineWidth=1.5, name='unnamed ShapeStim', opacity=1.0, ori=57.2727272727273, pos=array([ 0.22244967, -0.2562333 ]), size=array([1., 1.]), units='height', vertices=ndarray(...), win=Window(...), windingRule=None)
22.7491 	EXP 	window1: mouseVisible = True
22.7495 	EXP 	Created unnamed Line = Line(__class__=<class 'psychopy.visual.line.Line'>, anchor=('center', 'center'), autoDraw=False, autoLog=True, closeShape=False, color=array([-1, -1, -1]), colorSpace='rgb', contrast=None, depth=2, draggable=False, fillColor=array([0, 0, 0]), fillColorSpace='rgb', fillRGB=array([0, 0, 0]), interpolate=True, lineColor=array([-1, -1, -1]), lineColorSpace='rgb', lineRGB=array([-1, -1, -1]), lineWidth=4, name='unnamed Line', opacity=0.5, ori=0.0, pos=array([0., 0.]), size=array([1., 1.]), units='height', vertices=ndarray(...), win=Window(...), windingRule=None)
22.7495 	EXP 	window1: mouseVisible = True
22.7499 	EXP 	Created unnamed ShapeStim = ShapeStim(__class__=<class 'psychopy.visual.shape.ShapeStim'>, anchor=('center', 'center'), autoDraw=False, autoLog=True, closeShape=True, color=method-wrapper(...), colorSpace='rgb', contrast=None, depth=0, draggable=False, fillColor=array([-1, -1, -1]), fillColorSpace='rgb', fillRGB=array([-1, -1, -1]), interpolate=True, lineColor=array([-1, -1, -1]), lineColorSpace='rgb', lineRGB=array([-1, -1, -1]), lineWidth=1.5, name='unnamed ShapeStim', opacity=1.0, ori=24.545454545454575, pos=array([0.29760045, 0.09991365]), size=array([1., 1.]), units='height', vertices=ndarray(...), win=Window(...), windingRule=None)
22.7499 	EXP 	window1: mouseVisible = True
22.7503 	EXP 	Created unnamed Line = Line(__class__=<class 'psychopy.visual.line.Line'>, anchor=('center', 'center'), autoDraw=False, autoLog=True, closeShape=False, color=array([-1, -1, -1]), colorSpace='rgb', contrast=None, depth=2, draggable=False, fillColor=array([0, 0, 0]), fillColorSpace='rgb', fillRGB=array([0, 0, 0]), interpolate=True, lineColor=array([-1, -1, -1]), lineColorSpace='rgb', lineRGB=array([-1, -1, -1]), lineWidth=4, name='unnamed Line', opacity=0.5, ori=0.0, pos=array([0., 0.]), size=array([1., 1.]), units='height', vertices=ndarray(...), win=Window(...), windingRule=None)
22.7503 	EXP 	window1: mouseVisible = True
22.7507 	EXP 	Created unnamed ShapeStim = ShapeStim(__class__=<class 'psychopy.visual.shape.ShapeStim'>, anchor=('center', 'center'), autoDraw=False, autoLog=True, closeShape=True, color=method-wrapper(...), colorSpace='rgb', contrast=None, depth=0, draggable=False, fillColor=array([-1, -1, -1]), fillColorSpace='rgb', fillRGB=array([-1, -1, -1]), interpolate=True, lineColor=array([-1, -1, -1]), lineColorSpace='rgb', lineRGB=array([-1, -1, -1]), lineWidth=1.5, name='unnamed ShapeStim', opacity=1.0, ori=24.54545454545459, pos=array([ 0.32566675, -0.09529179]), size=array([1., 1.]), units='height', vertices=ndarray(...), win=Window(...), windingRule=None)
22.7508 	EXP 	window1: mouseVisible = True
22.7511 	EXP 	Created unnamed Line = Line(__class__=<class 'psychopy.visual.line.Line'>, anchor=('center', 'center'), autoDraw=False, autoLog=True, closeShape=False, color=array([-1, -1, -1]), colorSpace='rgb', contrast=None, depth=2, draggable=False, fillColor=array([0, 0, 0]), fillColorSpace='rgb', fillRGB=array([0, 0, 0]), interpolate=True, lineColor=array([-1, -1, -1]), lineColorSpace='rgb', lineRGB=array([-1, -1, -1]), lineWidth=4, name='unnamed Line', opacity=0.5, ori=0.0, pos=array([0., 0.]), size=array([1., 1.]), units='height', vertices=ndarray(...), win=Window(...), windingRule=None)
22.7512 	EXP 	window1: mouseVisible = True
22.7516 	EXP 	Created unnamed ShapeStim = ShapeStim(__class__=<class 'psychopy.visual.shape.ShapeStim'>, anchor=('center', 'center'), autoDraw=False, autoLog=True, closeShape=True, color=method-wrapper(...), colorSpace='rgb', contrast=None, depth=0, draggable=False, fillColor=array([-1, -1, -1]), fillColorSpace='rgb', fillRGB=array([-1, -1, -1]), interpolate=True, lineColor=array([-1, -1, -1]), lineColorSpace='rgb', lineRGB=array([-1, -1, -1]), lineWidth=1.5, name='unnamed ShapeStim', opacity=1.0, ori=-8.181818181818159, pos=array([0.19634003, 0.24494766]), size=array([1., 1.]), units='height', vertices=ndarray(...), win=Window(...), windingRule=None)
22.7516 	EXP 	window1: mouseVisible = True
22.7519 	EXP 	Created unnamed Rect = Rect(__class__=<class 'psychopy.visual.rect.Rect'>, anchor=('center', 'center'), autoDraw=False, autoLog=True, closeShape=True, color=method-wrapper(...), colorSpace='rgb', contrast=None, depth=0, draggable=False, fillColor=array([0.00392157, 0.00392157, 0.00392157]), fillColorSpace='rgb', fillRGB=array([0.00392157, 0.00392157, 0.00392157]), interpolate=True, lineColor=array([0, 0, 0]), lineColorSpace='rgb', lineRGB=array([0, 0, 0]), lineWidth=0, name='unnamed Rect', opacity=0.0, ori=0.0, pos=array([0.1, 0. ]), size=array([1.1, 1. ]), units='height', vertices=ndarray(...), win=Window(...))
22.7760 	WARNING 	t of last frame was 18138.36ms (=1/0)
22.7760 	EXP 	unnamed Rect: autoDraw = True
22.7760 	EXP 	node0: autoDraw = True
22.7760 	EXP 	node1: autoDraw = True
22.7760 	EXP 	node2: autoDraw = True
22.7760 	EXP 	node3: autoDraw = True
22.7760 	EXP 	node4: autoDraw = True
22.7760 	EXP 	node5: autoDraw = True
22.7760 	EXP 	node6: autoDraw = True
22.7760 	EXP 	node7: autoDraw = True
22.7760 	EXP 	node8: autoDraw = True
22.7760 	EXP 	node9: autoDraw = True
22.7760 	EXP 	node10: autoDraw = True
22.7760 	EXP 	unnamed Line: autoDraw = True
22.7760 	EXP 	unnamed Line: autoDraw = True
22.7760 	EXP 	unnamed ShapeStim: autoDraw = True
22.7760 	EXP 	unnamed Line: autoDraw = True
22.7760 	EXP 	unnamed Line: autoDraw = True
22.7760 	EXP 	unnamed ShapeStim: autoDraw = True
22.7760 	EXP 	unnamed Line: autoDraw = True
22.7760 	EXP 	unnamed Line: autoDraw = True
22.7760 	EXP 	unnamed ShapeStim: autoDraw = True
22.7760 	EXP 	unnamed Line: autoDraw = True
22.7760 	EXP 	unnamed Line: autoDraw = True
22.7760 	EXP 	unnamed ShapeStim: autoDraw = True
22.7760 	EXP 	unnamed Line: autoDraw = True
22.7760 	EXP 	unnamed Line: autoDraw = True
22.7760 	EXP 	unnamed ShapeStim: autoDraw = True
22.7760 	EXP 	unnamed Line: autoDraw = True
22.7760 	EXP 	unnamed Line: autoDraw = True
22.7760 	EXP 	unnamed ShapeStim: autoDraw = True
22.7760 	EXP 	unnamed Line: autoDraw = True
22.7760 	EXP 	unnamed Line: autoDraw = True
22.7760 	EXP 	unnamed ShapeStim: autoDraw = True
22.7760 	EXP 	unnamed Line: autoDraw = True
22.7760 	EXP 	unnamed Line: autoDraw = True
22.7760 	EXP 	unnamed ShapeStim: autoDraw = True
22.7760 	EXP 	unnamed Line: autoDraw = True
22.7760 	EXP 	unnamed Line: autoDraw = True
22.7760 	EXP 	unnamed ShapeStim: autoDraw = True
22.7760 	EXP 	unnamed Line: autoDraw = True
22.7760 	EXP 	unnamed Line: autoDraw = True
22.7760 	EXP 	unnamed ShapeStim: autoDraw = True
22.7760 	EXP 	unnamed Line: autoDraw = True
22.7760 	EXP 	unnamed Line: autoDraw = True
22.7760 	EXP 	unnamed ShapeStim: autoDraw = True
22.7760 	EXP 	unnamed Line: autoDraw = True
22.7760 	EXP 	unnamed Line: autoDraw = True
22.7760 	EXP 	unnamed ShapeStim: autoDraw = True
22.7760 	EXP 	unnamed Line: autoDraw = True
22.7760 	EXP 	unnamed Line: autoDraw = True
22.7760 	EXP 	unnamed ShapeStim: autoDraw = True
22.7760 	EXP 	unnamed Line: autoDraw = True
22.7760 	EXP 	unnamed Line: autoDraw = True
22.7760 	EXP 	unnamed ShapeStim: autoDraw = True
22.7760 	EXP 	unnamed Line: autoDraw = True
22.7760 	EXP 	unnamed Line: autoDraw = True
22.7760 	EXP 	unnamed ShapeStim: autoDraw = True
22.7760 	EXP 	unnamed Line: autoDraw = True
22.7760 	EXP 	unnamed Line: autoDraw = True
22.7760 	EXP 	unnamed ShapeStim: autoDraw = True
22.7760 	EXP 	unnamed Rect: autoDraw = True
27.4758 	DATA 	Keypress: space
27.4826 	DATA 	Keypress: n
27.4938 	WARNING 	t of last frame was 4717.81ms (=1/0)
27.4938 	EXP 	node0: fillColor = '#126DEF'
27.9728 	DATA 	Keypress: space
27.9800 	WARNING 	t of last frame was 486.20ms (=1/2)
28.1569 	DATA 	Keypress: space
28.1643 	WARNING 	Multiple dropped frames have occurred - I'll stop bothering you about them!
28.3088 	DATA 	Keypress: space
31.8772 	DATA 	Keypress: f
32.9013 	DATA 	Keypress: j
32.9113 	EXP 	window1: mouseVisible = True
32.9311 	EXP 	Created unnamed TextStim = TextStim(__class__=<class 'psychopy.visual.text.TextStim'>, alignHoriz=method-wrapper(...), alignText='center', alignVert=method-wrapper(...), anchorHoriz='center', anchorVert='center', antialias=True, autoDraw=False, autoLog=True, bold=False, color=array([1, 1, 1]), colorSpace='rgb', contrast=1.0, depth=0, draggable=False, flipHoriz=False, flipVert=False, font='', fontFiles=[], height=0.035, italic=False, languageStyle='LTR', name='unnamed TextStim', opacity=1.0, ori=0.0, pos=array([0., 0.]), rgb=UNKNOWN, text='press Space to start', units='height', win=Window(...), wrapWidth=1)
33.0930 	DATA 	Keypress: j
33.7811 	DATA 	Keypress: space
33.7815 	EXP 	window1: mouseVisible = True
33.7820 	EXP 	Created unnamed Rect = Rect(__class__=<class 'psychopy.visual.rect.Rect'>, anchor=('center', 'center'), autoDraw=False, autoLog=True, closeShape=True, color=method-wrapper(...), colorSpace='rgb', contrast=None, depth=0, draggable=False, fillColor=array([0.00392157, 0.00392157, 0.00392157]), fillColorSpace='rgb', fillRGB=array([0.00392157, 0.00392157, 0.00392157]), interpolate=True, lineColor=array([0, 0, 0]), lineColorSpace='rgb', lineRGB=array([0, 0, 0]), lineWidth=0, name='unnamed Rect', opacity=0.5, ori=0.0, pos=array([-0.65,  0.45]), size=array([0.1, 0.1]), units='height', vertices=ndarray(...), win=Window(...))
33.7855 	EXP 	unnamed Rect: autoDraw = True
33.7855 	EXP 	unnamed Rect: autoDraw = True
33.7855 	EXP 	node0: autoDraw = True
33.7855 	EXP 	node1: autoDraw = True
33.7855 	EXP 	node2: autoDraw = True
33.7855 	EXP 	node3: autoDraw = True
33.7855 	EXP 	node4: autoDraw = True
33.7855 	EXP 	node5: autoDraw = True
33.7855 	EXP 	node6: autoDraw = True
33.7855 	EXP 	node7: autoDraw = True
33.7855 	EXP 	node8: autoDraw = True
33.7855 	EXP 	node9: autoDraw = True
33.7855 	EXP 	node10: autoDraw = True
33.7855 	EXP 	unnamed Line: autoDraw = True
33.7855 	EXP 	unnamed ShapeStim: autoDraw = True
33.7855 	EXP 	unnamed Line: autoDraw = True
33.7855 	EXP 	unnamed ShapeStim: autoDraw = True
33.7855 	EXP 	unnamed Line: autoDraw = True
33.7855 	EXP 	unnamed ShapeStim: autoDraw = True
33.7855 	EXP 	unnamed Line: autoDraw = True
33.7855 	EXP 	unnamed ShapeStim: autoDraw = True
33.7855 	EXP 	unnamed Line: autoDraw = True
33.7855 	EXP 	unnamed ShapeStim: autoDraw = True
33.7855 	EXP 	unnamed Line: autoDraw = True
33.7855 	EXP 	unnamed ShapeStim: autoDraw = True
33.7855 	EXP 	unnamed Line: autoDraw = True
33.7855 	EXP 	unnamed ShapeStim: autoDraw = True
33.7855 	EXP 	unnamed Line: autoDraw = True
33.7855 	EXP 	unnamed ShapeStim: autoDraw = True
33.7855 	EXP 	unnamed Line: autoDraw = True
33.7855 	EXP 	unnamed ShapeStim: autoDraw = True
33.7855 	EXP 	unnamed Line: autoDraw = True
33.7855 	EXP 	unnamed ShapeStim: autoDraw = True
33.7855 	EXP 	unnamed Line: autoDraw = True
33.7855 	EXP 	unnamed ShapeStim: autoDraw = True
33.7855 	EXP 	unnamed Line: autoDraw = True
33.7855 	EXP 	unnamed ShapeStim: autoDraw = True
33.7855 	EXP 	unnamed Line: autoDraw = True
33.7855 	EXP 	unnamed ShapeStim: autoDraw = True
33.7855 	EXP 	unnamed Line: autoDraw = True
33.7855 	EXP 	unnamed ShapeStim: autoDraw = True
33.7855 	EXP 	unnamed Line: autoDraw = True
33.7855 	EXP 	unnamed ShapeStim: autoDraw = True
33.7855 	EXP 	unnamed Line: autoDraw = True
33.7855 	EXP 	unnamed ShapeStim: autoDraw = True
33.7855 	EXP 	unnamed Rect: autoDraw = True
33.7855 	EXP 	unnamed Rect: autoDraw = True
33.7923 	EXP 	node0: fillColor = '#126DEF'
33.7923 	EXP 	unnamed Line: autoDraw = False
33.7923 	EXP 	unnamed ShapeStim: autoDraw = False
33.7923 	EXP 	unnamed Line: autoDraw = True
33.7923 	EXP 	unnamed ShapeStim: autoDraw = True
33.7923 	EXP 	unnamed Line: autoDraw = False
33.7923 	EXP 	unnamed ShapeStim: autoDraw = False
33.7923 	EXP 	unnamed Line: autoDraw = True
33.7923 	EXP 	unnamed ShapeStim: autoDraw = True
33.7923 	EXP 	unnamed Line: foreColor = <psychopy.colors.Color: black, alpha=1.0>
33.7923 	EXP 	unnamed Line: borderColor = <psychopy.colors.Color: black, alpha=1.0>
33.7923 	EXP 	unnamed Line: fillColor = <psychopy.colors.Color: black, alpha=1.0>
33.7923 	EXP 	unnamed ShapeStim: foreColor = <psychopy.colors.Color: black, alpha=1.0>
33.7923 	EXP 	unnamed ShapeStim: borderColor = <psychopy.colors.Color: black, alpha=1.0>
33.7923 	EXP 	unnamed ShapeStim: fillColor = <psychopy.colors.Color: black, alpha=1.0>
33.7923 	EXP 	unnamed Line: foreColor = <psychopy.colors.Color: black, alpha=1.0>
33.7923 	EXP 	unnamed Line: borderColor = <psychopy.colors.Color: black, alpha=1.0>
33.7923 	EXP 	unnamed Line: fillColor = <psychopy.colors.Color: black, alpha=1.0>
33.7923 	EXP 	unnamed ShapeStim: foreColor = <psychopy.colors.Color: black, alpha=1.0>
33.7923 	EXP 	unnamed ShapeStim: borderColor = <psychopy.colors.Color: black, alpha=1.0>
33.7923 	EXP 	unnamed ShapeStim: fillColor = <psychopy.colors.Color: black, alpha=1.0>
33.7923 	EXP 	unnamed Line: foreColor = <psychopy.colors.Color: black, alpha=1.0>
33.7923 	EXP 	unnamed Line: borderColor = <psychopy.colors.Color: black, alpha=1.0>
33.7923 	EXP 	unnamed Line: fillColor = <psychopy.colors.Color: black, alpha=1.0>
33.7923 	EXP 	unnamed ShapeStim: foreColor = <psychopy.colors.Color: black, alpha=1.0>
33.7923 	EXP 	unnamed ShapeStim: borderColor = <psychopy.colors.Color: black, alpha=1.0>
33.7923 	EXP 	unnamed ShapeStim: fillColor = <psychopy.colors.Color: black, alpha=1.0>
33.7923 	EXP 	unnamed Line: foreColor = <psychopy.colors.Color: black, alpha=1.0>
33.7923 	EXP 	unnamed Line: borderColor = <psychopy.colors.Color: black, alpha=1.0>
33.7923 	EXP 	unnamed Line: fillColor = <psychopy.colors.Color: black, alpha=1.0>
33.7923 	EXP 	unnamed ShapeStim: foreColor = <psychopy.colors.Color: black, alpha=1.0>
33.7923 	EXP 	unnamed ShapeStim: borderColor = <psychopy.colors.Color: black, alpha=1.0>
33.7923 	EXP 	unnamed ShapeStim: fillColor = <psychopy.colors.Color: black, alpha=1.0>
33.7923 	EXP 	unnamed Line: foreColor = <psychopy.colors.Color: black, alpha=1.0>
33.7923 	EXP 	unnamed Line: borderColor = <psychopy.colors.Color: black, alpha=1.0>
33.7923 	EXP 	unnamed Line: fillColor = <psychopy.colors.Color: black, alpha=1.0>
33.7923 	EXP 	unnamed ShapeStim: foreColor = <psychopy.colors.Color: black, alpha=1.0>
33.7923 	EXP 	unnamed ShapeStim: borderColor = <psychopy.colors.Color: black, alpha=1.0>
33.7923 	EXP 	unnamed ShapeStim: fillColor = <psychopy.colors.Color: black, alpha=1.0>
33.7923 	EXP 	unnamed Line: foreColor = <psychopy.colors.Color: black, alpha=1.0>
33.7923 	EXP 	unnamed Line: borderColor = <psychopy.colors.Color: black, alpha=1.0>
33.7923 	EXP 	unnamed Line: fillColor = <psychopy.colors.Color: black, alpha=1.0>
33.7923 	EXP 	unnamed ShapeStim: foreColor = <psychopy.colors.Color: black, alpha=1.0>
33.7923 	EXP 	unnamed ShapeStim: borderColor = <psychopy.colors.Color: black, alpha=1.0>
33.7923 	EXP 	unnamed ShapeStim: fillColor = <psychopy.colors.Color: black, alpha=1.0>
33.7923 	EXP 	unnamed Line: foreColor = <psychopy.colors.Color: black, alpha=1.0>
33.7923 	EXP 	unnamed Line: borderColor = <psychopy.colors.Color: black, alpha=1.0>
33.7923 	EXP 	unnamed Line: fillColor = <psychopy.colors.Color: black, alpha=1.0>
33.7923 	EXP 	unnamed ShapeStim: foreColor = <psychopy.colors.Color: black, alpha=1.0>
33.7923 	EXP 	unnamed ShapeStim: borderColor = <psychopy.colors.Color: black, alpha=1.0>
33.7923 	EXP 	unnamed ShapeStim: fillColor = <psychopy.colors.Color: black, alpha=1.0>
33.7923 	EXP 	unnamed Line: foreColor = <psychopy.colors.Color: black, alpha=1.0>
33.7923 	EXP 	unnamed Line: borderColor = <psychopy.colors.Color: black, alpha=1.0>
33.7923 	EXP 	unnamed Line: fillColor = <psychopy.colors.Color: black, alpha=1.0>
33.7923 	EXP 	unnamed ShapeStim: foreColor = <psychopy.colors.Color: black, alpha=1.0>
33.7923 	EXP 	unnamed ShapeStim: borderColor = <psychopy.colors.Color: black, alpha=1.0>
33.7923 	EXP 	unnamed ShapeStim: fillColor = <psychopy.colors.Color: black, alpha=1.0>
33.7923 	EXP 	unnamed Line: foreColor = <psychopy.colors.Color: black, alpha=1.0>
33.7923 	EXP 	unnamed Line: borderColor = <psychopy.colors.Color: black, alpha=1.0>
33.7923 	EXP 	unnamed Line: fillColor = <psychopy.colors.Color: black, alpha=1.0>
33.7923 	EXP 	unnamed ShapeStim: foreColor = <psychopy.colors.Color: black, alpha=1.0>
33.7923 	EXP 	unnamed ShapeStim: borderColor = <psychopy.colors.Color: black, alpha=1.0>
33.7923 	EXP 	unnamed ShapeStim: fillColor = <psychopy.colors.Color: black, alpha=1.0>
33.7923 	EXP 	unnamed Line: foreColor = <psychopy.colors.Color: black, alpha=1.0>
33.7923 	EXP 	unnamed Line: borderColor = <psychopy.colors.Color: black, alpha=1.0>
33.7923 	EXP 	unnamed Line: fillColor = <psychopy.colors.Color: black, alpha=1.0>
33.7923 	EXP 	unnamed ShapeStim: foreColor = <psychopy.colors.Color: black, alpha=1.0>
33.7923 	EXP 	unnamed ShapeStim: borderColor = <psychopy.colors.Color: black, alpha=1.0>
33.7923 	EXP 	unnamed ShapeStim: fillColor = <psychopy.colors.Color: black, alpha=1.0>
33.7923 	EXP 	unnamed Line: foreColor = <psychopy.colors.Color: black, alpha=1.0>
33.7923 	EXP 	unnamed Line: borderColor = <psychopy.colors.Color: black, alpha=1.0>
33.7923 	EXP 	unnamed Line: fillColor = <psychopy.colors.Color: black, alpha=1.0>
33.7923 	EXP 	unnamed ShapeStim: foreColor = <psychopy.colors.Color: black, alpha=1.0>
33.7923 	EXP 	unnamed ShapeStim: borderColor = <psychopy.colors.Color: black, alpha=1.0>
33.7923 	EXP 	unnamed ShapeStim: fillColor = <psychopy.colors.Color: black, alpha=1.0>
33.7923 	EXP 	unnamed Line: foreColor = <psychopy.colors.Color: black, alpha=1.0>
33.7923 	EXP 	unnamed Line: borderColor = <psychopy.colors.Color: black, alpha=1.0>
33.7923 	EXP 	unnamed Line: fillColor = <psychopy.colors.Color: black, alpha=1.0>
33.7923 	EXP 	unnamed ShapeStim: foreColor = <psychopy.colors.Color: black, alpha=1.0>
33.7923 	EXP 	unnamed ShapeStim: borderColor = <psychopy.colors.Color: black, alpha=1.0>
33.7923 	EXP 	unnamed ShapeStim: fillColor = <psychopy.colors.Color: black, alpha=1.0>
33.7923 	EXP 	unnamed Line: foreColor = <psychopy.colors.Color: black, alpha=1.0>
33.7923 	EXP 	unnamed Line: borderColor = <psychopy.colors.Color: black, alpha=1.0>
33.7923 	EXP 	unnamed Line: fillColor = <psychopy.colors.Color: black, alpha=1.0>
33.7923 	EXP 	unnamed ShapeStim: foreColor = <psychopy.colors.Color: black, alpha=1.0>
33.7923 	EXP 	unnamed ShapeStim: borderColor = <psychopy.colors.Color: black, alpha=1.0>
33.7923 	EXP 	unnamed ShapeStim: fillColor = <psychopy.colors.Color: black, alpha=1.0>
33.7923 	EXP 	unnamed Line: foreColor = <psychopy.colors.Color: black, alpha=1.0>
33.7923 	EXP 	unnamed Line: borderColor = <psychopy.colors.Color: black, alpha=1.0>
33.7923 	EXP 	unnamed Line: fillColor = <psychopy.colors.Color: black, alpha=1.0>
33.7923 	EXP 	unnamed ShapeStim: foreColor = <psychopy.colors.Color: black, alpha=1.0>
33.7923 	EXP 	unnamed ShapeStim: borderColor = <psychopy.colors.Color: black, alpha=1.0>
33.7923 	EXP 	unnamed ShapeStim: fillColor = <psychopy.colors.Color: black, alpha=1.0>
33.7923 	EXP 	unnamed Line: foreColor = <psychopy.colors.Color: (1.0, 0.58, -0.87, 1.0)>
33.7923 	EXP 	unnamed Line: borderColor = <psychopy.colors.Color: (1.0, 0.58, -0.87, 1.0)>
33.7923 	EXP 	unnamed Line: fillColor = <psychopy.colors.Color: (1.0, 0.58, -0.87, 1.0)>
33.7923 	EXP 	unnamed ShapeStim: foreColor = <psychopy.colors.Color: (1.0, 0.58, -0.87, 1.0)>
33.7923 	EXP 	unnamed ShapeStim: borderColor = <psychopy.colors.Color: (1.0, 0.58, -0.87, 1.0)>
33.7923 	EXP 	unnamed ShapeStim: fillColor = <psychopy.colors.Color: (1.0, 0.58, -0.87, 1.0)>
34.6692 	DATA 	Keypress: f
34.6740 	EXP 	unnamed Line: foreColor = <psychopy.colors.Color: black, alpha=1.0>
34.6740 	EXP 	unnamed Line: borderColor = <psychopy.colors.Color: black, alpha=1.0>
34.6740 	EXP 	unnamed Line: fillColor = <psychopy.colors.Color: black, alpha=1.0>
34.6740 	EXP 	unnamed ShapeStim: foreColor = <psychopy.colors.Color: black, alpha=1.0>
34.6740 	EXP 	unnamed ShapeStim: borderColor = <psychopy.colors.Color: black, alpha=1.0>
34.6740 	EXP 	unnamed ShapeStim: fillColor = <psychopy.colors.Color: black, alpha=1.0>
34.6740 	EXP 	unnamed Line: foreColor = <psychopy.colors.Color: (1.0, 0.58, -0.87, 1.0)>
34.6740 	EXP 	unnamed Line: borderColor = <psychopy.colors.Color: (1.0, 0.58, -0.87, 1.0)>
34.6740 	EXP 	unnamed Line: fillColor = <psychopy.colors.Color: (1.0, 0.58, -0.87, 1.0)>
34.6740 	EXP 	unnamed ShapeStim: foreColor = <psychopy.colors.Color: (1.0, 0.58, -0.87, 1.0)>
34.6740 	EXP 	unnamed ShapeStim: borderColor = <psychopy.colors.Color: (1.0, 0.58, -0.87, 1.0)>
34.6740 	EXP 	unnamed ShapeStim: fillColor = <psychopy.colors.Color: (1.0, 0.58, -0.87, 1.0)>
35.0452 	DATA 	Keypress: j
35.0481 	EXP 	node3: fillColor = '#126DEF'
35.0481 	EXP 	node0: fillColor = 'white'
35.0481 	EXP 	unnamed Line: autoDraw = False
35.0481 	EXP 	unnamed Line: autoDraw = False
35.0481 	EXP 	unnamed Line: autoDraw = False
35.0481 	EXP 	unnamed Line: autoDraw = False
35.0481 	EXP 	unnamed Line: autoDraw = False
35.0481 	EXP 	unnamed Line: autoDraw = False
35.0481 	EXP 	unnamed Line: autoDraw = False
35.0481 	EXP 	unnamed Line: autoDraw = False
35.0481 	EXP 	unnamed Line: autoDraw = False
35.0481 	EXP 	unnamed Line: autoDraw = False
35.0481 	EXP 	unnamed Line: autoDraw = False
35.0481 	EXP 	unnamed Line: autoDraw = False
35.0481 	EXP 	unnamed Line: autoDraw = False
35.0481 	EXP 	unnamed Line: autoDraw = False
35.0481 	EXP 	unnamed Line: autoDraw = False
35.0481 	EXP 	unnamed Line: autoDraw = False
35.0481 	EXP 	unnamed Rect: autoDraw = False
35.0481 	EXP 	node0: autoDraw = False
35.0481 	EXP 	node1: autoDraw = False
35.0481 	EXP 	node2: autoDraw = False
35.0481 	EXP 	node3: autoDraw = False
35.0481 	EXP 	node4: autoDraw = False
35.0481 	EXP 	node5: autoDraw = False
35.0481 	EXP 	node6: autoDraw = False
35.0481 	EXP 	node7: autoDraw = False
35.0481 	EXP 	node8: autoDraw = False
35.0481 	EXP 	node9: autoDraw = False
35.0481 	EXP 	node10: autoDraw = False
35.0481 	EXP 	unnamed ShapeStim: autoDraw = False
35.0481 	EXP 	unnamed ShapeStim: autoDraw = False
35.0481 	EXP 	unnamed ShapeStim: autoDraw = False
35.0481 	EXP 	unnamed ShapeStim: autoDraw = False
35.0481 	EXP 	unnamed ShapeStim: autoDraw = False
35.0481 	EXP 	unnamed ShapeStim: autoDraw = False
35.0481 	EXP 	unnamed ShapeStim: autoDraw = False
35.0481 	EXP 	unnamed ShapeStim: autoDraw = False
35.0481 	EXP 	unnamed ShapeStim: autoDraw = False
35.0481 	EXP 	unnamed ShapeStim: autoDraw = False
35.0481 	EXP 	unnamed ShapeStim: autoDraw = False
35.0481 	EXP 	unnamed ShapeStim: autoDraw = False
35.0481 	EXP 	unnamed ShapeStim: autoDraw = False
35.0481 	EXP 	unnamed ShapeStim: autoDraw = False
35.0481 	EXP 	unnamed Rect: autoDraw = False
35.0481 	EXP 	unnamed Rect: autoDraw = False
35.0481 	EXP 	unnamed ShapeStim: autoDraw = False
35.0481 	EXP 	unnamed ShapeStim: autoDraw = False
35.0483 	INFO 	Mouse: using default window
35.0484 	EXP 	window1: mouseVisible = True
35.0485 	EXP 	window1: mouseVisible = True
35.0489 	EXP 	Created unnamed Rect = Rect(__class__=<class 'psychopy.visual.rect.Rect'>, anchor=('center', 'center'), autoDraw=False, autoLog=True, closeShape=True, color=method-wrapper(...), colorSpace='rgb', contrast=None, depth=0, draggable=False, fillColor=array([0.00392157, 0.00392157, 0.00392157]), fillColorSpace='rgb', fillRGB=array([0.00392157, 0.00392157, 0.00392157]), interpolate=True, lineColor=array([0, 0, 0]), lineColorSpace='rgb', lineRGB=array([0, 0, 0]), lineWidth=0, name='unnamed Rect', opacity=0.5, ori=0.0, pos=array([-0.65,  0.45]), size=array([0.1, 0.1]), units='height', vertices=ndarray(...), win=Window(...))
35.0499 	EXP 	window1: mouseVisible = True
35.0519 	EXP 	Created node0 = Circle(__class__=<class 'psychopy.visual.circle.Circle'>, anchor=('center', 'center'), autoDraw=False, autoLog=True, closeShape=True, color=method-wrapper(...), colorSpace='rgb', contrast=None, depth=0, draggable=False, fillColor=array([1, 1, 1]), fillColorSpace='rgb', fillRGB=array([1, 1, 1]), interpolate=True, lineColor=array([-1, -1, -1]), lineColorSpace='rgb', lineRGB=array([-1, -1, -1]), lineWidth=2, name='node0', opacity=1.0, ori=0.0, pos=array([0.  , 0.35]), size=array([1., 1.]), units='height', vertices=ndarray(...), win=Window(...))
35.0519 	EXP 	window1: mouseVisible = True
35.0871 	EXP 	Created unnamed ImageStim = ImageStim(__class__=<class 'psychopy.visual.image.ImageStim'>, anchor=('center', 'center'), autoLog=True, color=array([1., 1., 1.]), colorSpace='rgb', contrast=1.0, depth=0, draggable=False, flipHoriz=False, flipVert=False, image='images/pattern_6.png', interpolate=False, mask=None, maskParams=None, name='unnamed ImageStim', opacity=1.0, ori=0.0, pos=array([0.  , 0.35]), size=array([0.12, 0.12]), texRes=128, units='height', win=Window(...))
35.0882 	EXP 	window1: mouseVisible = True
35.0902 	EXP 	Created node1 = Circle(__class__=<class 'psychopy.visual.circle.Circle'>, anchor=('center', 'center'), autoDraw=False, autoLog=True, closeShape=True, color=method-wrapper(...), colorSpace='rgb', contrast=None, depth=0, draggable=False, fillColor=array([1, 1, 1]), fillColorSpace='rgb', fillRGB=array([1, 1, 1]), interpolate=True, lineColor=array([-1, -1, -1]), lineColorSpace='rgb', lineRGB=array([-1, -1, -1]), lineWidth=2, name='node1', opacity=1.0, ori=0.0, pos=array([-0.18922429,  0.29443874]), size=array([1., 1.]), units='height', vertices=ndarray(...), win=Window(...))
35.0902 	EXP 	window1: mouseVisible = True
35.1083 	EXP 	Created unnamed ImageStim = ImageStim(__class__=<class 'psychopy.visual.image.ImageStim'>, anchor=('center', 'center'), autoLog=True, color=array([1., 1., 1.]), colorSpace='rgb', contrast=1.0, depth=0, draggable=False, flipHoriz=False, flipVert=False, image='images/pattern_7.png', interpolate=False, mask=None, maskParams=None, name='unnamed ImageStim', opacity=1.0, ori=0.0, pos=array([-0.18922429,  0.29443874]), size=array([0.12, 0.12]), texRes=128, units='height', win=Window(...))
35.1093 	EXP 	window1: mouseVisible = True
35.1113 	EXP 	Created node2 = Circle(__class__=<class 'psychopy.visual.circle.Circle'>, anchor=('center', 'center'), autoDraw=False, autoLog=True, closeShape=True, color=method-wrapper(...), colorSpace='rgb', contrast=None, depth=0, draggable=False, fillColor=array([1, 1, 1]), fillColorSpace='rgb', fillRGB=array([1, 1, 1]), interpolate=True, lineColor=array([-1, -1, -1]), lineColorSpace='rgb', lineRGB=array([-1, -1, -1]), lineWidth=2, name='node2', opacity=1.0, ori=0.0, pos=array([-0.3183712 ,  0.14539525]), size=array([1., 1.]), units='height', vertices=ndarray(...), win=Window(...))
35.1113 	EXP 	window1: mouseVisible = True
35.1304 	EXP 	Created unnamed ImageStim = ImageStim(__class__=<class 'psychopy.visual.image.ImageStim'>, anchor=('center', 'center'), autoLog=True, color=array([1., 1., 1.]), colorSpace='rgb', contrast=1.0, depth=0, draggable=False, flipHoriz=False, flipVert=False, image='images/pattern_8.png', interpolate=False, mask=None, maskParams=None, name='unnamed ImageStim', opacity=1.0, ori=0.0, pos=array([-0.3183712 ,  0.14539525]), size=array([0.12, 0.12]), texRes=128, units='height', win=Window(...))
35.1315 	EXP 	window1: mouseVisible = True
35.1334 	EXP 	Created node3 = Circle(__class__=<class 'psychopy.visual.circle.Circle'>, anchor=('center', 'center'), autoDraw=False, autoLog=True, closeShape=True, color=method-wrapper(...), colorSpace='rgb', contrast=None, depth=0, draggable=False, fillColor=array([1, 1, 1]), fillColorSpace='rgb', fillRGB=array([1, 1, 1]), interpolate=True, lineColor=array([-1, -1, -1]), lineColorSpace='rgb', lineRGB=array([-1, -1, -1]), lineWidth=2, name='node3', opacity=1.0, ori=0.0, pos=array([-0.3464375 , -0.04981019]), size=array([1., 1.]), units='height', vertices=ndarray(...), win=Window(...))
35.1334 	EXP 	window1: mouseVisible = True
35.1523 	EXP 	Created unnamed ImageStim = ImageStim(__class__=<class 'psychopy.visual.image.ImageStim'>, anchor=('center', 'center'), autoLog=True, color=array([1., 1., 1.]), colorSpace='rgb', contrast=1.0, depth=0, draggable=False, flipHoriz=False, flipVert=False, image='images/pattern_9.png', interpolate=False, mask=None, maskParams=None, name='unnamed ImageStim', opacity=1.0, ori=0.0, pos=array([-0.3464375 , -0.04981019]), size=array([0.12, 0.12]), texRes=128, units='height', win=Window(...))
35.1533 	EXP 	window1: mouseVisible = True
35.1552 	EXP 	Created node4 = Circle(__class__=<class 'psychopy.visual.circle.Circle'>, anchor=('center', 'center'), autoDraw=False, autoLog=True, closeShape=True, color=method-wrapper(...), colorSpace='rgb', contrast=None, depth=0, draggable=False, fillColor=array([1, 1, 1]), fillColorSpace='rgb', fillRGB=array([1, 1, 1]), interpolate=True, lineColor=array([-1, -1, -1]), lineColorSpace='rgb', lineRGB=array([-1, -1, -1]), lineWidth=2, name='node4', opacity=1.0, ori=0.0, pos=array([-0.26451235, -0.22920126]), size=array([1., 1.]), units='height', vertices=ndarray(...), win=Window(...))
35.1553 	EXP 	window1: mouseVisible = True
35.1722 	EXP 	Created unnamed ImageStim = ImageStim(__class__=<class 'psychopy.visual.image.ImageStim'>, anchor=('center', 'center'), autoLog=True, color=array([1., 1., 1.]), colorSpace='rgb', contrast=1.0, depth=0, draggable=False, flipHoriz=False, flipVert=False, image='images/pattern_4.png', interpolate=False, mask=None, maskParams=None, name='unnamed ImageStim', opacity=1.0, ori=0.0, pos=array([-0.26451235, -0.22920126]), size=array([0.12, 0.12]), texRes=128, units='height', win=Window(...))
35.1733 	EXP 	window1: mouseVisible = True
35.1752 	EXP 	Created node5 = Circle(__class__=<class 'psychopy.visual.circle.Circle'>, anchor=('center', 'center'), autoDraw=False, autoLog=True, closeShape=True, color=method-wrapper(...), colorSpace='rgb', contrast=None, depth=0, draggable=False, fillColor=array([1, 1, 1]), fillColorSpace='rgb', fillRGB=array([1, 1, 1]), interpolate=True, lineColor=array([-1, -1, -1]), lineColorSpace='rgb', lineRGB=array([-1, -1, -1]), lineWidth=2, name='node5', opacity=1.0, ori=0.0, pos=array([-0.09860639, -0.33582254]), size=array([1., 1.]), units='height', vertices=ndarray(...), win=Window(...))
35.1752 	EXP 	window1: mouseVisible = True
35.1924 	EXP 	Created unnamed ImageStim = ImageStim(__class__=<class 'psychopy.visual.image.ImageStim'>, anchor=('center', 'center'), autoLog=True, color=array([1., 1., 1.]), colorSpace='rgb', contrast=1.0, depth=0, draggable=False, flipHoriz=False, flipVert=False, image='images/pattern_3.png', interpolate=False, mask=None, maskParams=None, name='unnamed ImageStim', opacity=1.0, ori=0.0, pos=array([-0.09860639, -0.33582254]), size=array([0.12, 0.12]), texRes=128, units='height', win=Window(...))
35.1934 	EXP 	window1: mouseVisible = True
35.1954 	EXP 	Created node6 = Circle(__class__=<class 'psychopy.visual.circle.Circle'>, anchor=('center', 'center'), autoDraw=False, autoLog=True, closeShape=True, color=method-wrapper(...), colorSpace='rgb', contrast=None, depth=0, draggable=False, fillColor=array([1, 1, 1]), fillColorSpace='rgb', fillRGB=array([1, 1, 1]), interpolate=True, lineColor=array([-1, -1, -1]), lineColorSpace='rgb', lineRGB=array([-1, -1, -1]), lineWidth=2, name='node6', opacity=1.0, ori=0.0, pos=array([ 0.09860639, -0.33582254]), size=array([1., 1.]), units='height', vertices=ndarray(...), win=Window(...))
35.1954 	EXP 	window1: mouseVisible = True
35.2122 	EXP 	Created unnamed ImageStim = ImageStim(__class__=<class 'psychopy.visual.image.ImageStim'>, anchor=('center', 'center'), autoLog=True, color=array([1., 1., 1.]), colorSpace='rgb', contrast=1.0, depth=0, draggable=False, flipHoriz=False, flipVert=False, image='images/pattern_2.png', interpolate=False, mask=None, maskParams=None, name='unnamed ImageStim', opacity=1.0, ori=0.0, pos=array([ 0.09860639, -0.33582254]), size=array([0.12, 0.12]), texRes=128, units='height', win=Window(...))
35.2132 	EXP 	window1: mouseVisible = True
35.2151 	EXP 	Created node7 = Circle(__class__=<class 'psychopy.visual.circle.Circle'>, anchor=('center', 'center'), autoDraw=False, autoLog=True, closeShape=True, color=method-wrapper(...), colorSpace='rgb', contrast=None, depth=0, draggable=False, fillColor=array([1, 1, 1]), fillColorSpace='rgb', fillRGB=array([1, 1, 1]), interpolate=True, lineColor=array([-1, -1, -1]), lineColorSpace='rgb', lineRGB=array([-1, -1, -1]), lineWidth=2, name='node7', opacity=1.0, ori=0.0, pos=array([ 0.26451235, -0.22920126]), size=array([1., 1.]), units='height', vertices=ndarray(...), win=Window(...))
35.2152 	EXP 	window1: mouseVisible = True
35.2320 	EXP 	Created unnamed ImageStim = ImageStim(__class__=<class 'psychopy.visual.image.ImageStim'>, anchor=('center', 'center'), autoLog=True, color=array([1., 1., 1.]), colorSpace='rgb', contrast=1.0, depth=0, draggable=False, flipHoriz=False, flipVert=False, image='images/pattern_1.png', interpolate=False, mask=None, maskParams=None, name='unnamed ImageStim', opacity=1.0, ori=0.0, pos=array([ 0.26451235, -0.22920126]), size=array([0.12, 0.12]), texRes=128, units='height', win=Window(...))
35.2331 	EXP 	window1: mouseVisible = True
35.2350 	EXP 	Created node8 = Circle(__class__=<class 'psychopy.visual.circle.Circle'>, anchor=('center', 'center'), autoDraw=False, autoLog=True, closeShape=True, color=method-wrapper(...), colorSpace='rgb', contrast=None, depth=0, draggable=False, fillColor=array([1, 1, 1]), fillColorSpace='rgb', fillRGB=array([1, 1, 1]), interpolate=True, lineColor=array([-1, -1, -1]), lineColorSpace='rgb', lineRGB=array([-1, -1, -1]), lineWidth=2, name='node8', opacity=1.0, ori=0.0, pos=array([ 0.3464375 , -0.04981019]), size=array([1., 1.]), units='height', vertices=ndarray(...), win=Window(...))
35.2350 	EXP 	window1: mouseVisible = True
35.2520 	EXP 	Created unnamed ImageStim = ImageStim(__class__=<class 'psychopy.visual.image.ImageStim'>, anchor=('center', 'center'), autoLog=True, color=array([1., 1., 1.]), colorSpace='rgb', contrast=1.0, depth=0, draggable=False, flipHoriz=False, flipVert=False, image='images/pattern_5.png', interpolate=False, mask=None, maskParams=None, name='unnamed ImageStim', opacity=1.0, ori=0.0, pos=array([ 0.3464375 , -0.04981019]), size=array([0.12, 0.12]), texRes=128, units='height', win=Window(...))
35.2530 	EXP 	window1: mouseVisible = True
35.2549 	EXP 	Created node9 = Circle(__class__=<class 'psychopy.visual.circle.Circle'>, anchor=('center', 'center'), autoDraw=False, autoLog=True, closeShape=True, color=method-wrapper(...), colorSpace='rgb', contrast=None, depth=0, draggable=False, fillColor=array([1, 1, 1]), fillColorSpace='rgb', fillRGB=array([1, 1, 1]), interpolate=True, lineColor=array([-1, -1, -1]), lineColorSpace='rgb', lineRGB=array([-1, -1, -1]), lineWidth=2, name='node9', opacity=1.0, ori=0.0, pos=array([0.3183712 , 0.14539525]), size=array([1., 1.]), units='height', vertices=ndarray(...), win=Window(...))
35.2550 	EXP 	window1: mouseVisible = True
35.2717 	EXP 	Created unnamed ImageStim = ImageStim(__class__=<class 'psychopy.visual.image.ImageStim'>, anchor=('center', 'center'), autoLog=True, color=array([1., 1., 1.]), colorSpace='rgb', contrast=1.0, depth=0, draggable=False, flipHoriz=False, flipVert=False, image='images/pattern_5.png', interpolate=False, mask=None, maskParams=None, name='unnamed ImageStim', opacity=1.0, ori=0.0, pos=array([0.3183712 , 0.14539525]), size=array([0.12, 0.12]), texRes=128, units='height', win=Window(...))
35.2727 	EXP 	window1: mouseVisible = True
35.2746 	EXP 	Created node10 = Circle(__class__=<class 'psychopy.visual.circle.Circle'>, anchor=('center', 'center'), autoDraw=False, autoLog=True, closeShape=True, color=method-wrapper(...), colorSpace='rgb', contrast=None, depth=0, draggable=False, fillColor=array([1, 1, 1]), fillColorSpace='rgb', fillRGB=array([1, 1, 1]), interpolate=True, lineColor=array([-1, -1, -1]), lineColorSpace='rgb', lineRGB=array([-1, -1, -1]), lineWidth=2, name='node10', opacity=1.0, ori=0.0, pos=array([0.18922429, 0.29443874]), size=array([1., 1.]), units='height', vertices=ndarray(...), win=Window(...))
35.2747 	EXP 	window1: mouseVisible = True
35.2914 	EXP 	Created unnamed ImageStim = ImageStim(__class__=<class 'psychopy.visual.image.ImageStim'>, anchor=('center', 'center'), autoLog=True, color=array([1., 1., 1.]), colorSpace='rgb', contrast=1.0, depth=0, draggable=False, flipHoriz=False, flipVert=False, image='images/pattern_5.png', interpolate=False, mask=None, maskParams=None, name='unnamed ImageStim', opacity=1.0, ori=0.0, pos=array([0.18922429, 0.29443874]), size=array([0.12, 0.12]), texRes=128, units='height', win=Window(...))
35.2914 	EXP 	window1: mouseVisible = True
35.2918 	EXP 	Created unnamed Rect = Rect(__class__=<class 'psychopy.visual.rect.Rect'>, anchor=('center', 'center'), autoDraw=False, autoLog=True, closeShape=True, color=method-wrapper(...), colorSpace='rgb', contrast=None, depth=0, draggable=False, fillColor=array([0.00392157, 0.00392157, 0.00392157]), fillColorSpace='rgb', fillRGB=array([0.00392157, 0.00392157, 0.00392157]), interpolate=True, lineColor=array([0, 0, 0]), lineColorSpace='rgb', lineRGB=array([0, 0, 0]), lineWidth=0, name='unnamed Rect', opacity=0.0, ori=0.0, pos=array([0.1, 0. ]), size=array([1.1, 1. ]), units='height', vertices=ndarray(...), win=Window(...))
35.2989 	EXP 	unnamed Rect: autoDraw = True
35.2989 	EXP 	node0: autoDraw = True
35.2989 	EXP 	unnamed ImageStim: autoDraw = True
35.2989 	EXP 	node1: autoDraw = True
35.2989 	EXP 	unnamed ImageStim: autoDraw = True
35.2989 	EXP 	node2: autoDraw = True
35.2989 	EXP 	unnamed ImageStim: autoDraw = True
35.2989 	EXP 	node3: autoDraw = True
35.2989 	EXP 	unnamed ImageStim: autoDraw = True
35.2989 	EXP 	node4: autoDraw = True
35.2989 	EXP 	unnamed ImageStim: autoDraw = True
35.2989 	EXP 	node5: autoDraw = True
35.2989 	EXP 	unnamed ImageStim: autoDraw = True
35.2989 	EXP 	node6: autoDraw = True
35.2989 	EXP 	unnamed ImageStim: autoDraw = True
35.2989 	EXP 	node7: autoDraw = True
35.2989 	EXP 	unnamed ImageStim: autoDraw = True
35.2989 	EXP 	node8: autoDraw = True
35.2989 	EXP 	unnamed ImageStim: autoDraw = True
35.2989 	EXP 	node9: autoDraw = True
35.2989 	EXP 	unnamed ImageStim: autoDraw = True
35.2989 	EXP 	node10: autoDraw = True
35.2989 	EXP 	unnamed ImageStim: autoDraw = True
35.2989 	EXP 	unnamed Rect: autoDraw = True
38.6453 	DATA 	Keypress: space
38.6459 	EXP 	window1: mouseVisible = True
38.6486 	EXP 	Created unnamed TextStim = TextStim(__class__=<class 'psychopy.visual.text.TextStim'>, alignHoriz=method-wrapper(...), alignText='center', alignVert=method-wrapper(...), anchorHoriz='center', anchorVert='center', antialias=True, autoDraw=False, autoLog=True, bold=True, color=array([-0.78823529,  0.65490196, -0.90588235]), colorSpace='rgb', contrast=1.0, depth=0, draggable=False, flipHoriz=False, flipVert=False, font='', fontFiles=[], height=0.04, italic=False, languageStyle='LTR', name='unnamed TextStim', opacity=1.0, ori=0.0, pos=array([0.06, 0.41]), rgb=UNKNOWN, text='+1', units='height', win=Window(...), wrapWidth=1)
38.6488 	EXP 	window1: mouseVisible = True
38.6496 	EXP 	Created unnamed TextStim = TextStim(__class__=<class 'psychopy.visual.text.TextStim'>, alignHoriz=method-wrapper(...), alignText='center', alignVert=method-wrapper(...), anchorHoriz='center', anchorVert='center', antialias=True, autoDraw=False, autoLog=True, bold=True, color=array([-0.78823529,  0.65490196, -0.90588235]), colorSpace='rgb', contrast=1.0, depth=0, draggable=False, flipHoriz=False, flipVert=False, font='', fontFiles=[], height=0.04, italic=False, languageStyle='LTR', name='unnamed TextStim', opacity=1.0, ori=0.0, pos=array([-0.12922429,  0.35443874]), rgb=UNKNOWN, text='+2', units='height', win=Window(...), wrapWidth=1)
38.6498 	EXP 	window1: mouseVisible = True
38.6505 	EXP 	Created unnamed TextStim = TextStim(__class__=<class 'psychopy.visual.text.TextStim'>, alignHoriz=method-wrapper(...), alignText='center', alignVert=method-wrapper(...), anchorHoriz='center', anchorVert='center', antialias=True, autoDraw=False, autoLog=True, bold=True, color=array([-0.78823529,  0.65490196, -0.90588235]), colorSpace='rgb', contrast=1.0, depth=0, draggable=False, flipHoriz=False, flipVert=False, font='', fontFiles=[], height=0.04, italic=False, languageStyle='LTR', name='unnamed TextStim', opacity=1.0, ori=0.0, pos=array([-0.2583712 ,  0.20539525]), rgb=UNKNOWN, text='+3', units='height', win=Window(...), wrapWidth=1)
38.6507 	EXP 	window1: mouseVisible = True
38.6514 	EXP 	Created unnamed TextStim = TextStim(__class__=<class 'psychopy.visual.text.TextStim'>, alignHoriz=method-wrapper(...), alignText='center', alignVert=method-wrapper(...), anchorHoriz='center', anchorVert='center', antialias=True, autoDraw=False, autoLog=True, bold=True, color=array([-0.78823529,  0.65490196, -0.90588235]), colorSpace='rgb', contrast=1.0, depth=0, draggable=False, flipHoriz=False, flipVert=False, font='', fontFiles=[], height=0.04, italic=False, languageStyle='LTR', name='unnamed TextStim', opacity=1.0, ori=0.0, pos=array([-0.2864375 ,  0.01018981]), rgb=UNKNOWN, text='+4', units='height', win=Window(...), wrapWidth=1)
38.6657 	EXP 	node0: borderColor = <psychopy.colors.Color: (-0.79, 0.65, -0.91, 1.0)>
38.6657 	EXP 	unnamed TextStim: autoDraw = True
38.6657 	EXP 	node1: borderColor = <psychopy.colors.Color: (-0.79, 0.65, -0.91, 1.0)>
38.6657 	EXP 	unnamed TextStim: autoDraw = True
38.6657 	EXP 	node2: borderColor = <psychopy.colors.Color: (-0.79, 0.65, -0.91, 1.0)>
38.6657 	EXP 	unnamed TextStim: autoDraw = True
38.6657 	EXP 	node3: borderColor = <psychopy.colors.Color: (-0.79, 0.65, -0.91, 1.0)>
38.6657 	EXP 	unnamed TextStim: autoDraw = True
38.6657 	EXP 	node4: borderColor = <psychopy.colors.Color: black, alpha=1.0>
38.6657 	EXP 	node5: borderColor = <psychopy.colors.Color: black, alpha=1.0>
38.6657 	EXP 	node6: borderColor = <psychopy.colors.Color: black, alpha=1.0>
38.6657 	EXP 	node7: borderColor = <psychopy.colors.Color: black, alpha=1.0>
38.6657 	EXP 	node8: borderColor = <psychopy.colors.Color: black, alpha=1.0>
38.6657 	EXP 	node9: borderColor = <psychopy.colors.Color: black, alpha=1.0>
38.6657 	EXP 	node10: borderColor = <psychopy.colors.Color: black, alpha=1.0>
39.2452 	DATA 	Keypress: space
39.2459 	EXP 	window1: mouseVisible = True
39.2468 	EXP 	Created unnamed TextStim = TextStim(__class__=<class 'psychopy.visual.text.TextStim'>, alignHoriz=method-wrapper(...), alignText='center', alignVert=method-wrapper(...), anchorHoriz='center', anchorVert='center', antialias=True, autoDraw=False, autoLog=True, bold=True, color=array([ 0.78039216, -1.        , -0.92156863]), colorSpace='rgb', contrast=1.0, depth=0, draggable=False, flipHoriz=False, flipVert=False, font='', fontFiles=[], height=0.04, italic=False, languageStyle='LTR', name='unnamed TextStim', opacity=1.0, ori=0.0, pos=array([-0.20451235, -0.16920126]), rgb=UNKNOWN, text='-1', units='height', win=Window(...), wrapWidth=1)
39.2470 	EXP 	window1: mouseVisible = True
39.2476 	EXP 	Created unnamed TextStim = TextStim(__class__=<class 'psychopy.visual.text.TextStim'>, alignHoriz=method-wrapper(...), alignText='center', alignVert=method-wrapper(...), anchorHoriz='center', anchorVert='center', antialias=True, autoDraw=False, autoLog=True, bold=True, color=array([ 0.78039216, -1.        , -0.92156863]), colorSpace='rgb', contrast=1.0, depth=0, draggable=False, flipHoriz=False, flipVert=False, font='', fontFiles=[], height=0.04, italic=False, languageStyle='LTR', name='unnamed TextStim', opacity=1.0, ori=0.0, pos=array([-0.03860639, -0.27582254]), rgb=UNKNOWN, text='-2', units='height', win=Window(...), wrapWidth=1)
39.2478 	EXP 	window1: mouseVisible = True
39.2483 	EXP 	Created unnamed TextStim = TextStim(__class__=<class 'psychopy.visual.text.TextStim'>, alignHoriz=method-wrapper(...), alignText='center', alignVert=method-wrapper(...), anchorHoriz='center', anchorVert='center', antialias=True, autoDraw=False, autoLog=True, bold=True, color=array([ 0.78039216, -1.        , -0.92156863]), colorSpace='rgb', contrast=1.0, depth=0, draggable=False, flipHoriz=False, flipVert=False, font='', fontFiles=[], height=0.04, italic=False, languageStyle='LTR', name='unnamed TextStim', opacity=1.0, ori=0.0, pos=array([ 0.15860639, -0.27582254]), rgb=UNKNOWN, text='-3', units='height', win=Window(...), wrapWidth=1)
39.2485 	EXP 	window1: mouseVisible = True
39.2490 	EXP 	Created unnamed TextStim = TextStim(__class__=<class 'psychopy.visual.text.TextStim'>, alignHoriz=method-wrapper(...), alignText='center', alignVert=method-wrapper(...), anchorHoriz='center', anchorVert='center', antialias=True, autoDraw=False, autoLog=True, bold=True, color=array([ 0.78039216, -1.        , -0.92156863]), colorSpace='rgb', contrast=1.0, depth=0, draggable=False, flipHoriz=False, flipVert=False, font='', fontFiles=[], height=0.04, italic=False, languageStyle='LTR', name='unnamed TextStim', opacity=1.0, ori=0.0, pos=array([ 0.32451235, -0.16920126]), rgb=UNKNOWN, text='-4', units='height', win=Window(...), wrapWidth=1)
39.2550 	EXP 	node0: borderColor = <psychopy.colors.Color: black, alpha=1.0>
39.2550 	EXP 	node1: borderColor = <psychopy.colors.Color: black, alpha=1.0>
39.2550 	EXP 	node2: borderColor = <psychopy.colors.Color: black, alpha=1.0>
39.2550 	EXP 	node3: borderColor = <psychopy.colors.Color: black, alpha=1.0>
39.2550 	EXP 	node4: borderColor = <psychopy.colors.Color: (0.78, -1.0, -0.92, 1.0)>
39.2550 	EXP 	unnamed TextStim: autoDraw = True
39.2550 	EXP 	node5: borderColor = <psychopy.colors.Color: (0.78, -1.0, -0.92, 1.0)>
39.2550 	EXP 	unnamed TextStim: autoDraw = True
39.2550 	EXP 	node6: borderColor = <psychopy.colors.Color: (0.78, -1.0, -0.92, 1.0)>
39.2550 	EXP 	unnamed TextStim: autoDraw = True
39.2550 	EXP 	node7: borderColor = <psychopy.colors.Color: (0.78, -1.0, -0.92, 1.0)>
39.2550 	EXP 	unnamed TextStim: autoDraw = True
39.2550 	EXP 	node8: borderColor = <psychopy.colors.Color: black, alpha=1.0>
39.2550 	EXP 	node9: borderColor = <psychopy.colors.Color: black, alpha=1.0>
39.2550 	EXP 	node10: borderColor = <psychopy.colors.Color: black, alpha=1.0>
39.4291 	DATA 	Keypress: space
39.4297 	EXP 	window1: mouseVisible = True
39.4306 	EXP 	Created unnamed TextStim = TextStim(__class__=<class 'psychopy.visual.text.TextStim'>, alignHoriz=method-wrapper(...), alignText='center', alignVert=method-wrapper(...), anchorHoriz='center', anchorVert='center', antialias=True, autoDraw=False, autoLog=True, bold=True, color=array([ 1,  1, -1]), colorSpace='rgb', contrast=1.0, depth=0, draggable=False, flipHoriz=False, flipVert=False, font='', fontFiles=[], height=0.04, italic=False, languageStyle='LTR', name='unnamed TextStim', opacity=1.0, ori=0.0, pos=array([0.4064375 , 0.01018981]), rgb=UNKNOWN, text='+0', units='height', win=Window(...), wrapWidth=1)
39.4307 	EXP 	window1: mouseVisible = True
39.4313 	EXP 	Created unnamed TextStim = TextStim(__class__=<class 'psychopy.visual.text.TextStim'>, alignHoriz=method-wrapper(...), alignText='center', alignVert=method-wrapper(...), anchorHoriz='center', anchorVert='center', antialias=True, autoDraw=False, autoLog=True, bold=True, color=array([ 1,  1, -1]), colorSpace='rgb', contrast=1.0, depth=0, draggable=False, flipHoriz=False, flipVert=False, font='', fontFiles=[], height=0.04, italic=False, languageStyle='LTR', name='unnamed TextStim', opacity=1.0, ori=0.0, pos=array([0.3783712 , 0.20539525]), rgb=UNKNOWN, text='+0', units='height', win=Window(...), wrapWidth=1)
39.4314 	EXP 	window1: mouseVisible = True
39.4319 	EXP 	Created unnamed TextStim = TextStim(__class__=<class 'psychopy.visual.text.TextStim'>, alignHoriz=method-wrapper(...), alignText='center', alignVert=method-wrapper(...), anchorHoriz='center', anchorVert='center', antialias=True, autoDraw=False, autoLog=True, bold=True, color=array([ 1,  1, -1]), colorSpace='rgb', contrast=1.0, depth=0, draggable=False, flipHoriz=False, flipVert=False, font='', fontFiles=[], height=0.04, italic=False, languageStyle='LTR', name='unnamed TextStim', opacity=1.0, ori=0.0, pos=array([0.24922429, 0.35443874]), rgb=UNKNOWN, text='+0', units='height', win=Window(...), wrapWidth=1)
39.4362 	EXP 	node0: borderColor = <psychopy.colors.Color: black, alpha=1.0>
39.4362 	EXP 	node1: borderColor = <psychopy.colors.Color: black, alpha=1.0>
39.4362 	EXP 	node2: borderColor = <psychopy.colors.Color: black, alpha=1.0>
39.4362 	EXP 	node3: borderColor = <psychopy.colors.Color: black, alpha=1.0>
39.4362 	EXP 	node4: borderColor = <psychopy.colors.Color: black, alpha=1.0>
39.4362 	EXP 	node5: borderColor = <psychopy.colors.Color: black, alpha=1.0>
39.4362 	EXP 	node6: borderColor = <psychopy.colors.Color: black, alpha=1.0>
39.4362 	EXP 	node7: borderColor = <psychopy.colors.Color: black, alpha=1.0>
39.4362 	EXP 	node8: borderColor = <psychopy.colors.Color: yellow, alpha=1.0>
39.4362 	EXP 	unnamed TextStim: autoDraw = True
39.4362 	EXP 	node9: borderColor = <psychopy.colors.Color: yellow, alpha=1.0>
39.4362 	EXP 	unnamed TextStim: autoDraw = True
39.4362 	EXP 	node10: borderColor = <psychopy.colors.Color: yellow, alpha=1.0>
39.4362 	EXP 	unnamed TextStim: autoDraw = True
39.5889 	DATA 	Keypress: space
39.7487 	DATA 	Keypress: space
39.7512 	EXP 	unnamed Rect: autoDraw = False
39.7512 	EXP 	node0: autoDraw = False
39.7512 	EXP 	unnamed ImageStim: autoDraw = False
39.7512 	EXP 	node1: autoDraw = False
39.7512 	EXP 	unnamed ImageStim: autoDraw = False
39.7512 	EXP 	node2: autoDraw = False
39.7512 	EXP 	unnamed ImageStim: autoDraw = False
39.7512 	EXP 	node3: autoDraw = False
39.7512 	EXP 	unnamed ImageStim: autoDraw = False
39.7512 	EXP 	node4: autoDraw = False
39.7512 	EXP 	unnamed ImageStim: autoDraw = False
39.7512 	EXP 	node5: autoDraw = False
39.7512 	EXP 	unnamed ImageStim: autoDraw = False
39.7512 	EXP 	node6: autoDraw = False
39.7512 	EXP 	unnamed ImageStim: autoDraw = False
39.7512 	EXP 	node7: autoDraw = False
39.7512 	EXP 	unnamed ImageStim: autoDraw = False
39.7512 	EXP 	node8: autoDraw = False
39.7512 	EXP 	unnamed ImageStim: autoDraw = False
39.7512 	EXP 	node9: autoDraw = False
39.7512 	EXP 	unnamed ImageStim: autoDraw = False
39.7512 	EXP 	node10: autoDraw = False
39.7512 	EXP 	unnamed ImageStim: autoDraw = False
39.7512 	EXP 	unnamed Rect: autoDraw = False
39.7512 	EXP 	unnamed TextStim: autoDraw = False
39.7512 	EXP 	unnamed TextStim: autoDraw = False
39.7512 	EXP 	unnamed TextStim: autoDraw = False
39.7512 	EXP 	unnamed TextStim: autoDraw = False
39.7512 	EXP 	unnamed TextStim: autoDraw = False
39.7512 	EXP 	unnamed TextStim: autoDraw = False
39.7512 	EXP 	unnamed TextStim: autoDraw = False
39.7512 	EXP 	unnamed TextStim: autoDraw = False
39.7512 	EXP 	unnamed TextStim: autoDraw = False
39.7512 	EXP 	unnamed TextStim: autoDraw = False
39.7512 	EXP 	unnamed TextStim: autoDraw = False
39.9811 	DATA 	Keypress: space
40.3570 	DATA 	Keypress: space
40.3574 	INFO 	Mouse: using default window
40.3574 	EXP 	window1: mouseVisible = True
40.3575 	EXP 	window1: mouseVisible = True
40.3603 	EXP 	Created unnamed TextStim = TextStim(__class__=<class 'psychopy.visual.text.TextStim'>, alignHoriz=method-wrapper(...), alignText='center', alignVert=method-wrapper(...), anchorHoriz='center', anchorVert='center', antialias=True, autoDraw=False, autoLog=True, bold=False, color=array([1, 1, 1]), colorSpace='rgb', contrast=1.0, depth=0, draggable=False, flipHoriz=False, flipVert=False, font='', fontFiles=[], height=0.035, italic=False, languageStyle='LTR', name='unnamed TextStim', opacity=1.0, ori=0.0, pos=array([0., 0.]), rgb=UNKNOWN, text='press Space to start', units='height', win=Window(...), wrapWidth=1)
40.5651 	DATA 	Keypress: space
40.5655 	EXP 	window1: mouseVisible = True
40.5659 	EXP 	Created unnamed Rect = Rect(__class__=<class 'psychopy.visual.rect.Rect'>, anchor=('center', 'center'), autoDraw=False, autoLog=True, closeShape=True, color=method-wrapper(...), colorSpace='rgb', contrast=None, depth=0, draggable=False, fillColor=array([0.00392157, 0.00392157, 0.00392157]), fillColorSpace='rgb', fillRGB=array([0.00392157, 0.00392157, 0.00392157]), interpolate=True, lineColor=array([0, 0, 0]), lineColorSpace='rgb', lineRGB=array([0, 0, 0]), lineWidth=0, name='unnamed Rect', opacity=0.5, ori=0.0, pos=array([-0.65,  0.45]), size=array([0.1, 0.1]), units='height', vertices=ndarray(...), win=Window(...))
40.5670 	EXP 	window1: mouseVisible = True
40.5693 	EXP 	Created node0 = Circle(__class__=<class 'psychopy.visual.circle.Circle'>, anchor=('center', 'center'), autoDraw=False, autoLog=True, closeShape=True, color=method-wrapper(...), colorSpace='rgb', contrast=None, depth=0, draggable=False, fillColor=array([1, 1, 1]), fillColorSpace='rgb', fillRGB=array([1, 1, 1]), interpolate=True, lineColor=array([-1, -1, -1]), lineColorSpace='rgb', lineRGB=array([-1, -1, -1]), lineWidth=2, name='node0', opacity=1.0, ori=0.0, pos=array([0.  , 0.35]), size=array([1., 1.]), units='height', vertices=ndarray(...), win=Window(...))
40.5703 	EXP 	window1: mouseVisible = True
40.5722 	EXP 	Created node1 = Circle(__class__=<class 'psychopy.visual.circle.Circle'>, anchor=('center', 'center'), autoDraw=False, autoLog=True, closeShape=True, color=method-wrapper(...), colorSpace='rgb', contrast=None, depth=0, draggable=False, fillColor=array([1, 1, 1]), fillColorSpace='rgb', fillRGB=array([1, 1, 1]), interpolate=True, lineColor=array([-1, -1, -1]), lineColorSpace='rgb', lineRGB=array([-1, -1, -1]), lineWidth=2, name='node1', opacity=1.0, ori=0.0, pos=array([-0.18922429,  0.29443874]), size=array([1., 1.]), units='height', vertices=ndarray(...), win=Window(...))
40.5732 	EXP 	window1: mouseVisible = True
40.5751 	EXP 	Created node2 = Circle(__class__=<class 'psychopy.visual.circle.Circle'>, anchor=('center', 'center'), autoDraw=False, autoLog=True, closeShape=True, color=method-wrapper(...), colorSpace='rgb', contrast=None, depth=0, draggable=False, fillColor=array([1, 1, 1]), fillColorSpace='rgb', fillRGB=array([1, 1, 1]), interpolate=True, lineColor=array([-1, -1, -1]), lineColorSpace='rgb', lineRGB=array([-1, -1, -1]), lineWidth=2, name='node2', opacity=1.0, ori=0.0, pos=array([-0.3183712 ,  0.14539525]), size=array([1., 1.]), units='height', vertices=ndarray(...), win=Window(...))
40.5761 	EXP 	window1: mouseVisible = True
40.5779 	EXP 	Created node3 = Circle(__class__=<class 'psychopy.visual.circle.Circle'>, anchor=('center', 'center'), autoDraw=False, autoLog=True, closeShape=True, color=method-wrapper(...), colorSpace='rgb', contrast=None, depth=0, draggable=False, fillColor=array([1, 1, 1]), fillColorSpace='rgb', fillRGB=array([1, 1, 1]), interpolate=True, lineColor=array([-1, -1, -1]), lineColorSpace='rgb', lineRGB=array([-1, -1, -1]), lineWidth=2, name='node3', opacity=1.0, ori=0.0, pos=array([-0.3464375 , -0.04981019]), size=array([1., 1.]), units='height', vertices=ndarray(...), win=Window(...))
40.5789 	EXP 	window1: mouseVisible = True
40.5808 	EXP 	Created node4 = Circle(__class__=<class 'psychopy.visual.circle.Circle'>, anchor=('center', 'center'), autoDraw=False, autoLog=True, closeShape=True, color=method-wrapper(...), colorSpace='rgb', contrast=None, depth=0, draggable=False, fillColor=array([1, 1, 1]), fillColorSpace='rgb', fillRGB=array([1, 1, 1]), interpolate=True, lineColor=array([-1, -1, -1]), lineColorSpace='rgb', lineRGB=array([-1, -1, -1]), lineWidth=2, name='node4', opacity=1.0, ori=0.0, pos=array([-0.26451235, -0.22920126]), size=array([1., 1.]), units='height', vertices=ndarray(...), win=Window(...))
40.5808 	EXP 	window1: mouseVisible = True
40.5982 	EXP 	Created unnamed ImageStim = ImageStim(__class__=<class 'psychopy.visual.image.ImageStim'>, anchor=('center', 'center'), autoLog=True, color=array([1., 1., 1.]), colorSpace='rgb', contrast=1.0, depth=0, draggable=False, flipHoriz=False, flipVert=False, image='images/pattern_5.png', interpolate=False, mask=None, maskParams=None, name='unnamed ImageStim', opacity=1.0, ori=0.0, pos=array([-0.26451235, -0.22920126]), size=array([0.12, 0.12]), texRes=128, units='height', win=Window(...))
40.5992 	EXP 	window1: mouseVisible = True
40.6011 	EXP 	Created node5 = Circle(__class__=<class 'psychopy.visual.circle.Circle'>, anchor=('center', 'center'), autoDraw=False, autoLog=True, closeShape=True, color=method-wrapper(...), colorSpace='rgb', contrast=None, depth=0, draggable=False, fillColor=array([1, 1, 1]), fillColorSpace='rgb', fillRGB=array([1, 1, 1]), interpolate=True, lineColor=array([-1, -1, -1]), lineColorSpace='rgb', lineRGB=array([-1, -1, -1]), lineWidth=2, name='node5', opacity=1.0, ori=0.0, pos=array([-0.09860639, -0.33582254]), size=array([1., 1.]), units='height', vertices=ndarray(...), win=Window(...))
40.6021 	EXP 	window1: mouseVisible = True
40.6040 	EXP 	Created node6 = Circle(__class__=<class 'psychopy.visual.circle.Circle'>, anchor=('center', 'center'), autoDraw=False, autoLog=True, closeShape=True, color=method-wrapper(...), colorSpace='rgb', contrast=None, depth=0, draggable=False, fillColor=array([1, 1, 1]), fillColorSpace='rgb', fillRGB=array([1, 1, 1]), interpolate=True, lineColor=array([-1, -1, -1]), lineColorSpace='rgb', lineRGB=array([-1, -1, -1]), lineWidth=2, name='node6', opacity=1.0, ori=0.0, pos=array([ 0.09860639, -0.33582254]), size=array([1., 1.]), units='height', vertices=ndarray(...), win=Window(...))
40.6040 	EXP 	window1: mouseVisible = True
40.6208 	EXP 	Created unnamed ImageStim = ImageStim(__class__=<class 'psychopy.visual.image.ImageStim'>, anchor=('center', 'center'), autoLog=True, color=array([1., 1., 1.]), colorSpace='rgb', contrast=1.0, depth=0, draggable=False, flipHoriz=False, flipVert=False, image='images/pattern_1.png', interpolate=False, mask=None, maskParams=None, name='unnamed ImageStim', opacity=1.0, ori=0.0, pos=array([ 0.09860639, -0.33582254]), size=array([0.12, 0.12]), texRes=128, units='height', win=Window(...))
40.6218 	EXP 	window1: mouseVisible = True
40.6237 	EXP 	Created node7 = Circle(__class__=<class 'psychopy.visual.circle.Circle'>, anchor=('center', 'center'), autoDraw=False, autoLog=True, closeShape=True, color=method-wrapper(...), colorSpace='rgb', contrast=None, depth=0, draggable=False, fillColor=array([1, 1, 1]), fillColorSpace='rgb', fillRGB=array([1, 1, 1]), interpolate=True, lineColor=array([-1, -1, -1]), lineColorSpace='rgb', lineRGB=array([-1, -1, -1]), lineWidth=2, name='node7', opacity=1.0, ori=0.0, pos=array([ 0.26451235, -0.22920126]), size=array([1., 1.]), units='height', vertices=ndarray(...), win=Window(...))
40.6247 	EXP 	window1: mouseVisible = True
40.6266 	EXP 	Created node8 = Circle(__class__=<class 'psychopy.visual.circle.Circle'>, anchor=('center', 'center'), autoDraw=False, autoLog=True, closeShape=True, color=method-wrapper(...), colorSpace='rgb', contrast=None, depth=0, draggable=False, fillColor=array([1, 1, 1]), fillColorSpace='rgb', fillRGB=array([1, 1, 1]), interpolate=True, lineColor=array([-1, -1, -1]), lineColorSpace='rgb', lineRGB=array([-1, -1, -1]), lineWidth=2, name='node8', opacity=1.0, ori=0.0, pos=array([ 0.3464375 , -0.04981019]), size=array([1., 1.]), units='height', vertices=ndarray(...), win=Window(...))
40.6276 	EXP 	window1: mouseVisible = True
40.6294 	EXP 	Created node9 = Circle(__class__=<class 'psychopy.visual.circle.Circle'>, anchor=('center', 'center'), autoDraw=False, autoLog=True, closeShape=True, color=method-wrapper(...), colorSpace='rgb', contrast=None, depth=0, draggable=False, fillColor=array([1, 1, 1]), fillColorSpace='rgb', fillRGB=array([1, 1, 1]), interpolate=True, lineColor=array([-1, -1, -1]), lineColorSpace='rgb', lineRGB=array([-1, -1, -1]), lineWidth=2, name='node9', opacity=1.0, ori=0.0, pos=array([0.3183712 , 0.14539525]), size=array([1., 1.]), units='height', vertices=ndarray(...), win=Window(...))
40.6304 	EXP 	window1: mouseVisible = True
40.6323 	EXP 	Created node10 = Circle(__class__=<class 'psychopy.visual.circle.Circle'>, anchor=('center', 'center'), autoDraw=False, autoLog=True, closeShape=True, color=method-wrapper(...), colorSpace='rgb', contrast=None, depth=0, draggable=False, fillColor=array([1, 1, 1]), fillColorSpace='rgb', fillRGB=array([1, 1, 1]), interpolate=True, lineColor=array([-1, -1, -1]), lineColorSpace='rgb', lineRGB=array([-1, -1, -1]), lineWidth=2, name='node10', opacity=1.0, ori=0.0, pos=array([0.18922429, 0.29443874]), size=array([1., 1.]), units='height', vertices=ndarray(...), win=Window(...))
40.6324 	EXP 	window1: mouseVisible = True
40.6328 	EXP 	Created unnamed Line = Line(__class__=<class 'psychopy.visual.line.Line'>, anchor=('center', 'center'), autoDraw=False, autoLog=True, closeShape=False, color=array([-1, -1, -1]), colorSpace='rgb', contrast=None, depth=2, draggable=False, fillColor=array([0, 0, 0]), fillColorSpace='rgb', fillRGB=array([0, 0, 0]), interpolate=True, lineColor=array([-1, -1, -1]), lineColorSpace='rgb', lineRGB=array([-1, -1, -1]), lineWidth=4, name='unnamed Line', opacity=0.5, ori=0.0, pos=array([0., 0.]), size=array([1., 1.]), units='height', vertices=ndarray(...), win=Window(...), windingRule=None)
40.6328 	EXP 	window1: mouseVisible = True
40.6332 	EXP 	Created unnamed ShapeStim = ShapeStim(__class__=<class 'psychopy.visual.shape.ShapeStim'>, anchor=('center', 'center'), autoDraw=False, autoLog=True, closeShape=True, color=method-wrapper(...), colorSpace='rgb', contrast=None, depth=0, draggable=False, fillColor=array([-1, -1, -1]), fillColorSpace='rgb', fillRGB=array([-1, -1, -1]), interpolate=True, lineColor=array([-1, -1, -1]), lineColorSpace='rgb', lineRGB=array([-1, -1, -1]), lineWidth=1.5, name='unnamed ShapeStim', opacity=1.0, ori=-57.27272727272728, pos=array([-0.22244967, -0.2562333 ]), size=array([1., 1.]), units='height', vertices=ndarray(...), win=Window(...), windingRule=None)
40.6333 	EXP 	window1: mouseVisible = True
40.6336 	EXP 	Created unnamed Line = Line(__class__=<class 'psychopy.visual.line.Line'>, anchor=('center', 'center'), autoDraw=False, autoLog=True, closeShape=False, color=array([-1, -1, -1]), colorSpace='rgb', contrast=None, depth=2, draggable=False, fillColor=array([0, 0, 0]), fillColorSpace='rgb', fillRGB=array([0, 0, 0]), interpolate=True, lineColor=array([-1, -1, -1]), lineColorSpace='rgb', lineRGB=array([-1, -1, -1]), lineWidth=4, name='unnamed Line', opacity=0.5, ori=0.0, pos=array([0., 0.]), size=array([1., 1.]), units='height', vertices=ndarray(...), win=Window(...), windingRule=None)
40.6337 	EXP 	window1: mouseVisible = True
40.6341 	EXP 	Created unnamed ShapeStim = ShapeStim(__class__=<class 'psychopy.visual.shape.ShapeStim'>, anchor=('center', 'center'), autoDraw=False, autoLog=True, closeShape=True, color=method-wrapper(...), colorSpace='rgb', contrast=None, depth=0, draggable=False, fillColor=array([-1, -1, -1]), fillColorSpace='rgb', fillRGB=array([-1, -1, -1]), interpolate=True, lineColor=array([-1, -1, -1]), lineColorSpace='rgb', lineRGB=array([-1, -1, -1]), lineWidth=1.5, name='unnamed ShapeStim', opacity=1.0, ori=90.00000000000001, pos=array([ 0.04860639, -0.33582254]), size=array([1., 1.]), units='height', vertices=ndarray(...), win=Window(...), windingRule=None)
40.6341 	EXP 	window1: mouseVisible = True
40.6344 	EXP 	Created unnamed Rect = Rect(__class__=<class 'psychopy.visual.rect.Rect'>, anchor=('center', 'center'), autoDraw=False, autoLog=True, closeShape=True, color=method-wrapper(...), colorSpace='rgb', contrast=None, depth=0, draggable=False, fillColor=array([0.00392157, 0.00392157, 0.00392157]), fillColorSpace='rgb', fillRGB=array([0.00392157, 0.00392157, 0.00392157]), interpolate=True, lineColor=array([0, 0, 0]), lineColorSpace='rgb', lineRGB=array([0, 0, 0]), lineWidth=0, name='unnamed Rect', opacity=0.0, ori=0.0, pos=array([0.1, 0. ]), size=array([1.1, 1. ]), units='height', vertices=ndarray(...), win=Window(...))
40.6388 	EXP 	unnamed Rect: autoDraw = True
40.6388 	EXP 	node0: autoDraw = True
40.6388 	EXP 	node1: autoDraw = True
40.6388 	EXP 	node2: autoDraw = True
40.6388 	EXP 	node3: autoDraw = True
40.6388 	EXP 	node4: autoDraw = True
40.6388 	EXP 	unnamed ImageStim: autoDraw = True
40.6388 	EXP 	node5: autoDraw = True
40.6388 	EXP 	node6: autoDraw = True
40.6388 	EXP 	unnamed ImageStim: autoDraw = True
40.6388 	EXP 	node7: autoDraw = True
40.6388 	EXP 	node8: autoDraw = True
40.6388 	EXP 	node9: autoDraw = True
40.6388 	EXP 	node10: autoDraw = True
40.6388 	EXP 	unnamed Line: autoDraw = True
40.6388 	EXP 	unnamed Line: autoDraw = True
40.6388 	EXP 	unnamed ShapeStim: autoDraw = True
40.6388 	EXP 	unnamed Line: autoDraw = True
40.6388 	EXP 	unnamed Line: autoDraw = True
40.6388 	EXP 	unnamed ShapeStim: autoDraw = True
40.6388 	EXP 	unnamed Rect: autoDraw = True
40.6388 	EXP 	node5: fillColor = '#126DEF'
40.6437 	EXP 	node5: fillColor = '#126DEF'
40.6437 	EXP 	unnamed Line: autoDraw = False
40.6437 	EXP 	unnamed ShapeStim: autoDraw = False
40.6437 	EXP 	unnamed Line: autoDraw = True
40.6437 	EXP 	unnamed ShapeStim: autoDraw = True
40.6437 	EXP 	unnamed Line: autoDraw = False
40.6437 	EXP 	unnamed ShapeStim: autoDraw = False
40.6437 	EXP 	unnamed Line: autoDraw = True
40.6437 	EXP 	unnamed ShapeStim: autoDraw = True
40.6437 	EXP 	unnamed Line: foreColor = <psychopy.colors.Color: (1.0, 0.58, -0.87, 1.0)>
40.6437 	EXP 	unnamed Line: borderColor = <psychopy.colors.Color: (1.0, 0.58, -0.87, 1.0)>
40.6437 	EXP 	unnamed Line: fillColor = <psychopy.colors.Color: (1.0, 0.58, -0.87, 1.0)>
40.6437 	EXP 	unnamed ShapeStim: foreColor = <psychopy.colors.Color: (1.0, 0.58, -0.87, 1.0)>
40.6437 	EXP 	unnamed ShapeStim: borderColor = <psychopy.colors.Color: (1.0, 0.58, -0.87, 1.0)>
40.6437 	EXP 	unnamed ShapeStim: fillColor = <psychopy.colors.Color: (1.0, 0.58, -0.87, 1.0)>
41.4533 	DATA 	Keypress: f
41.4583 	EXP 	unnamed Line: foreColor = <psychopy.colors.Color: black, alpha=1.0>
41.4583 	EXP 	unnamed Line: borderColor = <psychopy.colors.Color: black, alpha=1.0>
41.4583 	EXP 	unnamed Line: fillColor = <psychopy.colors.Color: black, alpha=1.0>
41.4583 	EXP 	unnamed ShapeStim: foreColor = <psychopy.colors.Color: black, alpha=1.0>
41.4583 	EXP 	unnamed ShapeStim: borderColor = <psychopy.colors.Color: black, alpha=1.0>
41.4583 	EXP 	unnamed ShapeStim: fillColor = <psychopy.colors.Color: black, alpha=1.0>
41.4583 	EXP 	unnamed Line: foreColor = <psychopy.colors.Color: (1.0, 0.58, -0.87, 1.0)>
41.4583 	EXP 	unnamed Line: borderColor = <psychopy.colors.Color: (1.0, 0.58, -0.87, 1.0)>
41.4583 	EXP 	unnamed Line: fillColor = <psychopy.colors.Color: (1.0, 0.58, -0.87, 1.0)>
41.4583 	EXP 	unnamed ShapeStim: foreColor = <psychopy.colors.Color: (1.0, 0.58, -0.87, 1.0)>
41.4583 	EXP 	unnamed ShapeStim: borderColor = <psychopy.colors.Color: (1.0, 0.58, -0.87, 1.0)>
41.4583 	EXP 	unnamed ShapeStim: fillColor = <psychopy.colors.Color: (1.0, 0.58, -0.87, 1.0)>
41.6849 	DATA 	Keypress: j
41.6892 	EXP 	node6: fillColor = '#126DEF'
41.6892 	EXP 	node5: fillColor = 'white'
42.3894 	EXP 	window1: mouseVisible = True
42.3909 	EXP 	Created unnamed TextStim = TextStim(__class__=<class 'psychopy.visual.text.TextStim'>, alignHoriz=method-wrapper(...), alignText='center', alignVert=method-wrapper(...), anchorHoriz='center', anchorVert='center', antialias=True, autoDraw=False, autoLog=True, bold=True, color=array([ 0.23921569, -1.        , -0.98431373]), colorSpace='rgb', contrast=1.0, depth=0, draggable=False, flipHoriz=False, flipVert=False, font='', fontFiles=[], height=0.04, italic=False, languageStyle='LTR', name='unnamed TextStim', opacity=1.0, ori=0.0, pos=array([ 0.15860639, -0.27582254]), rgb=UNKNOWN, text='-4', units='height', win=Window(...), wrapWidth=1)
42.3939 	EXP 	node6: fillColor = 'white'
42.3939 	EXP 	unnamed ImageStim: autoDraw = True
43.4020 	EXP 	unnamed ImageStim: autoDraw = False
43.4020 	EXP 	unnamed Rect: autoDraw = False
43.4020 	EXP 	unnamed Rect: autoDraw = True
43.5530 	EXP 	unnamed Rect: autoDraw = False
43.5530 	EXP 	node0: autoDraw = False
43.5530 	EXP 	node1: autoDraw = False
43.5530 	EXP 	node2: autoDraw = False
43.5530 	EXP 	node3: autoDraw = False
43.5530 	EXP 	node4: autoDraw = False
43.5530 	EXP 	unnamed ImageStim: autoDraw = False
43.5530 	EXP 	node5: autoDraw = False
43.5530 	EXP 	node6: autoDraw = False
43.5530 	EXP 	unnamed ImageStim: autoDraw = False
43.5530 	EXP 	node7: autoDraw = False
43.5530 	EXP 	node8: autoDraw = False
43.5530 	EXP 	node9: autoDraw = False
43.5530 	EXP 	node10: autoDraw = False
43.5530 	EXP 	unnamed Line: autoDraw = False
43.5530 	EXP 	unnamed ShapeStim: autoDraw = False
43.5530 	EXP 	unnamed Line: autoDraw = False
43.5530 	EXP 	unnamed ShapeStim: autoDraw = False
43.5530 	EXP 	unnamed Rect: autoDraw = False
43.5574 	INFO 	Mouse: using default window
43.5575 	EXP 	window1: mouseVisible = True
43.5576 	EXP 	window1: mouseVisible = True
43.5621 	EXP 	Created unnamed TextStim = TextStim(__class__=<class 'psychopy.visual.text.TextStim'>, alignHoriz=method-wrapper(...), alignText='center', alignVert=method-wrapper(...), anchorHoriz='center', anchorVert='center', antialias=True, autoDraw=False, autoLog=True, bold=False, color=array([1, 1, 1]), colorSpace='rgb', contrast=1.0, depth=0, draggable=False, flipHoriz=False, flipVert=False, font='', fontFiles=[], height=0.035, italic=False, languageStyle='LTR', name='unnamed TextStim', opacity=1.0, ori=0.0, pos=array([0., 0.]), rgb=UNKNOWN, text='press Space to start', units='height', win=Window(...), wrapWidth=1)
44.0773 	DATA 	Keypress: space
44.0779 	EXP 	window1: mouseVisible = True
44.0783 	EXP 	Created unnamed Rect = Rect(__class__=<class 'psychopy.visual.rect.Rect'>, anchor=('center', 'center'), autoDraw=False, autoLog=True, closeShape=True, color=method-wrapper(...), colorSpace='rgb', contrast=None, depth=0, draggable=False, fillColor=array([0.00392157, 0.00392157, 0.00392157]), fillColorSpace='rgb', fillRGB=array([0.00392157, 0.00392157, 0.00392157]), interpolate=True, lineColor=array([0, 0, 0]), lineColorSpace='rgb', lineRGB=array([0, 0, 0]), lineWidth=0, name='unnamed Rect', opacity=0.5, ori=0.0, pos=array([-0.65,  0.45]), size=array([0.1, 0.1]), units='height', vertices=ndarray(...), win=Window(...))
44.0793 	EXP 	window1: mouseVisible = True
44.0814 	EXP 	Created node0 = Circle(__class__=<class 'psychopy.visual.circle.Circle'>, anchor=('center', 'center'), autoDraw=False, autoLog=True, closeShape=True, color=method-wrapper(...), colorSpace='rgb', contrast=None, depth=0, draggable=False, fillColor=array([1, 1, 1]), fillColorSpace='rgb', fillRGB=array([1, 1, 1]), interpolate=True, lineColor=array([-1, -1, -1]), lineColorSpace='rgb', lineRGB=array([-1, -1, -1]), lineWidth=2, name='node0', opacity=1.0, ori=0.0, pos=array([0.  , 0.35]), size=array([1., 1.]), units='height', vertices=ndarray(...), win=Window(...))
44.0824 	EXP 	window1: mouseVisible = True
44.0842 	EXP 	Created node1 = Circle(__class__=<class 'psychopy.visual.circle.Circle'>, anchor=('center', 'center'), autoDraw=False, autoLog=True, closeShape=True, color=method-wrapper(...), colorSpace='rgb', contrast=None, depth=0, draggable=False, fillColor=array([1, 1, 1]), fillColorSpace='rgb', fillRGB=array([1, 1, 1]), interpolate=True, lineColor=array([-1, -1, -1]), lineColorSpace='rgb', lineRGB=array([-1, -1, -1]), lineWidth=2, name='node1', opacity=1.0, ori=0.0, pos=array([-0.18922429,  0.29443874]), size=array([1., 1.]), units='height', vertices=ndarray(...), win=Window(...))
44.0843 	EXP 	window1: mouseVisible = True
44.1016 	EXP 	Created unnamed ImageStim = ImageStim(__class__=<class 'psychopy.visual.image.ImageStim'>, anchor=('center', 'center'), autoLog=True, color=array([1., 1., 1.]), colorSpace='rgb', contrast=1.0, depth=0, draggable=False, flipHoriz=False, flipVert=False, image='images/pattern_5.png', interpolate=False, mask=None, maskParams=None, name='unnamed ImageStim', opacity=1.0, ori=0.0, pos=array([-0.18922429,  0.29443874]), size=array([0.12, 0.12]), texRes=128, units='height', win=Window(...))
44.1026 	EXP 	window1: mouseVisible = True
44.1045 	EXP 	Created node2 = Circle(__class__=<class 'psychopy.visual.circle.Circle'>, anchor=('center', 'center'), autoDraw=False, autoLog=True, closeShape=True, color=method-wrapper(...), colorSpace='rgb', contrast=None, depth=0, draggable=False, fillColor=array([1, 1, 1]), fillColorSpace='rgb', fillRGB=array([1, 1, 1]), interpolate=True, lineColor=array([-1, -1, -1]), lineColorSpace='rgb', lineRGB=array([-1, -1, -1]), lineWidth=2, name='node2', opacity=1.0, ori=0.0, pos=array([-0.3183712 ,  0.14539525]), size=array([1., 1.]), units='height', vertices=ndarray(...), win=Window(...))
44.1055 	EXP 	window1: mouseVisible = True
44.1074 	EXP 	Created node3 = Circle(__class__=<class 'psychopy.visual.circle.Circle'>, anchor=('center', 'center'), autoDraw=False, autoLog=True, closeShape=True, color=method-wrapper(...), colorSpace='rgb', contrast=None, depth=0, draggable=False, fillColor=array([1, 1, 1]), fillColorSpace='rgb', fillRGB=array([1, 1, 1]), interpolate=True, lineColor=array([-1, -1, -1]), lineColorSpace='rgb', lineRGB=array([-1, -1, -1]), lineWidth=2, name='node3', opacity=1.0, ori=0.0, pos=array([-0.3464375 , -0.04981019]), size=array([1., 1.]), units='height', vertices=ndarray(...), win=Window(...))
44.1084 	EXP 	window1: mouseVisible = True
44.1103 	EXP 	Created node4 = Circle(__class__=<class 'psychopy.visual.circle.Circle'>, anchor=('center', 'center'), autoDraw=False, autoLog=True, closeShape=True, color=method-wrapper(...), colorSpace='rgb', contrast=None, depth=0, draggable=False, fillColor=array([1, 1, 1]), fillColorSpace='rgb', fillRGB=array([1, 1, 1]), interpolate=True, lineColor=array([-1, -1, -1]), lineColorSpace='rgb', lineRGB=array([-1, -1, -1]), lineWidth=2, name='node4', opacity=1.0, ori=0.0, pos=array([-0.26451235, -0.22920126]), size=array([1., 1.]), units='height', vertices=ndarray(...), win=Window(...))
44.1113 	EXP 	window1: mouseVisible = True
44.1131 	EXP 	Created node5 = Circle(__class__=<class 'psychopy.visual.circle.Circle'>, anchor=('center', 'center'), autoDraw=False, autoLog=True, closeShape=True, color=method-wrapper(...), colorSpace='rgb', contrast=None, depth=0, draggable=False, fillColor=array([1, 1, 1]), fillColorSpace='rgb', fillRGB=array([1, 1, 1]), interpolate=True, lineColor=array([-1, -1, -1]), lineColorSpace='rgb', lineRGB=array([-1, -1, -1]), lineWidth=2, name='node5', opacity=1.0, ori=0.0, pos=array([-0.09860639, -0.33582254]), size=array([1., 1.]), units='height', vertices=ndarray(...), win=Window(...))
44.1141 	EXP 	window1: mouseVisible = True
44.1160 	EXP 	Created node6 = Circle(__class__=<class 'psychopy.visual.circle.Circle'>, anchor=('center', 'center'), autoDraw=False, autoLog=True, closeShape=True, color=method-wrapper(...), colorSpace='rgb', contrast=None, depth=0, draggable=False, fillColor=array([1, 1, 1]), fillColorSpace='rgb', fillRGB=array([1, 1, 1]), interpolate=True, lineColor=array([-1, -1, -1]), lineColorSpace='rgb', lineRGB=array([-1, -1, -1]), lineWidth=2, name='node6', opacity=1.0, ori=0.0, pos=array([ 0.09860639, -0.33582254]), size=array([1., 1.]), units='height', vertices=ndarray(...), win=Window(...))
44.1170 	EXP 	window1: mouseVisible = True
44.1188 	EXP 	Created node7 = Circle(__class__=<class 'psychopy.visual.circle.Circle'>, anchor=('center', 'center'), autoDraw=False, autoLog=True, closeShape=True, color=method-wrapper(...), colorSpace='rgb', contrast=None, depth=0, draggable=False, fillColor=array([1, 1, 1]), fillColorSpace='rgb', fillRGB=array([1, 1, 1]), interpolate=True, lineColor=array([-1, -1, -1]), lineColorSpace='rgb', lineRGB=array([-1, -1, -1]), lineWidth=2, name='node7', opacity=1.0, ori=0.0, pos=array([ 0.26451235, -0.22920126]), size=array([1., 1.]), units='height', vertices=ndarray(...), win=Window(...))
44.1198 	EXP 	window1: mouseVisible = True
44.1217 	EXP 	Created node8 = Circle(__class__=<class 'psychopy.visual.circle.Circle'>, anchor=('center', 'center'), autoDraw=False, autoLog=True, closeShape=True, color=method-wrapper(...), colorSpace='rgb', contrast=None, depth=0, draggable=False, fillColor=array([1, 1, 1]), fillColorSpace='rgb', fillRGB=array([1, 1, 1]), interpolate=True, lineColor=array([-1, -1, -1]), lineColorSpace='rgb', lineRGB=array([-1, -1, -1]), lineWidth=2, name='node8', opacity=1.0, ori=0.0, pos=array([ 0.3464375 , -0.04981019]), size=array([1., 1.]), units='height', vertices=ndarray(...), win=Window(...))
44.1217 	EXP 	window1: mouseVisible = True
44.1383 	EXP 	Created unnamed ImageStim = ImageStim(__class__=<class 'psychopy.visual.image.ImageStim'>, anchor=('center', 'center'), autoLog=True, color=array([1., 1., 1.]), colorSpace='rgb', contrast=1.0, depth=0, draggable=False, flipHoriz=False, flipVert=False, image='images/pattern_6.png', interpolate=False, mask=None, maskParams=None, name='unnamed ImageStim', opacity=1.0, ori=0.0, pos=array([ 0.3464375 , -0.04981019]), size=array([0.12, 0.12]), texRes=128, units='height', win=Window(...))
44.1393 	EXP 	window1: mouseVisible = True
44.1413 	EXP 	Created node9 = Circle(__class__=<class 'psychopy.visual.circle.Circle'>, anchor=('center', 'center'), autoDraw=False, autoLog=True, closeShape=True, color=method-wrapper(...), colorSpace='rgb', contrast=None, depth=0, draggable=False, fillColor=array([1, 1, 1]), fillColorSpace='rgb', fillRGB=array([1, 1, 1]), interpolate=True, lineColor=array([-1, -1, -1]), lineColorSpace='rgb', lineRGB=array([-1, -1, -1]), lineWidth=2, name='node9', opacity=1.0, ori=0.0, pos=array([0.3183712 , 0.14539525]), size=array([1., 1.]), units='height', vertices=ndarray(...), win=Window(...))
44.1423 	EXP 	window1: mouseVisible = True
44.1441 	EXP 	Created node10 = Circle(__class__=<class 'psychopy.visual.circle.Circle'>, anchor=('center', 'center'), autoDraw=False, autoLog=True, closeShape=True, color=method-wrapper(...), colorSpace='rgb', contrast=None, depth=0, draggable=False, fillColor=array([1, 1, 1]), fillColorSpace='rgb', fillRGB=array([1, 1, 1]), interpolate=True, lineColor=array([-1, -1, -1]), lineColorSpace='rgb', lineRGB=array([-1, -1, -1]), lineWidth=2, name='node10', opacity=1.0, ori=0.0, pos=array([0.18922429, 0.29443874]), size=array([1., 1.]), units='height', vertices=ndarray(...), win=Window(...))
44.1442 	EXP 	window1: mouseVisible = True
44.1446 	EXP 	Created unnamed Line = Line(__class__=<class 'psychopy.visual.line.Line'>, anchor=('center', 'center'), autoDraw=False, autoLog=True, closeShape=False, color=array([-1, -1, -1]), colorSpace='rgb', contrast=None, depth=2, draggable=False, fillColor=array([0, 0, 0]), fillColorSpace='rgb', fillRGB=array([0, 0, 0]), interpolate=True, lineColor=array([-1, -1, -1]), lineColorSpace='rgb', lineRGB=array([-1, -1, -1]), lineWidth=4, name='unnamed Line', opacity=0.5, ori=0.0, pos=array([0., 0.]), size=array([1., 1.]), units='height', vertices=ndarray(...), win=Window(...), windingRule=None)
44.1447 	EXP 	window1: mouseVisible = True
44.1450 	EXP 	Created unnamed ShapeStim = ShapeStim(__class__=<class 'psychopy.visual.shape.ShapeStim'>, anchor=('center', 'center'), autoDraw=False, autoLog=True, closeShape=True, color=method-wrapper(...), colorSpace='rgb', contrast=None, depth=0, draggable=False, fillColor=array([-1, -1, -1]), fillColorSpace='rgb', fillRGB=array([-1, -1, -1]), interpolate=True, lineColor=array([-1, -1, -1]), lineColorSpace='rgb', lineRGB=array([-1, -1, -1]), lineWidth=1.5, name='unnamed ShapeStim', opacity=1.0, ori=106.36363636363636, pos=array([ 0.29846286, -0.03572357]), size=array([1., 1.]), units='height', vertices=ndarray(...), win=Window(...), windingRule=None)
44.1451 	EXP 	window1: mouseVisible = True
44.1455 	EXP 	Created unnamed Line = Line(__class__=<class 'psychopy.visual.line.Line'>, anchor=('center', 'center'), autoDraw=False, autoLog=True, closeShape=False, color=array([-1, -1, -1]), colorSpace='rgb', contrast=None, depth=2, draggable=False, fillColor=array([0, 0, 0]), fillColorSpace='rgb', fillRGB=array([0, 0, 0]), interpolate=True, lineColor=array([-1, -1, -1]), lineColorSpace='rgb', lineRGB=array([-1, -1, -1]), lineWidth=4, name='unnamed Line', opacity=0.5, ori=0.0, pos=array([0., 0.]), size=array([1., 1.]), units='height', vertices=ndarray(...), win=Window(...), windingRule=None)
44.1455 	EXP 	window1: mouseVisible = True
44.1459 	EXP 	Created unnamed ShapeStim = ShapeStim(__class__=<class 'psychopy.visual.shape.ShapeStim'>, anchor=('center', 'center'), autoDraw=False, autoLog=True, closeShape=True, color=method-wrapper(...), colorSpace='rgb', contrast=None, depth=0, draggable=False, fillColor=array([-1, -1, -1]), fillColorSpace='rgb', fillRGB=array([-1, -1, -1]), interpolate=True, lineColor=array([-1, -1, -1]), lineColorSpace='rgb', lineRGB=array([-1, -1, -1]), lineWidth=1.5, name='unnamed ShapeStim', opacity=1.0, ori=40.909090909090914, pos=array([-0.22196732,  0.25665126]), size=array([1., 1.]), units='height', vertices=ndarray(...), win=Window(...), windingRule=None)
44.1459 	EXP 	window1: mouseVisible = True
44.1463 	EXP 	Created unnamed Rect = Rect(__class__=<class 'psychopy.visual.rect.Rect'>, anchor=('center', 'center'), autoDraw=False, autoLog=True, closeShape=True, color=method-wrapper(...), colorSpace='rgb', contrast=None, depth=0, draggable=False, fillColor=array([0.00392157, 0.00392157, 0.00392157]), fillColorSpace='rgb', fillRGB=array([0.00392157, 0.00392157, 0.00392157]), interpolate=True, lineColor=array([0, 0, 0]), lineColorSpace='rgb', lineRGB=array([0, 0, 0]), lineWidth=0, name='unnamed Rect', opacity=0.0, ori=0.0, pos=array([0.1, 0. ]), size=array([1.1, 1. ]), units='height', vertices=ndarray(...), win=Window(...))
44.1503 	EXP 	unnamed Rect: autoDraw = True
44.1503 	EXP 	node0: autoDraw = True
44.1503 	EXP 	node1: autoDraw = True
44.1503 	EXP 	unnamed ImageStim: autoDraw = True
44.1503 	EXP 	node2: autoDraw = True
44.1503 	EXP 	node3: autoDraw = True
44.1503 	EXP 	node4: autoDraw = True
44.1503 	EXP 	node5: autoDraw = True
44.1503 	EXP 	node6: autoDraw = True
44.1503 	EXP 	node7: autoDraw = True
44.1503 	EXP 	node8: autoDraw = True
44.1503 	EXP 	unnamed ImageStim: autoDraw = True
44.1503 	EXP 	node9: autoDraw = True
44.1503 	EXP 	node10: autoDraw = True
44.1503 	EXP 	unnamed Line: autoDraw = True
44.1503 	EXP 	unnamed Line: autoDraw = True
44.1503 	EXP 	unnamed ShapeStim: autoDraw = True
44.1503 	EXP 	unnamed Line: autoDraw = True
44.1503 	EXP 	unnamed Line: autoDraw = True
44.1503 	EXP 	unnamed ShapeStim: autoDraw = True
44.1503 	EXP 	unnamed Rect: autoDraw = True
44.1503 	EXP 	node2: fillColor = '#126DEF'
44.1546 	EXP 	node2: fillColor = '#126DEF'
44.1546 	EXP 	unnamed Line: autoDraw = False
44.1546 	EXP 	unnamed ShapeStim: autoDraw = False
44.1546 	EXP 	unnamed Line: autoDraw = True
44.1546 	EXP 	unnamed ShapeStim: autoDraw = True
44.1546 	EXP 	unnamed Line: autoDraw = False
44.1546 	EXP 	unnamed ShapeStim: autoDraw = False
44.1546 	EXP 	unnamed Line: autoDraw = True
44.1546 	EXP 	unnamed ShapeStim: autoDraw = True
44.1546 	EXP 	unnamed Line: foreColor = <psychopy.colors.Color: (1.0, 0.58, -0.87, 1.0)>
44.1546 	EXP 	unnamed Line: borderColor = <psychopy.colors.Color: (1.0, 0.58, -0.87, 1.0)>
44.1546 	EXP 	unnamed Line: fillColor = <psychopy.colors.Color: (1.0, 0.58, -0.87, 1.0)>
44.1546 	EXP 	unnamed ShapeStim: foreColor = <psychopy.colors.Color: (1.0, 0.58, -0.87, 1.0)>
44.1546 	EXP 	unnamed ShapeStim: borderColor = <psychopy.colors.Color: (1.0, 0.58, -0.87, 1.0)>
44.1546 	EXP 	unnamed ShapeStim: fillColor = <psychopy.colors.Color: (1.0, 0.58, -0.87, 1.0)>
44.8852 	DATA 	Keypress: f
44.8895 	EXP 	unnamed Line: foreColor = <psychopy.colors.Color: black, alpha=1.0>
44.8895 	EXP 	unnamed Line: borderColor = <psychopy.colors.Color: black, alpha=1.0>
44.8895 	EXP 	unnamed Line: fillColor = <psychopy.colors.Color: black, alpha=1.0>
44.8895 	EXP 	unnamed ShapeStim: foreColor = <psychopy.colors.Color: black, alpha=1.0>
44.8895 	EXP 	unnamed ShapeStim: borderColor = <psychopy.colors.Color: black, alpha=1.0>
44.8895 	EXP 	unnamed ShapeStim: fillColor = <psychopy.colors.Color: black, alpha=1.0>
44.8895 	EXP 	unnamed Line: foreColor = <psychopy.colors.Color: (1.0, 0.58, -0.87, 1.0)>
44.8895 	EXP 	unnamed Line: borderColor = <psychopy.colors.Color: (1.0, 0.58, -0.87, 1.0)>
44.8895 	EXP 	unnamed Line: fillColor = <psychopy.colors.Color: (1.0, 0.58, -0.87, 1.0)>
44.8895 	EXP 	unnamed ShapeStim: foreColor = <psychopy.colors.Color: (1.0, 0.58, -0.87, 1.0)>
44.8895 	EXP 	unnamed ShapeStim: borderColor = <psychopy.colors.Color: (1.0, 0.58, -0.87, 1.0)>
44.8895 	EXP 	unnamed ShapeStim: fillColor = <psychopy.colors.Color: (1.0, 0.58, -0.87, 1.0)>
45.2132 	DATA 	Keypress: f
45.2182 	EXP 	unnamed Line: foreColor = <psychopy.colors.Color: black, alpha=1.0>
45.2182 	EXP 	unnamed Line: borderColor = <psychopy.colors.Color: black, alpha=1.0>
45.2182 	EXP 	unnamed Line: fillColor = <psychopy.colors.Color: black, alpha=1.0>
45.2182 	EXP 	unnamed ShapeStim: foreColor = <psychopy.colors.Color: black, alpha=1.0>
45.2182 	EXP 	unnamed ShapeStim: borderColor = <psychopy.colors.Color: black, alpha=1.0>
45.2182 	EXP 	unnamed ShapeStim: fillColor = <psychopy.colors.Color: black, alpha=1.0>
45.2182 	EXP 	unnamed Line: foreColor = <psychopy.colors.Color: (1.0, 0.58, -0.87, 1.0)>
45.2182 	EXP 	unnamed Line: borderColor = <psychopy.colors.Color: (1.0, 0.58, -0.87, 1.0)>
45.2182 	EXP 	unnamed Line: fillColor = <psychopy.colors.Color: (1.0, 0.58, -0.87, 1.0)>
45.2182 	EXP 	unnamed ShapeStim: foreColor = <psychopy.colors.Color: (1.0, 0.58, -0.87, 1.0)>
45.2182 	EXP 	unnamed ShapeStim: borderColor = <psychopy.colors.Color: (1.0, 0.58, -0.87, 1.0)>
45.2182 	EXP 	unnamed ShapeStim: fillColor = <psychopy.colors.Color: (1.0, 0.58, -0.87, 1.0)>
45.5969 	DATA 	Keypress: j
45.6003 	EXP 	node1: fillColor = '#126DEF'
45.6003 	EXP 	node2: fillColor = 'white'
46.3004 	EXP 	window1: mouseVisible = True
46.3018 	EXP 	Created unnamed TextStim = TextStim(__class__=<class 'psychopy.visual.text.TextStim'>, alignHoriz=method-wrapper(...), alignText='center', alignVert=method-wrapper(...), anchorHoriz='center', anchorVert='center', antialias=True, autoDraw=False, autoLog=True, bold=True, color=array([0.68627451, 0.68627451, 0.68627451]), colorSpace='rgb', contrast=1.0, depth=0, draggable=False, flipHoriz=False, flipVert=False, font='', fontFiles=[], height=0.04, italic=False, languageStyle='LTR', name='unnamed TextStim', opacity=1.0, ori=0.0, pos=array([-0.12922429,  0.35443874]), rgb=UNKNOWN, text='+0', units='height', win=Window(...), wrapWidth=1)
46.3048 	EXP 	node1: fillColor = 'white'
46.3048 	EXP 	unnamed ImageStim: autoDraw = True
47.3126 	EXP 	unnamed ImageStim: autoDraw = False
47.3126 	EXP 	unnamed Rect: autoDraw = False
47.3126 	EXP 	unnamed Rect: autoDraw = True
47.4527 	EXP 	unnamed Rect: autoDraw = False
47.4527 	EXP 	node0: autoDraw = False
47.4527 	EXP 	node1: autoDraw = False
47.4527 	EXP 	unnamed ImageStim: autoDraw = False
47.4527 	EXP 	node2: autoDraw = False
47.4527 	EXP 	node3: autoDraw = False
47.4527 	EXP 	node4: autoDraw = False
47.4527 	EXP 	node5: autoDraw = False
47.4527 	EXP 	node6: autoDraw = False
47.4527 	EXP 	node7: autoDraw = False
47.4527 	EXP 	node8: autoDraw = False
47.4527 	EXP 	unnamed ImageStim: autoDraw = False
47.4527 	EXP 	node9: autoDraw = False
47.4527 	EXP 	node10: autoDraw = False
47.4527 	EXP 	unnamed Line: autoDraw = False
47.4527 	EXP 	unnamed ShapeStim: autoDraw = False
47.4527 	EXP 	unnamed Line: autoDraw = False
47.4527 	EXP 	unnamed ShapeStim: autoDraw = False
47.4527 	EXP 	unnamed Rect: autoDraw = False
47.4567 	INFO 	Mouse: using default window
47.4567 	EXP 	window1: mouseVisible = True
47.4568 	EXP 	window1: mouseVisible = True
47.4608 	EXP 	Created unnamed TextStim = TextStim(__class__=<class 'psychopy.visual.text.TextStim'>, alignHoriz=method-wrapper(...), alignText='center', alignVert=method-wrapper(...), anchorHoriz='center', anchorVert='center', antialias=True, autoDraw=False, autoLog=True, bold=False, color=array([1, 1, 1]), colorSpace='rgb', contrast=1.0, depth=0, draggable=False, flipHoriz=False, flipVert=False, font='', fontFiles=[], height=0.035, italic=False, languageStyle='LTR', name='unnamed TextStim', opacity=1.0, ori=0.0, pos=array([0., 0.]), rgb=UNKNOWN, text='press Space to start', units='height', win=Window(...), wrapWidth=1)
47.8773 	DATA 	Keypress: space
47.8778 	EXP 	window1: mouseVisible = True
47.8783 	EXP 	Created unnamed Rect = Rect(__class__=<class 'psychopy.visual.rect.Rect'>, anchor=('center', 'center'), autoDraw=False, autoLog=True, closeShape=True, color=method-wrapper(...), colorSpace='rgb', contrast=None, depth=0, draggable=False, fillColor=array([0.00392157, 0.00392157, 0.00392157]), fillColorSpace='rgb', fillRGB=array([0.00392157, 0.00392157, 0.00392157]), interpolate=True, lineColor=array([0, 0, 0]), lineColorSpace='rgb', lineRGB=array([0, 0, 0]), lineWidth=0, name='unnamed Rect', opacity=0.5, ori=0.0, pos=array([-0.65,  0.45]), size=array([0.1, 0.1]), units='height', vertices=ndarray(...), win=Window(...))
47.8793 	EXP 	window1: mouseVisible = True
47.8813 	EXP 	Created node0 = Circle(__class__=<class 'psychopy.visual.circle.Circle'>, anchor=('center', 'center'), autoDraw=False, autoLog=True, closeShape=True, color=method-wrapper(...), colorSpace='rgb', contrast=None, depth=0, draggable=False, fillColor=array([1, 1, 1]), fillColorSpace='rgb', fillRGB=array([1, 1, 1]), interpolate=True, lineColor=array([-1, -1, -1]), lineColorSpace='rgb', lineRGB=array([-1, -1, -1]), lineWidth=2, name='node0', opacity=1.0, ori=0.0, pos=array([0.  , 0.35]), size=array([1., 1.]), units='height', vertices=ndarray(...), win=Window(...))
47.8823 	EXP 	window1: mouseVisible = True
47.8841 	EXP 	Created node1 = Circle(__class__=<class 'psychopy.visual.circle.Circle'>, anchor=('center', 'center'), autoDraw=False, autoLog=True, closeShape=True, color=method-wrapper(...), colorSpace='rgb', contrast=None, depth=0, draggable=False, fillColor=array([1, 1, 1]), fillColorSpace='rgb', fillRGB=array([1, 1, 1]), interpolate=True, lineColor=array([-1, -1, -1]), lineColorSpace='rgb', lineRGB=array([-1, -1, -1]), lineWidth=2, name='node1', opacity=1.0, ori=0.0, pos=array([-0.18922429,  0.29443874]), size=array([1., 1.]), units='height', vertices=ndarray(...), win=Window(...))
47.8842 	EXP 	window1: mouseVisible = True
47.9014 	EXP 	Created unnamed ImageStim = ImageStim(__class__=<class 'psychopy.visual.image.ImageStim'>, anchor=('center', 'center'), autoLog=True, color=array([1., 1., 1.]), colorSpace='rgb', contrast=1.0, depth=0, draggable=False, flipHoriz=False, flipVert=False, image='images/pattern_5.png', interpolate=False, mask=None, maskParams=None, name='unnamed ImageStim', opacity=1.0, ori=0.0, pos=array([-0.18922429,  0.29443874]), size=array([0.12, 0.12]), texRes=128, units='height', win=Window(...))
47.9024 	EXP 	window1: mouseVisible = True
47.9043 	EXP 	Created node2 = Circle(__class__=<class 'psychopy.visual.circle.Circle'>, anchor=('center', 'center'), autoDraw=False, autoLog=True, closeShape=True, color=method-wrapper(...), colorSpace='rgb', contrast=None, depth=0, draggable=False, fillColor=array([1, 1, 1]), fillColorSpace='rgb', fillRGB=array([1, 1, 1]), interpolate=True, lineColor=array([-1, -1, -1]), lineColorSpace='rgb', lineRGB=array([-1, -1, -1]), lineWidth=2, name='node2', opacity=1.0, ori=0.0, pos=array([-0.3183712 ,  0.14539525]), size=array([1., 1.]), units='height', vertices=ndarray(...), win=Window(...))
47.9053 	EXP 	window1: mouseVisible = True
47.9073 	EXP 	Created node3 = Circle(__class__=<class 'psychopy.visual.circle.Circle'>, anchor=('center', 'center'), autoDraw=False, autoLog=True, closeShape=True, color=method-wrapper(...), colorSpace='rgb', contrast=None, depth=0, draggable=False, fillColor=array([1, 1, 1]), fillColorSpace='rgb', fillRGB=array([1, 1, 1]), interpolate=True, lineColor=array([-1, -1, -1]), lineColorSpace='rgb', lineRGB=array([-1, -1, -1]), lineWidth=2, name='node3', opacity=1.0, ori=0.0, pos=array([-0.3464375 , -0.04981019]), size=array([1., 1.]), units='height', vertices=ndarray(...), win=Window(...))
47.9083 	EXP 	window1: mouseVisible = True
47.9101 	EXP 	Created node4 = Circle(__class__=<class 'psychopy.visual.circle.Circle'>, anchor=('center', 'center'), autoDraw=False, autoLog=True, closeShape=True, color=method-wrapper(...), colorSpace='rgb', contrast=None, depth=0, draggable=False, fillColor=array([1, 1, 1]), fillColorSpace='rgb', fillRGB=array([1, 1, 1]), interpolate=True, lineColor=array([-1, -1, -1]), lineColorSpace='rgb', lineRGB=array([-1, -1, -1]), lineWidth=2, name='node4', opacity=1.0, ori=0.0, pos=array([-0.26451235, -0.22920126]), size=array([1., 1.]), units='height', vertices=ndarray(...), win=Window(...))
47.9112 	EXP 	window1: mouseVisible = True
47.9130 	EXP 	Created node5 = Circle(__class__=<class 'psychopy.visual.circle.Circle'>, anchor=('center', 'center'), autoDraw=False, autoLog=True, closeShape=True, color=method-wrapper(...), colorSpace='rgb', contrast=None, depth=0, draggable=False, fillColor=array([1, 1, 1]), fillColorSpace='rgb', fillRGB=array([1, 1, 1]), interpolate=True, lineColor=array([-1, -1, -1]), lineColorSpace='rgb', lineRGB=array([-1, -1, -1]), lineWidth=2, name='node5', opacity=1.0, ori=0.0, pos=array([-0.09860639, -0.33582254]), size=array([1., 1.]), units='height', vertices=ndarray(...), win=Window(...))
47.9140 	EXP 	window1: mouseVisible = True
47.9159 	EXP 	Created node6 = Circle(__class__=<class 'psychopy.visual.circle.Circle'>, anchor=('center', 'center'), autoDraw=False, autoLog=True, closeShape=True, color=method-wrapper(...), colorSpace='rgb', contrast=None, depth=0, draggable=False, fillColor=array([1, 1, 1]), fillColorSpace='rgb', fillRGB=array([1, 1, 1]), interpolate=True, lineColor=array([-1, -1, -1]), lineColorSpace='rgb', lineRGB=array([-1, -1, -1]), lineWidth=2, name='node6', opacity=1.0, ori=0.0, pos=array([ 0.09860639, -0.33582254]), size=array([1., 1.]), units='height', vertices=ndarray(...), win=Window(...))
47.9169 	EXP 	window1: mouseVisible = True
47.9187 	EXP 	Created node7 = Circle(__class__=<class 'psychopy.visual.circle.Circle'>, anchor=('center', 'center'), autoDraw=False, autoLog=True, closeShape=True, color=method-wrapper(...), colorSpace='rgb', contrast=None, depth=0, draggable=False, fillColor=array([1, 1, 1]), fillColorSpace='rgb', fillRGB=array([1, 1, 1]), interpolate=True, lineColor=array([-1, -1, -1]), lineColorSpace='rgb', lineRGB=array([-1, -1, -1]), lineWidth=2, name='node7', opacity=1.0, ori=0.0, pos=array([ 0.26451235, -0.22920126]), size=array([1., 1.]), units='height', vertices=ndarray(...), win=Window(...))
47.9197 	EXP 	window1: mouseVisible = True
47.9215 	EXP 	Created node8 = Circle(__class__=<class 'psychopy.visual.circle.Circle'>, anchor=('center', 'center'), autoDraw=False, autoLog=True, closeShape=True, color=method-wrapper(...), colorSpace='rgb', contrast=None, depth=0, draggable=False, fillColor=array([1, 1, 1]), fillColorSpace='rgb', fillRGB=array([1, 1, 1]), interpolate=True, lineColor=array([-1, -1, -1]), lineColorSpace='rgb', lineRGB=array([-1, -1, -1]), lineWidth=2, name='node8', opacity=1.0, ori=0.0, pos=array([ 0.3464375 , -0.04981019]), size=array([1., 1.]), units='height', vertices=ndarray(...), win=Window(...))
47.9225 	EXP 	window1: mouseVisible = True
47.9244 	EXP 	Created node9 = Circle(__class__=<class 'psychopy.visual.circle.Circle'>, anchor=('center', 'center'), autoDraw=False, autoLog=True, closeShape=True, color=method-wrapper(...), colorSpace='rgb', contrast=None, depth=0, draggable=False, fillColor=array([1, 1, 1]), fillColorSpace='rgb', fillRGB=array([1, 1, 1]), interpolate=True, lineColor=array([-1, -1, -1]), lineColorSpace='rgb', lineRGB=array([-1, -1, -1]), lineWidth=2, name='node9', opacity=1.0, ori=0.0, pos=array([0.3183712 , 0.14539525]), size=array([1., 1.]), units='height', vertices=ndarray(...), win=Window(...))
47.9254 	EXP 	window1: mouseVisible = True
47.9272 	EXP 	Created node10 = Circle(__class__=<class 'psychopy.visual.circle.Circle'>, anchor=('center', 'center'), autoDraw=False, autoLog=True, closeShape=True, color=method-wrapper(...), colorSpace='rgb', contrast=None, depth=0, draggable=False, fillColor=array([1, 1, 1]), fillColorSpace='rgb', fillRGB=array([1, 1, 1]), interpolate=True, lineColor=array([-1, -1, -1]), lineColorSpace='rgb', lineRGB=array([-1, -1, -1]), lineWidth=2, name='node10', opacity=1.0, ori=0.0, pos=array([0.18922429, 0.29443874]), size=array([1., 1.]), units='height', vertices=ndarray(...), win=Window(...))
47.9273 	EXP 	window1: mouseVisible = True
47.9438 	EXP 	Created unnamed ImageStim = ImageStim(__class__=<class 'psychopy.visual.image.ImageStim'>, anchor=('center', 'center'), autoLog=True, color=array([1., 1., 1.]), colorSpace='rgb', contrast=1.0, depth=0, draggable=False, flipHoriz=False, flipVert=False, image='images/pattern_3.png', interpolate=False, mask=None, maskParams=None, name='unnamed ImageStim', opacity=1.0, ori=0.0, pos=array([0.18922429, 0.29443874]), size=array([0.12, 0.12]), texRes=128, units='height', win=Window(...))
47.9439 	EXP 	window1: mouseVisible = True
47.9443 	EXP 	Created unnamed Line = Line(__class__=<class 'psychopy.visual.line.Line'>, anchor=('center', 'center'), autoDraw=False, autoLog=True, closeShape=False, color=array([-1, -1, -1]), colorSpace='rgb', contrast=None, depth=2, draggable=False, fillColor=array([0, 0, 0]), fillColorSpace='rgb', fillRGB=array([0, 0, 0]), interpolate=True, lineColor=array([-1, -1, -1]), lineColorSpace='rgb', lineRGB=array([-1, -1, -1]), lineWidth=4, name='unnamed Line', opacity=0.5, ori=0.0, pos=array([0., 0.]), size=array([1., 1.]), units='height', vertices=ndarray(...), win=Window(...), windingRule=None)
47.9444 	EXP 	window1: mouseVisible = True
47.9448 	EXP 	Created unnamed ShapeStim = ShapeStim(__class__=<class 'psychopy.visual.shape.ShapeStim'>, anchor=('center', 'center'), autoDraw=False, autoLog=True, closeShape=True, color=method-wrapper(...), colorSpace='rgb', contrast=None, depth=0, draggable=False, fillColor=array([-1, -1, -1]), fillColorSpace='rgb', fillRGB=array([-1, -1, -1]), interpolate=True, lineColor=array([-1, -1, -1]), lineColorSpace='rgb', lineRGB=array([-1, -1, -1]), lineWidth=1.5, name='unnamed ShapeStim', opacity=1.0, ori=-73.63636363636365, pos=array([-0.14124964,  0.28035211]), size=array([1., 1.]), units='height', vertices=ndarray(...), win=Window(...), windingRule=None)
47.9448 	EXP 	window1: mouseVisible = True
47.9452 	EXP 	Created unnamed Line = Line(__class__=<class 'psychopy.visual.line.Line'>, anchor=('center', 'center'), autoDraw=False, autoLog=True, closeShape=False, color=array([-1, -1, -1]), colorSpace='rgb', contrast=None, depth=2, draggable=False, fillColor=array([0, 0, 0]), fillColorSpace='rgb', fillRGB=array([0, 0, 0]), interpolate=True, lineColor=array([-1, -1, -1]), lineColorSpace='rgb', lineRGB=array([-1, -1, -1]), lineWidth=4, name='unnamed Line', opacity=0.5, ori=0.0, pos=array([0., 0.]), size=array([1., 1.]), units='height', vertices=ndarray(...), win=Window(...), windingRule=None)
47.9453 	EXP 	window1: mouseVisible = True
47.9456 	EXP 	Created unnamed ShapeStim = ShapeStim(__class__=<class 'psychopy.visual.shape.ShapeStim'>, anchor=('center', 'center'), autoDraw=False, autoLog=True, closeShape=True, color=method-wrapper(...), colorSpace='rgb', contrast=None, depth=0, draggable=False, fillColor=array([-1, -1, -1]), fillColorSpace='rgb', fillRGB=array([-1, -1, -1]), interpolate=True, lineColor=array([-1, -1, -1]), lineColorSpace='rgb', lineRGB=array([-1, -1, -1]), lineWidth=1.5, name='unnamed ShapeStim', opacity=1.0, ori=-40.90909090909088, pos=array([0.22196732, 0.25665126]), size=array([1., 1.]), units='height', vertices=ndarray(...), win=Window(...), windingRule=None)
47.9457 	EXP 	window1: mouseVisible = True
47.9460 	EXP 	Created unnamed Rect = Rect(__class__=<class 'psychopy.visual.rect.Rect'>, anchor=('center', 'center'), autoDraw=False, autoLog=True, closeShape=True, color=method-wrapper(...), colorSpace='rgb', contrast=None, depth=0, draggable=False, fillColor=array([0.00392157, 0.00392157, 0.00392157]), fillColorSpace='rgb', fillRGB=array([0.00392157, 0.00392157, 0.00392157]), interpolate=True, lineColor=array([0, 0, 0]), lineColorSpace='rgb', lineRGB=array([0, 0, 0]), lineWidth=0, name='unnamed Rect', opacity=0.0, ori=0.0, pos=array([0.1, 0. ]), size=array([1.1, 1. ]), units='height', vertices=ndarray(...), win=Window(...))
47.9501 	EXP 	unnamed Rect: autoDraw = True
47.9501 	EXP 	node0: autoDraw = True
47.9501 	EXP 	node1: autoDraw = True
47.9501 	EXP 	unnamed ImageStim: autoDraw = True
47.9501 	EXP 	node2: autoDraw = True
47.9501 	EXP 	node3: autoDraw = True
47.9501 	EXP 	node4: autoDraw = True
47.9501 	EXP 	node5: autoDraw = True
47.9501 	EXP 	node6: autoDraw = True
47.9501 	EXP 	node7: autoDraw = True
47.9501 	EXP 	node8: autoDraw = True
47.9501 	EXP 	node9: autoDraw = True
47.9501 	EXP 	node10: autoDraw = True
47.9501 	EXP 	unnamed ImageStim: autoDraw = True
47.9501 	EXP 	unnamed Line: autoDraw = True
47.9501 	EXP 	unnamed Line: autoDraw = True
47.9501 	EXP 	unnamed ShapeStim: autoDraw = True
47.9501 	EXP 	unnamed Line: autoDraw = True
47.9501 	EXP 	unnamed Line: autoDraw = True
47.9501 	EXP 	unnamed ShapeStim: autoDraw = True
47.9501 	EXP 	unnamed Rect: autoDraw = True
47.9501 	EXP 	node9: fillColor = '#126DEF'
47.9534 	EXP 	node9: fillColor = '#126DEF'
47.9534 	EXP 	unnamed Line: autoDraw = False
47.9534 	EXP 	unnamed ShapeStim: autoDraw = False
47.9534 	EXP 	unnamed Line: autoDraw = True
47.9534 	EXP 	unnamed ShapeStim: autoDraw = True
47.9534 	EXP 	unnamed Line: autoDraw = False
47.9534 	EXP 	unnamed ShapeStim: autoDraw = False
47.9534 	EXP 	unnamed Line: autoDraw = True
47.9534 	EXP 	unnamed ShapeStim: autoDraw = True
47.9534 	EXP 	unnamed Line: foreColor = <psychopy.colors.Color: (1.0, 0.58, -0.87, 1.0)>
47.9534 	EXP 	unnamed Line: borderColor = <psychopy.colors.Color: (1.0, 0.58, -0.87, 1.0)>
47.9534 	EXP 	unnamed Line: fillColor = <psychopy.colors.Color: (1.0, 0.58, -0.87, 1.0)>
47.9534 	EXP 	unnamed ShapeStim: foreColor = <psychopy.colors.Color: (1.0, 0.58, -0.87, 1.0)>
47.9534 	EXP 	unnamed ShapeStim: borderColor = <psychopy.colors.Color: (1.0, 0.58, -0.87, 1.0)>
47.9534 	EXP 	unnamed ShapeStim: fillColor = <psychopy.colors.Color: (1.0, 0.58, -0.87, 1.0)>
48.8293 	DATA 	Keypress: f
48.8332 	EXP 	unnamed Line: foreColor = <psychopy.colors.Color: black, alpha=1.0>
48.8332 	EXP 	unnamed Line: borderColor = <psychopy.colors.Color: black, alpha=1.0>
48.8332 	EXP 	unnamed Line: fillColor = <psychopy.colors.Color: black, alpha=1.0>
48.8332 	EXP 	unnamed ShapeStim: foreColor = <psychopy.colors.Color: black, alpha=1.0>
48.8332 	EXP 	unnamed ShapeStim: borderColor = <psychopy.colors.Color: black, alpha=1.0>
48.8332 	EXP 	unnamed ShapeStim: fillColor = <psychopy.colors.Color: black, alpha=1.0>
48.8332 	EXP 	unnamed Line: foreColor = <psychopy.colors.Color: (1.0, 0.58, -0.87, 1.0)>
48.8332 	EXP 	unnamed Line: borderColor = <psychopy.colors.Color: (1.0, 0.58, -0.87, 1.0)>
48.8332 	EXP 	unnamed Line: fillColor = <psychopy.colors.Color: (1.0, 0.58, -0.87, 1.0)>
48.8332 	EXP 	unnamed ShapeStim: foreColor = <psychopy.colors.Color: (1.0, 0.58, -0.87, 1.0)>
48.8332 	EXP 	unnamed ShapeStim: borderColor = <psychopy.colors.Color: (1.0, 0.58, -0.87, 1.0)>
48.8332 	EXP 	unnamed ShapeStim: fillColor = <psychopy.colors.Color: (1.0, 0.58, -0.87, 1.0)>
49.6132 	DATA 	Keypress: j
49.6175 	EXP 	node1: fillColor = '#126DEF'
49.6175 	EXP 	node9: fillColor = 'white'
50.3178 	EXP 	window1: mouseVisible = True
50.3197 	EXP 	Created unnamed TextStim = TextStim(__class__=<class 'psychopy.visual.text.TextStim'>, alignHoriz=method-wrapper(...), alignText='center', alignVert=method-wrapper(...), anchorHoriz='center', anchorVert='center', antialias=True, autoDraw=False, autoLog=True, bold=True, color=array([0.68627451, 0.68627451, 0.68627451]), colorSpace='rgb', contrast=1.0, depth=0, draggable=False, flipHoriz=False, flipVert=False, font='', fontFiles=[], height=0.04, italic=False, languageStyle='LTR', name='unnamed TextStim', opacity=1.0, ori=0.0, pos=array([-0.12922429,  0.35443874]), rgb=UNKNOWN, text='+0', units='height', win=Window(...), wrapWidth=1)
50.3247 	EXP 	node1: fillColor = 'white'
50.3247 	EXP 	unnamed ImageStim: autoDraw = True
51.3329 	EXP 	unnamed ImageStim: autoDraw = False
51.3329 	EXP 	unnamed Rect: autoDraw = False
51.3329 	EXP 	unnamed Rect: autoDraw = True
51.4725 	EXP 	unnamed Rect: autoDraw = False
51.4725 	EXP 	node0: autoDraw = False
51.4725 	EXP 	node1: autoDraw = False
51.4725 	EXP 	unnamed ImageStim: autoDraw = False
51.4725 	EXP 	node2: autoDraw = False
51.4725 	EXP 	node3: autoDraw = False
51.4725 	EXP 	node4: autoDraw = False
51.4725 	EXP 	node5: autoDraw = False
51.4725 	EXP 	node6: autoDraw = False
51.4725 	EXP 	node7: autoDraw = False
51.4725 	EXP 	node8: autoDraw = False
51.4725 	EXP 	node9: autoDraw = False
51.4725 	EXP 	node10: autoDraw = False
51.4725 	EXP 	unnamed ImageStim: autoDraw = False
51.4725 	EXP 	unnamed Line: autoDraw = False
51.4725 	EXP 	unnamed ShapeStim: autoDraw = False
51.4725 	EXP 	unnamed Line: autoDraw = False
51.4725 	EXP 	unnamed ShapeStim: autoDraw = False
51.4725 	EXP 	unnamed Rect: autoDraw = False
51.4851 	INFO 	Mouse: using default window
51.4852 	EXP 	window1: mouseVisible = True
51.4854 	EXP 	window1: mouseVisible = True
51.4904 	EXP 	Created unnamed TextStim = TextStim(__class__=<class 'psychopy.visual.text.TextStim'>, alignHoriz=method-wrapper(...), alignText='center', alignVert=method-wrapper(...), anchorHoriz='center', anchorVert='center', antialias=True, autoDraw=False, autoLog=True, bold=False, color=array([1, 1, 1]), colorSpace='rgb', contrast=1.0, depth=0, draggable=False, flipHoriz=False, flipVert=False, font='', fontFiles=[], height=0.035, italic=False, languageStyle='LTR', name='unnamed TextStim', opacity=1.0, ori=0.0, pos=array([0., 0.]), rgb=UNKNOWN, text='press Space to start', units='height', win=Window(...), wrapWidth=1)
52.0125 	DATA 	Keypress: space
52.0131 	EXP 	window1: mouseVisible = True
52.0135 	EXP 	Created unnamed Rect = Rect(__class__=<class 'psychopy.visual.rect.Rect'>, anchor=('center', 'center'), autoDraw=False, autoLog=True, closeShape=True, color=method-wrapper(...), colorSpace='rgb', contrast=None, depth=0, draggable=False, fillColor=array([0.00392157, 0.00392157, 0.00392157]), fillColorSpace='rgb', fillRGB=array([0.00392157, 0.00392157, 0.00392157]), interpolate=True, lineColor=array([0, 0, 0]), lineColorSpace='rgb', lineRGB=array([0, 0, 0]), lineWidth=0, name='unnamed Rect', opacity=0.5, ori=0.0, pos=array([-0.65,  0.45]), size=array([0.1, 0.1]), units='height', vertices=ndarray(...), win=Window(...))
52.0145 	EXP 	window1: mouseVisible = True
52.0165 	EXP 	Created node0 = Circle(__class__=<class 'psychopy.visual.circle.Circle'>, anchor=('center', 'center'), autoDraw=False, autoLog=True, closeShape=True, color=method-wrapper(...), colorSpace='rgb', contrast=None, depth=0, draggable=False, fillColor=array([1, 1, 1]), fillColorSpace='rgb', fillRGB=array([1, 1, 1]), interpolate=True, lineColor=array([-1, -1, -1]), lineColorSpace='rgb', lineRGB=array([-1, -1, -1]), lineWidth=2, name='node0', opacity=1.0, ori=0.0, pos=array([0.  , 0.35]), size=array([1., 1.]), units='height', vertices=ndarray(...), win=Window(...))
52.0176 	EXP 	window1: mouseVisible = True
52.0194 	EXP 	Created node1 = Circle(__class__=<class 'psychopy.visual.circle.Circle'>, anchor=('center', 'center'), autoDraw=False, autoLog=True, closeShape=True, color=method-wrapper(...), colorSpace='rgb', contrast=None, depth=0, draggable=False, fillColor=array([1, 1, 1]), fillColorSpace='rgb', fillRGB=array([1, 1, 1]), interpolate=True, lineColor=array([-1, -1, -1]), lineColorSpace='rgb', lineRGB=array([-1, -1, -1]), lineWidth=2, name='node1', opacity=1.0, ori=0.0, pos=array([-0.18922429,  0.29443874]), size=array([1., 1.]), units='height', vertices=ndarray(...), win=Window(...))
52.0205 	EXP 	window1: mouseVisible = True
52.0224 	EXP 	Created node2 = Circle(__class__=<class 'psychopy.visual.circle.Circle'>, anchor=('center', 'center'), autoDraw=False, autoLog=True, closeShape=True, color=method-wrapper(...), colorSpace='rgb', contrast=None, depth=0, draggable=False, fillColor=array([1, 1, 1]), fillColorSpace='rgb', fillRGB=array([1, 1, 1]), interpolate=True, lineColor=array([-1, -1, -1]), lineColorSpace='rgb', lineRGB=array([-1, -1, -1]), lineWidth=2, name='node2', opacity=1.0, ori=0.0, pos=array([-0.3183712 ,  0.14539525]), size=array([1., 1.]), units='height', vertices=ndarray(...), win=Window(...))
52.0225 	EXP 	window1: mouseVisible = True
52.0403 	EXP 	Created unnamed ImageStim = ImageStim(__class__=<class 'psychopy.visual.image.ImageStim'>, anchor=('center', 'center'), autoLog=True, color=array([1., 1., 1.]), colorSpace='rgb', contrast=1.0, depth=0, draggable=False, flipHoriz=False, flipVert=False, image='images/pattern_7.png', interpolate=False, mask=None, maskParams=None, name='unnamed ImageStim', opacity=1.0, ori=0.0, pos=array([-0.3183712 ,  0.14539525]), size=array([0.12, 0.12]), texRes=128, units='height', win=Window(...))
52.0413 	EXP 	window1: mouseVisible = True
52.0432 	EXP 	Created node3 = Circle(__class__=<class 'psychopy.visual.circle.Circle'>, anchor=('center', 'center'), autoDraw=False, autoLog=True, closeShape=True, color=method-wrapper(...), colorSpace='rgb', contrast=None, depth=0, draggable=False, fillColor=array([1, 1, 1]), fillColorSpace='rgb', fillRGB=array([1, 1, 1]), interpolate=True, lineColor=array([-1, -1, -1]), lineColorSpace='rgb', lineRGB=array([-1, -1, -1]), lineWidth=2, name='node3', opacity=1.0, ori=0.0, pos=array([-0.3464375 , -0.04981019]), size=array([1., 1.]), units='height', vertices=ndarray(...), win=Window(...))
52.0442 	EXP 	window1: mouseVisible = True
52.0461 	EXP 	Created node4 = Circle(__class__=<class 'psychopy.visual.circle.Circle'>, anchor=('center', 'center'), autoDraw=False, autoLog=True, closeShape=True, color=method-wrapper(...), colorSpace='rgb', contrast=None, depth=0, draggable=False, fillColor=array([1, 1, 1]), fillColorSpace='rgb', fillRGB=array([1, 1, 1]), interpolate=True, lineColor=array([-1, -1, -1]), lineColorSpace='rgb', lineRGB=array([-1, -1, -1]), lineWidth=2, name='node4', opacity=1.0, ori=0.0, pos=array([-0.26451235, -0.22920126]), size=array([1., 1.]), units='height', vertices=ndarray(...), win=Window(...))
52.0471 	EXP 	window1: mouseVisible = True
52.0489 	EXP 	Created node5 = Circle(__class__=<class 'psychopy.visual.circle.Circle'>, anchor=('center', 'center'), autoDraw=False, autoLog=True, closeShape=True, color=method-wrapper(...), colorSpace='rgb', contrast=None, depth=0, draggable=False, fillColor=array([1, 1, 1]), fillColorSpace='rgb', fillRGB=array([1, 1, 1]), interpolate=True, lineColor=array([-1, -1, -1]), lineColorSpace='rgb', lineRGB=array([-1, -1, -1]), lineWidth=2, name='node5', opacity=1.0, ori=0.0, pos=array([-0.09860639, -0.33582254]), size=array([1., 1.]), units='height', vertices=ndarray(...), win=Window(...))
52.0500 	EXP 	window1: mouseVisible = True
52.0518 	EXP 	Created node6 = Circle(__class__=<class 'psychopy.visual.circle.Circle'>, anchor=('center', 'center'), autoDraw=False, autoLog=True, closeShape=True, color=method-wrapper(...), colorSpace='rgb', contrast=None, depth=0, draggable=False, fillColor=array([1, 1, 1]), fillColorSpace='rgb', fillRGB=array([1, 1, 1]), interpolate=True, lineColor=array([-1, -1, -1]), lineColorSpace='rgb', lineRGB=array([-1, -1, -1]), lineWidth=2, name='node6', opacity=1.0, ori=0.0, pos=array([ 0.09860639, -0.33582254]), size=array([1., 1.]), units='height', vertices=ndarray(...), win=Window(...))
52.0528 	EXP 	window1: mouseVisible = True
52.0547 	EXP 	Created node7 = Circle(__class__=<class 'psychopy.visual.circle.Circle'>, anchor=('center', 'center'), autoDraw=False, autoLog=True, closeShape=True, color=method-wrapper(...), colorSpace='rgb', contrast=None, depth=0, draggable=False, fillColor=array([1, 1, 1]), fillColorSpace='rgb', fillRGB=array([1, 1, 1]), interpolate=True, lineColor=array([-1, -1, -1]), lineColorSpace='rgb', lineRGB=array([-1, -1, -1]), lineWidth=2, name='node7', opacity=1.0, ori=0.0, pos=array([ 0.26451235, -0.22920126]), size=array([1., 1.]), units='height', vertices=ndarray(...), win=Window(...))
52.0557 	EXP 	window1: mouseVisible = True
52.0576 	EXP 	Created node8 = Circle(__class__=<class 'psychopy.visual.circle.Circle'>, anchor=('center', 'center'), autoDraw=False, autoLog=True, closeShape=True, color=method-wrapper(...), colorSpace='rgb', contrast=None, depth=0, draggable=False, fillColor=array([1, 1, 1]), fillColorSpace='rgb', fillRGB=array([1, 1, 1]), interpolate=True, lineColor=array([-1, -1, -1]), lineColorSpace='rgb', lineRGB=array([-1, -1, -1]), lineWidth=2, name='node8', opacity=1.0, ori=0.0, pos=array([ 0.3464375 , -0.04981019]), size=array([1., 1.]), units='height', vertices=ndarray(...), win=Window(...))
52.0585 	EXP 	window1: mouseVisible = True
52.0604 	EXP 	Created node9 = Circle(__class__=<class 'psychopy.visual.circle.Circle'>, anchor=('center', 'center'), autoDraw=False, autoLog=True, closeShape=True, color=method-wrapper(...), colorSpace='rgb', contrast=None, depth=0, draggable=False, fillColor=array([1, 1, 1]), fillColorSpace='rgb', fillRGB=array([1, 1, 1]), interpolate=True, lineColor=array([-1, -1, -1]), lineColorSpace='rgb', lineRGB=array([-1, -1, -1]), lineWidth=2, name='node9', opacity=1.0, ori=0.0, pos=array([0.3183712 , 0.14539525]), size=array([1., 1.]), units='height', vertices=ndarray(...), win=Window(...))
52.0614 	EXP 	window1: mouseVisible = True
52.0633 	EXP 	Created node10 = Circle(__class__=<class 'psychopy.visual.circle.Circle'>, anchor=('center', 'center'), autoDraw=False, autoLog=True, closeShape=True, color=method-wrapper(...), colorSpace='rgb', contrast=None, depth=0, draggable=False, fillColor=array([1, 1, 1]), fillColorSpace='rgb', fillRGB=array([1, 1, 1]), interpolate=True, lineColor=array([-1, -1, -1]), lineColorSpace='rgb', lineRGB=array([-1, -1, -1]), lineWidth=2, name='node10', opacity=1.0, ori=0.0, pos=array([0.18922429, 0.29443874]), size=array([1., 1.]), units='height', vertices=ndarray(...), win=Window(...))
52.0633 	EXP 	window1: mouseVisible = True
52.0799 	EXP 	Created unnamed ImageStim = ImageStim(__class__=<class 'psychopy.visual.image.ImageStim'>, anchor=('center', 'center'), autoLog=True, color=array([1., 1., 1.]), colorSpace='rgb', contrast=1.0, depth=0, draggable=False, flipHoriz=False, flipVert=False, image='images/pattern_3.png', interpolate=False, mask=None, maskParams=None, name='unnamed ImageStim', opacity=1.0, ori=0.0, pos=array([0.18922429, 0.29443874]), size=array([0.12, 0.12]), texRes=128, units='height', win=Window(...))
52.0800 	EXP 	window1: mouseVisible = True
52.0804 	EXP 	Created unnamed Line = Line(__class__=<class 'psychopy.visual.line.Line'>, anchor=('center', 'center'), autoDraw=False, autoLog=True, closeShape=False, color=array([-1, -1, -1]), colorSpace='rgb', contrast=None, depth=2, draggable=False, fillColor=array([0, 0, 0]), fillColorSpace='rgb', fillRGB=array([0, 0, 0]), interpolate=True, lineColor=array([-1, -1, -1]), lineColorSpace='rgb', lineRGB=array([-1, -1, -1]), lineWidth=4, name='unnamed Line', opacity=0.5, ori=0.0, pos=array([0., 0.]), size=array([1., 1.]), units='height', vertices=ndarray(...), win=Window(...), windingRule=None)
52.0805 	EXP 	window1: mouseVisible = True
52.0809 	EXP 	Created unnamed ShapeStim = ShapeStim(__class__=<class 'psychopy.visual.shape.ShapeStim'>, anchor=('center', 'center'), autoDraw=False, autoLog=True, closeShape=True, color=method-wrapper(...), colorSpace='rgb', contrast=None, depth=0, draggable=False, fillColor=array([-1, -1, -1]), fillColorSpace='rgb', fillRGB=array([-1, -1, -1]), interpolate=True, lineColor=array([-1, -1, -1]), lineColorSpace='rgb', lineRGB=array([-1, -1, -1]), lineWidth=1.5, name='unnamed ShapeStim', opacity=1.0, ori=40.909090909090914, pos=array([0.15648125, 0.25665126]), size=array([1., 1.]), units='height', vertices=ndarray(...), win=Window(...), windingRule=None)
52.0809 	EXP 	window1: mouseVisible = True
52.0813 	EXP 	Created unnamed Line = Line(__class__=<class 'psychopy.visual.line.Line'>, anchor=('center', 'center'), autoDraw=False, autoLog=True, closeShape=False, color=array([-1, -1, -1]), colorSpace='rgb', contrast=None, depth=2, draggable=False, fillColor=array([0, 0, 0]), fillColorSpace='rgb', fillRGB=array([0, 0, 0]), interpolate=True, lineColor=array([-1, -1, -1]), lineColorSpace='rgb', lineRGB=array([-1, -1, -1]), lineWidth=4, name='unnamed Line', opacity=0.5, ori=0.0, pos=array([0., 0.]), size=array([1., 1.]), units='height', vertices=ndarray(...), win=Window(...), windingRule=None)
52.0813 	EXP 	window1: mouseVisible = True
52.0817 	EXP 	Created unnamed ShapeStim = ShapeStim(__class__=<class 'psychopy.visual.shape.ShapeStim'>, anchor=('center', 'center'), autoDraw=False, autoLog=True, closeShape=True, color=method-wrapper(...), colorSpace='rgb', contrast=None, depth=0, draggable=False, fillColor=array([-1, -1, -1]), fillColorSpace='rgb', fillRGB=array([-1, -1, -1]), interpolate=True, lineColor=array([-1, -1, -1]), lineColorSpace='rgb', lineRGB=array([-1, -1, -1]), lineWidth=1.5, name='unnamed ShapeStim', opacity=1.0, ori=-8.181818181818201, pos=array([-0.31125546,  0.09590418]), size=array([1., 1.]), units='height', vertices=ndarray(...), win=Window(...), windingRule=None)
52.0817 	EXP 	window1: mouseVisible = True
52.0821 	EXP 	Created unnamed Rect = Rect(__class__=<class 'psychopy.visual.rect.Rect'>, anchor=('center', 'center'), autoDraw=False, autoLog=True, closeShape=True, color=method-wrapper(...), colorSpace='rgb', contrast=None, depth=0, draggable=False, fillColor=array([0.00392157, 0.00392157, 0.00392157]), fillColorSpace='rgb', fillRGB=array([0.00392157, 0.00392157, 0.00392157]), interpolate=True, lineColor=array([0, 0, 0]), lineColorSpace='rgb', lineRGB=array([0, 0, 0]), lineWidth=0, name='unnamed Rect', opacity=0.0, ori=0.0, pos=array([0.1, 0. ]), size=array([1.1, 1. ]), units='height', vertices=ndarray(...), win=Window(...))
52.0862 	EXP 	unnamed Rect: autoDraw = True
52.0862 	EXP 	node0: autoDraw = True
52.0862 	EXP 	node1: autoDraw = True
52.0862 	EXP 	node2: autoDraw = True
52.0862 	EXP 	unnamed ImageStim: autoDraw = True
52.0862 	EXP 	node3: autoDraw = True
52.0862 	EXP 	node4: autoDraw = True
52.0862 	EXP 	node5: autoDraw = True
52.0862 	EXP 	node6: autoDraw = True
52.0862 	EXP 	node7: autoDraw = True
52.0862 	EXP 	node8: autoDraw = True
52.0862 	EXP 	node9: autoDraw = True
52.0862 	EXP 	node10: autoDraw = True
52.0862 	EXP 	unnamed ImageStim: autoDraw = True
52.0862 	EXP 	unnamed Line: autoDraw = True
52.0862 	EXP 	unnamed Line: autoDraw = True
52.0862 	EXP 	unnamed ShapeStim: autoDraw = True
52.0862 	EXP 	unnamed Line: autoDraw = True
52.0862 	EXP 	unnamed Line: autoDraw = True
52.0862 	EXP 	unnamed ShapeStim: autoDraw = True
52.0862 	EXP 	unnamed Rect: autoDraw = True
52.0862 	EXP 	node4: fillColor = '#126DEF'
52.0900 	EXP 	node4: fillColor = '#126DEF'
52.0900 	EXP 	unnamed Line: autoDraw = False
52.0900 	EXP 	unnamed ShapeStim: autoDraw = False
52.0900 	EXP 	unnamed Line: autoDraw = True
52.0900 	EXP 	unnamed ShapeStim: autoDraw = True
52.0900 	EXP 	unnamed Line: autoDraw = False
52.0900 	EXP 	unnamed ShapeStim: autoDraw = False
52.0900 	EXP 	unnamed Line: autoDraw = True
52.0900 	EXP 	unnamed ShapeStim: autoDraw = True
52.0900 	EXP 	unnamed Line: foreColor = <psychopy.colors.Color: (1.0, 0.58, -0.87, 1.0)>
52.0900 	EXP 	unnamed Line: borderColor = <psychopy.colors.Color: (1.0, 0.58, -0.87, 1.0)>
52.0900 	EXP 	unnamed Line: fillColor = <psychopy.colors.Color: (1.0, 0.58, -0.87, 1.0)>
52.0900 	EXP 	unnamed ShapeStim: foreColor = <psychopy.colors.Color: (1.0, 0.58, -0.87, 1.0)>
52.0900 	EXP 	unnamed ShapeStim: borderColor = <psychopy.colors.Color: (1.0, 0.58, -0.87, 1.0)>
52.0900 	EXP 	unnamed ShapeStim: fillColor = <psychopy.colors.Color: (1.0, 0.58, -0.87, 1.0)>
53.4613 	DATA 	Keypress: j
53.4664 	EXP 	node2: fillColor = '#126DEF'
53.4664 	EXP 	node4: fillColor = 'white'
54.1666 	EXP 	window1: mouseVisible = True
54.1682 	EXP 	Created unnamed TextStim = TextStim(__class__=<class 'psychopy.visual.text.TextStim'>, alignHoriz=method-wrapper(...), alignText='center', alignVert=method-wrapper(...), anchorHoriz='center', anchorVert='center', antialias=True, autoDraw=False, autoLog=True, bold=True, color=array([-0.88235294, -0.12156863, -0.97647059]), colorSpace='rgb', contrast=1.0, depth=0, draggable=False, flipHoriz=False, flipVert=False, font='', fontFiles=[], height=0.04, italic=False, languageStyle='LTR', name='unnamed TextStim', opacity=1.0, ori=0.0, pos=array([-0.2583712 ,  0.20539525]), rgb=UNKNOWN, text='+2', units='height', win=Window(...), wrapWidth=1)
54.1724 	EXP 	node2: fillColor = 'white'
54.1724 	EXP 	unnamed ImageStim: autoDraw = True
55.1803 	EXP 	unnamed ImageStim: autoDraw = False
55.1803 	EXP 	unnamed Rect: autoDraw = False
55.1803 	EXP 	unnamed Rect: autoDraw = True
55.3189 	EXP 	unnamed Rect: autoDraw = False
55.3189 	EXP 	node0: autoDraw = False
55.3189 	EXP 	node1: autoDraw = False
55.3189 	EXP 	node2: autoDraw = False
55.3189 	EXP 	unnamed ImageStim: autoDraw = False
55.3189 	EXP 	node3: autoDraw = False
55.3189 	EXP 	node4: autoDraw = False
55.3189 	EXP 	node5: autoDraw = False
55.3189 	EXP 	node6: autoDraw = False
55.3189 	EXP 	node7: autoDraw = False
55.3189 	EXP 	node8: autoDraw = False
55.3189 	EXP 	node9: autoDraw = False
55.3189 	EXP 	node10: autoDraw = False
55.3189 	EXP 	unnamed ImageStim: autoDraw = False
55.3189 	EXP 	unnamed Line: autoDraw = False
55.3189 	EXP 	unnamed ShapeStim: autoDraw = False
55.3189 	EXP 	unnamed Line: autoDraw = False
55.3189 	EXP 	unnamed ShapeStim: autoDraw = False
55.3189 	EXP 	unnamed Rect: autoDraw = False
55.3278 	INFO 	Mouse: using default window
55.3279 	EXP 	window1: mouseVisible = True
55.3280 	EXP 	window1: mouseVisible = True
55.3321 	EXP 	Created unnamed TextStim = TextStim(__class__=<class 'psychopy.visual.text.TextStim'>, alignHoriz=method-wrapper(...), alignText='center', alignVert=method-wrapper(...), anchorHoriz='center', anchorVert='center', antialias=True, autoDraw=False, autoLog=True, bold=False, color=array([1, 1, 1]), colorSpace='rgb', contrast=1.0, depth=0, draggable=False, flipHoriz=False, flipVert=False, font='', fontFiles=[], height=0.035, italic=False, languageStyle='LTR', name='unnamed TextStim', opacity=1.0, ori=0.0, pos=array([0., 0.]), rgb=UNKNOWN, text='press Space to start', units='height', win=Window(...), wrapWidth=1)
55.8694 	DATA 	Keypress: space
55.8699 	EXP 	window1: mouseVisible = True
55.8704 	EXP 	Created unnamed Rect = Rect(__class__=<class 'psychopy.visual.rect.Rect'>, anchor=('center', 'center'), autoDraw=False, autoLog=True, closeShape=True, color=method-wrapper(...), colorSpace='rgb', contrast=None, depth=0, draggable=False, fillColor=array([0.00392157, 0.00392157, 0.00392157]), fillColorSpace='rgb', fillRGB=array([0.00392157, 0.00392157, 0.00392157]), interpolate=True, lineColor=array([0, 0, 0]), lineColorSpace='rgb', lineRGB=array([0, 0, 0]), lineWidth=0, name='unnamed Rect', opacity=0.5, ori=0.0, pos=array([-0.65,  0.45]), size=array([0.1, 0.1]), units='height', vertices=ndarray(...), win=Window(...))
55.8714 	EXP 	window1: mouseVisible = True
55.8733 	EXP 	Created node0 = Circle(__class__=<class 'psychopy.visual.circle.Circle'>, anchor=('center', 'center'), autoDraw=False, autoLog=True, closeShape=True, color=method-wrapper(...), colorSpace='rgb', contrast=None, depth=0, draggable=False, fillColor=array([1, 1, 1]), fillColorSpace='rgb', fillRGB=array([1, 1, 1]), interpolate=True, lineColor=array([-1, -1, -1]), lineColorSpace='rgb', lineRGB=array([-1, -1, -1]), lineWidth=2, name='node0', opacity=1.0, ori=0.0, pos=array([0.  , 0.35]), size=array([1., 1.]), units='height', vertices=ndarray(...), win=Window(...))
55.8744 	EXP 	window1: mouseVisible = True
55.8762 	EXP 	Created node1 = Circle(__class__=<class 'psychopy.visual.circle.Circle'>, anchor=('center', 'center'), autoDraw=False, autoLog=True, closeShape=True, color=method-wrapper(...), colorSpace='rgb', contrast=None, depth=0, draggable=False, fillColor=array([1, 1, 1]), fillColorSpace='rgb', fillRGB=array([1, 1, 1]), interpolate=True, lineColor=array([-1, -1, -1]), lineColorSpace='rgb', lineRGB=array([-1, -1, -1]), lineWidth=2, name='node1', opacity=1.0, ori=0.0, pos=array([-0.18922429,  0.29443874]), size=array([1., 1.]), units='height', vertices=ndarray(...), win=Window(...))
55.8772 	EXP 	window1: mouseVisible = True
55.8792 	EXP 	Created node2 = Circle(__class__=<class 'psychopy.visual.circle.Circle'>, anchor=('center', 'center'), autoDraw=False, autoLog=True, closeShape=True, color=method-wrapper(...), colorSpace='rgb', contrast=None, depth=0, draggable=False, fillColor=array([1, 1, 1]), fillColorSpace='rgb', fillRGB=array([1, 1, 1]), interpolate=True, lineColor=array([-1, -1, -1]), lineColorSpace='rgb', lineRGB=array([-1, -1, -1]), lineWidth=2, name='node2', opacity=1.0, ori=0.0, pos=array([-0.3183712 ,  0.14539525]), size=array([1., 1.]), units='height', vertices=ndarray(...), win=Window(...))
55.8802 	EXP 	window1: mouseVisible = True
55.8821 	EXP 	Created node3 = Circle(__class__=<class 'psychopy.visual.circle.Circle'>, anchor=('center', 'center'), autoDraw=False, autoLog=True, closeShape=True, color=method-wrapper(...), colorSpace='rgb', contrast=None, depth=0, draggable=False, fillColor=array([1, 1, 1]), fillColorSpace='rgb', fillRGB=array([1, 1, 1]), interpolate=True, lineColor=array([-1, -1, -1]), lineColorSpace='rgb', lineRGB=array([-1, -1, -1]), lineWidth=2, name='node3', opacity=1.0, ori=0.0, pos=array([-0.3464375 , -0.04981019]), size=array([1., 1.]), units='height', vertices=ndarray(...), win=Window(...))
55.8831 	EXP 	window1: mouseVisible = True
55.8849 	EXP 	Created node4 = Circle(__class__=<class 'psychopy.visual.circle.Circle'>, anchor=('center', 'center'), autoDraw=False, autoLog=True, closeShape=True, color=method-wrapper(...), colorSpace='rgb', contrast=None, depth=0, draggable=False, fillColor=array([1, 1, 1]), fillColorSpace='rgb', fillRGB=array([1, 1, 1]), interpolate=True, lineColor=array([-1, -1, -1]), lineColorSpace='rgb', lineRGB=array([-1, -1, -1]), lineWidth=2, name='node4', opacity=1.0, ori=0.0, pos=array([-0.26451235, -0.22920126]), size=array([1., 1.]), units='height', vertices=ndarray(...), win=Window(...))
55.8850 	EXP 	window1: mouseVisible = True
55.9028 	EXP 	Created unnamed ImageStim = ImageStim(__class__=<class 'psychopy.visual.image.ImageStim'>, anchor=('center', 'center'), autoLog=True, color=array([1., 1., 1.]), colorSpace='rgb', contrast=1.0, depth=0, draggable=False, flipHoriz=False, flipVert=False, image='images/pattern_7.png', interpolate=False, mask=None, maskParams=None, name='unnamed ImageStim', opacity=1.0, ori=0.0, pos=array([-0.26451235, -0.22920126]), size=array([0.12, 0.12]), texRes=128, units='height', win=Window(...))
55.9038 	EXP 	window1: mouseVisible = True
55.9057 	EXP 	Created node5 = Circle(__class__=<class 'psychopy.visual.circle.Circle'>, anchor=('center', 'center'), autoDraw=False, autoLog=True, closeShape=True, color=method-wrapper(...), colorSpace='rgb', contrast=None, depth=0, draggable=False, fillColor=array([1, 1, 1]), fillColorSpace='rgb', fillRGB=array([1, 1, 1]), interpolate=True, lineColor=array([-1, -1, -1]), lineColorSpace='rgb', lineRGB=array([-1, -1, -1]), lineWidth=2, name='node5', opacity=1.0, ori=0.0, pos=array([-0.09860639, -0.33582254]), size=array([1., 1.]), units='height', vertices=ndarray(...), win=Window(...))
55.9067 	EXP 	window1: mouseVisible = True
55.9086 	EXP 	Created node6 = Circle(__class__=<class 'psychopy.visual.circle.Circle'>, anchor=('center', 'center'), autoDraw=False, autoLog=True, closeShape=True, color=method-wrapper(...), colorSpace='rgb', contrast=None, depth=0, draggable=False, fillColor=array([1, 1, 1]), fillColorSpace='rgb', fillRGB=array([1, 1, 1]), interpolate=True, lineColor=array([-1, -1, -1]), lineColorSpace='rgb', lineRGB=array([-1, -1, -1]), lineWidth=2, name='node6', opacity=1.0, ori=0.0, pos=array([ 0.09860639, -0.33582254]), size=array([1., 1.]), units='height', vertices=ndarray(...), win=Window(...))
55.9096 	EXP 	window1: mouseVisible = True
55.9115 	EXP 	Created node7 = Circle(__class__=<class 'psychopy.visual.circle.Circle'>, anchor=('center', 'center'), autoDraw=False, autoLog=True, closeShape=True, color=method-wrapper(...), colorSpace='rgb', contrast=None, depth=0, draggable=False, fillColor=array([1, 1, 1]), fillColorSpace='rgb', fillRGB=array([1, 1, 1]), interpolate=True, lineColor=array([-1, -1, -1]), lineColorSpace='rgb', lineRGB=array([-1, -1, -1]), lineWidth=2, name='node7', opacity=1.0, ori=0.0, pos=array([ 0.26451235, -0.22920126]), size=array([1., 1.]), units='height', vertices=ndarray(...), win=Window(...))
55.9125 	EXP 	window1: mouseVisible = True
55.9143 	EXP 	Created node8 = Circle(__class__=<class 'psychopy.visual.circle.Circle'>, anchor=('center', 'center'), autoDraw=False, autoLog=True, closeShape=True, color=method-wrapper(...), colorSpace='rgb', contrast=None, depth=0, draggable=False, fillColor=array([1, 1, 1]), fillColorSpace='rgb', fillRGB=array([1, 1, 1]), interpolate=True, lineColor=array([-1, -1, -1]), lineColorSpace='rgb', lineRGB=array([-1, -1, -1]), lineWidth=2, name='node8', opacity=1.0, ori=0.0, pos=array([ 0.3464375 , -0.04981019]), size=array([1., 1.]), units='height', vertices=ndarray(...), win=Window(...))
55.9153 	EXP 	window1: mouseVisible = True
55.9172 	EXP 	Created node9 = Circle(__class__=<class 'psychopy.visual.circle.Circle'>, anchor=('center', 'center'), autoDraw=False, autoLog=True, closeShape=True, color=method-wrapper(...), colorSpace='rgb', contrast=None, depth=0, draggable=False, fillColor=array([1, 1, 1]), fillColorSpace='rgb', fillRGB=array([1, 1, 1]), interpolate=True, lineColor=array([-1, -1, -1]), lineColorSpace='rgb', lineRGB=array([-1, -1, -1]), lineWidth=2, name='node9', opacity=1.0, ori=0.0, pos=array([0.3183712 , 0.14539525]), size=array([1., 1.]), units='height', vertices=ndarray(...), win=Window(...))
55.9172 	EXP 	window1: mouseVisible = True
55.9342 	EXP 	Created unnamed ImageStim = ImageStim(__class__=<class 'psychopy.visual.image.ImageStim'>, anchor=('center', 'center'), autoLog=True, color=array([1., 1., 1.]), colorSpace='rgb', contrast=1.0, depth=0, draggable=False, flipHoriz=False, flipVert=False, image='images/pattern_5.png', interpolate=False, mask=None, maskParams=None, name='unnamed ImageStim', opacity=1.0, ori=0.0, pos=array([0.3183712 , 0.14539525]), size=array([0.12, 0.12]), texRes=128, units='height', win=Window(...))
55.9352 	EXP 	window1: mouseVisible = True
55.9371 	EXP 	Created node10 = Circle(__class__=<class 'psychopy.visual.circle.Circle'>, anchor=('center', 'center'), autoDraw=False, autoLog=True, closeShape=True, color=method-wrapper(...), colorSpace='rgb', contrast=None, depth=0, draggable=False, fillColor=array([1, 1, 1]), fillColorSpace='rgb', fillRGB=array([1, 1, 1]), interpolate=True, lineColor=array([-1, -1, -1]), lineColorSpace='rgb', lineRGB=array([-1, -1, -1]), lineWidth=2, name='node10', opacity=1.0, ori=0.0, pos=array([0.18922429, 0.29443874]), size=array([1., 1.]), units='height', vertices=ndarray(...), win=Window(...))
55.9371 	EXP 	window1: mouseVisible = True
55.9375 	EXP 	Created unnamed Line = Line(__class__=<class 'psychopy.visual.line.Line'>, anchor=('center', 'center'), autoDraw=False, autoLog=True, closeShape=False, color=array([-1, -1, -1]), colorSpace='rgb', contrast=None, depth=2, draggable=False, fillColor=array([0, 0, 0]), fillColorSpace='rgb', fillRGB=array([0, 0, 0]), interpolate=True, lineColor=array([-1, -1, -1]), lineColorSpace='rgb', lineRGB=array([-1, -1, -1]), lineWidth=4, name='unnamed Line', opacity=0.5, ori=0.0, pos=array([0., 0.]), size=array([1., 1.]), units='height', vertices=ndarray(...), win=Window(...), windingRule=None)
55.9376 	EXP 	window1: mouseVisible = True
55.9380 	EXP 	Created unnamed ShapeStim = ShapeStim(__class__=<class 'psychopy.visual.shape.ShapeStim'>, anchor=('center', 'center'), autoDraw=False, autoLog=True, closeShape=True, color=method-wrapper(...), colorSpace='rgb', contrast=None, depth=0, draggable=False, fillColor=array([-1, -1, -1]), fillColorSpace='rgb', fillRGB=array([-1, -1, -1]), interpolate=True, lineColor=array([-1, -1, -1]), lineColorSpace='rgb', lineRGB=array([-1, -1, -1]), lineWidth=1.5, name='unnamed ShapeStim', opacity=1.0, ori=122.72727272727275, pos=array([0.27630852, 0.1724273 ]), size=array([1., 1.]), units='height', vertices=ndarray(...), win=Window(...), windingRule=None)
55.9380 	EXP 	window1: mouseVisible = True
55.9384 	EXP 	Created unnamed Line = Line(__class__=<class 'psychopy.visual.line.Line'>, anchor=('center', 'center'), autoDraw=False, autoLog=True, closeShape=False, color=array([-1, -1, -1]), colorSpace='rgb', contrast=None, depth=2, draggable=False, fillColor=array([0, 0, 0]), fillColorSpace='rgb', fillRGB=array([0, 0, 0]), interpolate=True, lineColor=array([-1, -1, -1]), lineColorSpace='rgb', lineRGB=array([-1, -1, -1]), lineWidth=4, name='unnamed Line', opacity=0.5, ori=0.0, pos=array([0., 0.]), size=array([1., 1.]), units='height', vertices=ndarray(...), win=Window(...), windingRule=None)
55.9384 	EXP 	window1: mouseVisible = True
55.9388 	EXP 	Created unnamed ShapeStim = ShapeStim(__class__=<class 'psychopy.visual.shape.ShapeStim'>, anchor=('center', 'center'), autoDraw=False, autoLog=True, closeShape=True, color=method-wrapper(...), colorSpace='rgb', contrast=None, depth=0, draggable=False, fillColor=array([-1, -1, -1]), fillColorSpace='rgb', fillRGB=array([-1, -1, -1]), interpolate=True, lineColor=array([-1, -1, -1]), lineColorSpace='rgb', lineRGB=array([-1, -1, -1]), lineWidth=1.5, name='unnamed ShapeStim', opacity=1.0, ori=204.54545454545456, pos=array([-0.2437416 , -0.18371966]), size=array([1., 1.]), units='height', vertices=ndarray(...), win=Window(...), windingRule=None)
55.9389 	EXP 	window1: mouseVisible = True
55.9392 	EXP 	Created unnamed Rect = Rect(__class__=<class 'psychopy.visual.rect.Rect'>, anchor=('center', 'center'), autoDraw=False, autoLog=True, closeShape=True, color=method-wrapper(...), colorSpace='rgb', contrast=None, depth=0, draggable=False, fillColor=array([0.00392157, 0.00392157, 0.00392157]), fillColorSpace='rgb', fillRGB=array([0.00392157, 0.00392157, 0.00392157]), interpolate=True, lineColor=array([0, 0, 0]), lineColorSpace='rgb', lineRGB=array([0, 0, 0]), lineWidth=0, name='unnamed Rect', opacity=0.0, ori=0.0, pos=array([0.1, 0. ]), size=array([1.1, 1. ]), units='height', vertices=ndarray(...), win=Window(...))
55.9434 	EXP 	unnamed Rect: autoDraw = True
55.9434 	EXP 	node0: autoDraw = True
55.9434 	EXP 	node1: autoDraw = True
55.9434 	EXP 	node2: autoDraw = True
55.9434 	EXP 	node3: autoDraw = True
55.9434 	EXP 	node4: autoDraw = True
55.9434 	EXP 	unnamed ImageStim: autoDraw = True
55.9434 	EXP 	node5: autoDraw = True
55.9434 	EXP 	node6: autoDraw = True
55.9434 	EXP 	node7: autoDraw = True
55.9434 	EXP 	node8: autoDraw = True
55.9434 	EXP 	node9: autoDraw = True
55.9434 	EXP 	unnamed ImageStim: autoDraw = True
55.9434 	EXP 	node10: autoDraw = True
55.9434 	EXP 	unnamed Line: autoDraw = True
55.9434 	EXP 	unnamed Line: autoDraw = True
55.9434 	EXP 	unnamed ShapeStim: autoDraw = True
55.9434 	EXP 	unnamed Line: autoDraw = True
55.9434 	EXP 	unnamed Line: autoDraw = True
55.9434 	EXP 	unnamed ShapeStim: autoDraw = True
55.9434 	EXP 	unnamed Rect: autoDraw = True
55.9434 	EXP 	node0: fillColor = '#126DEF'
55.9522 	EXP 	node0: fillColor = '#126DEF'
55.9522 	EXP 	unnamed Line: autoDraw = False
55.9522 	EXP 	unnamed ShapeStim: autoDraw = False
55.9522 	EXP 	unnamed Line: autoDraw = True
55.9522 	EXP 	unnamed ShapeStim: autoDraw = True
55.9522 	EXP 	unnamed Line: autoDraw = False
55.9522 	EXP 	unnamed ShapeStim: autoDraw = False
55.9522 	EXP 	unnamed Line: autoDraw = True
55.9522 	EXP 	unnamed ShapeStim: autoDraw = True
55.9522 	EXP 	unnamed Line: foreColor = <psychopy.colors.Color: (1.0, 0.58, -0.87, 1.0)>
55.9522 	EXP 	unnamed Line: borderColor = <psychopy.colors.Color: (1.0, 0.58, -0.87, 1.0)>
55.9522 	EXP 	unnamed Line: fillColor = <psychopy.colors.Color: (1.0, 0.58, -0.87, 1.0)>
55.9522 	EXP 	unnamed ShapeStim: foreColor = <psychopy.colors.Color: (1.0, 0.58, -0.87, 1.0)>
55.9522 	EXP 	unnamed ShapeStim: borderColor = <psychopy.colors.Color: (1.0, 0.58, -0.87, 1.0)>
55.9522 	EXP 	unnamed ShapeStim: fillColor = <psychopy.colors.Color: (1.0, 0.58, -0.87, 1.0)>
56.6692 	DATA 	Keypress: f
56.6734 	EXP 	unnamed Line: foreColor = <psychopy.colors.Color: black, alpha=1.0>
56.6734 	EXP 	unnamed Line: borderColor = <psychopy.colors.Color: black, alpha=1.0>
56.6734 	EXP 	unnamed Line: fillColor = <psychopy.colors.Color: black, alpha=1.0>
56.6734 	EXP 	unnamed ShapeStim: foreColor = <psychopy.colors.Color: black, alpha=1.0>
56.6734 	EXP 	unnamed ShapeStim: borderColor = <psychopy.colors.Color: black, alpha=1.0>
56.6734 	EXP 	unnamed ShapeStim: fillColor = <psychopy.colors.Color: black, alpha=1.0>
56.6734 	EXP 	unnamed Line: foreColor = <psychopy.colors.Color: (1.0, 0.58, -0.87, 1.0)>
56.6734 	EXP 	unnamed Line: borderColor = <psychopy.colors.Color: (1.0, 0.58, -0.87, 1.0)>
56.6734 	EXP 	unnamed Line: fillColor = <psychopy.colors.Color: (1.0, 0.58, -0.87, 1.0)>
56.6734 	EXP 	unnamed ShapeStim: foreColor = <psychopy.colors.Color: (1.0, 0.58, -0.87, 1.0)>
56.6734 	EXP 	unnamed ShapeStim: borderColor = <psychopy.colors.Color: (1.0, 0.58, -0.87, 1.0)>
56.6734 	EXP 	unnamed ShapeStim: fillColor = <psychopy.colors.Color: (1.0, 0.58, -0.87, 1.0)>
57.0370 	DATA 	Keypress: j
57.0413 	EXP 	node4: fillColor = '#126DEF'
57.0413 	EXP 	node0: fillColor = 'white'
57.7414 	EXP 	window1: mouseVisible = True
57.7429 	EXP 	Created unnamed TextStim = TextStim(__class__=<class 'psychopy.visual.text.TextStim'>, alignHoriz=method-wrapper(...), alignText='center', alignVert=method-wrapper(...), anchorHoriz='center', anchorVert='center', antialias=True, autoDraw=False, autoLog=True, bold=True, color=array([-0.88235294, -0.12156863, -0.97647059]), colorSpace='rgb', contrast=1.0, depth=0, draggable=False, flipHoriz=False, flipVert=False, font='', fontFiles=[], height=0.04, italic=False, languageStyle='LTR', name='unnamed TextStim', opacity=1.0, ori=0.0, pos=array([-0.20451235, -0.16920126]), rgb=UNKNOWN, text='+2', units='height', win=Window(...), wrapWidth=1)
57.7471 	EXP 	node4: fillColor = 'white'
57.7471 	EXP 	unnamed ImageStim: autoDraw = True
58.7562 	EXP 	unnamed ImageStim: autoDraw = False
58.7562 	EXP 	unnamed Rect: autoDraw = False
58.7562 	EXP 	unnamed Rect: autoDraw = True
58.9197 	EXP 	unnamed Rect: autoDraw = False
58.9197 	EXP 	node0: autoDraw = False
58.9197 	EXP 	node1: autoDraw = False
58.9197 	EXP 	node2: autoDraw = False
58.9197 	EXP 	node3: autoDraw = False
58.9197 	EXP 	node4: autoDraw = False
58.9197 	EXP 	unnamed ImageStim: autoDraw = False
58.9197 	EXP 	node5: autoDraw = False
58.9197 	EXP 	node6: autoDraw = False
58.9197 	EXP 	node7: autoDraw = False
58.9197 	EXP 	node8: autoDraw = False
58.9197 	EXP 	node9: autoDraw = False
58.9197 	EXP 	unnamed ImageStim: autoDraw = False
58.9197 	EXP 	node10: autoDraw = False
58.9197 	EXP 	unnamed Line: autoDraw = False
58.9197 	EXP 	unnamed ShapeStim: autoDraw = False
58.9197 	EXP 	unnamed Line: autoDraw = False
58.9197 	EXP 	unnamed ShapeStim: autoDraw = False
58.9197 	EXP 	unnamed Rect: autoDraw = False
58.9297 	INFO 	Mouse: using default window
58.9298 	EXP 	window1: mouseVisible = True
58.9299 	EXP 	window1: mouseVisible = True
58.9346 	EXP 	Created unnamed TextStim = TextStim(__class__=<class 'psychopy.visual.text.TextStim'>, alignHoriz=method-wrapper(...), alignText='center', alignVert=method-wrapper(...), anchorHoriz='center', anchorVert='center', antialias=True, autoDraw=False, autoLog=True, bold=False, color=array([1, 1, 1]), colorSpace='rgb', contrast=1.0, depth=0, draggable=False, flipHoriz=False, flipVert=False, font='', fontFiles=[], height=0.035, italic=False, languageStyle='LTR', name='unnamed TextStim', opacity=1.0, ori=0.0, pos=array([0., 0.]), rgb=UNKNOWN, text='press Space to start', units='height', win=Window(...), wrapWidth=1)
59.0773 	DATA 	Keypress: space
59.0778 	EXP 	window1: mouseVisible = True
59.0783 	EXP 	Created unnamed Rect = Rect(__class__=<class 'psychopy.visual.rect.Rect'>, anchor=('center', 'center'), autoDraw=False, autoLog=True, closeShape=True, color=method-wrapper(...), colorSpace='rgb', contrast=None, depth=0, draggable=False, fillColor=array([0.00392157, 0.00392157, 0.00392157]), fillColorSpace='rgb', fillRGB=array([0.00392157, 0.00392157, 0.00392157]), interpolate=True, lineColor=array([0, 0, 0]), lineColorSpace='rgb', lineRGB=array([0, 0, 0]), lineWidth=0, name='unnamed Rect', opacity=0.5, ori=0.0, pos=array([-0.65,  0.45]), size=array([0.1, 0.1]), units='height', vertices=ndarray(...), win=Window(...))
59.0793 	EXP 	window1: mouseVisible = True
59.0813 	EXP 	Created node0 = Circle(__class__=<class 'psychopy.visual.circle.Circle'>, anchor=('center', 'center'), autoDraw=False, autoLog=True, closeShape=True, color=method-wrapper(...), colorSpace='rgb', contrast=None, depth=0, draggable=False, fillColor=array([1, 1, 1]), fillColorSpace='rgb', fillRGB=array([1, 1, 1]), interpolate=True, lineColor=array([-1, -1, -1]), lineColorSpace='rgb', lineRGB=array([-1, -1, -1]), lineWidth=2, name='node0', opacity=1.0, ori=0.0, pos=array([0.  , 0.35]), size=array([1., 1.]), units='height', vertices=ndarray(...), win=Window(...))
59.0823 	EXP 	window1: mouseVisible = True
59.0843 	EXP 	Created node1 = Circle(__class__=<class 'psychopy.visual.circle.Circle'>, anchor=('center', 'center'), autoDraw=False, autoLog=True, closeShape=True, color=method-wrapper(...), colorSpace='rgb', contrast=None, depth=0, draggable=False, fillColor=array([1, 1, 1]), fillColorSpace='rgb', fillRGB=array([1, 1, 1]), interpolate=True, lineColor=array([-1, -1, -1]), lineColorSpace='rgb', lineRGB=array([-1, -1, -1]), lineWidth=2, name='node1', opacity=1.0, ori=0.0, pos=array([-0.18922429,  0.29443874]), size=array([1., 1.]), units='height', vertices=ndarray(...), win=Window(...))
59.0853 	EXP 	window1: mouseVisible = True
59.0871 	EXP 	Created node2 = Circle(__class__=<class 'psychopy.visual.circle.Circle'>, anchor=('center', 'center'), autoDraw=False, autoLog=True, closeShape=True, color=method-wrapper(...), colorSpace='rgb', contrast=None, depth=0, draggable=False, fillColor=array([1, 1, 1]), fillColorSpace='rgb', fillRGB=array([1, 1, 1]), interpolate=True, lineColor=array([-1, -1, -1]), lineColorSpace='rgb', lineRGB=array([-1, -1, -1]), lineWidth=2, name='node2', opacity=1.0, ori=0.0, pos=array([-0.3183712 ,  0.14539525]), size=array([1., 1.]), units='height', vertices=ndarray(...), win=Window(...))
59.0881 	EXP 	window1: mouseVisible = True
59.0900 	EXP 	Created node3 = Circle(__class__=<class 'psychopy.visual.circle.Circle'>, anchor=('center', 'center'), autoDraw=False, autoLog=True, closeShape=True, color=method-wrapper(...), colorSpace='rgb', contrast=None, depth=0, draggable=False, fillColor=array([1, 1, 1]), fillColorSpace='rgb', fillRGB=array([1, 1, 1]), interpolate=True, lineColor=array([-1, -1, -1]), lineColorSpace='rgb', lineRGB=array([-1, -1, -1]), lineWidth=2, name='node3', opacity=1.0, ori=0.0, pos=array([-0.3464375 , -0.04981019]), size=array([1., 1.]), units='height', vertices=ndarray(...), win=Window(...))
59.0900 	EXP 	window1: mouseVisible = True
59.1086 	EXP 	Created unnamed ImageStim = ImageStim(__class__=<class 'psychopy.visual.image.ImageStim'>, anchor=('center', 'center'), autoLog=True, color=array([1., 1., 1.]), colorSpace='rgb', contrast=1.0, depth=0, draggable=False, flipHoriz=False, flipVert=False, image='images/pattern_8.png', interpolate=False, mask=None, maskParams=None, name='unnamed ImageStim', opacity=1.0, ori=0.0, pos=array([-0.3464375 , -0.04981019]), size=array([0.12, 0.12]), texRes=128, units='height', win=Window(...))
59.1096 	EXP 	window1: mouseVisible = True
59.1115 	EXP 	Created node4 = Circle(__class__=<class 'psychopy.visual.circle.Circle'>, anchor=('center', 'center'), autoDraw=False, autoLog=True, closeShape=True, color=method-wrapper(...), colorSpace='rgb', contrast=None, depth=0, draggable=False, fillColor=array([1, 1, 1]), fillColorSpace='rgb', fillRGB=array([1, 1, 1]), interpolate=True, lineColor=array([-1, -1, -1]), lineColorSpace='rgb', lineRGB=array([-1, -1, -1]), lineWidth=2, name='node4', opacity=1.0, ori=0.0, pos=array([-0.26451235, -0.22920126]), size=array([1., 1.]), units='height', vertices=ndarray(...), win=Window(...))
59.1125 	EXP 	window1: mouseVisible = True
59.1143 	EXP 	Created node5 = Circle(__class__=<class 'psychopy.visual.circle.Circle'>, anchor=('center', 'center'), autoDraw=False, autoLog=True, closeShape=True, color=method-wrapper(...), colorSpace='rgb', contrast=None, depth=0, draggable=False, fillColor=array([1, 1, 1]), fillColorSpace='rgb', fillRGB=array([1, 1, 1]), interpolate=True, lineColor=array([-1, -1, -1]), lineColorSpace='rgb', lineRGB=array([-1, -1, -1]), lineWidth=2, name='node5', opacity=1.0, ori=0.0, pos=array([-0.09860639, -0.33582254]), size=array([1., 1.]), units='height', vertices=ndarray(...), win=Window(...))
59.1153 	EXP 	window1: mouseVisible = True
59.1172 	EXP 	Created node6 = Circle(__class__=<class 'psychopy.visual.circle.Circle'>, anchor=('center', 'center'), autoDraw=False, autoLog=True, closeShape=True, color=method-wrapper(...), colorSpace='rgb', contrast=None, depth=0, draggable=False, fillColor=array([1, 1, 1]), fillColorSpace='rgb', fillRGB=array([1, 1, 1]), interpolate=True, lineColor=array([-1, -1, -1]), lineColorSpace='rgb', lineRGB=array([-1, -1, -1]), lineWidth=2, name='node6', opacity=1.0, ori=0.0, pos=array([ 0.09860639, -0.33582254]), size=array([1., 1.]), units='height', vertices=ndarray(...), win=Window(...))
59.1182 	EXP 	window1: mouseVisible = True
59.1200 	EXP 	Created node7 = Circle(__class__=<class 'psychopy.visual.circle.Circle'>, anchor=('center', 'center'), autoDraw=False, autoLog=True, closeShape=True, color=method-wrapper(...), colorSpace='rgb', contrast=None, depth=0, draggable=False, fillColor=array([1, 1, 1]), fillColorSpace='rgb', fillRGB=array([1, 1, 1]), interpolate=True, lineColor=array([-1, -1, -1]), lineColorSpace='rgb', lineRGB=array([-1, -1, -1]), lineWidth=2, name='node7', opacity=1.0, ori=0.0, pos=array([ 0.26451235, -0.22920126]), size=array([1., 1.]), units='height', vertices=ndarray(...), win=Window(...))
59.1210 	EXP 	window1: mouseVisible = True
59.1229 	EXP 	Created node8 = Circle(__class__=<class 'psychopy.visual.circle.Circle'>, anchor=('center', 'center'), autoDraw=False, autoLog=True, closeShape=True, color=method-wrapper(...), colorSpace='rgb', contrast=None, depth=0, draggable=False, fillColor=array([1, 1, 1]), fillColorSpace='rgb', fillRGB=array([1, 1, 1]), interpolate=True, lineColor=array([-1, -1, -1]), lineColorSpace='rgb', lineRGB=array([-1, -1, -1]), lineWidth=2, name='node8', opacity=1.0, ori=0.0, pos=array([ 0.3464375 , -0.04981019]), size=array([1., 1.]), units='height', vertices=ndarray(...), win=Window(...))
59.1239 	EXP 	window1: mouseVisible = True
59.1257 	EXP 	Created node9 = Circle(__class__=<class 'psychopy.visual.circle.Circle'>, anchor=('center', 'center'), autoDraw=False, autoLog=True, closeShape=True, color=method-wrapper(...), colorSpace='rgb', contrast=None, depth=0, draggable=False, fillColor=array([1, 1, 1]), fillColorSpace='rgb', fillRGB=array([1, 1, 1]), interpolate=True, lineColor=array([-1, -1, -1]), lineColorSpace='rgb', lineRGB=array([-1, -1, -1]), lineWidth=2, name='node9', opacity=1.0, ori=0.0, pos=array([0.3183712 , 0.14539525]), size=array([1., 1.]), units='height', vertices=ndarray(...), win=Window(...))
59.1258 	EXP 	window1: mouseVisible = True
59.1427 	EXP 	Created unnamed ImageStim = ImageStim(__class__=<class 'psychopy.visual.image.ImageStim'>, anchor=('center', 'center'), autoLog=True, color=array([1., 1., 1.]), colorSpace='rgb', contrast=1.0, depth=0, draggable=False, flipHoriz=False, flipVert=False, image='images/pattern_5.png', interpolate=False, mask=None, maskParams=None, name='unnamed ImageStim', opacity=1.0, ori=0.0, pos=array([0.3183712 , 0.14539525]), size=array([0.12, 0.12]), texRes=128, units='height', win=Window(...))
59.1437 	EXP 	window1: mouseVisible = True
59.1456 	EXP 	Created node10 = Circle(__class__=<class 'psychopy.visual.circle.Circle'>, anchor=('center', 'center'), autoDraw=False, autoLog=True, closeShape=True, color=method-wrapper(...), colorSpace='rgb', contrast=None, depth=0, draggable=False, fillColor=array([1, 1, 1]), fillColorSpace='rgb', fillRGB=array([1, 1, 1]), interpolate=True, lineColor=array([-1, -1, -1]), lineColorSpace='rgb', lineRGB=array([-1, -1, -1]), lineWidth=2, name='node10', opacity=1.0, ori=0.0, pos=array([0.18922429, 0.29443874]), size=array([1., 1.]), units='height', vertices=ndarray(...), win=Window(...))
59.1456 	EXP 	window1: mouseVisible = True
59.1460 	EXP 	Created unnamed Line = Line(__class__=<class 'psychopy.visual.line.Line'>, anchor=('center', 'center'), autoDraw=False, autoLog=True, closeShape=False, color=array([-1, -1, -1]), colorSpace='rgb', contrast=None, depth=2, draggable=False, fillColor=array([0, 0, 0]), fillColorSpace='rgb', fillRGB=array([0, 0, 0]), interpolate=True, lineColor=array([-1, -1, -1]), lineColorSpace='rgb', lineRGB=array([-1, -1, -1]), lineWidth=4, name='unnamed Line', opacity=0.5, ori=0.0, pos=array([0., 0.]), size=array([1., 1.]), units='height', vertices=ndarray(...), win=Window(...), windingRule=None)
59.1461 	EXP 	window1: mouseVisible = True
59.1465 	EXP 	Created unnamed ShapeStim = ShapeStim(__class__=<class 'psychopy.visual.shape.ShapeStim'>, anchor=('center', 'center'), autoDraw=False, autoLog=True, closeShape=True, color=method-wrapper(...), colorSpace='rgb', contrast=None, depth=0, draggable=False, fillColor=array([-1, -1, -1]), fillColorSpace='rgb', fillRGB=array([-1, -1, -1]), interpolate=True, lineColor=array([-1, -1, -1]), lineColorSpace='rgb', lineRGB=array([-1, -1, -1]), lineWidth=1.5, name='unnamed ShapeStim', opacity=1.0, ori=139.09090909090912, pos=array([0.28562816, 0.18318273]), size=array([1., 1.]), units='height', vertices=ndarray(...), win=Window(...), windingRule=None)
59.1465 	EXP 	window1: mouseVisible = True
59.1469 	EXP 	Created unnamed Line = Line(__class__=<class 'psychopy.visual.line.Line'>, anchor=('center', 'center'), autoDraw=False, autoLog=True, closeShape=False, color=array([-1, -1, -1]), colorSpace='rgb', contrast=None, depth=2, draggable=False, fillColor=array([0, 0, 0]), fillColorSpace='rgb', fillRGB=array([0, 0, 0]), interpolate=True, lineColor=array([-1, -1, -1]), lineColorSpace='rgb', lineRGB=array([-1, -1, -1]), lineWidth=4, name='unnamed Line', opacity=0.5, ori=0.0, pos=array([0., 0.]), size=array([1., 1.]), units='height', vertices=ndarray(...), win=Window(...), windingRule=None)
59.1470 	EXP 	window1: mouseVisible = True
59.1473 	EXP 	Created unnamed ShapeStim = ShapeStim(__class__=<class 'psychopy.visual.shape.ShapeStim'>, anchor=('center', 'center'), autoDraw=False, autoLog=True, closeShape=True, color=method-wrapper(...), colorSpace='rgb', contrast=None, depth=0, draggable=False, fillColor=array([-1, -1, -1]), fillColorSpace='rgb', fillRGB=array([-1, -1, -1]), interpolate=True, lineColor=array([-1, -1, -1]), lineColorSpace='rgb', lineRGB=array([-1, -1, -1]), lineWidth=1.5, name='unnamed ShapeStim', opacity=1.0, ori=237.27272727272728, pos=array([-0.30437483, -0.02277815]), size=array([1., 1.]), units='height', vertices=ndarray(...), win=Window(...), windingRule=None)
59.1474 	EXP 	window1: mouseVisible = True
59.1477 	EXP 	Created unnamed Rect = Rect(__class__=<class 'psychopy.visual.rect.Rect'>, anchor=('center', 'center'), autoDraw=False, autoLog=True, closeShape=True, color=method-wrapper(...), colorSpace='rgb', contrast=None, depth=0, draggable=False, fillColor=array([0.00392157, 0.00392157, 0.00392157]), fillColorSpace='rgb', fillRGB=array([0.00392157, 0.00392157, 0.00392157]), interpolate=True, lineColor=array([0, 0, 0]), lineColorSpace='rgb', lineRGB=array([0, 0, 0]), lineWidth=0, name='unnamed Rect', opacity=0.0, ori=0.0, pos=array([0.1, 0. ]), size=array([1.1, 1. ]), units='height', vertices=ndarray(...), win=Window(...))
59.1517 	EXP 	unnamed Rect: autoDraw = True
59.1517 	EXP 	node0: autoDraw = True
59.1517 	EXP 	node1: autoDraw = True
59.1517 	EXP 	node2: autoDraw = True
59.1517 	EXP 	node3: autoDraw = True
59.1517 	EXP 	unnamed ImageStim: autoDraw = True
59.1517 	EXP 	node4: autoDraw = True
59.1517 	EXP 	node5: autoDraw = True
59.1517 	EXP 	node6: autoDraw = True
59.1517 	EXP 	node7: autoDraw = True
59.1517 	EXP 	node8: autoDraw = True
59.1517 	EXP 	node9: autoDraw = True
59.1517 	EXP 	unnamed ImageStim: autoDraw = True
59.1517 	EXP 	node10: autoDraw = True
59.1517 	EXP 	unnamed Line: autoDraw = True
59.1517 	EXP 	unnamed Line: autoDraw = True
59.1517 	EXP 	unnamed ShapeStim: autoDraw = True
59.1517 	EXP 	unnamed Line: autoDraw = True
59.1517 	EXP 	unnamed Line: autoDraw = True
59.1517 	EXP 	unnamed ShapeStim: autoDraw = True
59.1517 	EXP 	unnamed Rect: autoDraw = True
59.1517 	EXP 	node10: fillColor = '#126DEF'
59.1551 	EXP 	node10: fillColor = '#126DEF'
59.1551 	EXP 	unnamed Line: autoDraw = False
59.1551 	EXP 	unnamed ShapeStim: autoDraw = False
59.1551 	EXP 	unnamed Line: autoDraw = True
59.1551 	EXP 	unnamed ShapeStim: autoDraw = True
59.1551 	EXP 	unnamed Line: autoDraw = False
59.1551 	EXP 	unnamed ShapeStim: autoDraw = False
59.1551 	EXP 	unnamed Line: autoDraw = True
59.1551 	EXP 	unnamed ShapeStim: autoDraw = True
59.1551 	EXP 	unnamed Line: foreColor = <psychopy.colors.Color: (1.0, 0.58, -0.87, 1.0)>
59.1551 	EXP 	unnamed Line: borderColor = <psychopy.colors.Color: (1.0, 0.58, -0.87, 1.0)>
59.1551 	EXP 	unnamed Line: fillColor = <psychopy.colors.Color: (1.0, 0.58, -0.87, 1.0)>
59.1551 	EXP 	unnamed ShapeStim: foreColor = <psychopy.colors.Color: (1.0, 0.58, -0.87, 1.0)>
59.1551 	EXP 	unnamed ShapeStim: borderColor = <psychopy.colors.Color: (1.0, 0.58, -0.87, 1.0)>
59.1551 	EXP 	unnamed ShapeStim: fillColor = <psychopy.colors.Color: (1.0, 0.58, -0.87, 1.0)>
59.8453 	DATA 	Keypress: f
59.8492 	EXP 	unnamed Line: foreColor = <psychopy.colors.Color: black, alpha=1.0>
59.8492 	EXP 	unnamed Line: borderColor = <psychopy.colors.Color: black, alpha=1.0>
59.8492 	EXP 	unnamed Line: fillColor = <psychopy.colors.Color: black, alpha=1.0>
59.8492 	EXP 	unnamed ShapeStim: foreColor = <psychopy.colors.Color: black, alpha=1.0>
59.8492 	EXP 	unnamed ShapeStim: borderColor = <psychopy.colors.Color: black, alpha=1.0>
59.8492 	EXP 	unnamed ShapeStim: fillColor = <psychopy.colors.Color: black, alpha=1.0>
59.8492 	EXP 	unnamed Line: foreColor = <psychopy.colors.Color: (1.0, 0.58, -0.87, 1.0)>
59.8492 	EXP 	unnamed Line: borderColor = <psychopy.colors.Color: (1.0, 0.58, -0.87, 1.0)>
59.8492 	EXP 	unnamed Line: fillColor = <psychopy.colors.Color: (1.0, 0.58, -0.87, 1.0)>
59.8492 	EXP 	unnamed ShapeStim: foreColor = <psychopy.colors.Color: (1.0, 0.58, -0.87, 1.0)>
59.8492 	EXP 	unnamed ShapeStim: borderColor = <psychopy.colors.Color: (1.0, 0.58, -0.87, 1.0)>
59.8492 	EXP 	unnamed ShapeStim: fillColor = <psychopy.colors.Color: (1.0, 0.58, -0.87, 1.0)>
60.0692 	DATA 	Keypress: j
60.0735 	EXP 	node3: fillColor = '#126DEF'
60.0735 	EXP 	node10: fillColor = 'white'
60.7736 	EXP 	window1: mouseVisible = True
60.7750 	EXP 	Created unnamed TextStim = TextStim(__class__=<class 'psychopy.visual.text.TextStim'>, alignHoriz=method-wrapper(...), alignText='center', alignVert=method-wrapper(...), anchorHoriz='center', anchorVert='center', antialias=True, autoDraw=False, autoLog=True, bold=True, color=array([-0.88235294, -0.12156863, -0.97647059]), colorSpace='rgb', contrast=1.0, depth=0, draggable=False, flipHoriz=False, flipVert=False, font='', fontFiles=[], height=0.04, italic=False, languageStyle='LTR', name='unnamed TextStim', opacity=1.0, ori=0.0, pos=array([-0.2864375 ,  0.01018981]), rgb=UNKNOWN, text='+3', units='height', win=Window(...), wrapWidth=1)
60.7778 	EXP 	node3: fillColor = 'white'
60.7778 	EXP 	unnamed ImageStim: autoDraw = True
61.7856 	EXP 	unnamed ImageStim: autoDraw = False
61.7856 	EXP 	unnamed Rect: autoDraw = False
61.7856 	EXP 	unnamed Rect: autoDraw = True
61.9360 	EXP 	unnamed Rect: autoDraw = False
61.9360 	EXP 	node0: autoDraw = False
61.9360 	EXP 	node1: autoDraw = False
61.9360 	EXP 	node2: autoDraw = False
61.9360 	EXP 	node3: autoDraw = False
61.9360 	EXP 	unnamed ImageStim: autoDraw = False
61.9360 	EXP 	node4: autoDraw = False
61.9360 	EXP 	node5: autoDraw = False
61.9360 	EXP 	node6: autoDraw = False
61.9360 	EXP 	node7: autoDraw = False
61.9360 	EXP 	node8: autoDraw = False
61.9360 	EXP 	node9: autoDraw = False
61.9360 	EXP 	unnamed ImageStim: autoDraw = False
61.9360 	EXP 	node10: autoDraw = False
61.9360 	EXP 	unnamed Line: autoDraw = False
61.9360 	EXP 	unnamed ShapeStim: autoDraw = False
61.9360 	EXP 	unnamed Line: autoDraw = False
61.9360 	EXP 	unnamed ShapeStim: autoDraw = False
61.9360 	EXP 	unnamed Rect: autoDraw = False
61.9449 	INFO 	Mouse: using default window
61.9450 	EXP 	window1: mouseVisible = True
61.9451 	EXP 	window1: mouseVisible = True
61.9492 	EXP 	Created unnamed TextStim = TextStim(__class__=<class 'psychopy.visual.text.TextStim'>, alignHoriz=method-wrapper(...), alignText='center', alignVert=method-wrapper(...), anchorHoriz='center', anchorVert='center', antialias=True, autoDraw=False, autoLog=True, bold=False, color=array([1, 1, 1]), colorSpace='rgb', contrast=1.0, depth=0, draggable=False, flipHoriz=False, flipVert=False, font='', fontFiles=[], height=0.035, italic=False, languageStyle='LTR', name='unnamed TextStim', opacity=1.0, ori=0.0, pos=array([0., 0.]), rgb=UNKNOWN, text='press Space to start', units='height', win=Window(...), wrapWidth=1)
62.2773 	DATA 	Keypress: space
62.2778 	EXP 	window1: mouseVisible = True
62.2782 	EXP 	Created unnamed Rect = Rect(__class__=<class 'psychopy.visual.rect.Rect'>, anchor=('center', 'center'), autoDraw=False, autoLog=True, closeShape=True, color=method-wrapper(...), colorSpace='rgb', contrast=None, depth=0, draggable=False, fillColor=array([0.00392157, 0.00392157, 0.00392157]), fillColorSpace='rgb', fillRGB=array([0.00392157, 0.00392157, 0.00392157]), interpolate=True, lineColor=array([0, 0, 0]), lineColorSpace='rgb', lineRGB=array([0, 0, 0]), lineWidth=0, name='unnamed Rect', opacity=0.5, ori=0.0, pos=array([-0.65,  0.45]), size=array([0.1, 0.1]), units='height', vertices=ndarray(...), win=Window(...))
62.2793 	EXP 	window1: mouseVisible = True
62.2812 	EXP 	Created node0 = Circle(__class__=<class 'psychopy.visual.circle.Circle'>, anchor=('center', 'center'), autoDraw=False, autoLog=True, closeShape=True, color=method-wrapper(...), colorSpace='rgb', contrast=None, depth=0, draggable=False, fillColor=array([1, 1, 1]), fillColorSpace='rgb', fillRGB=array([1, 1, 1]), interpolate=True, lineColor=array([-1, -1, -1]), lineColorSpace='rgb', lineRGB=array([-1, -1, -1]), lineWidth=2, name='node0', opacity=1.0, ori=0.0, pos=array([0.  , 0.35]), size=array([1., 1.]), units='height', vertices=ndarray(...), win=Window(...))
62.2823 	EXP 	window1: mouseVisible = True
62.2842 	EXP 	Created node1 = Circle(__class__=<class 'psychopy.visual.circle.Circle'>, anchor=('center', 'center'), autoDraw=False, autoLog=True, closeShape=True, color=method-wrapper(...), colorSpace='rgb', contrast=None, depth=0, draggable=False, fillColor=array([1, 1, 1]), fillColorSpace='rgb', fillRGB=array([1, 1, 1]), interpolate=True, lineColor=array([-1, -1, -1]), lineColorSpace='rgb', lineRGB=array([-1, -1, -1]), lineWidth=2, name='node1', opacity=1.0, ori=0.0, pos=array([-0.18922429,  0.29443874]), size=array([1., 1.]), units='height', vertices=ndarray(...), win=Window(...))
62.2843 	EXP 	window1: mouseVisible = True
62.3029 	EXP 	Created unnamed ImageStim = ImageStim(__class__=<class 'psychopy.visual.image.ImageStim'>, anchor=('center', 'center'), autoLog=True, color=array([1., 1., 1.]), colorSpace='rgb', contrast=1.0, depth=0, draggable=False, flipHoriz=False, flipVert=False, image='images/pattern_9.png', interpolate=False, mask=None, maskParams=None, name='unnamed ImageStim', opacity=1.0, ori=0.0, pos=array([-0.18922429,  0.29443874]), size=array([0.12, 0.12]), texRes=128, units='height', win=Window(...))
62.3039 	EXP 	window1: mouseVisible = True
62.3058 	EXP 	Created node2 = Circle(__class__=<class 'psychopy.visual.circle.Circle'>, anchor=('center', 'center'), autoDraw=False, autoLog=True, closeShape=True, color=method-wrapper(...), colorSpace='rgb', contrast=None, depth=0, draggable=False, fillColor=array([1, 1, 1]), fillColorSpace='rgb', fillRGB=array([1, 1, 1]), interpolate=True, lineColor=array([-1, -1, -1]), lineColorSpace='rgb', lineRGB=array([-1, -1, -1]), lineWidth=2, name='node2', opacity=1.0, ori=0.0, pos=array([-0.3183712 ,  0.14539525]), size=array([1., 1.]), units='height', vertices=ndarray(...), win=Window(...))
62.3059 	EXP 	window1: mouseVisible = True
62.3231 	EXP 	Created unnamed ImageStim = ImageStim(__class__=<class 'psychopy.visual.image.ImageStim'>, anchor=('center', 'center'), autoLog=True, color=array([1., 1., 1.]), colorSpace='rgb', contrast=1.0, depth=0, draggable=False, flipHoriz=False, flipVert=False, image='images/pattern_7.png', interpolate=False, mask=None, maskParams=None, name='unnamed ImageStim', opacity=1.0, ori=0.0, pos=array([-0.3183712 ,  0.14539525]), size=array([0.12, 0.12]), texRes=128, units='height', win=Window(...))
62.3242 	EXP 	window1: mouseVisible = True
62.3261 	EXP 	Created node3 = Circle(__class__=<class 'psychopy.visual.circle.Circle'>, anchor=('center', 'center'), autoDraw=False, autoLog=True, closeShape=True, color=method-wrapper(...), colorSpace='rgb', contrast=None, depth=0, draggable=False, fillColor=array([1, 1, 1]), fillColorSpace='rgb', fillRGB=array([1, 1, 1]), interpolate=True, lineColor=array([-1, -1, -1]), lineColorSpace='rgb', lineRGB=array([-1, -1, -1]), lineWidth=2, name='node3', opacity=1.0, ori=0.0, pos=array([-0.3464375 , -0.04981019]), size=array([1., 1.]), units='height', vertices=ndarray(...), win=Window(...))
62.3271 	EXP 	window1: mouseVisible = True
62.3289 	EXP 	Created node4 = Circle(__class__=<class 'psychopy.visual.circle.Circle'>, anchor=('center', 'center'), autoDraw=False, autoLog=True, closeShape=True, color=method-wrapper(...), colorSpace='rgb', contrast=None, depth=0, draggable=False, fillColor=array([1, 1, 1]), fillColorSpace='rgb', fillRGB=array([1, 1, 1]), interpolate=True, lineColor=array([-1, -1, -1]), lineColorSpace='rgb', lineRGB=array([-1, -1, -1]), lineWidth=2, name='node4', opacity=1.0, ori=0.0, pos=array([-0.26451235, -0.22920126]), size=array([1., 1.]), units='height', vertices=ndarray(...), win=Window(...))
62.3299 	EXP 	window1: mouseVisible = True
62.3318 	EXP 	Created node5 = Circle(__class__=<class 'psychopy.visual.circle.Circle'>, anchor=('center', 'center'), autoDraw=False, autoLog=True, closeShape=True, color=method-wrapper(...), colorSpace='rgb', contrast=None, depth=0, draggable=False, fillColor=array([1, 1, 1]), fillColorSpace='rgb', fillRGB=array([1, 1, 1]), interpolate=True, lineColor=array([-1, -1, -1]), lineColorSpace='rgb', lineRGB=array([-1, -1, -1]), lineWidth=2, name='node5', opacity=1.0, ori=0.0, pos=array([-0.09860639, -0.33582254]), size=array([1., 1.]), units='height', vertices=ndarray(...), win=Window(...))
62.3328 	EXP 	window1: mouseVisible = True
62.3346 	EXP 	Created node6 = Circle(__class__=<class 'psychopy.visual.circle.Circle'>, anchor=('center', 'center'), autoDraw=False, autoLog=True, closeShape=True, color=method-wrapper(...), colorSpace='rgb', contrast=None, depth=0, draggable=False, fillColor=array([1, 1, 1]), fillColorSpace='rgb', fillRGB=array([1, 1, 1]), interpolate=True, lineColor=array([-1, -1, -1]), lineColorSpace='rgb', lineRGB=array([-1, -1, -1]), lineWidth=2, name='node6', opacity=1.0, ori=0.0, pos=array([ 0.09860639, -0.33582254]), size=array([1., 1.]), units='height', vertices=ndarray(...), win=Window(...))
62.3356 	EXP 	window1: mouseVisible = True
62.3375 	EXP 	Created node7 = Circle(__class__=<class 'psychopy.visual.circle.Circle'>, anchor=('center', 'center'), autoDraw=False, autoLog=True, closeShape=True, color=method-wrapper(...), colorSpace='rgb', contrast=None, depth=0, draggable=False, fillColor=array([1, 1, 1]), fillColorSpace='rgb', fillRGB=array([1, 1, 1]), interpolate=True, lineColor=array([-1, -1, -1]), lineColorSpace='rgb', lineRGB=array([-1, -1, -1]), lineWidth=2, name='node7', opacity=1.0, ori=0.0, pos=array([ 0.26451235, -0.22920126]), size=array([1., 1.]), units='height', vertices=ndarray(...), win=Window(...))
62.3385 	EXP 	window1: mouseVisible = True
62.3403 	EXP 	Created node8 = Circle(__class__=<class 'psychopy.visual.circle.Circle'>, anchor=('center', 'center'), autoDraw=False, autoLog=True, closeShape=True, color=method-wrapper(...), colorSpace='rgb', contrast=None, depth=0, draggable=False, fillColor=array([1, 1, 1]), fillColorSpace='rgb', fillRGB=array([1, 1, 1]), interpolate=True, lineColor=array([-1, -1, -1]), lineColorSpace='rgb', lineRGB=array([-1, -1, -1]), lineWidth=2, name='node8', opacity=1.0, ori=0.0, pos=array([ 0.3464375 , -0.04981019]), size=array([1., 1.]), units='height', vertices=ndarray(...), win=Window(...))
62.3413 	EXP 	window1: mouseVisible = True
62.3432 	EXP 	Created node9 = Circle(__class__=<class 'psychopy.visual.circle.Circle'>, anchor=('center', 'center'), autoDraw=False, autoLog=True, closeShape=True, color=method-wrapper(...), colorSpace='rgb', contrast=None, depth=0, draggable=False, fillColor=array([1, 1, 1]), fillColorSpace='rgb', fillRGB=array([1, 1, 1]), interpolate=True, lineColor=array([-1, -1, -1]), lineColorSpace='rgb', lineRGB=array([-1, -1, -1]), lineWidth=2, name='node9', opacity=1.0, ori=0.0, pos=array([0.3183712 , 0.14539525]), size=array([1., 1.]), units='height', vertices=ndarray(...), win=Window(...))
62.3442 	EXP 	window1: mouseVisible = True
62.3460 	EXP 	Created node10 = Circle(__class__=<class 'psychopy.visual.circle.Circle'>, anchor=('center', 'center'), autoDraw=False, autoLog=True, closeShape=True, color=method-wrapper(...), colorSpace='rgb', contrast=None, depth=0, draggable=False, fillColor=array([1, 1, 1]), fillColorSpace='rgb', fillRGB=array([1, 1, 1]), interpolate=True, lineColor=array([-1, -1, -1]), lineColorSpace='rgb', lineRGB=array([-1, -1, -1]), lineWidth=2, name='node10', opacity=1.0, ori=0.0, pos=array([0.18922429, 0.29443874]), size=array([1., 1.]), units='height', vertices=ndarray(...), win=Window(...))
62.3461 	EXP 	window1: mouseVisible = True
62.3465 	EXP 	Created unnamed Line = Line(__class__=<class 'psychopy.visual.line.Line'>, anchor=('center', 'center'), autoDraw=False, autoLog=True, closeShape=False, color=array([-1, -1, -1]), colorSpace='rgb', contrast=None, depth=2, draggable=False, fillColor=array([0, 0, 0]), fillColorSpace='rgb', fillRGB=array([0, 0, 0]), interpolate=True, lineColor=array([-1, -1, -1]), lineColorSpace='rgb', lineRGB=array([-1, -1, -1]), lineWidth=4, name='unnamed Line', opacity=0.5, ori=0.0, pos=array([0., 0.]), size=array([1., 1.]), units='height', vertices=ndarray(...), win=Window(...), windingRule=None)
62.3465 	EXP 	window1: mouseVisible = True
62.3469 	EXP 	Created unnamed ShapeStim = ShapeStim(__class__=<class 'psychopy.visual.shape.ShapeStim'>, anchor=('center', 'center'), autoDraw=False, autoLog=True, closeShape=True, color=method-wrapper(...), colorSpace='rgb', contrast=None, depth=0, draggable=False, fillColor=array([-1, -1, -1]), fillColorSpace='rgb', fillRGB=array([-1, -1, -1]), interpolate=True, lineColor=array([-1, -1, -1]), lineColorSpace='rgb', lineRGB=array([-1, -1, -1]), lineWidth=1.5, name='unnamed ShapeStim', opacity=1.0, ori=-73.63636363636365, pos=array([-0.14124964,  0.28035211]), size=array([1., 1.]), units='height', vertices=ndarray(...), win=Window(...), windingRule=None)
62.3470 	EXP 	window1: mouseVisible = True
62.3473 	EXP 	Created unnamed Line = Line(__class__=<class 'psychopy.visual.line.Line'>, anchor=('center', 'center'), autoDraw=False, autoLog=True, closeShape=False, color=array([-1, -1, -1]), colorSpace='rgb', contrast=None, depth=2, draggable=False, fillColor=array([0, 0, 0]), fillColorSpace='rgb', fillRGB=array([0, 0, 0]), interpolate=True, lineColor=array([-1, -1, -1]), lineColorSpace='rgb', lineRGB=array([-1, -1, -1]), lineWidth=4, name='unnamed Line', opacity=0.5, ori=0.0, pos=array([0., 0.]), size=array([1., 1.]), units='height', vertices=ndarray(...), win=Window(...), windingRule=None)
62.3474 	EXP 	window1: mouseVisible = True
62.3477 	EXP 	Created unnamed ShapeStim = ShapeStim(__class__=<class 'psychopy.visual.shape.ShapeStim'>, anchor=('center', 'center'), autoDraw=False, autoLog=True, closeShape=True, color=method-wrapper(...), colorSpace='rgb', contrast=None, depth=0, draggable=False, fillColor=array([-1, -1, -1]), fillColorSpace='rgb', fillRGB=array([-1, -1, -1]), interpolate=True, lineColor=array([-1, -1, -1]), lineColorSpace='rgb', lineRGB=array([-1, -1, -1]), lineWidth=1.5, name='unnamed ShapeStim', opacity=1.0, ori=-90.0, pos=array([-0.2683712 ,  0.14539525]), size=array([1., 1.]), units='height', vertices=ndarray(...), win=Window(...), windingRule=None)
62.3478 	EXP 	window1: mouseVisible = True
62.3481 	EXP 	Created unnamed Rect = Rect(__class__=<class 'psychopy.visual.rect.Rect'>, anchor=('center', 'center'), autoDraw=False, autoLog=True, closeShape=True, color=method-wrapper(...), colorSpace='rgb', contrast=None, depth=0, draggable=False, fillColor=array([0.00392157, 0.00392157, 0.00392157]), fillColorSpace='rgb', fillRGB=array([0.00392157, 0.00392157, 0.00392157]), interpolate=True, lineColor=array([0, 0, 0]), lineColorSpace='rgb', lineRGB=array([0, 0, 0]), lineWidth=0, name='unnamed Rect', opacity=0.0, ori=0.0, pos=array([0.1, 0. ]), size=array([1.1, 1. ]), units='height', vertices=ndarray(...), win=Window(...))
62.3522 	EXP 	unnamed Rect: autoDraw = True
62.3522 	EXP 	node0: autoDraw = True
62.3522 	EXP 	node1: autoDraw = True
62.3522 	EXP 	unnamed ImageStim: autoDraw = True
62.3522 	EXP 	node2: autoDraw = True
62.3522 	EXP 	unnamed ImageStim: autoDraw = True
62.3522 	EXP 	node3: autoDraw = True
62.3522 	EXP 	node4: autoDraw = True
62.3522 	EXP 	node5: autoDraw = True
62.3522 	EXP 	node6: autoDraw = True
62.3522 	EXP 	node7: autoDraw = True
62.3522 	EXP 	node8: autoDraw = True
62.3522 	EXP 	node9: autoDraw = True
62.3522 	EXP 	node10: autoDraw = True
62.3522 	EXP 	unnamed Line: autoDraw = True
62.3522 	EXP 	unnamed Line: autoDraw = True
62.3522 	EXP 	unnamed ShapeStim: autoDraw = True
62.3522 	EXP 	unnamed Line: autoDraw = True
62.3522 	EXP 	unnamed Line: autoDraw = True
62.3522 	EXP 	unnamed ShapeStim: autoDraw = True
62.3522 	EXP 	unnamed Rect: autoDraw = True
62.3522 	EXP 	node9: fillColor = '#126DEF'
62.3556 	EXP 	node9: fillColor = '#126DEF'
62.3556 	EXP 	unnamed Line: autoDraw = False
62.3556 	EXP 	unnamed ShapeStim: autoDraw = False
62.3556 	EXP 	unnamed Line: autoDraw = True
62.3556 	EXP 	unnamed ShapeStim: autoDraw = True
62.3556 	EXP 	unnamed Line: autoDraw = False
62.3556 	EXP 	unnamed ShapeStim: autoDraw = False
62.3556 	EXP 	unnamed Line: autoDraw = True
62.3556 	EXP 	unnamed ShapeStim: autoDraw = True
62.3556 	EXP 	unnamed Line: foreColor = <psychopy.colors.Color: (1.0, 0.58, -0.87, 1.0)>
62.3556 	EXP 	unnamed Line: borderColor = <psychopy.colors.Color: (1.0, 0.58, -0.87, 1.0)>
62.3556 	EXP 	unnamed Line: fillColor = <psychopy.colors.Color: (1.0, 0.58, -0.87, 1.0)>
62.3556 	EXP 	unnamed ShapeStim: foreColor = <psychopy.colors.Color: (1.0, 0.58, -0.87, 1.0)>
62.3556 	EXP 	unnamed ShapeStim: borderColor = <psychopy.colors.Color: (1.0, 0.58, -0.87, 1.0)>
62.3556 	EXP 	unnamed ShapeStim: fillColor = <psychopy.colors.Color: (1.0, 0.58, -0.87, 1.0)>
63.5254 	DATA 	Keypress: j
63.5285 	EXP 	node1: fillColor = '#126DEF'
63.5285 	EXP 	node9: fillColor = 'white'
64.2286 	EXP 	window1: mouseVisible = True
64.2301 	EXP 	Created unnamed TextStim = TextStim(__class__=<class 'psychopy.visual.text.TextStim'>, alignHoriz=method-wrapper(...), alignText='center', alignVert=method-wrapper(...), anchorHoriz='center', anchorVert='center', antialias=True, autoDraw=False, autoLog=True, bold=True, color=array([-0.88235294, -0.12156863, -0.97647059]), colorSpace='rgb', contrast=1.0, depth=0, draggable=False, flipHoriz=False, flipVert=False, font='', fontFiles=[], height=0.04, italic=False, languageStyle='LTR', name='unnamed TextStim', opacity=1.0, ori=0.0, pos=array([-0.12922429,  0.35443874]), rgb=UNKNOWN, text='+4', units='height', win=Window(...), wrapWidth=1)
64.2343 	EXP 	node1: fillColor = 'white'
64.2343 	EXP 	unnamed ImageStim: autoDraw = True
65.2420 	EXP 	unnamed ImageStim: autoDraw = False
65.2420 	EXP 	unnamed Rect: autoDraw = False
65.2420 	EXP 	unnamed Rect: autoDraw = True
65.3689 	EXP 	unnamed Rect: autoDraw = False
65.3689 	EXP 	node0: autoDraw = False
65.3689 	EXP 	node1: autoDraw = False
65.3689 	EXP 	unnamed ImageStim: autoDraw = False
65.3689 	EXP 	node2: autoDraw = False
65.3689 	EXP 	unnamed ImageStim: autoDraw = False
65.3689 	EXP 	node3: autoDraw = False
65.3689 	EXP 	node4: autoDraw = False
65.3689 	EXP 	node5: autoDraw = False
65.3689 	EXP 	node6: autoDraw = False
65.3689 	EXP 	node7: autoDraw = False
65.3689 	EXP 	node8: autoDraw = False
65.3689 	EXP 	node9: autoDraw = False
65.3689 	EXP 	node10: autoDraw = False
65.3689 	EXP 	unnamed Line: autoDraw = False
65.3689 	EXP 	unnamed ShapeStim: autoDraw = False
65.3689 	EXP 	unnamed Line: autoDraw = False
65.3689 	EXP 	unnamed ShapeStim: autoDraw = False
65.3689 	EXP 	unnamed Rect: autoDraw = False
65.3770 	INFO 	Mouse: using default window
65.3770 	EXP 	window1: mouseVisible = True
65.3771 	EXP 	window1: mouseVisible = True
65.3807 	EXP 	Created unnamed TextStim = TextStim(__class__=<class 'psychopy.visual.text.TextStim'>, alignHoriz=method-wrapper(...), alignText='center', alignVert=method-wrapper(...), anchorHoriz='center', anchorVert='center', antialias=True, autoDraw=False, autoLog=True, bold=False, color=array([1, 1, 1]), colorSpace='rgb', contrast=1.0, depth=0, draggable=False, flipHoriz=False, flipVert=False, font='', fontFiles=[], height=0.035, italic=False, languageStyle='LTR', name='unnamed TextStim', opacity=1.0, ori=0.0, pos=array([0., 0.]), rgb=UNKNOWN, text='press Space to start', units='height', win=Window(...), wrapWidth=1)
65.6054 	DATA 	Keypress: space
65.6059 	EXP 	window1: mouseVisible = True
65.6063 	EXP 	Created unnamed Rect = Rect(__class__=<class 'psychopy.visual.rect.Rect'>, anchor=('center', 'center'), autoDraw=False, autoLog=True, closeShape=True, color=method-wrapper(...), colorSpace='rgb', contrast=None, depth=0, draggable=False, fillColor=array([0.00392157, 0.00392157, 0.00392157]), fillColorSpace='rgb', fillRGB=array([0.00392157, 0.00392157, 0.00392157]), interpolate=True, lineColor=array([0, 0, 0]), lineColorSpace='rgb', lineRGB=array([0, 0, 0]), lineWidth=0, name='unnamed Rect', opacity=0.5, ori=0.0, pos=array([-0.65,  0.45]), size=array([0.1, 0.1]), units='height', vertices=ndarray(...), win=Window(...))
65.6074 	EXP 	window1: mouseVisible = True
65.6094 	EXP 	Created node0 = Circle(__class__=<class 'psychopy.visual.circle.Circle'>, anchor=('center', 'center'), autoDraw=False, autoLog=True, closeShape=True, color=method-wrapper(...), colorSpace='rgb', contrast=None, depth=0, draggable=False, fillColor=array([1, 1, 1]), fillColorSpace='rgb', fillRGB=array([1, 1, 1]), interpolate=True, lineColor=array([-1, -1, -1]), lineColorSpace='rgb', lineRGB=array([-1, -1, -1]), lineWidth=2, name='node0', opacity=1.0, ori=0.0, pos=array([0.  , 0.35]), size=array([1., 1.]), units='height', vertices=ndarray(...), win=Window(...))
65.6104 	EXP 	window1: mouseVisible = True
65.6123 	EXP 	Created node1 = Circle(__class__=<class 'psychopy.visual.circle.Circle'>, anchor=('center', 'center'), autoDraw=False, autoLog=True, closeShape=True, color=method-wrapper(...), colorSpace='rgb', contrast=None, depth=0, draggable=False, fillColor=array([1, 1, 1]), fillColorSpace='rgb', fillRGB=array([1, 1, 1]), interpolate=True, lineColor=array([-1, -1, -1]), lineColorSpace='rgb', lineRGB=array([-1, -1, -1]), lineWidth=2, name='node1', opacity=1.0, ori=0.0, pos=array([-0.18922429,  0.29443874]), size=array([1., 1.]), units='height', vertices=ndarray(...), win=Window(...))
65.6133 	EXP 	window1: mouseVisible = True
65.6152 	EXP 	Created node2 = Circle(__class__=<class 'psychopy.visual.circle.Circle'>, anchor=('center', 'center'), autoDraw=False, autoLog=True, closeShape=True, color=method-wrapper(...), colorSpace='rgb', contrast=None, depth=0, draggable=False, fillColor=array([1, 1, 1]), fillColorSpace='rgb', fillRGB=array([1, 1, 1]), interpolate=True, lineColor=array([-1, -1, -1]), lineColorSpace='rgb', lineRGB=array([-1, -1, -1]), lineWidth=2, name='node2', opacity=1.0, ori=0.0, pos=array([-0.3183712 ,  0.14539525]), size=array([1., 1.]), units='height', vertices=ndarray(...), win=Window(...))
65.6152 	EXP 	window1: mouseVisible = True
65.6324 	EXP 	Created unnamed ImageStim = ImageStim(__class__=<class 'psychopy.visual.image.ImageStim'>, anchor=('center', 'center'), autoLog=True, color=array([1., 1., 1.]), colorSpace='rgb', contrast=1.0, depth=0, draggable=False, flipHoriz=False, flipVert=False, image='images/pattern_2.png', interpolate=False, mask=None, maskParams=None, name='unnamed ImageStim', opacity=1.0, ori=0.0, pos=array([-0.3183712 ,  0.14539525]), size=array([0.12, 0.12]), texRes=128, units='height', win=Window(...))
65.6335 	EXP 	window1: mouseVisible = True
65.6354 	EXP 	Created node3 = Circle(__class__=<class 'psychopy.visual.circle.Circle'>, anchor=('center', 'center'), autoDraw=False, autoLog=True, closeShape=True, color=method-wrapper(...), colorSpace='rgb', contrast=None, depth=0, draggable=False, fillColor=array([1, 1, 1]), fillColorSpace='rgb', fillRGB=array([1, 1, 1]), interpolate=True, lineColor=array([-1, -1, -1]), lineColorSpace='rgb', lineRGB=array([-1, -1, -1]), lineWidth=2, name='node3', opacity=1.0, ori=0.0, pos=array([-0.3464375 , -0.04981019]), size=array([1., 1.]), units='height', vertices=ndarray(...), win=Window(...))
65.6364 	EXP 	window1: mouseVisible = True
65.6382 	EXP 	Created node4 = Circle(__class__=<class 'psychopy.visual.circle.Circle'>, anchor=('center', 'center'), autoDraw=False, autoLog=True, closeShape=True, color=method-wrapper(...), colorSpace='rgb', contrast=None, depth=0, draggable=False, fillColor=array([1, 1, 1]), fillColorSpace='rgb', fillRGB=array([1, 1, 1]), interpolate=True, lineColor=array([-1, -1, -1]), lineColorSpace='rgb', lineRGB=array([-1, -1, -1]), lineWidth=2, name='node4', opacity=1.0, ori=0.0, pos=array([-0.26451235, -0.22920126]), size=array([1., 1.]), units='height', vertices=ndarray(...), win=Window(...))
65.6392 	EXP 	window1: mouseVisible = True
65.6411 	EXP 	Created node5 = Circle(__class__=<class 'psychopy.visual.circle.Circle'>, anchor=('center', 'center'), autoDraw=False, autoLog=True, closeShape=True, color=method-wrapper(...), colorSpace='rgb', contrast=None, depth=0, draggable=False, fillColor=array([1, 1, 1]), fillColorSpace='rgb', fillRGB=array([1, 1, 1]), interpolate=True, lineColor=array([-1, -1, -1]), lineColorSpace='rgb', lineRGB=array([-1, -1, -1]), lineWidth=2, name='node5', opacity=1.0, ori=0.0, pos=array([-0.09860639, -0.33582254]), size=array([1., 1.]), units='height', vertices=ndarray(...), win=Window(...))
65.6421 	EXP 	window1: mouseVisible = True
65.6439 	EXP 	Created node6 = Circle(__class__=<class 'psychopy.visual.circle.Circle'>, anchor=('center', 'center'), autoDraw=False, autoLog=True, closeShape=True, color=method-wrapper(...), colorSpace='rgb', contrast=None, depth=0, draggable=False, fillColor=array([1, 1, 1]), fillColorSpace='rgb', fillRGB=array([1, 1, 1]), interpolate=True, lineColor=array([-1, -1, -1]), lineColorSpace='rgb', lineRGB=array([-1, -1, -1]), lineWidth=2, name='node6', opacity=1.0, ori=0.0, pos=array([ 0.09860639, -0.33582254]), size=array([1., 1.]), units='height', vertices=ndarray(...), win=Window(...))
65.6440 	EXP 	window1: mouseVisible = True
65.6609 	EXP 	Created unnamed ImageStim = ImageStim(__class__=<class 'psychopy.visual.image.ImageStim'>, anchor=('center', 'center'), autoLog=True, color=array([1., 1., 1.]), colorSpace='rgb', contrast=1.0, depth=0, draggable=False, flipHoriz=False, flipVert=False, image='images/pattern_5.png', interpolate=False, mask=None, maskParams=None, name='unnamed ImageStim', opacity=1.0, ori=0.0, pos=array([ 0.09860639, -0.33582254]), size=array([0.12, 0.12]), texRes=128, units='height', win=Window(...))
65.6619 	EXP 	window1: mouseVisible = True
65.6638 	EXP 	Created node7 = Circle(__class__=<class 'psychopy.visual.circle.Circle'>, anchor=('center', 'center'), autoDraw=False, autoLog=True, closeShape=True, color=method-wrapper(...), colorSpace='rgb', contrast=None, depth=0, draggable=False, fillColor=array([1, 1, 1]), fillColorSpace='rgb', fillRGB=array([1, 1, 1]), interpolate=True, lineColor=array([-1, -1, -1]), lineColorSpace='rgb', lineRGB=array([-1, -1, -1]), lineWidth=2, name='node7', opacity=1.0, ori=0.0, pos=array([ 0.26451235, -0.22920126]), size=array([1., 1.]), units='height', vertices=ndarray(...), win=Window(...))
65.6648 	EXP 	window1: mouseVisible = True
65.6667 	EXP 	Created node8 = Circle(__class__=<class 'psychopy.visual.circle.Circle'>, anchor=('center', 'center'), autoDraw=False, autoLog=True, closeShape=True, color=method-wrapper(...), colorSpace='rgb', contrast=None, depth=0, draggable=False, fillColor=array([1, 1, 1]), fillColorSpace='rgb', fillRGB=array([1, 1, 1]), interpolate=True, lineColor=array([-1, -1, -1]), lineColorSpace='rgb', lineRGB=array([-1, -1, -1]), lineWidth=2, name='node8', opacity=1.0, ori=0.0, pos=array([ 0.3464375 , -0.04981019]), size=array([1., 1.]), units='height', vertices=ndarray(...), win=Window(...))
65.6677 	EXP 	window1: mouseVisible = True
65.6695 	EXP 	Created node9 = Circle(__class__=<class 'psychopy.visual.circle.Circle'>, anchor=('center', 'center'), autoDraw=False, autoLog=True, closeShape=True, color=method-wrapper(...), colorSpace='rgb', contrast=None, depth=0, draggable=False, fillColor=array([1, 1, 1]), fillColorSpace='rgb', fillRGB=array([1, 1, 1]), interpolate=True, lineColor=array([-1, -1, -1]), lineColorSpace='rgb', lineRGB=array([-1, -1, -1]), lineWidth=2, name='node9', opacity=1.0, ori=0.0, pos=array([0.3183712 , 0.14539525]), size=array([1., 1.]), units='height', vertices=ndarray(...), win=Window(...))
65.6705 	EXP 	window1: mouseVisible = True
65.6723 	EXP 	Created node10 = Circle(__class__=<class 'psychopy.visual.circle.Circle'>, anchor=('center', 'center'), autoDraw=False, autoLog=True, closeShape=True, color=method-wrapper(...), colorSpace='rgb', contrast=None, depth=0, draggable=False, fillColor=array([1, 1, 1]), fillColorSpace='rgb', fillRGB=array([1, 1, 1]), interpolate=True, lineColor=array([-1, -1, -1]), lineColorSpace='rgb', lineRGB=array([-1, -1, -1]), lineWidth=2, name='node10', opacity=1.0, ori=0.0, pos=array([0.18922429, 0.29443874]), size=array([1., 1.]), units='height', vertices=ndarray(...), win=Window(...))
65.6724 	EXP 	window1: mouseVisible = True
65.6728 	EXP 	Created unnamed Line = Line(__class__=<class 'psychopy.visual.line.Line'>, anchor=('center', 'center'), autoDraw=False, autoLog=True, closeShape=False, color=array([-1, -1, -1]), colorSpace='rgb', contrast=None, depth=2, draggable=False, fillColor=array([0, 0, 0]), fillColorSpace='rgb', fillRGB=array([0, 0, 0]), interpolate=True, lineColor=array([-1, -1, -1]), lineColorSpace='rgb', lineRGB=array([-1, -1, -1]), lineWidth=4, name='unnamed Line', opacity=0.5, ori=0.0, pos=array([0., 0.]), size=array([1., 1.]), units='height', vertices=ndarray(...), win=Window(...), windingRule=None)
65.6729 	EXP 	window1: mouseVisible = True
65.6733 	EXP 	Created unnamed ShapeStim = ShapeStim(__class__=<class 'psychopy.visual.shape.ShapeStim'>, anchor=('center', 'center'), autoDraw=False, autoLog=True, closeShape=True, color=method-wrapper(...), colorSpace='rgb', contrast=None, depth=0, draggable=False, fillColor=array([-1, -1, -1]), fillColorSpace='rgb', fillRGB=array([-1, -1, -1]), interpolate=True, lineColor=array([-1, -1, -1]), lineColorSpace='rgb', lineRGB=array([-1, -1, -1]), lineWidth=1.5, name='unnamed ShapeStim', opacity=1.0, ori=90.00000000000001, pos=array([ 0.04860639, -0.33582254]), size=array([1., 1.]), units='height', vertices=ndarray(...), win=Window(...), windingRule=None)
65.6733 	EXP 	window1: mouseVisible = True
65.6737 	EXP 	Created unnamed Line = Line(__class__=<class 'psychopy.visual.line.Line'>, anchor=('center', 'center'), autoDraw=False, autoLog=True, closeShape=False, color=array([-1, -1, -1]), colorSpace='rgb', contrast=None, depth=2, draggable=False, fillColor=array([0, 0, 0]), fillColorSpace='rgb', fillRGB=array([0, 0, 0]), interpolate=True, lineColor=array([-1, -1, -1]), lineColorSpace='rgb', lineRGB=array([-1, -1, -1]), lineWidth=4, name='unnamed Line', opacity=0.5, ori=0.0, pos=array([0., 0.]), size=array([1., 1.]), units='height', vertices=ndarray(...), win=Window(...), windingRule=None)
65.6737 	EXP 	window1: mouseVisible = True
65.6741 	EXP 	Created unnamed ShapeStim = ShapeStim(__class__=<class 'psychopy.visual.shape.ShapeStim'>, anchor=('center', 'center'), autoDraw=False, autoLog=True, closeShape=True, color=method-wrapper(...), colorSpace='rgb', contrast=None, depth=0, draggable=False, fillColor=array([-1, -1, -1]), fillColorSpace='rgb', fillRGB=array([-1, -1, -1]), interpolate=True, lineColor=array([-1, -1, -1]), lineColorSpace='rgb', lineRGB=array([-1, -1, -1]), lineWidth=1.5, name='unnamed ShapeStim', opacity=1.0, ori=-24.54545454545456, pos=array([-0.29760045,  0.09991365]), size=array([1., 1.]), units='height', vertices=ndarray(...), win=Window(...), windingRule=None)
65.6741 	EXP 	window1: mouseVisible = True
65.6745 	EXP 	Created unnamed Rect = Rect(__class__=<class 'psychopy.visual.rect.Rect'>, anchor=('center', 'center'), autoDraw=False, autoLog=True, closeShape=True, color=method-wrapper(...), colorSpace='rgb', contrast=None, depth=0, draggable=False, fillColor=array([0.00392157, 0.00392157, 0.00392157]), fillColorSpace='rgb', fillRGB=array([0.00392157, 0.00392157, 0.00392157]), interpolate=True, lineColor=array([0, 0, 0]), lineColorSpace='rgb', lineRGB=array([0, 0, 0]), lineWidth=0, name='unnamed Rect', opacity=0.0, ori=0.0, pos=array([0.1, 0. ]), size=array([1.1, 1. ]), units='height', vertices=ndarray(...), win=Window(...))
65.6785 	EXP 	unnamed Rect: autoDraw = True
65.6785 	EXP 	node0: autoDraw = True
65.6785 	EXP 	node1: autoDraw = True
65.6785 	EXP 	node2: autoDraw = True
65.6785 	EXP 	unnamed ImageStim: autoDraw = True
65.6785 	EXP 	node3: autoDraw = True
65.6785 	EXP 	node4: autoDraw = True
65.6785 	EXP 	node5: autoDraw = True
65.6785 	EXP 	node6: autoDraw = True
65.6785 	EXP 	unnamed ImageStim: autoDraw = True
65.6785 	EXP 	node7: autoDraw = True
65.6785 	EXP 	node8: autoDraw = True
65.6785 	EXP 	node9: autoDraw = True
65.6785 	EXP 	node10: autoDraw = True
65.6785 	EXP 	unnamed Line: autoDraw = True
65.6785 	EXP 	unnamed Line: autoDraw = True
65.6785 	EXP 	unnamed ShapeStim: autoDraw = True
65.6785 	EXP 	unnamed Line: autoDraw = True
65.6785 	EXP 	unnamed Line: autoDraw = True
65.6785 	EXP 	unnamed ShapeStim: autoDraw = True
65.6785 	EXP 	unnamed Rect: autoDraw = True
65.6785 	EXP 	node5: fillColor = '#126DEF'
65.6861 	EXP 	node5: fillColor = '#126DEF'
65.6861 	EXP 	unnamed Line: autoDraw = False
65.6861 	EXP 	unnamed ShapeStim: autoDraw = False
65.6861 	EXP 	unnamed Line: autoDraw = True
65.6861 	EXP 	unnamed ShapeStim: autoDraw = True
65.6861 	EXP 	unnamed Line: autoDraw = False
65.6861 	EXP 	unnamed ShapeStim: autoDraw = False
65.6861 	EXP 	unnamed Line: autoDraw = True
65.6861 	EXP 	unnamed ShapeStim: autoDraw = True
65.6861 	EXP 	unnamed Line: foreColor = <psychopy.colors.Color: (1.0, 0.58, -0.87, 1.0)>
65.6861 	EXP 	unnamed Line: borderColor = <psychopy.colors.Color: (1.0, 0.58, -0.87, 1.0)>
65.6861 	EXP 	unnamed Line: fillColor = <psychopy.colors.Color: (1.0, 0.58, -0.87, 1.0)>
65.6861 	EXP 	unnamed ShapeStim: foreColor = <psychopy.colors.Color: (1.0, 0.58, -0.87, 1.0)>
65.6861 	EXP 	unnamed ShapeStim: borderColor = <psychopy.colors.Color: (1.0, 0.58, -0.87, 1.0)>
65.6861 	EXP 	unnamed ShapeStim: fillColor = <psychopy.colors.Color: (1.0, 0.58, -0.87, 1.0)>
66.6453 	DATA 	Keypress: j
66.6487 	EXP 	node6: fillColor = '#126DEF'
66.6487 	EXP 	node5: fillColor = 'white'
67.3488 	EXP 	window1: mouseVisible = True
67.3503 	EXP 	Created unnamed TextStim = TextStim(__class__=<class 'psychopy.visual.text.TextStim'>, alignHoriz=method-wrapper(...), alignText='center', alignVert=method-wrapper(...), anchorHoriz='center', anchorVert='center', antialias=True, autoDraw=False, autoLog=True, bold=True, color=array([0.68627451, 0.68627451, 0.68627451]), colorSpace='rgb', contrast=1.0, depth=0, draggable=False, flipHoriz=False, flipVert=False, font='', fontFiles=[], height=0.04, italic=False, languageStyle='LTR', name='unnamed TextStim', opacity=1.0, ori=0.0, pos=array([ 0.15860639, -0.27582254]), rgb=UNKNOWN, text='+0', units='height', win=Window(...), wrapWidth=1)
67.3545 	EXP 	node6: fillColor = 'white'
67.3545 	EXP 	unnamed ImageStim: autoDraw = True
68.3623 	EXP 	unnamed ImageStim: autoDraw = False
68.3623 	EXP 	unnamed Rect: autoDraw = False
68.3623 	EXP 	unnamed Rect: autoDraw = True
68.5015 	EXP 	unnamed Rect: autoDraw = False
68.5015 	EXP 	node0: autoDraw = False
68.5015 	EXP 	node1: autoDraw = False
68.5015 	EXP 	node2: autoDraw = False
68.5015 	EXP 	unnamed ImageStim: autoDraw = False
68.5015 	EXP 	node3: autoDraw = False
68.5015 	EXP 	node4: autoDraw = False
68.5015 	EXP 	node5: autoDraw = False
68.5015 	EXP 	node6: autoDraw = False
68.5015 	EXP 	unnamed ImageStim: autoDraw = False
68.5015 	EXP 	node7: autoDraw = False
68.5015 	EXP 	node8: autoDraw = False
68.5015 	EXP 	node9: autoDraw = False
68.5015 	EXP 	node10: autoDraw = False
68.5015 	EXP 	unnamed Line: autoDraw = False
68.5015 	EXP 	unnamed ShapeStim: autoDraw = False
68.5015 	EXP 	unnamed Line: autoDraw = False
68.5015 	EXP 	unnamed ShapeStim: autoDraw = False
68.5015 	EXP 	unnamed Rect: autoDraw = False
68.5106 	INFO 	Mouse: using default window
68.5106 	EXP 	window1: mouseVisible = True
68.5107 	EXP 	window1: mouseVisible = True
68.5148 	EXP 	Created unnamed TextStim = TextStim(__class__=<class 'psychopy.visual.text.TextStim'>, alignHoriz=method-wrapper(...), alignText='center', alignVert=method-wrapper(...), anchorHoriz='center', anchorVert='center', antialias=True, autoDraw=False, autoLog=True, bold=False, color=array([1, 1, 1]), colorSpace='rgb', contrast=1.0, depth=0, draggable=False, flipHoriz=False, flipVert=False, font='', fontFiles=[], height=0.035, italic=False, languageStyle='LTR', name='unnamed TextStim', opacity=1.0, ori=0.0, pos=array([0., 0.]), rgb=UNKNOWN, text='press Space to start', units='height', win=Window(...), wrapWidth=1)
68.9573 	DATA 	Keypress: space
68.9579 	EXP 	window1: mouseVisible = True
68.9583 	EXP 	Created unnamed Rect = Rect(__class__=<class 'psychopy.visual.rect.Rect'>, anchor=('center', 'center'), autoDraw=False, autoLog=True, closeShape=True, color=method-wrapper(...), colorSpace='rgb', contrast=None, depth=0, draggable=False, fillColor=array([0.00392157, 0.00392157, 0.00392157]), fillColorSpace='rgb', fillRGB=array([0.00392157, 0.00392157, 0.00392157]), interpolate=True, lineColor=array([0, 0, 0]), lineColorSpace='rgb', lineRGB=array([0, 0, 0]), lineWidth=0, name='unnamed Rect', opacity=0.5, ori=0.0, pos=array([-0.65,  0.45]), size=array([0.1, 0.1]), units='height', vertices=ndarray(...), win=Window(...))
68.9593 	EXP 	window1: mouseVisible = True
68.9613 	EXP 	Created node0 = Circle(__class__=<class 'psychopy.visual.circle.Circle'>, anchor=('center', 'center'), autoDraw=False, autoLog=True, closeShape=True, color=method-wrapper(...), colorSpace='rgb', contrast=None, depth=0, draggable=False, fillColor=array([1, 1, 1]), fillColorSpace='rgb', fillRGB=array([1, 1, 1]), interpolate=True, lineColor=array([-1, -1, -1]), lineColorSpace='rgb', lineRGB=array([-1, -1, -1]), lineWidth=2, name='node0', opacity=1.0, ori=0.0, pos=array([0.  , 0.35]), size=array([1., 1.]), units='height', vertices=ndarray(...), win=Window(...))
68.9624 	EXP 	window1: mouseVisible = True
68.9642 	EXP 	Created node1 = Circle(__class__=<class 'psychopy.visual.circle.Circle'>, anchor=('center', 'center'), autoDraw=False, autoLog=True, closeShape=True, color=method-wrapper(...), colorSpace='rgb', contrast=None, depth=0, draggable=False, fillColor=array([1, 1, 1]), fillColorSpace='rgb', fillRGB=array([1, 1, 1]), interpolate=True, lineColor=array([-1, -1, -1]), lineColorSpace='rgb', lineRGB=array([-1, -1, -1]), lineWidth=2, name='node1', opacity=1.0, ori=0.0, pos=array([-0.18922429,  0.29443874]), size=array([1., 1.]), units='height', vertices=ndarray(...), win=Window(...))
68.9652 	EXP 	window1: mouseVisible = True
68.9671 	EXP 	Created node2 = Circle(__class__=<class 'psychopy.visual.circle.Circle'>, anchor=('center', 'center'), autoDraw=False, autoLog=True, closeShape=True, color=method-wrapper(...), colorSpace='rgb', contrast=None, depth=0, draggable=False, fillColor=array([1, 1, 1]), fillColorSpace='rgb', fillRGB=array([1, 1, 1]), interpolate=True, lineColor=array([-1, -1, -1]), lineColorSpace='rgb', lineRGB=array([-1, -1, -1]), lineWidth=2, name='node2', opacity=1.0, ori=0.0, pos=array([-0.3183712 ,  0.14539525]), size=array([1., 1.]), units='height', vertices=ndarray(...), win=Window(...))
68.9681 	EXP 	window1: mouseVisible = True
68.9699 	EXP 	Created node3 = Circle(__class__=<class 'psychopy.visual.circle.Circle'>, anchor=('center', 'center'), autoDraw=False, autoLog=True, closeShape=True, color=method-wrapper(...), colorSpace='rgb', contrast=None, depth=0, draggable=False, fillColor=array([1, 1, 1]), fillColorSpace='rgb', fillRGB=array([1, 1, 1]), interpolate=True, lineColor=array([-1, -1, -1]), lineColorSpace='rgb', lineRGB=array([-1, -1, -1]), lineWidth=2, name='node3', opacity=1.0, ori=0.0, pos=array([-0.3464375 , -0.04981019]), size=array([1., 1.]), units='height', vertices=ndarray(...), win=Window(...))
68.9710 	EXP 	window1: mouseVisible = True
68.9728 	EXP 	Created node4 = Circle(__class__=<class 'psychopy.visual.circle.Circle'>, anchor=('center', 'center'), autoDraw=False, autoLog=True, closeShape=True, color=method-wrapper(...), colorSpace='rgb', contrast=None, depth=0, draggable=False, fillColor=array([1, 1, 1]), fillColorSpace='rgb', fillRGB=array([1, 1, 1]), interpolate=True, lineColor=array([-1, -1, -1]), lineColorSpace='rgb', lineRGB=array([-1, -1, -1]), lineWidth=2, name='node4', opacity=1.0, ori=0.0, pos=array([-0.26451235, -0.22920126]), size=array([1., 1.]), units='height', vertices=ndarray(...), win=Window(...))
68.9738 	EXP 	window1: mouseVisible = True
68.9757 	EXP 	Created node5 = Circle(__class__=<class 'psychopy.visual.circle.Circle'>, anchor=('center', 'center'), autoDraw=False, autoLog=True, closeShape=True, color=method-wrapper(...), colorSpace='rgb', contrast=None, depth=0, draggable=False, fillColor=array([1, 1, 1]), fillColorSpace='rgb', fillRGB=array([1, 1, 1]), interpolate=True, lineColor=array([-1, -1, -1]), lineColorSpace='rgb', lineRGB=array([-1, -1, -1]), lineWidth=2, name='node5', opacity=1.0, ori=0.0, pos=array([-0.09860639, -0.33582254]), size=array([1., 1.]), units='height', vertices=ndarray(...), win=Window(...))
68.9757 	EXP 	window1: mouseVisible = True
68.9929 	EXP 	Created unnamed ImageStim = ImageStim(__class__=<class 'psychopy.visual.image.ImageStim'>, anchor=('center', 'center'), autoLog=True, color=array([1., 1., 1.]), colorSpace='rgb', contrast=1.0, depth=0, draggable=False, flipHoriz=False, flipVert=False, image='images/pattern_1.png', interpolate=False, mask=None, maskParams=None, name='unnamed ImageStim', opacity=1.0, ori=0.0, pos=array([-0.09860639, -0.33582254]), size=array([0.12, 0.12]), texRes=128, units='height', win=Window(...))
68.9939 	EXP 	window1: mouseVisible = True
68.9958 	EXP 	Created node6 = Circle(__class__=<class 'psychopy.visual.circle.Circle'>, anchor=('center', 'center'), autoDraw=False, autoLog=True, closeShape=True, color=method-wrapper(...), colorSpace='rgb', contrast=None, depth=0, draggable=False, fillColor=array([1, 1, 1]), fillColorSpace='rgb', fillRGB=array([1, 1, 1]), interpolate=True, lineColor=array([-1, -1, -1]), lineColorSpace='rgb', lineRGB=array([-1, -1, -1]), lineWidth=2, name='node6', opacity=1.0, ori=0.0, pos=array([ 0.09860639, -0.33582254]), size=array([1., 1.]), units='height', vertices=ndarray(...), win=Window(...))
68.9968 	EXP 	window1: mouseVisible = True
68.9987 	EXP 	Created node7 = Circle(__class__=<class 'psychopy.visual.circle.Circle'>, anchor=('center', 'center'), autoDraw=False, autoLog=True, closeShape=True, color=method-wrapper(...), colorSpace='rgb', contrast=None, depth=0, draggable=False, fillColor=array([1, 1, 1]), fillColorSpace='rgb', fillRGB=array([1, 1, 1]), interpolate=True, lineColor=array([-1, -1, -1]), lineColorSpace='rgb', lineRGB=array([-1, -1, -1]), lineWidth=2, name='node7', opacity=1.0, ori=0.0, pos=array([ 0.26451235, -0.22920126]), size=array([1., 1.]), units='height', vertices=ndarray(...), win=Window(...))
68.9997 	EXP 	window1: mouseVisible = True
69.0015 	EXP 	Created node8 = Circle(__class__=<class 'psychopy.visual.circle.Circle'>, anchor=('center', 'center'), autoDraw=False, autoLog=True, closeShape=True, color=method-wrapper(...), colorSpace='rgb', contrast=None, depth=0, draggable=False, fillColor=array([1, 1, 1]), fillColorSpace='rgb', fillRGB=array([1, 1, 1]), interpolate=True, lineColor=array([-1, -1, -1]), lineColorSpace='rgb', lineRGB=array([-1, -1, -1]), lineWidth=2, name='node8', opacity=1.0, ori=0.0, pos=array([ 0.3464375 , -0.04981019]), size=array([1., 1.]), units='height', vertices=ndarray(...), win=Window(...))
69.0025 	EXP 	window1: mouseVisible = True
69.0043 	EXP 	Created node9 = Circle(__class__=<class 'psychopy.visual.circle.Circle'>, anchor=('center', 'center'), autoDraw=False, autoLog=True, closeShape=True, color=method-wrapper(...), colorSpace='rgb', contrast=None, depth=0, draggable=False, fillColor=array([1, 1, 1]), fillColorSpace='rgb', fillRGB=array([1, 1, 1]), interpolate=True, lineColor=array([-1, -1, -1]), lineColorSpace='rgb', lineRGB=array([-1, -1, -1]), lineWidth=2, name='node9', opacity=1.0, ori=0.0, pos=array([0.3183712 , 0.14539525]), size=array([1., 1.]), units='height', vertices=ndarray(...), win=Window(...))
69.0053 	EXP 	window1: mouseVisible = True
69.0072 	EXP 	Created node10 = Circle(__class__=<class 'psychopy.visual.circle.Circle'>, anchor=('center', 'center'), autoDraw=False, autoLog=True, closeShape=True, color=method-wrapper(...), colorSpace='rgb', contrast=None, depth=0, draggable=False, fillColor=array([1, 1, 1]), fillColorSpace='rgb', fillRGB=array([1, 1, 1]), interpolate=True, lineColor=array([-1, -1, -1]), lineColorSpace='rgb', lineRGB=array([-1, -1, -1]), lineWidth=2, name='node10', opacity=1.0, ori=0.0, pos=array([0.18922429, 0.29443874]), size=array([1., 1.]), units='height', vertices=ndarray(...), win=Window(...))
69.0072 	EXP 	window1: mouseVisible = True
69.0236 	EXP 	Created unnamed ImageStim = ImageStim(__class__=<class 'psychopy.visual.image.ImageStim'>, anchor=('center', 'center'), autoLog=True, color=array([1., 1., 1.]), colorSpace='rgb', contrast=1.0, depth=0, draggable=False, flipHoriz=False, flipVert=False, image='images/pattern_4.png', interpolate=False, mask=None, maskParams=None, name='unnamed ImageStim', opacity=1.0, ori=0.0, pos=array([0.18922429, 0.29443874]), size=array([0.12, 0.12]), texRes=128, units='height', win=Window(...))
69.0236 	EXP 	window1: mouseVisible = True
69.0241 	EXP 	Created unnamed Line = Line(__class__=<class 'psychopy.visual.line.Line'>, anchor=('center', 'center'), autoDraw=False, autoLog=True, closeShape=False, color=array([-1, -1, -1]), colorSpace='rgb', contrast=None, depth=2, draggable=False, fillColor=array([0, 0, 0]), fillColorSpace='rgb', fillRGB=array([0, 0, 0]), interpolate=True, lineColor=array([-1, -1, -1]), lineColorSpace='rgb', lineRGB=array([-1, -1, -1]), lineWidth=4, name='unnamed Line', opacity=0.5, ori=0.0, pos=array([0., 0.]), size=array([1., 1.]), units='height', vertices=ndarray(...), win=Window(...), windingRule=None)
69.0241 	EXP 	window1: mouseVisible = True
69.0245 	EXP 	Created unnamed ShapeStim = ShapeStim(__class__=<class 'psychopy.visual.shape.ShapeStim'>, anchor=('center', 'center'), autoDraw=False, autoLog=True, closeShape=True, color=method-wrapper(...), colorSpace='rgb', contrast=None, depth=0, draggable=False, fillColor=array([-1, -1, -1]), fillColorSpace='rgb', fillRGB=array([-1, -1, -1]), interpolate=True, lineColor=array([-1, -1, -1]), lineColorSpace='rgb', lineRGB=array([-1, -1, -1]), lineWidth=1.5, name='unnamed ShapeStim', opacity=1.0, ori=171.8181818181818, pos=array([-0.10572214, -0.28633147]), size=array([1., 1.]), units='height', vertices=ndarray(...), win=Window(...), windingRule=None)
69.0246 	EXP 	window1: mouseVisible = True
69.0249 	EXP 	Created unnamed Line = Line(__class__=<class 'psychopy.visual.line.Line'>, anchor=('center', 'center'), autoDraw=False, autoLog=True, closeShape=False, color=array([-1, -1, -1]), colorSpace='rgb', contrast=None, depth=2, draggable=False, fillColor=array([0, 0, 0]), fillColorSpace='rgb', fillRGB=array([0, 0, 0]), interpolate=True, lineColor=array([-1, -1, -1]), lineColorSpace='rgb', lineRGB=array([-1, -1, -1]), lineWidth=4, name='unnamed Line', opacity=0.5, ori=0.0, pos=array([0., 0.]), size=array([1., 1.]), units='height', vertices=ndarray(...), win=Window(...), windingRule=None)
69.0250 	EXP 	window1: mouseVisible = True
69.0253 	EXP 	Created unnamed ShapeStim = ShapeStim(__class__=<class 'psychopy.visual.shape.ShapeStim'>, anchor=('center', 'center'), autoDraw=False, autoLog=True, closeShape=True, color=method-wrapper(...), colorSpace='rgb', contrast=None, depth=0, draggable=False, fillColor=array([-1, -1, -1]), fillColorSpace='rgb', fillRGB=array([-1, -1, -1]), interpolate=True, lineColor=array([-1, -1, -1]), lineColorSpace='rgb', lineRGB=array([-1, -1, -1]), lineWidth=1.5, name='unnamed ShapeStim', opacity=1.0, ori=89.99999999999999, pos=array([0.13922429, 0.29443874]), size=array([1., 1.]), units='height', vertices=ndarray(...), win=Window(...), windingRule=None)
69.0254 	EXP 	window1: mouseVisible = True
69.0257 	EXP 	Created unnamed Rect = Rect(__class__=<class 'psychopy.visual.rect.Rect'>, anchor=('center', 'center'), autoDraw=False, autoLog=True, closeShape=True, color=method-wrapper(...), colorSpace='rgb', contrast=None, depth=0, draggable=False, fillColor=array([0.00392157, 0.00392157, 0.00392157]), fillColorSpace='rgb', fillRGB=array([0.00392157, 0.00392157, 0.00392157]), interpolate=True, lineColor=array([0, 0, 0]), lineColorSpace='rgb', lineRGB=array([0, 0, 0]), lineWidth=0, name='unnamed Rect', opacity=0.0, ori=0.0, pos=array([0.1, 0. ]), size=array([1.1, 1. ]), units='height', vertices=ndarray(...), win=Window(...))
69.0298 	EXP 	unnamed Rect: autoDraw = True
69.0298 	EXP 	node0: autoDraw = True
69.0298 	EXP 	node1: autoDraw = True
69.0298 	EXP 	node2: autoDraw = True
69.0298 	EXP 	node3: autoDraw = True
69.0298 	EXP 	node4: autoDraw = True
69.0298 	EXP 	node5: autoDraw = True
69.0298 	EXP 	unnamed ImageStim: autoDraw = True
69.0298 	EXP 	node6: autoDraw = True
69.0298 	EXP 	node7: autoDraw = True
69.0298 	EXP 	node8: autoDraw = True
69.0298 	EXP 	node9: autoDraw = True
69.0298 	EXP 	node10: autoDraw = True
69.0298 	EXP 	unnamed ImageStim: autoDraw = True
69.0298 	EXP 	unnamed Line: autoDraw = True
69.0298 	EXP 	unnamed Line: autoDraw = True
69.0298 	EXP 	unnamed ShapeStim: autoDraw = True
69.0298 	EXP 	unnamed Line: autoDraw = True
69.0298 	EXP 	unnamed Line: autoDraw = True
69.0298 	EXP 	unnamed ShapeStim: autoDraw = True
69.0298 	EXP 	unnamed Rect: autoDraw = True
69.0298 	EXP 	node1: fillColor = '#126DEF'
69.0353 	EXP 	node1: fillColor = '#126DEF'
69.0353 	EXP 	unnamed Line: autoDraw = False
69.0353 	EXP 	unnamed ShapeStim: autoDraw = False
69.0353 	EXP 	unnamed Line: autoDraw = True
69.0353 	EXP 	unnamed ShapeStim: autoDraw = True
69.0353 	EXP 	unnamed Line: autoDraw = False
69.0353 	EXP 	unnamed ShapeStim: autoDraw = False
69.0353 	EXP 	unnamed Line: autoDraw = True
69.0353 	EXP 	unnamed ShapeStim: autoDraw = True
69.0353 	EXP 	unnamed Line: foreColor = <psychopy.colors.Color: (1.0, 0.58, -0.87, 1.0)>
69.0353 	EXP 	unnamed Line: borderColor = <psychopy.colors.Color: (1.0, 0.58, -0.87, 1.0)>
69.0353 	EXP 	unnamed Line: fillColor = <psychopy.colors.Color: (1.0, 0.58, -0.87, 1.0)>
69.0353 	EXP 	unnamed ShapeStim: foreColor = <psychopy.colors.Color: (1.0, 0.58, -0.87, 1.0)>
69.0353 	EXP 	unnamed ShapeStim: borderColor = <psychopy.colors.Color: (1.0, 0.58, -0.87, 1.0)>
69.0353 	EXP 	unnamed ShapeStim: fillColor = <psychopy.colors.Color: (1.0, 0.58, -0.87, 1.0)>
70.0447 	DATA 	Keypress: f
70.0485 	EXP 	unnamed Line: foreColor = <psychopy.colors.Color: black, alpha=1.0>
70.0485 	EXP 	unnamed Line: borderColor = <psychopy.colors.Color: black, alpha=1.0>
70.0485 	EXP 	unnamed Line: fillColor = <psychopy.colors.Color: black, alpha=1.0>
70.0485 	EXP 	unnamed ShapeStim: foreColor = <psychopy.colors.Color: black, alpha=1.0>
70.0485 	EXP 	unnamed ShapeStim: borderColor = <psychopy.colors.Color: black, alpha=1.0>
70.0485 	EXP 	unnamed ShapeStim: fillColor = <psychopy.colors.Color: black, alpha=1.0>
70.0485 	EXP 	unnamed Line: foreColor = <psychopy.colors.Color: (1.0, 0.58, -0.87, 1.0)>
70.0485 	EXP 	unnamed Line: borderColor = <psychopy.colors.Color: (1.0, 0.58, -0.87, 1.0)>
70.0485 	EXP 	unnamed Line: fillColor = <psychopy.colors.Color: (1.0, 0.58, -0.87, 1.0)>
70.0485 	EXP 	unnamed ShapeStim: foreColor = <psychopy.colors.Color: (1.0, 0.58, -0.87, 1.0)>
70.0485 	EXP 	unnamed ShapeStim: borderColor = <psychopy.colors.Color: (1.0, 0.58, -0.87, 1.0)>
70.0485 	EXP 	unnamed ShapeStim: fillColor = <psychopy.colors.Color: (1.0, 0.58, -0.87, 1.0)>
70.5013 	DATA 	Keypress: j
70.5057 	EXP 	node10: fillColor = '#126DEF'
70.5057 	EXP 	node1: fillColor = 'white'
71.2058 	EXP 	window1: mouseVisible = True
71.2073 	EXP 	Created unnamed TextStim = TextStim(__class__=<class 'psychopy.visual.text.TextStim'>, alignHoriz=method-wrapper(...), alignText='center', alignVert=method-wrapper(...), anchorHoriz='center', anchorVert='center', antialias=True, autoDraw=False, autoLog=True, bold=True, color=array([ 0.23921569, -1.        , -0.98431373]), colorSpace='rgb', contrast=1.0, depth=0, draggable=False, flipHoriz=False, flipVert=False, font='', fontFiles=[], height=0.04, italic=False, languageStyle='LTR', name='unnamed TextStim', opacity=1.0, ori=0.0, pos=array([0.24922429, 0.35443874]), rgb=UNKNOWN, text='-1', units='height', win=Window(...), wrapWidth=1)
71.2113 	EXP 	node10: fillColor = 'white'
71.2113 	EXP 	unnamed ImageStim: autoDraw = True
72.2193 	EXP 	unnamed ImageStim: autoDraw = False
72.2193 	EXP 	unnamed Rect: autoDraw = False
72.2193 	EXP 	unnamed Rect: autoDraw = True
72.3726 	EXP 	unnamed Rect: autoDraw = False
72.3726 	EXP 	node0: autoDraw = False
72.3726 	EXP 	node1: autoDraw = False
72.3726 	EXP 	node2: autoDraw = False
72.3726 	EXP 	node3: autoDraw = False
72.3726 	EXP 	node4: autoDraw = False
72.3726 	EXP 	node5: autoDraw = False
72.3726 	EXP 	unnamed ImageStim: autoDraw = False
72.3726 	EXP 	node6: autoDraw = False
72.3726 	EXP 	node7: autoDraw = False
72.3726 	EXP 	node8: autoDraw = False
72.3726 	EXP 	node9: autoDraw = False
72.3726 	EXP 	node10: autoDraw = False
72.3726 	EXP 	unnamed ImageStim: autoDraw = False
72.3726 	EXP 	unnamed Line: autoDraw = False
72.3726 	EXP 	unnamed ShapeStim: autoDraw = False
72.3726 	EXP 	unnamed Line: autoDraw = False
72.3726 	EXP 	unnamed ShapeStim: autoDraw = False
72.3726 	EXP 	unnamed Rect: autoDraw = False
72.3865 	INFO 	Mouse: using default window
72.3865 	EXP 	window1: mouseVisible = True
72.3866 	EXP 	window1: mouseVisible = True
72.3914 	EXP 	Created unnamed TextStim = TextStim(__class__=<class 'psychopy.visual.text.TextStim'>, alignHoriz=method-wrapper(...), alignText='center', alignVert=method-wrapper(...), anchorHoriz='center', anchorVert='center', antialias=True, autoDraw=False, autoLog=True, bold=False, color=array([1, 1, 1]), colorSpace='rgb', contrast=1.0, depth=0, draggable=False, flipHoriz=False, flipVert=False, font='', fontFiles=[], height=0.035, italic=False, languageStyle='LTR', name='unnamed TextStim', opacity=1.0, ori=0.0, pos=array([0., 0.]), rgb=UNKNOWN, text='press Space to start', units='height', win=Window(...), wrapWidth=1)
72.6373 	DATA 	Keypress: space
72.6378 	EXP 	window1: mouseVisible = True
72.6382 	EXP 	Created unnamed Rect = Rect(__class__=<class 'psychopy.visual.rect.Rect'>, anchor=('center', 'center'), autoDraw=False, autoLog=True, closeShape=True, color=method-wrapper(...), colorSpace='rgb', contrast=None, depth=0, draggable=False, fillColor=array([0.00392157, 0.00392157, 0.00392157]), fillColorSpace='rgb', fillRGB=array([0.00392157, 0.00392157, 0.00392157]), interpolate=True, lineColor=array([0, 0, 0]), lineColorSpace='rgb', lineRGB=array([0, 0, 0]), lineWidth=0, name='unnamed Rect', opacity=0.5, ori=0.0, pos=array([-0.65,  0.45]), size=array([0.1, 0.1]), units='height', vertices=ndarray(...), win=Window(...))
72.6393 	EXP 	window1: mouseVisible = True
72.6412 	EXP 	Created node0 = Circle(__class__=<class 'psychopy.visual.circle.Circle'>, anchor=('center', 'center'), autoDraw=False, autoLog=True, closeShape=True, color=method-wrapper(...), colorSpace='rgb', contrast=None, depth=0, draggable=False, fillColor=array([1, 1, 1]), fillColorSpace='rgb', fillRGB=array([1, 1, 1]), interpolate=True, lineColor=array([-1, -1, -1]), lineColorSpace='rgb', lineRGB=array([-1, -1, -1]), lineWidth=2, name='node0', opacity=1.0, ori=0.0, pos=array([0.  , 0.35]), size=array([1., 1.]), units='height', vertices=ndarray(...), win=Window(...))
72.6422 	EXP 	window1: mouseVisible = True
72.6441 	EXP 	Created node1 = Circle(__class__=<class 'psychopy.visual.circle.Circle'>, anchor=('center', 'center'), autoDraw=False, autoLog=True, closeShape=True, color=method-wrapper(...), colorSpace='rgb', contrast=None, depth=0, draggable=False, fillColor=array([1, 1, 1]), fillColorSpace='rgb', fillRGB=array([1, 1, 1]), interpolate=True, lineColor=array([-1, -1, -1]), lineColorSpace='rgb', lineRGB=array([-1, -1, -1]), lineWidth=2, name='node1', opacity=1.0, ori=0.0, pos=array([-0.18922429,  0.29443874]), size=array([1., 1.]), units='height', vertices=ndarray(...), win=Window(...))
72.6451 	EXP 	window1: mouseVisible = True
72.6470 	EXP 	Created node2 = Circle(__class__=<class 'psychopy.visual.circle.Circle'>, anchor=('center', 'center'), autoDraw=False, autoLog=True, closeShape=True, color=method-wrapper(...), colorSpace='rgb', contrast=None, depth=0, draggable=False, fillColor=array([1, 1, 1]), fillColorSpace='rgb', fillRGB=array([1, 1, 1]), interpolate=True, lineColor=array([-1, -1, -1]), lineColorSpace='rgb', lineRGB=array([-1, -1, -1]), lineWidth=2, name='node2', opacity=1.0, ori=0.0, pos=array([-0.3183712 ,  0.14539525]), size=array([1., 1.]), units='height', vertices=ndarray(...), win=Window(...))
72.6480 	EXP 	window1: mouseVisible = True
72.6498 	EXP 	Created node3 = Circle(__class__=<class 'psychopy.visual.circle.Circle'>, anchor=('center', 'center'), autoDraw=False, autoLog=True, closeShape=True, color=method-wrapper(...), colorSpace='rgb', contrast=None, depth=0, draggable=False, fillColor=array([1, 1, 1]), fillColorSpace='rgb', fillRGB=array([1, 1, 1]), interpolate=True, lineColor=array([-1, -1, -1]), lineColorSpace='rgb', lineRGB=array([-1, -1, -1]), lineWidth=2, name='node3', opacity=1.0, ori=0.0, pos=array([-0.3464375 , -0.04981019]), size=array([1., 1.]), units='height', vertices=ndarray(...), win=Window(...))
72.6508 	EXP 	window1: mouseVisible = True
72.6527 	EXP 	Created node4 = Circle(__class__=<class 'psychopy.visual.circle.Circle'>, anchor=('center', 'center'), autoDraw=False, autoLog=True, closeShape=True, color=method-wrapper(...), colorSpace='rgb', contrast=None, depth=0, draggable=False, fillColor=array([1, 1, 1]), fillColorSpace='rgb', fillRGB=array([1, 1, 1]), interpolate=True, lineColor=array([-1, -1, -1]), lineColorSpace='rgb', lineRGB=array([-1, -1, -1]), lineWidth=2, name='node4', opacity=1.0, ori=0.0, pos=array([-0.26451235, -0.22920126]), size=array([1., 1.]), units='height', vertices=ndarray(...), win=Window(...))
72.6537 	EXP 	window1: mouseVisible = True
72.6556 	EXP 	Created node5 = Circle(__class__=<class 'psychopy.visual.circle.Circle'>, anchor=('center', 'center'), autoDraw=False, autoLog=True, closeShape=True, color=method-wrapper(...), colorSpace='rgb', contrast=None, depth=0, draggable=False, fillColor=array([1, 1, 1]), fillColorSpace='rgb', fillRGB=array([1, 1, 1]), interpolate=True, lineColor=array([-1, -1, -1]), lineColorSpace='rgb', lineRGB=array([-1, -1, -1]), lineWidth=2, name='node5', opacity=1.0, ori=0.0, pos=array([-0.09860639, -0.33582254]), size=array([1., 1.]), units='height', vertices=ndarray(...), win=Window(...))
72.6566 	EXP 	window1: mouseVisible = True
72.6584 	EXP 	Created node6 = Circle(__class__=<class 'psychopy.visual.circle.Circle'>, anchor=('center', 'center'), autoDraw=False, autoLog=True, closeShape=True, color=method-wrapper(...), colorSpace='rgb', contrast=None, depth=0, draggable=False, fillColor=array([1, 1, 1]), fillColorSpace='rgb', fillRGB=array([1, 1, 1]), interpolate=True, lineColor=array([-1, -1, -1]), lineColorSpace='rgb', lineRGB=array([-1, -1, -1]), lineWidth=2, name='node6', opacity=1.0, ori=0.0, pos=array([ 0.09860639, -0.33582254]), size=array([1., 1.]), units='height', vertices=ndarray(...), win=Window(...))
72.6594 	EXP 	window1: mouseVisible = True
72.6613 	EXP 	Created node7 = Circle(__class__=<class 'psychopy.visual.circle.Circle'>, anchor=('center', 'center'), autoDraw=False, autoLog=True, closeShape=True, color=method-wrapper(...), colorSpace='rgb', contrast=None, depth=0, draggable=False, fillColor=array([1, 1, 1]), fillColorSpace='rgb', fillRGB=array([1, 1, 1]), interpolate=True, lineColor=array([-1, -1, -1]), lineColorSpace='rgb', lineRGB=array([-1, -1, -1]), lineWidth=2, name='node7', opacity=1.0, ori=0.0, pos=array([ 0.26451235, -0.22920126]), size=array([1., 1.]), units='height', vertices=ndarray(...), win=Window(...))
72.6623 	EXP 	window1: mouseVisible = True
72.6641 	EXP 	Created node8 = Circle(__class__=<class 'psychopy.visual.circle.Circle'>, anchor=('center', 'center'), autoDraw=False, autoLog=True, closeShape=True, color=method-wrapper(...), colorSpace='rgb', contrast=None, depth=0, draggable=False, fillColor=array([1, 1, 1]), fillColorSpace='rgb', fillRGB=array([1, 1, 1]), interpolate=True, lineColor=array([-1, -1, -1]), lineColorSpace='rgb', lineRGB=array([-1, -1, -1]), lineWidth=2, name='node8', opacity=1.0, ori=0.0, pos=array([ 0.3464375 , -0.04981019]), size=array([1., 1.]), units='height', vertices=ndarray(...), win=Window(...))
72.6642 	EXP 	window1: mouseVisible = True
72.6820 	EXP 	Created unnamed ImageStim = ImageStim(__class__=<class 'psychopy.visual.image.ImageStim'>, anchor=('center', 'center'), autoLog=True, color=array([1., 1., 1.]), colorSpace='rgb', contrast=1.0, depth=0, draggable=False, flipHoriz=False, flipVert=False, image='images/pattern_7.png', interpolate=False, mask=None, maskParams=None, name='unnamed ImageStim', opacity=1.0, ori=0.0, pos=array([ 0.3464375 , -0.04981019]), size=array([0.12, 0.12]), texRes=128, units='height', win=Window(...))
72.6830 	EXP 	window1: mouseVisible = True
72.6849 	EXP 	Created node9 = Circle(__class__=<class 'psychopy.visual.circle.Circle'>, anchor=('center', 'center'), autoDraw=False, autoLog=True, closeShape=True, color=method-wrapper(...), colorSpace='rgb', contrast=None, depth=0, draggable=False, fillColor=array([1, 1, 1]), fillColorSpace='rgb', fillRGB=array([1, 1, 1]), interpolate=True, lineColor=array([-1, -1, -1]), lineColorSpace='rgb', lineRGB=array([-1, -1, -1]), lineWidth=2, name='node9', opacity=1.0, ori=0.0, pos=array([0.3183712 , 0.14539525]), size=array([1., 1.]), units='height', vertices=ndarray(...), win=Window(...))
72.6859 	EXP 	window1: mouseVisible = True
72.6878 	EXP 	Created node10 = Circle(__class__=<class 'psychopy.visual.circle.Circle'>, anchor=('center', 'center'), autoDraw=False, autoLog=True, closeShape=True, color=method-wrapper(...), colorSpace='rgb', contrast=None, depth=0, draggable=False, fillColor=array([1, 1, 1]), fillColorSpace='rgb', fillRGB=array([1, 1, 1]), interpolate=True, lineColor=array([-1, -1, -1]), lineColorSpace='rgb', lineRGB=array([-1, -1, -1]), lineWidth=2, name='node10', opacity=1.0, ori=0.0, pos=array([0.18922429, 0.29443874]), size=array([1., 1.]), units='height', vertices=ndarray(...), win=Window(...))
72.6879 	EXP 	window1: mouseVisible = True
72.7059 	EXP 	Created unnamed ImageStim = ImageStim(__class__=<class 'psychopy.visual.image.ImageStim'>, anchor=('center', 'center'), autoLog=True, color=array([1., 1., 1.]), colorSpace='rgb', contrast=1.0, depth=0, draggable=False, flipHoriz=False, flipVert=False, image='images/pattern_9.png', interpolate=False, mask=None, maskParams=None, name='unnamed ImageStim', opacity=1.0, ori=0.0, pos=array([0.18922429, 0.29443874]), size=array([0.12, 0.12]), texRes=128, units='height', win=Window(...))
72.7060 	EXP 	window1: mouseVisible = True
72.7064 	EXP 	Created unnamed Line = Line(__class__=<class 'psychopy.visual.line.Line'>, anchor=('center', 'center'), autoDraw=False, autoLog=True, closeShape=False, color=array([-1, -1, -1]), colorSpace='rgb', contrast=None, depth=2, draggable=False, fillColor=array([0, 0, 0]), fillColorSpace='rgb', fillRGB=array([0, 0, 0]), interpolate=True, lineColor=array([-1, -1, -1]), lineColorSpace='rgb', lineRGB=array([-1, -1, -1]), lineWidth=4, name='unnamed Line', opacity=0.5, ori=0.0, pos=array([0., 0.]), size=array([1., 1.]), units='height', vertices=ndarray(...), win=Window(...), windingRule=None)
72.7065 	EXP 	window1: mouseVisible = True
72.7069 	EXP 	Created unnamed ShapeStim = ShapeStim(__class__=<class 'psychopy.visual.shape.ShapeStim'>, anchor=('center', 'center'), autoDraw=False, autoLog=True, closeShape=True, color=method-wrapper(...), colorSpace='rgb', contrast=None, depth=0, draggable=False, fillColor=array([-1, -1, -1]), fillColorSpace='rgb', fillRGB=array([-1, -1, -1]), interpolate=True, lineColor=array([-1, -1, -1]), lineColorSpace='rgb', lineRGB=array([-1, -1, -1]), lineWidth=1.5, name='unnamed ShapeStim', opacity=1.0, ori=57.27272727272728, pos=array([0.14716161, 0.2674067 ]), size=array([1., 1.]), units='height', vertices=ndarray(...), win=Window(...), windingRule=None)
72.7070 	EXP 	window1: mouseVisible = True
72.7073 	EXP 	Created unnamed Line = Line(__class__=<class 'psychopy.visual.line.Line'>, anchor=('center', 'center'), autoDraw=False, autoLog=True, closeShape=False, color=array([-1, -1, -1]), colorSpace='rgb', contrast=None, depth=2, draggable=False, fillColor=array([0, 0, 0]), fillColorSpace='rgb', fillRGB=array([0, 0, 0]), interpolate=True, lineColor=array([-1, -1, -1]), lineColorSpace='rgb', lineRGB=array([-1, -1, -1]), lineWidth=4, name='unnamed Line', opacity=0.5, ori=0.0, pos=array([0., 0.]), size=array([1., 1.]), units='height', vertices=ndarray(...), win=Window(...), windingRule=None)
72.7074 	EXP 	window1: mouseVisible = True
72.7077 	EXP 	Created unnamed ShapeStim = ShapeStim(__class__=<class 'psychopy.visual.shape.ShapeStim'>, anchor=('center', 'center'), autoDraw=False, autoLog=True, closeShape=True, color=method-wrapper(...), colorSpace='rgb', contrast=None, depth=0, draggable=False, fillColor=array([-1, -1, -1]), fillColorSpace='rgb', fillRGB=array([-1, -1, -1]), interpolate=True, lineColor=array([-1, -1, -1]), lineColorSpace='rgb', lineRGB=array([-1, -1, -1]), lineWidth=1.5, name='unnamed ShapeStim', opacity=1.0, ori=90.00000000000001, pos=array([ 0.2964375 , -0.04981019]), size=array([1., 1.]), units='height', vertices=ndarray(...), win=Window(...), windingRule=None)
72.7078 	EXP 	window1: mouseVisible = True
72.7081 	EXP 	Created unnamed Rect = Rect(__class__=<class 'psychopy.visual.rect.Rect'>, anchor=('center', 'center'), autoDraw=False, autoLog=True, closeShape=True, color=method-wrapper(...), colorSpace='rgb', contrast=None, depth=0, draggable=False, fillColor=array([0.00392157, 0.00392157, 0.00392157]), fillColorSpace='rgb', fillRGB=array([0.00392157, 0.00392157, 0.00392157]), interpolate=True, lineColor=array([0, 0, 0]), lineColorSpace='rgb', lineRGB=array([0, 0, 0]), lineWidth=0, name='unnamed Rect', opacity=0.0, ori=0.0, pos=array([0.1, 0. ]), size=array([1.1, 1. ]), units='height', vertices=ndarray(...), win=Window(...))
72.7122 	EXP 	unnamed Rect: autoDraw = True
72.7122 	EXP 	node0: autoDraw = True
72.7122 	EXP 	node1: autoDraw = True
72.7122 	EXP 	node2: autoDraw = True
72.7122 	EXP 	node3: autoDraw = True
72.7122 	EXP 	node4: autoDraw = True
72.7122 	EXP 	node5: autoDraw = True
72.7122 	EXP 	node6: autoDraw = True
72.7122 	EXP 	node7: autoDraw = True
72.7122 	EXP 	node8: autoDraw = True
72.7122 	EXP 	unnamed ImageStim: autoDraw = True
72.7122 	EXP 	node9: autoDraw = True
72.7122 	EXP 	node10: autoDraw = True
72.7122 	EXP 	unnamed ImageStim: autoDraw = True
72.7122 	EXP 	unnamed Line: autoDraw = True
72.7122 	EXP 	unnamed Line: autoDraw = True
72.7122 	EXP 	unnamed ShapeStim: autoDraw = True
72.7122 	EXP 	unnamed Line: autoDraw = True
72.7122 	EXP 	unnamed Line: autoDraw = True
72.7122 	EXP 	unnamed ShapeStim: autoDraw = True
72.7122 	EXP 	unnamed Rect: autoDraw = True
72.7122 	EXP 	node3: fillColor = '#126DEF'
72.7188 	EXP 	node3: fillColor = '#126DEF'
72.7188 	EXP 	unnamed Line: autoDraw = False
72.7188 	EXP 	unnamed ShapeStim: autoDraw = False
72.7188 	EXP 	unnamed Line: autoDraw = True
72.7188 	EXP 	unnamed ShapeStim: autoDraw = True
72.7188 	EXP 	unnamed Line: autoDraw = False
72.7188 	EXP 	unnamed ShapeStim: autoDraw = False
72.7188 	EXP 	unnamed Line: autoDraw = True
72.7188 	EXP 	unnamed ShapeStim: autoDraw = True
72.7188 	EXP 	unnamed Line: foreColor = <psychopy.colors.Color: (1.0, 0.58, -0.87, 1.0)>
72.7188 	EXP 	unnamed Line: borderColor = <psychopy.colors.Color: (1.0, 0.58, -0.87, 1.0)>
72.7188 	EXP 	unnamed Line: fillColor = <psychopy.colors.Color: (1.0, 0.58, -0.87, 1.0)>
72.7188 	EXP 	unnamed ShapeStim: foreColor = <psychopy.colors.Color: (1.0, 0.58, -0.87, 1.0)>
72.7188 	EXP 	unnamed ShapeStim: borderColor = <psychopy.colors.Color: (1.0, 0.58, -0.87, 1.0)>
72.7188 	EXP 	unnamed ShapeStim: fillColor = <psychopy.colors.Color: (1.0, 0.58, -0.87, 1.0)>
73.8212 	DATA 	Keypress: j
73.8256 	EXP 	node10: fillColor = '#126DEF'
73.8256 	EXP 	node3: fillColor = 'white'
74.5258 	EXP 	window1: mouseVisible = True
74.5272 	EXP 	Created unnamed TextStim = TextStim(__class__=<class 'psychopy.visual.text.TextStim'>, alignHoriz=method-wrapper(...), alignText='center', alignVert=method-wrapper(...), anchorHoriz='center', anchorVert='center', antialias=True, autoDraw=False, autoLog=True, bold=True, color=array([-0.88235294, -0.12156863, -0.97647059]), colorSpace='rgb', contrast=1.0, depth=0, draggable=False, flipHoriz=False, flipVert=False, font='', fontFiles=[], height=0.04, italic=False, languageStyle='LTR', name='unnamed TextStim', opacity=1.0, ori=0.0, pos=array([0.24922429, 0.35443874]), rgb=UNKNOWN, text='+4', units='height', win=Window(...), wrapWidth=1)
74.5315 	EXP 	node10: fillColor = 'white'
74.5315 	EXP 	unnamed ImageStim: autoDraw = True
75.5392 	EXP 	unnamed ImageStim: autoDraw = False
75.5392 	EXP 	unnamed Rect: autoDraw = False
75.5392 	EXP 	unnamed Rect: autoDraw = True
75.6548 	EXP 	unnamed Rect: autoDraw = False
75.6548 	EXP 	node0: autoDraw = False
75.6548 	EXP 	node1: autoDraw = False
75.6548 	EXP 	node2: autoDraw = False
75.6548 	EXP 	node3: autoDraw = False
75.6548 	EXP 	node4: autoDraw = False
75.6548 	EXP 	node5: autoDraw = False
75.6548 	EXP 	node6: autoDraw = False
75.6548 	EXP 	node7: autoDraw = False
75.6548 	EXP 	node8: autoDraw = False
75.6548 	EXP 	unnamed ImageStim: autoDraw = False
75.6548 	EXP 	node9: autoDraw = False
75.6548 	EXP 	node10: autoDraw = False
75.6548 	EXP 	unnamed ImageStim: autoDraw = False
75.6548 	EXP 	unnamed Line: autoDraw = False
75.6548 	EXP 	unnamed ShapeStim: autoDraw = False
75.6548 	EXP 	unnamed Line: autoDraw = False
75.6548 	EXP 	unnamed ShapeStim: autoDraw = False
75.6548 	EXP 	unnamed Rect: autoDraw = False
76.4054 	DATA 	Keypress: space
76.4177 	INFO 	Mouse: using default window
76.4177 	EXP 	window1: mouseVisible = True
76.4178 	EXP 	window1: mouseVisible = True
76.4208 	EXP 	Created unnamed TextStim = TextStim(__class__=<class 'psychopy.visual.text.TextStim'>, alignHoriz=method-wrapper(...), alignText='center', alignVert=method-wrapper(...), anchorHoriz='center', anchorVert='center', antialias=True, autoDraw=False, autoLog=True, bold=False, color=array([1, 1, 1]), colorSpace='rgb', contrast=1.0, depth=0, draggable=False, flipHoriz=False, flipVert=False, font='', fontFiles=[], height=0.035, italic=False, languageStyle='LTR', name='unnamed TextStim', opacity=1.0, ori=0.0, pos=array([0., 0.]), rgb=UNKNOWN, text='press Space to start', units='height', win=Window(...), wrapWidth=1)
76.9652 	DATA 	Keypress: space
76.9657 	EXP 	window1: mouseVisible = True
76.9661 	EXP 	Created unnamed Rect = Rect(__class__=<class 'psychopy.visual.rect.Rect'>, anchor=('center', 'center'), autoDraw=False, autoLog=True, closeShape=True, color=method-wrapper(...), colorSpace='rgb', contrast=None, depth=0, draggable=False, fillColor=array([0.00392157, 0.00392157, 0.00392157]), fillColorSpace='rgb', fillRGB=array([0.00392157, 0.00392157, 0.00392157]), interpolate=True, lineColor=array([0, 0, 0]), lineColorSpace='rgb', lineRGB=array([0, 0, 0]), lineWidth=0, name='unnamed Rect', opacity=0.5, ori=0.0, pos=array([-0.65,  0.45]), size=array([0.1, 0.1]), units='height', vertices=ndarray(...), win=Window(...))
76.9672 	EXP 	window1: mouseVisible = True
76.9691 	EXP 	Created node0 = Circle(__class__=<class 'psychopy.visual.circle.Circle'>, anchor=('center', 'center'), autoDraw=False, autoLog=True, closeShape=True, color=method-wrapper(...), colorSpace='rgb', contrast=None, depth=0, draggable=False, fillColor=array([1, 1, 1]), fillColorSpace='rgb', fillRGB=array([1, 1, 1]), interpolate=True, lineColor=array([-1, -1, -1]), lineColorSpace='rgb', lineRGB=array([-1, -1, -1]), lineWidth=2, name='node0', opacity=1.0, ori=0.0, pos=array([0.  , 0.35]), size=array([1., 1.]), units='height', vertices=ndarray(...), win=Window(...))
76.9692 	EXP 	window1: mouseVisible = True
76.9870 	EXP 	Created unnamed ImageStim = ImageStim(__class__=<class 'psychopy.visual.image.ImageStim'>, anchor=('center', 'center'), autoLog=True, color=array([1., 1., 1.]), colorSpace='rgb', contrast=1.0, depth=0, draggable=False, flipHoriz=False, flipVert=False, image='images/pattern_7.png', interpolate=False, mask=None, maskParams=None, name='unnamed ImageStim', opacity=1.0, ori=0.0, pos=array([0.  , 0.35]), size=array([0.12, 0.12]), texRes=128, units='height', win=Window(...))
76.9880 	EXP 	window1: mouseVisible = True
76.9899 	EXP 	Created node1 = Circle(__class__=<class 'psychopy.visual.circle.Circle'>, anchor=('center', 'center'), autoDraw=False, autoLog=True, closeShape=True, color=method-wrapper(...), colorSpace='rgb', contrast=None, depth=0, draggable=False, fillColor=array([1, 1, 1]), fillColorSpace='rgb', fillRGB=array([1, 1, 1]), interpolate=True, lineColor=array([-1, -1, -1]), lineColorSpace='rgb', lineRGB=array([-1, -1, -1]), lineWidth=2, name='node1', opacity=1.0, ori=0.0, pos=array([-0.18922429,  0.29443874]), size=array([1., 1.]), units='height', vertices=ndarray(...), win=Window(...))
76.9900 	EXP 	window1: mouseVisible = True
77.0065 	EXP 	Created unnamed ImageStim = ImageStim(__class__=<class 'psychopy.visual.image.ImageStim'>, anchor=('center', 'center'), autoLog=True, color=array([1., 1., 1.]), colorSpace='rgb', contrast=1.0, depth=0, draggable=False, flipHoriz=False, flipVert=False, image='images/pattern_6.png', interpolate=False, mask=None, maskParams=None, name='unnamed ImageStim', opacity=1.0, ori=0.0, pos=array([-0.18922429,  0.29443874]), size=array([0.12, 0.12]), texRes=128, units='height', win=Window(...))
77.0076 	EXP 	window1: mouseVisible = True
77.0095 	EXP 	Created node2 = Circle(__class__=<class 'psychopy.visual.circle.Circle'>, anchor=('center', 'center'), autoDraw=False, autoLog=True, closeShape=True, color=method-wrapper(...), colorSpace='rgb', contrast=None, depth=0, draggable=False, fillColor=array([1, 1, 1]), fillColorSpace='rgb', fillRGB=array([1, 1, 1]), interpolate=True, lineColor=array([-1, -1, -1]), lineColorSpace='rgb', lineRGB=array([-1, -1, -1]), lineWidth=2, name='node2', opacity=1.0, ori=0.0, pos=array([-0.3183712 ,  0.14539525]), size=array([1., 1.]), units='height', vertices=ndarray(...), win=Window(...))
77.0095 	EXP 	window1: mouseVisible = True
77.0260 	EXP 	Created unnamed ImageStim = ImageStim(__class__=<class 'psychopy.visual.image.ImageStim'>, anchor=('center', 'center'), autoLog=True, color=array([1., 1., 1.]), colorSpace='rgb', contrast=1.0, depth=0, draggable=False, flipHoriz=False, flipVert=False, image='images/pattern_3.png', interpolate=False, mask=None, maskParams=None, name='unnamed ImageStim', opacity=1.0, ori=0.0, pos=array([-0.3183712 ,  0.14539525]), size=array([0.12, 0.12]), texRes=128, units='height', win=Window(...))
77.0270 	EXP 	window1: mouseVisible = True
77.0289 	EXP 	Created node3 = Circle(__class__=<class 'psychopy.visual.circle.Circle'>, anchor=('center', 'center'), autoDraw=False, autoLog=True, closeShape=True, color=method-wrapper(...), colorSpace='rgb', contrast=None, depth=0, draggable=False, fillColor=array([1, 1, 1]), fillColorSpace='rgb', fillRGB=array([1, 1, 1]), interpolate=True, lineColor=array([-1, -1, -1]), lineColorSpace='rgb', lineRGB=array([-1, -1, -1]), lineWidth=2, name='node3', opacity=1.0, ori=0.0, pos=array([-0.3464375 , -0.04981019]), size=array([1., 1.]), units='height', vertices=ndarray(...), win=Window(...))
77.0290 	EXP 	window1: mouseVisible = True
77.0468 	EXP 	Created unnamed ImageStim = ImageStim(__class__=<class 'psychopy.visual.image.ImageStim'>, anchor=('center', 'center'), autoLog=True, color=array([1., 1., 1.]), colorSpace='rgb', contrast=1.0, depth=0, draggable=False, flipHoriz=False, flipVert=False, image='images/pattern_8.png', interpolate=False, mask=None, maskParams=None, name='unnamed ImageStim', opacity=1.0, ori=0.0, pos=array([-0.3464375 , -0.04981019]), size=array([0.12, 0.12]), texRes=128, units='height', win=Window(...))
77.0479 	EXP 	window1: mouseVisible = True
77.0497 	EXP 	Created node4 = Circle(__class__=<class 'psychopy.visual.circle.Circle'>, anchor=('center', 'center'), autoDraw=False, autoLog=True, closeShape=True, color=method-wrapper(...), colorSpace='rgb', contrast=None, depth=0, draggable=False, fillColor=array([1, 1, 1]), fillColorSpace='rgb', fillRGB=array([1, 1, 1]), interpolate=True, lineColor=array([-1, -1, -1]), lineColorSpace='rgb', lineRGB=array([-1, -1, -1]), lineWidth=2, name='node4', opacity=1.0, ori=0.0, pos=array([-0.26451235, -0.22920126]), size=array([1., 1.]), units='height', vertices=ndarray(...), win=Window(...))
77.0507 	EXP 	window1: mouseVisible = True
77.0527 	EXP 	Created node5 = Circle(__class__=<class 'psychopy.visual.circle.Circle'>, anchor=('center', 'center'), autoDraw=False, autoLog=True, closeShape=True, color=method-wrapper(...), colorSpace='rgb', contrast=None, depth=0, draggable=False, fillColor=array([1, 1, 1]), fillColorSpace='rgb', fillRGB=array([1, 1, 1]), interpolate=True, lineColor=array([-1, -1, -1]), lineColorSpace='rgb', lineRGB=array([-1, -1, -1]), lineWidth=2, name='node5', opacity=1.0, ori=0.0, pos=array([-0.09860639, -0.33582254]), size=array([1., 1.]), units='height', vertices=ndarray(...), win=Window(...))
77.0527 	EXP 	window1: mouseVisible = True
77.0694 	EXP 	Created unnamed ImageStim = ImageStim(__class__=<class 'psychopy.visual.image.ImageStim'>, anchor=('center', 'center'), autoLog=True, color=array([1., 1., 1.]), colorSpace='rgb', contrast=1.0, depth=0, draggable=False, flipHoriz=False, flipVert=False, image='images/pattern_1.png', interpolate=False, mask=None, maskParams=None, name='unnamed ImageStim', opacity=1.0, ori=0.0, pos=array([-0.09860639, -0.33582254]), size=array([0.12, 0.12]), texRes=128, units='height', win=Window(...))
77.0704 	EXP 	window1: mouseVisible = True
77.0723 	EXP 	Created node6 = Circle(__class__=<class 'psychopy.visual.circle.Circle'>, anchor=('center', 'center'), autoDraw=False, autoLog=True, closeShape=True, color=method-wrapper(...), colorSpace='rgb', contrast=None, depth=0, draggable=False, fillColor=array([1, 1, 1]), fillColorSpace='rgb', fillRGB=array([1, 1, 1]), interpolate=True, lineColor=array([-1, -1, -1]), lineColorSpace='rgb', lineRGB=array([-1, -1, -1]), lineWidth=2, name='node6', opacity=1.0, ori=0.0, pos=array([ 0.09860639, -0.33582254]), size=array([1., 1.]), units='height', vertices=ndarray(...), win=Window(...))
77.0723 	EXP 	window1: mouseVisible = True
77.0887 	EXP 	Created unnamed ImageStim = ImageStim(__class__=<class 'psychopy.visual.image.ImageStim'>, anchor=('center', 'center'), autoLog=True, color=array([1., 1., 1.]), colorSpace='rgb', contrast=1.0, depth=0, draggable=False, flipHoriz=False, flipVert=False, image='images/pattern_3.png', interpolate=False, mask=None, maskParams=None, name='unnamed ImageStim', opacity=1.0, ori=0.0, pos=array([ 0.09860639, -0.33582254]), size=array([0.12, 0.12]), texRes=128, units='height', win=Window(...))
77.0897 	EXP 	window1: mouseVisible = True
77.0916 	EXP 	Created node7 = Circle(__class__=<class 'psychopy.visual.circle.Circle'>, anchor=('center', 'center'), autoDraw=False, autoLog=True, closeShape=True, color=method-wrapper(...), colorSpace='rgb', contrast=None, depth=0, draggable=False, fillColor=array([1, 1, 1]), fillColorSpace='rgb', fillRGB=array([1, 1, 1]), interpolate=True, lineColor=array([-1, -1, -1]), lineColorSpace='rgb', lineRGB=array([-1, -1, -1]), lineWidth=2, name='node7', opacity=1.0, ori=0.0, pos=array([ 0.26451235, -0.22920126]), size=array([1., 1.]), units='height', vertices=ndarray(...), win=Window(...))
77.0916 	EXP 	window1: mouseVisible = True
77.1085 	EXP 	Created unnamed ImageStim = ImageStim(__class__=<class 'psychopy.visual.image.ImageStim'>, anchor=('center', 'center'), autoLog=True, color=array([1., 1., 1.]), colorSpace='rgb', contrast=1.0, depth=0, draggable=False, flipHoriz=False, flipVert=False, image='images/pattern_5.png', interpolate=False, mask=None, maskParams=None, name='unnamed ImageStim', opacity=1.0, ori=0.0, pos=array([ 0.26451235, -0.22920126]), size=array([0.12, 0.12]), texRes=128, units='height', win=Window(...))
77.1095 	EXP 	window1: mouseVisible = True
77.1114 	EXP 	Created node8 = Circle(__class__=<class 'psychopy.visual.circle.Circle'>, anchor=('center', 'center'), autoDraw=False, autoLog=True, closeShape=True, color=method-wrapper(...), colorSpace='rgb', contrast=None, depth=0, draggable=False, fillColor=array([1, 1, 1]), fillColorSpace='rgb', fillRGB=array([1, 1, 1]), interpolate=True, lineColor=array([-1, -1, -1]), lineColorSpace='rgb', lineRGB=array([-1, -1, -1]), lineWidth=2, name='node8', opacity=1.0, ori=0.0, pos=array([ 0.3464375 , -0.04981019]), size=array([1., 1.]), units='height', vertices=ndarray(...), win=Window(...))
77.1114 	EXP 	window1: mouseVisible = True
77.1294 	EXP 	Created unnamed ImageStim = ImageStim(__class__=<class 'psychopy.visual.image.ImageStim'>, anchor=('center', 'center'), autoLog=True, color=array([1., 1., 1.]), colorSpace='rgb', contrast=1.0, depth=0, draggable=False, flipHoriz=False, flipVert=False, image='images/pattern_9.png', interpolate=False, mask=None, maskParams=None, name='unnamed ImageStim', opacity=1.0, ori=0.0, pos=array([ 0.3464375 , -0.04981019]), size=array([0.12, 0.12]), texRes=128, units='height', win=Window(...))
77.1304 	EXP 	window1: mouseVisible = True
77.1323 	EXP 	Created node9 = Circle(__class__=<class 'psychopy.visual.circle.Circle'>, anchor=('center', 'center'), autoDraw=False, autoLog=True, closeShape=True, color=method-wrapper(...), colorSpace='rgb', contrast=None, depth=0, draggable=False, fillColor=array([1, 1, 1]), fillColorSpace='rgb', fillRGB=array([1, 1, 1]), interpolate=True, lineColor=array([-1, -1, -1]), lineColorSpace='rgb', lineRGB=array([-1, -1, -1]), lineWidth=2, name='node9', opacity=1.0, ori=0.0, pos=array([0.3183712 , 0.14539525]), size=array([1., 1.]), units='height', vertices=ndarray(...), win=Window(...))
77.1323 	EXP 	window1: mouseVisible = True
77.1502 	EXP 	Created unnamed ImageStim = ImageStim(__class__=<class 'psychopy.visual.image.ImageStim'>, anchor=('center', 'center'), autoLog=True, color=array([1., 1., 1.]), colorSpace='rgb', contrast=1.0, depth=0, draggable=False, flipHoriz=False, flipVert=False, image='images/pattern_9.png', interpolate=False, mask=None, maskParams=None, name='unnamed ImageStim', opacity=1.0, ori=0.0, pos=array([0.3183712 , 0.14539525]), size=array([0.12, 0.12]), texRes=128, units='height', win=Window(...))
77.1513 	EXP 	window1: mouseVisible = True
77.1532 	EXP 	Created node10 = Circle(__class__=<class 'psychopy.visual.circle.Circle'>, anchor=('center', 'center'), autoDraw=False, autoLog=True, closeShape=True, color=method-wrapper(...), colorSpace='rgb', contrast=None, depth=0, draggable=False, fillColor=array([1, 1, 1]), fillColorSpace='rgb', fillRGB=array([1, 1, 1]), interpolate=True, lineColor=array([-1, -1, -1]), lineColorSpace='rgb', lineRGB=array([-1, -1, -1]), lineWidth=2, name='node10', opacity=1.0, ori=0.0, pos=array([0.18922429, 0.29443874]), size=array([1., 1.]), units='height', vertices=ndarray(...), win=Window(...))
77.1532 	EXP 	window1: mouseVisible = True
77.1695 	EXP 	Created unnamed ImageStim = ImageStim(__class__=<class 'psychopy.visual.image.ImageStim'>, anchor=('center', 'center'), autoLog=True, color=array([1., 1., 1.]), colorSpace='rgb', contrast=1.0, depth=0, draggable=False, flipHoriz=False, flipVert=False, image='images/pattern_4.png', interpolate=False, mask=None, maskParams=None, name='unnamed ImageStim', opacity=1.0, ori=0.0, pos=array([0.18922429, 0.29443874]), size=array([0.12, 0.12]), texRes=128, units='height', win=Window(...))
77.1696 	EXP 	window1: mouseVisible = True
77.1700 	EXP 	Created unnamed Line = Line(__class__=<class 'psychopy.visual.line.Line'>, anchor=('center', 'center'), autoDraw=False, autoLog=True, closeShape=False, color=array([-1, -1, -1]), colorSpace='rgb', contrast=None, depth=2, draggable=False, fillColor=array([0, 0, 0]), fillColorSpace='rgb', fillRGB=array([0, 0, 0]), interpolate=True, lineColor=array([-1, -1, -1]), lineColorSpace='rgb', lineRGB=array([-1, -1, -1]), lineWidth=4, name='unnamed Line', opacity=0.5, ori=0.0, pos=array([0., 0.]), size=array([1., 1.]), units='height', vertices=ndarray(...), win=Window(...), windingRule=None)
77.1701 	EXP 	window1: mouseVisible = True
77.1705 	EXP 	Created unnamed ShapeStim = ShapeStim(__class__=<class 'psychopy.visual.shape.ShapeStim'>, anchor=('center', 'center'), autoDraw=False, autoLog=True, closeShape=True, color=method-wrapper(...), colorSpace='rgb', contrast=None, depth=0, draggable=False, fillColor=array([-1, -1, -1]), fillColorSpace='rgb', fillRGB=array([-1, -1, -1]), interpolate=True, lineColor=array([-1, -1, -1]), lineColorSpace='rgb', lineRGB=array([-1, -1, -1]), lineWidth=1.5, name='unnamed ShapeStim', opacity=1.0, ori=8.181818181818173, pos=array([-0.32548694,  0.09590418]), size=array([1., 1.]), units='height', vertices=ndarray(...), win=Window(...), windingRule=None)
77.1705 	EXP 	window1: mouseVisible = True
77.1709 	EXP 	Created unnamed Line = Line(__class__=<class 'psychopy.visual.line.Line'>, anchor=('center', 'center'), autoDraw=False, autoLog=True, closeShape=False, color=array([-1, -1, -1]), colorSpace='rgb', contrast=None, depth=2, draggable=False, fillColor=array([0, 0, 0]), fillColorSpace='rgb', fillRGB=array([0, 0, 0]), interpolate=True, lineColor=array([-1, -1, -1]), lineColorSpace='rgb', lineRGB=array([-1, -1, -1]), lineWidth=4, name='unnamed Line', opacity=0.5, ori=0.0, pos=array([0., 0.]), size=array([1., 1.]), units='height', vertices=ndarray(...), win=Window(...), windingRule=None)
77.1709 	EXP 	window1: mouseVisible = True
77.1713 	EXP 	Created unnamed ShapeStim = ShapeStim(__class__=<class 'psychopy.visual.shape.ShapeStim'>, anchor=('center', 'center'), autoDraw=False, autoLog=True, closeShape=True, color=method-wrapper(...), colorSpace='rgb', contrast=None, depth=0, draggable=False, fillColor=array([-1, -1, -1]), fillColorSpace='rgb', fillRGB=array([-1, -1, -1]), interpolate=True, lineColor=array([-1, -1, -1]), lineColorSpace='rgb', lineRGB=array([-1, -1, -1]), lineWidth=1.5, name='unnamed ShapeStim', opacity=1.0, ori=57.27272727272728, pos=array([0.14716161, 0.2674067 ]), size=array([1., 1.]), units='height', vertices=ndarray(...), win=Window(...), windingRule=None)
77.1713 	EXP 	window1: mouseVisible = True
77.1717 	EXP 	Created unnamed Line = Line(__class__=<class 'psychopy.visual.line.Line'>, anchor=('center', 'center'), autoDraw=False, autoLog=True, closeShape=False, color=array([-1, -1, -1]), colorSpace='rgb', contrast=None, depth=2, draggable=False, fillColor=array([0, 0, 0]), fillColorSpace='rgb', fillRGB=array([0, 0, 0]), interpolate=True, lineColor=array([-1, -1, -1]), lineColorSpace='rgb', lineRGB=array([-1, -1, -1]), lineWidth=4, name='unnamed Line', opacity=0.5, ori=0.0, pos=array([0., 0.]), size=array([1., 1.]), units='height', vertices=ndarray(...), win=Window(...), windingRule=None)
77.1717 	EXP 	window1: mouseVisible = True
77.1721 	EXP 	Created unnamed ShapeStim = ShapeStim(__class__=<class 'psychopy.visual.shape.ShapeStim'>, anchor=('center', 'center'), autoDraw=False, autoLog=True, closeShape=True, color=method-wrapper(...), colorSpace='rgb', contrast=None, depth=0, draggable=False, fillColor=array([-1, -1, -1]), fillColorSpace='rgb', fillRGB=array([-1, -1, -1]), interpolate=True, lineColor=array([-1, -1, -1]), lineColorSpace='rgb', lineRGB=array([-1, -1, -1]), lineWidth=1.5, name='unnamed ShapeStim', opacity=1.0, ori=57.27272727272729, pos=array([0.27630852, 0.11836321]), size=array([1., 1.]), units='height', vertices=ndarray(...), win=Window(...), windingRule=None)
77.1721 	EXP 	window1: mouseVisible = True
77.1725 	EXP 	Created unnamed Line = Line(__class__=<class 'psychopy.visual.line.Line'>, anchor=('center', 'center'), autoDraw=False, autoLog=True, closeShape=False, color=array([-1, -1, -1]), colorSpace='rgb', contrast=None, depth=2, draggable=False, fillColor=array([0, 0, 0]), fillColorSpace='rgb', fillRGB=array([0, 0, 0]), interpolate=True, lineColor=array([-1, -1, -1]), lineColorSpace='rgb', lineRGB=array([-1, -1, -1]), lineWidth=4, name='unnamed Line', opacity=0.5, ori=0.0, pos=array([0., 0.]), size=array([1., 1.]), units='height', vertices=ndarray(...), win=Window(...), windingRule=None)
77.1725 	EXP 	window1: mouseVisible = True
77.1729 	EXP 	Created unnamed ShapeStim = ShapeStim(__class__=<class 'psychopy.visual.shape.ShapeStim'>, anchor=('center', 'center'), autoDraw=False, autoLog=True, closeShape=True, color=method-wrapper(...), colorSpace='rgb', contrast=None, depth=0, draggable=False, fillColor=array([-1, -1, -1]), fillColorSpace='rgb', fillRGB=array([-1, -1, -1]), interpolate=True, lineColor=array([-1, -1, -1]), lineColorSpace='rgb', lineRGB=array([-1, -1, -1]), lineWidth=1.5, name='unnamed ShapeStim', opacity=1.0, ori=106.36363636363639, pos=array([ 0.05063175, -0.32173591]), size=array([1., 1.]), units='height', vertices=ndarray(...), win=Window(...), windingRule=None)
77.1730 	EXP 	window1: mouseVisible = True
77.1734 	EXP 	Created unnamed Line = Line(__class__=<class 'psychopy.visual.line.Line'>, anchor=('center', 'center'), autoDraw=False, autoLog=True, closeShape=False, color=array([-1, -1, -1]), colorSpace='rgb', contrast=None, depth=2, draggable=False, fillColor=array([0, 0, 0]), fillColorSpace='rgb', fillRGB=array([0, 0, 0]), interpolate=True, lineColor=array([-1, -1, -1]), lineColorSpace='rgb', lineRGB=array([-1, -1, -1]), lineWidth=4, name='unnamed Line', opacity=0.5, ori=0.0, pos=array([0., 0.]), size=array([1., 1.]), units='height', vertices=ndarray(...), win=Window(...), windingRule=None)
77.1734 	EXP 	window1: mouseVisible = True
77.1738 	EXP 	Created unnamed ShapeStim = ShapeStim(__class__=<class 'psychopy.visual.shape.ShapeStim'>, anchor=('center', 'center'), autoDraw=False, autoLog=True, closeShape=True, color=method-wrapper(...), colorSpace='rgb', contrast=None, depth=0, draggable=False, fillColor=array([-1, -1, -1]), fillColorSpace='rgb', fillRGB=array([-1, -1, -1]), interpolate=True, lineColor=array([-1, -1, -1]), lineColorSpace='rgb', lineRGB=array([-1, -1, -1]), lineWidth=1.5, name='unnamed ShapeStim', opacity=1.0, ori=-40.90909090909091, pos=array([-0.31369447, -0.08759767]), size=array([1., 1.]), units='height', vertices=ndarray(...), win=Window(...), windingRule=None)
77.1738 	EXP 	window1: mouseVisible = True
77.1742 	EXP 	Created unnamed Line = Line(__class__=<class 'psychopy.visual.line.Line'>, anchor=('center', 'center'), autoDraw=False, autoLog=True, closeShape=False, color=array([-1, -1, -1]), colorSpace='rgb', contrast=None, depth=2, draggable=False, fillColor=array([0, 0, 0]), fillColorSpace='rgb', fillRGB=array([0, 0, 0]), interpolate=True, lineColor=array([-1, -1, -1]), lineColorSpace='rgb', lineRGB=array([-1, -1, -1]), lineWidth=4, name='unnamed Line', opacity=0.5, ori=0.0, pos=array([0., 0.]), size=array([1., 1.]), units='height', vertices=ndarray(...), win=Window(...), windingRule=None)
77.1742 	EXP 	window1: mouseVisible = True
77.1746 	EXP 	Created unnamed ShapeStim = ShapeStim(__class__=<class 'psychopy.visual.shape.ShapeStim'>, anchor=('center', 'center'), autoDraw=False, autoLog=True, closeShape=True, color=method-wrapper(...), colorSpace='rgb', contrast=None, depth=0, draggable=False, fillColor=array([-1, -1, -1]), fillColorSpace='rgb', fillRGB=array([-1, -1, -1]), interpolate=True, lineColor=array([-1, -1, -1]), lineColorSpace='rgb', lineRGB=array([-1, -1, -1]), lineWidth=1.5, name='unnamed ShapeStim', opacity=1.0, ori=-24.54545454545456, pos=array([-0.29760045,  0.09991365]), size=array([1., 1.]), units='height', vertices=ndarray(...), win=Window(...), windingRule=None)
77.1746 	EXP 	window1: mouseVisible = True
77.1750 	EXP 	Created unnamed Line = Line(__class__=<class 'psychopy.visual.line.Line'>, anchor=('center', 'center'), autoDraw=False, autoLog=True, closeShape=False, color=array([-1, -1, -1]), colorSpace='rgb', contrast=None, depth=2, draggable=False, fillColor=array([0, 0, 0]), fillColorSpace='rgb', fillRGB=array([0, 0, 0]), interpolate=True, lineColor=array([-1, -1, -1]), lineColorSpace='rgb', lineRGB=array([-1, -1, -1]), lineWidth=4, name='unnamed Line', opacity=0.5, ori=0.0, pos=array([0., 0.]), size=array([1., 1.]), units='height', vertices=ndarray(...), win=Window(...), windingRule=None)
77.1750 	EXP 	window1: mouseVisible = True
77.1754 	EXP 	Created unnamed ShapeStim = ShapeStim(__class__=<class 'psychopy.visual.shape.ShapeStim'>, anchor=('center', 'center'), autoDraw=False, autoLog=True, closeShape=True, color=method-wrapper(...), colorSpace='rgb', contrast=None, depth=0, draggable=False, fillColor=array([-1, -1, -1]), fillColorSpace='rgb', fillRGB=array([-1, -1, -1]), interpolate=True, lineColor=array([-1, -1, -1]), lineColorSpace='rgb', lineRGB=array([-1, -1, -1]), lineWidth=1.5, name='unnamed ShapeStim', opacity=1.0, ori=-24.545454545454547, pos=array([-0.16845354,  0.24895714]), size=array([1., 1.]), units='height', vertices=ndarray(...), win=Window(...), windingRule=None)
77.1754 	EXP 	window1: mouseVisible = True
77.1758 	EXP 	Created unnamed Line = Line(__class__=<class 'psychopy.visual.line.Line'>, anchor=('center', 'center'), autoDraw=False, autoLog=True, closeShape=False, color=array([-1, -1, -1]), colorSpace='rgb', contrast=None, depth=2, draggable=False, fillColor=array([0, 0, 0]), fillColorSpace='rgb', fillRGB=array([0, 0, 0]), interpolate=True, lineColor=array([-1, -1, -1]), lineColorSpace='rgb', lineRGB=array([-1, -1, -1]), lineWidth=4, name='unnamed Line', opacity=0.5, ori=0.0, pos=array([0., 0.]), size=array([1., 1.]), units='height', vertices=ndarray(...), win=Window(...), windingRule=None)
77.1759 	EXP 	window1: mouseVisible = True
77.1762 	EXP 	Created unnamed ShapeStim = ShapeStim(__class__=<class 'psychopy.visual.shape.ShapeStim'>, anchor=('center', 'center'), autoDraw=False, autoLog=True, closeShape=True, color=method-wrapper(...), colorSpace='rgb', contrast=None, depth=0, draggable=False, fillColor=array([-1, -1, -1]), fillColorSpace='rgb', fillRGB=array([-1, -1, -1]), interpolate=True, lineColor=array([-1, -1, -1]), lineColorSpace='rgb', lineRGB=array([-1, -1, -1]), lineWidth=1.5, name='unnamed ShapeStim', opacity=1.0, ori=57.2727272727273, pos=array([ 0.22244967, -0.2562333 ]), size=array([1., 1.]), units='height', vertices=ndarray(...), win=Window(...), windingRule=None)
77.1763 	EXP 	window1: mouseVisible = True
77.1766 	EXP 	Created unnamed Line = Line(__class__=<class 'psychopy.visual.line.Line'>, anchor=('center', 'center'), autoDraw=False, autoLog=True, closeShape=False, color=array([-1, -1, -1]), colorSpace='rgb', contrast=None, depth=2, draggable=False, fillColor=array([0, 0, 0]), fillColorSpace='rgb', fillRGB=array([0, 0, 0]), interpolate=True, lineColor=array([-1, -1, -1]), lineColorSpace='rgb', lineRGB=array([-1, -1, -1]), lineWidth=4, name='unnamed Line', opacity=0.5, ori=0.0, pos=array([0., 0.]), size=array([1., 1.]), units='height', vertices=ndarray(...), win=Window(...), windingRule=None)
77.1767 	EXP 	window1: mouseVisible = True
77.1771 	EXP 	Created unnamed ShapeStim = ShapeStim(__class__=<class 'psychopy.visual.shape.ShapeStim'>, anchor=('center', 'center'), autoDraw=False, autoLog=True, closeShape=True, color=method-wrapper(...), colorSpace='rgb', contrast=None, depth=0, draggable=False, fillColor=array([-1, -1, -1]), fillColorSpace='rgb', fillRGB=array([-1, -1, -1]), interpolate=True, lineColor=array([-1, -1, -1]), lineColorSpace='rgb', lineRGB=array([-1, -1, -1]), lineWidth=1.5, name='unnamed ShapeStim', opacity=1.0, ori=171.8181818181818, pos=array([ 3.39321763e-01, -3.19121302e-04]), size=array([1., 1.]), units='height', vertices=ndarray(...), win=Window(...), windingRule=None)
77.1771 	EXP 	window1: mouseVisible = True
77.1774 	EXP 	Created unnamed Line = Line(__class__=<class 'psychopy.visual.line.Line'>, anchor=('center', 'center'), autoDraw=False, autoLog=True, closeShape=False, color=array([-1, -1, -1]), colorSpace='rgb', contrast=None, depth=2, draggable=False, fillColor=array([0, 0, 0]), fillColorSpace='rgb', fillRGB=array([0, 0, 0]), interpolate=True, lineColor=array([-1, -1, -1]), lineColorSpace='rgb', lineRGB=array([-1, -1, -1]), lineWidth=4, name='unnamed Line', opacity=0.5, ori=0.0, pos=array([0., 0.]), size=array([1., 1.]), units='height', vertices=ndarray(...), win=Window(...), windingRule=None)
77.1775 	EXP 	window1: mouseVisible = True
77.1779 	EXP 	Created unnamed ShapeStim = ShapeStim(__class__=<class 'psychopy.visual.shape.ShapeStim'>, anchor=('center', 'center'), autoDraw=False, autoLog=True, closeShape=True, color=method-wrapper(...), colorSpace='rgb', contrast=None, depth=0, draggable=False, fillColor=array([-1, -1, -1]), fillColorSpace='rgb', fillRGB=array([-1, -1, -1]), interpolate=True, lineColor=array([-1, -1, -1]), lineColorSpace='rgb', lineRGB=array([-1, -1, -1]), lineWidth=1.5, name='unnamed ShapeStim', opacity=1.0, ori=-57.27272727272728, pos=array([0.04206268, 0.32296796]), size=array([1., 1.]), units='height', vertices=ndarray(...), win=Window(...), windingRule=None)
77.1780 	EXP 	window1: mouseVisible = True
77.1783 	EXP 	Created unnamed Rect = Rect(__class__=<class 'psychopy.visual.rect.Rect'>, anchor=('center', 'center'), autoDraw=False, autoLog=True, closeShape=True, color=method-wrapper(...), colorSpace='rgb', contrast=None, depth=0, draggable=False, fillColor=array([0.00392157, 0.00392157, 0.00392157]), fillColorSpace='rgb', fillRGB=array([0.00392157, 0.00392157, 0.00392157]), interpolate=True, lineColor=array([0, 0, 0]), lineColorSpace='rgb', lineRGB=array([0, 0, 0]), lineWidth=0, name='unnamed Rect', opacity=0.0, ori=0.0, pos=array([0.1, 0. ]), size=array([1.1, 1. ]), units='height', vertices=ndarray(...), win=Window(...))
77.1852 	EXP 	unnamed Rect: autoDraw = True
77.1852 	EXP 	node0: autoDraw = True
77.1852 	EXP 	unnamed ImageStim: autoDraw = True
77.1852 	EXP 	node1: autoDraw = True
77.1852 	EXP 	unnamed ImageStim: autoDraw = True
77.1852 	EXP 	node2: autoDraw = True
77.1852 	EXP 	unnamed ImageStim: autoDraw = True
77.1852 	EXP 	node3: autoDraw = True
77.1852 	EXP 	unnamed ImageStim: autoDraw = True
77.1852 	EXP 	node4: autoDraw = True
77.1852 	EXP 	node5: autoDraw = True
77.1852 	EXP 	unnamed ImageStim: autoDraw = True
77.1852 	EXP 	node6: autoDraw = True
77.1852 	EXP 	unnamed ImageStim: autoDraw = True
77.1852 	EXP 	node7: autoDraw = True
77.1852 	EXP 	unnamed ImageStim: autoDraw = True
77.1852 	EXP 	node8: autoDraw = True
77.1852 	EXP 	unnamed ImageStim: autoDraw = True
77.1852 	EXP 	node9: autoDraw = True
77.1852 	EXP 	unnamed ImageStim: autoDraw = True
77.1852 	EXP 	node10: autoDraw = True
77.1852 	EXP 	unnamed ImageStim: autoDraw = True
77.1852 	EXP 	unnamed Line: autoDraw = True
77.1852 	EXP 	unnamed Line: autoDraw = True
77.1852 	EXP 	unnamed ShapeStim: autoDraw = True
77.1852 	EXP 	unnamed Line: autoDraw = True
77.1852 	EXP 	unnamed Line: autoDraw = True
77.1852 	EXP 	unnamed ShapeStim: autoDraw = True
77.1852 	EXP 	unnamed Line: autoDraw = True
77.1852 	EXP 	unnamed Line: autoDraw = True
77.1852 	EXP 	unnamed ShapeStim: autoDraw = True
77.1852 	EXP 	unnamed Line: autoDraw = True
77.1852 	EXP 	unnamed Line: autoDraw = True
77.1852 	EXP 	unnamed ShapeStim: autoDraw = True
77.1852 	EXP 	unnamed Line: autoDraw = True
77.1852 	EXP 	unnamed Line: autoDraw = True
77.1852 	EXP 	unnamed ShapeStim: autoDraw = True
77.1852 	EXP 	unnamed Line: autoDraw = True
77.1852 	EXP 	unnamed Line: autoDraw = True
77.1852 	EXP 	unnamed ShapeStim: autoDraw = True
77.1852 	EXP 	unnamed Line: autoDraw = True
77.1852 	EXP 	unnamed Line: autoDraw = True
77.1852 	EXP 	unnamed ShapeStim: autoDraw = True
77.1852 	EXP 	unnamed Line: autoDraw = True
77.1852 	EXP 	unnamed Line: autoDraw = True
77.1852 	EXP 	unnamed ShapeStim: autoDraw = True
77.1852 	EXP 	unnamed Line: autoDraw = True
77.1852 	EXP 	unnamed Line: autoDraw = True
77.1852 	EXP 	unnamed ShapeStim: autoDraw = True
77.1852 	EXP 	unnamed Line: autoDraw = True
77.1852 	EXP 	unnamed Line: autoDraw = True
77.1852 	EXP 	unnamed ShapeStim: autoDraw = True
77.1852 	EXP 	unnamed Rect: autoDraw = True
77.1852 	EXP 	node4: fillColor = '#126DEF'
77.1909 	EXP 	node4: fillColor = '#126DEF'
77.1909 	EXP 	unnamed Line: foreColor = <psychopy.colors.Color: black, alpha=1.0>
77.1909 	EXP 	unnamed Line: borderColor = <psychopy.colors.Color: black, alpha=1.0>
77.1909 	EXP 	unnamed Line: fillColor = <psychopy.colors.Color: black, alpha=1.0>
77.1909 	EXP 	unnamed ShapeStim: foreColor = <psychopy.colors.Color: black, alpha=1.0>
77.1909 	EXP 	unnamed ShapeStim: borderColor = <psychopy.colors.Color: black, alpha=1.0>
77.1909 	EXP 	unnamed ShapeStim: fillColor = <psychopy.colors.Color: black, alpha=1.0>
77.1909 	EXP 	unnamed Line: foreColor = <psychopy.colors.Color: black, alpha=1.0>
77.1909 	EXP 	unnamed Line: borderColor = <psychopy.colors.Color: black, alpha=1.0>
77.1909 	EXP 	unnamed Line: fillColor = <psychopy.colors.Color: black, alpha=1.0>
77.1909 	EXP 	unnamed ShapeStim: foreColor = <psychopy.colors.Color: black, alpha=1.0>
77.1909 	EXP 	unnamed ShapeStim: borderColor = <psychopy.colors.Color: black, alpha=1.0>
77.1909 	EXP 	unnamed ShapeStim: fillColor = <psychopy.colors.Color: black, alpha=1.0>
77.1909 	EXP 	unnamed Line: autoDraw = False
77.1909 	EXP 	unnamed ShapeStim: autoDraw = False
77.1909 	EXP 	unnamed Line: autoDraw = True
77.1909 	EXP 	unnamed ShapeStim: autoDraw = True
77.1909 	EXP 	unnamed Line: autoDraw = False
77.1909 	EXP 	unnamed ShapeStim: autoDraw = False
77.1909 	EXP 	unnamed Line: autoDraw = True
77.1909 	EXP 	unnamed ShapeStim: autoDraw = True
77.1909 	EXP 	unnamed Line: foreColor = <psychopy.colors.Color: black, alpha=1.0>
77.1909 	EXP 	unnamed Line: borderColor = <psychopy.colors.Color: black, alpha=1.0>
77.1909 	EXP 	unnamed Line: fillColor = <psychopy.colors.Color: black, alpha=1.0>
77.1909 	EXP 	unnamed ShapeStim: foreColor = <psychopy.colors.Color: black, alpha=1.0>
77.1909 	EXP 	unnamed ShapeStim: borderColor = <psychopy.colors.Color: black, alpha=1.0>
77.1909 	EXP 	unnamed ShapeStim: fillColor = <psychopy.colors.Color: black, alpha=1.0>
77.1909 	EXP 	unnamed Line: foreColor = <psychopy.colors.Color: black, alpha=1.0>
77.1909 	EXP 	unnamed Line: borderColor = <psychopy.colors.Color: black, alpha=1.0>
77.1909 	EXP 	unnamed Line: fillColor = <psychopy.colors.Color: black, alpha=1.0>
77.1909 	EXP 	unnamed ShapeStim: foreColor = <psychopy.colors.Color: black, alpha=1.0>
77.1909 	EXP 	unnamed ShapeStim: borderColor = <psychopy.colors.Color: black, alpha=1.0>
77.1909 	EXP 	unnamed ShapeStim: fillColor = <psychopy.colors.Color: black, alpha=1.0>
77.1909 	EXP 	unnamed Line: foreColor = <psychopy.colors.Color: black, alpha=1.0>
77.1909 	EXP 	unnamed Line: borderColor = <psychopy.colors.Color: black, alpha=1.0>
77.1909 	EXP 	unnamed Line: fillColor = <psychopy.colors.Color: black, alpha=1.0>
77.1909 	EXP 	unnamed ShapeStim: foreColor = <psychopy.colors.Color: black, alpha=1.0>
77.1909 	EXP 	unnamed ShapeStim: borderColor = <psychopy.colors.Color: black, alpha=1.0>
77.1909 	EXP 	unnamed ShapeStim: fillColor = <psychopy.colors.Color: black, alpha=1.0>
77.1909 	EXP 	unnamed Line: foreColor = <psychopy.colors.Color: black, alpha=1.0>
77.1909 	EXP 	unnamed Line: borderColor = <psychopy.colors.Color: black, alpha=1.0>
77.1909 	EXP 	unnamed Line: fillColor = <psychopy.colors.Color: black, alpha=1.0>
77.1909 	EXP 	unnamed ShapeStim: foreColor = <psychopy.colors.Color: black, alpha=1.0>
77.1909 	EXP 	unnamed ShapeStim: borderColor = <psychopy.colors.Color: black, alpha=1.0>
77.1909 	EXP 	unnamed ShapeStim: fillColor = <psychopy.colors.Color: black, alpha=1.0>
77.1909 	EXP 	unnamed Line: foreColor = <psychopy.colors.Color: black, alpha=1.0>
77.1909 	EXP 	unnamed Line: borderColor = <psychopy.colors.Color: black, alpha=1.0>
77.1909 	EXP 	unnamed Line: fillColor = <psychopy.colors.Color: black, alpha=1.0>
77.1909 	EXP 	unnamed ShapeStim: foreColor = <psychopy.colors.Color: black, alpha=1.0>
77.1909 	EXP 	unnamed ShapeStim: borderColor = <psychopy.colors.Color: black, alpha=1.0>
77.1909 	EXP 	unnamed ShapeStim: fillColor = <psychopy.colors.Color: black, alpha=1.0>
77.1909 	EXP 	unnamed Line: foreColor = <psychopy.colors.Color: black, alpha=1.0>
77.1909 	EXP 	unnamed Line: borderColor = <psychopy.colors.Color: black, alpha=1.0>
77.1909 	EXP 	unnamed Line: fillColor = <psychopy.colors.Color: black, alpha=1.0>
77.1909 	EXP 	unnamed ShapeStim: foreColor = <psychopy.colors.Color: black, alpha=1.0>
77.1909 	EXP 	unnamed ShapeStim: borderColor = <psychopy.colors.Color: black, alpha=1.0>
77.1909 	EXP 	unnamed ShapeStim: fillColor = <psychopy.colors.Color: black, alpha=1.0>
77.1909 	EXP 	unnamed Line: foreColor = <psychopy.colors.Color: (1.0, 0.58, -0.87, 1.0)>
77.1909 	EXP 	unnamed Line: borderColor = <psychopy.colors.Color: (1.0, 0.58, -0.87, 1.0)>
77.1909 	EXP 	unnamed Line: fillColor = <psychopy.colors.Color: (1.0, 0.58, -0.87, 1.0)>
77.1909 	EXP 	unnamed ShapeStim: foreColor = <psychopy.colors.Color: (1.0, 0.58, -0.87, 1.0)>
77.1909 	EXP 	unnamed ShapeStim: borderColor = <psychopy.colors.Color: (1.0, 0.58, -0.87, 1.0)>
77.1909 	EXP 	unnamed ShapeStim: fillColor = <psychopy.colors.Color: (1.0, 0.58, -0.87, 1.0)>
77.6695 	DATA 	Keypress: space
78.5012 	DATA 	Keypress: j
78.5070 	EXP 	node9: fillColor = '#126DEF'
78.5070 	EXP 	node4: fillColor = 'white'
78.5133 	EXP 	unnamed Line: foreColor = <psychopy.colors.Color: black, alpha=1.0>
78.5133 	EXP 	unnamed Line: borderColor = <psychopy.colors.Color: black, alpha=1.0>
78.5133 	EXP 	unnamed Line: fillColor = <psychopy.colors.Color: black, alpha=1.0>
78.5133 	EXP 	unnamed ShapeStim: foreColor = <psychopy.colors.Color: black, alpha=1.0>
78.5133 	EXP 	unnamed ShapeStim: borderColor = <psychopy.colors.Color: black, alpha=1.0>
78.5133 	EXP 	unnamed ShapeStim: fillColor = <psychopy.colors.Color: black, alpha=1.0>
78.5133 	EXP 	unnamed Line: foreColor = <psychopy.colors.Color: black, alpha=1.0>
78.5133 	EXP 	unnamed Line: borderColor = <psychopy.colors.Color: black, alpha=1.0>
78.5133 	EXP 	unnamed Line: fillColor = <psychopy.colors.Color: black, alpha=1.0>
78.5133 	EXP 	unnamed ShapeStim: foreColor = <psychopy.colors.Color: black, alpha=1.0>
78.5133 	EXP 	unnamed ShapeStim: borderColor = <psychopy.colors.Color: black, alpha=1.0>
78.5133 	EXP 	unnamed ShapeStim: fillColor = <psychopy.colors.Color: black, alpha=1.0>
78.5133 	EXP 	unnamed Line: foreColor = <psychopy.colors.Color: black, alpha=1.0>
78.5133 	EXP 	unnamed Line: borderColor = <psychopy.colors.Color: black, alpha=1.0>
78.5133 	EXP 	unnamed Line: fillColor = <psychopy.colors.Color: black, alpha=1.0>
78.5133 	EXP 	unnamed ShapeStim: foreColor = <psychopy.colors.Color: black, alpha=1.0>
78.5133 	EXP 	unnamed ShapeStim: borderColor = <psychopy.colors.Color: black, alpha=1.0>
78.5133 	EXP 	unnamed ShapeStim: fillColor = <psychopy.colors.Color: black, alpha=1.0>
78.5133 	EXP 	unnamed Line: foreColor = <psychopy.colors.Color: black, alpha=1.0>
78.5133 	EXP 	unnamed Line: borderColor = <psychopy.colors.Color: black, alpha=1.0>
78.5133 	EXP 	unnamed Line: fillColor = <psychopy.colors.Color: black, alpha=1.0>
78.5133 	EXP 	unnamed ShapeStim: foreColor = <psychopy.colors.Color: black, alpha=1.0>
78.5133 	EXP 	unnamed ShapeStim: borderColor = <psychopy.colors.Color: black, alpha=1.0>
78.5133 	EXP 	unnamed ShapeStim: fillColor = <psychopy.colors.Color: black, alpha=1.0>
78.5133 	EXP 	unnamed Line: foreColor = <psychopy.colors.Color: black, alpha=1.0>
78.5133 	EXP 	unnamed Line: borderColor = <psychopy.colors.Color: black, alpha=1.0>
78.5133 	EXP 	unnamed Line: fillColor = <psychopy.colors.Color: black, alpha=1.0>
78.5133 	EXP 	unnamed ShapeStim: foreColor = <psychopy.colors.Color: black, alpha=1.0>
78.5133 	EXP 	unnamed ShapeStim: borderColor = <psychopy.colors.Color: black, alpha=1.0>
78.5133 	EXP 	unnamed ShapeStim: fillColor = <psychopy.colors.Color: black, alpha=1.0>
78.5133 	EXP 	unnamed Line: foreColor = <psychopy.colors.Color: black, alpha=1.0>
78.5133 	EXP 	unnamed Line: borderColor = <psychopy.colors.Color: black, alpha=1.0>
78.5133 	EXP 	unnamed Line: fillColor = <psychopy.colors.Color: black, alpha=1.0>
78.5133 	EXP 	unnamed ShapeStim: foreColor = <psychopy.colors.Color: black, alpha=1.0>
78.5133 	EXP 	unnamed ShapeStim: borderColor = <psychopy.colors.Color: black, alpha=1.0>
78.5133 	EXP 	unnamed ShapeStim: fillColor = <psychopy.colors.Color: black, alpha=1.0>
78.5133 	EXP 	unnamed Line: foreColor = <psychopy.colors.Color: black, alpha=1.0>
78.5133 	EXP 	unnamed Line: borderColor = <psychopy.colors.Color: black, alpha=1.0>
78.5133 	EXP 	unnamed Line: fillColor = <psychopy.colors.Color: black, alpha=1.0>
78.5133 	EXP 	unnamed ShapeStim: foreColor = <psychopy.colors.Color: black, alpha=1.0>
78.5133 	EXP 	unnamed ShapeStim: borderColor = <psychopy.colors.Color: black, alpha=1.0>
78.5133 	EXP 	unnamed ShapeStim: fillColor = <psychopy.colors.Color: black, alpha=1.0>
78.5133 	EXP 	unnamed Line: foreColor = <psychopy.colors.Color: black, alpha=1.0>
78.5133 	EXP 	unnamed Line: borderColor = <psychopy.colors.Color: black, alpha=1.0>
78.5133 	EXP 	unnamed Line: fillColor = <psychopy.colors.Color: black, alpha=1.0>
78.5133 	EXP 	unnamed ShapeStim: foreColor = <psychopy.colors.Color: black, alpha=1.0>
78.5133 	EXP 	unnamed ShapeStim: borderColor = <psychopy.colors.Color: black, alpha=1.0>
78.5133 	EXP 	unnamed ShapeStim: fillColor = <psychopy.colors.Color: black, alpha=1.0>
78.5133 	EXP 	unnamed Line: autoDraw = False
78.5133 	EXP 	unnamed ShapeStim: autoDraw = False
78.5133 	EXP 	unnamed Line: autoDraw = True
78.5133 	EXP 	unnamed ShapeStim: autoDraw = True
78.5133 	EXP 	unnamed Line: autoDraw = False
78.5133 	EXP 	unnamed ShapeStim: autoDraw = False
78.5133 	EXP 	unnamed Line: autoDraw = True
78.5133 	EXP 	unnamed ShapeStim: autoDraw = True
78.5133 	EXP 	unnamed Line: foreColor = <psychopy.colors.Color: (1.0, 0.58, -0.87, 1.0)>
78.5133 	EXP 	unnamed Line: borderColor = <psychopy.colors.Color: (1.0, 0.58, -0.87, 1.0)>
78.5133 	EXP 	unnamed Line: fillColor = <psychopy.colors.Color: (1.0, 0.58, -0.87, 1.0)>
78.5133 	EXP 	unnamed ShapeStim: foreColor = <psychopy.colors.Color: (1.0, 0.58, -0.87, 1.0)>
78.5133 	EXP 	unnamed ShapeStim: borderColor = <psychopy.colors.Color: (1.0, 0.58, -0.87, 1.0)>
78.5133 	EXP 	unnamed ShapeStim: fillColor = <psychopy.colors.Color: (1.0, 0.58, -0.87, 1.0)>
79.1572 	DATA 	Keypress: j
79.1609 	EXP 	node0: fillColor = '#126DEF'
79.1609 	EXP 	node9: fillColor = 'white'
79.8611 	EXP 	window1: mouseVisible = True
79.8625 	EXP 	Created unnamed TextStim = TextStim(__class__=<class 'psychopy.visual.text.TextStim'>, alignHoriz=method-wrapper(...), alignText='center', alignVert=method-wrapper(...), anchorHoriz='center', anchorVert='center', antialias=True, autoDraw=False, autoLog=True, bold=True, color=array([-0.88235294, -0.12156863, -0.97647059]), colorSpace='rgb', contrast=1.0, depth=0, draggable=False, flipHoriz=False, flipVert=False, font='', fontFiles=[], height=0.04, italic=False, languageStyle='LTR', name='unnamed TextStim', opacity=1.0, ori=0.0, pos=array([0.3783712 , 0.20539525]), rgb=UNKNOWN, text='+4', units='height', win=Window(...), wrapWidth=1)
79.8628 	EXP 	window1: mouseVisible = True
79.8638 	EXP 	Created unnamed TextStim = TextStim(__class__=<class 'psychopy.visual.text.TextStim'>, alignHoriz=method-wrapper(...), alignText='center', alignVert=method-wrapper(...), anchorHoriz='center', anchorVert='center', antialias=True, autoDraw=False, autoLog=True, bold=True, color=array([-0.88235294, -0.12156863, -0.97647059]), colorSpace='rgb', contrast=1.0, depth=0, draggable=False, flipHoriz=False, flipVert=False, font='', fontFiles=[], height=0.04, italic=False, languageStyle='LTR', name='unnamed TextStim', opacity=1.0, ori=0.0, pos=array([0.06, 0.41]), rgb=UNKNOWN, text='+2', units='height', win=Window(...), wrapWidth=1)
79.8684 	EXP 	node0: fillColor = 'white'
79.8684 	EXP 	unnamed ImageStim: autoDraw = True
79.8684 	EXP 	unnamed ImageStim: autoDraw = True
80.8772 	EXP 	unnamed ImageStim: autoDraw = False
80.8772 	EXP 	unnamed ImageStim: autoDraw = False
80.8772 	EXP 	unnamed Rect: autoDraw = False
80.8772 	EXP 	unnamed Rect: autoDraw = True
81.0189 	EXP 	unnamed Rect: autoDraw = False
81.0189 	EXP 	node0: autoDraw = False
81.0189 	EXP 	unnamed ImageStim: autoDraw = False
81.0189 	EXP 	node1: autoDraw = False
81.0189 	EXP 	unnamed ImageStim: autoDraw = False
81.0189 	EXP 	node2: autoDraw = False
81.0189 	EXP 	unnamed ImageStim: autoDraw = False
81.0189 	EXP 	node3: autoDraw = False
81.0189 	EXP 	unnamed ImageStim: autoDraw = False
81.0189 	EXP 	node4: autoDraw = False
81.0189 	EXP 	node5: autoDraw = False
81.0189 	EXP 	unnamed ImageStim: autoDraw = False
81.0189 	EXP 	node6: autoDraw = False
81.0189 	EXP 	unnamed ImageStim: autoDraw = False
81.0189 	EXP 	node7: autoDraw = False
81.0189 	EXP 	unnamed ImageStim: autoDraw = False
81.0189 	EXP 	node8: autoDraw = False
81.0189 	EXP 	unnamed ImageStim: autoDraw = False
81.0189 	EXP 	node9: autoDraw = False
81.0189 	EXP 	unnamed ImageStim: autoDraw = False
81.0189 	EXP 	node10: autoDraw = False
81.0189 	EXP 	unnamed ImageStim: autoDraw = False
81.0189 	EXP 	unnamed Line: autoDraw = False
81.0189 	EXP 	unnamed ShapeStim: autoDraw = False
81.0189 	EXP 	unnamed Line: autoDraw = False
81.0189 	EXP 	unnamed ShapeStim: autoDraw = False
81.0189 	EXP 	unnamed Line: autoDraw = False
81.0189 	EXP 	unnamed ShapeStim: autoDraw = False
81.0189 	EXP 	unnamed Line: autoDraw = False
81.0189 	EXP 	unnamed ShapeStim: autoDraw = False
81.0189 	EXP 	unnamed Line: autoDraw = False
81.0189 	EXP 	unnamed ShapeStim: autoDraw = False
81.0189 	EXP 	unnamed Line: autoDraw = False
81.0189 	EXP 	unnamed ShapeStim: autoDraw = False
81.0189 	EXP 	unnamed Line: autoDraw = False
81.0189 	EXP 	unnamed ShapeStim: autoDraw = False
81.0189 	EXP 	unnamed Line: autoDraw = False
81.0189 	EXP 	unnamed ShapeStim: autoDraw = False
81.0189 	EXP 	unnamed Line: autoDraw = False
81.0189 	EXP 	unnamed ShapeStim: autoDraw = False
81.0189 	EXP 	unnamed Line: autoDraw = False
81.0189 	EXP 	unnamed ShapeStim: autoDraw = False
81.0189 	EXP 	unnamed Rect: autoDraw = False
81.0235 	INFO 	Mouse: using default window
81.0235 	EXP 	window1: mouseVisible = True
81.0236 	EXP 	window1: mouseVisible = True
81.0272 	EXP 	Created unnamed TextStim = TextStim(__class__=<class 'psychopy.visual.text.TextStim'>, alignHoriz=method-wrapper(...), alignText='center', alignVert=method-wrapper(...), anchorHoriz='center', anchorVert='center', antialias=True, autoDraw=False, autoLog=True, bold=False, color=array([1, 1, 1]), colorSpace='rgb', contrast=1.0, depth=0, draggable=False, flipHoriz=False, flipVert=False, font='', fontFiles=[], height=0.035, italic=False, languageStyle='LTR', name='unnamed TextStim', opacity=1.0, ori=0.0, pos=array([0., 0.]), rgb=UNKNOWN, text='press Space to start', units='height', win=Window(...), wrapWidth=1)
81.4695 	DATA 	Keypress: space
81.4701 	EXP 	window1: mouseVisible = True
81.4705 	EXP 	Created unnamed Rect = Rect(__class__=<class 'psychopy.visual.rect.Rect'>, anchor=('center', 'center'), autoDraw=False, autoLog=True, closeShape=True, color=method-wrapper(...), colorSpace='rgb', contrast=None, depth=0, draggable=False, fillColor=array([0.00392157, 0.00392157, 0.00392157]), fillColorSpace='rgb', fillRGB=array([0.00392157, 0.00392157, 0.00392157]), interpolate=True, lineColor=array([0, 0, 0]), lineColorSpace='rgb', lineRGB=array([0, 0, 0]), lineWidth=0, name='unnamed Rect', opacity=0.5, ori=0.0, pos=array([-0.65,  0.45]), size=array([0.1, 0.1]), units='height', vertices=ndarray(...), win=Window(...))
81.4716 	EXP 	window1: mouseVisible = True
81.4736 	EXP 	Created node0 = Circle(__class__=<class 'psychopy.visual.circle.Circle'>, anchor=('center', 'center'), autoDraw=False, autoLog=True, closeShape=True, color=method-wrapper(...), colorSpace='rgb', contrast=None, depth=0, draggable=False, fillColor=array([1, 1, 1]), fillColorSpace='rgb', fillRGB=array([1, 1, 1]), interpolate=True, lineColor=array([-1, -1, -1]), lineColorSpace='rgb', lineRGB=array([-1, -1, -1]), lineWidth=2, name='node0', opacity=1.0, ori=0.0, pos=array([0.  , 0.35]), size=array([1., 1.]), units='height', vertices=ndarray(...), win=Window(...))
81.4737 	EXP 	window1: mouseVisible = True
81.4917 	EXP 	Created unnamed ImageStim = ImageStim(__class__=<class 'psychopy.visual.image.ImageStim'>, anchor=('center', 'center'), autoLog=True, color=array([1., 1., 1.]), colorSpace='rgb', contrast=1.0, depth=0, draggable=False, flipHoriz=False, flipVert=False, image='images/pattern_7.png', interpolate=False, mask=None, maskParams=None, name='unnamed ImageStim', opacity=1.0, ori=0.0, pos=array([0.  , 0.35]), size=array([0.12, 0.12]), texRes=128, units='height', win=Window(...))
81.4928 	EXP 	window1: mouseVisible = True
81.4947 	EXP 	Created node1 = Circle(__class__=<class 'psychopy.visual.circle.Circle'>, anchor=('center', 'center'), autoDraw=False, autoLog=True, closeShape=True, color=method-wrapper(...), colorSpace='rgb', contrast=None, depth=0, draggable=False, fillColor=array([1, 1, 1]), fillColorSpace='rgb', fillRGB=array([1, 1, 1]), interpolate=True, lineColor=array([-1, -1, -1]), lineColorSpace='rgb', lineRGB=array([-1, -1, -1]), lineWidth=2, name='node1', opacity=1.0, ori=0.0, pos=array([-0.18922429,  0.29443874]), size=array([1., 1.]), units='height', vertices=ndarray(...), win=Window(...))
81.4947 	EXP 	window1: mouseVisible = True
81.5114 	EXP 	Created unnamed ImageStim = ImageStim(__class__=<class 'psychopy.visual.image.ImageStim'>, anchor=('center', 'center'), autoLog=True, color=array([1., 1., 1.]), colorSpace='rgb', contrast=1.0, depth=0, draggable=False, flipHoriz=False, flipVert=False, image='images/pattern_6.png', interpolate=False, mask=None, maskParams=None, name='unnamed ImageStim', opacity=1.0, ori=0.0, pos=array([-0.18922429,  0.29443874]), size=array([0.12, 0.12]), texRes=128, units='height', win=Window(...))
81.5124 	EXP 	window1: mouseVisible = True
81.5144 	EXP 	Created node2 = Circle(__class__=<class 'psychopy.visual.circle.Circle'>, anchor=('center', 'center'), autoDraw=False, autoLog=True, closeShape=True, color=method-wrapper(...), colorSpace='rgb', contrast=None, depth=0, draggable=False, fillColor=array([1, 1, 1]), fillColorSpace='rgb', fillRGB=array([1, 1, 1]), interpolate=True, lineColor=array([-1, -1, -1]), lineColorSpace='rgb', lineRGB=array([-1, -1, -1]), lineWidth=2, name='node2', opacity=1.0, ori=0.0, pos=array([-0.3183712 ,  0.14539525]), size=array([1., 1.]), units='height', vertices=ndarray(...), win=Window(...))
81.5145 	EXP 	window1: mouseVisible = True
81.5310 	EXP 	Created unnamed ImageStim = ImageStim(__class__=<class 'psychopy.visual.image.ImageStim'>, anchor=('center', 'center'), autoLog=True, color=array([1., 1., 1.]), colorSpace='rgb', contrast=1.0, depth=0, draggable=False, flipHoriz=False, flipVert=False, image='images/pattern_3.png', interpolate=False, mask=None, maskParams=None, name='unnamed ImageStim', opacity=1.0, ori=0.0, pos=array([-0.3183712 ,  0.14539525]), size=array([0.12, 0.12]), texRes=128, units='height', win=Window(...))
81.5321 	EXP 	window1: mouseVisible = True
81.5340 	EXP 	Created node3 = Circle(__class__=<class 'psychopy.visual.circle.Circle'>, anchor=('center', 'center'), autoDraw=False, autoLog=True, closeShape=True, color=method-wrapper(...), colorSpace='rgb', contrast=None, depth=0, draggable=False, fillColor=array([1, 1, 1]), fillColorSpace='rgb', fillRGB=array([1, 1, 1]), interpolate=True, lineColor=array([-1, -1, -1]), lineColorSpace='rgb', lineRGB=array([-1, -1, -1]), lineWidth=2, name='node3', opacity=1.0, ori=0.0, pos=array([-0.3464375 , -0.04981019]), size=array([1., 1.]), units='height', vertices=ndarray(...), win=Window(...))
81.5340 	EXP 	window1: mouseVisible = True
81.5520 	EXP 	Created unnamed ImageStim = ImageStim(__class__=<class 'psychopy.visual.image.ImageStim'>, anchor=('center', 'center'), autoLog=True, color=array([1., 1., 1.]), colorSpace='rgb', contrast=1.0, depth=0, draggable=False, flipHoriz=False, flipVert=False, image='images/pattern_8.png', interpolate=False, mask=None, maskParams=None, name='unnamed ImageStim', opacity=1.0, ori=0.0, pos=array([-0.3464375 , -0.04981019]), size=array([0.12, 0.12]), texRes=128, units='height', win=Window(...))
81.5530 	EXP 	window1: mouseVisible = True
81.5549 	EXP 	Created node4 = Circle(__class__=<class 'psychopy.visual.circle.Circle'>, anchor=('center', 'center'), autoDraw=False, autoLog=True, closeShape=True, color=method-wrapper(...), colorSpace='rgb', contrast=None, depth=0, draggable=False, fillColor=array([1, 1, 1]), fillColorSpace='rgb', fillRGB=array([1, 1, 1]), interpolate=True, lineColor=array([-1, -1, -1]), lineColorSpace='rgb', lineRGB=array([-1, -1, -1]), lineWidth=2, name='node4', opacity=1.0, ori=0.0, pos=array([-0.26451235, -0.22920126]), size=array([1., 1.]), units='height', vertices=ndarray(...), win=Window(...))
81.5559 	EXP 	window1: mouseVisible = True
81.5578 	EXP 	Created node5 = Circle(__class__=<class 'psychopy.visual.circle.Circle'>, anchor=('center', 'center'), autoDraw=False, autoLog=True, closeShape=True, color=method-wrapper(...), colorSpace='rgb', contrast=None, depth=0, draggable=False, fillColor=array([1, 1, 1]), fillColorSpace='rgb', fillRGB=array([1, 1, 1]), interpolate=True, lineColor=array([-1, -1, -1]), lineColorSpace='rgb', lineRGB=array([-1, -1, -1]), lineWidth=2, name='node5', opacity=1.0, ori=0.0, pos=array([-0.09860639, -0.33582254]), size=array([1., 1.]), units='height', vertices=ndarray(...), win=Window(...))
81.5578 	EXP 	window1: mouseVisible = True
81.5745 	EXP 	Created unnamed ImageStim = ImageStim(__class__=<class 'psychopy.visual.image.ImageStim'>, anchor=('center', 'center'), autoLog=True, color=array([1., 1., 1.]), colorSpace='rgb', contrast=1.0, depth=0, draggable=False, flipHoriz=False, flipVert=False, image='images/pattern_1.png', interpolate=False, mask=None, maskParams=None, name='unnamed ImageStim', opacity=1.0, ori=0.0, pos=array([-0.09860639, -0.33582254]), size=array([0.12, 0.12]), texRes=128, units='height', win=Window(...))
81.5755 	EXP 	window1: mouseVisible = True
81.5774 	EXP 	Created node6 = Circle(__class__=<class 'psychopy.visual.circle.Circle'>, anchor=('center', 'center'), autoDraw=False, autoLog=True, closeShape=True, color=method-wrapper(...), colorSpace='rgb', contrast=None, depth=0, draggable=False, fillColor=array([1, 1, 1]), fillColorSpace='rgb', fillRGB=array([1, 1, 1]), interpolate=True, lineColor=array([-1, -1, -1]), lineColorSpace='rgb', lineRGB=array([-1, -1, -1]), lineWidth=2, name='node6', opacity=1.0, ori=0.0, pos=array([ 0.09860639, -0.33582254]), size=array([1., 1.]), units='height', vertices=ndarray(...), win=Window(...))
81.5774 	EXP 	window1: mouseVisible = True
81.5938 	EXP 	Created unnamed ImageStim = ImageStim(__class__=<class 'psychopy.visual.image.ImageStim'>, anchor=('center', 'center'), autoLog=True, color=array([1., 1., 1.]), colorSpace='rgb', contrast=1.0, depth=0, draggable=False, flipHoriz=False, flipVert=False, image='images/pattern_3.png', interpolate=False, mask=None, maskParams=None, name='unnamed ImageStim', opacity=1.0, ori=0.0, pos=array([ 0.09860639, -0.33582254]), size=array([0.12, 0.12]), texRes=128, units='height', win=Window(...))
81.5948 	EXP 	window1: mouseVisible = True
81.5967 	EXP 	Created node7 = Circle(__class__=<class 'psychopy.visual.circle.Circle'>, anchor=('center', 'center'), autoDraw=False, autoLog=True, closeShape=True, color=method-wrapper(...), colorSpace='rgb', contrast=None, depth=0, draggable=False, fillColor=array([1, 1, 1]), fillColorSpace='rgb', fillRGB=array([1, 1, 1]), interpolate=True, lineColor=array([-1, -1, -1]), lineColorSpace='rgb', lineRGB=array([-1, -1, -1]), lineWidth=2, name='node7', opacity=1.0, ori=0.0, pos=array([ 0.26451235, -0.22920126]), size=array([1., 1.]), units='height', vertices=ndarray(...), win=Window(...))
81.5968 	EXP 	window1: mouseVisible = True
81.6135 	EXP 	Created unnamed ImageStim = ImageStim(__class__=<class 'psychopy.visual.image.ImageStim'>, anchor=('center', 'center'), autoLog=True, color=array([1., 1., 1.]), colorSpace='rgb', contrast=1.0, depth=0, draggable=False, flipHoriz=False, flipVert=False, image='images/pattern_5.png', interpolate=False, mask=None, maskParams=None, name='unnamed ImageStim', opacity=1.0, ori=0.0, pos=array([ 0.26451235, -0.22920126]), size=array([0.12, 0.12]), texRes=128, units='height', win=Window(...))
81.6146 	EXP 	window1: mouseVisible = True
81.6165 	EXP 	Created node8 = Circle(__class__=<class 'psychopy.visual.circle.Circle'>, anchor=('center', 'center'), autoDraw=False, autoLog=True, closeShape=True, color=method-wrapper(...), colorSpace='rgb', contrast=None, depth=0, draggable=False, fillColor=array([1, 1, 1]), fillColorSpace='rgb', fillRGB=array([1, 1, 1]), interpolate=True, lineColor=array([-1, -1, -1]), lineColorSpace='rgb', lineRGB=array([-1, -1, -1]), lineWidth=2, name='node8', opacity=1.0, ori=0.0, pos=array([ 0.3464375 , -0.04981019]), size=array([1., 1.]), units='height', vertices=ndarray(...), win=Window(...))
81.6165 	EXP 	window1: mouseVisible = True
81.6346 	EXP 	Created unnamed ImageStim = ImageStim(__class__=<class 'psychopy.visual.image.ImageStim'>, anchor=('center', 'center'), autoLog=True, color=array([1., 1., 1.]), colorSpace='rgb', contrast=1.0, depth=0, draggable=False, flipHoriz=False, flipVert=False, image='images/pattern_9.png', interpolate=False, mask=None, maskParams=None, name='unnamed ImageStim', opacity=1.0, ori=0.0, pos=array([ 0.3464375 , -0.04981019]), size=array([0.12, 0.12]), texRes=128, units='height', win=Window(...))
81.6356 	EXP 	window1: mouseVisible = True
81.6375 	EXP 	Created node9 = Circle(__class__=<class 'psychopy.visual.circle.Circle'>, anchor=('center', 'center'), autoDraw=False, autoLog=True, closeShape=True, color=method-wrapper(...), colorSpace='rgb', contrast=None, depth=0, draggable=False, fillColor=array([1, 1, 1]), fillColorSpace='rgb', fillRGB=array([1, 1, 1]), interpolate=True, lineColor=array([-1, -1, -1]), lineColorSpace='rgb', lineRGB=array([-1, -1, -1]), lineWidth=2, name='node9', opacity=1.0, ori=0.0, pos=array([0.3183712 , 0.14539525]), size=array([1., 1.]), units='height', vertices=ndarray(...), win=Window(...))
81.6375 	EXP 	window1: mouseVisible = True
81.6555 	EXP 	Created unnamed ImageStim = ImageStim(__class__=<class 'psychopy.visual.image.ImageStim'>, anchor=('center', 'center'), autoLog=True, color=array([1., 1., 1.]), colorSpace='rgb', contrast=1.0, depth=0, draggable=False, flipHoriz=False, flipVert=False, image='images/pattern_9.png', interpolate=False, mask=None, maskParams=None, name='unnamed ImageStim', opacity=1.0, ori=0.0, pos=array([0.3183712 , 0.14539525]), size=array([0.12, 0.12]), texRes=128, units='height', win=Window(...))
81.6565 	EXP 	window1: mouseVisible = True
81.6584 	EXP 	Created node10 = Circle(__class__=<class 'psychopy.visual.circle.Circle'>, anchor=('center', 'center'), autoDraw=False, autoLog=True, closeShape=True, color=method-wrapper(...), colorSpace='rgb', contrast=None, depth=0, draggable=False, fillColor=array([1, 1, 1]), fillColorSpace='rgb', fillRGB=array([1, 1, 1]), interpolate=True, lineColor=array([-1, -1, -1]), lineColorSpace='rgb', lineRGB=array([-1, -1, -1]), lineWidth=2, name='node10', opacity=1.0, ori=0.0, pos=array([0.18922429, 0.29443874]), size=array([1., 1.]), units='height', vertices=ndarray(...), win=Window(...))
81.6584 	EXP 	window1: mouseVisible = True
81.6747 	EXP 	Created unnamed ImageStim = ImageStim(__class__=<class 'psychopy.visual.image.ImageStim'>, anchor=('center', 'center'), autoLog=True, color=array([1., 1., 1.]), colorSpace='rgb', contrast=1.0, depth=0, draggable=False, flipHoriz=False, flipVert=False, image='images/pattern_4.png', interpolate=False, mask=None, maskParams=None, name='unnamed ImageStim', opacity=1.0, ori=0.0, pos=array([0.18922429, 0.29443874]), size=array([0.12, 0.12]), texRes=128, units='height', win=Window(...))
81.6748 	EXP 	window1: mouseVisible = True
81.6752 	EXP 	Created unnamed Line = Line(__class__=<class 'psychopy.visual.line.Line'>, anchor=('center', 'center'), autoDraw=False, autoLog=True, closeShape=False, color=array([-1, -1, -1]), colorSpace='rgb', contrast=None, depth=2, draggable=False, fillColor=array([0, 0, 0]), fillColorSpace='rgb', fillRGB=array([0, 0, 0]), interpolate=True, lineColor=array([-1, -1, -1]), lineColorSpace='rgb', lineRGB=array([-1, -1, -1]), lineWidth=4, name='unnamed Line', opacity=0.5, ori=0.0, pos=array([0., 0.]), size=array([1., 1.]), units='height', vertices=ndarray(...), win=Window(...), windingRule=None)
81.6753 	EXP 	window1: mouseVisible = True
81.6756 	EXP 	Created unnamed ShapeStim = ShapeStim(__class__=<class 'psychopy.visual.shape.ShapeStim'>, anchor=('center', 'center'), autoDraw=False, autoLog=True, closeShape=True, color=method-wrapper(...), colorSpace='rgb', contrast=None, depth=0, draggable=False, fillColor=array([-1, -1, -1]), fillColorSpace='rgb', fillRGB=array([-1, -1, -1]), interpolate=True, lineColor=array([-1, -1, -1]), lineColorSpace='rgb', lineRGB=array([-1, -1, -1]), lineWidth=1.5, name='unnamed ShapeStim', opacity=1.0, ori=8.181818181818173, pos=array([-0.32548694,  0.09590418]), size=array([1., 1.]), units='height', vertices=ndarray(...), win=Window(...), windingRule=None)
81.6757 	EXP 	window1: mouseVisible = True
81.6761 	EXP 	Created unnamed Line = Line(__class__=<class 'psychopy.visual.line.Line'>, anchor=('center', 'center'), autoDraw=False, autoLog=True, closeShape=False, color=array([-1, -1, -1]), colorSpace='rgb', contrast=None, depth=2, draggable=False, fillColor=array([0, 0, 0]), fillColorSpace='rgb', fillRGB=array([0, 0, 0]), interpolate=True, lineColor=array([-1, -1, -1]), lineColorSpace='rgb', lineRGB=array([-1, -1, -1]), lineWidth=4, name='unnamed Line', opacity=0.5, ori=0.0, pos=array([0., 0.]), size=array([1., 1.]), units='height', vertices=ndarray(...), win=Window(...), windingRule=None)
81.6761 	EXP 	window1: mouseVisible = True
81.6765 	EXP 	Created unnamed ShapeStim = ShapeStim(__class__=<class 'psychopy.visual.shape.ShapeStim'>, anchor=('center', 'center'), autoDraw=False, autoLog=True, closeShape=True, color=method-wrapper(...), colorSpace='rgb', contrast=None, depth=0, draggable=False, fillColor=array([-1, -1, -1]), fillColorSpace='rgb', fillRGB=array([-1, -1, -1]), interpolate=True, lineColor=array([-1, -1, -1]), lineColorSpace='rgb', lineRGB=array([-1, -1, -1]), lineWidth=1.5, name='unnamed ShapeStim', opacity=1.0, ori=57.27272727272728, pos=array([0.14716161, 0.2674067 ]), size=array([1., 1.]), units='height', vertices=ndarray(...), win=Window(...), windingRule=None)
81.6765 	EXP 	window1: mouseVisible = True
81.6769 	EXP 	Created unnamed Line = Line(__class__=<class 'psychopy.visual.line.Line'>, anchor=('center', 'center'), autoDraw=False, autoLog=True, closeShape=False, color=array([-1, -1, -1]), colorSpace='rgb', contrast=None, depth=2, draggable=False, fillColor=array([0, 0, 0]), fillColorSpace='rgb', fillRGB=array([0, 0, 0]), interpolate=True, lineColor=array([-1, -1, -1]), lineColorSpace='rgb', lineRGB=array([-1, -1, -1]), lineWidth=4, name='unnamed Line', opacity=0.5, ori=0.0, pos=array([0., 0.]), size=array([1., 1.]), units='height', vertices=ndarray(...), win=Window(...), windingRule=None)
81.6769 	EXP 	window1: mouseVisible = True
81.6773 	EXP 	Created unnamed ShapeStim = ShapeStim(__class__=<class 'psychopy.visual.shape.ShapeStim'>, anchor=('center', 'center'), autoDraw=False, autoLog=True, closeShape=True, color=method-wrapper(...), colorSpace='rgb', contrast=None, depth=0, draggable=False, fillColor=array([-1, -1, -1]), fillColorSpace='rgb', fillRGB=array([-1, -1, -1]), interpolate=True, lineColor=array([-1, -1, -1]), lineColorSpace='rgb', lineRGB=array([-1, -1, -1]), lineWidth=1.5, name='unnamed ShapeStim', opacity=1.0, ori=57.27272727272729, pos=array([0.27630852, 0.11836321]), size=array([1., 1.]), units='height', vertices=ndarray(...), win=Window(...), windingRule=None)
81.6773 	EXP 	window1: mouseVisible = True
81.6777 	EXP 	Created unnamed Line = Line(__class__=<class 'psychopy.visual.line.Line'>, anchor=('center', 'center'), autoDraw=False, autoLog=True, closeShape=False, color=array([-1, -1, -1]), colorSpace='rgb', contrast=None, depth=2, draggable=False, fillColor=array([0, 0, 0]), fillColorSpace='rgb', fillRGB=array([0, 0, 0]), interpolate=True, lineColor=array([-1, -1, -1]), lineColorSpace='rgb', lineRGB=array([-1, -1, -1]), lineWidth=4, name='unnamed Line', opacity=0.5, ori=0.0, pos=array([0., 0.]), size=array([1., 1.]), units='height', vertices=ndarray(...), win=Window(...), windingRule=None)
81.6777 	EXP 	window1: mouseVisible = True
81.6781 	EXP 	Created unnamed ShapeStim = ShapeStim(__class__=<class 'psychopy.visual.shape.ShapeStim'>, anchor=('center', 'center'), autoDraw=False, autoLog=True, closeShape=True, color=method-wrapper(...), colorSpace='rgb', contrast=None, depth=0, draggable=False, fillColor=array([-1, -1, -1]), fillColorSpace='rgb', fillRGB=array([-1, -1, -1]), interpolate=True, lineColor=array([-1, -1, -1]), lineColorSpace='rgb', lineRGB=array([-1, -1, -1]), lineWidth=1.5, name='unnamed ShapeStim', opacity=1.0, ori=106.36363636363639, pos=array([ 0.05063175, -0.32173591]), size=array([1., 1.]), units='height', vertices=ndarray(...), win=Window(...), windingRule=None)
81.6782 	EXP 	window1: mouseVisible = True
81.6785 	EXP 	Created unnamed Line = Line(__class__=<class 'psychopy.visual.line.Line'>, anchor=('center', 'center'), autoDraw=False, autoLog=True, closeShape=False, color=array([-1, -1, -1]), colorSpace='rgb', contrast=None, depth=2, draggable=False, fillColor=array([0, 0, 0]), fillColorSpace='rgb', fillRGB=array([0, 0, 0]), interpolate=True, lineColor=array([-1, -1, -1]), lineColorSpace='rgb', lineRGB=array([-1, -1, -1]), lineWidth=4, name='unnamed Line', opacity=0.5, ori=0.0, pos=array([0., 0.]), size=array([1., 1.]), units='height', vertices=ndarray(...), win=Window(...), windingRule=None)
81.6786 	EXP 	window1: mouseVisible = True
81.6790 	EXP 	Created unnamed ShapeStim = ShapeStim(__class__=<class 'psychopy.visual.shape.ShapeStim'>, anchor=('center', 'center'), autoDraw=False, autoLog=True, closeShape=True, color=method-wrapper(...), colorSpace='rgb', contrast=None, depth=0, draggable=False, fillColor=array([-1, -1, -1]), fillColorSpace='rgb', fillRGB=array([-1, -1, -1]), interpolate=True, lineColor=array([-1, -1, -1]), lineColorSpace='rgb', lineRGB=array([-1, -1, -1]), lineWidth=1.5, name='unnamed ShapeStim', opacity=1.0, ori=-40.90909090909091, pos=array([-0.31369447, -0.08759767]), size=array([1., 1.]), units='height', vertices=ndarray(...), win=Window(...), windingRule=None)
81.6790 	EXP 	window1: mouseVisible = True
81.6794 	EXP 	Created unnamed Line = Line(__class__=<class 'psychopy.visual.line.Line'>, anchor=('center', 'center'), autoDraw=False, autoLog=True, closeShape=False, color=array([-1, -1, -1]), colorSpace='rgb', contrast=None, depth=2, draggable=False, fillColor=array([0, 0, 0]), fillColorSpace='rgb', fillRGB=array([0, 0, 0]), interpolate=True, lineColor=array([-1, -1, -1]), lineColorSpace='rgb', lineRGB=array([-1, -1, -1]), lineWidth=4, name='unnamed Line', opacity=0.5, ori=0.0, pos=array([0., 0.]), size=array([1., 1.]), units='height', vertices=ndarray(...), win=Window(...), windingRule=None)
81.6794 	EXP 	window1: mouseVisible = True
81.6798 	EXP 	Created unnamed ShapeStim = ShapeStim(__class__=<class 'psychopy.visual.shape.ShapeStim'>, anchor=('center', 'center'), autoDraw=False, autoLog=True, closeShape=True, color=method-wrapper(...), colorSpace='rgb', contrast=None, depth=0, draggable=False, fillColor=array([-1, -1, -1]), fillColorSpace='rgb', fillRGB=array([-1, -1, -1]), interpolate=True, lineColor=array([-1, -1, -1]), lineColorSpace='rgb', lineRGB=array([-1, -1, -1]), lineWidth=1.5, name='unnamed ShapeStim', opacity=1.0, ori=-24.54545454545456, pos=array([-0.29760045,  0.09991365]), size=array([1., 1.]), units='height', vertices=ndarray(...), win=Window(...), windingRule=None)
81.6798 	EXP 	window1: mouseVisible = True
81.6802 	EXP 	Created unnamed Line = Line(__class__=<class 'psychopy.visual.line.Line'>, anchor=('center', 'center'), autoDraw=False, autoLog=True, closeShape=False, color=array([-1, -1, -1]), colorSpace='rgb', contrast=None, depth=2, draggable=False, fillColor=array([0, 0, 0]), fillColorSpace='rgb', fillRGB=array([0, 0, 0]), interpolate=True, lineColor=array([-1, -1, -1]), lineColorSpace='rgb', lineRGB=array([-1, -1, -1]), lineWidth=4, name='unnamed Line', opacity=0.5, ori=0.0, pos=array([0., 0.]), size=array([1., 1.]), units='height', vertices=ndarray(...), win=Window(...), windingRule=None)
81.6802 	EXP 	window1: mouseVisible = True
81.6806 	EXP 	Created unnamed ShapeStim = ShapeStim(__class__=<class 'psychopy.visual.shape.ShapeStim'>, anchor=('center', 'center'), autoDraw=False, autoLog=True, closeShape=True, color=method-wrapper(...), colorSpace='rgb', contrast=None, depth=0, draggable=False, fillColor=array([-1, -1, -1]), fillColorSpace='rgb', fillRGB=array([-1, -1, -1]), interpolate=True, lineColor=array([-1, -1, -1]), lineColorSpace='rgb', lineRGB=array([-1, -1, -1]), lineWidth=1.5, name='unnamed ShapeStim', opacity=1.0, ori=-24.545454545454547, pos=array([-0.16845354,  0.24895714]), size=array([1., 1.]), units='height', vertices=ndarray(...), win=Window(...), windingRule=None)
81.6806 	EXP 	window1: mouseVisible = True
81.6810 	EXP 	Created unnamed Line = Line(__class__=<class 'psychopy.visual.line.Line'>, anchor=('center', 'center'), autoDraw=False, autoLog=True, closeShape=False, color=array([-1, -1, -1]), colorSpace='rgb', contrast=None, depth=2, draggable=False, fillColor=array([0, 0, 0]), fillColorSpace='rgb', fillRGB=array([0, 0, 0]), interpolate=True, lineColor=array([-1, -1, -1]), lineColorSpace='rgb', lineRGB=array([-1, -1, -1]), lineWidth=4, name='unnamed Line', opacity=0.5, ori=0.0, pos=array([0., 0.]), size=array([1., 1.]), units='height', vertices=ndarray(...), win=Window(...), windingRule=None)
81.6810 	EXP 	window1: mouseVisible = True
81.6814 	EXP 	Created unnamed ShapeStim = ShapeStim(__class__=<class 'psychopy.visual.shape.ShapeStim'>, anchor=('center', 'center'), autoDraw=False, autoLog=True, closeShape=True, color=method-wrapper(...), colorSpace='rgb', contrast=None, depth=0, draggable=False, fillColor=array([-1, -1, -1]), fillColorSpace='rgb', fillRGB=array([-1, -1, -1]), interpolate=True, lineColor=array([-1, -1, -1]), lineColorSpace='rgb', lineRGB=array([-1, -1, -1]), lineWidth=1.5, name='unnamed ShapeStim', opacity=1.0, ori=57.2727272727273, pos=array([ 0.22244967, -0.2562333 ]), size=array([1., 1.]), units='height', vertices=ndarray(...), win=Window(...), windingRule=None)
81.6814 	EXP 	window1: mouseVisible = True
81.6818 	EXP 	Created unnamed Line = Line(__class__=<class 'psychopy.visual.line.Line'>, anchor=('center', 'center'), autoDraw=False, autoLog=True, closeShape=False, color=array([-1, -1, -1]), colorSpace='rgb', contrast=None, depth=2, draggable=False, fillColor=array([0, 0, 0]), fillColorSpace='rgb', fillRGB=array([0, 0, 0]), interpolate=True, lineColor=array([-1, -1, -1]), lineColorSpace='rgb', lineRGB=array([-1, -1, -1]), lineWidth=4, name='unnamed Line', opacity=0.5, ori=0.0, pos=array([0., 0.]), size=array([1., 1.]), units='height', vertices=ndarray(...), win=Window(...), windingRule=None)
81.6818 	EXP 	window1: mouseVisible = True
81.6822 	EXP 	Created unnamed ShapeStim = ShapeStim(__class__=<class 'psychopy.visual.shape.ShapeStim'>, anchor=('center', 'center'), autoDraw=False, autoLog=True, closeShape=True, color=method-wrapper(...), colorSpace='rgb', contrast=None, depth=0, draggable=False, fillColor=array([-1, -1, -1]), fillColorSpace='rgb', fillRGB=array([-1, -1, -1]), interpolate=True, lineColor=array([-1, -1, -1]), lineColorSpace='rgb', lineRGB=array([-1, -1, -1]), lineWidth=1.5, name='unnamed ShapeStim', opacity=1.0, ori=171.8181818181818, pos=array([ 3.39321763e-01, -3.19121302e-04]), size=array([1., 1.]), units='height', vertices=ndarray(...), win=Window(...), windingRule=None)
81.6822 	EXP 	window1: mouseVisible = True
81.6826 	EXP 	Created unnamed Line = Line(__class__=<class 'psychopy.visual.line.Line'>, anchor=('center', 'center'), autoDraw=False, autoLog=True, closeShape=False, color=array([-1, -1, -1]), colorSpace='rgb', contrast=None, depth=2, draggable=False, fillColor=array([0, 0, 0]), fillColorSpace='rgb', fillRGB=array([0, 0, 0]), interpolate=True, lineColor=array([-1, -1, -1]), lineColorSpace='rgb', lineRGB=array([-1, -1, -1]), lineWidth=4, name='unnamed Line', opacity=0.5, ori=0.0, pos=array([0., 0.]), size=array([1., 1.]), units='height', vertices=ndarray(...), win=Window(...), windingRule=None)
81.6826 	EXP 	window1: mouseVisible = True
81.6831 	EXP 	Created unnamed ShapeStim = ShapeStim(__class__=<class 'psychopy.visual.shape.ShapeStim'>, anchor=('center', 'center'), autoDraw=False, autoLog=True, closeShape=True, color=method-wrapper(...), colorSpace='rgb', contrast=None, depth=0, draggable=False, fillColor=array([-1, -1, -1]), fillColorSpace='rgb', fillRGB=array([-1, -1, -1]), interpolate=True, lineColor=array([-1, -1, -1]), lineColorSpace='rgb', lineRGB=array([-1, -1, -1]), lineWidth=1.5, name='unnamed ShapeStim', opacity=1.0, ori=-57.27272727272728, pos=array([0.04206268, 0.32296796]), size=array([1., 1.]), units='height', vertices=ndarray(...), win=Window(...), windingRule=None)
81.6831 	EXP 	window1: mouseVisible = True
81.6834 	EXP 	Created unnamed Rect = Rect(__class__=<class 'psychopy.visual.rect.Rect'>, anchor=('center', 'center'), autoDraw=False, autoLog=True, closeShape=True, color=method-wrapper(...), colorSpace='rgb', contrast=None, depth=0, draggable=False, fillColor=array([0.00392157, 0.00392157, 0.00392157]), fillColorSpace='rgb', fillRGB=array([0.00392157, 0.00392157, 0.00392157]), interpolate=True, lineColor=array([0, 0, 0]), lineColorSpace='rgb', lineRGB=array([0, 0, 0]), lineWidth=0, name='unnamed Rect', opacity=0.0, ori=0.0, pos=array([0.1, 0. ]), size=array([1.1, 1. ]), units='height', vertices=ndarray(...), win=Window(...))
81.6900 	EXP 	unnamed Rect: autoDraw = True
81.6900 	EXP 	node0: autoDraw = True
81.6900 	EXP 	unnamed ImageStim: autoDraw = True
81.6900 	EXP 	node1: autoDraw = True
81.6900 	EXP 	unnamed ImageStim: autoDraw = True
81.6900 	EXP 	node2: autoDraw = True
81.6900 	EXP 	unnamed ImageStim: autoDraw = True
81.6900 	EXP 	node3: autoDraw = True
81.6900 	EXP 	unnamed ImageStim: autoDraw = True
81.6900 	EXP 	node4: autoDraw = True
81.6900 	EXP 	node5: autoDraw = True
81.6900 	EXP 	unnamed ImageStim: autoDraw = True
81.6900 	EXP 	node6: autoDraw = True
81.6900 	EXP 	unnamed ImageStim: autoDraw = True
81.6900 	EXP 	node7: autoDraw = True
81.6900 	EXP 	unnamed ImageStim: autoDraw = True
81.6900 	EXP 	node8: autoDraw = True
81.6900 	EXP 	unnamed ImageStim: autoDraw = True
81.6900 	EXP 	node9: autoDraw = True
81.6900 	EXP 	unnamed ImageStim: autoDraw = True
81.6900 	EXP 	node10: autoDraw = True
81.6900 	EXP 	unnamed ImageStim: autoDraw = True
81.6900 	EXP 	unnamed Line: autoDraw = True
81.6900 	EXP 	unnamed Line: autoDraw = True
81.6900 	EXP 	unnamed ShapeStim: autoDraw = True
81.6900 	EXP 	unnamed Line: autoDraw = True
81.6900 	EXP 	unnamed Line: autoDraw = True
81.6900 	EXP 	unnamed ShapeStim: autoDraw = True
81.6900 	EXP 	unnamed Line: autoDraw = True
81.6900 	EXP 	unnamed Line: autoDraw = True
81.6900 	EXP 	unnamed ShapeStim: autoDraw = True
81.6900 	EXP 	unnamed Line: autoDraw = True
81.6900 	EXP 	unnamed Line: autoDraw = True
81.6900 	EXP 	unnamed ShapeStim: autoDraw = True
81.6900 	EXP 	unnamed Line: autoDraw = True
81.6900 	EXP 	unnamed Line: autoDraw = True
81.6900 	EXP 	unnamed ShapeStim: autoDraw = True
81.6900 	EXP 	unnamed Line: autoDraw = True
81.6900 	EXP 	unnamed Line: autoDraw = True
81.6900 	EXP 	unnamed ShapeStim: autoDraw = True
81.6900 	EXP 	unnamed Line: autoDraw = True
81.6900 	EXP 	unnamed Line: autoDraw = True
81.6900 	EXP 	unnamed ShapeStim: autoDraw = True
81.6900 	EXP 	unnamed Line: autoDraw = True
81.6900 	EXP 	unnamed Line: autoDraw = True
81.6900 	EXP 	unnamed ShapeStim: autoDraw = True
81.6900 	EXP 	unnamed Line: autoDraw = True
81.6900 	EXP 	unnamed Line: autoDraw = True
81.6900 	EXP 	unnamed ShapeStim: autoDraw = True
81.6900 	EXP 	unnamed Line: autoDraw = True
81.6900 	EXP 	unnamed Line: autoDraw = True
81.6900 	EXP 	unnamed ShapeStim: autoDraw = True
81.6900 	EXP 	unnamed Rect: autoDraw = True
81.6900 	EXP 	node4: fillColor = '#126DEF'
81.6959 	EXP 	node4: fillColor = '#126DEF'
81.6959 	EXP 	unnamed Line: foreColor = <psychopy.colors.Color: black, alpha=1.0>
81.6959 	EXP 	unnamed Line: borderColor = <psychopy.colors.Color: black, alpha=1.0>
81.6959 	EXP 	unnamed Line: fillColor = <psychopy.colors.Color: black, alpha=1.0>
81.6959 	EXP 	unnamed ShapeStim: foreColor = <psychopy.colors.Color: black, alpha=1.0>
81.6959 	EXP 	unnamed ShapeStim: borderColor = <psychopy.colors.Color: black, alpha=1.0>
81.6959 	EXP 	unnamed ShapeStim: fillColor = <psychopy.colors.Color: black, alpha=1.0>
81.6959 	EXP 	unnamed Line: foreColor = <psychopy.colors.Color: black, alpha=1.0>
81.6959 	EXP 	unnamed Line: borderColor = <psychopy.colors.Color: black, alpha=1.0>
81.6959 	EXP 	unnamed Line: fillColor = <psychopy.colors.Color: black, alpha=1.0>
81.6959 	EXP 	unnamed ShapeStim: foreColor = <psychopy.colors.Color: black, alpha=1.0>
81.6959 	EXP 	unnamed ShapeStim: borderColor = <psychopy.colors.Color: black, alpha=1.0>
81.6959 	EXP 	unnamed ShapeStim: fillColor = <psychopy.colors.Color: black, alpha=1.0>
81.6959 	EXP 	unnamed Line: autoDraw = False
81.6959 	EXP 	unnamed ShapeStim: autoDraw = False
81.6959 	EXP 	unnamed Line: autoDraw = True
81.6959 	EXP 	unnamed ShapeStim: autoDraw = True
81.6959 	EXP 	unnamed Line: autoDraw = False
81.6959 	EXP 	unnamed ShapeStim: autoDraw = False
81.6959 	EXP 	unnamed Line: autoDraw = True
81.6959 	EXP 	unnamed ShapeStim: autoDraw = True
81.6959 	EXP 	unnamed Line: foreColor = <psychopy.colors.Color: black, alpha=1.0>
81.6959 	EXP 	unnamed Line: borderColor = <psychopy.colors.Color: black, alpha=1.0>
81.6959 	EXP 	unnamed Line: fillColor = <psychopy.colors.Color: black, alpha=1.0>
81.6959 	EXP 	unnamed ShapeStim: foreColor = <psychopy.colors.Color: black, alpha=1.0>
81.6959 	EXP 	unnamed ShapeStim: borderColor = <psychopy.colors.Color: black, alpha=1.0>
81.6959 	EXP 	unnamed ShapeStim: fillColor = <psychopy.colors.Color: black, alpha=1.0>
81.6959 	EXP 	unnamed Line: foreColor = <psychopy.colors.Color: black, alpha=1.0>
81.6959 	EXP 	unnamed Line: borderColor = <psychopy.colors.Color: black, alpha=1.0>
81.6959 	EXP 	unnamed Line: fillColor = <psychopy.colors.Color: black, alpha=1.0>
81.6959 	EXP 	unnamed ShapeStim: foreColor = <psychopy.colors.Color: black, alpha=1.0>
81.6959 	EXP 	unnamed ShapeStim: borderColor = <psychopy.colors.Color: black, alpha=1.0>
81.6959 	EXP 	unnamed ShapeStim: fillColor = <psychopy.colors.Color: black, alpha=1.0>
81.6959 	EXP 	unnamed Line: foreColor = <psychopy.colors.Color: black, alpha=1.0>
81.6959 	EXP 	unnamed Line: borderColor = <psychopy.colors.Color: black, alpha=1.0>
81.6959 	EXP 	unnamed Line: fillColor = <psychopy.colors.Color: black, alpha=1.0>
81.6959 	EXP 	unnamed ShapeStim: foreColor = <psychopy.colors.Color: black, alpha=1.0>
81.6959 	EXP 	unnamed ShapeStim: borderColor = <psychopy.colors.Color: black, alpha=1.0>
81.6959 	EXP 	unnamed ShapeStim: fillColor = <psychopy.colors.Color: black, alpha=1.0>
81.6959 	EXP 	unnamed Line: foreColor = <psychopy.colors.Color: black, alpha=1.0>
81.6959 	EXP 	unnamed Line: borderColor = <psychopy.colors.Color: black, alpha=1.0>
81.6959 	EXP 	unnamed Line: fillColor = <psychopy.colors.Color: black, alpha=1.0>
81.6959 	EXP 	unnamed ShapeStim: foreColor = <psychopy.colors.Color: black, alpha=1.0>
81.6959 	EXP 	unnamed ShapeStim: borderColor = <psychopy.colors.Color: black, alpha=1.0>
81.6959 	EXP 	unnamed ShapeStim: fillColor = <psychopy.colors.Color: black, alpha=1.0>
81.6959 	EXP 	unnamed Line: foreColor = <psychopy.colors.Color: black, alpha=1.0>
81.6959 	EXP 	unnamed Line: borderColor = <psychopy.colors.Color: black, alpha=1.0>
81.6959 	EXP 	unnamed Line: fillColor = <psychopy.colors.Color: black, alpha=1.0>
81.6959 	EXP 	unnamed ShapeStim: foreColor = <psychopy.colors.Color: black, alpha=1.0>
81.6959 	EXP 	unnamed ShapeStim: borderColor = <psychopy.colors.Color: black, alpha=1.0>
81.6959 	EXP 	unnamed ShapeStim: fillColor = <psychopy.colors.Color: black, alpha=1.0>
81.6959 	EXP 	unnamed Line: foreColor = <psychopy.colors.Color: black, alpha=1.0>
81.6959 	EXP 	unnamed Line: borderColor = <psychopy.colors.Color: black, alpha=1.0>
81.6959 	EXP 	unnamed Line: fillColor = <psychopy.colors.Color: black, alpha=1.0>
81.6959 	EXP 	unnamed ShapeStim: foreColor = <psychopy.colors.Color: black, alpha=1.0>
81.6959 	EXP 	unnamed ShapeStim: borderColor = <psychopy.colors.Color: black, alpha=1.0>
81.6959 	EXP 	unnamed ShapeStim: fillColor = <psychopy.colors.Color: black, alpha=1.0>
81.6959 	EXP 	unnamed Line: foreColor = <psychopy.colors.Color: (1.0, 0.58, -0.87, 1.0)>
81.6959 	EXP 	unnamed Line: borderColor = <psychopy.colors.Color: (1.0, 0.58, -0.87, 1.0)>
81.6959 	EXP 	unnamed Line: fillColor = <psychopy.colors.Color: (1.0, 0.58, -0.87, 1.0)>
81.6959 	EXP 	unnamed ShapeStim: foreColor = <psychopy.colors.Color: (1.0, 0.58, -0.87, 1.0)>
81.6959 	EXP 	unnamed ShapeStim: borderColor = <psychopy.colors.Color: (1.0, 0.58, -0.87, 1.0)>
81.6959 	EXP 	unnamed ShapeStim: fillColor = <psychopy.colors.Color: (1.0, 0.58, -0.87, 1.0)>
82.4614 	DATA 	Keypress: f
82.4661 	EXP 	unnamed Line: foreColor = <psychopy.colors.Color: black, alpha=1.0>
82.4661 	EXP 	unnamed Line: borderColor = <psychopy.colors.Color: black, alpha=1.0>
82.4661 	EXP 	unnamed Line: fillColor = <psychopy.colors.Color: black, alpha=1.0>
82.4661 	EXP 	unnamed ShapeStim: foreColor = <psychopy.colors.Color: black, alpha=1.0>
82.4661 	EXP 	unnamed ShapeStim: borderColor = <psychopy.colors.Color: black, alpha=1.0>
82.4661 	EXP 	unnamed ShapeStim: fillColor = <psychopy.colors.Color: black, alpha=1.0>
82.4661 	EXP 	unnamed Line: foreColor = <psychopy.colors.Color: (1.0, 0.58, -0.87, 1.0)>
82.4661 	EXP 	unnamed Line: borderColor = <psychopy.colors.Color: (1.0, 0.58, -0.87, 1.0)>
82.4661 	EXP 	unnamed Line: fillColor = <psychopy.colors.Color: (1.0, 0.58, -0.87, 1.0)>
82.4661 	EXP 	unnamed ShapeStim: foreColor = <psychopy.colors.Color: (1.0, 0.58, -0.87, 1.0)>
82.4661 	EXP 	unnamed ShapeStim: borderColor = <psychopy.colors.Color: (1.0, 0.58, -0.87, 1.0)>
82.4661 	EXP 	unnamed ShapeStim: fillColor = <psychopy.colors.Color: (1.0, 0.58, -0.87, 1.0)>
82.8452 	DATA 	Keypress: j
82.8502 	EXP 	node9: fillColor = '#126DEF'
82.8502 	EXP 	node4: fillColor = 'white'
82.8566 	EXP 	unnamed Line: foreColor = <psychopy.colors.Color: black, alpha=1.0>
82.8566 	EXP 	unnamed Line: borderColor = <psychopy.colors.Color: black, alpha=1.0>
82.8566 	EXP 	unnamed Line: fillColor = <psychopy.colors.Color: black, alpha=1.0>
82.8566 	EXP 	unnamed ShapeStim: foreColor = <psychopy.colors.Color: black, alpha=1.0>
82.8566 	EXP 	unnamed ShapeStim: borderColor = <psychopy.colors.Color: black, alpha=1.0>
82.8566 	EXP 	unnamed ShapeStim: fillColor = <psychopy.colors.Color: black, alpha=1.0>
82.8566 	EXP 	unnamed Line: foreColor = <psychopy.colors.Color: black, alpha=1.0>
82.8566 	EXP 	unnamed Line: borderColor = <psychopy.colors.Color: black, alpha=1.0>
82.8566 	EXP 	unnamed Line: fillColor = <psychopy.colors.Color: black, alpha=1.0>
82.8566 	EXP 	unnamed ShapeStim: foreColor = <psychopy.colors.Color: black, alpha=1.0>
82.8566 	EXP 	unnamed ShapeStim: borderColor = <psychopy.colors.Color: black, alpha=1.0>
82.8566 	EXP 	unnamed ShapeStim: fillColor = <psychopy.colors.Color: black, alpha=1.0>
82.8566 	EXP 	unnamed Line: foreColor = <psychopy.colors.Color: black, alpha=1.0>
82.8566 	EXP 	unnamed Line: borderColor = <psychopy.colors.Color: black, alpha=1.0>
82.8566 	EXP 	unnamed Line: fillColor = <psychopy.colors.Color: black, alpha=1.0>
82.8566 	EXP 	unnamed ShapeStim: foreColor = <psychopy.colors.Color: black, alpha=1.0>
82.8566 	EXP 	unnamed ShapeStim: borderColor = <psychopy.colors.Color: black, alpha=1.0>
82.8566 	EXP 	unnamed ShapeStim: fillColor = <psychopy.colors.Color: black, alpha=1.0>
82.8566 	EXP 	unnamed Line: foreColor = <psychopy.colors.Color: black, alpha=1.0>
82.8566 	EXP 	unnamed Line: borderColor = <psychopy.colors.Color: black, alpha=1.0>
82.8566 	EXP 	unnamed Line: fillColor = <psychopy.colors.Color: black, alpha=1.0>
82.8566 	EXP 	unnamed ShapeStim: foreColor = <psychopy.colors.Color: black, alpha=1.0>
82.8566 	EXP 	unnamed ShapeStim: borderColor = <psychopy.colors.Color: black, alpha=1.0>
82.8566 	EXP 	unnamed ShapeStim: fillColor = <psychopy.colors.Color: black, alpha=1.0>
82.8566 	EXP 	unnamed Line: foreColor = <psychopy.colors.Color: black, alpha=1.0>
82.8566 	EXP 	unnamed Line: borderColor = <psychopy.colors.Color: black, alpha=1.0>
82.8566 	EXP 	unnamed Line: fillColor = <psychopy.colors.Color: black, alpha=1.0>
82.8566 	EXP 	unnamed ShapeStim: foreColor = <psychopy.colors.Color: black, alpha=1.0>
82.8566 	EXP 	unnamed ShapeStim: borderColor = <psychopy.colors.Color: black, alpha=1.0>
82.8566 	EXP 	unnamed ShapeStim: fillColor = <psychopy.colors.Color: black, alpha=1.0>
82.8566 	EXP 	unnamed Line: foreColor = <psychopy.colors.Color: black, alpha=1.0>
82.8566 	EXP 	unnamed Line: borderColor = <psychopy.colors.Color: black, alpha=1.0>
82.8566 	EXP 	unnamed Line: fillColor = <psychopy.colors.Color: black, alpha=1.0>
82.8566 	EXP 	unnamed ShapeStim: foreColor = <psychopy.colors.Color: black, alpha=1.0>
82.8566 	EXP 	unnamed ShapeStim: borderColor = <psychopy.colors.Color: black, alpha=1.0>
82.8566 	EXP 	unnamed ShapeStim: fillColor = <psychopy.colors.Color: black, alpha=1.0>
82.8566 	EXP 	unnamed Line: foreColor = <psychopy.colors.Color: black, alpha=1.0>
82.8566 	EXP 	unnamed Line: borderColor = <psychopy.colors.Color: black, alpha=1.0>
82.8566 	EXP 	unnamed Line: fillColor = <psychopy.colors.Color: black, alpha=1.0>
82.8566 	EXP 	unnamed ShapeStim: foreColor = <psychopy.colors.Color: black, alpha=1.0>
82.8566 	EXP 	unnamed ShapeStim: borderColor = <psychopy.colors.Color: black, alpha=1.0>
82.8566 	EXP 	unnamed ShapeStim: fillColor = <psychopy.colors.Color: black, alpha=1.0>
82.8566 	EXP 	unnamed Line: foreColor = <psychopy.colors.Color: black, alpha=1.0>
82.8566 	EXP 	unnamed Line: borderColor = <psychopy.colors.Color: black, alpha=1.0>
82.8566 	EXP 	unnamed Line: fillColor = <psychopy.colors.Color: black, alpha=1.0>
82.8566 	EXP 	unnamed ShapeStim: foreColor = <psychopy.colors.Color: black, alpha=1.0>
82.8566 	EXP 	unnamed ShapeStim: borderColor = <psychopy.colors.Color: black, alpha=1.0>
82.8566 	EXP 	unnamed ShapeStim: fillColor = <psychopy.colors.Color: black, alpha=1.0>
82.8566 	EXP 	unnamed Line: autoDraw = False
82.8566 	EXP 	unnamed ShapeStim: autoDraw = False
82.8566 	EXP 	unnamed Line: autoDraw = True
82.8566 	EXP 	unnamed ShapeStim: autoDraw = True
82.8566 	EXP 	unnamed Line: autoDraw = False
82.8566 	EXP 	unnamed ShapeStim: autoDraw = False
82.8566 	EXP 	unnamed Line: autoDraw = True
82.8566 	EXP 	unnamed ShapeStim: autoDraw = True
82.8566 	EXP 	unnamed Line: foreColor = <psychopy.colors.Color: (1.0, 0.58, -0.87, 1.0)>
82.8566 	EXP 	unnamed Line: borderColor = <psychopy.colors.Color: (1.0, 0.58, -0.87, 1.0)>
82.8566 	EXP 	unnamed Line: fillColor = <psychopy.colors.Color: (1.0, 0.58, -0.87, 1.0)>
82.8566 	EXP 	unnamed ShapeStim: foreColor = <psychopy.colors.Color: (1.0, 0.58, -0.87, 1.0)>
82.8566 	EXP 	unnamed ShapeStim: borderColor = <psychopy.colors.Color: (1.0, 0.58, -0.87, 1.0)>
82.8566 	EXP 	unnamed ShapeStim: fillColor = <psychopy.colors.Color: (1.0, 0.58, -0.87, 1.0)>
83.3252 	DATA 	Keypress: j
83.3289 	EXP 	node8: fillColor = '#126DEF'
83.3289 	EXP 	node9: fillColor = 'white'
84.0291 	EXP 	window1: mouseVisible = True
84.0306 	EXP 	Created unnamed TextStim = TextStim(__class__=<class 'psychopy.visual.text.TextStim'>, alignHoriz=method-wrapper(...), alignText='center', alignVert=method-wrapper(...), anchorHoriz='center', anchorVert='center', antialias=True, autoDraw=False, autoLog=True, bold=True, color=array([-0.88235294, -0.12156863, -0.97647059]), colorSpace='rgb', contrast=1.0, depth=0, draggable=False, flipHoriz=False, flipVert=False, font='', fontFiles=[], height=0.04, italic=False, languageStyle='LTR', name='unnamed TextStim', opacity=1.0, ori=0.0, pos=array([0.3783712 , 0.20539525]), rgb=UNKNOWN, text='+4', units='height', win=Window(...), wrapWidth=1)
84.0308 	EXP 	window1: mouseVisible = True
84.0314 	EXP 	Created unnamed TextStim = TextStim(__class__=<class 'psychopy.visual.text.TextStim'>, alignHoriz=method-wrapper(...), alignText='center', alignVert=method-wrapper(...), anchorHoriz='center', anchorVert='center', antialias=True, autoDraw=False, autoLog=True, bold=True, color=array([-0.88235294, -0.12156863, -0.97647059]), colorSpace='rgb', contrast=1.0, depth=0, draggable=False, flipHoriz=False, flipVert=False, font='', fontFiles=[], height=0.04, italic=False, languageStyle='LTR', name='unnamed TextStim', opacity=1.0, ori=0.0, pos=array([0.4064375 , 0.01018981]), rgb=UNKNOWN, text='+4', units='height', win=Window(...), wrapWidth=1)
84.0348 	EXP 	node8: fillColor = 'white'
84.0348 	EXP 	unnamed ImageStim: autoDraw = True
84.0348 	EXP 	unnamed ImageStim: autoDraw = True
85.0436 	EXP 	unnamed ImageStim: autoDraw = False
85.0436 	EXP 	unnamed ImageStim: autoDraw = False
85.0436 	EXP 	unnamed Rect: autoDraw = False
85.0436 	EXP 	unnamed Rect: autoDraw = True
85.1853 	EXP 	unnamed Rect: autoDraw = False
85.1853 	EXP 	node0: autoDraw = False
85.1853 	EXP 	unnamed ImageStim: autoDraw = False
85.1853 	EXP 	node1: autoDraw = False
85.1853 	EXP 	unnamed ImageStim: autoDraw = False
85.1853 	EXP 	node2: autoDraw = False
85.1853 	EXP 	unnamed ImageStim: autoDraw = False
85.1853 	EXP 	node3: autoDraw = False
85.1853 	EXP 	unnamed ImageStim: autoDraw = False
85.1853 	EXP 	node4: autoDraw = False
85.1853 	EXP 	node5: autoDraw = False
85.1853 	EXP 	unnamed ImageStim: autoDraw = False
85.1853 	EXP 	node6: autoDraw = False
85.1853 	EXP 	unnamed ImageStim: autoDraw = False
85.1853 	EXP 	node7: autoDraw = False
85.1853 	EXP 	unnamed ImageStim: autoDraw = False
85.1853 	EXP 	node8: autoDraw = False
85.1853 	EXP 	unnamed ImageStim: autoDraw = False
85.1853 	EXP 	node9: autoDraw = False
85.1853 	EXP 	unnamed ImageStim: autoDraw = False
85.1853 	EXP 	node10: autoDraw = False
85.1853 	EXP 	unnamed ImageStim: autoDraw = False
85.1853 	EXP 	unnamed Line: autoDraw = False
85.1853 	EXP 	unnamed ShapeStim: autoDraw = False
85.1853 	EXP 	unnamed Line: autoDraw = False
85.1853 	EXP 	unnamed ShapeStim: autoDraw = False
85.1853 	EXP 	unnamed Line: autoDraw = False
85.1853 	EXP 	unnamed ShapeStim: autoDraw = False
85.1853 	EXP 	unnamed Line: autoDraw = False
85.1853 	EXP 	unnamed ShapeStim: autoDraw = False
85.1853 	EXP 	unnamed Line: autoDraw = False
85.1853 	EXP 	unnamed ShapeStim: autoDraw = False
85.1853 	EXP 	unnamed Line: autoDraw = False
85.1853 	EXP 	unnamed ShapeStim: autoDraw = False
85.1853 	EXP 	unnamed Line: autoDraw = False
85.1853 	EXP 	unnamed ShapeStim: autoDraw = False
85.1853 	EXP 	unnamed Line: autoDraw = False
85.1853 	EXP 	unnamed ShapeStim: autoDraw = False
85.1853 	EXP 	unnamed Line: autoDraw = False
85.1853 	EXP 	unnamed ShapeStim: autoDraw = False
85.1853 	EXP 	unnamed Line: autoDraw = False
85.1853 	EXP 	unnamed ShapeStim: autoDraw = False
85.1853 	EXP 	unnamed Rect: autoDraw = False
85.1933 	INFO 	Mouse: using default window
85.1933 	EXP 	window1: mouseVisible = True
85.1934 	EXP 	window1: mouseVisible = True
85.1969 	EXP 	Created unnamed TextStim = TextStim(__class__=<class 'psychopy.visual.text.TextStim'>, alignHoriz=method-wrapper(...), alignText='center', alignVert=method-wrapper(...), anchorHoriz='center', anchorVert='center', antialias=True, autoDraw=False, autoLog=True, bold=False, color=array([1, 1, 1]), colorSpace='rgb', contrast=1.0, depth=0, draggable=False, flipHoriz=False, flipVert=False, font='', fontFiles=[], height=0.035, italic=False, languageStyle='LTR', name='unnamed TextStim', opacity=1.0, ori=0.0, pos=array([0., 0.]), rgb=UNKNOWN, text='press Space to start', units='height', win=Window(...), wrapWidth=1)
85.7094 	DATA 	Keypress: space
85.7099 	EXP 	window1: mouseVisible = True
85.7103 	EXP 	Created unnamed Rect = Rect(__class__=<class 'psychopy.visual.rect.Rect'>, anchor=('center', 'center'), autoDraw=False, autoLog=True, closeShape=True, color=method-wrapper(...), colorSpace='rgb', contrast=None, depth=0, draggable=False, fillColor=array([0.00392157, 0.00392157, 0.00392157]), fillColorSpace='rgb', fillRGB=array([0.00392157, 0.00392157, 0.00392157]), interpolate=True, lineColor=array([0, 0, 0]), lineColorSpace='rgb', lineRGB=array([0, 0, 0]), lineWidth=0, name='unnamed Rect', opacity=0.5, ori=0.0, pos=array([-0.65,  0.45]), size=array([0.1, 0.1]), units='height', vertices=ndarray(...), win=Window(...))
85.7114 	EXP 	window1: mouseVisible = True
85.7136 	EXP 	Created node0 = Circle(__class__=<class 'psychopy.visual.circle.Circle'>, anchor=('center', 'center'), autoDraw=False, autoLog=True, closeShape=True, color=method-wrapper(...), colorSpace='rgb', contrast=None, depth=0, draggable=False, fillColor=array([1, 1, 1]), fillColorSpace='rgb', fillRGB=array([1, 1, 1]), interpolate=True, lineColor=array([-1, -1, -1]), lineColorSpace='rgb', lineRGB=array([-1, -1, -1]), lineWidth=2, name='node0', opacity=1.0, ori=0.0, pos=array([0.  , 0.35]), size=array([1., 1.]), units='height', vertices=ndarray(...), win=Window(...))
85.7146 	EXP 	window1: mouseVisible = True
85.7165 	EXP 	Created node1 = Circle(__class__=<class 'psychopy.visual.circle.Circle'>, anchor=('center', 'center'), autoDraw=False, autoLog=True, closeShape=True, color=method-wrapper(...), colorSpace='rgb', contrast=None, depth=0, draggable=False, fillColor=array([1, 1, 1]), fillColorSpace='rgb', fillRGB=array([1, 1, 1]), interpolate=True, lineColor=array([-1, -1, -1]), lineColorSpace='rgb', lineRGB=array([-1, -1, -1]), lineWidth=2, name='node1', opacity=1.0, ori=0.0, pos=array([-0.18922429,  0.29443874]), size=array([1., 1.]), units='height', vertices=ndarray(...), win=Window(...))
85.7166 	EXP 	window1: mouseVisible = True
85.7335 	EXP 	Created unnamed ImageStim = ImageStim(__class__=<class 'psychopy.visual.image.ImageStim'>, anchor=('center', 'center'), autoLog=True, color=array([1., 1., 1.]), colorSpace='rgb', contrast=1.0, depth=0, draggable=False, flipHoriz=False, flipVert=False, image='images/pattern_4.png', interpolate=False, mask=None, maskParams=None, name='unnamed ImageStim', opacity=1.0, ori=0.0, pos=array([-0.18922429,  0.29443874]), size=array([0.12, 0.12]), texRes=128, units='height', win=Window(...))
85.7345 	EXP 	window1: mouseVisible = True
85.7364 	EXP 	Created node2 = Circle(__class__=<class 'psychopy.visual.circle.Circle'>, anchor=('center', 'center'), autoDraw=False, autoLog=True, closeShape=True, color=method-wrapper(...), colorSpace='rgb', contrast=None, depth=0, draggable=False, fillColor=array([1, 1, 1]), fillColorSpace='rgb', fillRGB=array([1, 1, 1]), interpolate=True, lineColor=array([-1, -1, -1]), lineColorSpace='rgb', lineRGB=array([-1, -1, -1]), lineWidth=2, name='node2', opacity=1.0, ori=0.0, pos=array([-0.3183712 ,  0.14539525]), size=array([1., 1.]), units='height', vertices=ndarray(...), win=Window(...))
85.7365 	EXP 	window1: mouseVisible = True
85.7532 	EXP 	Created unnamed ImageStim = ImageStim(__class__=<class 'psychopy.visual.image.ImageStim'>, anchor=('center', 'center'), autoLog=True, color=array([1., 1., 1.]), colorSpace='rgb', contrast=1.0, depth=0, draggable=False, flipHoriz=False, flipVert=False, image='images/pattern_1.png', interpolate=False, mask=None, maskParams=None, name='unnamed ImageStim', opacity=1.0, ori=0.0, pos=array([-0.3183712 ,  0.14539525]), size=array([0.12, 0.12]), texRes=128, units='height', win=Window(...))
85.7542 	EXP 	window1: mouseVisible = True
85.7561 	EXP 	Created node3 = Circle(__class__=<class 'psychopy.visual.circle.Circle'>, anchor=('center', 'center'), autoDraw=False, autoLog=True, closeShape=True, color=method-wrapper(...), colorSpace='rgb', contrast=None, depth=0, draggable=False, fillColor=array([1, 1, 1]), fillColorSpace='rgb', fillRGB=array([1, 1, 1]), interpolate=True, lineColor=array([-1, -1, -1]), lineColorSpace='rgb', lineRGB=array([-1, -1, -1]), lineWidth=2, name='node3', opacity=1.0, ori=0.0, pos=array([-0.3464375 , -0.04981019]), size=array([1., 1.]), units='height', vertices=ndarray(...), win=Window(...))
85.7562 	EXP 	window1: mouseVisible = True
85.7728 	EXP 	Created unnamed ImageStim = ImageStim(__class__=<class 'psychopy.visual.image.ImageStim'>, anchor=('center', 'center'), autoLog=True, color=array([1., 1., 1.]), colorSpace='rgb', contrast=1.0, depth=0, draggable=False, flipHoriz=False, flipVert=False, image='images/pattern_1.png', interpolate=False, mask=None, maskParams=None, name='unnamed ImageStim', opacity=1.0, ori=0.0, pos=array([-0.3464375 , -0.04981019]), size=array([0.12, 0.12]), texRes=128, units='height', win=Window(...))
85.7739 	EXP 	window1: mouseVisible = True
85.7757 	EXP 	Created node4 = Circle(__class__=<class 'psychopy.visual.circle.Circle'>, anchor=('center', 'center'), autoDraw=False, autoLog=True, closeShape=True, color=method-wrapper(...), colorSpace='rgb', contrast=None, depth=0, draggable=False, fillColor=array([1, 1, 1]), fillColorSpace='rgb', fillRGB=array([1, 1, 1]), interpolate=True, lineColor=array([-1, -1, -1]), lineColorSpace='rgb', lineRGB=array([-1, -1, -1]), lineWidth=2, name='node4', opacity=1.0, ori=0.0, pos=array([-0.26451235, -0.22920126]), size=array([1., 1.]), units='height', vertices=ndarray(...), win=Window(...))
85.7758 	EXP 	window1: mouseVisible = True
85.7924 	EXP 	Created unnamed ImageStim = ImageStim(__class__=<class 'psychopy.visual.image.ImageStim'>, anchor=('center', 'center'), autoLog=True, color=array([1., 1., 1.]), colorSpace='rgb', contrast=1.0, depth=0, draggable=False, flipHoriz=False, flipVert=False, image='images/pattern_1.png', interpolate=False, mask=None, maskParams=None, name='unnamed ImageStim', opacity=1.0, ori=0.0, pos=array([-0.26451235, -0.22920126]), size=array([0.12, 0.12]), texRes=128, units='height', win=Window(...))
85.7934 	EXP 	window1: mouseVisible = True
85.7953 	EXP 	Created node5 = Circle(__class__=<class 'psychopy.visual.circle.Circle'>, anchor=('center', 'center'), autoDraw=False, autoLog=True, closeShape=True, color=method-wrapper(...), colorSpace='rgb', contrast=None, depth=0, draggable=False, fillColor=array([1, 1, 1]), fillColorSpace='rgb', fillRGB=array([1, 1, 1]), interpolate=True, lineColor=array([-1, -1, -1]), lineColorSpace='rgb', lineRGB=array([-1, -1, -1]), lineWidth=2, name='node5', opacity=1.0, ori=0.0, pos=array([-0.09860639, -0.33582254]), size=array([1., 1.]), units='height', vertices=ndarray(...), win=Window(...))
85.7954 	EXP 	window1: mouseVisible = True
85.8126 	EXP 	Created unnamed ImageStim = ImageStim(__class__=<class 'psychopy.visual.image.ImageStim'>, anchor=('center', 'center'), autoLog=True, color=array([1., 1., 1.]), colorSpace='rgb', contrast=1.0, depth=0, draggable=False, flipHoriz=False, flipVert=False, image='images/pattern_7.png', interpolate=False, mask=None, maskParams=None, name='unnamed ImageStim', opacity=1.0, ori=0.0, pos=array([-0.09860639, -0.33582254]), size=array([0.12, 0.12]), texRes=128, units='height', win=Window(...))
85.8136 	EXP 	window1: mouseVisible = True
85.8474 	EXP 	Created node6 = Circle(__class__=<class 'psychopy.visual.circle.Circle'>, anchor=('center', 'center'), autoDraw=False, autoLog=True, closeShape=True, color=method-wrapper(...), colorSpace='rgb', contrast=None, depth=0, draggable=False, fillColor=array([1, 1, 1]), fillColorSpace='rgb', fillRGB=array([1, 1, 1]), interpolate=True, lineColor=array([-1, -1, -1]), lineColorSpace='rgb', lineRGB=array([-1, -1, -1]), lineWidth=2, name='node6', opacity=1.0, ori=0.0, pos=array([ 0.09860639, -0.33582254]), size=array([1., 1.]), units='height', vertices=ndarray(...), win=Window(...))
85.8475 	EXP 	window1: mouseVisible = True
85.8657 	EXP 	Created unnamed ImageStim = ImageStim(__class__=<class 'psychopy.visual.image.ImageStim'>, anchor=('center', 'center'), autoLog=True, color=array([1., 1., 1.]), colorSpace='rgb', contrast=1.0, depth=0, draggable=False, flipHoriz=False, flipVert=False, image='images/pattern_7.png', interpolate=False, mask=None, maskParams=None, name='unnamed ImageStim', opacity=1.0, ori=0.0, pos=array([ 0.09860639, -0.33582254]), size=array([0.12, 0.12]), texRes=128, units='height', win=Window(...))
85.8668 	EXP 	window1: mouseVisible = True
85.8688 	EXP 	Created node7 = Circle(__class__=<class 'psychopy.visual.circle.Circle'>, anchor=('center', 'center'), autoDraw=False, autoLog=True, closeShape=True, color=method-wrapper(...), colorSpace='rgb', contrast=None, depth=0, draggable=False, fillColor=array([1, 1, 1]), fillColorSpace='rgb', fillRGB=array([1, 1, 1]), interpolate=True, lineColor=array([-1, -1, -1]), lineColorSpace='rgb', lineRGB=array([-1, -1, -1]), lineWidth=2, name='node7', opacity=1.0, ori=0.0, pos=array([ 0.26451235, -0.22920126]), size=array([1., 1.]), units='height', vertices=ndarray(...), win=Window(...))
85.8688 	EXP 	window1: mouseVisible = True
85.8856 	EXP 	Created unnamed ImageStim = ImageStim(__class__=<class 'psychopy.visual.image.ImageStim'>, anchor=('center', 'center'), autoLog=True, color=array([1., 1., 1.]), colorSpace='rgb', contrast=1.0, depth=0, draggable=False, flipHoriz=False, flipVert=False, image='images/pattern_1.png', interpolate=False, mask=None, maskParams=None, name='unnamed ImageStim', opacity=1.0, ori=0.0, pos=array([ 0.26451235, -0.22920126]), size=array([0.12, 0.12]), texRes=128, units='height', win=Window(...))
85.8867 	EXP 	window1: mouseVisible = True
85.8886 	EXP 	Created node8 = Circle(__class__=<class 'psychopy.visual.circle.Circle'>, anchor=('center', 'center'), autoDraw=False, autoLog=True, closeShape=True, color=method-wrapper(...), colorSpace='rgb', contrast=None, depth=0, draggable=False, fillColor=array([1, 1, 1]), fillColorSpace='rgb', fillRGB=array([1, 1, 1]), interpolate=True, lineColor=array([-1, -1, -1]), lineColorSpace='rgb', lineRGB=array([-1, -1, -1]), lineWidth=2, name='node8', opacity=1.0, ori=0.0, pos=array([ 0.3464375 , -0.04981019]), size=array([1., 1.]), units='height', vertices=ndarray(...), win=Window(...))
85.8886 	EXP 	window1: mouseVisible = True
85.9067 	EXP 	Created unnamed ImageStim = ImageStim(__class__=<class 'psychopy.visual.image.ImageStim'>, anchor=('center', 'center'), autoLog=True, color=array([1., 1., 1.]), colorSpace='rgb', contrast=1.0, depth=0, draggable=False, flipHoriz=False, flipVert=False, image='images/pattern_9.png', interpolate=False, mask=None, maskParams=None, name='unnamed ImageStim', opacity=1.0, ori=0.0, pos=array([ 0.3464375 , -0.04981019]), size=array([0.12, 0.12]), texRes=128, units='height', win=Window(...))
85.9078 	EXP 	window1: mouseVisible = True
85.9097 	EXP 	Created node9 = Circle(__class__=<class 'psychopy.visual.circle.Circle'>, anchor=('center', 'center'), autoDraw=False, autoLog=True, closeShape=True, color=method-wrapper(...), colorSpace='rgb', contrast=None, depth=0, draggable=False, fillColor=array([1, 1, 1]), fillColorSpace='rgb', fillRGB=array([1, 1, 1]), interpolate=True, lineColor=array([-1, -1, -1]), lineColorSpace='rgb', lineRGB=array([-1, -1, -1]), lineWidth=2, name='node9', opacity=1.0, ori=0.0, pos=array([0.3183712 , 0.14539525]), size=array([1., 1.]), units='height', vertices=ndarray(...), win=Window(...))
85.9097 	EXP 	window1: mouseVisible = True
85.9264 	EXP 	Created unnamed ImageStim = ImageStim(__class__=<class 'psychopy.visual.image.ImageStim'>, anchor=('center', 'center'), autoLog=True, color=array([1., 1., 1.]), colorSpace='rgb', contrast=1.0, depth=0, draggable=False, flipHoriz=False, flipVert=False, image='images/pattern_1.png', interpolate=False, mask=None, maskParams=None, name='unnamed ImageStim', opacity=1.0, ori=0.0, pos=array([0.3183712 , 0.14539525]), size=array([0.12, 0.12]), texRes=128, units='height', win=Window(...))
85.9274 	EXP 	window1: mouseVisible = True
85.9293 	EXP 	Created node10 = Circle(__class__=<class 'psychopy.visual.circle.Circle'>, anchor=('center', 'center'), autoDraw=False, autoLog=True, closeShape=True, color=method-wrapper(...), colorSpace='rgb', contrast=None, depth=0, draggable=False, fillColor=array([1, 1, 1]), fillColorSpace='rgb', fillRGB=array([1, 1, 1]), interpolate=True, lineColor=array([-1, -1, -1]), lineColorSpace='rgb', lineRGB=array([-1, -1, -1]), lineWidth=2, name='node10', opacity=1.0, ori=0.0, pos=array([0.18922429, 0.29443874]), size=array([1., 1.]), units='height', vertices=ndarray(...), win=Window(...))
85.9293 	EXP 	window1: mouseVisible = True
85.9458 	EXP 	Created unnamed ImageStim = ImageStim(__class__=<class 'psychopy.visual.image.ImageStim'>, anchor=('center', 'center'), autoLog=True, color=array([1., 1., 1.]), colorSpace='rgb', contrast=1.0, depth=0, draggable=False, flipHoriz=False, flipVert=False, image='images/pattern_3.png', interpolate=False, mask=None, maskParams=None, name='unnamed ImageStim', opacity=1.0, ori=0.0, pos=array([0.18922429, 0.29443874]), size=array([0.12, 0.12]), texRes=128, units='height', win=Window(...))
85.9459 	EXP 	window1: mouseVisible = True
85.9463 	EXP 	Created unnamed Line = Line(__class__=<class 'psychopy.visual.line.Line'>, anchor=('center', 'center'), autoDraw=False, autoLog=True, closeShape=False, color=array([-1, -1, -1]), colorSpace='rgb', contrast=None, depth=2, draggable=False, fillColor=array([0, 0, 0]), fillColorSpace='rgb', fillRGB=array([0, 0, 0]), interpolate=True, lineColor=array([-1, -1, -1]), lineColorSpace='rgb', lineRGB=array([-1, -1, -1]), lineWidth=4, name='unnamed Line', opacity=0.5, ori=0.0, pos=array([0., 0.]), size=array([1., 1.]), units='height', vertices=ndarray(...), win=Window(...), windingRule=None)
85.9464 	EXP 	window1: mouseVisible = True
85.9467 	EXP 	Created unnamed ShapeStim = ShapeStim(__class__=<class 'psychopy.visual.shape.ShapeStim'>, anchor=('center', 'center'), autoDraw=False, autoLog=True, closeShape=True, color=method-wrapper(...), colorSpace='rgb', contrast=None, depth=0, draggable=False, fillColor=array([-1, -1, -1]), fillColorSpace='rgb', fillRGB=array([-1, -1, -1]), interpolate=True, lineColor=array([-1, -1, -1]), lineColorSpace='rgb', lineRGB=array([-1, -1, -1]), lineWidth=1.5, name='unnamed ShapeStim', opacity=1.0, ori=220.9090909090909, pos=array([-0.31369447, -0.01202271]), size=array([1., 1.]), units='height', vertices=ndarray(...), win=Window(...), windingRule=None)
85.9468 	EXP 	window1: mouseVisible = True
85.9472 	EXP 	Created unnamed Line = Line(__class__=<class 'psychopy.visual.line.Line'>, anchor=('center', 'center'), autoDraw=False, autoLog=True, closeShape=False, color=array([-1, -1, -1]), colorSpace='rgb', contrast=None, depth=2, draggable=False, fillColor=array([0, 0, 0]), fillColorSpace='rgb', fillRGB=array([0, 0, 0]), interpolate=True, lineColor=array([-1, -1, -1]), lineColorSpace='rgb', lineRGB=array([-1, -1, -1]), lineWidth=4, name='unnamed Line', opacity=0.5, ori=0.0, pos=array([0., 0.]), size=array([1., 1.]), units='height', vertices=ndarray(...), win=Window(...), windingRule=None)
85.9472 	EXP 	window1: mouseVisible = True
85.9476 	EXP 	Created unnamed ShapeStim = ShapeStim(__class__=<class 'psychopy.visual.shape.ShapeStim'>, anchor=('center', 'center'), autoDraw=False, autoLog=True, closeShape=True, color=method-wrapper(...), colorSpace='rgb', contrast=None, depth=0, draggable=False, fillColor=array([-1, -1, -1]), fillColorSpace='rgb', fillRGB=array([-1, -1, -1]), interpolate=True, lineColor=array([-1, -1, -1]), lineColorSpace='rgb', lineRGB=array([-1, -1, -1]), lineWidth=1.5, name='unnamed ShapeStim', opacity=1.0, ori=188.1818181818182, pos=array([-0.09149065, -0.28633147]), size=array([1., 1.]), units='height', vertices=ndarray(...), win=Window(...), windingRule=None)
85.9476 	EXP 	window1: mouseVisible = True
85.9480 	EXP 	Created unnamed Line = Line(__class__=<class 'psychopy.visual.line.Line'>, anchor=('center', 'center'), autoDraw=False, autoLog=True, closeShape=False, color=array([-1, -1, -1]), colorSpace='rgb', contrast=None, depth=2, draggable=False, fillColor=array([0, 0, 0]), fillColorSpace='rgb', fillRGB=array([0, 0, 0]), interpolate=True, lineColor=array([-1, -1, -1]), lineColorSpace='rgb', lineRGB=array([-1, -1, -1]), lineWidth=4, name='unnamed Line', opacity=0.5, ori=0.0, pos=array([0., 0.]), size=array([1., 1.]), units='height', vertices=ndarray(...), win=Window(...), windingRule=None)
85.9480 	EXP 	window1: mouseVisible = True
85.9484 	EXP 	Created unnamed ShapeStim = ShapeStim(__class__=<class 'psychopy.visual.shape.ShapeStim'>, anchor=('center', 'center'), autoDraw=False, autoLog=True, closeShape=True, color=method-wrapper(...), colorSpace='rgb', contrast=None, depth=0, draggable=False, fillColor=array([-1, -1, -1]), fillColorSpace='rgb', fillRGB=array([-1, -1, -1]), interpolate=True, lineColor=array([-1, -1, -1]), lineColorSpace='rgb', lineRGB=array([-1, -1, -1]), lineWidth=1.5, name='unnamed ShapeStim', opacity=1.0, ori=106.36363636363639, pos=array([ 0.2165377 , -0.21511463]), size=array([1., 1.]), units='height', vertices=ndarray(...), win=Window(...), windingRule=None)
85.9484 	EXP 	window1: mouseVisible = True
85.9488 	EXP 	Created unnamed Line = Line(__class__=<class 'psychopy.visual.line.Line'>, anchor=('center', 'center'), autoDraw=False, autoLog=True, closeShape=False, color=array([-1, -1, -1]), colorSpace='rgb', contrast=None, depth=2, draggable=False, fillColor=array([0, 0, 0]), fillColorSpace='rgb', fillRGB=array([0, 0, 0]), interpolate=True, lineColor=array([-1, -1, -1]), lineColorSpace='rgb', lineRGB=array([-1, -1, -1]), lineWidth=4, name='unnamed Line', opacity=0.5, ori=0.0, pos=array([0., 0.]), size=array([1., 1.]), units='height', vertices=ndarray(...), win=Window(...), windingRule=None)
85.9488 	EXP 	window1: mouseVisible = True
85.9492 	EXP 	Created unnamed ShapeStim = ShapeStim(__class__=<class 'psychopy.visual.shape.ShapeStim'>, anchor=('center', 'center'), autoDraw=False, autoLog=True, closeShape=True, color=method-wrapper(...), colorSpace='rgb', contrast=None, depth=0, draggable=False, fillColor=array([-1, -1, -1]), fillColorSpace='rgb', fillRGB=array([-1, -1, -1]), interpolate=True, lineColor=array([-1, -1, -1]), lineColorSpace='rgb', lineRGB=array([-1, -1, -1]), lineWidth=1.5, name='unnamed ShapeStim', opacity=1.0, ori=24.545454545454547, pos=array([-0.20999504,  0.24895714]), size=array([1., 1.]), units='height', vertices=ndarray(...), win=Window(...), windingRule=None)
85.9493 	EXP 	window1: mouseVisible = True
85.9496 	EXP 	Created unnamed Line = Line(__class__=<class 'psychopy.visual.line.Line'>, anchor=('center', 'center'), autoDraw=False, autoLog=True, closeShape=False, color=array([-1, -1, -1]), colorSpace='rgb', contrast=None, depth=2, draggable=False, fillColor=array([0, 0, 0]), fillColorSpace='rgb', fillRGB=array([0, 0, 0]), interpolate=True, lineColor=array([-1, -1, -1]), lineColorSpace='rgb', lineRGB=array([-1, -1, -1]), lineWidth=4, name='unnamed Line', opacity=0.5, ori=0.0, pos=array([0., 0.]), size=array([1., 1.]), units='height', vertices=ndarray(...), win=Window(...), windingRule=None)
85.9497 	EXP 	window1: mouseVisible = True
85.9500 	EXP 	Created unnamed ShapeStim = ShapeStim(__class__=<class 'psychopy.visual.shape.ShapeStim'>, anchor=('center', 'center'), autoDraw=False, autoLog=True, closeShape=True, color=method-wrapper(...), colorSpace='rgb', contrast=None, depth=0, draggable=False, fillColor=array([-1, -1, -1]), fillColorSpace='rgb', fillRGB=array([-1, -1, -1]), interpolate=True, lineColor=array([-1, -1, -1]), lineColorSpace='rgb', lineRGB=array([-1, -1, -1]), lineWidth=1.5, name='unnamed ShapeStim', opacity=1.0, ori=-57.27272727272728, pos=array([-0.22244967, -0.2562333 ]), size=array([1., 1.]), units='height', vertices=ndarray(...), win=Window(...), windingRule=None)
85.9501 	EXP 	window1: mouseVisible = True
85.9504 	EXP 	Created unnamed Line = Line(__class__=<class 'psychopy.visual.line.Line'>, anchor=('center', 'center'), autoDraw=False, autoLog=True, closeShape=False, color=array([-1, -1, -1]), colorSpace='rgb', contrast=None, depth=2, draggable=False, fillColor=array([0, 0, 0]), fillColorSpace='rgb', fillRGB=array([0, 0, 0]), interpolate=True, lineColor=array([-1, -1, -1]), lineColorSpace='rgb', lineRGB=array([-1, -1, -1]), lineWidth=4, name='unnamed Line', opacity=0.5, ori=0.0, pos=array([0., 0.]), size=array([1., 1.]), units='height', vertices=ndarray(...), win=Window(...), windingRule=None)
85.9505 	EXP 	window1: mouseVisible = True
85.9509 	EXP 	Created unnamed ShapeStim = ShapeStim(__class__=<class 'psychopy.visual.shape.ShapeStim'>, anchor=('center', 'center'), autoDraw=False, autoLog=True, closeShape=True, color=method-wrapper(...), colorSpace='rgb', contrast=None, depth=0, draggable=False, fillColor=array([-1, -1, -1]), fillColorSpace='rgb', fillRGB=array([-1, -1, -1]), interpolate=True, lineColor=array([-1, -1, -1]), lineColorSpace='rgb', lineRGB=array([-1, -1, -1]), lineWidth=1.5, name='unnamed ShapeStim', opacity=1.0, ori=57.27272727272728, pos=array([ 0.30437483, -0.07684223]), size=array([1., 1.]), units='height', vertices=ndarray(...), win=Window(...), windingRule=None)
85.9509 	EXP 	window1: mouseVisible = True
85.9512 	EXP 	Created unnamed Line = Line(__class__=<class 'psychopy.visual.line.Line'>, anchor=('center', 'center'), autoDraw=False, autoLog=True, closeShape=False, color=array([-1, -1, -1]), colorSpace='rgb', contrast=None, depth=2, draggable=False, fillColor=array([0, 0, 0]), fillColorSpace='rgb', fillRGB=array([0, 0, 0]), interpolate=True, lineColor=array([-1, -1, -1]), lineColorSpace='rgb', lineRGB=array([-1, -1, -1]), lineWidth=4, name='unnamed Line', opacity=0.5, ori=0.0, pos=array([0., 0.]), size=array([1., 1.]), units='height', vertices=ndarray(...), win=Window(...), windingRule=None)
85.9513 	EXP 	window1: mouseVisible = True
85.9517 	EXP 	Created unnamed ShapeStim = ShapeStim(__class__=<class 'psychopy.visual.shape.ShapeStim'>, anchor=('center', 'center'), autoDraw=False, autoLog=True, closeShape=True, color=method-wrapper(...), colorSpace='rgb', contrast=None, depth=0, draggable=False, fillColor=array([-1, -1, -1]), fillColorSpace='rgb', fillRGB=array([-1, -1, -1]), interpolate=True, lineColor=array([-1, -1, -1]), lineColorSpace='rgb', lineRGB=array([-1, -1, -1]), lineWidth=1.5, name='unnamed ShapeStim', opacity=1.0, ori=-40.90909090909088, pos=array([0.22196732, 0.25665126]), size=array([1., 1.]), units='height', vertices=ndarray(...), win=Window(...), windingRule=None)
85.9517 	EXP 	window1: mouseVisible = True
85.9520 	EXP 	Created unnamed Line = Line(__class__=<class 'psychopy.visual.line.Line'>, anchor=('center', 'center'), autoDraw=False, autoLog=True, closeShape=False, color=array([-1, -1, -1]), colorSpace='rgb', contrast=None, depth=2, draggable=False, fillColor=array([0, 0, 0]), fillColorSpace='rgb', fillRGB=array([0, 0, 0]), interpolate=True, lineColor=array([-1, -1, -1]), lineColorSpace='rgb', lineRGB=array([-1, -1, -1]), lineWidth=4, name='unnamed Line', opacity=0.5, ori=0.0, pos=array([0., 0.]), size=array([1., 1.]), units='height', vertices=ndarray(...), win=Window(...), windingRule=None)
85.9521 	EXP 	window1: mouseVisible = True
85.9525 	EXP 	Created unnamed ShapeStim = ShapeStim(__class__=<class 'psychopy.visual.shape.ShapeStim'>, anchor=('center', 'center'), autoDraw=False, autoLog=True, closeShape=True, color=method-wrapper(...), colorSpace='rgb', contrast=None, depth=0, draggable=False, fillColor=array([-1, -1, -1]), fillColorSpace='rgb', fillRGB=array([-1, -1, -1]), interpolate=True, lineColor=array([-1, -1, -1]), lineColorSpace='rgb', lineRGB=array([-1, -1, -1]), lineWidth=1.5, name='unnamed ShapeStim', opacity=1.0, ori=-90.0, pos=array([-0.2683712 ,  0.14539525]), size=array([1., 1.]), units='height', vertices=ndarray(...), win=Window(...), windingRule=None)
85.9525 	EXP 	window1: mouseVisible = True
85.9528 	EXP 	Created unnamed Line = Line(__class__=<class 'psychopy.visual.line.Line'>, anchor=('center', 'center'), autoDraw=False, autoLog=True, closeShape=False, color=array([-1, -1, -1]), colorSpace='rgb', contrast=None, depth=2, draggable=False, fillColor=array([0, 0, 0]), fillColorSpace='rgb', fillRGB=array([0, 0, 0]), interpolate=True, lineColor=array([-1, -1, -1]), lineColorSpace='rgb', lineRGB=array([-1, -1, -1]), lineWidth=4, name='unnamed Line', opacity=0.5, ori=0.0, pos=array([0., 0.]), size=array([1., 1.]), units='height', vertices=ndarray(...), win=Window(...), windingRule=None)
85.9529 	EXP 	window1: mouseVisible = True
85.9533 	EXP 	Created unnamed ShapeStim = ShapeStim(__class__=<class 'psychopy.visual.shape.ShapeStim'>, anchor=('center', 'center'), autoDraw=False, autoLog=True, closeShape=True, color=method-wrapper(...), colorSpace='rgb', contrast=None, depth=0, draggable=False, fillColor=array([-1, -1, -1]), fillColorSpace='rgb', fillRGB=array([-1, -1, -1]), interpolate=True, lineColor=array([-1, -1, -1]), lineColorSpace='rgb', lineRGB=array([-1, -1, -1]), lineWidth=1.5, name='unnamed ShapeStim', opacity=1.0, ori=253.63636363636365, pos=array([-0.27039655,  0.15948188]), size=array([1., 1.]), units='height', vertices=ndarray(...), win=Window(...), windingRule=None)
85.9534 	EXP 	window1: mouseVisible = True
85.9537 	EXP 	Created unnamed Line = Line(__class__=<class 'psychopy.visual.line.Line'>, anchor=('center', 'center'), autoDraw=False, autoLog=True, closeShape=False, color=array([-1, -1, -1]), colorSpace='rgb', contrast=None, depth=2, draggable=False, fillColor=array([0, 0, 0]), fillColorSpace='rgb', fillRGB=array([0, 0, 0]), interpolate=True, lineColor=array([-1, -1, -1]), lineColorSpace='rgb', lineRGB=array([-1, -1, -1]), lineWidth=4, name='unnamed Line', opacity=0.5, ori=0.0, pos=array([0., 0.]), size=array([1., 1.]), units='height', vertices=ndarray(...), win=Window(...), windingRule=None)
85.9538 	EXP 	window1: mouseVisible = True
85.9541 	EXP 	Created unnamed ShapeStim = ShapeStim(__class__=<class 'psychopy.visual.shape.ShapeStim'>, anchor=('center', 'center'), autoDraw=False, autoLog=True, closeShape=True, color=method-wrapper(...), colorSpace='rgb', contrast=None, depth=0, draggable=False, fillColor=array([-1, -1, -1]), fillColorSpace='rgb', fillRGB=array([-1, -1, -1]), interpolate=True, lineColor=array([-1, -1, -1]), lineColorSpace='rgb', lineRGB=array([-1, -1, -1]), lineWidth=1.5, name='unnamed ShapeStim', opacity=1.0, ori=188.1818181818182, pos=array([ 0.10572214, -0.28633147]), size=array([1., 1.]), units='height', vertices=ndarray(...), win=Window(...), windingRule=None)
85.9542 	EXP 	window1: mouseVisible = True
85.9545 	EXP 	Created unnamed Rect = Rect(__class__=<class 'psychopy.visual.rect.Rect'>, anchor=('center', 'center'), autoDraw=False, autoLog=True, closeShape=True, color=method-wrapper(...), colorSpace='rgb', contrast=None, depth=0, draggable=False, fillColor=array([0.00392157, 0.00392157, 0.00392157]), fillColorSpace='rgb', fillRGB=array([0.00392157, 0.00392157, 0.00392157]), interpolate=True, lineColor=array([0, 0, 0]), lineColorSpace='rgb', lineRGB=array([0, 0, 0]), lineWidth=0, name='unnamed Rect', opacity=0.0, ori=0.0, pos=array([0.1, 0. ]), size=array([1.1, 1. ]), units='height', vertices=ndarray(...), win=Window(...))
85.9612 	EXP 	unnamed Rect: autoDraw = True
85.9612 	EXP 	node0: autoDraw = True
85.9612 	EXP 	node1: autoDraw = True
85.9612 	EXP 	unnamed ImageStim: autoDraw = True
85.9612 	EXP 	node2: autoDraw = True
85.9612 	EXP 	unnamed ImageStim: autoDraw = True
85.9612 	EXP 	node3: autoDraw = True
85.9612 	EXP 	unnamed ImageStim: autoDraw = True
85.9612 	EXP 	node4: autoDraw = True
85.9612 	EXP 	unnamed ImageStim: autoDraw = True
85.9612 	EXP 	node5: autoDraw = True
85.9612 	EXP 	unnamed ImageStim: autoDraw = True
85.9612 	EXP 	node6: autoDraw = True
85.9612 	EXP 	unnamed ImageStim: autoDraw = True
85.9612 	EXP 	node7: autoDraw = True
85.9612 	EXP 	unnamed ImageStim: autoDraw = True
85.9612 	EXP 	node8: autoDraw = True
85.9612 	EXP 	unnamed ImageStim: autoDraw = True
85.9612 	EXP 	node9: autoDraw = True
85.9612 	EXP 	unnamed ImageStim: autoDraw = True
85.9612 	EXP 	node10: autoDraw = True
85.9612 	EXP 	unnamed ImageStim: autoDraw = True
85.9612 	EXP 	unnamed Line: autoDraw = True
85.9612 	EXP 	unnamed Line: autoDraw = True
85.9612 	EXP 	unnamed ShapeStim: autoDraw = True
85.9612 	EXP 	unnamed Line: autoDraw = True
85.9612 	EXP 	unnamed Line: autoDraw = True
85.9612 	EXP 	unnamed ShapeStim: autoDraw = True
85.9612 	EXP 	unnamed Line: autoDraw = True
85.9612 	EXP 	unnamed Line: autoDraw = True
85.9612 	EXP 	unnamed ShapeStim: autoDraw = True
85.9612 	EXP 	unnamed Line: autoDraw = True
85.9612 	EXP 	unnamed Line: autoDraw = True
85.9612 	EXP 	unnamed ShapeStim: autoDraw = True
85.9612 	EXP 	unnamed Line: autoDraw = True
85.9612 	EXP 	unnamed Line: autoDraw = True
85.9612 	EXP 	unnamed ShapeStim: autoDraw = True
85.9612 	EXP 	unnamed Line: autoDraw = True
85.9612 	EXP 	unnamed Line: autoDraw = True
85.9612 	EXP 	unnamed ShapeStim: autoDraw = True
85.9612 	EXP 	unnamed Line: autoDraw = True
85.9612 	EXP 	unnamed Line: autoDraw = True
85.9612 	EXP 	unnamed ShapeStim: autoDraw = True
85.9612 	EXP 	unnamed Line: autoDraw = True
85.9612 	EXP 	unnamed Line: autoDraw = True
85.9612 	EXP 	unnamed ShapeStim: autoDraw = True
85.9612 	EXP 	unnamed Line: autoDraw = True
85.9612 	EXP 	unnamed Line: autoDraw = True
85.9612 	EXP 	unnamed ShapeStim: autoDraw = True
85.9612 	EXP 	unnamed Line: autoDraw = True
85.9612 	EXP 	unnamed Line: autoDraw = True
85.9612 	EXP 	unnamed ShapeStim: autoDraw = True
85.9612 	EXP 	unnamed Rect: autoDraw = True
85.9612 	EXP 	node0: fillColor = '#126DEF'
85.9672 	EXP 	node0: fillColor = '#126DEF'
85.9672 	EXP 	unnamed Line: autoDraw = False
85.9672 	EXP 	unnamed ShapeStim: autoDraw = False
85.9672 	EXP 	unnamed Line: autoDraw = True
85.9672 	EXP 	unnamed ShapeStim: autoDraw = True
85.9672 	EXP 	unnamed Line: autoDraw = False
85.9672 	EXP 	unnamed ShapeStim: autoDraw = False
85.9672 	EXP 	unnamed Line: autoDraw = True
85.9672 	EXP 	unnamed ShapeStim: autoDraw = True
85.9672 	EXP 	unnamed Line: foreColor = <psychopy.colors.Color: black, alpha=1.0>
85.9672 	EXP 	unnamed Line: borderColor = <psychopy.colors.Color: black, alpha=1.0>
85.9672 	EXP 	unnamed Line: fillColor = <psychopy.colors.Color: black, alpha=1.0>
85.9672 	EXP 	unnamed ShapeStim: foreColor = <psychopy.colors.Color: black, alpha=1.0>
85.9672 	EXP 	unnamed ShapeStim: borderColor = <psychopy.colors.Color: black, alpha=1.0>
85.9672 	EXP 	unnamed ShapeStim: fillColor = <psychopy.colors.Color: black, alpha=1.0>
85.9672 	EXP 	unnamed Line: foreColor = <psychopy.colors.Color: black, alpha=1.0>
85.9672 	EXP 	unnamed Line: borderColor = <psychopy.colors.Color: black, alpha=1.0>
85.9672 	EXP 	unnamed Line: fillColor = <psychopy.colors.Color: black, alpha=1.0>
85.9672 	EXP 	unnamed ShapeStim: foreColor = <psychopy.colors.Color: black, alpha=1.0>
85.9672 	EXP 	unnamed ShapeStim: borderColor = <psychopy.colors.Color: black, alpha=1.0>
85.9672 	EXP 	unnamed ShapeStim: fillColor = <psychopy.colors.Color: black, alpha=1.0>
85.9672 	EXP 	unnamed Line: foreColor = <psychopy.colors.Color: black, alpha=1.0>
85.9672 	EXP 	unnamed Line: borderColor = <psychopy.colors.Color: black, alpha=1.0>
85.9672 	EXP 	unnamed Line: fillColor = <psychopy.colors.Color: black, alpha=1.0>
85.9672 	EXP 	unnamed ShapeStim: foreColor = <psychopy.colors.Color: black, alpha=1.0>
85.9672 	EXP 	unnamed ShapeStim: borderColor = <psychopy.colors.Color: black, alpha=1.0>
85.9672 	EXP 	unnamed ShapeStim: fillColor = <psychopy.colors.Color: black, alpha=1.0>
85.9672 	EXP 	unnamed Line: foreColor = <psychopy.colors.Color: black, alpha=1.0>
85.9672 	EXP 	unnamed Line: borderColor = <psychopy.colors.Color: black, alpha=1.0>
85.9672 	EXP 	unnamed Line: fillColor = <psychopy.colors.Color: black, alpha=1.0>
85.9672 	EXP 	unnamed ShapeStim: foreColor = <psychopy.colors.Color: black, alpha=1.0>
85.9672 	EXP 	unnamed ShapeStim: borderColor = <psychopy.colors.Color: black, alpha=1.0>
85.9672 	EXP 	unnamed ShapeStim: fillColor = <psychopy.colors.Color: black, alpha=1.0>
85.9672 	EXP 	unnamed Line: foreColor = <psychopy.colors.Color: black, alpha=1.0>
85.9672 	EXP 	unnamed Line: borderColor = <psychopy.colors.Color: black, alpha=1.0>
85.9672 	EXP 	unnamed Line: fillColor = <psychopy.colors.Color: black, alpha=1.0>
85.9672 	EXP 	unnamed ShapeStim: foreColor = <psychopy.colors.Color: black, alpha=1.0>
85.9672 	EXP 	unnamed ShapeStim: borderColor = <psychopy.colors.Color: black, alpha=1.0>
85.9672 	EXP 	unnamed ShapeStim: fillColor = <psychopy.colors.Color: black, alpha=1.0>
85.9672 	EXP 	unnamed Line: foreColor = <psychopy.colors.Color: black, alpha=1.0>
85.9672 	EXP 	unnamed Line: borderColor = <psychopy.colors.Color: black, alpha=1.0>
85.9672 	EXP 	unnamed Line: fillColor = <psychopy.colors.Color: black, alpha=1.0>
85.9672 	EXP 	unnamed ShapeStim: foreColor = <psychopy.colors.Color: black, alpha=1.0>
85.9672 	EXP 	unnamed ShapeStim: borderColor = <psychopy.colors.Color: black, alpha=1.0>
85.9672 	EXP 	unnamed ShapeStim: fillColor = <psychopy.colors.Color: black, alpha=1.0>
85.9672 	EXP 	unnamed Line: foreColor = <psychopy.colors.Color: black, alpha=1.0>
85.9672 	EXP 	unnamed Line: borderColor = <psychopy.colors.Color: black, alpha=1.0>
85.9672 	EXP 	unnamed Line: fillColor = <psychopy.colors.Color: black, alpha=1.0>
85.9672 	EXP 	unnamed ShapeStim: foreColor = <psychopy.colors.Color: black, alpha=1.0>
85.9672 	EXP 	unnamed ShapeStim: borderColor = <psychopy.colors.Color: black, alpha=1.0>
85.9672 	EXP 	unnamed ShapeStim: fillColor = <psychopy.colors.Color: black, alpha=1.0>
85.9672 	EXP 	unnamed Line: foreColor = <psychopy.colors.Color: black, alpha=1.0>
85.9672 	EXP 	unnamed Line: borderColor = <psychopy.colors.Color: black, alpha=1.0>
85.9672 	EXP 	unnamed Line: fillColor = <psychopy.colors.Color: black, alpha=1.0>
85.9672 	EXP 	unnamed ShapeStim: foreColor = <psychopy.colors.Color: black, alpha=1.0>
85.9672 	EXP 	unnamed ShapeStim: borderColor = <psychopy.colors.Color: black, alpha=1.0>
85.9672 	EXP 	unnamed ShapeStim: fillColor = <psychopy.colors.Color: black, alpha=1.0>
85.9672 	EXP 	unnamed Line: foreColor = <psychopy.colors.Color: (1.0, 0.58, -0.87, 1.0)>
85.9672 	EXP 	unnamed Line: borderColor = <psychopy.colors.Color: (1.0, 0.58, -0.87, 1.0)>
85.9672 	EXP 	unnamed Line: fillColor = <psychopy.colors.Color: (1.0, 0.58, -0.87, 1.0)>
85.9672 	EXP 	unnamed ShapeStim: foreColor = <psychopy.colors.Color: (1.0, 0.58, -0.87, 1.0)>
85.9672 	EXP 	unnamed ShapeStim: borderColor = <psychopy.colors.Color: (1.0, 0.58, -0.87, 1.0)>
85.9672 	EXP 	unnamed ShapeStim: fillColor = <psychopy.colors.Color: (1.0, 0.58, -0.87, 1.0)>
87.5175 	DATA 	Keypress: j
87.5239 	EXP 	node5: fillColor = '#126DEF'
87.5239 	EXP 	node0: fillColor = 'white'
87.5303 	EXP 	unnamed Line: foreColor = <psychopy.colors.Color: black, alpha=1.0>
87.5303 	EXP 	unnamed Line: borderColor = <psychopy.colors.Color: black, alpha=1.0>
87.5303 	EXP 	unnamed Line: fillColor = <psychopy.colors.Color: black, alpha=1.0>
87.5303 	EXP 	unnamed ShapeStim: foreColor = <psychopy.colors.Color: black, alpha=1.0>
87.5303 	EXP 	unnamed ShapeStim: borderColor = <psychopy.colors.Color: black, alpha=1.0>
87.5303 	EXP 	unnamed ShapeStim: fillColor = <psychopy.colors.Color: black, alpha=1.0>
87.5303 	EXP 	unnamed Line: foreColor = <psychopy.colors.Color: black, alpha=1.0>
87.5303 	EXP 	unnamed Line: borderColor = <psychopy.colors.Color: black, alpha=1.0>
87.5303 	EXP 	unnamed Line: fillColor = <psychopy.colors.Color: black, alpha=1.0>
87.5303 	EXP 	unnamed ShapeStim: foreColor = <psychopy.colors.Color: black, alpha=1.0>
87.5303 	EXP 	unnamed ShapeStim: borderColor = <psychopy.colors.Color: black, alpha=1.0>
87.5303 	EXP 	unnamed ShapeStim: fillColor = <psychopy.colors.Color: black, alpha=1.0>
87.5303 	EXP 	unnamed Line: foreColor = <psychopy.colors.Color: black, alpha=1.0>
87.5303 	EXP 	unnamed Line: borderColor = <psychopy.colors.Color: black, alpha=1.0>
87.5303 	EXP 	unnamed Line: fillColor = <psychopy.colors.Color: black, alpha=1.0>
87.5303 	EXP 	unnamed ShapeStim: foreColor = <psychopy.colors.Color: black, alpha=1.0>
87.5303 	EXP 	unnamed ShapeStim: borderColor = <psychopy.colors.Color: black, alpha=1.0>
87.5303 	EXP 	unnamed ShapeStim: fillColor = <psychopy.colors.Color: black, alpha=1.0>
87.5303 	EXP 	unnamed Line: foreColor = <psychopy.colors.Color: black, alpha=1.0>
87.5303 	EXP 	unnamed Line: borderColor = <psychopy.colors.Color: black, alpha=1.0>
87.5303 	EXP 	unnamed Line: fillColor = <psychopy.colors.Color: black, alpha=1.0>
87.5303 	EXP 	unnamed ShapeStim: foreColor = <psychopy.colors.Color: black, alpha=1.0>
87.5303 	EXP 	unnamed ShapeStim: borderColor = <psychopy.colors.Color: black, alpha=1.0>
87.5303 	EXP 	unnamed ShapeStim: fillColor = <psychopy.colors.Color: black, alpha=1.0>
87.5303 	EXP 	unnamed Line: autoDraw = False
87.5303 	EXP 	unnamed ShapeStim: autoDraw = False
87.5303 	EXP 	unnamed Line: autoDraw = True
87.5303 	EXP 	unnamed ShapeStim: autoDraw = True
87.5303 	EXP 	unnamed Line: autoDraw = False
87.5303 	EXP 	unnamed ShapeStim: autoDraw = False
87.5303 	EXP 	unnamed Line: autoDraw = True
87.5303 	EXP 	unnamed ShapeStim: autoDraw = True
87.5303 	EXP 	unnamed Line: foreColor = <psychopy.colors.Color: black, alpha=1.0>
87.5303 	EXP 	unnamed Line: borderColor = <psychopy.colors.Color: black, alpha=1.0>
87.5303 	EXP 	unnamed Line: fillColor = <psychopy.colors.Color: black, alpha=1.0>
87.5303 	EXP 	unnamed ShapeStim: foreColor = <psychopy.colors.Color: black, alpha=1.0>
87.5303 	EXP 	unnamed ShapeStim: borderColor = <psychopy.colors.Color: black, alpha=1.0>
87.5303 	EXP 	unnamed ShapeStim: fillColor = <psychopy.colors.Color: black, alpha=1.0>
87.5303 	EXP 	unnamed Line: foreColor = <psychopy.colors.Color: black, alpha=1.0>
87.5303 	EXP 	unnamed Line: borderColor = <psychopy.colors.Color: black, alpha=1.0>
87.5303 	EXP 	unnamed Line: fillColor = <psychopy.colors.Color: black, alpha=1.0>
87.5303 	EXP 	unnamed ShapeStim: foreColor = <psychopy.colors.Color: black, alpha=1.0>
87.5303 	EXP 	unnamed ShapeStim: borderColor = <psychopy.colors.Color: black, alpha=1.0>
87.5303 	EXP 	unnamed ShapeStim: fillColor = <psychopy.colors.Color: black, alpha=1.0>
87.5303 	EXP 	unnamed Line: foreColor = <psychopy.colors.Color: black, alpha=1.0>
87.5303 	EXP 	unnamed Line: borderColor = <psychopy.colors.Color: black, alpha=1.0>
87.5303 	EXP 	unnamed Line: fillColor = <psychopy.colors.Color: black, alpha=1.0>
87.5303 	EXP 	unnamed ShapeStim: foreColor = <psychopy.colors.Color: black, alpha=1.0>
87.5303 	EXP 	unnamed ShapeStim: borderColor = <psychopy.colors.Color: black, alpha=1.0>
87.5303 	EXP 	unnamed ShapeStim: fillColor = <psychopy.colors.Color: black, alpha=1.0>
87.5303 	EXP 	unnamed Line: foreColor = <psychopy.colors.Color: black, alpha=1.0>
87.5303 	EXP 	unnamed Line: borderColor = <psychopy.colors.Color: black, alpha=1.0>
87.5303 	EXP 	unnamed Line: fillColor = <psychopy.colors.Color: black, alpha=1.0>
87.5303 	EXP 	unnamed ShapeStim: foreColor = <psychopy.colors.Color: black, alpha=1.0>
87.5303 	EXP 	unnamed ShapeStim: borderColor = <psychopy.colors.Color: black, alpha=1.0>
87.5303 	EXP 	unnamed ShapeStim: fillColor = <psychopy.colors.Color: black, alpha=1.0>
87.5303 	EXP 	unnamed Line: foreColor = <psychopy.colors.Color: (1.0, 0.58, -0.87, 1.0)>
87.5303 	EXP 	unnamed Line: borderColor = <psychopy.colors.Color: (1.0, 0.58, -0.87, 1.0)>
87.5303 	EXP 	unnamed Line: fillColor = <psychopy.colors.Color: (1.0, 0.58, -0.87, 1.0)>
87.5303 	EXP 	unnamed ShapeStim: foreColor = <psychopy.colors.Color: (1.0, 0.58, -0.87, 1.0)>
87.5303 	EXP 	unnamed ShapeStim: borderColor = <psychopy.colors.Color: (1.0, 0.58, -0.87, 1.0)>
87.5303 	EXP 	unnamed ShapeStim: fillColor = <psychopy.colors.Color: (1.0, 0.58, -0.87, 1.0)>
88.0693 	DATA 	Keypress: j
88.0731 	EXP 	node8: fillColor = '#126DEF'
88.0731 	EXP 	node5: fillColor = 'white'
88.7733 	EXP 	window1: mouseVisible = True
88.7747 	EXP 	Created unnamed TextStim = TextStim(__class__=<class 'psychopy.visual.text.TextStim'>, alignHoriz=method-wrapper(...), alignText='center', alignVert=method-wrapper(...), anchorHoriz='center', anchorVert='center', antialias=True, autoDraw=False, autoLog=True, bold=True, color=array([-0.88235294, -0.12156863, -0.97647059]), colorSpace='rgb', contrast=1.0, depth=0, draggable=False, flipHoriz=False, flipVert=False, font='', fontFiles=[], height=0.04, italic=False, languageStyle='LTR', name='unnamed TextStim', opacity=1.0, ori=0.0, pos=array([-0.03860639, -0.27582254]), rgb=UNKNOWN, text='+2', units='height', win=Window(...), wrapWidth=1)
88.7749 	EXP 	window1: mouseVisible = True
88.7760 	EXP 	Created unnamed TextStim = TextStim(__class__=<class 'psychopy.visual.text.TextStim'>, alignHoriz=method-wrapper(...), alignText='center', alignVert=method-wrapper(...), anchorHoriz='center', anchorVert='center', antialias=True, autoDraw=False, autoLog=True, bold=True, color=array([-0.88235294, -0.12156863, -0.97647059]), colorSpace='rgb', contrast=1.0, depth=0, draggable=False, flipHoriz=False, flipVert=False, font='', fontFiles=[], height=0.04, italic=False, languageStyle='LTR', name='unnamed TextStim', opacity=1.0, ori=0.0, pos=array([0.4064375 , 0.01018981]), rgb=UNKNOWN, text='+4', units='height', win=Window(...), wrapWidth=1)
88.7806 	EXP 	node8: fillColor = 'white'
88.7806 	EXP 	unnamed ImageStim: autoDraw = True
88.7806 	EXP 	unnamed ImageStim: autoDraw = True
89.7894 	EXP 	unnamed ImageStim: autoDraw = False
89.7894 	EXP 	unnamed ImageStim: autoDraw = False
89.7894 	EXP 	unnamed Rect: autoDraw = False
89.7894 	EXP 	unnamed Rect: autoDraw = True
89.9192 	EXP 	unnamed Rect: autoDraw = False
89.9192 	EXP 	node0: autoDraw = False
89.9192 	EXP 	node1: autoDraw = False
89.9192 	EXP 	unnamed ImageStim: autoDraw = False
89.9192 	EXP 	node2: autoDraw = False
89.9192 	EXP 	unnamed ImageStim: autoDraw = False
89.9192 	EXP 	node3: autoDraw = False
89.9192 	EXP 	unnamed ImageStim: autoDraw = False
89.9192 	EXP 	node4: autoDraw = False
89.9192 	EXP 	unnamed ImageStim: autoDraw = False
89.9192 	EXP 	node5: autoDraw = False
89.9192 	EXP 	unnamed ImageStim: autoDraw = False
89.9192 	EXP 	node6: autoDraw = False
89.9192 	EXP 	unnamed ImageStim: autoDraw = False
89.9192 	EXP 	node7: autoDraw = False
89.9192 	EXP 	unnamed ImageStim: autoDraw = False
89.9192 	EXP 	node8: autoDraw = False
89.9192 	EXP 	unnamed ImageStim: autoDraw = False
89.9192 	EXP 	node9: autoDraw = False
89.9192 	EXP 	unnamed ImageStim: autoDraw = False
89.9192 	EXP 	node10: autoDraw = False
89.9192 	EXP 	unnamed ImageStim: autoDraw = False
89.9192 	EXP 	unnamed Line: autoDraw = False
89.9192 	EXP 	unnamed ShapeStim: autoDraw = False
89.9192 	EXP 	unnamed Line: autoDraw = False
89.9192 	EXP 	unnamed ShapeStim: autoDraw = False
89.9192 	EXP 	unnamed Line: autoDraw = False
89.9192 	EXP 	unnamed ShapeStim: autoDraw = False
89.9192 	EXP 	unnamed Line: autoDraw = False
89.9192 	EXP 	unnamed ShapeStim: autoDraw = False
89.9192 	EXP 	unnamed Line: autoDraw = False
89.9192 	EXP 	unnamed ShapeStim: autoDraw = False
89.9192 	EXP 	unnamed Line: autoDraw = False
89.9192 	EXP 	unnamed ShapeStim: autoDraw = False
89.9192 	EXP 	unnamed Line: autoDraw = False
89.9192 	EXP 	unnamed ShapeStim: autoDraw = False
89.9192 	EXP 	unnamed Line: autoDraw = False
89.9192 	EXP 	unnamed ShapeStim: autoDraw = False
89.9192 	EXP 	unnamed Line: autoDraw = False
89.9192 	EXP 	unnamed ShapeStim: autoDraw = False
89.9192 	EXP 	unnamed Line: autoDraw = False
89.9192 	EXP 	unnamed ShapeStim: autoDraw = False
89.9192 	EXP 	unnamed Rect: autoDraw = False
90.4695 	DATA 	Keypress: space
91.1893 	DATA 	Keypress: space
91.4818 	EXP 	window1: mouseVisible = False
91.4819 	EXP 	window1: units = 'pix'
91.4819 	INFO 	Mouse: using default window
91.6713 	INFO 	Mouse: using default window
92.2066 	DATA 	Keypress: space
92.4755 	DATA 	Keypress: return
125.5691 	DATA 	Keypress: space
126.6843 	DATA 	Keypress: space
127.7946 	DATA 	Keypress: space
128.3438 	DATA 	Keypress: space
129.3305 	DATA 	Keypress: space
130.1869 	DATA 	Keypress: space
131.4609 	DATA 	Keypress: space
132.5319 	DATA 	Keypress: space
133.5638 	DATA 	Keypress: space
134.6511 	DATA 	Keypress: space
136.2415 	DATA 	Keypress: space
141.4862 	DATA 	Keypress: space
143.3090 	DATA 	Keypress: return
143.4113 	EXP 	window1: units = 'pix'
150.9672 	DATA 	Keypress: return
151.8596 	DATA 	Keypress: return
152.5251 	DATA 	Keypress: return
153.1073 	DATA 	Keypress: space
154.1962 	DATA 	Keypress: space
154.5525 	DATA 	Keypress: v
156.3576 	DATA 	Keypress: space
157.2276 	DATA 	Keypress: space
158.2259 	DATA 	Keypress: space
159.4283 	DATA 	Keypress: space
160.6323 	DATA 	Keypress: space
161.8055 	DATA 	Keypress: space
163.0199 	DATA 	Keypress: space
164.3063 	DATA 	Keypress: space
165.5866 	DATA 	Keypress: space
166.8738 	DATA 	Keypress: space
167.9349 	DATA 	Keypress: space
169.2354 	DATA 	Keypress: space
170.7067 	DATA 	Keypress: space
171.9145 	DATA 	Keypress: space
177.0004 	DATA 	Keypress: return
177.1028 	EXP 	window1: units = 'pix'
180.3521 	DATA 	Keypress: rshift
181.6451 	DATA 	Keypress: return
183.0652 	DATA 	Keypress: o
183.1069 	EXP 	window1: units = 'pix'
183.1109 	EXP 	window1: units = 'pix'
186.2147 	DATA 	Keypress: space
186.3433 	EXP 	window1: units = 'pix'
187.0614 	DATA 	Keypress: space
187.5413 	DATA 	Keypress: space
188.4533 	DATA 	Keypress: space
189.0053 	DATA 	Keypress: space
189.5413 	DATA 	Keypress: space
190.0611 	DATA 	Keypress: space
190.5492 	DATA 	Keypress: space
191.5734 	DATA 	Keypress: space
191.5738 	INFO 	Mouse: using default window
192.3003 	DATA 	Keypress: space
192.3527 	EXP 	window1: units = 'pix'
196.4695 	DATA 	Keypress: f
196.8452 	DATA 	Keypress: j
197.3493 	DATA 	Keypress: f
198.1573 	DATA 	Keypress: j
200.4454 	DATA 	Keypress: space
200.4459 	INFO 	Mouse: using default window
200.8427 	DATA 	Keypress: space
201.1783 	DATA 	Keypress: space
201.2195 	EXP 	window1: units = 'pix'
201.7655 	DATA 	Keypress: space
202.8853 	DATA 	Keypress: j
203.3653 	DATA 	Keypress: j
205.7896 	DATA 	Keypress: space
205.7901 	INFO 	Mouse: using default window
206.2721 	DATA 	Keypress: space
206.6185 	DATA 	Keypress: space
206.6554 	EXP 	window1: units = 'pix'
207.1575 	DATA 	Keypress: space
207.9653 	DATA 	Keypress: j
208.3973 	DATA 	Keypress: j
210.6214 	DATA 	Keypress: space
210.6219 	INFO 	Mouse: using default window
211.2057 	DATA 	Keypress: space
211.2530 	EXP 	window1: units = 'pix'
215.0775 	DATA 	Keypress: f
215.7253 	DATA 	Keypress: f
218.8293 	DATA 	Keypress: f
219.1173 	DATA 	Keypress: j
219.4933 	DATA 	Keypress: j
222.2294 	DATA 	Keypress: x
222.7092 	DATA 	Keypress: x
223.0691 	DATA 	Keypress: x
223.3012 	DATA 	Keypress: x
223.4768 	DATA 	Keypress: x
223.8850 	DATA 	Keypress: x
224.0609 	DATA 	Keypress: x
224.2288 	DATA 	Keypress: x
224.3648 	DATA 	Keypress: x
224.5811 	DATA 	Keypress: space
224.5814 	INFO 	Mouse: using default window
225.0332 	DATA 	Keypress: x
225.2927 	DATA 	Keypress: x
225.5140 	DATA 	Keypress: x
225.7456 	DATA 	Keypress: x
228.6789 	DATA 	Keypress: space
228.7390 	EXP 	window1: units = 'pix'
231.3416 	DATA 	Keypress: j
231.7574 	DATA 	Keypress: f
232.0370 	DATA 	Keypress: j
234.7708 	DATA 	Keypress: escape
235.1483 	DATA 	Keypress: escape
235.3647 	DATA 	Keypress: escape
235.5809 	DATA 	Keypress: escape
235.7648 	DATA 	Keypress: escape
236.1411 	DATA 	Keypress: escape
236.3327 	DATA 	Keypress: escape
236.6292 	DATA 	Keypress: space
236.6297 	INFO 	Mouse: using default window
236.8390 	DATA 	Keypress: escape
236.9634 	EXP 	window1: units = 'pix'
237.4867 	DATA 	Keypress: escape
237.4877 	DATA 	Keypress: escape
237.6675 	DATA 	Keypress: escape
237.6693 	EXP 	window1: units = 'pix'
239.6294 	DATA 	Keypress: r
240.5173 	DATA 	Keypress: space
241.7606 	DATA 	Keypress: return
244.7457 	DATA 	Keypress: c
246.1969 	DATA 	Keypress: space
247.0760 	DATA 	Keypress: space
247.8505 	DATA 	Keypress: space
248.9316 	DATA 	Keypress: space
249.8545 	DATA 	Keypress: space
250.9133 	DATA 	Keypress: space
252.3058 	DATA 	Keypress: space
252.8438 	DATA 	Keypress: space
253.9791 	DATA 	Keypress: space
255.7225 	DATA 	Keypress: space
256.7197 	DATA 	Keypress: space
258.0489 	DATA 	Keypress: space
258.6369 	DATA 	Keypress: return
258.7393 	EXP 	window1: units = 'pix'
259.9667 	DATA 	Keypress: v
261.0141 	DATA 	Keypress: space
261.6245 	DATA 	Keypress: space
262.7641 	DATA 	Keypress: space
263.8530 	DATA 	Keypress: space
265.0913 	DATA 	Keypress: space
266.2135 	DATA 	Keypress: space
267.6589 	DATA 	Keypress: space
269.1271 	DATA 	Keypress: space
270.6361 	DATA 	Keypress: space
271.8626 	DATA 	Keypress: space
273.3320 	DATA 	Keypress: space
276.3052 	DATA 	Keypress: return
276.4076 	EXP 	window1: units = 'pix'
277.6706 	DATA 	Keypress: return
278.8346 	DATA 	Keypress: return
279.6266 	DATA 	Keypress: return
280.5196 	DATA 	Keypress: space
281.3932 	DATA 	Keypress: return
283.9703 	DATA 	Keypress: c
285.1112 	DATA 	Keypress: space
285.7630 	DATA 	Keypress: space
285.9648 	DATA 	Keypress: space
286.3379 	DATA 	Keypress: space
286.7627 	DATA 	Keypress: space
287.2600 	DATA 	Keypress: space
287.7459 	DATA 	Keypress: space
288.2034 	DATA 	Keypress: space
288.9450 	DATA 	Keypress: space
289.6973 	DATA 	Keypress: space
290.6938 	DATA 	Keypress: space
291.7513 	DATA 	Keypress: space
292.5660 	DATA 	Keypress: space
293.3689 	DATA 	Keypress: space
294.0343 	DATA 	Keypress: return
294.1367 	EXP 	window1: units = 'pix'
297.3872 	DATA 	Keypress: space
297.9250 	DATA 	Keypress: return
299.3486 	DATA 	Keypress: return
308.0289 	DATA 	Keypress: o
308.0337 	EXP 	window1: units = 'pix'
308.0541 	EXP 	window1: units = 'pix'
310.3895 	DATA 	Keypress: space
311.5254 	DATA 	Keypress: space
311.5286 	INFO 	Mouse: using default window
314.5017 	DATA 	Keypress: c
321.5894 	DATA 	Keypress: c
322.8613 	DATA 	Keypress: space
323.4774 	DATA 	Keypress: space
323.4803 	INFO 	Mouse: using default window
324.8375 	DATA 	Keypress: q
325.4374 	DATA 	Keypress: q
328.5333 	DATA 	Keypress: a
341.1878 	DATA 	Keypress: rcommand
341.5558 	DATA 	Keypress: space
341.6132 	DATA 	Keypress: n
342.0196 	DATA 	Keypress: space
