3.0232 	WARNING 	The 'psychtoolbox' library cannot be loaded but is required for audio capture (use `pip install psychtoolbox` to get it). Microphone recording will be unavailable this session. Note that opening a microphone stream will raise an error.
3.0265 	ERROR 	Support for the `sounddevice` audio backend is not available this session. Please install `psychopy-sounddevice` and restart the session to enable support.
3.0268 	ERROR 	Support for the `pyo` audio backend is not available this session. Please install `psychopy-pyo` and restart the session to enable support.
3.0270 	WARNING 	We strongly recommend you activate the PTB sound engine in PsychoPy prefs as the preferred audio engine. Its timing is vastly superior. Your prefs are currently set to use ['PTB', 'sounddevice', 'pyo', 'pygame'] (in that order).
3.0434 	INFO 	time is 2024-09-09 14:45:11,987848
3.0667 	WARNING 	Monitor specification not found. Creating a temporary one...
3.0696 	WARNING 	User requested fullscreen with size [1350  750], but screen is actually [1920, 1080]. Using actual size
4.2189 	WARNING 	Couldn't measure a consistent frame rate!
  - Is your graphics card set to sync to vertical blank?
  - Are you running other processes on your computer?

4.2192 	EXP 	Created window1 = Window(allowGUI=True, allowStencil=False, autoLog=True, backendConf=UNKNOWN, backgroundFit=<method-wrapper '__getattribute__' of attributeSetter object at 0x16b83c280>, backgroundImage=<method-wrapper '__getattribute__' of attributeSetter object at 0x16b83c220>, bitsMode=UNKNOWN, blendMode='avg', bpc=(8, 8, 8), color=array([0, 0, 0]), colorSpace='rgb', depthBits=8, fullscr=<method-wrapper '__getattribute__' of attributeSetter object at 0x16b83c070>, gamma=None, gammaErrorPolicy='raise', lms=UNKNOWN, monitor=<psychopy.monitors.calibTools.Monitor object at 0x17fdaca60>, multiSample=False, name='window1', numSamples=2, pos=[480.0, 270.0], screen=0, size=array([3840, 2160]), stencilBits=0, stereo=False, title='PsychoPy', units='height', useFBO=False, useRetina=True, viewOri=0.0, viewPos=None, viewScale=None, waitBlanking=True, winType='pyglet')
4.2194 	EXP 	window1: mouseVisible = True
4.2194 	EXP 	window1: backgroundImage = None
4.2195 	EXP 	window1: backgroundFit = 'cover'
4.2230 	EXP 	window1: mouseVisible = True
4.2233 	EXP 	window1: mouseVisible = True
4.2242 	EXP 	window1: mouseVisible = True
4.2248 	EXP 	window1: mouseVisible = True
4.2332 	EXP 	window1: mouseVisible = True
4.2334 	EXP 	window1: mouseVisible = True
4.2340 	EXP 	window1: mouseVisible = True
4.2345 	EXP 	window1: mouseVisible = True
4.2546 	EXP 	window1: mouseVisible = True
4.2547 	EXP 	window1: mouseVisible = True
4.2551 	EXP 	window1: mouseVisible = True
4.2554 	EXP 	window1: mouseVisible = True
4.2589 	EXP 	window1: mouseVisible = True
4.2590 	EXP 	window1: mouseVisible = True
4.2593 	EXP 	window1: mouseVisible = True
4.2596 	EXP 	window1: mouseVisible = True
4.2894 	WARNING 	t of last frame was 66.85ms (=1/14)
29.5710 	DATA 	Keypress: space
29.5718 	INFO 	Mouse: using default window
29.5718 	EXP 	window1: mouseVisible = True
29.5719 	EXP 	window1: mouseVisible = True
29.5725 	EXP 	Created unnamed Rect = Rect(__class__=<class 'psychopy.visual.rect.Rect'>, anchor=('center', 'center'), autoDraw=False, autoLog=True, closeShape=True, color=method-wrapper(...), colorSpace='rgb', contrast=None, depth=0, draggable=False, fillColor=array([0.00392157, 0.00392157, 0.00392157]), fillColorSpace='rgb', fillRGB=array([0.00392157, 0.00392157, 0.00392157]), interpolate=True, lineColor=array([0, 0, 0]), lineColorSpace='rgb', lineRGB=array([0, 0, 0]), lineWidth=0, name='unnamed Rect', opacity=0.5, ori=0.0, pos=array([-0.65,  0.45]), size=array([0.1, 0.1]), units='height', vertices=ndarray(...), win=Window(...))
29.5744 	EXP 	window1: mouseVisible = True
29.5767 	EXP 	Created node0 = Circle(__class__=<class 'psychopy.visual.circle.Circle'>, anchor=('center', 'center'), autoDraw=False, autoLog=True, closeShape=True, color=method-wrapper(...), colorSpace='rgb', contrast=None, depth=0, draggable=False, fillColor=array([1, 1, 1]), fillColorSpace='rgb', fillRGB=array([1, 1, 1]), interpolate=True, lineColor=array([-1, -1, -1]), lineColorSpace='rgb', lineRGB=array([-1, -1, -1]), lineWidth=2, name='node0', opacity=1.0, ori=0.0, pos=array([0.  , 0.35]), size=array([1., 1.]), units='height', vertices=ndarray(...), win=Window(...))
29.5777 	EXP 	window1: mouseVisible = True
29.5796 	EXP 	Created node1 = Circle(__class__=<class 'psychopy.visual.circle.Circle'>, anchor=('center', 'center'), autoDraw=False, autoLog=True, closeShape=True, color=method-wrapper(...), colorSpace='rgb', contrast=None, depth=0, draggable=False, fillColor=array([1, 1, 1]), fillColorSpace='rgb', fillRGB=array([1, 1, 1]), interpolate=True, lineColor=array([-1, -1, -1]), lineColorSpace='rgb', lineRGB=array([-1, -1, -1]), lineWidth=2, name='node1', opacity=1.0, ori=0.0, pos=array([-0.18922429,  0.29443874]), size=array([1., 1.]), units='height', vertices=ndarray(...), win=Window(...))
29.5806 	EXP 	window1: mouseVisible = True
29.5825 	EXP 	Created node2 = Circle(__class__=<class 'psychopy.visual.circle.Circle'>, anchor=('center', 'center'), autoDraw=False, autoLog=True, closeShape=True, color=method-wrapper(...), colorSpace='rgb', contrast=None, depth=0, draggable=False, fillColor=array([1, 1, 1]), fillColorSpace='rgb', fillRGB=array([1, 1, 1]), interpolate=True, lineColor=array([-1, -1, -1]), lineColorSpace='rgb', lineRGB=array([-1, -1, -1]), lineWidth=2, name='node2', opacity=1.0, ori=0.0, pos=array([-0.3183712 ,  0.14539525]), size=array([1., 1.]), units='height', vertices=ndarray(...), win=Window(...))
29.5835 	EXP 	window1: mouseVisible = True
29.5854 	EXP 	Created node3 = Circle(__class__=<class 'psychopy.visual.circle.Circle'>, anchor=('center', 'center'), autoDraw=False, autoLog=True, closeShape=True, color=method-wrapper(...), colorSpace='rgb', contrast=None, depth=0, draggable=False, fillColor=array([1, 1, 1]), fillColorSpace='rgb', fillRGB=array([1, 1, 1]), interpolate=True, lineColor=array([-1, -1, -1]), lineColorSpace='rgb', lineRGB=array([-1, -1, -1]), lineWidth=2, name='node3', opacity=1.0, ori=0.0, pos=array([-0.3464375 , -0.04981019]), size=array([1., 1.]), units='height', vertices=ndarray(...), win=Window(...))
29.5864 	EXP 	window1: mouseVisible = True
29.5882 	EXP 	Created node4 = Circle(__class__=<class 'psychopy.visual.circle.Circle'>, anchor=('center', 'center'), autoDraw=False, autoLog=True, closeShape=True, color=method-wrapper(...), colorSpace='rgb', contrast=None, depth=0, draggable=False, fillColor=array([1, 1, 1]), fillColorSpace='rgb', fillRGB=array([1, 1, 1]), interpolate=True, lineColor=array([-1, -1, -1]), lineColorSpace='rgb', lineRGB=array([-1, -1, -1]), lineWidth=2, name='node4', opacity=1.0, ori=0.0, pos=array([-0.26451235, -0.22920126]), size=array([1., 1.]), units='height', vertices=ndarray(...), win=Window(...))
29.5892 	EXP 	window1: mouseVisible = True
29.5911 	EXP 	Created node5 = Circle(__class__=<class 'psychopy.visual.circle.Circle'>, anchor=('center', 'center'), autoDraw=False, autoLog=True, closeShape=True, color=method-wrapper(...), colorSpace='rgb', contrast=None, depth=0, draggable=False, fillColor=array([1, 1, 1]), fillColorSpace='rgb', fillRGB=array([1, 1, 1]), interpolate=True, lineColor=array([-1, -1, -1]), lineColorSpace='rgb', lineRGB=array([-1, -1, -1]), lineWidth=2, name='node5', opacity=1.0, ori=0.0, pos=array([-0.09860639, -0.33582254]), size=array([1., 1.]), units='height', vertices=ndarray(...), win=Window(...))
29.5921 	EXP 	window1: mouseVisible = True
29.5939 	EXP 	Created node6 = Circle(__class__=<class 'psychopy.visual.circle.Circle'>, anchor=('center', 'center'), autoDraw=False, autoLog=True, closeShape=True, color=method-wrapper(...), colorSpace='rgb', contrast=None, depth=0, draggable=False, fillColor=array([1, 1, 1]), fillColorSpace='rgb', fillRGB=array([1, 1, 1]), interpolate=True, lineColor=array([-1, -1, -1]), lineColorSpace='rgb', lineRGB=array([-1, -1, -1]), lineWidth=2, name='node6', opacity=1.0, ori=0.0, pos=array([ 0.09860639, -0.33582254]), size=array([1., 1.]), units='height', vertices=ndarray(...), win=Window(...))
29.5949 	EXP 	window1: mouseVisible = True
29.5968 	EXP 	Created node7 = Circle(__class__=<class 'psychopy.visual.circle.Circle'>, anchor=('center', 'center'), autoDraw=False, autoLog=True, closeShape=True, color=method-wrapper(...), colorSpace='rgb', contrast=None, depth=0, draggable=False, fillColor=array([1, 1, 1]), fillColorSpace='rgb', fillRGB=array([1, 1, 1]), interpolate=True, lineColor=array([-1, -1, -1]), lineColorSpace='rgb', lineRGB=array([-1, -1, -1]), lineWidth=2, name='node7', opacity=1.0, ori=0.0, pos=array([ 0.26451235, -0.22920126]), size=array([1., 1.]), units='height', vertices=ndarray(...), win=Window(...))
29.5978 	EXP 	window1: mouseVisible = True
29.5996 	EXP 	Created node8 = Circle(__class__=<class 'psychopy.visual.circle.Circle'>, anchor=('center', 'center'), autoDraw=False, autoLog=True, closeShape=True, color=method-wrapper(...), colorSpace='rgb', contrast=None, depth=0, draggable=False, fillColor=array([1, 1, 1]), fillColorSpace='rgb', fillRGB=array([1, 1, 1]), interpolate=True, lineColor=array([-1, -1, -1]), lineColorSpace='rgb', lineRGB=array([-1, -1, -1]), lineWidth=2, name='node8', opacity=1.0, ori=0.0, pos=array([ 0.3464375 , -0.04981019]), size=array([1., 1.]), units='height', vertices=ndarray(...), win=Window(...))
29.6006 	EXP 	window1: mouseVisible = True
29.6025 	EXP 	Created node9 = Circle(__class__=<class 'psychopy.visual.circle.Circle'>, anchor=('center', 'center'), autoDraw=False, autoLog=True, closeShape=True, color=method-wrapper(...), colorSpace='rgb', contrast=None, depth=0, draggable=False, fillColor=array([1, 1, 1]), fillColorSpace='rgb', fillRGB=array([1, 1, 1]), interpolate=True, lineColor=array([-1, -1, -1]), lineColorSpace='rgb', lineRGB=array([-1, -1, -1]), lineWidth=2, name='node9', opacity=1.0, ori=0.0, pos=array([0.3183712 , 0.14539525]), size=array([1., 1.]), units='height', vertices=ndarray(...), win=Window(...))
29.6035 	EXP 	window1: mouseVisible = True
29.6053 	EXP 	Created node10 = Circle(__class__=<class 'psychopy.visual.circle.Circle'>, anchor=('center', 'center'), autoDraw=False, autoLog=True, closeShape=True, color=method-wrapper(...), colorSpace='rgb', contrast=None, depth=0, draggable=False, fillColor=array([1, 1, 1]), fillColorSpace='rgb', fillRGB=array([1, 1, 1]), interpolate=True, lineColor=array([-1, -1, -1]), lineColorSpace='rgb', lineRGB=array([-1, -1, -1]), lineWidth=2, name='node10', opacity=1.0, ori=0.0, pos=array([0.18922429, 0.29443874]), size=array([1., 1.]), units='height', vertices=ndarray(...), win=Window(...))
29.6054 	EXP 	window1: mouseVisible = True
29.6059 	EXP 	Created unnamed Line = Line(__class__=<class 'psychopy.visual.line.Line'>, anchor=('center', 'center'), autoDraw=False, autoLog=True, closeShape=False, color=array([-1, -1, -1]), colorSpace='rgb', contrast=None, depth=2, draggable=False, fillColor=array([0, 0, 0]), fillColorSpace='rgb', fillRGB=array([0, 0, 0]), interpolate=True, lineColor=array([-1, -1, -1]), lineColorSpace='rgb', lineRGB=array([-1, -1, -1]), lineWidth=4, name='unnamed Line', opacity=0.5, ori=0.0, pos=array([0., 0.]), size=array([1., 1.]), units='height', vertices=ndarray(...), win=Window(...), windingRule=None)
29.6059 	EXP 	window1: mouseVisible = True
29.6064 	EXP 	Created unnamed ShapeStim = ShapeStim(__class__=<class 'psychopy.visual.shape.ShapeStim'>, anchor=('center', 'center'), autoDraw=False, autoLog=True, closeShape=True, color=method-wrapper(...), colorSpace='rgb', contrast=None, depth=0, draggable=False, fillColor=array([-1, -1, -1]), fillColorSpace='rgb', fillRGB=array([-1, -1, -1]), interpolate=True, lineColor=array([-1, -1, -1]), lineColorSpace='rgb', lineRGB=array([-1, -1, -1]), lineWidth=1.5, name='unnamed ShapeStim', opacity=1.0, ori=253.63636363636365, pos=array([-0.14124964,  0.30852536]), size=array([1., 1.]), units='height', vertices=ndarray(...), win=Window(...), windingRule=None)
29.6064 	EXP 	window1: mouseVisible = True
29.6068 	EXP 	Created unnamed Line = Line(__class__=<class 'psychopy.visual.line.Line'>, anchor=('center', 'center'), autoDraw=False, autoLog=True, closeShape=False, color=array([-1, -1, -1]), colorSpace='rgb', contrast=None, depth=2, draggable=False, fillColor=array([0, 0, 0]), fillColorSpace='rgb', fillRGB=array([0, 0, 0]), interpolate=True, lineColor=array([-1, -1, -1]), lineColorSpace='rgb', lineRGB=array([-1, -1, -1]), lineWidth=4, name='unnamed Line', opacity=0.5, ori=0.0, pos=array([0., 0.]), size=array([1., 1.]), units='height', vertices=ndarray(...), win=Window(...), windingRule=None)
29.6069 	EXP 	window1: mouseVisible = True
29.6073 	EXP 	Created unnamed ShapeStim = ShapeStim(__class__=<class 'psychopy.visual.shape.ShapeStim'>, anchor=('center', 'center'), autoDraw=False, autoLog=True, closeShape=True, color=method-wrapper(...), colorSpace='rgb', contrast=None, depth=0, draggable=False, fillColor=array([-1, -1, -1]), fillColorSpace='rgb', fillRGB=array([-1, -1, -1]), interpolate=True, lineColor=array([-1, -1, -1]), lineColorSpace='rgb', lineRGB=array([-1, -1, -1]), lineWidth=1.5, name='unnamed ShapeStim', opacity=1.0, ori=220.9090909090909, pos=array([-0.31369447, -0.01202271]), size=array([1., 1.]), units='height', vertices=ndarray(...), win=Window(...), windingRule=None)
29.6073 	EXP 	window1: mouseVisible = True
29.6077 	EXP 	Created unnamed Line = Line(__class__=<class 'psychopy.visual.line.Line'>, anchor=('center', 'center'), autoDraw=False, autoLog=True, closeShape=False, color=array([-1, -1, -1]), colorSpace='rgb', contrast=None, depth=2, draggable=False, fillColor=array([0, 0, 0]), fillColorSpace='rgb', fillRGB=array([0, 0, 0]), interpolate=True, lineColor=array([-1, -1, -1]), lineColorSpace='rgb', lineRGB=array([-1, -1, -1]), lineWidth=4, name='unnamed Line', opacity=0.5, ori=0.0, pos=array([0., 0.]), size=array([1., 1.]), units='height', vertices=ndarray(...), win=Window(...), windingRule=None)
29.6078 	EXP 	window1: mouseVisible = True
29.6082 	EXP 	Created unnamed ShapeStim = ShapeStim(__class__=<class 'psychopy.visual.shape.ShapeStim'>, anchor=('center', 'center'), autoDraw=False, autoLog=True, closeShape=True, color=method-wrapper(...), colorSpace='rgb', contrast=None, depth=0, draggable=False, fillColor=array([-1, -1, -1]), fillColorSpace='rgb', fillRGB=array([-1, -1, -1]), interpolate=True, lineColor=array([-1, -1, -1]), lineColorSpace='rgb', lineRGB=array([-1, -1, -1]), lineWidth=1.5, name='unnamed ShapeStim', opacity=1.0, ori=220.9090909090909, pos=array([-0.28562816,  0.18318273]), size=array([1., 1.]), units='height', vertices=ndarray(...), win=Window(...), windingRule=None)
29.6082 	EXP 	window1: mouseVisible = True
29.6086 	EXP 	Created unnamed Line = Line(__class__=<class 'psychopy.visual.line.Line'>, anchor=('center', 'center'), autoDraw=False, autoLog=True, closeShape=False, color=array([-1, -1, -1]), colorSpace='rgb', contrast=None, depth=2, draggable=False, fillColor=array([0, 0, 0]), fillColorSpace='rgb', fillRGB=array([0, 0, 0]), interpolate=True, lineColor=array([-1, -1, -1]), lineColorSpace='rgb', lineRGB=array([-1, -1, -1]), lineWidth=4, name='unnamed Line', opacity=0.5, ori=0.0, pos=array([0., 0.]), size=array([1., 1.]), units='height', vertices=ndarray(...), win=Window(...), windingRule=None)
29.6086 	EXP 	window1: mouseVisible = True
29.6090 	EXP 	Created unnamed ShapeStim = ShapeStim(__class__=<class 'psychopy.visual.shape.ShapeStim'>, anchor=('center', 'center'), autoDraw=False, autoLog=True, closeShape=True, color=method-wrapper(...), colorSpace='rgb', contrast=None, depth=0, draggable=False, fillColor=array([-1, -1, -1]), fillColorSpace='rgb', fillRGB=array([-1, -1, -1]), interpolate=True, lineColor=array([-1, -1, -1]), lineColorSpace='rgb', lineRGB=array([-1, -1, -1]), lineWidth=1.5, name='unnamed ShapeStim', opacity=1.0, ori=188.1818181818182, pos=array([-0.25739661, -0.17971018]), size=array([1., 1.]), units='height', vertices=ndarray(...), win=Window(...), windingRule=None)
29.6091 	EXP 	window1: mouseVisible = True
29.6095 	EXP 	Created unnamed Line = Line(__class__=<class 'psychopy.visual.line.Line'>, anchor=('center', 'center'), autoDraw=False, autoLog=True, closeShape=False, color=array([-1, -1, -1]), colorSpace='rgb', contrast=None, depth=2, draggable=False, fillColor=array([0, 0, 0]), fillColorSpace='rgb', fillRGB=array([0, 0, 0]), interpolate=True, lineColor=array([-1, -1, -1]), lineColorSpace='rgb', lineRGB=array([-1, -1, -1]), lineWidth=4, name='unnamed Line', opacity=0.5, ori=0.0, pos=array([0., 0.]), size=array([1., 1.]), units='height', vertices=ndarray(...), win=Window(...), windingRule=None)
29.6095 	EXP 	window1: mouseVisible = True
29.6099 	EXP 	Created unnamed ShapeStim = ShapeStim(__class__=<class 'psychopy.visual.shape.ShapeStim'>, anchor=('center', 'center'), autoDraw=False, autoLog=True, closeShape=True, color=method-wrapper(...), colorSpace='rgb', contrast=None, depth=0, draggable=False, fillColor=array([-1, -1, -1]), fillColorSpace='rgb', fillRGB=array([-1, -1, -1]), interpolate=True, lineColor=array([-1, -1, -1]), lineColorSpace='rgb', lineRGB=array([-1, -1, -1]), lineWidth=1.5, name='unnamed ShapeStim', opacity=1.0, ori=188.1818181818182, pos=array([-3.39321763e-01, -3.19121302e-04]), size=array([1., 1.]), units='height', vertices=ndarray(...), win=Window(...), windingRule=None)
29.6099 	EXP 	window1: mouseVisible = True
29.6103 	EXP 	Created unnamed Line = Line(__class__=<class 'psychopy.visual.line.Line'>, anchor=('center', 'center'), autoDraw=False, autoLog=True, closeShape=False, color=array([-1, -1, -1]), colorSpace='rgb', contrast=None, depth=2, draggable=False, fillColor=array([0, 0, 0]), fillColorSpace='rgb', fillRGB=array([0, 0, 0]), interpolate=True, lineColor=array([-1, -1, -1]), lineColorSpace='rgb', lineRGB=array([-1, -1, -1]), lineWidth=4, name='unnamed Line', opacity=0.5, ori=0.0, pos=array([0., 0.]), size=array([1., 1.]), units='height', vertices=ndarray(...), win=Window(...), windingRule=None)
29.6103 	EXP 	window1: mouseVisible = True
29.6107 	EXP 	Created unnamed ShapeStim = ShapeStim(__class__=<class 'psychopy.visual.shape.ShapeStim'>, anchor=('center', 'center'), autoDraw=False, autoLog=True, closeShape=True, color=method-wrapper(...), colorSpace='rgb', contrast=None, depth=0, draggable=False, fillColor=array([-1, -1, -1]), fillColorSpace='rgb', fillRGB=array([-1, -1, -1]), interpolate=True, lineColor=array([-1, -1, -1]), lineColorSpace='rgb', lineRGB=array([-1, -1, -1]), lineWidth=1.5, name='unnamed ShapeStim', opacity=1.0, ori=155.45454545454544, pos=array([-0.11937715, -0.29034094]), size=array([1., 1.]), units='height', vertices=ndarray(...), win=Window(...), windingRule=None)
29.6108 	EXP 	window1: mouseVisible = True
29.6111 	EXP 	Created unnamed Line = Line(__class__=<class 'psychopy.visual.line.Line'>, anchor=('center', 'center'), autoDraw=False, autoLog=True, closeShape=False, color=array([-1, -1, -1]), colorSpace='rgb', contrast=None, depth=2, draggable=False, fillColor=array([0, 0, 0]), fillColorSpace='rgb', fillRGB=array([0, 0, 0]), interpolate=True, lineColor=array([-1, -1, -1]), lineColorSpace='rgb', lineRGB=array([-1, -1, -1]), lineWidth=4, name='unnamed Line', opacity=0.5, ori=0.0, pos=array([0., 0.]), size=array([1., 1.]), units='height', vertices=ndarray(...), win=Window(...), windingRule=None)
29.6112 	EXP 	window1: mouseVisible = True
29.6115 	EXP 	Created unnamed ShapeStim = ShapeStim(__class__=<class 'psychopy.visual.shape.ShapeStim'>, anchor=('center', 'center'), autoDraw=False, autoLog=True, closeShape=True, color=method-wrapper(...), colorSpace='rgb', contrast=None, depth=0, draggable=False, fillColor=array([-1, -1, -1]), fillColorSpace='rgb', fillRGB=array([-1, -1, -1]), interpolate=True, lineColor=array([-1, -1, -1]), lineColorSpace='rgb', lineRGB=array([-1, -1, -1]), lineWidth=1.5, name='unnamed ShapeStim', opacity=1.0, ori=155.45454545454544, pos=array([-0.2852831 , -0.18371966]), size=array([1., 1.]), units='height', vertices=ndarray(...), win=Window(...), windingRule=None)
29.6116 	EXP 	window1: mouseVisible = True
29.6119 	EXP 	Created unnamed Line = Line(__class__=<class 'psychopy.visual.line.Line'>, anchor=('center', 'center'), autoDraw=False, autoLog=True, closeShape=False, color=array([-1, -1, -1]), colorSpace='rgb', contrast=None, depth=2, draggable=False, fillColor=array([0, 0, 0]), fillColorSpace='rgb', fillRGB=array([0, 0, 0]), interpolate=True, lineColor=array([-1, -1, -1]), lineColorSpace='rgb', lineRGB=array([-1, -1, -1]), lineWidth=4, name='unnamed Line', opacity=0.5, ori=0.0, pos=array([0., 0.]), size=array([1., 1.]), units='height', vertices=ndarray(...), win=Window(...), windingRule=None)
29.6120 	EXP 	window1: mouseVisible = True
29.6123 	EXP 	Created unnamed ShapeStim = ShapeStim(__class__=<class 'psychopy.visual.shape.ShapeStim'>, anchor=('center', 'center'), autoDraw=False, autoLog=True, closeShape=True, color=method-wrapper(...), colorSpace='rgb', contrast=None, depth=0, draggable=False, fillColor=array([-1, -1, -1]), fillColorSpace='rgb', fillRGB=array([-1, -1, -1]), interpolate=True, lineColor=array([-1, -1, -1]), lineColorSpace='rgb', lineRGB=array([-1, -1, -1]), lineWidth=1.5, name='unnamed ShapeStim', opacity=1.0, ori=122.72727272727275, pos=array([ 0.05654372, -0.3087905 ]), size=array([1., 1.]), units='height', vertices=ndarray(...), win=Window(...), windingRule=None)
29.6124 	EXP 	window1: mouseVisible = True
29.6127 	EXP 	Created unnamed Line = Line(__class__=<class 'psychopy.visual.line.Line'>, anchor=('center', 'center'), autoDraw=False, autoLog=True, closeShape=False, color=array([-1, -1, -1]), colorSpace='rgb', contrast=None, depth=2, draggable=False, fillColor=array([0, 0, 0]), fillColorSpace='rgb', fillRGB=array([0, 0, 0]), interpolate=True, lineColor=array([-1, -1, -1]), lineColorSpace='rgb', lineRGB=array([-1, -1, -1]), lineWidth=4, name='unnamed Line', opacity=0.5, ori=0.0, pos=array([0., 0.]), size=array([1., 1.]), units='height', vertices=ndarray(...), win=Window(...), windingRule=None)
29.6128 	EXP 	window1: mouseVisible = True
29.6132 	EXP 	Created unnamed ShapeStim = ShapeStim(__class__=<class 'psychopy.visual.shape.ShapeStim'>, anchor=('center', 'center'), autoDraw=False, autoLog=True, closeShape=True, color=method-wrapper(...), colorSpace='rgb', contrast=None, depth=0, draggable=False, fillColor=array([-1, -1, -1]), fillColorSpace='rgb', fillRGB=array([-1, -1, -1]), interpolate=True, lineColor=array([-1, -1, -1]), lineColorSpace='rgb', lineRGB=array([-1, -1, -1]), lineWidth=1.5, name='unnamed ShapeStim', opacity=1.0, ori=122.72727272727273, pos=array([-0.14066907, -0.3087905 ]), size=array([1., 1.]), units='height', vertices=ndarray(...), win=Window(...), windingRule=None)
29.6132 	EXP 	window1: mouseVisible = True
29.6136 	EXP 	Created unnamed Line = Line(__class__=<class 'psychopy.visual.line.Line'>, anchor=('center', 'center'), autoDraw=False, autoLog=True, closeShape=False, color=array([-1, -1, -1]), colorSpace='rgb', contrast=None, depth=2, draggable=False, fillColor=array([0, 0, 0]), fillColorSpace='rgb', fillRGB=array([0, 0, 0]), interpolate=True, lineColor=array([-1, -1, -1]), lineColorSpace='rgb', lineRGB=array([-1, -1, -1]), lineWidth=4, name='unnamed Line', opacity=0.5, ori=0.0, pos=array([0., 0.]), size=array([1., 1.]), units='height', vertices=ndarray(...), win=Window(...), windingRule=None)
29.6137 	EXP 	window1: mouseVisible = True
29.6141 	EXP 	Created unnamed ShapeStim = ShapeStim(__class__=<class 'psychopy.visual.shape.ShapeStim'>, anchor=('center', 'center'), autoDraw=False, autoLog=True, closeShape=True, color=method-wrapper(...), colorSpace='rgb', contrast=None, depth=0, draggable=False, fillColor=array([-1, -1, -1]), fillColorSpace='rgb', fillRGB=array([-1, -1, -1]), interpolate=True, lineColor=array([-1, -1, -1]), lineColorSpace='rgb', lineRGB=array([-1, -1, -1]), lineWidth=1.5, name='unnamed ShapeStim', opacity=1.0, ori=90.00000000000003, pos=array([ 0.21451235, -0.22920126]), size=array([1., 1.]), units='height', vertices=ndarray(...), win=Window(...), windingRule=None)
29.6141 	EXP 	window1: mouseVisible = True
29.6145 	EXP 	Created unnamed Line = Line(__class__=<class 'psychopy.visual.line.Line'>, anchor=('center', 'center'), autoDraw=False, autoLog=True, closeShape=False, color=array([-1, -1, -1]), colorSpace='rgb', contrast=None, depth=2, draggable=False, fillColor=array([0, 0, 0]), fillColorSpace='rgb', fillRGB=array([0, 0, 0]), interpolate=True, lineColor=array([-1, -1, -1]), lineColorSpace='rgb', lineRGB=array([-1, -1, -1]), lineWidth=4, name='unnamed Line', opacity=0.5, ori=0.0, pos=array([0., 0.]), size=array([1., 1.]), units='height', vertices=ndarray(...), win=Window(...), windingRule=None)
29.6145 	EXP 	window1: mouseVisible = True
29.6149 	EXP 	Created unnamed ShapeStim = ShapeStim(__class__=<class 'psychopy.visual.shape.ShapeStim'>, anchor=('center', 'center'), autoDraw=False, autoLog=True, closeShape=True, color=method-wrapper(...), colorSpace='rgb', contrast=None, depth=0, draggable=False, fillColor=array([-1, -1, -1]), fillColorSpace='rgb', fillRGB=array([-1, -1, -1]), interpolate=True, lineColor=array([-1, -1, -1]), lineColorSpace='rgb', lineRGB=array([-1, -1, -1]), lineWidth=1.5, name='unnamed ShapeStim', opacity=1.0, ori=90.00000000000001, pos=array([ 0.04860639, -0.33582254]), size=array([1., 1.]), units='height', vertices=ndarray(...), win=Window(...), windingRule=None)
29.6149 	EXP 	window1: mouseVisible = True
29.6153 	EXP 	Created unnamed Line = Line(__class__=<class 'psychopy.visual.line.Line'>, anchor=('center', 'center'), autoDraw=False, autoLog=True, closeShape=False, color=array([-1, -1, -1]), colorSpace='rgb', contrast=None, depth=2, draggable=False, fillColor=array([0, 0, 0]), fillColorSpace='rgb', fillRGB=array([0, 0, 0]), interpolate=True, lineColor=array([-1, -1, -1]), lineColorSpace='rgb', lineRGB=array([-1, -1, -1]), lineWidth=4, name='unnamed Line', opacity=0.5, ori=0.0, pos=array([0., 0.]), size=array([1., 1.]), units='height', vertices=ndarray(...), win=Window(...), windingRule=None)
29.6153 	EXP 	window1: mouseVisible = True
29.6157 	EXP 	Created unnamed ShapeStim = ShapeStim(__class__=<class 'psychopy.visual.shape.ShapeStim'>, anchor=('center', 'center'), autoDraw=False, autoLog=True, closeShape=True, color=method-wrapper(...), colorSpace='rgb', contrast=None, depth=0, draggable=False, fillColor=array([-1, -1, -1]), fillColorSpace='rgb', fillRGB=array([-1, -1, -1]), interpolate=True, lineColor=array([-1, -1, -1]), lineColorSpace='rgb', lineRGB=array([-1, -1, -1]), lineWidth=1.5, name='unnamed ShapeStim', opacity=1.0, ori=57.27272727272728, pos=array([ 0.30437483, -0.07684223]), size=array([1., 1.]), units='height', vertices=ndarray(...), win=Window(...), windingRule=None)
29.6157 	EXP 	window1: mouseVisible = True
29.6161 	EXP 	Created unnamed Line = Line(__class__=<class 'psychopy.visual.line.Line'>, anchor=('center', 'center'), autoDraw=False, autoLog=True, closeShape=False, color=array([-1, -1, -1]), colorSpace='rgb', contrast=None, depth=2, draggable=False, fillColor=array([0, 0, 0]), fillColorSpace='rgb', fillRGB=array([0, 0, 0]), interpolate=True, lineColor=array([-1, -1, -1]), lineColorSpace='rgb', lineRGB=array([-1, -1, -1]), lineWidth=4, name='unnamed Line', opacity=0.5, ori=0.0, pos=array([0., 0.]), size=array([1., 1.]), units='height', vertices=ndarray(...), win=Window(...), windingRule=None)
29.6162 	EXP 	window1: mouseVisible = True
29.6165 	EXP 	Created unnamed ShapeStim = ShapeStim(__class__=<class 'psychopy.visual.shape.ShapeStim'>, anchor=('center', 'center'), autoDraw=False, autoLog=True, closeShape=True, color=method-wrapper(...), colorSpace='rgb', contrast=None, depth=0, draggable=False, fillColor=array([-1, -1, -1]), fillColorSpace='rgb', fillRGB=array([-1, -1, -1]), interpolate=True, lineColor=array([-1, -1, -1]), lineColorSpace='rgb', lineRGB=array([-1, -1, -1]), lineWidth=1.5, name='unnamed ShapeStim', opacity=1.0, ori=57.2727272727273, pos=array([ 0.22244967, -0.2562333 ]), size=array([1., 1.]), units='height', vertices=ndarray(...), win=Window(...), windingRule=None)
29.6166 	EXP 	window1: mouseVisible = True
29.6169 	EXP 	Created unnamed Line = Line(__class__=<class 'psychopy.visual.line.Line'>, anchor=('center', 'center'), autoDraw=False, autoLog=True, closeShape=False, color=array([-1, -1, -1]), colorSpace='rgb', contrast=None, depth=2, draggable=False, fillColor=array([0, 0, 0]), fillColorSpace='rgb', fillRGB=array([0, 0, 0]), interpolate=True, lineColor=array([-1, -1, -1]), lineColorSpace='rgb', lineRGB=array([-1, -1, -1]), lineWidth=4, name='unnamed Line', opacity=0.5, ori=0.0, pos=array([0., 0.]), size=array([1., 1.]), units='height', vertices=ndarray(...), win=Window(...), windingRule=None)
29.6170 	EXP 	window1: mouseVisible = True
29.6173 	EXP 	Created unnamed ShapeStim = ShapeStim(__class__=<class 'psychopy.visual.shape.ShapeStim'>, anchor=('center', 'center'), autoDraw=False, autoLog=True, closeShape=True, color=method-wrapper(...), colorSpace='rgb', contrast=None, depth=0, draggable=False, fillColor=array([-1, -1, -1]), fillColorSpace='rgb', fillRGB=array([-1, -1, -1]), interpolate=True, lineColor=array([-1, -1, -1]), lineColorSpace='rgb', lineRGB=array([-1, -1, -1]), lineWidth=1.5, name='unnamed ShapeStim', opacity=1.0, ori=24.545454545454575, pos=array([0.29760045, 0.09991365]), size=array([1., 1.]), units='height', vertices=ndarray(...), win=Window(...), windingRule=None)
29.6174 	EXP 	window1: mouseVisible = True
29.6177 	EXP 	Created unnamed Line = Line(__class__=<class 'psychopy.visual.line.Line'>, anchor=('center', 'center'), autoDraw=False, autoLog=True, closeShape=False, color=array([-1, -1, -1]), colorSpace='rgb', contrast=None, depth=2, draggable=False, fillColor=array([0, 0, 0]), fillColorSpace='rgb', fillRGB=array([0, 0, 0]), interpolate=True, lineColor=array([-1, -1, -1]), lineColorSpace='rgb', lineRGB=array([-1, -1, -1]), lineWidth=4, name='unnamed Line', opacity=0.5, ori=0.0, pos=array([0., 0.]), size=array([1., 1.]), units='height', vertices=ndarray(...), win=Window(...), windingRule=None)
29.6178 	EXP 	window1: mouseVisible = True
29.6182 	EXP 	Created unnamed ShapeStim = ShapeStim(__class__=<class 'psychopy.visual.shape.ShapeStim'>, anchor=('center', 'center'), autoDraw=False, autoLog=True, closeShape=True, color=method-wrapper(...), colorSpace='rgb', contrast=None, depth=0, draggable=False, fillColor=array([-1, -1, -1]), fillColorSpace='rgb', fillRGB=array([-1, -1, -1]), interpolate=True, lineColor=array([-1, -1, -1]), lineColorSpace='rgb', lineRGB=array([-1, -1, -1]), lineWidth=1.5, name='unnamed ShapeStim', opacity=1.0, ori=24.54545454545459, pos=array([ 0.32566675, -0.09529179]), size=array([1., 1.]), units='height', vertices=ndarray(...), win=Window(...), windingRule=None)
29.6182 	EXP 	window1: mouseVisible = True
29.6186 	EXP 	Created unnamed Line = Line(__class__=<class 'psychopy.visual.line.Line'>, anchor=('center', 'center'), autoDraw=False, autoLog=True, closeShape=False, color=array([-1, -1, -1]), colorSpace='rgb', contrast=None, depth=2, draggable=False, fillColor=array([0, 0, 0]), fillColorSpace='rgb', fillRGB=array([0, 0, 0]), interpolate=True, lineColor=array([-1, -1, -1]), lineColorSpace='rgb', lineRGB=array([-1, -1, -1]), lineWidth=4, name='unnamed Line', opacity=0.5, ori=0.0, pos=array([0., 0.]), size=array([1., 1.]), units='height', vertices=ndarray(...), win=Window(...), windingRule=None)
29.6186 	EXP 	window1: mouseVisible = True
29.6190 	EXP 	Created unnamed ShapeStim = ShapeStim(__class__=<class 'psychopy.visual.shape.ShapeStim'>, anchor=('center', 'center'), autoDraw=False, autoLog=True, closeShape=True, color=method-wrapper(...), colorSpace='rgb', contrast=None, depth=0, draggable=False, fillColor=array([-1, -1, -1]), fillColorSpace='rgb', fillRGB=array([-1, -1, -1]), interpolate=True, lineColor=array([-1, -1, -1]), lineColorSpace='rgb', lineRGB=array([-1, -1, -1]), lineWidth=1.5, name='unnamed ShapeStim', opacity=1.0, ori=-8.181818181818159, pos=array([0.19634003, 0.24494766]), size=array([1., 1.]), units='height', vertices=ndarray(...), win=Window(...), windingRule=None)
29.6190 	EXP 	window1: mouseVisible = True
29.6194 	EXP 	Created unnamed Rect = Rect(__class__=<class 'psychopy.visual.rect.Rect'>, anchor=('center', 'center'), autoDraw=False, autoLog=True, closeShape=True, color=method-wrapper(...), colorSpace='rgb', contrast=None, depth=0, draggable=False, fillColor=array([0.00392157, 0.00392157, 0.00392157]), fillColorSpace='rgb', fillRGB=array([0.00392157, 0.00392157, 0.00392157]), interpolate=True, lineColor=array([0, 0, 0]), lineColorSpace='rgb', lineRGB=array([0, 0, 0]), lineWidth=0, name='unnamed Rect', opacity=0.0, ori=0.0, pos=array([0.1, 0. ]), size=array([1.1, 1. ]), units='height', vertices=ndarray(...), win=Window(...))
29.6418 	WARNING 	t of last frame was 25352.41ms (=1/0)
29.6418 	EXP 	unnamed Rect: autoDraw = True
29.6418 	EXP 	node0: autoDraw = True
29.6418 	EXP 	node1: autoDraw = True
29.6418 	EXP 	node2: autoDraw = True
29.6418 	EXP 	node3: autoDraw = True
29.6418 	EXP 	node4: autoDraw = True
29.6418 	EXP 	node5: autoDraw = True
29.6418 	EXP 	node6: autoDraw = True
29.6418 	EXP 	node7: autoDraw = True
29.6418 	EXP 	node8: autoDraw = True
29.6418 	EXP 	node9: autoDraw = True
29.6418 	EXP 	node10: autoDraw = True
29.6418 	EXP 	unnamed Line: autoDraw = True
29.6418 	EXP 	unnamed Line: autoDraw = True
29.6418 	EXP 	unnamed ShapeStim: autoDraw = True
29.6418 	EXP 	unnamed Line: autoDraw = True
29.6418 	EXP 	unnamed Line: autoDraw = True
29.6418 	EXP 	unnamed ShapeStim: autoDraw = True
29.6418 	EXP 	unnamed Line: autoDraw = True
29.6418 	EXP 	unnamed Line: autoDraw = True
29.6418 	EXP 	unnamed ShapeStim: autoDraw = True
29.6418 	EXP 	unnamed Line: autoDraw = True
29.6418 	EXP 	unnamed Line: autoDraw = True
29.6418 	EXP 	unnamed ShapeStim: autoDraw = True
29.6418 	EXP 	unnamed Line: autoDraw = True
29.6418 	EXP 	unnamed Line: autoDraw = True
29.6418 	EXP 	unnamed ShapeStim: autoDraw = True
29.6418 	EXP 	unnamed Line: autoDraw = True
29.6418 	EXP 	unnamed Line: autoDraw = True
29.6418 	EXP 	unnamed ShapeStim: autoDraw = True
29.6418 	EXP 	unnamed Line: autoDraw = True
29.6418 	EXP 	unnamed Line: autoDraw = True
29.6418 	EXP 	unnamed ShapeStim: autoDraw = True
29.6418 	EXP 	unnamed Line: autoDraw = True
29.6418 	EXP 	unnamed Line: autoDraw = True
29.6418 	EXP 	unnamed ShapeStim: autoDraw = True
29.6418 	EXP 	unnamed Line: autoDraw = True
29.6418 	EXP 	unnamed Line: autoDraw = True
29.6418 	EXP 	unnamed ShapeStim: autoDraw = True
29.6418 	EXP 	unnamed Line: autoDraw = True
29.6418 	EXP 	unnamed Line: autoDraw = True
29.6418 	EXP 	unnamed ShapeStim: autoDraw = True
29.6418 	EXP 	unnamed Line: autoDraw = True
29.6418 	EXP 	unnamed Line: autoDraw = True
29.6418 	EXP 	unnamed ShapeStim: autoDraw = True
29.6418 	EXP 	unnamed Line: autoDraw = True
29.6418 	EXP 	unnamed Line: autoDraw = True
29.6418 	EXP 	unnamed ShapeStim: autoDraw = True
29.6418 	EXP 	unnamed Line: autoDraw = True
29.6418 	EXP 	unnamed Line: autoDraw = True
29.6418 	EXP 	unnamed ShapeStim: autoDraw = True
29.6418 	EXP 	unnamed Line: autoDraw = True
29.6418 	EXP 	unnamed Line: autoDraw = True
29.6418 	EXP 	unnamed ShapeStim: autoDraw = True
29.6418 	EXP 	unnamed Line: autoDraw = True
29.6418 	EXP 	unnamed Line: autoDraw = True
29.6418 	EXP 	unnamed ShapeStim: autoDraw = True
29.6418 	EXP 	unnamed Line: autoDraw = True
29.6418 	EXP 	unnamed Line: autoDraw = True
29.6418 	EXP 	unnamed ShapeStim: autoDraw = True
29.6418 	EXP 	unnamed Rect: autoDraw = True
38.3094 	DATA 	Keypress: space
38.3256 	WARNING 	t of last frame was 8683.81ms (=1/0)
38.3256 	EXP 	node0: fillColor = '#126DEF'
38.8107 	DATA 	Keypress: space
38.8193 	WARNING 	t of last frame was 493.71ms (=1/2)
40.2829 	DATA 	Keypress: space
40.2927 	WARNING 	Multiple dropped frames have occurred - I'll stop bothering you about them!
40.7466 	DATA 	Keypress: space
41.0504 	DATA 	Keypress: space
41.7227 	DATA 	Keypress: f
42.1146 	DATA 	Keypress: j
42.1243 	EXP 	window1: mouseVisible = True
42.1407 	EXP 	Created unnamed TextStim = TextStim(__class__=<class 'psychopy.visual.text.TextStim'>, alignHoriz=method-wrapper(...), alignText='center', alignVert=method-wrapper(...), anchorHoriz='center', anchorVert='center', antialias=True, autoDraw=False, autoLog=True, bold=False, color=array([1, 1, 1]), colorSpace='rgb', contrast=1.0, depth=0, draggable=False, flipHoriz=False, flipVert=False, font='', fontFiles=[], height=0.035, italic=False, languageStyle='LTR', name='unnamed TextStim', opacity=1.0, ori=0.0, pos=array([0., 0.]), rgb=UNKNOWN, text='press Space to start', units='height', win=Window(...), wrapWidth=1)
42.5788 	DATA 	Keypress: space
42.5793 	EXP 	window1: mouseVisible = True
42.5798 	EXP 	Created unnamed Rect = Rect(__class__=<class 'psychopy.visual.rect.Rect'>, anchor=('center', 'center'), autoDraw=False, autoLog=True, closeShape=True, color=method-wrapper(...), colorSpace='rgb', contrast=None, depth=0, draggable=False, fillColor=array([0.00392157, 0.00392157, 0.00392157]), fillColorSpace='rgb', fillRGB=array([0.00392157, 0.00392157, 0.00392157]), interpolate=True, lineColor=array([0, 0, 0]), lineColorSpace='rgb', lineRGB=array([0, 0, 0]), lineWidth=0, name='unnamed Rect', opacity=0.5, ori=0.0, pos=array([-0.65,  0.45]), size=array([0.1, 0.1]), units='height', vertices=ndarray(...), win=Window(...))
42.5834 	EXP 	unnamed Rect: autoDraw = True
42.5834 	EXP 	unnamed Rect: autoDraw = True
42.5834 	EXP 	node0: autoDraw = True
42.5834 	EXP 	node1: autoDraw = True
42.5834 	EXP 	node2: autoDraw = True
42.5834 	EXP 	node3: autoDraw = True
42.5834 	EXP 	node4: autoDraw = True
42.5834 	EXP 	node5: autoDraw = True
42.5834 	EXP 	node6: autoDraw = True
42.5834 	EXP 	node7: autoDraw = True
42.5834 	EXP 	node8: autoDraw = True
42.5834 	EXP 	node9: autoDraw = True
42.5834 	EXP 	node10: autoDraw = True
42.5834 	EXP 	unnamed Line: autoDraw = True
42.5834 	EXP 	unnamed ShapeStim: autoDraw = True
42.5834 	EXP 	unnamed Line: autoDraw = True
42.5834 	EXP 	unnamed ShapeStim: autoDraw = True
42.5834 	EXP 	unnamed Line: autoDraw = True
42.5834 	EXP 	unnamed ShapeStim: autoDraw = True
42.5834 	EXP 	unnamed Line: autoDraw = True
42.5834 	EXP 	unnamed ShapeStim: autoDraw = True
42.5834 	EXP 	unnamed Line: autoDraw = True
42.5834 	EXP 	unnamed ShapeStim: autoDraw = True
42.5834 	EXP 	unnamed Line: autoDraw = True
42.5834 	EXP 	unnamed ShapeStim: autoDraw = True
42.5834 	EXP 	unnamed Line: autoDraw = True
42.5834 	EXP 	unnamed ShapeStim: autoDraw = True
42.5834 	EXP 	unnamed Line: autoDraw = True
42.5834 	EXP 	unnamed ShapeStim: autoDraw = True
42.5834 	EXP 	unnamed Line: autoDraw = True
42.5834 	EXP 	unnamed ShapeStim: autoDraw = True
42.5834 	EXP 	unnamed Line: autoDraw = True
42.5834 	EXP 	unnamed ShapeStim: autoDraw = True
42.5834 	EXP 	unnamed Line: autoDraw = True
42.5834 	EXP 	unnamed ShapeStim: autoDraw = True
42.5834 	EXP 	unnamed Line: autoDraw = True
42.5834 	EXP 	unnamed ShapeStim: autoDraw = True
42.5834 	EXP 	unnamed Line: autoDraw = True
42.5834 	EXP 	unnamed ShapeStim: autoDraw = True
42.5834 	EXP 	unnamed Line: autoDraw = True
42.5834 	EXP 	unnamed ShapeStim: autoDraw = True
42.5834 	EXP 	unnamed Line: autoDraw = True
42.5834 	EXP 	unnamed ShapeStim: autoDraw = True
42.5834 	EXP 	unnamed Line: autoDraw = True
42.5834 	EXP 	unnamed ShapeStim: autoDraw = True
42.5834 	EXP 	unnamed Rect: autoDraw = True
42.5834 	EXP 	unnamed Rect: autoDraw = True
42.5903 	EXP 	node0: fillColor = '#126DEF'
42.5903 	EXP 	unnamed Line: autoDraw = False
42.5903 	EXP 	unnamed ShapeStim: autoDraw = False
42.5903 	EXP 	unnamed Line: autoDraw = True
42.5903 	EXP 	unnamed ShapeStim: autoDraw = True
42.5903 	EXP 	unnamed Line: autoDraw = False
42.5903 	EXP 	unnamed ShapeStim: autoDraw = False
42.5903 	EXP 	unnamed Line: autoDraw = True
42.5903 	EXP 	unnamed ShapeStim: autoDraw = True
42.5903 	EXP 	unnamed Line: foreColor = <psychopy.colors.Color: black, alpha=1.0>
42.5903 	EXP 	unnamed Line: borderColor = <psychopy.colors.Color: black, alpha=1.0>
42.5903 	EXP 	unnamed Line: fillColor = <psychopy.colors.Color: black, alpha=1.0>
42.5903 	EXP 	unnamed ShapeStim: foreColor = <psychopy.colors.Color: black, alpha=1.0>
42.5903 	EXP 	unnamed ShapeStim: borderColor = <psychopy.colors.Color: black, alpha=1.0>
42.5903 	EXP 	unnamed ShapeStim: fillColor = <psychopy.colors.Color: black, alpha=1.0>
42.5903 	EXP 	unnamed Line: foreColor = <psychopy.colors.Color: black, alpha=1.0>
42.5903 	EXP 	unnamed Line: borderColor = <psychopy.colors.Color: black, alpha=1.0>
42.5903 	EXP 	unnamed Line: fillColor = <psychopy.colors.Color: black, alpha=1.0>
42.5903 	EXP 	unnamed ShapeStim: foreColor = <psychopy.colors.Color: black, alpha=1.0>
42.5903 	EXP 	unnamed ShapeStim: borderColor = <psychopy.colors.Color: black, alpha=1.0>
42.5903 	EXP 	unnamed ShapeStim: fillColor = <psychopy.colors.Color: black, alpha=1.0>
42.5903 	EXP 	unnamed Line: foreColor = <psychopy.colors.Color: black, alpha=1.0>
42.5903 	EXP 	unnamed Line: borderColor = <psychopy.colors.Color: black, alpha=1.0>
42.5903 	EXP 	unnamed Line: fillColor = <psychopy.colors.Color: black, alpha=1.0>
42.5903 	EXP 	unnamed ShapeStim: foreColor = <psychopy.colors.Color: black, alpha=1.0>
42.5903 	EXP 	unnamed ShapeStim: borderColor = <psychopy.colors.Color: black, alpha=1.0>
42.5903 	EXP 	unnamed ShapeStim: fillColor = <psychopy.colors.Color: black, alpha=1.0>
42.5903 	EXP 	unnamed Line: foreColor = <psychopy.colors.Color: black, alpha=1.0>
42.5903 	EXP 	unnamed Line: borderColor = <psychopy.colors.Color: black, alpha=1.0>
42.5903 	EXP 	unnamed Line: fillColor = <psychopy.colors.Color: black, alpha=1.0>
42.5903 	EXP 	unnamed ShapeStim: foreColor = <psychopy.colors.Color: black, alpha=1.0>
42.5903 	EXP 	unnamed ShapeStim: borderColor = <psychopy.colors.Color: black, alpha=1.0>
42.5903 	EXP 	unnamed ShapeStim: fillColor = <psychopy.colors.Color: black, alpha=1.0>
42.5903 	EXP 	unnamed Line: foreColor = <psychopy.colors.Color: black, alpha=1.0>
42.5903 	EXP 	unnamed Line: borderColor = <psychopy.colors.Color: black, alpha=1.0>
42.5903 	EXP 	unnamed Line: fillColor = <psychopy.colors.Color: black, alpha=1.0>
42.5903 	EXP 	unnamed ShapeStim: foreColor = <psychopy.colors.Color: black, alpha=1.0>
42.5903 	EXP 	unnamed ShapeStim: borderColor = <psychopy.colors.Color: black, alpha=1.0>
42.5903 	EXP 	unnamed ShapeStim: fillColor = <psychopy.colors.Color: black, alpha=1.0>
42.5903 	EXP 	unnamed Line: foreColor = <psychopy.colors.Color: black, alpha=1.0>
42.5903 	EXP 	unnamed Line: borderColor = <psychopy.colors.Color: black, alpha=1.0>
42.5903 	EXP 	unnamed Line: fillColor = <psychopy.colors.Color: black, alpha=1.0>
42.5903 	EXP 	unnamed ShapeStim: foreColor = <psychopy.colors.Color: black, alpha=1.0>
42.5903 	EXP 	unnamed ShapeStim: borderColor = <psychopy.colors.Color: black, alpha=1.0>
42.5903 	EXP 	unnamed ShapeStim: fillColor = <psychopy.colors.Color: black, alpha=1.0>
42.5903 	EXP 	unnamed Line: foreColor = <psychopy.colors.Color: black, alpha=1.0>
42.5903 	EXP 	unnamed Line: borderColor = <psychopy.colors.Color: black, alpha=1.0>
42.5903 	EXP 	unnamed Line: fillColor = <psychopy.colors.Color: black, alpha=1.0>
42.5903 	EXP 	unnamed ShapeStim: foreColor = <psychopy.colors.Color: black, alpha=1.0>
42.5903 	EXP 	unnamed ShapeStim: borderColor = <psychopy.colors.Color: black, alpha=1.0>
42.5903 	EXP 	unnamed ShapeStim: fillColor = <psychopy.colors.Color: black, alpha=1.0>
42.5903 	EXP 	unnamed Line: foreColor = <psychopy.colors.Color: black, alpha=1.0>
42.5903 	EXP 	unnamed Line: borderColor = <psychopy.colors.Color: black, alpha=1.0>
42.5903 	EXP 	unnamed Line: fillColor = <psychopy.colors.Color: black, alpha=1.0>
42.5903 	EXP 	unnamed ShapeStim: foreColor = <psychopy.colors.Color: black, alpha=1.0>
42.5903 	EXP 	unnamed ShapeStim: borderColor = <psychopy.colors.Color: black, alpha=1.0>
42.5903 	EXP 	unnamed ShapeStim: fillColor = <psychopy.colors.Color: black, alpha=1.0>
42.5903 	EXP 	unnamed Line: foreColor = <psychopy.colors.Color: black, alpha=1.0>
42.5903 	EXP 	unnamed Line: borderColor = <psychopy.colors.Color: black, alpha=1.0>
42.5903 	EXP 	unnamed Line: fillColor = <psychopy.colors.Color: black, alpha=1.0>
42.5903 	EXP 	unnamed ShapeStim: foreColor = <psychopy.colors.Color: black, alpha=1.0>
42.5903 	EXP 	unnamed ShapeStim: borderColor = <psychopy.colors.Color: black, alpha=1.0>
42.5903 	EXP 	unnamed ShapeStim: fillColor = <psychopy.colors.Color: black, alpha=1.0>
42.5903 	EXP 	unnamed Line: foreColor = <psychopy.colors.Color: black, alpha=1.0>
42.5903 	EXP 	unnamed Line: borderColor = <psychopy.colors.Color: black, alpha=1.0>
42.5903 	EXP 	unnamed Line: fillColor = <psychopy.colors.Color: black, alpha=1.0>
42.5903 	EXP 	unnamed ShapeStim: foreColor = <psychopy.colors.Color: black, alpha=1.0>
42.5903 	EXP 	unnamed ShapeStim: borderColor = <psychopy.colors.Color: black, alpha=1.0>
42.5903 	EXP 	unnamed ShapeStim: fillColor = <psychopy.colors.Color: black, alpha=1.0>
42.5903 	EXP 	unnamed Line: foreColor = <psychopy.colors.Color: black, alpha=1.0>
42.5903 	EXP 	unnamed Line: borderColor = <psychopy.colors.Color: black, alpha=1.0>
42.5903 	EXP 	unnamed Line: fillColor = <psychopy.colors.Color: black, alpha=1.0>
42.5903 	EXP 	unnamed ShapeStim: foreColor = <psychopy.colors.Color: black, alpha=1.0>
42.5903 	EXP 	unnamed ShapeStim: borderColor = <psychopy.colors.Color: black, alpha=1.0>
42.5903 	EXP 	unnamed ShapeStim: fillColor = <psychopy.colors.Color: black, alpha=1.0>
42.5903 	EXP 	unnamed Line: foreColor = <psychopy.colors.Color: black, alpha=1.0>
42.5903 	EXP 	unnamed Line: borderColor = <psychopy.colors.Color: black, alpha=1.0>
42.5903 	EXP 	unnamed Line: fillColor = <psychopy.colors.Color: black, alpha=1.0>
42.5903 	EXP 	unnamed ShapeStim: foreColor = <psychopy.colors.Color: black, alpha=1.0>
42.5903 	EXP 	unnamed ShapeStim: borderColor = <psychopy.colors.Color: black, alpha=1.0>
42.5903 	EXP 	unnamed ShapeStim: fillColor = <psychopy.colors.Color: black, alpha=1.0>
42.5903 	EXP 	unnamed Line: foreColor = <psychopy.colors.Color: black, alpha=1.0>
42.5903 	EXP 	unnamed Line: borderColor = <psychopy.colors.Color: black, alpha=1.0>
42.5903 	EXP 	unnamed Line: fillColor = <psychopy.colors.Color: black, alpha=1.0>
42.5903 	EXP 	unnamed ShapeStim: foreColor = <psychopy.colors.Color: black, alpha=1.0>
42.5903 	EXP 	unnamed ShapeStim: borderColor = <psychopy.colors.Color: black, alpha=1.0>
42.5903 	EXP 	unnamed ShapeStim: fillColor = <psychopy.colors.Color: black, alpha=1.0>
42.5903 	EXP 	unnamed Line: foreColor = <psychopy.colors.Color: black, alpha=1.0>
42.5903 	EXP 	unnamed Line: borderColor = <psychopy.colors.Color: black, alpha=1.0>
42.5903 	EXP 	unnamed Line: fillColor = <psychopy.colors.Color: black, alpha=1.0>
42.5903 	EXP 	unnamed ShapeStim: foreColor = <psychopy.colors.Color: black, alpha=1.0>
42.5903 	EXP 	unnamed ShapeStim: borderColor = <psychopy.colors.Color: black, alpha=1.0>
42.5903 	EXP 	unnamed ShapeStim: fillColor = <psychopy.colors.Color: black, alpha=1.0>
42.5903 	EXP 	unnamed Line: foreColor = <psychopy.colors.Color: (1.0, 0.58, -0.87, 1.0)>
42.5903 	EXP 	unnamed Line: borderColor = <psychopy.colors.Color: (1.0, 0.58, -0.87, 1.0)>
42.5903 	EXP 	unnamed Line: fillColor = <psychopy.colors.Color: (1.0, 0.58, -0.87, 1.0)>
42.5903 	EXP 	unnamed ShapeStim: foreColor = <psychopy.colors.Color: (1.0, 0.58, -0.87, 1.0)>
42.5903 	EXP 	unnamed ShapeStim: borderColor = <psychopy.colors.Color: (1.0, 0.58, -0.87, 1.0)>
42.5903 	EXP 	unnamed ShapeStim: fillColor = <psychopy.colors.Color: (1.0, 0.58, -0.87, 1.0)>
43.0267 	DATA 	Keypress: space
43.5066 	DATA 	Keypress: j
43.5093 	EXP 	node1: fillColor = '#126DEF'
43.5093 	EXP 	node0: fillColor = 'white'
43.5093 	EXP 	unnamed Line: autoDraw = False
43.5093 	EXP 	unnamed Line: autoDraw = False
43.5093 	EXP 	unnamed Line: autoDraw = False
43.5093 	EXP 	unnamed Line: autoDraw = False
43.5093 	EXP 	unnamed Line: autoDraw = False
43.5093 	EXP 	unnamed Line: autoDraw = False
43.5093 	EXP 	unnamed Line: autoDraw = False
43.5093 	EXP 	unnamed Line: autoDraw = False
43.5093 	EXP 	unnamed Line: autoDraw = False
43.5093 	EXP 	unnamed Line: autoDraw = False
43.5093 	EXP 	unnamed Line: autoDraw = False
43.5093 	EXP 	unnamed Line: autoDraw = False
43.5093 	EXP 	unnamed Line: autoDraw = False
43.5093 	EXP 	unnamed Line: autoDraw = False
43.5093 	EXP 	unnamed Line: autoDraw = False
43.5093 	EXP 	unnamed Line: autoDraw = False
43.5093 	EXP 	unnamed Rect: autoDraw = False
43.5093 	EXP 	node0: autoDraw = False
43.5093 	EXP 	node1: autoDraw = False
43.5093 	EXP 	node2: autoDraw = False
43.5093 	EXP 	node3: autoDraw = False
43.5093 	EXP 	node4: autoDraw = False
43.5093 	EXP 	node5: autoDraw = False
43.5093 	EXP 	node6: autoDraw = False
43.5093 	EXP 	node7: autoDraw = False
43.5093 	EXP 	node8: autoDraw = False
43.5093 	EXP 	node9: autoDraw = False
43.5093 	EXP 	node10: autoDraw = False
43.5093 	EXP 	unnamed ShapeStim: autoDraw = False
43.5093 	EXP 	unnamed ShapeStim: autoDraw = False
43.5093 	EXP 	unnamed ShapeStim: autoDraw = False
43.5093 	EXP 	unnamed ShapeStim: autoDraw = False
43.5093 	EXP 	unnamed ShapeStim: autoDraw = False
43.5093 	EXP 	unnamed ShapeStim: autoDraw = False
43.5093 	EXP 	unnamed ShapeStim: autoDraw = False
43.5093 	EXP 	unnamed ShapeStim: autoDraw = False
43.5093 	EXP 	unnamed ShapeStim: autoDraw = False
43.5093 	EXP 	unnamed ShapeStim: autoDraw = False
43.5093 	EXP 	unnamed ShapeStim: autoDraw = False
43.5093 	EXP 	unnamed ShapeStim: autoDraw = False
43.5093 	EXP 	unnamed ShapeStim: autoDraw = False
43.5093 	EXP 	unnamed ShapeStim: autoDraw = False
43.5093 	EXP 	unnamed Rect: autoDraw = False
43.5093 	EXP 	unnamed Rect: autoDraw = False
43.5093 	EXP 	unnamed ShapeStim: autoDraw = False
43.5093 	EXP 	unnamed ShapeStim: autoDraw = False
43.5095 	INFO 	Mouse: using default window
43.5095 	EXP 	window1: mouseVisible = True
43.5096 	EXP 	window1: mouseVisible = True
43.5100 	EXP 	Created unnamed Rect = Rect(__class__=<class 'psychopy.visual.rect.Rect'>, anchor=('center', 'center'), autoDraw=False, autoLog=True, closeShape=True, color=method-wrapper(...), colorSpace='rgb', contrast=None, depth=0, draggable=False, fillColor=array([0.00392157, 0.00392157, 0.00392157]), fillColorSpace='rgb', fillRGB=array([0.00392157, 0.00392157, 0.00392157]), interpolate=True, lineColor=array([0, 0, 0]), lineColorSpace='rgb', lineRGB=array([0, 0, 0]), lineWidth=0, name='unnamed Rect', opacity=0.5, ori=0.0, pos=array([-0.65,  0.45]), size=array([0.1, 0.1]), units='height', vertices=ndarray(...), win=Window(...))
43.5111 	EXP 	window1: mouseVisible = True
43.5131 	EXP 	Created node0 = Circle(__class__=<class 'psychopy.visual.circle.Circle'>, anchor=('center', 'center'), autoDraw=False, autoLog=True, closeShape=True, color=method-wrapper(...), colorSpace='rgb', contrast=None, depth=0, draggable=False, fillColor=array([1, 1, 1]), fillColorSpace='rgb', fillRGB=array([1, 1, 1]), interpolate=True, lineColor=array([-1, -1, -1]), lineColorSpace='rgb', lineRGB=array([-1, -1, -1]), lineWidth=2, name='node0', opacity=1.0, ori=0.0, pos=array([0.  , 0.35]), size=array([1., 1.]), units='height', vertices=ndarray(...), win=Window(...))
43.5131 	EXP 	window1: mouseVisible = True
43.5475 	EXP 	Created unnamed ImageStim = ImageStim(__class__=<class 'psychopy.visual.image.ImageStim'>, anchor=('center', 'center'), autoLog=True, color=array([1., 1., 1.]), colorSpace='rgb', contrast=1.0, depth=0, draggable=False, flipHoriz=False, flipVert=False, image='images/pattern_6.png', interpolate=False, mask=None, maskParams=None, name='unnamed ImageStim', opacity=1.0, ori=0.0, pos=array([0.  , 0.35]), size=array([0.12, 0.12]), texRes=128, units='height', win=Window(...))
43.5485 	EXP 	window1: mouseVisible = True
43.5512 	EXP 	Created node1 = Circle(__class__=<class 'psychopy.visual.circle.Circle'>, anchor=('center', 'center'), autoDraw=False, autoLog=True, closeShape=True, color=method-wrapper(...), colorSpace='rgb', contrast=None, depth=0, draggable=False, fillColor=array([1, 1, 1]), fillColorSpace='rgb', fillRGB=array([1, 1, 1]), interpolate=True, lineColor=array([-1, -1, -1]), lineColorSpace='rgb', lineRGB=array([-1, -1, -1]), lineWidth=2, name='node1', opacity=1.0, ori=0.0, pos=array([-0.18922429,  0.29443874]), size=array([1., 1.]), units='height', vertices=ndarray(...), win=Window(...))
43.5512 	EXP 	window1: mouseVisible = True
43.5696 	EXP 	Created unnamed ImageStim = ImageStim(__class__=<class 'psychopy.visual.image.ImageStim'>, anchor=('center', 'center'), autoLog=True, color=array([1., 1., 1.]), colorSpace='rgb', contrast=1.0, depth=0, draggable=False, flipHoriz=False, flipVert=False, image='images/pattern_7.png', interpolate=False, mask=None, maskParams=None, name='unnamed ImageStim', opacity=1.0, ori=0.0, pos=array([-0.18922429,  0.29443874]), size=array([0.12, 0.12]), texRes=128, units='height', win=Window(...))
43.5706 	EXP 	window1: mouseVisible = True
43.5726 	EXP 	Created node2 = Circle(__class__=<class 'psychopy.visual.circle.Circle'>, anchor=('center', 'center'), autoDraw=False, autoLog=True, closeShape=True, color=method-wrapper(...), colorSpace='rgb', contrast=None, depth=0, draggable=False, fillColor=array([1, 1, 1]), fillColorSpace='rgb', fillRGB=array([1, 1, 1]), interpolate=True, lineColor=array([-1, -1, -1]), lineColorSpace='rgb', lineRGB=array([-1, -1, -1]), lineWidth=2, name='node2', opacity=1.0, ori=0.0, pos=array([-0.3183712 ,  0.14539525]), size=array([1., 1.]), units='height', vertices=ndarray(...), win=Window(...))
43.5726 	EXP 	window1: mouseVisible = True
43.5913 	EXP 	Created unnamed ImageStim = ImageStim(__class__=<class 'psychopy.visual.image.ImageStim'>, anchor=('center', 'center'), autoLog=True, color=array([1., 1., 1.]), colorSpace='rgb', contrast=1.0, depth=0, draggable=False, flipHoriz=False, flipVert=False, image='images/pattern_8.png', interpolate=False, mask=None, maskParams=None, name='unnamed ImageStim', opacity=1.0, ori=0.0, pos=array([-0.3183712 ,  0.14539525]), size=array([0.12, 0.12]), texRes=128, units='height', win=Window(...))
43.5923 	EXP 	window1: mouseVisible = True
43.5942 	EXP 	Created node3 = Circle(__class__=<class 'psychopy.visual.circle.Circle'>, anchor=('center', 'center'), autoDraw=False, autoLog=True, closeShape=True, color=method-wrapper(...), colorSpace='rgb', contrast=None, depth=0, draggable=False, fillColor=array([1, 1, 1]), fillColorSpace='rgb', fillRGB=array([1, 1, 1]), interpolate=True, lineColor=array([-1, -1, -1]), lineColorSpace='rgb', lineRGB=array([-1, -1, -1]), lineWidth=2, name='node3', opacity=1.0, ori=0.0, pos=array([-0.3464375 , -0.04981019]), size=array([1., 1.]), units='height', vertices=ndarray(...), win=Window(...))
43.5943 	EXP 	window1: mouseVisible = True
43.6129 	EXP 	Created unnamed ImageStim = ImageStim(__class__=<class 'psychopy.visual.image.ImageStim'>, anchor=('center', 'center'), autoLog=True, color=array([1., 1., 1.]), colorSpace='rgb', contrast=1.0, depth=0, draggable=False, flipHoriz=False, flipVert=False, image='images/pattern_9.png', interpolate=False, mask=None, maskParams=None, name='unnamed ImageStim', opacity=1.0, ori=0.0, pos=array([-0.3464375 , -0.04981019]), size=array([0.12, 0.12]), texRes=128, units='height', win=Window(...))
43.6139 	EXP 	window1: mouseVisible = True
43.6158 	EXP 	Created node4 = Circle(__class__=<class 'psychopy.visual.circle.Circle'>, anchor=('center', 'center'), autoDraw=False, autoLog=True, closeShape=True, color=method-wrapper(...), colorSpace='rgb', contrast=None, depth=0, draggable=False, fillColor=array([1, 1, 1]), fillColorSpace='rgb', fillRGB=array([1, 1, 1]), interpolate=True, lineColor=array([-1, -1, -1]), lineColorSpace='rgb', lineRGB=array([-1, -1, -1]), lineWidth=2, name='node4', opacity=1.0, ori=0.0, pos=array([-0.26451235, -0.22920126]), size=array([1., 1.]), units='height', vertices=ndarray(...), win=Window(...))
43.6159 	EXP 	window1: mouseVisible = True
43.6328 	EXP 	Created unnamed ImageStim = ImageStim(__class__=<class 'psychopy.visual.image.ImageStim'>, anchor=('center', 'center'), autoLog=True, color=array([1., 1., 1.]), colorSpace='rgb', contrast=1.0, depth=0, draggable=False, flipHoriz=False, flipVert=False, image='images/pattern_4.png', interpolate=False, mask=None, maskParams=None, name='unnamed ImageStim', opacity=1.0, ori=0.0, pos=array([-0.26451235, -0.22920126]), size=array([0.12, 0.12]), texRes=128, units='height', win=Window(...))
43.6338 	EXP 	window1: mouseVisible = True
43.6357 	EXP 	Created node5 = Circle(__class__=<class 'psychopy.visual.circle.Circle'>, anchor=('center', 'center'), autoDraw=False, autoLog=True, closeShape=True, color=method-wrapper(...), colorSpace='rgb', contrast=None, depth=0, draggable=False, fillColor=array([1, 1, 1]), fillColorSpace='rgb', fillRGB=array([1, 1, 1]), interpolate=True, lineColor=array([-1, -1, -1]), lineColorSpace='rgb', lineRGB=array([-1, -1, -1]), lineWidth=2, name='node5', opacity=1.0, ori=0.0, pos=array([-0.09860639, -0.33582254]), size=array([1., 1.]), units='height', vertices=ndarray(...), win=Window(...))
43.6358 	EXP 	window1: mouseVisible = True
43.6528 	EXP 	Created unnamed ImageStim = ImageStim(__class__=<class 'psychopy.visual.image.ImageStim'>, anchor=('center', 'center'), autoLog=True, color=array([1., 1., 1.]), colorSpace='rgb', contrast=1.0, depth=0, draggable=False, flipHoriz=False, flipVert=False, image='images/pattern_3.png', interpolate=False, mask=None, maskParams=None, name='unnamed ImageStim', opacity=1.0, ori=0.0, pos=array([-0.09860639, -0.33582254]), size=array([0.12, 0.12]), texRes=128, units='height', win=Window(...))
43.6538 	EXP 	window1: mouseVisible = True
43.6558 	EXP 	Created node6 = Circle(__class__=<class 'psychopy.visual.circle.Circle'>, anchor=('center', 'center'), autoDraw=False, autoLog=True, closeShape=True, color=method-wrapper(...), colorSpace='rgb', contrast=None, depth=0, draggable=False, fillColor=array([1, 1, 1]), fillColorSpace='rgb', fillRGB=array([1, 1, 1]), interpolate=True, lineColor=array([-1, -1, -1]), lineColorSpace='rgb', lineRGB=array([-1, -1, -1]), lineWidth=2, name='node6', opacity=1.0, ori=0.0, pos=array([ 0.09860639, -0.33582254]), size=array([1., 1.]), units='height', vertices=ndarray(...), win=Window(...))
43.6558 	EXP 	window1: mouseVisible = True
43.6724 	EXP 	Created unnamed ImageStim = ImageStim(__class__=<class 'psychopy.visual.image.ImageStim'>, anchor=('center', 'center'), autoLog=True, color=array([1., 1., 1.]), colorSpace='rgb', contrast=1.0, depth=0, draggable=False, flipHoriz=False, flipVert=False, image='images/pattern_2.png', interpolate=False, mask=None, maskParams=None, name='unnamed ImageStim', opacity=1.0, ori=0.0, pos=array([ 0.09860639, -0.33582254]), size=array([0.12, 0.12]), texRes=128, units='height', win=Window(...))
43.6735 	EXP 	window1: mouseVisible = True
43.6754 	EXP 	Created node7 = Circle(__class__=<class 'psychopy.visual.circle.Circle'>, anchor=('center', 'center'), autoDraw=False, autoLog=True, closeShape=True, color=method-wrapper(...), colorSpace='rgb', contrast=None, depth=0, draggable=False, fillColor=array([1, 1, 1]), fillColorSpace='rgb', fillRGB=array([1, 1, 1]), interpolate=True, lineColor=array([-1, -1, -1]), lineColorSpace='rgb', lineRGB=array([-1, -1, -1]), lineWidth=2, name='node7', opacity=1.0, ori=0.0, pos=array([ 0.26451235, -0.22920126]), size=array([1., 1.]), units='height', vertices=ndarray(...), win=Window(...))
43.6754 	EXP 	window1: mouseVisible = True
43.6921 	EXP 	Created unnamed ImageStim = ImageStim(__class__=<class 'psychopy.visual.image.ImageStim'>, anchor=('center', 'center'), autoLog=True, color=array([1., 1., 1.]), colorSpace='rgb', contrast=1.0, depth=0, draggable=False, flipHoriz=False, flipVert=False, image='images/pattern_1.png', interpolate=False, mask=None, maskParams=None, name='unnamed ImageStim', opacity=1.0, ori=0.0, pos=array([ 0.26451235, -0.22920126]), size=array([0.12, 0.12]), texRes=128, units='height', win=Window(...))
43.6932 	EXP 	window1: mouseVisible = True
43.6950 	EXP 	Created node8 = Circle(__class__=<class 'psychopy.visual.circle.Circle'>, anchor=('center', 'center'), autoDraw=False, autoLog=True, closeShape=True, color=method-wrapper(...), colorSpace='rgb', contrast=None, depth=0, draggable=False, fillColor=array([1, 1, 1]), fillColorSpace='rgb', fillRGB=array([1, 1, 1]), interpolate=True, lineColor=array([-1, -1, -1]), lineColorSpace='rgb', lineRGB=array([-1, -1, -1]), lineWidth=2, name='node8', opacity=1.0, ori=0.0, pos=array([ 0.3464375 , -0.04981019]), size=array([1., 1.]), units='height', vertices=ndarray(...), win=Window(...))
43.6951 	EXP 	window1: mouseVisible = True
43.7120 	EXP 	Created unnamed ImageStim = ImageStim(__class__=<class 'psychopy.visual.image.ImageStim'>, anchor=('center', 'center'), autoLog=True, color=array([1., 1., 1.]), colorSpace='rgb', contrast=1.0, depth=0, draggable=False, flipHoriz=False, flipVert=False, image='images/pattern_5.png', interpolate=False, mask=None, maskParams=None, name='unnamed ImageStim', opacity=1.0, ori=0.0, pos=array([ 0.3464375 , -0.04981019]), size=array([0.12, 0.12]), texRes=128, units='height', win=Window(...))
43.7130 	EXP 	window1: mouseVisible = True
43.7149 	EXP 	Created node9 = Circle(__class__=<class 'psychopy.visual.circle.Circle'>, anchor=('center', 'center'), autoDraw=False, autoLog=True, closeShape=True, color=method-wrapper(...), colorSpace='rgb', contrast=None, depth=0, draggable=False, fillColor=array([1, 1, 1]), fillColorSpace='rgb', fillRGB=array([1, 1, 1]), interpolate=True, lineColor=array([-1, -1, -1]), lineColorSpace='rgb', lineRGB=array([-1, -1, -1]), lineWidth=2, name='node9', opacity=1.0, ori=0.0, pos=array([0.3183712 , 0.14539525]), size=array([1., 1.]), units='height', vertices=ndarray(...), win=Window(...))
43.7149 	EXP 	window1: mouseVisible = True
43.7316 	EXP 	Created unnamed ImageStim = ImageStim(__class__=<class 'psychopy.visual.image.ImageStim'>, anchor=('center', 'center'), autoLog=True, color=array([1., 1., 1.]), colorSpace='rgb', contrast=1.0, depth=0, draggable=False, flipHoriz=False, flipVert=False, image='images/pattern_5.png', interpolate=False, mask=None, maskParams=None, name='unnamed ImageStim', opacity=1.0, ori=0.0, pos=array([0.3183712 , 0.14539525]), size=array([0.12, 0.12]), texRes=128, units='height', win=Window(...))
43.7326 	EXP 	window1: mouseVisible = True
43.7345 	EXP 	Created node10 = Circle(__class__=<class 'psychopy.visual.circle.Circle'>, anchor=('center', 'center'), autoDraw=False, autoLog=True, closeShape=True, color=method-wrapper(...), colorSpace='rgb', contrast=None, depth=0, draggable=False, fillColor=array([1, 1, 1]), fillColorSpace='rgb', fillRGB=array([1, 1, 1]), interpolate=True, lineColor=array([-1, -1, -1]), lineColorSpace='rgb', lineRGB=array([-1, -1, -1]), lineWidth=2, name='node10', opacity=1.0, ori=0.0, pos=array([0.18922429, 0.29443874]), size=array([1., 1.]), units='height', vertices=ndarray(...), win=Window(...))
43.7345 	EXP 	window1: mouseVisible = True
43.7512 	EXP 	Created unnamed ImageStim = ImageStim(__class__=<class 'psychopy.visual.image.ImageStim'>, anchor=('center', 'center'), autoLog=True, color=array([1., 1., 1.]), colorSpace='rgb', contrast=1.0, depth=0, draggable=False, flipHoriz=False, flipVert=False, image='images/pattern_5.png', interpolate=False, mask=None, maskParams=None, name='unnamed ImageStim', opacity=1.0, ori=0.0, pos=array([0.18922429, 0.29443874]), size=array([0.12, 0.12]), texRes=128, units='height', win=Window(...))
43.7512 	EXP 	window1: mouseVisible = True
43.7516 	EXP 	Created unnamed Rect = Rect(__class__=<class 'psychopy.visual.rect.Rect'>, anchor=('center', 'center'), autoDraw=False, autoLog=True, closeShape=True, color=method-wrapper(...), colorSpace='rgb', contrast=None, depth=0, draggable=False, fillColor=array([0.00392157, 0.00392157, 0.00392157]), fillColorSpace='rgb', fillRGB=array([0.00392157, 0.00392157, 0.00392157]), interpolate=True, lineColor=array([0, 0, 0]), lineColorSpace='rgb', lineRGB=array([0, 0, 0]), lineWidth=0, name='unnamed Rect', opacity=0.0, ori=0.0, pos=array([0.1, 0. ]), size=array([1.1, 1. ]), units='height', vertices=ndarray(...), win=Window(...))
43.7580 	EXP 	unnamed Rect: autoDraw = True
43.7580 	EXP 	node0: autoDraw = True
43.7580 	EXP 	unnamed ImageStim: autoDraw = True
43.7580 	EXP 	node1: autoDraw = True
43.7580 	EXP 	unnamed ImageStim: autoDraw = True
43.7580 	EXP 	node2: autoDraw = True
43.7580 	EXP 	unnamed ImageStim: autoDraw = True
43.7580 	EXP 	node3: autoDraw = True
43.7580 	EXP 	unnamed ImageStim: autoDraw = True
43.7580 	EXP 	node4: autoDraw = True
43.7580 	EXP 	unnamed ImageStim: autoDraw = True
43.7580 	EXP 	node5: autoDraw = True
43.7580 	EXP 	unnamed ImageStim: autoDraw = True
43.7580 	EXP 	node6: autoDraw = True
43.7580 	EXP 	unnamed ImageStim: autoDraw = True
43.7580 	EXP 	node7: autoDraw = True
43.7580 	EXP 	unnamed ImageStim: autoDraw = True
43.7580 	EXP 	node8: autoDraw = True
43.7580 	EXP 	unnamed ImageStim: autoDraw = True
43.7580 	EXP 	node9: autoDraw = True
43.7580 	EXP 	unnamed ImageStim: autoDraw = True
43.7580 	EXP 	node10: autoDraw = True
43.7580 	EXP 	unnamed ImageStim: autoDraw = True
43.7580 	EXP 	unnamed Rect: autoDraw = True
44.6910 	DATA 	Keypress: space
44.6916 	EXP 	window1: mouseVisible = True
44.6934 	EXP 	Created unnamed TextStim = TextStim(__class__=<class 'psychopy.visual.text.TextStim'>, alignHoriz=method-wrapper(...), alignText='center', alignVert=method-wrapper(...), anchorHoriz='center', anchorVert='center', antialias=True, autoDraw=False, autoLog=True, bold=True, color=array([-0.78823529,  0.65490196, -0.90588235]), colorSpace='rgb', contrast=1.0, depth=0, draggable=False, flipHoriz=False, flipVert=False, font='', fontFiles=[], height=0.04, italic=False, languageStyle='LTR', name='unnamed TextStim', opacity=1.0, ori=0.0, pos=array([0.06, 0.41]), rgb=UNKNOWN, text='+1', units='height', win=Window(...), wrapWidth=1)
44.6936 	EXP 	window1: mouseVisible = True
44.6945 	EXP 	Created unnamed TextStim = TextStim(__class__=<class 'psychopy.visual.text.TextStim'>, alignHoriz=method-wrapper(...), alignText='center', alignVert=method-wrapper(...), anchorHoriz='center', anchorVert='center', antialias=True, autoDraw=False, autoLog=True, bold=True, color=array([-0.78823529,  0.65490196, -0.90588235]), colorSpace='rgb', contrast=1.0, depth=0, draggable=False, flipHoriz=False, flipVert=False, font='', fontFiles=[], height=0.04, italic=False, languageStyle='LTR', name='unnamed TextStim', opacity=1.0, ori=0.0, pos=array([-0.12922429,  0.35443874]), rgb=UNKNOWN, text='+2', units='height', win=Window(...), wrapWidth=1)
44.6946 	EXP 	window1: mouseVisible = True
44.6955 	EXP 	Created unnamed TextStim = TextStim(__class__=<class 'psychopy.visual.text.TextStim'>, alignHoriz=method-wrapper(...), alignText='center', alignVert=method-wrapper(...), anchorHoriz='center', anchorVert='center', antialias=True, autoDraw=False, autoLog=True, bold=True, color=array([-0.78823529,  0.65490196, -0.90588235]), colorSpace='rgb', contrast=1.0, depth=0, draggable=False, flipHoriz=False, flipVert=False, font='', fontFiles=[], height=0.04, italic=False, languageStyle='LTR', name='unnamed TextStim', opacity=1.0, ori=0.0, pos=array([-0.2583712 ,  0.20539525]), rgb=UNKNOWN, text='+3', units='height', win=Window(...), wrapWidth=1)
44.6956 	EXP 	window1: mouseVisible = True
44.6964 	EXP 	Created unnamed TextStim = TextStim(__class__=<class 'psychopy.visual.text.TextStim'>, alignHoriz=method-wrapper(...), alignText='center', alignVert=method-wrapper(...), anchorHoriz='center', anchorVert='center', antialias=True, autoDraw=False, autoLog=True, bold=True, color=array([-0.78823529,  0.65490196, -0.90588235]), colorSpace='rgb', contrast=1.0, depth=0, draggable=False, flipHoriz=False, flipVert=False, font='', fontFiles=[], height=0.04, italic=False, languageStyle='LTR', name='unnamed TextStim', opacity=1.0, ori=0.0, pos=array([-0.2864375 ,  0.01018981]), rgb=UNKNOWN, text='+4', units='height', win=Window(...), wrapWidth=1)
44.7059 	EXP 	node0: borderColor = <psychopy.colors.Color: (-0.79, 0.65, -0.91, 1.0)>
44.7059 	EXP 	unnamed TextStim: autoDraw = True
44.7059 	EXP 	node1: borderColor = <psychopy.colors.Color: (-0.79, 0.65, -0.91, 1.0)>
44.7059 	EXP 	unnamed TextStim: autoDraw = True
44.7059 	EXP 	node2: borderColor = <psychopy.colors.Color: (-0.79, 0.65, -0.91, 1.0)>
44.7059 	EXP 	unnamed TextStim: autoDraw = True
44.7059 	EXP 	node3: borderColor = <psychopy.colors.Color: (-0.79, 0.65, -0.91, 1.0)>
44.7059 	EXP 	unnamed TextStim: autoDraw = True
44.7059 	EXP 	node4: borderColor = <psychopy.colors.Color: black, alpha=1.0>
44.7059 	EXP 	node5: borderColor = <psychopy.colors.Color: black, alpha=1.0>
44.7059 	EXP 	node6: borderColor = <psychopy.colors.Color: black, alpha=1.0>
44.7059 	EXP 	node7: borderColor = <psychopy.colors.Color: black, alpha=1.0>
44.7059 	EXP 	node8: borderColor = <psychopy.colors.Color: black, alpha=1.0>
44.7059 	EXP 	node9: borderColor = <psychopy.colors.Color: black, alpha=1.0>
44.7059 	EXP 	node10: borderColor = <psychopy.colors.Color: black, alpha=1.0>
45.8670 	DATA 	Keypress: space
45.8676 	EXP 	window1: mouseVisible = True
45.8685 	EXP 	Created unnamed TextStim = TextStim(__class__=<class 'psychopy.visual.text.TextStim'>, alignHoriz=method-wrapper(...), alignText='center', alignVert=method-wrapper(...), anchorHoriz='center', anchorVert='center', antialias=True, autoDraw=False, autoLog=True, bold=True, color=array([ 0.78039216, -1.        , -0.92156863]), colorSpace='rgb', contrast=1.0, depth=0, draggable=False, flipHoriz=False, flipVert=False, font='', fontFiles=[], height=0.04, italic=False, languageStyle='LTR', name='unnamed TextStim', opacity=1.0, ori=0.0, pos=array([-0.20451235, -0.16920126]), rgb=UNKNOWN, text='-1', units='height', win=Window(...), wrapWidth=1)
45.8687 	EXP 	window1: mouseVisible = True
45.8693 	EXP 	Created unnamed TextStim = TextStim(__class__=<class 'psychopy.visual.text.TextStim'>, alignHoriz=method-wrapper(...), alignText='center', alignVert=method-wrapper(...), anchorHoriz='center', anchorVert='center', antialias=True, autoDraw=False, autoLog=True, bold=True, color=array([ 0.78039216, -1.        , -0.92156863]), colorSpace='rgb', contrast=1.0, depth=0, draggable=False, flipHoriz=False, flipVert=False, font='', fontFiles=[], height=0.04, italic=False, languageStyle='LTR', name='unnamed TextStim', opacity=1.0, ori=0.0, pos=array([-0.03860639, -0.27582254]), rgb=UNKNOWN, text='-2', units='height', win=Window(...), wrapWidth=1)
45.8695 	EXP 	window1: mouseVisible = True
45.8700 	EXP 	Created unnamed TextStim = TextStim(__class__=<class 'psychopy.visual.text.TextStim'>, alignHoriz=method-wrapper(...), alignText='center', alignVert=method-wrapper(...), anchorHoriz='center', anchorVert='center', antialias=True, autoDraw=False, autoLog=True, bold=True, color=array([ 0.78039216, -1.        , -0.92156863]), colorSpace='rgb', contrast=1.0, depth=0, draggable=False, flipHoriz=False, flipVert=False, font='', fontFiles=[], height=0.04, italic=False, languageStyle='LTR', name='unnamed TextStim', opacity=1.0, ori=0.0, pos=array([ 0.15860639, -0.27582254]), rgb=UNKNOWN, text='-3', units='height', win=Window(...), wrapWidth=1)
45.8702 	EXP 	window1: mouseVisible = True
45.8707 	EXP 	Created unnamed TextStim = TextStim(__class__=<class 'psychopy.visual.text.TextStim'>, alignHoriz=method-wrapper(...), alignText='center', alignVert=method-wrapper(...), anchorHoriz='center', anchorVert='center', antialias=True, autoDraw=False, autoLog=True, bold=True, color=array([ 0.78039216, -1.        , -0.92156863]), colorSpace='rgb', contrast=1.0, depth=0, draggable=False, flipHoriz=False, flipVert=False, font='', fontFiles=[], height=0.04, italic=False, languageStyle='LTR', name='unnamed TextStim', opacity=1.0, ori=0.0, pos=array([ 0.32451235, -0.16920126]), rgb=UNKNOWN, text='-4', units='height', win=Window(...), wrapWidth=1)
45.8770 	EXP 	node0: borderColor = <psychopy.colors.Color: black, alpha=1.0>
45.8770 	EXP 	node1: borderColor = <psychopy.colors.Color: black, alpha=1.0>
45.8770 	EXP 	node2: borderColor = <psychopy.colors.Color: black, alpha=1.0>
45.8770 	EXP 	node3: borderColor = <psychopy.colors.Color: black, alpha=1.0>
45.8770 	EXP 	node4: borderColor = <psychopy.colors.Color: (0.78, -1.0, -0.92, 1.0)>
45.8770 	EXP 	unnamed TextStim: autoDraw = True
45.8770 	EXP 	node5: borderColor = <psychopy.colors.Color: (0.78, -1.0, -0.92, 1.0)>
45.8770 	EXP 	unnamed TextStim: autoDraw = True
45.8770 	EXP 	node6: borderColor = <psychopy.colors.Color: (0.78, -1.0, -0.92, 1.0)>
45.8770 	EXP 	unnamed TextStim: autoDraw = True
45.8770 	EXP 	node7: borderColor = <psychopy.colors.Color: (0.78, -1.0, -0.92, 1.0)>
45.8770 	EXP 	unnamed TextStim: autoDraw = True
45.8770 	EXP 	node8: borderColor = <psychopy.colors.Color: black, alpha=1.0>
45.8770 	EXP 	node9: borderColor = <psychopy.colors.Color: black, alpha=1.0>
45.8770 	EXP 	node10: borderColor = <psychopy.colors.Color: black, alpha=1.0>
46.4270 	DATA 	Keypress: space
46.4276 	EXP 	window1: mouseVisible = True
46.4285 	EXP 	Created unnamed TextStim = TextStim(__class__=<class 'psychopy.visual.text.TextStim'>, alignHoriz=method-wrapper(...), alignText='center', alignVert=method-wrapper(...), anchorHoriz='center', anchorVert='center', antialias=True, autoDraw=False, autoLog=True, bold=True, color=array([ 1,  1, -1]), colorSpace='rgb', contrast=1.0, depth=0, draggable=False, flipHoriz=False, flipVert=False, font='', fontFiles=[], height=0.04, italic=False, languageStyle='LTR', name='unnamed TextStim', opacity=1.0, ori=0.0, pos=array([0.4064375 , 0.01018981]), rgb=UNKNOWN, text='+0', units='height', win=Window(...), wrapWidth=1)
46.4286 	EXP 	window1: mouseVisible = True
46.4292 	EXP 	Created unnamed TextStim = TextStim(__class__=<class 'psychopy.visual.text.TextStim'>, alignHoriz=method-wrapper(...), alignText='center', alignVert=method-wrapper(...), anchorHoriz='center', anchorVert='center', antialias=True, autoDraw=False, autoLog=True, bold=True, color=array([ 1,  1, -1]), colorSpace='rgb', contrast=1.0, depth=0, draggable=False, flipHoriz=False, flipVert=False, font='', fontFiles=[], height=0.04, italic=False, languageStyle='LTR', name='unnamed TextStim', opacity=1.0, ori=0.0, pos=array([0.3783712 , 0.20539525]), rgb=UNKNOWN, text='+0', units='height', win=Window(...), wrapWidth=1)
46.4293 	EXP 	window1: mouseVisible = True
46.4298 	EXP 	Created unnamed TextStim = TextStim(__class__=<class 'psychopy.visual.text.TextStim'>, alignHoriz=method-wrapper(...), alignText='center', alignVert=method-wrapper(...), anchorHoriz='center', anchorVert='center', antialias=True, autoDraw=False, autoLog=True, bold=True, color=array([ 1,  1, -1]), colorSpace='rgb', contrast=1.0, depth=0, draggable=False, flipHoriz=False, flipVert=False, font='', fontFiles=[], height=0.04, italic=False, languageStyle='LTR', name='unnamed TextStim', opacity=1.0, ori=0.0, pos=array([0.24922429, 0.35443874]), rgb=UNKNOWN, text='+0', units='height', win=Window(...), wrapWidth=1)
46.4352 	EXP 	node0: borderColor = <psychopy.colors.Color: black, alpha=1.0>
46.4352 	EXP 	node1: borderColor = <psychopy.colors.Color: black, alpha=1.0>
46.4352 	EXP 	node2: borderColor = <psychopy.colors.Color: black, alpha=1.0>
46.4352 	EXP 	node3: borderColor = <psychopy.colors.Color: black, alpha=1.0>
46.4352 	EXP 	node4: borderColor = <psychopy.colors.Color: black, alpha=1.0>
46.4352 	EXP 	node5: borderColor = <psychopy.colors.Color: black, alpha=1.0>
46.4352 	EXP 	node6: borderColor = <psychopy.colors.Color: black, alpha=1.0>
46.4352 	EXP 	node7: borderColor = <psychopy.colors.Color: black, alpha=1.0>
46.4352 	EXP 	node8: borderColor = <psychopy.colors.Color: yellow, alpha=1.0>
46.4352 	EXP 	unnamed TextStim: autoDraw = True
46.4352 	EXP 	node9: borderColor = <psychopy.colors.Color: yellow, alpha=1.0>
46.4352 	EXP 	unnamed TextStim: autoDraw = True
46.4352 	EXP 	node10: borderColor = <psychopy.colors.Color: yellow, alpha=1.0>
46.4352 	EXP 	unnamed TextStim: autoDraw = True
49.4910 	DATA 	Keypress: space
51.4508 	DATA 	Keypress: space
51.4548 	EXP 	unnamed Rect: autoDraw = False
51.4548 	EXP 	node0: autoDraw = False
51.4548 	EXP 	unnamed ImageStim: autoDraw = False
51.4548 	EXP 	node1: autoDraw = False
51.4548 	EXP 	unnamed ImageStim: autoDraw = False
51.4548 	EXP 	node2: autoDraw = False
51.4548 	EXP 	unnamed ImageStim: autoDraw = False
51.4548 	EXP 	node3: autoDraw = False
51.4548 	EXP 	unnamed ImageStim: autoDraw = False
51.4548 	EXP 	node4: autoDraw = False
51.4548 	EXP 	unnamed ImageStim: autoDraw = False
51.4548 	EXP 	node5: autoDraw = False
51.4548 	EXP 	unnamed ImageStim: autoDraw = False
51.4548 	EXP 	node6: autoDraw = False
51.4548 	EXP 	unnamed ImageStim: autoDraw = False
51.4548 	EXP 	node7: autoDraw = False
51.4548 	EXP 	unnamed ImageStim: autoDraw = False
51.4548 	EXP 	node8: autoDraw = False
51.4548 	EXP 	unnamed ImageStim: autoDraw = False
51.4548 	EXP 	node9: autoDraw = False
51.4548 	EXP 	unnamed ImageStim: autoDraw = False
51.4548 	EXP 	node10: autoDraw = False
51.4548 	EXP 	unnamed ImageStim: autoDraw = False
51.4548 	EXP 	unnamed Rect: autoDraw = False
51.4548 	EXP 	unnamed TextStim: autoDraw = False
51.4548 	EXP 	unnamed TextStim: autoDraw = False
51.4548 	EXP 	unnamed TextStim: autoDraw = False
51.4548 	EXP 	unnamed TextStim: autoDraw = False
51.4548 	EXP 	unnamed TextStim: autoDraw = False
51.4548 	EXP 	unnamed TextStim: autoDraw = False
51.4548 	EXP 	unnamed TextStim: autoDraw = False
51.4548 	EXP 	unnamed TextStim: autoDraw = False
51.4548 	EXP 	unnamed TextStim: autoDraw = False
51.4548 	EXP 	unnamed TextStim: autoDraw = False
51.4548 	EXP 	unnamed TextStim: autoDraw = False
52.4108 	DATA 	Keypress: space
53.5229 	DATA 	Keypress: space
53.5233 	INFO 	Mouse: using default window
53.5233 	EXP 	window1: mouseVisible = True
53.5234 	EXP 	window1: mouseVisible = True
53.5262 	EXP 	Created unnamed TextStim = TextStim(__class__=<class 'psychopy.visual.text.TextStim'>, alignHoriz=method-wrapper(...), alignText='center', alignVert=method-wrapper(...), anchorHoriz='center', anchorVert='center', antialias=True, autoDraw=False, autoLog=True, bold=False, color=array([1, 1, 1]), colorSpace='rgb', contrast=1.0, depth=0, draggable=False, flipHoriz=False, flipVert=False, font='', fontFiles=[], height=0.035, italic=False, languageStyle='LTR', name='unnamed TextStim', opacity=1.0, ori=0.0, pos=array([0., 0.]), rgb=UNKNOWN, text='press Space to start', units='height', win=Window(...), wrapWidth=1)
54.2269 	DATA 	Keypress: space
54.2273 	EXP 	window1: mouseVisible = True
54.2277 	EXP 	Created unnamed Rect = Rect(__class__=<class 'psychopy.visual.rect.Rect'>, anchor=('center', 'center'), autoDraw=False, autoLog=True, closeShape=True, color=method-wrapper(...), colorSpace='rgb', contrast=None, depth=0, draggable=False, fillColor=array([0.00392157, 0.00392157, 0.00392157]), fillColorSpace='rgb', fillRGB=array([0.00392157, 0.00392157, 0.00392157]), interpolate=True, lineColor=array([0, 0, 0]), lineColorSpace='rgb', lineRGB=array([0, 0, 0]), lineWidth=0, name='unnamed Rect', opacity=0.5, ori=0.0, pos=array([-0.65,  0.45]), size=array([0.1, 0.1]), units='height', vertices=ndarray(...), win=Window(...))
54.2288 	EXP 	window1: mouseVisible = True
54.2310 	EXP 	Created node0 = Circle(__class__=<class 'psychopy.visual.circle.Circle'>, anchor=('center', 'center'), autoDraw=False, autoLog=True, closeShape=True, color=method-wrapper(...), colorSpace='rgb', contrast=None, depth=0, draggable=False, fillColor=array([1, 1, 1]), fillColorSpace='rgb', fillRGB=array([1, 1, 1]), interpolate=True, lineColor=array([-1, -1, -1]), lineColorSpace='rgb', lineRGB=array([-1, -1, -1]), lineWidth=2, name='node0', opacity=1.0, ori=0.0, pos=array([0.  , 0.35]), size=array([1., 1.]), units='height', vertices=ndarray(...), win=Window(...))
54.2311 	EXP 	window1: mouseVisible = True
54.2481 	EXP 	Created unnamed ImageStim = ImageStim(__class__=<class 'psychopy.visual.image.ImageStim'>, anchor=('center', 'center'), autoLog=True, color=array([1., 1., 1.]), colorSpace='rgb', contrast=1.0, depth=0, draggable=False, flipHoriz=False, flipVert=False, image='images/pattern_4.png', interpolate=False, mask=None, maskParams=None, name='unnamed ImageStim', opacity=1.0, ori=0.0, pos=array([0.  , 0.35]), size=array([0.12, 0.12]), texRes=128, units='height', win=Window(...))
54.2491 	EXP 	window1: mouseVisible = True
54.2510 	EXP 	Created node1 = Circle(__class__=<class 'psychopy.visual.circle.Circle'>, anchor=('center', 'center'), autoDraw=False, autoLog=True, closeShape=True, color=method-wrapper(...), colorSpace='rgb', contrast=None, depth=0, draggable=False, fillColor=array([1, 1, 1]), fillColorSpace='rgb', fillRGB=array([1, 1, 1]), interpolate=True, lineColor=array([-1, -1, -1]), lineColorSpace='rgb', lineRGB=array([-1, -1, -1]), lineWidth=2, name='node1', opacity=1.0, ori=0.0, pos=array([-0.18922429,  0.29443874]), size=array([1., 1.]), units='height', vertices=ndarray(...), win=Window(...))
54.2520 	EXP 	window1: mouseVisible = True
54.2539 	EXP 	Created node2 = Circle(__class__=<class 'psychopy.visual.circle.Circle'>, anchor=('center', 'center'), autoDraw=False, autoLog=True, closeShape=True, color=method-wrapper(...), colorSpace='rgb', contrast=None, depth=0, draggable=False, fillColor=array([1, 1, 1]), fillColorSpace='rgb', fillRGB=array([1, 1, 1]), interpolate=True, lineColor=array([-1, -1, -1]), lineColorSpace='rgb', lineRGB=array([-1, -1, -1]), lineWidth=2, name='node2', opacity=1.0, ori=0.0, pos=array([-0.3183712 ,  0.14539525]), size=array([1., 1.]), units='height', vertices=ndarray(...), win=Window(...))
54.2549 	EXP 	window1: mouseVisible = True
54.2567 	EXP 	Created node3 = Circle(__class__=<class 'psychopy.visual.circle.Circle'>, anchor=('center', 'center'), autoDraw=False, autoLog=True, closeShape=True, color=method-wrapper(...), colorSpace='rgb', contrast=None, depth=0, draggable=False, fillColor=array([1, 1, 1]), fillColorSpace='rgb', fillRGB=array([1, 1, 1]), interpolate=True, lineColor=array([-1, -1, -1]), lineColorSpace='rgb', lineRGB=array([-1, -1, -1]), lineWidth=2, name='node3', opacity=1.0, ori=0.0, pos=array([-0.3464375 , -0.04981019]), size=array([1., 1.]), units='height', vertices=ndarray(...), win=Window(...))
54.2577 	EXP 	window1: mouseVisible = True
54.2596 	EXP 	Created node4 = Circle(__class__=<class 'psychopy.visual.circle.Circle'>, anchor=('center', 'center'), autoDraw=False, autoLog=True, closeShape=True, color=method-wrapper(...), colorSpace='rgb', contrast=None, depth=0, draggable=False, fillColor=array([1, 1, 1]), fillColorSpace='rgb', fillRGB=array([1, 1, 1]), interpolate=True, lineColor=array([-1, -1, -1]), lineColorSpace='rgb', lineRGB=array([-1, -1, -1]), lineWidth=2, name='node4', opacity=1.0, ori=0.0, pos=array([-0.26451235, -0.22920126]), size=array([1., 1.]), units='height', vertices=ndarray(...), win=Window(...))
54.2606 	EXP 	window1: mouseVisible = True
54.2624 	EXP 	Created node5 = Circle(__class__=<class 'psychopy.visual.circle.Circle'>, anchor=('center', 'center'), autoDraw=False, autoLog=True, closeShape=True, color=method-wrapper(...), colorSpace='rgb', contrast=None, depth=0, draggable=False, fillColor=array([1, 1, 1]), fillColorSpace='rgb', fillRGB=array([1, 1, 1]), interpolate=True, lineColor=array([-1, -1, -1]), lineColorSpace='rgb', lineRGB=array([-1, -1, -1]), lineWidth=2, name='node5', opacity=1.0, ori=0.0, pos=array([-0.09860639, -0.33582254]), size=array([1., 1.]), units='height', vertices=ndarray(...), win=Window(...))
54.2634 	EXP 	window1: mouseVisible = True
54.2653 	EXP 	Created node6 = Circle(__class__=<class 'psychopy.visual.circle.Circle'>, anchor=('center', 'center'), autoDraw=False, autoLog=True, closeShape=True, color=method-wrapper(...), colorSpace='rgb', contrast=None, depth=0, draggable=False, fillColor=array([1, 1, 1]), fillColorSpace='rgb', fillRGB=array([1, 1, 1]), interpolate=True, lineColor=array([-1, -1, -1]), lineColorSpace='rgb', lineRGB=array([-1, -1, -1]), lineWidth=2, name='node6', opacity=1.0, ori=0.0, pos=array([ 0.09860639, -0.33582254]), size=array([1., 1.]), units='height', vertices=ndarray(...), win=Window(...))
54.2663 	EXP 	window1: mouseVisible = True
54.2682 	EXP 	Created node7 = Circle(__class__=<class 'psychopy.visual.circle.Circle'>, anchor=('center', 'center'), autoDraw=False, autoLog=True, closeShape=True, color=method-wrapper(...), colorSpace='rgb', contrast=None, depth=0, draggable=False, fillColor=array([1, 1, 1]), fillColorSpace='rgb', fillRGB=array([1, 1, 1]), interpolate=True, lineColor=array([-1, -1, -1]), lineColorSpace='rgb', lineRGB=array([-1, -1, -1]), lineWidth=2, name='node7', opacity=1.0, ori=0.0, pos=array([ 0.26451235, -0.22920126]), size=array([1., 1.]), units='height', vertices=ndarray(...), win=Window(...))
54.2692 	EXP 	window1: mouseVisible = True
54.2710 	EXP 	Created node8 = Circle(__class__=<class 'psychopy.visual.circle.Circle'>, anchor=('center', 'center'), autoDraw=False, autoLog=True, closeShape=True, color=method-wrapper(...), colorSpace='rgb', contrast=None, depth=0, draggable=False, fillColor=array([1, 1, 1]), fillColorSpace='rgb', fillRGB=array([1, 1, 1]), interpolate=True, lineColor=array([-1, -1, -1]), lineColorSpace='rgb', lineRGB=array([-1, -1, -1]), lineWidth=2, name='node8', opacity=1.0, ori=0.0, pos=array([ 0.3464375 , -0.04981019]), size=array([1., 1.]), units='height', vertices=ndarray(...), win=Window(...))
54.2710 	EXP 	window1: mouseVisible = True
54.2890 	EXP 	Created unnamed ImageStim = ImageStim(__class__=<class 'psychopy.visual.image.ImageStim'>, anchor=('center', 'center'), autoLog=True, color=array([1., 1., 1.]), colorSpace='rgb', contrast=1.0, depth=0, draggable=False, flipHoriz=False, flipVert=False, image='images/pattern_8.png', interpolate=False, mask=None, maskParams=None, name='unnamed ImageStim', opacity=1.0, ori=0.0, pos=array([ 0.3464375 , -0.04981019]), size=array([0.12, 0.12]), texRes=128, units='height', win=Window(...))
54.2900 	EXP 	window1: mouseVisible = True
54.2919 	EXP 	Created node9 = Circle(__class__=<class 'psychopy.visual.circle.Circle'>, anchor=('center', 'center'), autoDraw=False, autoLog=True, closeShape=True, color=method-wrapper(...), colorSpace='rgb', contrast=None, depth=0, draggable=False, fillColor=array([1, 1, 1]), fillColorSpace='rgb', fillRGB=array([1, 1, 1]), interpolate=True, lineColor=array([-1, -1, -1]), lineColorSpace='rgb', lineRGB=array([-1, -1, -1]), lineWidth=2, name='node9', opacity=1.0, ori=0.0, pos=array([0.3183712 , 0.14539525]), size=array([1., 1.]), units='height', vertices=ndarray(...), win=Window(...))
54.2929 	EXP 	window1: mouseVisible = True
54.2947 	EXP 	Created node10 = Circle(__class__=<class 'psychopy.visual.circle.Circle'>, anchor=('center', 'center'), autoDraw=False, autoLog=True, closeShape=True, color=method-wrapper(...), colorSpace='rgb', contrast=None, depth=0, draggable=False, fillColor=array([1, 1, 1]), fillColorSpace='rgb', fillRGB=array([1, 1, 1]), interpolate=True, lineColor=array([-1, -1, -1]), lineColorSpace='rgb', lineRGB=array([-1, -1, -1]), lineWidth=2, name='node10', opacity=1.0, ori=0.0, pos=array([0.18922429, 0.29443874]), size=array([1., 1.]), units='height', vertices=ndarray(...), win=Window(...))
54.2948 	EXP 	window1: mouseVisible = True
54.2952 	EXP 	Created unnamed Line = Line(__class__=<class 'psychopy.visual.line.Line'>, anchor=('center', 'center'), autoDraw=False, autoLog=True, closeShape=False, color=array([-1, -1, -1]), colorSpace='rgb', contrast=None, depth=2, draggable=False, fillColor=array([0, 0, 0]), fillColorSpace='rgb', fillRGB=array([0, 0, 0]), interpolate=True, lineColor=array([-1, -1, -1]), lineColorSpace='rgb', lineRGB=array([-1, -1, -1]), lineWidth=4, name='unnamed Line', opacity=0.5, ori=0.0, pos=array([0., 0.]), size=array([1., 1.]), units='height', vertices=ndarray(...), win=Window(...), windingRule=None)
54.2953 	EXP 	window1: mouseVisible = True
54.2957 	EXP 	Created unnamed ShapeStim = ShapeStim(__class__=<class 'psychopy.visual.shape.ShapeStim'>, anchor=('center', 'center'), autoDraw=False, autoLog=True, closeShape=True, color=method-wrapper(...), colorSpace='rgb', contrast=None, depth=0, draggable=False, fillColor=array([-1, -1, -1]), fillColorSpace='rgb', fillRGB=array([-1, -1, -1]), interpolate=True, lineColor=array([-1, -1, -1]), lineColorSpace='rgb', lineRGB=array([-1, -1, -1]), lineWidth=1.5, name='unnamed ShapeStim', opacity=1.0, ori=40.90909090909093, pos=array([ 0.31369447, -0.08759767]), size=array([1., 1.]), units='height', vertices=ndarray(...), win=Window(...), windingRule=None)
54.2957 	EXP 	window1: mouseVisible = True
54.2961 	EXP 	Created unnamed Line = Line(__class__=<class 'psychopy.visual.line.Line'>, anchor=('center', 'center'), autoDraw=False, autoLog=True, closeShape=False, color=array([-1, -1, -1]), colorSpace='rgb', contrast=None, depth=2, draggable=False, fillColor=array([0, 0, 0]), fillColorSpace='rgb', fillRGB=array([0, 0, 0]), interpolate=True, lineColor=array([-1, -1, -1]), lineColorSpace='rgb', lineRGB=array([-1, -1, -1]), lineWidth=4, name='unnamed Line', opacity=0.5, ori=0.0, pos=array([0., 0.]), size=array([1., 1.]), units='height', vertices=ndarray(...), win=Window(...), windingRule=None)
54.2961 	EXP 	window1: mouseVisible = True
54.2965 	EXP 	Created unnamed ShapeStim = ShapeStim(__class__=<class 'psychopy.visual.shape.ShapeStim'>, anchor=('center', 'center'), autoDraw=False, autoLog=True, closeShape=True, color=method-wrapper(...), colorSpace='rgb', contrast=None, depth=0, draggable=False, fillColor=array([-1, -1, -1]), fillColorSpace='rgb', fillRGB=array([-1, -1, -1]), interpolate=True, lineColor=array([-1, -1, -1]), lineColorSpace='rgb', lineRGB=array([-1, -1, -1]), lineWidth=1.5, name='unnamed ShapeStim', opacity=1.0, ori=-8.181818181818173, pos=array([0.00711574, 0.30050893]), size=array([1., 1.]), units='height', vertices=ndarray(...), win=Window(...), windingRule=None)
54.2966 	EXP 	window1: mouseVisible = True
54.2969 	EXP 	Created unnamed Rect = Rect(__class__=<class 'psychopy.visual.rect.Rect'>, anchor=('center', 'center'), autoDraw=False, autoLog=True, closeShape=True, color=method-wrapper(...), colorSpace='rgb', contrast=None, depth=0, draggable=False, fillColor=array([0.00392157, 0.00392157, 0.00392157]), fillColorSpace='rgb', fillRGB=array([0.00392157, 0.00392157, 0.00392157]), interpolate=True, lineColor=array([0, 0, 0]), lineColorSpace='rgb', lineRGB=array([0, 0, 0]), lineWidth=0, name='unnamed Rect', opacity=0.0, ori=0.0, pos=array([0.1, 0. ]), size=array([1.1, 1. ]), units='height', vertices=ndarray(...), win=Window(...))
54.3024 	EXP 	unnamed Rect: autoDraw = True
54.3024 	EXP 	node0: autoDraw = True
54.3024 	EXP 	unnamed ImageStim: autoDraw = True
54.3024 	EXP 	node1: autoDraw = True
54.3024 	EXP 	node2: autoDraw = True
54.3024 	EXP 	node3: autoDraw = True
54.3024 	EXP 	node4: autoDraw = True
54.3024 	EXP 	node5: autoDraw = True
54.3024 	EXP 	node6: autoDraw = True
54.3024 	EXP 	node7: autoDraw = True
54.3024 	EXP 	node8: autoDraw = True
54.3024 	EXP 	unnamed ImageStim: autoDraw = True
54.3024 	EXP 	node9: autoDraw = True
54.3024 	EXP 	node10: autoDraw = True
54.3024 	EXP 	unnamed Line: autoDraw = True
54.3024 	EXP 	unnamed Line: autoDraw = True
54.3024 	EXP 	unnamed ShapeStim: autoDraw = True
54.3024 	EXP 	unnamed Line: autoDraw = True
54.3024 	EXP 	unnamed Line: autoDraw = True
54.3024 	EXP 	unnamed ShapeStim: autoDraw = True
54.3024 	EXP 	unnamed Rect: autoDraw = True
54.3024 	EXP 	node6: fillColor = '#126DEF'
54.3072 	EXP 	node6: fillColor = '#126DEF'
54.3072 	EXP 	unnamed Line: autoDraw = False
54.3072 	EXP 	unnamed ShapeStim: autoDraw = False
54.3072 	EXP 	unnamed Line: autoDraw = True
54.3072 	EXP 	unnamed ShapeStim: autoDraw = True
54.3072 	EXP 	unnamed Line: autoDraw = False
54.3072 	EXP 	unnamed ShapeStim: autoDraw = False
54.3072 	EXP 	unnamed Line: autoDraw = True
54.3072 	EXP 	unnamed ShapeStim: autoDraw = True
54.3072 	EXP 	unnamed Line: foreColor = <psychopy.colors.Color: (1.0, 0.58, -0.87, 1.0)>
54.3072 	EXP 	unnamed Line: borderColor = <psychopy.colors.Color: (1.0, 0.58, -0.87, 1.0)>
54.3072 	EXP 	unnamed Line: fillColor = <psychopy.colors.Color: (1.0, 0.58, -0.87, 1.0)>
54.3072 	EXP 	unnamed ShapeStim: foreColor = <psychopy.colors.Color: (1.0, 0.58, -0.87, 1.0)>
54.3072 	EXP 	unnamed ShapeStim: borderColor = <psychopy.colors.Color: (1.0, 0.58, -0.87, 1.0)>
54.3072 	EXP 	unnamed ShapeStim: fillColor = <psychopy.colors.Color: (1.0, 0.58, -0.87, 1.0)>
55.0029 	DATA 	Keypress: f
55.0069 	EXP 	unnamed Line: foreColor = <psychopy.colors.Color: black, alpha=1.0>
55.0069 	EXP 	unnamed Line: borderColor = <psychopy.colors.Color: black, alpha=1.0>
55.0069 	EXP 	unnamed Line: fillColor = <psychopy.colors.Color: black, alpha=1.0>
55.0069 	EXP 	unnamed ShapeStim: foreColor = <psychopy.colors.Color: black, alpha=1.0>
55.0069 	EXP 	unnamed ShapeStim: borderColor = <psychopy.colors.Color: black, alpha=1.0>
55.0069 	EXP 	unnamed ShapeStim: fillColor = <psychopy.colors.Color: black, alpha=1.0>
55.0069 	EXP 	unnamed Line: foreColor = <psychopy.colors.Color: (1.0, 0.58, -0.87, 1.0)>
55.0069 	EXP 	unnamed Line: borderColor = <psychopy.colors.Color: (1.0, 0.58, -0.87, 1.0)>
55.0069 	EXP 	unnamed Line: fillColor = <psychopy.colors.Color: (1.0, 0.58, -0.87, 1.0)>
55.0069 	EXP 	unnamed ShapeStim: foreColor = <psychopy.colors.Color: (1.0, 0.58, -0.87, 1.0)>
55.0069 	EXP 	unnamed ShapeStim: borderColor = <psychopy.colors.Color: (1.0, 0.58, -0.87, 1.0)>
55.0069 	EXP 	unnamed ShapeStim: fillColor = <psychopy.colors.Color: (1.0, 0.58, -0.87, 1.0)>
55.3148 	DATA 	Keypress: f
55.3198 	EXP 	unnamed Line: foreColor = <psychopy.colors.Color: black, alpha=1.0>
55.3198 	EXP 	unnamed Line: borderColor = <psychopy.colors.Color: black, alpha=1.0>
55.3198 	EXP 	unnamed Line: fillColor = <psychopy.colors.Color: black, alpha=1.0>
55.3198 	EXP 	unnamed ShapeStim: foreColor = <psychopy.colors.Color: black, alpha=1.0>
55.3198 	EXP 	unnamed ShapeStim: borderColor = <psychopy.colors.Color: black, alpha=1.0>
55.3198 	EXP 	unnamed ShapeStim: fillColor = <psychopy.colors.Color: black, alpha=1.0>
55.3198 	EXP 	unnamed Line: foreColor = <psychopy.colors.Color: (1.0, 0.58, -0.87, 1.0)>
55.3198 	EXP 	unnamed Line: borderColor = <psychopy.colors.Color: (1.0, 0.58, -0.87, 1.0)>
55.3198 	EXP 	unnamed Line: fillColor = <psychopy.colors.Color: (1.0, 0.58, -0.87, 1.0)>
55.3198 	EXP 	unnamed ShapeStim: foreColor = <psychopy.colors.Color: (1.0, 0.58, -0.87, 1.0)>
55.3198 	EXP 	unnamed ShapeStim: borderColor = <psychopy.colors.Color: (1.0, 0.58, -0.87, 1.0)>
55.3198 	EXP 	unnamed ShapeStim: fillColor = <psychopy.colors.Color: (1.0, 0.58, -0.87, 1.0)>
55.5626 	DATA 	Keypress: j
55.5660 	EXP 	node8: fillColor = '#126DEF'
55.5660 	EXP 	node6: fillColor = 'white'
56.2661 	EXP 	window1: mouseVisible = True
56.2676 	EXP 	Created unnamed TextStim = TextStim(__class__=<class 'psychopy.visual.text.TextStim'>, alignHoriz=method-wrapper(...), alignText='center', alignVert=method-wrapper(...), anchorHoriz='center', anchorVert='center', antialias=True, autoDraw=False, autoLog=True, bold=True, color=array([-0.88235294, -0.12156863, -0.97647059]), colorSpace='rgb', contrast=1.0, depth=0, draggable=False, flipHoriz=False, flipVert=False, font='', fontFiles=[], height=0.04, italic=False, languageStyle='LTR', name='unnamed TextStim', opacity=1.0, ori=0.0, pos=array([0.4064375 , 0.01018981]), rgb=UNKNOWN, text='+3', units='height', win=Window(...), wrapWidth=1)
56.2706 	EXP 	node8: fillColor = 'white'
56.2706 	EXP 	unnamed ImageStim: autoDraw = True
57.2783 	EXP 	unnamed ImageStim: autoDraw = False
57.2783 	EXP 	unnamed Rect: autoDraw = False
57.2783 	EXP 	unnamed Rect: autoDraw = True
57.4182 	EXP 	unnamed Rect: autoDraw = False
57.4182 	EXP 	node0: autoDraw = False
57.4182 	EXP 	unnamed ImageStim: autoDraw = False
57.4182 	EXP 	node1: autoDraw = False
57.4182 	EXP 	node2: autoDraw = False
57.4182 	EXP 	node3: autoDraw = False
57.4182 	EXP 	node4: autoDraw = False
57.4182 	EXP 	node5: autoDraw = False
57.4182 	EXP 	node6: autoDraw = False
57.4182 	EXP 	node7: autoDraw = False
57.4182 	EXP 	node8: autoDraw = False
57.4182 	EXP 	unnamed ImageStim: autoDraw = False
57.4182 	EXP 	node9: autoDraw = False
57.4182 	EXP 	node10: autoDraw = False
57.4182 	EXP 	unnamed Line: autoDraw = False
57.4182 	EXP 	unnamed ShapeStim: autoDraw = False
57.4182 	EXP 	unnamed Line: autoDraw = False
57.4182 	EXP 	unnamed ShapeStim: autoDraw = False
57.4182 	EXP 	unnamed Rect: autoDraw = False
57.4225 	INFO 	Mouse: using default window
57.4225 	EXP 	window1: mouseVisible = True
57.4226 	EXP 	window1: mouseVisible = True
57.4267 	EXP 	Created unnamed TextStim = TextStim(__class__=<class 'psychopy.visual.text.TextStim'>, alignHoriz=method-wrapper(...), alignText='center', alignVert=method-wrapper(...), anchorHoriz='center', anchorVert='center', antialias=True, autoDraw=False, autoLog=True, bold=False, color=array([1, 1, 1]), colorSpace='rgb', contrast=1.0, depth=0, draggable=False, flipHoriz=False, flipVert=False, font='', fontFiles=[], height=0.035, italic=False, languageStyle='LTR', name='unnamed TextStim', opacity=1.0, ori=0.0, pos=array([0., 0.]), rgb=UNKNOWN, text='press Space to start', units='height', win=Window(...), wrapWidth=1)
57.8190 	DATA 	Keypress: space
57.8194 	EXP 	window1: mouseVisible = True
57.8199 	EXP 	Created unnamed Rect = Rect(__class__=<class 'psychopy.visual.rect.Rect'>, anchor=('center', 'center'), autoDraw=False, autoLog=True, closeShape=True, color=method-wrapper(...), colorSpace='rgb', contrast=None, depth=0, draggable=False, fillColor=array([0.00392157, 0.00392157, 0.00392157]), fillColorSpace='rgb', fillRGB=array([0.00392157, 0.00392157, 0.00392157]), interpolate=True, lineColor=array([0, 0, 0]), lineColorSpace='rgb', lineRGB=array([0, 0, 0]), lineWidth=0, name='unnamed Rect', opacity=0.5, ori=0.0, pos=array([-0.65,  0.45]), size=array([0.1, 0.1]), units='height', vertices=ndarray(...), win=Window(...))
57.8209 	EXP 	window1: mouseVisible = True
57.8229 	EXP 	Created node0 = Circle(__class__=<class 'psychopy.visual.circle.Circle'>, anchor=('center', 'center'), autoDraw=False, autoLog=True, closeShape=True, color=method-wrapper(...), colorSpace='rgb', contrast=None, depth=0, draggable=False, fillColor=array([1, 1, 1]), fillColorSpace='rgb', fillRGB=array([1, 1, 1]), interpolate=True, lineColor=array([-1, -1, -1]), lineColorSpace='rgb', lineRGB=array([-1, -1, -1]), lineWidth=2, name='node0', opacity=1.0, ori=0.0, pos=array([0.  , 0.35]), size=array([1., 1.]), units='height', vertices=ndarray(...), win=Window(...))
57.8229 	EXP 	window1: mouseVisible = True
57.8397 	EXP 	Created unnamed ImageStim = ImageStim(__class__=<class 'psychopy.visual.image.ImageStim'>, anchor=('center', 'center'), autoLog=True, color=array([1., 1., 1.]), colorSpace='rgb', contrast=1.0, depth=0, draggable=False, flipHoriz=False, flipVert=False, image='images/pattern_4.png', interpolate=False, mask=None, maskParams=None, name='unnamed ImageStim', opacity=1.0, ori=0.0, pos=array([0.  , 0.35]), size=array([0.12, 0.12]), texRes=128, units='height', win=Window(...))
57.8407 	EXP 	window1: mouseVisible = True
57.8426 	EXP 	Created node1 = Circle(__class__=<class 'psychopy.visual.circle.Circle'>, anchor=('center', 'center'), autoDraw=False, autoLog=True, closeShape=True, color=method-wrapper(...), colorSpace='rgb', contrast=None, depth=0, draggable=False, fillColor=array([1, 1, 1]), fillColorSpace='rgb', fillRGB=array([1, 1, 1]), interpolate=True, lineColor=array([-1, -1, -1]), lineColorSpace='rgb', lineRGB=array([-1, -1, -1]), lineWidth=2, name='node1', opacity=1.0, ori=0.0, pos=array([-0.18922429,  0.29443874]), size=array([1., 1.]), units='height', vertices=ndarray(...), win=Window(...))
57.8436 	EXP 	window1: mouseVisible = True
57.8455 	EXP 	Created node2 = Circle(__class__=<class 'psychopy.visual.circle.Circle'>, anchor=('center', 'center'), autoDraw=False, autoLog=True, closeShape=True, color=method-wrapper(...), colorSpace='rgb', contrast=None, depth=0, draggable=False, fillColor=array([1, 1, 1]), fillColorSpace='rgb', fillRGB=array([1, 1, 1]), interpolate=True, lineColor=array([-1, -1, -1]), lineColorSpace='rgb', lineRGB=array([-1, -1, -1]), lineWidth=2, name='node2', opacity=1.0, ori=0.0, pos=array([-0.3183712 ,  0.14539525]), size=array([1., 1.]), units='height', vertices=ndarray(...), win=Window(...))
57.8456 	EXP 	window1: mouseVisible = True
57.8623 	EXP 	Created unnamed ImageStim = ImageStim(__class__=<class 'psychopy.visual.image.ImageStim'>, anchor=('center', 'center'), autoLog=True, color=array([1., 1., 1.]), colorSpace='rgb', contrast=1.0, depth=0, draggable=False, flipHoriz=False, flipVert=False, image='images/pattern_5.png', interpolate=False, mask=None, maskParams=None, name='unnamed ImageStim', opacity=1.0, ori=0.0, pos=array([-0.3183712 ,  0.14539525]), size=array([0.12, 0.12]), texRes=128, units='height', win=Window(...))
57.8633 	EXP 	window1: mouseVisible = True
57.8652 	EXP 	Created node3 = Circle(__class__=<class 'psychopy.visual.circle.Circle'>, anchor=('center', 'center'), autoDraw=False, autoLog=True, closeShape=True, color=method-wrapper(...), colorSpace='rgb', contrast=None, depth=0, draggable=False, fillColor=array([1, 1, 1]), fillColorSpace='rgb', fillRGB=array([1, 1, 1]), interpolate=True, lineColor=array([-1, -1, -1]), lineColorSpace='rgb', lineRGB=array([-1, -1, -1]), lineWidth=2, name='node3', opacity=1.0, ori=0.0, pos=array([-0.3464375 , -0.04981019]), size=array([1., 1.]), units='height', vertices=ndarray(...), win=Window(...))
57.8662 	EXP 	window1: mouseVisible = True
57.8681 	EXP 	Created node4 = Circle(__class__=<class 'psychopy.visual.circle.Circle'>, anchor=('center', 'center'), autoDraw=False, autoLog=True, closeShape=True, color=method-wrapper(...), colorSpace='rgb', contrast=None, depth=0, draggable=False, fillColor=array([1, 1, 1]), fillColorSpace='rgb', fillRGB=array([1, 1, 1]), interpolate=True, lineColor=array([-1, -1, -1]), lineColorSpace='rgb', lineRGB=array([-1, -1, -1]), lineWidth=2, name='node4', opacity=1.0, ori=0.0, pos=array([-0.26451235, -0.22920126]), size=array([1., 1.]), units='height', vertices=ndarray(...), win=Window(...))
57.8691 	EXP 	window1: mouseVisible = True
57.8709 	EXP 	Created node5 = Circle(__class__=<class 'psychopy.visual.circle.Circle'>, anchor=('center', 'center'), autoDraw=False, autoLog=True, closeShape=True, color=method-wrapper(...), colorSpace='rgb', contrast=None, depth=0, draggable=False, fillColor=array([1, 1, 1]), fillColorSpace='rgb', fillRGB=array([1, 1, 1]), interpolate=True, lineColor=array([-1, -1, -1]), lineColorSpace='rgb', lineRGB=array([-1, -1, -1]), lineWidth=2, name='node5', opacity=1.0, ori=0.0, pos=array([-0.09860639, -0.33582254]), size=array([1., 1.]), units='height', vertices=ndarray(...), win=Window(...))
57.8719 	EXP 	window1: mouseVisible = True
57.8738 	EXP 	Created node6 = Circle(__class__=<class 'psychopy.visual.circle.Circle'>, anchor=('center', 'center'), autoDraw=False, autoLog=True, closeShape=True, color=method-wrapper(...), colorSpace='rgb', contrast=None, depth=0, draggable=False, fillColor=array([1, 1, 1]), fillColorSpace='rgb', fillRGB=array([1, 1, 1]), interpolate=True, lineColor=array([-1, -1, -1]), lineColorSpace='rgb', lineRGB=array([-1, -1, -1]), lineWidth=2, name='node6', opacity=1.0, ori=0.0, pos=array([ 0.09860639, -0.33582254]), size=array([1., 1.]), units='height', vertices=ndarray(...), win=Window(...))
57.8748 	EXP 	window1: mouseVisible = True
57.8766 	EXP 	Created node7 = Circle(__class__=<class 'psychopy.visual.circle.Circle'>, anchor=('center', 'center'), autoDraw=False, autoLog=True, closeShape=True, color=method-wrapper(...), colorSpace='rgb', contrast=None, depth=0, draggable=False, fillColor=array([1, 1, 1]), fillColorSpace='rgb', fillRGB=array([1, 1, 1]), interpolate=True, lineColor=array([-1, -1, -1]), lineColorSpace='rgb', lineRGB=array([-1, -1, -1]), lineWidth=2, name='node7', opacity=1.0, ori=0.0, pos=array([ 0.26451235, -0.22920126]), size=array([1., 1.]), units='height', vertices=ndarray(...), win=Window(...))
57.8776 	EXP 	window1: mouseVisible = True
57.8795 	EXP 	Created node8 = Circle(__class__=<class 'psychopy.visual.circle.Circle'>, anchor=('center', 'center'), autoDraw=False, autoLog=True, closeShape=True, color=method-wrapper(...), colorSpace='rgb', contrast=None, depth=0, draggable=False, fillColor=array([1, 1, 1]), fillColorSpace='rgb', fillRGB=array([1, 1, 1]), interpolate=True, lineColor=array([-1, -1, -1]), lineColorSpace='rgb', lineRGB=array([-1, -1, -1]), lineWidth=2, name='node8', opacity=1.0, ori=0.0, pos=array([ 0.3464375 , -0.04981019]), size=array([1., 1.]), units='height', vertices=ndarray(...), win=Window(...))
57.8805 	EXP 	window1: mouseVisible = True
57.8823 	EXP 	Created node9 = Circle(__class__=<class 'psychopy.visual.circle.Circle'>, anchor=('center', 'center'), autoDraw=False, autoLog=True, closeShape=True, color=method-wrapper(...), colorSpace='rgb', contrast=None, depth=0, draggable=False, fillColor=array([1, 1, 1]), fillColorSpace='rgb', fillRGB=array([1, 1, 1]), interpolate=True, lineColor=array([-1, -1, -1]), lineColorSpace='rgb', lineRGB=array([-1, -1, -1]), lineWidth=2, name='node9', opacity=1.0, ori=0.0, pos=array([0.3183712 , 0.14539525]), size=array([1., 1.]), units='height', vertices=ndarray(...), win=Window(...))
57.8833 	EXP 	window1: mouseVisible = True
57.8851 	EXP 	Created node10 = Circle(__class__=<class 'psychopy.visual.circle.Circle'>, anchor=('center', 'center'), autoDraw=False, autoLog=True, closeShape=True, color=method-wrapper(...), colorSpace='rgb', contrast=None, depth=0, draggable=False, fillColor=array([1, 1, 1]), fillColorSpace='rgb', fillRGB=array([1, 1, 1]), interpolate=True, lineColor=array([-1, -1, -1]), lineColorSpace='rgb', lineRGB=array([-1, -1, -1]), lineWidth=2, name='node10', opacity=1.0, ori=0.0, pos=array([0.18922429, 0.29443874]), size=array([1., 1.]), units='height', vertices=ndarray(...), win=Window(...))
57.8852 	EXP 	window1: mouseVisible = True
57.8856 	EXP 	Created unnamed Line = Line(__class__=<class 'psychopy.visual.line.Line'>, anchor=('center', 'center'), autoDraw=False, autoLog=True, closeShape=False, color=array([-1, -1, -1]), colorSpace='rgb', contrast=None, depth=2, draggable=False, fillColor=array([0, 0, 0]), fillColorSpace='rgb', fillRGB=array([0, 0, 0]), interpolate=True, lineColor=array([-1, -1, -1]), lineColorSpace='rgb', lineRGB=array([-1, -1, -1]), lineWidth=4, name='unnamed Line', opacity=0.5, ori=0.0, pos=array([0., 0.]), size=array([1., 1.]), units='height', vertices=ndarray(...), win=Window(...), windingRule=None)
57.8857 	EXP 	window1: mouseVisible = True
57.8861 	EXP 	Created unnamed ShapeStim = ShapeStim(__class__=<class 'psychopy.visual.shape.ShapeStim'>, anchor=('center', 'center'), autoDraw=False, autoLog=True, closeShape=True, color=method-wrapper(...), colorSpace='rgb', contrast=None, depth=0, draggable=False, fillColor=array([-1, -1, -1]), fillColorSpace='rgb', fillRGB=array([-1, -1, -1]), interpolate=True, lineColor=array([-1, -1, -1]), lineColorSpace='rgb', lineRGB=array([-1, -1, -1]), lineWidth=1.5, name='unnamed ShapeStim', opacity=1.0, ori=-57.27272727272728, pos=array([0.04206268, 0.32296796]), size=array([1., 1.]), units='height', vertices=ndarray(...), win=Window(...), windingRule=None)
57.8861 	EXP 	window1: mouseVisible = True
57.8865 	EXP 	Created unnamed Line = Line(__class__=<class 'psychopy.visual.line.Line'>, anchor=('center', 'center'), autoDraw=False, autoLog=True, closeShape=False, color=array([-1, -1, -1]), colorSpace='rgb', contrast=None, depth=2, draggable=False, fillColor=array([0, 0, 0]), fillColorSpace='rgb', fillRGB=array([0, 0, 0]), interpolate=True, lineColor=array([-1, -1, -1]), lineColorSpace='rgb', lineRGB=array([-1, -1, -1]), lineWidth=4, name='unnamed Line', opacity=0.5, ori=0.0, pos=array([0., 0.]), size=array([1., 1.]), units='height', vertices=ndarray(...), win=Window(...), windingRule=None)
57.8865 	EXP 	window1: mouseVisible = True
57.8869 	EXP 	Created unnamed ShapeStim = ShapeStim(__class__=<class 'psychopy.visual.shape.ShapeStim'>, anchor=('center', 'center'), autoDraw=False, autoLog=True, closeShape=True, color=method-wrapper(...), colorSpace='rgb', contrast=None, depth=0, draggable=False, fillColor=array([-1, -1, -1]), fillColorSpace='rgb', fillRGB=array([-1, -1, -1]), interpolate=True, lineColor=array([-1, -1, -1]), lineColorSpace='rgb', lineRGB=array([-1, -1, -1]), lineWidth=1.5, name='unnamed ShapeStim', opacity=1.0, ori=-90.0, pos=array([-0.2683712 ,  0.14539525]), size=array([1., 1.]), units='height', vertices=ndarray(...), win=Window(...), windingRule=None)
57.8869 	EXP 	window1: mouseVisible = True
57.8873 	EXP 	Created unnamed Rect = Rect(__class__=<class 'psychopy.visual.rect.Rect'>, anchor=('center', 'center'), autoDraw=False, autoLog=True, closeShape=True, color=method-wrapper(...), colorSpace='rgb', contrast=None, depth=0, draggable=False, fillColor=array([0.00392157, 0.00392157, 0.00392157]), fillColorSpace='rgb', fillRGB=array([0.00392157, 0.00392157, 0.00392157]), interpolate=True, lineColor=array([0, 0, 0]), lineColorSpace='rgb', lineRGB=array([0, 0, 0]), lineWidth=0, name='unnamed Rect', opacity=0.0, ori=0.0, pos=array([0.1, 0. ]), size=array([1.1, 1. ]), units='height', vertices=ndarray(...), win=Window(...))
57.8913 	EXP 	unnamed Rect: autoDraw = True
57.8913 	EXP 	node0: autoDraw = True
57.8913 	EXP 	unnamed ImageStim: autoDraw = True
57.8913 	EXP 	node1: autoDraw = True
57.8913 	EXP 	node2: autoDraw = True
57.8913 	EXP 	unnamed ImageStim: autoDraw = True
57.8913 	EXP 	node3: autoDraw = True
57.8913 	EXP 	node4: autoDraw = True
57.8913 	EXP 	node5: autoDraw = True
57.8913 	EXP 	node6: autoDraw = True
57.8913 	EXP 	node7: autoDraw = True
57.8913 	EXP 	node8: autoDraw = True
57.8913 	EXP 	node9: autoDraw = True
57.8913 	EXP 	node10: autoDraw = True
57.8913 	EXP 	unnamed Line: autoDraw = True
57.8913 	EXP 	unnamed Line: autoDraw = True
57.8913 	EXP 	unnamed ShapeStim: autoDraw = True
57.8913 	EXP 	unnamed Line: autoDraw = True
57.8913 	EXP 	unnamed Line: autoDraw = True
57.8913 	EXP 	unnamed ShapeStim: autoDraw = True
57.8913 	EXP 	unnamed Rect: autoDraw = True
57.8913 	EXP 	node9: fillColor = '#126DEF'
57.9000 	EXP 	node9: fillColor = '#126DEF'
57.9000 	EXP 	unnamed Line: autoDraw = False
57.9000 	EXP 	unnamed ShapeStim: autoDraw = False
57.9000 	EXP 	unnamed Line: autoDraw = True
57.9000 	EXP 	unnamed ShapeStim: autoDraw = True
57.9000 	EXP 	unnamed Line: autoDraw = False
57.9000 	EXP 	unnamed ShapeStim: autoDraw = False
57.9000 	EXP 	unnamed Line: autoDraw = True
57.9000 	EXP 	unnamed ShapeStim: autoDraw = True
57.9000 	EXP 	unnamed Line: foreColor = <psychopy.colors.Color: (1.0, 0.58, -0.87, 1.0)>
57.9000 	EXP 	unnamed Line: borderColor = <psychopy.colors.Color: (1.0, 0.58, -0.87, 1.0)>
57.9000 	EXP 	unnamed Line: fillColor = <psychopy.colors.Color: (1.0, 0.58, -0.87, 1.0)>
57.9000 	EXP 	unnamed ShapeStim: foreColor = <psychopy.colors.Color: (1.0, 0.58, -0.87, 1.0)>
57.9000 	EXP 	unnamed ShapeStim: borderColor = <psychopy.colors.Color: (1.0, 0.58, -0.87, 1.0)>
57.9000 	EXP 	unnamed ShapeStim: fillColor = <psychopy.colors.Color: (1.0, 0.58, -0.87, 1.0)>
58.5067 	DATA 	Keypress: f
58.5107 	EXP 	unnamed Line: foreColor = <psychopy.colors.Color: black, alpha=1.0>
58.5107 	EXP 	unnamed Line: borderColor = <psychopy.colors.Color: black, alpha=1.0>
58.5107 	EXP 	unnamed Line: fillColor = <psychopy.colors.Color: black, alpha=1.0>
58.5107 	EXP 	unnamed ShapeStim: foreColor = <psychopy.colors.Color: black, alpha=1.0>
58.5107 	EXP 	unnamed ShapeStim: borderColor = <psychopy.colors.Color: black, alpha=1.0>
58.5107 	EXP 	unnamed ShapeStim: fillColor = <psychopy.colors.Color: black, alpha=1.0>
58.5107 	EXP 	unnamed Line: foreColor = <psychopy.colors.Color: (1.0, 0.58, -0.87, 1.0)>
58.5107 	EXP 	unnamed Line: borderColor = <psychopy.colors.Color: (1.0, 0.58, -0.87, 1.0)>
58.5107 	EXP 	unnamed Line: fillColor = <psychopy.colors.Color: (1.0, 0.58, -0.87, 1.0)>
58.5107 	EXP 	unnamed ShapeStim: foreColor = <psychopy.colors.Color: (1.0, 0.58, -0.87, 1.0)>
58.5107 	EXP 	unnamed ShapeStim: borderColor = <psychopy.colors.Color: (1.0, 0.58, -0.87, 1.0)>
58.5107 	EXP 	unnamed ShapeStim: fillColor = <psychopy.colors.Color: (1.0, 0.58, -0.87, 1.0)>
58.9547 	DATA 	Keypress: f
58.9596 	EXP 	unnamed Line: foreColor = <psychopy.colors.Color: black, alpha=1.0>
58.9596 	EXP 	unnamed Line: borderColor = <psychopy.colors.Color: black, alpha=1.0>
58.9596 	EXP 	unnamed Line: fillColor = <psychopy.colors.Color: black, alpha=1.0>
58.9596 	EXP 	unnamed ShapeStim: foreColor = <psychopy.colors.Color: black, alpha=1.0>
58.9596 	EXP 	unnamed ShapeStim: borderColor = <psychopy.colors.Color: black, alpha=1.0>
58.9596 	EXP 	unnamed ShapeStim: fillColor = <psychopy.colors.Color: black, alpha=1.0>
58.9596 	EXP 	unnamed Line: foreColor = <psychopy.colors.Color: (1.0, 0.58, -0.87, 1.0)>
58.9596 	EXP 	unnamed Line: borderColor = <psychopy.colors.Color: (1.0, 0.58, -0.87, 1.0)>
58.9596 	EXP 	unnamed Line: fillColor = <psychopy.colors.Color: (1.0, 0.58, -0.87, 1.0)>
58.9596 	EXP 	unnamed ShapeStim: foreColor = <psychopy.colors.Color: (1.0, 0.58, -0.87, 1.0)>
58.9596 	EXP 	unnamed ShapeStim: borderColor = <psychopy.colors.Color: (1.0, 0.58, -0.87, 1.0)>
58.9596 	EXP 	unnamed ShapeStim: fillColor = <psychopy.colors.Color: (1.0, 0.58, -0.87, 1.0)>
59.5701 	DATA 	Keypress: j
59.5732 	EXP 	node2: fillColor = '#126DEF'
59.5732 	EXP 	node9: fillColor = 'white'
60.2733 	EXP 	window1: mouseVisible = True
60.2747 	EXP 	Created unnamed TextStim = TextStim(__class__=<class 'psychopy.visual.text.TextStim'>, alignHoriz=method-wrapper(...), alignText='center', alignVert=method-wrapper(...), anchorHoriz='center', anchorVert='center', antialias=True, autoDraw=False, autoLog=True, bold=True, color=array([0.68627451, 0.68627451, 0.68627451]), colorSpace='rgb', contrast=1.0, depth=0, draggable=False, flipHoriz=False, flipVert=False, font='', fontFiles=[], height=0.04, italic=False, languageStyle='LTR', name='unnamed TextStim', opacity=1.0, ori=0.0, pos=array([-0.2583712 ,  0.20539525]), rgb=UNKNOWN, text='+0', units='height', win=Window(...), wrapWidth=1)
60.2787 	EXP 	node2: fillColor = 'white'
60.2787 	EXP 	unnamed ImageStim: autoDraw = True
61.2878 	EXP 	unnamed ImageStim: autoDraw = False
61.2878 	EXP 	unnamed Rect: autoDraw = False
61.2878 	EXP 	unnamed Rect: autoDraw = True
61.4516 	EXP 	unnamed Rect: autoDraw = False
61.4516 	EXP 	node0: autoDraw = False
61.4516 	EXP 	unnamed ImageStim: autoDraw = False
61.4516 	EXP 	node1: autoDraw = False
61.4516 	EXP 	node2: autoDraw = False
61.4516 	EXP 	unnamed ImageStim: autoDraw = False
61.4516 	EXP 	node3: autoDraw = False
61.4516 	EXP 	node4: autoDraw = False
61.4516 	EXP 	node5: autoDraw = False
61.4516 	EXP 	node6: autoDraw = False
61.4516 	EXP 	node7: autoDraw = False
61.4516 	EXP 	node8: autoDraw = False
61.4516 	EXP 	node9: autoDraw = False
61.4516 	EXP 	node10: autoDraw = False
61.4516 	EXP 	unnamed Line: autoDraw = False
61.4516 	EXP 	unnamed ShapeStim: autoDraw = False
61.4516 	EXP 	unnamed Line: autoDraw = False
61.4516 	EXP 	unnamed ShapeStim: autoDraw = False
61.4516 	EXP 	unnamed Rect: autoDraw = False
61.4610 	INFO 	Mouse: using default window
61.4610 	EXP 	window1: mouseVisible = True
61.4611 	EXP 	window1: mouseVisible = True
61.4654 	EXP 	Created unnamed TextStim = TextStim(__class__=<class 'psychopy.visual.text.TextStim'>, alignHoriz=method-wrapper(...), alignText='center', alignVert=method-wrapper(...), anchorHoriz='center', anchorVert='center', antialias=True, autoDraw=False, autoLog=True, bold=False, color=array([1, 1, 1]), colorSpace='rgb', contrast=1.0, depth=0, draggable=False, flipHoriz=False, flipVert=False, font='', fontFiles=[], height=0.035, italic=False, languageStyle='LTR', name='unnamed TextStim', opacity=1.0, ori=0.0, pos=array([0., 0.]), rgb=UNKNOWN, text='press Space to start', units='height', win=Window(...), wrapWidth=1)
61.6350 	DATA 	Keypress: space
61.6355 	EXP 	window1: mouseVisible = True
61.6359 	EXP 	Created unnamed Rect = Rect(__class__=<class 'psychopy.visual.rect.Rect'>, anchor=('center', 'center'), autoDraw=False, autoLog=True, closeShape=True, color=method-wrapper(...), colorSpace='rgb', contrast=None, depth=0, draggable=False, fillColor=array([0.00392157, 0.00392157, 0.00392157]), fillColorSpace='rgb', fillRGB=array([0.00392157, 0.00392157, 0.00392157]), interpolate=True, lineColor=array([0, 0, 0]), lineColorSpace='rgb', lineRGB=array([0, 0, 0]), lineWidth=0, name='unnamed Rect', opacity=0.5, ori=0.0, pos=array([-0.65,  0.45]), size=array([0.1, 0.1]), units='height', vertices=ndarray(...), win=Window(...))
61.6370 	EXP 	window1: mouseVisible = True
61.6389 	EXP 	Created node0 = Circle(__class__=<class 'psychopy.visual.circle.Circle'>, anchor=('center', 'center'), autoDraw=False, autoLog=True, closeShape=True, color=method-wrapper(...), colorSpace='rgb', contrast=None, depth=0, draggable=False, fillColor=array([1, 1, 1]), fillColorSpace='rgb', fillRGB=array([1, 1, 1]), interpolate=True, lineColor=array([-1, -1, -1]), lineColorSpace='rgb', lineRGB=array([-1, -1, -1]), lineWidth=2, name='node0', opacity=1.0, ori=0.0, pos=array([0.  , 0.35]), size=array([1., 1.]), units='height', vertices=ndarray(...), win=Window(...))
61.6390 	EXP 	window1: mouseVisible = True
61.6560 	EXP 	Created unnamed ImageStim = ImageStim(__class__=<class 'psychopy.visual.image.ImageStim'>, anchor=('center', 'center'), autoLog=True, color=array([1., 1., 1.]), colorSpace='rgb', contrast=1.0, depth=0, draggable=False, flipHoriz=False, flipVert=False, image='images/pattern_6.png', interpolate=False, mask=None, maskParams=None, name='unnamed ImageStim', opacity=1.0, ori=0.0, pos=array([0.  , 0.35]), size=array([0.12, 0.12]), texRes=128, units='height', win=Window(...))
61.6571 	EXP 	window1: mouseVisible = True
61.6590 	EXP 	Created node1 = Circle(__class__=<class 'psychopy.visual.circle.Circle'>, anchor=('center', 'center'), autoDraw=False, autoLog=True, closeShape=True, color=method-wrapper(...), colorSpace='rgb', contrast=None, depth=0, draggable=False, fillColor=array([1, 1, 1]), fillColorSpace='rgb', fillRGB=array([1, 1, 1]), interpolate=True, lineColor=array([-1, -1, -1]), lineColorSpace='rgb', lineRGB=array([-1, -1, -1]), lineWidth=2, name='node1', opacity=1.0, ori=0.0, pos=array([-0.18922429,  0.29443874]), size=array([1., 1.]), units='height', vertices=ndarray(...), win=Window(...))
61.6600 	EXP 	window1: mouseVisible = True
61.6618 	EXP 	Created node2 = Circle(__class__=<class 'psychopy.visual.circle.Circle'>, anchor=('center', 'center'), autoDraw=False, autoLog=True, closeShape=True, color=method-wrapper(...), colorSpace='rgb', contrast=None, depth=0, draggable=False, fillColor=array([1, 1, 1]), fillColorSpace='rgb', fillRGB=array([1, 1, 1]), interpolate=True, lineColor=array([-1, -1, -1]), lineColorSpace='rgb', lineRGB=array([-1, -1, -1]), lineWidth=2, name='node2', opacity=1.0, ori=0.0, pos=array([-0.3183712 ,  0.14539525]), size=array([1., 1.]), units='height', vertices=ndarray(...), win=Window(...))
61.6628 	EXP 	window1: mouseVisible = True
61.6648 	EXP 	Created node3 = Circle(__class__=<class 'psychopy.visual.circle.Circle'>, anchor=('center', 'center'), autoDraw=False, autoLog=True, closeShape=True, color=method-wrapper(...), colorSpace='rgb', contrast=None, depth=0, draggable=False, fillColor=array([1, 1, 1]), fillColorSpace='rgb', fillRGB=array([1, 1, 1]), interpolate=True, lineColor=array([-1, -1, -1]), lineColorSpace='rgb', lineRGB=array([-1, -1, -1]), lineWidth=2, name='node3', opacity=1.0, ori=0.0, pos=array([-0.3464375 , -0.04981019]), size=array([1., 1.]), units='height', vertices=ndarray(...), win=Window(...))
61.6658 	EXP 	window1: mouseVisible = True
61.6676 	EXP 	Created node4 = Circle(__class__=<class 'psychopy.visual.circle.Circle'>, anchor=('center', 'center'), autoDraw=False, autoLog=True, closeShape=True, color=method-wrapper(...), colorSpace='rgb', contrast=None, depth=0, draggable=False, fillColor=array([1, 1, 1]), fillColorSpace='rgb', fillRGB=array([1, 1, 1]), interpolate=True, lineColor=array([-1, -1, -1]), lineColorSpace='rgb', lineRGB=array([-1, -1, -1]), lineWidth=2, name='node4', opacity=1.0, ori=0.0, pos=array([-0.26451235, -0.22920126]), size=array([1., 1.]), units='height', vertices=ndarray(...), win=Window(...))
61.6686 	EXP 	window1: mouseVisible = True
61.6705 	EXP 	Created node5 = Circle(__class__=<class 'psychopy.visual.circle.Circle'>, anchor=('center', 'center'), autoDraw=False, autoLog=True, closeShape=True, color=method-wrapper(...), colorSpace='rgb', contrast=None, depth=0, draggable=False, fillColor=array([1, 1, 1]), fillColorSpace='rgb', fillRGB=array([1, 1, 1]), interpolate=True, lineColor=array([-1, -1, -1]), lineColorSpace='rgb', lineRGB=array([-1, -1, -1]), lineWidth=2, name='node5', opacity=1.0, ori=0.0, pos=array([-0.09860639, -0.33582254]), size=array([1., 1.]), units='height', vertices=ndarray(...), win=Window(...))
61.6705 	EXP 	window1: mouseVisible = True
61.6871 	EXP 	Created unnamed ImageStim = ImageStim(__class__=<class 'psychopy.visual.image.ImageStim'>, anchor=('center', 'center'), autoLog=True, color=array([1., 1., 1.]), colorSpace='rgb', contrast=1.0, depth=0, draggable=False, flipHoriz=False, flipVert=False, image='images/pattern_1.png', interpolate=False, mask=None, maskParams=None, name='unnamed ImageStim', opacity=1.0, ori=0.0, pos=array([-0.09860639, -0.33582254]), size=array([0.12, 0.12]), texRes=128, units='height', win=Window(...))
61.6881 	EXP 	window1: mouseVisible = True
61.6900 	EXP 	Created node6 = Circle(__class__=<class 'psychopy.visual.circle.Circle'>, anchor=('center', 'center'), autoDraw=False, autoLog=True, closeShape=True, color=method-wrapper(...), colorSpace='rgb', contrast=None, depth=0, draggable=False, fillColor=array([1, 1, 1]), fillColorSpace='rgb', fillRGB=array([1, 1, 1]), interpolate=True, lineColor=array([-1, -1, -1]), lineColorSpace='rgb', lineRGB=array([-1, -1, -1]), lineWidth=2, name='node6', opacity=1.0, ori=0.0, pos=array([ 0.09860639, -0.33582254]), size=array([1., 1.]), units='height', vertices=ndarray(...), win=Window(...))
61.6910 	EXP 	window1: mouseVisible = True
61.6928 	EXP 	Created node7 = Circle(__class__=<class 'psychopy.visual.circle.Circle'>, anchor=('center', 'center'), autoDraw=False, autoLog=True, closeShape=True, color=method-wrapper(...), colorSpace='rgb', contrast=None, depth=0, draggable=False, fillColor=array([1, 1, 1]), fillColorSpace='rgb', fillRGB=array([1, 1, 1]), interpolate=True, lineColor=array([-1, -1, -1]), lineColorSpace='rgb', lineRGB=array([-1, -1, -1]), lineWidth=2, name='node7', opacity=1.0, ori=0.0, pos=array([ 0.26451235, -0.22920126]), size=array([1., 1.]), units='height', vertices=ndarray(...), win=Window(...))
61.6938 	EXP 	window1: mouseVisible = True
61.6957 	EXP 	Created node8 = Circle(__class__=<class 'psychopy.visual.circle.Circle'>, anchor=('center', 'center'), autoDraw=False, autoLog=True, closeShape=True, color=method-wrapper(...), colorSpace='rgb', contrast=None, depth=0, draggable=False, fillColor=array([1, 1, 1]), fillColorSpace='rgb', fillRGB=array([1, 1, 1]), interpolate=True, lineColor=array([-1, -1, -1]), lineColorSpace='rgb', lineRGB=array([-1, -1, -1]), lineWidth=2, name='node8', opacity=1.0, ori=0.0, pos=array([ 0.3464375 , -0.04981019]), size=array([1., 1.]), units='height', vertices=ndarray(...), win=Window(...))
61.6967 	EXP 	window1: mouseVisible = True
61.6985 	EXP 	Created node9 = Circle(__class__=<class 'psychopy.visual.circle.Circle'>, anchor=('center', 'center'), autoDraw=False, autoLog=True, closeShape=True, color=method-wrapper(...), colorSpace='rgb', contrast=None, depth=0, draggable=False, fillColor=array([1, 1, 1]), fillColorSpace='rgb', fillRGB=array([1, 1, 1]), interpolate=True, lineColor=array([-1, -1, -1]), lineColorSpace='rgb', lineRGB=array([-1, -1, -1]), lineWidth=2, name='node9', opacity=1.0, ori=0.0, pos=array([0.3183712 , 0.14539525]), size=array([1., 1.]), units='height', vertices=ndarray(...), win=Window(...))
61.6995 	EXP 	window1: mouseVisible = True
61.7014 	EXP 	Created node10 = Circle(__class__=<class 'psychopy.visual.circle.Circle'>, anchor=('center', 'center'), autoDraw=False, autoLog=True, closeShape=True, color=method-wrapper(...), colorSpace='rgb', contrast=None, depth=0, draggable=False, fillColor=array([1, 1, 1]), fillColorSpace='rgb', fillRGB=array([1, 1, 1]), interpolate=True, lineColor=array([-1, -1, -1]), lineColorSpace='rgb', lineRGB=array([-1, -1, -1]), lineWidth=2, name='node10', opacity=1.0, ori=0.0, pos=array([0.18922429, 0.29443874]), size=array([1., 1.]), units='height', vertices=ndarray(...), win=Window(...))
61.7015 	EXP 	window1: mouseVisible = True
61.7019 	EXP 	Created unnamed Line = Line(__class__=<class 'psychopy.visual.line.Line'>, anchor=('center', 'center'), autoDraw=False, autoLog=True, closeShape=False, color=array([-1, -1, -1]), colorSpace='rgb', contrast=None, depth=2, draggable=False, fillColor=array([0, 0, 0]), fillColorSpace='rgb', fillRGB=array([0, 0, 0]), interpolate=True, lineColor=array([-1, -1, -1]), lineColorSpace='rgb', lineRGB=array([-1, -1, -1]), lineWidth=4, name='unnamed Line', opacity=0.5, ori=0.0, pos=array([0., 0.]), size=array([1., 1.]), units='height', vertices=ndarray(...), win=Window(...), windingRule=None)
61.7019 	EXP 	window1: mouseVisible = True
61.7023 	EXP 	Created unnamed ShapeStim = ShapeStim(__class__=<class 'psychopy.visual.shape.ShapeStim'>, anchor=('center', 'center'), autoDraw=False, autoLog=True, closeShape=True, color=method-wrapper(...), colorSpace='rgb', contrast=None, depth=0, draggable=False, fillColor=array([-1, -1, -1]), fillColorSpace='rgb', fillRGB=array([-1, -1, -1]), interpolate=True, lineColor=array([-1, -1, -1]), lineColorSpace='rgb', lineRGB=array([-1, -1, -1]), lineWidth=1.5, name='unnamed ShapeStim', opacity=1.0, ori=40.909090909090914, pos=array([-0.03274304,  0.31221252]), size=array([1., 1.]), units='height', vertices=ndarray(...), win=Window(...), windingRule=None)
61.7023 	EXP 	window1: mouseVisible = True
61.7027 	EXP 	Created unnamed Line = Line(__class__=<class 'psychopy.visual.line.Line'>, anchor=('center', 'center'), autoDraw=False, autoLog=True, closeShape=False, color=array([-1, -1, -1]), colorSpace='rgb', contrast=None, depth=2, draggable=False, fillColor=array([0, 0, 0]), fillColorSpace='rgb', fillRGB=array([0, 0, 0]), interpolate=True, lineColor=array([-1, -1, -1]), lineColorSpace='rgb', lineRGB=array([-1, -1, -1]), lineWidth=4, name='unnamed Line', opacity=0.5, ori=0.0, pos=array([0., 0.]), size=array([1., 1.]), units='height', vertices=ndarray(...), win=Window(...), windingRule=None)
61.7028 	EXP 	window1: mouseVisible = True
61.7031 	EXP 	Created unnamed ShapeStim = ShapeStim(__class__=<class 'psychopy.visual.shape.ShapeStim'>, anchor=('center', 'center'), autoDraw=False, autoLog=True, closeShape=True, color=method-wrapper(...), colorSpace='rgb', contrast=None, depth=0, draggable=False, fillColor=array([-1, -1, -1]), fillColorSpace='rgb', fillRGB=array([-1, -1, -1]), interpolate=True, lineColor=array([-1, -1, -1]), lineColorSpace='rgb', lineRGB=array([-1, -1, -1]), lineWidth=1.5, name='unnamed ShapeStim', opacity=1.0, ori=139.0909090909091, pos=array([-0.13134943, -0.29803506]), size=array([1., 1.]), units='height', vertices=ndarray(...), win=Window(...), windingRule=None)
61.7032 	EXP 	window1: mouseVisible = True
61.7035 	EXP 	Created unnamed Rect = Rect(__class__=<class 'psychopy.visual.rect.Rect'>, anchor=('center', 'center'), autoDraw=False, autoLog=True, closeShape=True, color=method-wrapper(...), colorSpace='rgb', contrast=None, depth=0, draggable=False, fillColor=array([0.00392157, 0.00392157, 0.00392157]), fillColorSpace='rgb', fillRGB=array([0.00392157, 0.00392157, 0.00392157]), interpolate=True, lineColor=array([0, 0, 0]), lineColorSpace='rgb', lineRGB=array([0, 0, 0]), lineWidth=0, name='unnamed Rect', opacity=0.0, ori=0.0, pos=array([0.1, 0. ]), size=array([1.1, 1. ]), units='height', vertices=ndarray(...), win=Window(...))
61.7076 	EXP 	unnamed Rect: autoDraw = True
61.7076 	EXP 	node0: autoDraw = True
61.7076 	EXP 	unnamed ImageStim: autoDraw = True
61.7076 	EXP 	node1: autoDraw = True
61.7076 	EXP 	node2: autoDraw = True
61.7076 	EXP 	node3: autoDraw = True
61.7076 	EXP 	node4: autoDraw = True
61.7076 	EXP 	node5: autoDraw = True
61.7076 	EXP 	unnamed ImageStim: autoDraw = True
61.7076 	EXP 	node6: autoDraw = True
61.7076 	EXP 	node7: autoDraw = True
61.7076 	EXP 	node8: autoDraw = True
61.7076 	EXP 	node9: autoDraw = True
61.7076 	EXP 	node10: autoDraw = True
61.7076 	EXP 	unnamed Line: autoDraw = True
61.7076 	EXP 	unnamed Line: autoDraw = True
61.7076 	EXP 	unnamed ShapeStim: autoDraw = True
61.7076 	EXP 	unnamed Line: autoDraw = True
61.7076 	EXP 	unnamed Line: autoDraw = True
61.7076 	EXP 	unnamed ShapeStim: autoDraw = True
61.7076 	EXP 	unnamed Rect: autoDraw = True
61.7076 	EXP 	node3: fillColor = '#126DEF'
61.7168 	EXP 	node3: fillColor = '#126DEF'
61.7168 	EXP 	unnamed Line: autoDraw = False
61.7168 	EXP 	unnamed ShapeStim: autoDraw = False
61.7168 	EXP 	unnamed Line: autoDraw = True
61.7168 	EXP 	unnamed ShapeStim: autoDraw = True
61.7168 	EXP 	unnamed Line: autoDraw = False
61.7168 	EXP 	unnamed ShapeStim: autoDraw = False
61.7168 	EXP 	unnamed Line: autoDraw = True
61.7168 	EXP 	unnamed ShapeStim: autoDraw = True
61.7168 	EXP 	unnamed Line: foreColor = <psychopy.colors.Color: (1.0, 0.58, -0.87, 1.0)>
61.7168 	EXP 	unnamed Line: borderColor = <psychopy.colors.Color: (1.0, 0.58, -0.87, 1.0)>
61.7168 	EXP 	unnamed Line: fillColor = <psychopy.colors.Color: (1.0, 0.58, -0.87, 1.0)>
61.7168 	EXP 	unnamed ShapeStim: foreColor = <psychopy.colors.Color: (1.0, 0.58, -0.87, 1.0)>
61.7168 	EXP 	unnamed ShapeStim: borderColor = <psychopy.colors.Color: (1.0, 0.58, -0.87, 1.0)>
61.7168 	EXP 	unnamed ShapeStim: fillColor = <psychopy.colors.Color: (1.0, 0.58, -0.87, 1.0)>
62.5549 	DATA 	Keypress: f
62.5589 	EXP 	unnamed Line: foreColor = <psychopy.colors.Color: black, alpha=1.0>
62.5589 	EXP 	unnamed Line: borderColor = <psychopy.colors.Color: black, alpha=1.0>
62.5589 	EXP 	unnamed Line: fillColor = <psychopy.colors.Color: black, alpha=1.0>
62.5589 	EXP 	unnamed ShapeStim: foreColor = <psychopy.colors.Color: black, alpha=1.0>
62.5589 	EXP 	unnamed ShapeStim: borderColor = <psychopy.colors.Color: black, alpha=1.0>
62.5589 	EXP 	unnamed ShapeStim: fillColor = <psychopy.colors.Color: black, alpha=1.0>
62.5589 	EXP 	unnamed Line: foreColor = <psychopy.colors.Color: (1.0, 0.58, -0.87, 1.0)>
62.5589 	EXP 	unnamed Line: borderColor = <psychopy.colors.Color: (1.0, 0.58, -0.87, 1.0)>
62.5589 	EXP 	unnamed Line: fillColor = <psychopy.colors.Color: (1.0, 0.58, -0.87, 1.0)>
62.5589 	EXP 	unnamed ShapeStim: foreColor = <psychopy.colors.Color: (1.0, 0.58, -0.87, 1.0)>
62.5589 	EXP 	unnamed ShapeStim: borderColor = <psychopy.colors.Color: (1.0, 0.58, -0.87, 1.0)>
62.5589 	EXP 	unnamed ShapeStim: fillColor = <psychopy.colors.Color: (1.0, 0.58, -0.87, 1.0)>
63.0026 	DATA 	Keypress: f
63.0076 	EXP 	unnamed Line: foreColor = <psychopy.colors.Color: black, alpha=1.0>
63.0076 	EXP 	unnamed Line: borderColor = <psychopy.colors.Color: black, alpha=1.0>
63.0076 	EXP 	unnamed Line: fillColor = <psychopy.colors.Color: black, alpha=1.0>
63.0076 	EXP 	unnamed ShapeStim: foreColor = <psychopy.colors.Color: black, alpha=1.0>
63.0076 	EXP 	unnamed ShapeStim: borderColor = <psychopy.colors.Color: black, alpha=1.0>
63.0076 	EXP 	unnamed ShapeStim: fillColor = <psychopy.colors.Color: black, alpha=1.0>
63.0076 	EXP 	unnamed Line: foreColor = <psychopy.colors.Color: (1.0, 0.58, -0.87, 1.0)>
63.0076 	EXP 	unnamed Line: borderColor = <psychopy.colors.Color: (1.0, 0.58, -0.87, 1.0)>
63.0076 	EXP 	unnamed Line: fillColor = <psychopy.colors.Color: (1.0, 0.58, -0.87, 1.0)>
63.0076 	EXP 	unnamed ShapeStim: foreColor = <psychopy.colors.Color: (1.0, 0.58, -0.87, 1.0)>
63.0076 	EXP 	unnamed ShapeStim: borderColor = <psychopy.colors.Color: (1.0, 0.58, -0.87, 1.0)>
63.0076 	EXP 	unnamed ShapeStim: fillColor = <psychopy.colors.Color: (1.0, 0.58, -0.87, 1.0)>
63.6187 	DATA 	Keypress: f
63.6224 	EXP 	unnamed Line: foreColor = <psychopy.colors.Color: black, alpha=1.0>
63.6224 	EXP 	unnamed Line: borderColor = <psychopy.colors.Color: black, alpha=1.0>
63.6224 	EXP 	unnamed Line: fillColor = <psychopy.colors.Color: black, alpha=1.0>
63.6224 	EXP 	unnamed ShapeStim: foreColor = <psychopy.colors.Color: black, alpha=1.0>
63.6224 	EXP 	unnamed ShapeStim: borderColor = <psychopy.colors.Color: black, alpha=1.0>
63.6224 	EXP 	unnamed ShapeStim: fillColor = <psychopy.colors.Color: black, alpha=1.0>
63.6224 	EXP 	unnamed Line: foreColor = <psychopy.colors.Color: (1.0, 0.58, -0.87, 1.0)>
63.6224 	EXP 	unnamed Line: borderColor = <psychopy.colors.Color: (1.0, 0.58, -0.87, 1.0)>
63.6224 	EXP 	unnamed Line: fillColor = <psychopy.colors.Color: (1.0, 0.58, -0.87, 1.0)>
63.6224 	EXP 	unnamed ShapeStim: foreColor = <psychopy.colors.Color: (1.0, 0.58, -0.87, 1.0)>
63.6224 	EXP 	unnamed ShapeStim: borderColor = <psychopy.colors.Color: (1.0, 0.58, -0.87, 1.0)>
63.6224 	EXP 	unnamed ShapeStim: fillColor = <psychopy.colors.Color: (1.0, 0.58, -0.87, 1.0)>
63.8984 	DATA 	Keypress: j
63.9014 	EXP 	node0: fillColor = '#126DEF'
63.9014 	EXP 	node3: fillColor = 'white'
64.6015 	EXP 	window1: mouseVisible = True
64.6030 	EXP 	Created unnamed TextStim = TextStim(__class__=<class 'psychopy.visual.text.TextStim'>, alignHoriz=method-wrapper(...), alignText='center', alignVert=method-wrapper(...), anchorHoriz='center', anchorVert='center', antialias=True, autoDraw=False, autoLog=True, bold=True, color=array([-0.88235294, -0.12156863, -0.97647059]), colorSpace='rgb', contrast=1.0, depth=0, draggable=False, flipHoriz=False, flipVert=False, font='', fontFiles=[], height=0.04, italic=False, languageStyle='LTR', name='unnamed TextStim', opacity=1.0, ori=0.0, pos=array([0.06, 0.41]), rgb=UNKNOWN, text='+1', units='height', win=Window(...), wrapWidth=1)
64.6062 	EXP 	node0: fillColor = 'white'
64.6062 	EXP 	unnamed ImageStim: autoDraw = True
65.6137 	EXP 	unnamed ImageStim: autoDraw = False
65.6137 	EXP 	unnamed Rect: autoDraw = False
65.6137 	EXP 	unnamed Rect: autoDraw = True
65.7542 	EXP 	unnamed Rect: autoDraw = False
65.7542 	EXP 	node0: autoDraw = False
65.7542 	EXP 	unnamed ImageStim: autoDraw = False
65.7542 	EXP 	node1: autoDraw = False
65.7542 	EXP 	node2: autoDraw = False
65.7542 	EXP 	node3: autoDraw = False
65.7542 	EXP 	node4: autoDraw = False
65.7542 	EXP 	node5: autoDraw = False
65.7542 	EXP 	unnamed ImageStim: autoDraw = False
65.7542 	EXP 	node6: autoDraw = False
65.7542 	EXP 	node7: autoDraw = False
65.7542 	EXP 	node8: autoDraw = False
65.7542 	EXP 	node9: autoDraw = False
65.7542 	EXP 	node10: autoDraw = False
65.7542 	EXP 	unnamed Line: autoDraw = False
65.7542 	EXP 	unnamed ShapeStim: autoDraw = False
65.7542 	EXP 	unnamed Line: autoDraw = False
65.7542 	EXP 	unnamed ShapeStim: autoDraw = False
65.7542 	EXP 	unnamed Rect: autoDraw = False
65.7680 	INFO 	Mouse: using default window
65.7680 	EXP 	window1: mouseVisible = True
65.7681 	EXP 	window1: mouseVisible = True
65.7721 	EXP 	Created unnamed TextStim = TextStim(__class__=<class 'psychopy.visual.text.TextStim'>, alignHoriz=method-wrapper(...), alignText='center', alignVert=method-wrapper(...), anchorHoriz='center', anchorVert='center', antialias=True, autoDraw=False, autoLog=True, bold=False, color=array([1, 1, 1]), colorSpace='rgb', contrast=1.0, depth=0, draggable=False, flipHoriz=False, flipVert=False, font='', fontFiles=[], height=0.035, italic=False, languageStyle='LTR', name='unnamed TextStim', opacity=1.0, ori=0.0, pos=array([0., 0.]), rgb=UNKNOWN, text='press Space to start', units='height', win=Window(...), wrapWidth=1)
66.2270 	DATA 	Keypress: space
66.2275 	EXP 	window1: mouseVisible = True
66.2280 	EXP 	Created unnamed Rect = Rect(__class__=<class 'psychopy.visual.rect.Rect'>, anchor=('center', 'center'), autoDraw=False, autoLog=True, closeShape=True, color=method-wrapper(...), colorSpace='rgb', contrast=None, depth=0, draggable=False, fillColor=array([0.00392157, 0.00392157, 0.00392157]), fillColorSpace='rgb', fillRGB=array([0.00392157, 0.00392157, 0.00392157]), interpolate=True, lineColor=array([0, 0, 0]), lineColorSpace='rgb', lineRGB=array([0, 0, 0]), lineWidth=0, name='unnamed Rect', opacity=0.5, ori=0.0, pos=array([-0.65,  0.45]), size=array([0.1, 0.1]), units='height', vertices=ndarray(...), win=Window(...))
66.2290 	EXP 	window1: mouseVisible = True
66.2310 	EXP 	Created node0 = Circle(__class__=<class 'psychopy.visual.circle.Circle'>, anchor=('center', 'center'), autoDraw=False, autoLog=True, closeShape=True, color=method-wrapper(...), colorSpace='rgb', contrast=None, depth=0, draggable=False, fillColor=array([1, 1, 1]), fillColorSpace='rgb', fillRGB=array([1, 1, 1]), interpolate=True, lineColor=array([-1, -1, -1]), lineColorSpace='rgb', lineRGB=array([-1, -1, -1]), lineWidth=2, name='node0', opacity=1.0, ori=0.0, pos=array([0.  , 0.35]), size=array([1., 1.]), units='height', vertices=ndarray(...), win=Window(...))
66.2320 	EXP 	window1: mouseVisible = True
66.2339 	EXP 	Created node1 = Circle(__class__=<class 'psychopy.visual.circle.Circle'>, anchor=('center', 'center'), autoDraw=False, autoLog=True, closeShape=True, color=method-wrapper(...), colorSpace='rgb', contrast=None, depth=0, draggable=False, fillColor=array([1, 1, 1]), fillColorSpace='rgb', fillRGB=array([1, 1, 1]), interpolate=True, lineColor=array([-1, -1, -1]), lineColorSpace='rgb', lineRGB=array([-1, -1, -1]), lineWidth=2, name='node1', opacity=1.0, ori=0.0, pos=array([-0.18922429,  0.29443874]), size=array([1., 1.]), units='height', vertices=ndarray(...), win=Window(...))
66.2349 	EXP 	window1: mouseVisible = True
66.2367 	EXP 	Created node2 = Circle(__class__=<class 'psychopy.visual.circle.Circle'>, anchor=('center', 'center'), autoDraw=False, autoLog=True, closeShape=True, color=method-wrapper(...), colorSpace='rgb', contrast=None, depth=0, draggable=False, fillColor=array([1, 1, 1]), fillColorSpace='rgb', fillRGB=array([1, 1, 1]), interpolate=True, lineColor=array([-1, -1, -1]), lineColorSpace='rgb', lineRGB=array([-1, -1, -1]), lineWidth=2, name='node2', opacity=1.0, ori=0.0, pos=array([-0.3183712 ,  0.14539525]), size=array([1., 1.]), units='height', vertices=ndarray(...), win=Window(...))
66.2368 	EXP 	window1: mouseVisible = True
66.2538 	EXP 	Created unnamed ImageStim = ImageStim(__class__=<class 'psychopy.visual.image.ImageStim'>, anchor=('center', 'center'), autoLog=True, color=array([1., 1., 1.]), colorSpace='rgb', contrast=1.0, depth=0, draggable=False, flipHoriz=False, flipVert=False, image='images/pattern_2.png', interpolate=False, mask=None, maskParams=None, name='unnamed ImageStim', opacity=1.0, ori=0.0, pos=array([-0.3183712 ,  0.14539525]), size=array([0.12, 0.12]), texRes=128, units='height', win=Window(...))
66.2548 	EXP 	window1: mouseVisible = True
66.2568 	EXP 	Created node3 = Circle(__class__=<class 'psychopy.visual.circle.Circle'>, anchor=('center', 'center'), autoDraw=False, autoLog=True, closeShape=True, color=method-wrapper(...), colorSpace='rgb', contrast=None, depth=0, draggable=False, fillColor=array([1, 1, 1]), fillColorSpace='rgb', fillRGB=array([1, 1, 1]), interpolate=True, lineColor=array([-1, -1, -1]), lineColorSpace='rgb', lineRGB=array([-1, -1, -1]), lineWidth=2, name='node3', opacity=1.0, ori=0.0, pos=array([-0.3464375 , -0.04981019]), size=array([1., 1.]), units='height', vertices=ndarray(...), win=Window(...))
66.2578 	EXP 	window1: mouseVisible = True
66.2597 	EXP 	Created node4 = Circle(__class__=<class 'psychopy.visual.circle.Circle'>, anchor=('center', 'center'), autoDraw=False, autoLog=True, closeShape=True, color=method-wrapper(...), colorSpace='rgb', contrast=None, depth=0, draggable=False, fillColor=array([1, 1, 1]), fillColorSpace='rgb', fillRGB=array([1, 1, 1]), interpolate=True, lineColor=array([-1, -1, -1]), lineColorSpace='rgb', lineRGB=array([-1, -1, -1]), lineWidth=2, name='node4', opacity=1.0, ori=0.0, pos=array([-0.26451235, -0.22920126]), size=array([1., 1.]), units='height', vertices=ndarray(...), win=Window(...))
66.2607 	EXP 	window1: mouseVisible = True
66.2625 	EXP 	Created node5 = Circle(__class__=<class 'psychopy.visual.circle.Circle'>, anchor=('center', 'center'), autoDraw=False, autoLog=True, closeShape=True, color=method-wrapper(...), colorSpace='rgb', contrast=None, depth=0, draggable=False, fillColor=array([1, 1, 1]), fillColorSpace='rgb', fillRGB=array([1, 1, 1]), interpolate=True, lineColor=array([-1, -1, -1]), lineColorSpace='rgb', lineRGB=array([-1, -1, -1]), lineWidth=2, name='node5', opacity=1.0, ori=0.0, pos=array([-0.09860639, -0.33582254]), size=array([1., 1.]), units='height', vertices=ndarray(...), win=Window(...))
66.2635 	EXP 	window1: mouseVisible = True
66.2654 	EXP 	Created node6 = Circle(__class__=<class 'psychopy.visual.circle.Circle'>, anchor=('center', 'center'), autoDraw=False, autoLog=True, closeShape=True, color=method-wrapper(...), colorSpace='rgb', contrast=None, depth=0, draggable=False, fillColor=array([1, 1, 1]), fillColorSpace='rgb', fillRGB=array([1, 1, 1]), interpolate=True, lineColor=array([-1, -1, -1]), lineColorSpace='rgb', lineRGB=array([-1, -1, -1]), lineWidth=2, name='node6', opacity=1.0, ori=0.0, pos=array([ 0.09860639, -0.33582254]), size=array([1., 1.]), units='height', vertices=ndarray(...), win=Window(...))
66.2664 	EXP 	window1: mouseVisible = True
66.2682 	EXP 	Created node7 = Circle(__class__=<class 'psychopy.visual.circle.Circle'>, anchor=('center', 'center'), autoDraw=False, autoLog=True, closeShape=True, color=method-wrapper(...), colorSpace='rgb', contrast=None, depth=0, draggable=False, fillColor=array([1, 1, 1]), fillColorSpace='rgb', fillRGB=array([1, 1, 1]), interpolate=True, lineColor=array([-1, -1, -1]), lineColorSpace='rgb', lineRGB=array([-1, -1, -1]), lineWidth=2, name='node7', opacity=1.0, ori=0.0, pos=array([ 0.26451235, -0.22920126]), size=array([1., 1.]), units='height', vertices=ndarray(...), win=Window(...))
66.2683 	EXP 	window1: mouseVisible = True
66.2855 	EXP 	Created unnamed ImageStim = ImageStim(__class__=<class 'psychopy.visual.image.ImageStim'>, anchor=('center', 'center'), autoLog=True, color=array([1., 1., 1.]), colorSpace='rgb', contrast=1.0, depth=0, draggable=False, flipHoriz=False, flipVert=False, image='images/pattern_7.png', interpolate=False, mask=None, maskParams=None, name='unnamed ImageStim', opacity=1.0, ori=0.0, pos=array([ 0.26451235, -0.22920126]), size=array([0.12, 0.12]), texRes=128, units='height', win=Window(...))
66.2865 	EXP 	window1: mouseVisible = True
66.2884 	EXP 	Created node8 = Circle(__class__=<class 'psychopy.visual.circle.Circle'>, anchor=('center', 'center'), autoDraw=False, autoLog=True, closeShape=True, color=method-wrapper(...), colorSpace='rgb', contrast=None, depth=0, draggable=False, fillColor=array([1, 1, 1]), fillColorSpace='rgb', fillRGB=array([1, 1, 1]), interpolate=True, lineColor=array([-1, -1, -1]), lineColorSpace='rgb', lineRGB=array([-1, -1, -1]), lineWidth=2, name='node8', opacity=1.0, ori=0.0, pos=array([ 0.3464375 , -0.04981019]), size=array([1., 1.]), units='height', vertices=ndarray(...), win=Window(...))
66.2894 	EXP 	window1: mouseVisible = True
66.2913 	EXP 	Created node9 = Circle(__class__=<class 'psychopy.visual.circle.Circle'>, anchor=('center', 'center'), autoDraw=False, autoLog=True, closeShape=True, color=method-wrapper(...), colorSpace='rgb', contrast=None, depth=0, draggable=False, fillColor=array([1, 1, 1]), fillColorSpace='rgb', fillRGB=array([1, 1, 1]), interpolate=True, lineColor=array([-1, -1, -1]), lineColorSpace='rgb', lineRGB=array([-1, -1, -1]), lineWidth=2, name='node9', opacity=1.0, ori=0.0, pos=array([0.3183712 , 0.14539525]), size=array([1., 1.]), units='height', vertices=ndarray(...), win=Window(...))
66.2923 	EXP 	window1: mouseVisible = True
66.2941 	EXP 	Created node10 = Circle(__class__=<class 'psychopy.visual.circle.Circle'>, anchor=('center', 'center'), autoDraw=False, autoLog=True, closeShape=True, color=method-wrapper(...), colorSpace='rgb', contrast=None, depth=0, draggable=False, fillColor=array([1, 1, 1]), fillColorSpace='rgb', fillRGB=array([1, 1, 1]), interpolate=True, lineColor=array([-1, -1, -1]), lineColorSpace='rgb', lineRGB=array([-1, -1, -1]), lineWidth=2, name='node10', opacity=1.0, ori=0.0, pos=array([0.18922429, 0.29443874]), size=array([1., 1.]), units='height', vertices=ndarray(...), win=Window(...))
66.2942 	EXP 	window1: mouseVisible = True
66.2946 	EXP 	Created unnamed Line = Line(__class__=<class 'psychopy.visual.line.Line'>, anchor=('center', 'center'), autoDraw=False, autoLog=True, closeShape=False, color=array([-1, -1, -1]), colorSpace='rgb', contrast=None, depth=2, draggable=False, fillColor=array([0, 0, 0]), fillColorSpace='rgb', fillRGB=array([0, 0, 0]), interpolate=True, lineColor=array([-1, -1, -1]), lineColorSpace='rgb', lineRGB=array([-1, -1, -1]), lineWidth=4, name='unnamed Line', opacity=0.5, ori=0.0, pos=array([0., 0.]), size=array([1., 1.]), units='height', vertices=ndarray(...), win=Window(...), windingRule=None)
66.2947 	EXP 	window1: mouseVisible = True
66.2951 	EXP 	Created unnamed ShapeStim = ShapeStim(__class__=<class 'psychopy.visual.shape.ShapeStim'>, anchor=('center', 'center'), autoDraw=False, autoLog=True, closeShape=True, color=method-wrapper(...), colorSpace='rgb', contrast=None, depth=0, draggable=False, fillColor=array([-1, -1, -1]), fillColorSpace='rgb', fillRGB=array([-1, -1, -1]), interpolate=True, lineColor=array([-1, -1, -1]), lineColorSpace='rgb', lineRGB=array([-1, -1, -1]), lineWidth=1.5, name='unnamed ShapeStim', opacity=1.0, ori=-24.54545454545456, pos=array([-0.29760045,  0.09991365]), size=array([1., 1.]), units='height', vertices=ndarray(...), win=Window(...), windingRule=None)
66.2951 	EXP 	window1: mouseVisible = True
66.2955 	EXP 	Created unnamed Line = Line(__class__=<class 'psychopy.visual.line.Line'>, anchor=('center', 'center'), autoDraw=False, autoLog=True, closeShape=False, color=array([-1, -1, -1]), colorSpace='rgb', contrast=None, depth=2, draggable=False, fillColor=array([0, 0, 0]), fillColorSpace='rgb', fillRGB=array([0, 0, 0]), interpolate=True, lineColor=array([-1, -1, -1]), lineColorSpace='rgb', lineRGB=array([-1, -1, -1]), lineWidth=4, name='unnamed Line', opacity=0.5, ori=0.0, pos=array([0., 0.]), size=array([1., 1.]), units='height', vertices=ndarray(...), win=Window(...), windingRule=None)
66.2955 	EXP 	window1: mouseVisible = True
66.2959 	EXP 	Created unnamed ShapeStim = ShapeStim(__class__=<class 'psychopy.visual.shape.ShapeStim'>, anchor=('center', 'center'), autoDraw=False, autoLog=True, closeShape=True, color=method-wrapper(...), colorSpace='rgb', contrast=None, depth=0, draggable=False, fillColor=array([-1, -1, -1]), fillColorSpace='rgb', fillRGB=array([-1, -1, -1]), interpolate=True, lineColor=array([-1, -1, -1]), lineColorSpace='rgb', lineRGB=array([-1, -1, -1]), lineWidth=1.5, name='unnamed ShapeStim', opacity=1.0, ori=73.63636363636365, pos=array([ 0.2165377 , -0.24328788]), size=array([1., 1.]), units='height', vertices=ndarray(...), win=Window(...), windingRule=None)
66.2959 	EXP 	window1: mouseVisible = True
66.2963 	EXP 	Created unnamed Rect = Rect(__class__=<class 'psychopy.visual.rect.Rect'>, anchor=('center', 'center'), autoDraw=False, autoLog=True, closeShape=True, color=method-wrapper(...), colorSpace='rgb', contrast=None, depth=0, draggable=False, fillColor=array([0.00392157, 0.00392157, 0.00392157]), fillColorSpace='rgb', fillRGB=array([0.00392157, 0.00392157, 0.00392157]), interpolate=True, lineColor=array([0, 0, 0]), lineColorSpace='rgb', lineRGB=array([0, 0, 0]), lineWidth=0, name='unnamed Rect', opacity=0.0, ori=0.0, pos=array([0.1, 0. ]), size=array([1.1, 1. ]), units='height', vertices=ndarray(...), win=Window(...))
66.3003 	EXP 	unnamed Rect: autoDraw = True
66.3003 	EXP 	node0: autoDraw = True
66.3003 	EXP 	node1: autoDraw = True
66.3003 	EXP 	node2: autoDraw = True
66.3003 	EXP 	unnamed ImageStim: autoDraw = True
66.3003 	EXP 	node3: autoDraw = True
66.3003 	EXP 	node4: autoDraw = True
66.3003 	EXP 	node5: autoDraw = True
66.3003 	EXP 	node6: autoDraw = True
66.3003 	EXP 	node7: autoDraw = True
66.3003 	EXP 	unnamed ImageStim: autoDraw = True
66.3003 	EXP 	node8: autoDraw = True
66.3003 	EXP 	node9: autoDraw = True
66.3003 	EXP 	node10: autoDraw = True
66.3003 	EXP 	unnamed Line: autoDraw = True
66.3003 	EXP 	unnamed Line: autoDraw = True
66.3003 	EXP 	unnamed ShapeStim: autoDraw = True
66.3003 	EXP 	unnamed Line: autoDraw = True
66.3003 	EXP 	unnamed Line: autoDraw = True
66.3003 	EXP 	unnamed ShapeStim: autoDraw = True
66.3003 	EXP 	unnamed Rect: autoDraw = True
66.3003 	EXP 	node5: fillColor = '#126DEF'
66.3038 	EXP 	node5: fillColor = '#126DEF'
66.3038 	EXP 	unnamed Line: autoDraw = False
66.3038 	EXP 	unnamed ShapeStim: autoDraw = False
66.3038 	EXP 	unnamed Line: autoDraw = True
66.3038 	EXP 	unnamed ShapeStim: autoDraw = True
66.3038 	EXP 	unnamed Line: autoDraw = False
66.3038 	EXP 	unnamed ShapeStim: autoDraw = False
66.3038 	EXP 	unnamed Line: autoDraw = True
66.3038 	EXP 	unnamed ShapeStim: autoDraw = True
66.3038 	EXP 	unnamed Line: foreColor = <psychopy.colors.Color: (1.0, 0.58, -0.87, 1.0)>
66.3038 	EXP 	unnamed Line: borderColor = <psychopy.colors.Color: (1.0, 0.58, -0.87, 1.0)>
66.3038 	EXP 	unnamed Line: fillColor = <psychopy.colors.Color: (1.0, 0.58, -0.87, 1.0)>
66.3038 	EXP 	unnamed ShapeStim: foreColor = <psychopy.colors.Color: (1.0, 0.58, -0.87, 1.0)>
66.3038 	EXP 	unnamed ShapeStim: borderColor = <psychopy.colors.Color: (1.0, 0.58, -0.87, 1.0)>
66.3038 	EXP 	unnamed ShapeStim: fillColor = <psychopy.colors.Color: (1.0, 0.58, -0.87, 1.0)>
66.9708 	DATA 	Keypress: f
66.9759 	EXP 	unnamed Line: foreColor = <psychopy.colors.Color: black, alpha=1.0>
66.9759 	EXP 	unnamed Line: borderColor = <psychopy.colors.Color: black, alpha=1.0>
66.9759 	EXP 	unnamed Line: fillColor = <psychopy.colors.Color: black, alpha=1.0>
66.9759 	EXP 	unnamed ShapeStim: foreColor = <psychopy.colors.Color: black, alpha=1.0>
66.9759 	EXP 	unnamed ShapeStim: borderColor = <psychopy.colors.Color: black, alpha=1.0>
66.9759 	EXP 	unnamed ShapeStim: fillColor = <psychopy.colors.Color: black, alpha=1.0>
66.9759 	EXP 	unnamed Line: foreColor = <psychopy.colors.Color: (1.0, 0.58, -0.87, 1.0)>
66.9759 	EXP 	unnamed Line: borderColor = <psychopy.colors.Color: (1.0, 0.58, -0.87, 1.0)>
66.9759 	EXP 	unnamed Line: fillColor = <psychopy.colors.Color: (1.0, 0.58, -0.87, 1.0)>
66.9759 	EXP 	unnamed ShapeStim: foreColor = <psychopy.colors.Color: (1.0, 0.58, -0.87, 1.0)>
66.9759 	EXP 	unnamed ShapeStim: borderColor = <psychopy.colors.Color: (1.0, 0.58, -0.87, 1.0)>
66.9759 	EXP 	unnamed ShapeStim: fillColor = <psychopy.colors.Color: (1.0, 0.58, -0.87, 1.0)>
67.2346 	DATA 	Keypress: f
67.2384 	EXP 	unnamed Line: foreColor = <psychopy.colors.Color: black, alpha=1.0>
67.2384 	EXP 	unnamed Line: borderColor = <psychopy.colors.Color: black, alpha=1.0>
67.2384 	EXP 	unnamed Line: fillColor = <psychopy.colors.Color: black, alpha=1.0>
67.2384 	EXP 	unnamed ShapeStim: foreColor = <psychopy.colors.Color: black, alpha=1.0>
67.2384 	EXP 	unnamed ShapeStim: borderColor = <psychopy.colors.Color: black, alpha=1.0>
67.2384 	EXP 	unnamed ShapeStim: fillColor = <psychopy.colors.Color: black, alpha=1.0>
67.2384 	EXP 	unnamed Line: foreColor = <psychopy.colors.Color: (1.0, 0.58, -0.87, 1.0)>
67.2384 	EXP 	unnamed Line: borderColor = <psychopy.colors.Color: (1.0, 0.58, -0.87, 1.0)>
67.2384 	EXP 	unnamed Line: fillColor = <psychopy.colors.Color: (1.0, 0.58, -0.87, 1.0)>
67.2384 	EXP 	unnamed ShapeStim: foreColor = <psychopy.colors.Color: (1.0, 0.58, -0.87, 1.0)>
67.2384 	EXP 	unnamed ShapeStim: borderColor = <psychopy.colors.Color: (1.0, 0.58, -0.87, 1.0)>
67.2384 	EXP 	unnamed ShapeStim: fillColor = <psychopy.colors.Color: (1.0, 0.58, -0.87, 1.0)>
67.4905 	DATA 	Keypress: j
67.4938 	EXP 	node7: fillColor = '#126DEF'
67.4938 	EXP 	node5: fillColor = 'white'
68.1940 	EXP 	window1: mouseVisible = True
68.1954 	EXP 	Created unnamed TextStim = TextStim(__class__=<class 'psychopy.visual.text.TextStim'>, alignHoriz=method-wrapper(...), alignText='center', alignVert=method-wrapper(...), anchorHoriz='center', anchorVert='center', antialias=True, autoDraw=False, autoLog=True, bold=True, color=array([-0.88235294, -0.12156863, -0.97647059]), colorSpace='rgb', contrast=1.0, depth=0, draggable=False, flipHoriz=False, flipVert=False, font='', fontFiles=[], height=0.04, italic=False, languageStyle='LTR', name='unnamed TextStim', opacity=1.0, ori=0.0, pos=array([ 0.32451235, -0.16920126]), rgb=UNKNOWN, text='+2', units='height', win=Window(...), wrapWidth=1)
68.1984 	EXP 	node7: fillColor = 'white'
68.1984 	EXP 	unnamed ImageStim: autoDraw = True
69.2060 	EXP 	unnamed ImageStim: autoDraw = False
69.2060 	EXP 	unnamed Rect: autoDraw = False
69.2060 	EXP 	unnamed Rect: autoDraw = True
69.3334 	EXP 	unnamed Rect: autoDraw = False
69.3334 	EXP 	node0: autoDraw = False
69.3334 	EXP 	node1: autoDraw = False
69.3334 	EXP 	node2: autoDraw = False
69.3334 	EXP 	unnamed ImageStim: autoDraw = False
69.3334 	EXP 	node3: autoDraw = False
69.3334 	EXP 	node4: autoDraw = False
69.3334 	EXP 	node5: autoDraw = False
69.3334 	EXP 	node6: autoDraw = False
69.3334 	EXP 	node7: autoDraw = False
69.3334 	EXP 	unnamed ImageStim: autoDraw = False
69.3334 	EXP 	node8: autoDraw = False
69.3334 	EXP 	node9: autoDraw = False
69.3334 	EXP 	node10: autoDraw = False
69.3334 	EXP 	unnamed Line: autoDraw = False
69.3334 	EXP 	unnamed ShapeStim: autoDraw = False
69.3334 	EXP 	unnamed Line: autoDraw = False
69.3334 	EXP 	unnamed ShapeStim: autoDraw = False
69.3334 	EXP 	unnamed Rect: autoDraw = False
69.3420 	INFO 	Mouse: using default window
69.3421 	EXP 	window1: mouseVisible = True
69.3422 	EXP 	window1: mouseVisible = True
69.3458 	EXP 	Created unnamed TextStim = TextStim(__class__=<class 'psychopy.visual.text.TextStim'>, alignHoriz=method-wrapper(...), alignText='center', alignVert=method-wrapper(...), anchorHoriz='center', anchorVert='center', antialias=True, autoDraw=False, autoLog=True, bold=False, color=array([1, 1, 1]), colorSpace='rgb', contrast=1.0, depth=0, draggable=False, flipHoriz=False, flipVert=False, font='', fontFiles=[], height=0.035, italic=False, languageStyle='LTR', name='unnamed TextStim', opacity=1.0, ori=0.0, pos=array([0., 0.]), rgb=UNKNOWN, text='press Space to start', units='height', win=Window(...), wrapWidth=1)
69.6831 	DATA 	Keypress: space
69.6836 	EXP 	window1: mouseVisible = True
69.6840 	EXP 	Created unnamed Rect = Rect(__class__=<class 'psychopy.visual.rect.Rect'>, anchor=('center', 'center'), autoDraw=False, autoLog=True, closeShape=True, color=method-wrapper(...), colorSpace='rgb', contrast=None, depth=0, draggable=False, fillColor=array([0.00392157, 0.00392157, 0.00392157]), fillColorSpace='rgb', fillRGB=array([0.00392157, 0.00392157, 0.00392157]), interpolate=True, lineColor=array([0, 0, 0]), lineColorSpace='rgb', lineRGB=array([0, 0, 0]), lineWidth=0, name='unnamed Rect', opacity=0.5, ori=0.0, pos=array([-0.65,  0.45]), size=array([0.1, 0.1]), units='height', vertices=ndarray(...), win=Window(...))
69.6850 	EXP 	window1: mouseVisible = True
69.6870 	EXP 	Created node0 = Circle(__class__=<class 'psychopy.visual.circle.Circle'>, anchor=('center', 'center'), autoDraw=False, autoLog=True, closeShape=True, color=method-wrapper(...), colorSpace='rgb', contrast=None, depth=0, draggable=False, fillColor=array([1, 1, 1]), fillColorSpace='rgb', fillRGB=array([1, 1, 1]), interpolate=True, lineColor=array([-1, -1, -1]), lineColorSpace='rgb', lineRGB=array([-1, -1, -1]), lineWidth=2, name='node0', opacity=1.0, ori=0.0, pos=array([0.  , 0.35]), size=array([1., 1.]), units='height', vertices=ndarray(...), win=Window(...))
69.6880 	EXP 	window1: mouseVisible = True
69.6899 	EXP 	Created node1 = Circle(__class__=<class 'psychopy.visual.circle.Circle'>, anchor=('center', 'center'), autoDraw=False, autoLog=True, closeShape=True, color=method-wrapper(...), colorSpace='rgb', contrast=None, depth=0, draggable=False, fillColor=array([1, 1, 1]), fillColorSpace='rgb', fillRGB=array([1, 1, 1]), interpolate=True, lineColor=array([-1, -1, -1]), lineColorSpace='rgb', lineRGB=array([-1, -1, -1]), lineWidth=2, name='node1', opacity=1.0, ori=0.0, pos=array([-0.18922429,  0.29443874]), size=array([1., 1.]), units='height', vertices=ndarray(...), win=Window(...))
69.6909 	EXP 	window1: mouseVisible = True
69.6929 	EXP 	Created node2 = Circle(__class__=<class 'psychopy.visual.circle.Circle'>, anchor=('center', 'center'), autoDraw=False, autoLog=True, closeShape=True, color=method-wrapper(...), colorSpace='rgb', contrast=None, depth=0, draggable=False, fillColor=array([1, 1, 1]), fillColorSpace='rgb', fillRGB=array([1, 1, 1]), interpolate=True, lineColor=array([-1, -1, -1]), lineColorSpace='rgb', lineRGB=array([-1, -1, -1]), lineWidth=2, name='node2', opacity=1.0, ori=0.0, pos=array([-0.3183712 ,  0.14539525]), size=array([1., 1.]), units='height', vertices=ndarray(...), win=Window(...))
69.6939 	EXP 	window1: mouseVisible = True
69.6957 	EXP 	Created node3 = Circle(__class__=<class 'psychopy.visual.circle.Circle'>, anchor=('center', 'center'), autoDraw=False, autoLog=True, closeShape=True, color=method-wrapper(...), colorSpace='rgb', contrast=None, depth=0, draggable=False, fillColor=array([1, 1, 1]), fillColorSpace='rgb', fillRGB=array([1, 1, 1]), interpolate=True, lineColor=array([-1, -1, -1]), lineColorSpace='rgb', lineRGB=array([-1, -1, -1]), lineWidth=2, name='node3', opacity=1.0, ori=0.0, pos=array([-0.3464375 , -0.04981019]), size=array([1., 1.]), units='height', vertices=ndarray(...), win=Window(...))
69.6967 	EXP 	window1: mouseVisible = True
69.6986 	EXP 	Created node4 = Circle(__class__=<class 'psychopy.visual.circle.Circle'>, anchor=('center', 'center'), autoDraw=False, autoLog=True, closeShape=True, color=method-wrapper(...), colorSpace='rgb', contrast=None, depth=0, draggable=False, fillColor=array([1, 1, 1]), fillColorSpace='rgb', fillRGB=array([1, 1, 1]), interpolate=True, lineColor=array([-1, -1, -1]), lineColorSpace='rgb', lineRGB=array([-1, -1, -1]), lineWidth=2, name='node4', opacity=1.0, ori=0.0, pos=array([-0.26451235, -0.22920126]), size=array([1., 1.]), units='height', vertices=ndarray(...), win=Window(...))
69.6996 	EXP 	window1: mouseVisible = True
69.7014 	EXP 	Created node5 = Circle(__class__=<class 'psychopy.visual.circle.Circle'>, anchor=('center', 'center'), autoDraw=False, autoLog=True, closeShape=True, color=method-wrapper(...), colorSpace='rgb', contrast=None, depth=0, draggable=False, fillColor=array([1, 1, 1]), fillColorSpace='rgb', fillRGB=array([1, 1, 1]), interpolate=True, lineColor=array([-1, -1, -1]), lineColorSpace='rgb', lineRGB=array([-1, -1, -1]), lineWidth=2, name='node5', opacity=1.0, ori=0.0, pos=array([-0.09860639, -0.33582254]), size=array([1., 1.]), units='height', vertices=ndarray(...), win=Window(...))
69.7015 	EXP 	window1: mouseVisible = True
69.7192 	EXP 	Created unnamed ImageStim = ImageStim(__class__=<class 'psychopy.visual.image.ImageStim'>, anchor=('center', 'center'), autoLog=True, color=array([1., 1., 1.]), colorSpace='rgb', contrast=1.0, depth=0, draggable=False, flipHoriz=False, flipVert=False, image='images/pattern_7.png', interpolate=False, mask=None, maskParams=None, name='unnamed ImageStim', opacity=1.0, ori=0.0, pos=array([-0.09860639, -0.33582254]), size=array([0.12, 0.12]), texRes=128, units='height', win=Window(...))
69.7203 	EXP 	window1: mouseVisible = True
69.7222 	EXP 	Created node6 = Circle(__class__=<class 'psychopy.visual.circle.Circle'>, anchor=('center', 'center'), autoDraw=False, autoLog=True, closeShape=True, color=method-wrapper(...), colorSpace='rgb', contrast=None, depth=0, draggable=False, fillColor=array([1, 1, 1]), fillColorSpace='rgb', fillRGB=array([1, 1, 1]), interpolate=True, lineColor=array([-1, -1, -1]), lineColorSpace='rgb', lineRGB=array([-1, -1, -1]), lineWidth=2, name='node6', opacity=1.0, ori=0.0, pos=array([ 0.09860639, -0.33582254]), size=array([1., 1.]), units='height', vertices=ndarray(...), win=Window(...))
69.7232 	EXP 	window1: mouseVisible = True
69.7250 	EXP 	Created node7 = Circle(__class__=<class 'psychopy.visual.circle.Circle'>, anchor=('center', 'center'), autoDraw=False, autoLog=True, closeShape=True, color=method-wrapper(...), colorSpace='rgb', contrast=None, depth=0, draggable=False, fillColor=array([1, 1, 1]), fillColorSpace='rgb', fillRGB=array([1, 1, 1]), interpolate=True, lineColor=array([-1, -1, -1]), lineColorSpace='rgb', lineRGB=array([-1, -1, -1]), lineWidth=2, name='node7', opacity=1.0, ori=0.0, pos=array([ 0.26451235, -0.22920126]), size=array([1., 1.]), units='height', vertices=ndarray(...), win=Window(...))
69.7260 	EXP 	window1: mouseVisible = True
69.7279 	EXP 	Created node8 = Circle(__class__=<class 'psychopy.visual.circle.Circle'>, anchor=('center', 'center'), autoDraw=False, autoLog=True, closeShape=True, color=method-wrapper(...), colorSpace='rgb', contrast=None, depth=0, draggable=False, fillColor=array([1, 1, 1]), fillColorSpace='rgb', fillRGB=array([1, 1, 1]), interpolate=True, lineColor=array([-1, -1, -1]), lineColorSpace='rgb', lineRGB=array([-1, -1, -1]), lineWidth=2, name='node8', opacity=1.0, ori=0.0, pos=array([ 0.3464375 , -0.04981019]), size=array([1., 1.]), units='height', vertices=ndarray(...), win=Window(...))
69.7280 	EXP 	window1: mouseVisible = True
69.7447 	EXP 	Created unnamed ImageStim = ImageStim(__class__=<class 'psychopy.visual.image.ImageStim'>, anchor=('center', 'center'), autoLog=True, color=array([1., 1., 1.]), colorSpace='rgb', contrast=1.0, depth=0, draggable=False, flipHoriz=False, flipVert=False, image='images/pattern_5.png', interpolate=False, mask=None, maskParams=None, name='unnamed ImageStim', opacity=1.0, ori=0.0, pos=array([ 0.3464375 , -0.04981019]), size=array([0.12, 0.12]), texRes=128, units='height', win=Window(...))
69.7457 	EXP 	window1: mouseVisible = True
69.7476 	EXP 	Created node9 = Circle(__class__=<class 'psychopy.visual.circle.Circle'>, anchor=('center', 'center'), autoDraw=False, autoLog=True, closeShape=True, color=method-wrapper(...), colorSpace='rgb', contrast=None, depth=0, draggable=False, fillColor=array([1, 1, 1]), fillColorSpace='rgb', fillRGB=array([1, 1, 1]), interpolate=True, lineColor=array([-1, -1, -1]), lineColorSpace='rgb', lineRGB=array([-1, -1, -1]), lineWidth=2, name='node9', opacity=1.0, ori=0.0, pos=array([0.3183712 , 0.14539525]), size=array([1., 1.]), units='height', vertices=ndarray(...), win=Window(...))
69.7486 	EXP 	window1: mouseVisible = True
69.7505 	EXP 	Created node10 = Circle(__class__=<class 'psychopy.visual.circle.Circle'>, anchor=('center', 'center'), autoDraw=False, autoLog=True, closeShape=True, color=method-wrapper(...), colorSpace='rgb', contrast=None, depth=0, draggable=False, fillColor=array([1, 1, 1]), fillColorSpace='rgb', fillRGB=array([1, 1, 1]), interpolate=True, lineColor=array([-1, -1, -1]), lineColorSpace='rgb', lineRGB=array([-1, -1, -1]), lineWidth=2, name='node10', opacity=1.0, ori=0.0, pos=array([0.18922429, 0.29443874]), size=array([1., 1.]), units='height', vertices=ndarray(...), win=Window(...))
69.7506 	EXP 	window1: mouseVisible = True
69.7510 	EXP 	Created unnamed Line = Line(__class__=<class 'psychopy.visual.line.Line'>, anchor=('center', 'center'), autoDraw=False, autoLog=True, closeShape=False, color=array([-1, -1, -1]), colorSpace='rgb', contrast=None, depth=2, draggable=False, fillColor=array([0, 0, 0]), fillColorSpace='rgb', fillRGB=array([0, 0, 0]), interpolate=True, lineColor=array([-1, -1, -1]), lineColorSpace='rgb', lineRGB=array([-1, -1, -1]), lineWidth=4, name='unnamed Line', opacity=0.5, ori=0.0, pos=array([0., 0.]), size=array([1., 1.]), units='height', vertices=ndarray(...), win=Window(...), windingRule=None)
69.7511 	EXP 	window1: mouseVisible = True
69.7514 	EXP 	Created unnamed ShapeStim = ShapeStim(__class__=<class 'psychopy.visual.shape.ShapeStim'>, anchor=('center', 'center'), autoDraw=False, autoLog=True, closeShape=True, color=method-wrapper(...), colorSpace='rgb', contrast=None, depth=0, draggable=False, fillColor=array([-1, -1, -1]), fillColorSpace='rgb', fillRGB=array([-1, -1, -1]), interpolate=True, lineColor=array([-1, -1, -1]), lineColorSpace='rgb', lineRGB=array([-1, -1, -1]), lineWidth=1.5, name='unnamed ShapeStim', opacity=1.0, ori=106.36363636363636, pos=array([ 0.29846286, -0.03572357]), size=array([1., 1.]), units='height', vertices=ndarray(...), win=Window(...), windingRule=None)
69.7515 	EXP 	window1: mouseVisible = True
69.7518 	EXP 	Created unnamed Line = Line(__class__=<class 'psychopy.visual.line.Line'>, anchor=('center', 'center'), autoDraw=False, autoLog=True, closeShape=False, color=array([-1, -1, -1]), colorSpace='rgb', contrast=None, depth=2, draggable=False, fillColor=array([0, 0, 0]), fillColorSpace='rgb', fillRGB=array([0, 0, 0]), interpolate=True, lineColor=array([-1, -1, -1]), lineColorSpace='rgb', lineRGB=array([-1, -1, -1]), lineWidth=4, name='unnamed Line', opacity=0.5, ori=0.0, pos=array([0., 0.]), size=array([1., 1.]), units='height', vertices=ndarray(...), win=Window(...), windingRule=None)
69.7519 	EXP 	window1: mouseVisible = True
69.7523 	EXP 	Created unnamed ShapeStim = ShapeStim(__class__=<class 'psychopy.visual.shape.ShapeStim'>, anchor=('center', 'center'), autoDraw=False, autoLog=True, closeShape=True, color=method-wrapper(...), colorSpace='rgb', contrast=None, depth=0, draggable=False, fillColor=array([-1, -1, -1]), fillColorSpace='rgb', fillRGB=array([-1, -1, -1]), interpolate=True, lineColor=array([-1, -1, -1]), lineColorSpace='rgb', lineRGB=array([-1, -1, -1]), lineWidth=1.5, name='unnamed ShapeStim', opacity=1.0, ori=155.45454545454544, pos=array([-0.11937715, -0.29034094]), size=array([1., 1.]), units='height', vertices=ndarray(...), win=Window(...), windingRule=None)
69.7523 	EXP 	window1: mouseVisible = True
69.7526 	EXP 	Created unnamed Rect = Rect(__class__=<class 'psychopy.visual.rect.Rect'>, anchor=('center', 'center'), autoDraw=False, autoLog=True, closeShape=True, color=method-wrapper(...), colorSpace='rgb', contrast=None, depth=0, draggable=False, fillColor=array([0.00392157, 0.00392157, 0.00392157]), fillColorSpace='rgb', fillRGB=array([0.00392157, 0.00392157, 0.00392157]), interpolate=True, lineColor=array([0, 0, 0]), lineColorSpace='rgb', lineRGB=array([0, 0, 0]), lineWidth=0, name='unnamed Rect', opacity=0.0, ori=0.0, pos=array([0.1, 0. ]), size=array([1.1, 1. ]), units='height', vertices=ndarray(...), win=Window(...))
69.7567 	EXP 	unnamed Rect: autoDraw = True
69.7567 	EXP 	node0: autoDraw = True
69.7567 	EXP 	node1: autoDraw = True
69.7567 	EXP 	node2: autoDraw = True
69.7567 	EXP 	node3: autoDraw = True
69.7567 	EXP 	node4: autoDraw = True
69.7567 	EXP 	node5: autoDraw = True
69.7567 	EXP 	unnamed ImageStim: autoDraw = True
69.7567 	EXP 	node6: autoDraw = True
69.7567 	EXP 	node7: autoDraw = True
69.7567 	EXP 	node8: autoDraw = True
69.7567 	EXP 	unnamed ImageStim: autoDraw = True
69.7567 	EXP 	node9: autoDraw = True
69.7567 	EXP 	node10: autoDraw = True
69.7567 	EXP 	unnamed Line: autoDraw = True
69.7567 	EXP 	unnamed Line: autoDraw = True
69.7567 	EXP 	unnamed ShapeStim: autoDraw = True
69.7567 	EXP 	unnamed Line: autoDraw = True
69.7567 	EXP 	unnamed Line: autoDraw = True
69.7567 	EXP 	unnamed ShapeStim: autoDraw = True
69.7567 	EXP 	unnamed Rect: autoDraw = True
69.7567 	EXP 	node2: fillColor = '#126DEF'
69.7675 	EXP 	node2: fillColor = '#126DEF'
69.7675 	EXP 	unnamed Line: autoDraw = False
69.7675 	EXP 	unnamed ShapeStim: autoDraw = False
69.7675 	EXP 	unnamed Line: autoDraw = True
69.7675 	EXP 	unnamed ShapeStim: autoDraw = True
69.7675 	EXP 	unnamed Line: autoDraw = False
69.7675 	EXP 	unnamed ShapeStim: autoDraw = False
69.7675 	EXP 	unnamed Line: autoDraw = True
69.7675 	EXP 	unnamed ShapeStim: autoDraw = True
69.7675 	EXP 	unnamed Line: foreColor = <psychopy.colors.Color: (1.0, 0.58, -0.87, 1.0)>
69.7675 	EXP 	unnamed Line: borderColor = <psychopy.colors.Color: (1.0, 0.58, -0.87, 1.0)>
69.7675 	EXP 	unnamed Line: fillColor = <psychopy.colors.Color: (1.0, 0.58, -0.87, 1.0)>
69.7675 	EXP 	unnamed ShapeStim: foreColor = <psychopy.colors.Color: (1.0, 0.58, -0.87, 1.0)>
69.7675 	EXP 	unnamed ShapeStim: borderColor = <psychopy.colors.Color: (1.0, 0.58, -0.87, 1.0)>
69.7675 	EXP 	unnamed ShapeStim: fillColor = <psychopy.colors.Color: (1.0, 0.58, -0.87, 1.0)>
70.4349 	DATA 	Keypress: f
70.4387 	EXP 	unnamed Line: foreColor = <psychopy.colors.Color: black, alpha=1.0>
70.4387 	EXP 	unnamed Line: borderColor = <psychopy.colors.Color: black, alpha=1.0>
70.4387 	EXP 	unnamed Line: fillColor = <psychopy.colors.Color: black, alpha=1.0>
70.4387 	EXP 	unnamed ShapeStim: foreColor = <psychopy.colors.Color: black, alpha=1.0>
70.4387 	EXP 	unnamed ShapeStim: borderColor = <psychopy.colors.Color: black, alpha=1.0>
70.4387 	EXP 	unnamed ShapeStim: fillColor = <psychopy.colors.Color: black, alpha=1.0>
70.4387 	EXP 	unnamed Line: foreColor = <psychopy.colors.Color: (1.0, 0.58, -0.87, 1.0)>
70.4387 	EXP 	unnamed Line: borderColor = <psychopy.colors.Color: (1.0, 0.58, -0.87, 1.0)>
70.4387 	EXP 	unnamed Line: fillColor = <psychopy.colors.Color: (1.0, 0.58, -0.87, 1.0)>
70.4387 	EXP 	unnamed ShapeStim: foreColor = <psychopy.colors.Color: (1.0, 0.58, -0.87, 1.0)>
70.4387 	EXP 	unnamed ShapeStim: borderColor = <psychopy.colors.Color: (1.0, 0.58, -0.87, 1.0)>
70.4387 	EXP 	unnamed ShapeStim: fillColor = <psychopy.colors.Color: (1.0, 0.58, -0.87, 1.0)>
71.0349 	DATA 	Keypress: j
71.0390 	EXP 	node5: fillColor = '#126DEF'
71.0390 	EXP 	node2: fillColor = 'white'
71.7391 	EXP 	window1: mouseVisible = True
71.7406 	EXP 	Created unnamed TextStim = TextStim(__class__=<class 'psychopy.visual.text.TextStim'>, alignHoriz=method-wrapper(...), alignText='center', alignVert=method-wrapper(...), anchorHoriz='center', anchorVert='center', antialias=True, autoDraw=False, autoLog=True, bold=True, color=array([-0.88235294, -0.12156863, -0.97647059]), colorSpace='rgb', contrast=1.0, depth=0, draggable=False, flipHoriz=False, flipVert=False, font='', fontFiles=[], height=0.04, italic=False, languageStyle='LTR', name='unnamed TextStim', opacity=1.0, ori=0.0, pos=array([-0.03860639, -0.27582254]), rgb=UNKNOWN, text='+2', units='height', win=Window(...), wrapWidth=1)
71.7448 	EXP 	node5: fillColor = 'white'
71.7448 	EXP 	unnamed ImageStim: autoDraw = True
72.7544 	EXP 	unnamed ImageStim: autoDraw = False
72.7544 	EXP 	unnamed Rect: autoDraw = False
72.7544 	EXP 	unnamed Rect: autoDraw = True
72.9181 	EXP 	unnamed Rect: autoDraw = False
72.9181 	EXP 	node0: autoDraw = False
72.9181 	EXP 	node1: autoDraw = False
72.9181 	EXP 	node2: autoDraw = False
72.9181 	EXP 	node3: autoDraw = False
72.9181 	EXP 	node4: autoDraw = False
72.9181 	EXP 	node5: autoDraw = False
72.9181 	EXP 	unnamed ImageStim: autoDraw = False
72.9181 	EXP 	node6: autoDraw = False
72.9181 	EXP 	node7: autoDraw = False
72.9181 	EXP 	node8: autoDraw = False
72.9181 	EXP 	unnamed ImageStim: autoDraw = False
72.9181 	EXP 	node9: autoDraw = False
72.9181 	EXP 	node10: autoDraw = False
72.9181 	EXP 	unnamed Line: autoDraw = False
72.9181 	EXP 	unnamed ShapeStim: autoDraw = False
72.9181 	EXP 	unnamed Line: autoDraw = False
72.9181 	EXP 	unnamed ShapeStim: autoDraw = False
72.9181 	EXP 	unnamed Rect: autoDraw = False
72.9284 	INFO 	Mouse: using default window
72.9284 	EXP 	window1: mouseVisible = True
72.9285 	EXP 	window1: mouseVisible = True
72.9332 	EXP 	Created unnamed TextStim = TextStim(__class__=<class 'psychopy.visual.text.TextStim'>, alignHoriz=method-wrapper(...), alignText='center', alignVert=method-wrapper(...), anchorHoriz='center', anchorVert='center', antialias=True, autoDraw=False, autoLog=True, bold=False, color=array([1, 1, 1]), colorSpace='rgb', contrast=1.0, depth=0, draggable=False, flipHoriz=False, flipVert=False, font='', fontFiles=[], height=0.035, italic=False, languageStyle='LTR', name='unnamed TextStim', opacity=1.0, ori=0.0, pos=array([0., 0.]), rgb=UNKNOWN, text='press Space to start', units='height', win=Window(...), wrapWidth=1)
73.3950 	DATA 	Keypress: space
73.3955 	EXP 	window1: mouseVisible = True
73.3959 	EXP 	Created unnamed Rect = Rect(__class__=<class 'psychopy.visual.rect.Rect'>, anchor=('center', 'center'), autoDraw=False, autoLog=True, closeShape=True, color=method-wrapper(...), colorSpace='rgb', contrast=None, depth=0, draggable=False, fillColor=array([0.00392157, 0.00392157, 0.00392157]), fillColorSpace='rgb', fillRGB=array([0.00392157, 0.00392157, 0.00392157]), interpolate=True, lineColor=array([0, 0, 0]), lineColorSpace='rgb', lineRGB=array([0, 0, 0]), lineWidth=0, name='unnamed Rect', opacity=0.5, ori=0.0, pos=array([-0.65,  0.45]), size=array([0.1, 0.1]), units='height', vertices=ndarray(...), win=Window(...))
73.3969 	EXP 	window1: mouseVisible = True
73.3989 	EXP 	Created node0 = Circle(__class__=<class 'psychopy.visual.circle.Circle'>, anchor=('center', 'center'), autoDraw=False, autoLog=True, closeShape=True, color=method-wrapper(...), colorSpace='rgb', contrast=None, depth=0, draggable=False, fillColor=array([1, 1, 1]), fillColorSpace='rgb', fillRGB=array([1, 1, 1]), interpolate=True, lineColor=array([-1, -1, -1]), lineColorSpace='rgb', lineRGB=array([-1, -1, -1]), lineWidth=2, name='node0', opacity=1.0, ori=0.0, pos=array([0.  , 0.35]), size=array([1., 1.]), units='height', vertices=ndarray(...), win=Window(...))
73.3999 	EXP 	window1: mouseVisible = True
73.4018 	EXP 	Created node1 = Circle(__class__=<class 'psychopy.visual.circle.Circle'>, anchor=('center', 'center'), autoDraw=False, autoLog=True, closeShape=True, color=method-wrapper(...), colorSpace='rgb', contrast=None, depth=0, draggable=False, fillColor=array([1, 1, 1]), fillColorSpace='rgb', fillRGB=array([1, 1, 1]), interpolate=True, lineColor=array([-1, -1, -1]), lineColorSpace='rgb', lineRGB=array([-1, -1, -1]), lineWidth=2, name='node1', opacity=1.0, ori=0.0, pos=array([-0.18922429,  0.29443874]), size=array([1., 1.]), units='height', vertices=ndarray(...), win=Window(...))
73.4028 	EXP 	window1: mouseVisible = True
73.4048 	EXP 	Created node2 = Circle(__class__=<class 'psychopy.visual.circle.Circle'>, anchor=('center', 'center'), autoDraw=False, autoLog=True, closeShape=True, color=method-wrapper(...), colorSpace='rgb', contrast=None, depth=0, draggable=False, fillColor=array([1, 1, 1]), fillColorSpace='rgb', fillRGB=array([1, 1, 1]), interpolate=True, lineColor=array([-1, -1, -1]), lineColorSpace='rgb', lineRGB=array([-1, -1, -1]), lineWidth=2, name='node2', opacity=1.0, ori=0.0, pos=array([-0.3183712 ,  0.14539525]), size=array([1., 1.]), units='height', vertices=ndarray(...), win=Window(...))
73.4048 	EXP 	window1: mouseVisible = True
73.4218 	EXP 	Created unnamed ImageStim = ImageStim(__class__=<class 'psychopy.visual.image.ImageStim'>, anchor=('center', 'center'), autoLog=True, color=array([1., 1., 1.]), colorSpace='rgb', contrast=1.0, depth=0, draggable=False, flipHoriz=False, flipVert=False, image='images/pattern_6.png', interpolate=False, mask=None, maskParams=None, name='unnamed ImageStim', opacity=1.0, ori=0.0, pos=array([-0.3183712 ,  0.14539525]), size=array([0.12, 0.12]), texRes=128, units='height', win=Window(...))
73.4228 	EXP 	window1: mouseVisible = True
73.4247 	EXP 	Created node3 = Circle(__class__=<class 'psychopy.visual.circle.Circle'>, anchor=('center', 'center'), autoDraw=False, autoLog=True, closeShape=True, color=method-wrapper(...), colorSpace='rgb', contrast=None, depth=0, draggable=False, fillColor=array([1, 1, 1]), fillColorSpace='rgb', fillRGB=array([1, 1, 1]), interpolate=True, lineColor=array([-1, -1, -1]), lineColorSpace='rgb', lineRGB=array([-1, -1, -1]), lineWidth=2, name='node3', opacity=1.0, ori=0.0, pos=array([-0.3464375 , -0.04981019]), size=array([1., 1.]), units='height', vertices=ndarray(...), win=Window(...))
73.4257 	EXP 	window1: mouseVisible = True
73.4276 	EXP 	Created node4 = Circle(__class__=<class 'psychopy.visual.circle.Circle'>, anchor=('center', 'center'), autoDraw=False, autoLog=True, closeShape=True, color=method-wrapper(...), colorSpace='rgb', contrast=None, depth=0, draggable=False, fillColor=array([1, 1, 1]), fillColorSpace='rgb', fillRGB=array([1, 1, 1]), interpolate=True, lineColor=array([-1, -1, -1]), lineColorSpace='rgb', lineRGB=array([-1, -1, -1]), lineWidth=2, name='node4', opacity=1.0, ori=0.0, pos=array([-0.26451235, -0.22920126]), size=array([1., 1.]), units='height', vertices=ndarray(...), win=Window(...))
73.4286 	EXP 	window1: mouseVisible = True
73.4304 	EXP 	Created node5 = Circle(__class__=<class 'psychopy.visual.circle.Circle'>, anchor=('center', 'center'), autoDraw=False, autoLog=True, closeShape=True, color=method-wrapper(...), colorSpace='rgb', contrast=None, depth=0, draggable=False, fillColor=array([1, 1, 1]), fillColorSpace='rgb', fillRGB=array([1, 1, 1]), interpolate=True, lineColor=array([-1, -1, -1]), lineColorSpace='rgb', lineRGB=array([-1, -1, -1]), lineWidth=2, name='node5', opacity=1.0, ori=0.0, pos=array([-0.09860639, -0.33582254]), size=array([1., 1.]), units='height', vertices=ndarray(...), win=Window(...))
73.4314 	EXP 	window1: mouseVisible = True
73.4333 	EXP 	Created node6 = Circle(__class__=<class 'psychopy.visual.circle.Circle'>, anchor=('center', 'center'), autoDraw=False, autoLog=True, closeShape=True, color=method-wrapper(...), colorSpace='rgb', contrast=None, depth=0, draggable=False, fillColor=array([1, 1, 1]), fillColorSpace='rgb', fillRGB=array([1, 1, 1]), interpolate=True, lineColor=array([-1, -1, -1]), lineColorSpace='rgb', lineRGB=array([-1, -1, -1]), lineWidth=2, name='node6', opacity=1.0, ori=0.0, pos=array([ 0.09860639, -0.33582254]), size=array([1., 1.]), units='height', vertices=ndarray(...), win=Window(...))
73.4333 	EXP 	window1: mouseVisible = True
73.4499 	EXP 	Created unnamed ImageStim = ImageStim(__class__=<class 'psychopy.visual.image.ImageStim'>, anchor=('center', 'center'), autoLog=True, color=array([1., 1., 1.]), colorSpace='rgb', contrast=1.0, depth=0, draggable=False, flipHoriz=False, flipVert=False, image='images/pattern_1.png', interpolate=False, mask=None, maskParams=None, name='unnamed ImageStim', opacity=1.0, ori=0.0, pos=array([ 0.09860639, -0.33582254]), size=array([0.12, 0.12]), texRes=128, units='height', win=Window(...))
73.4509 	EXP 	window1: mouseVisible = True
73.4528 	EXP 	Created node7 = Circle(__class__=<class 'psychopy.visual.circle.Circle'>, anchor=('center', 'center'), autoDraw=False, autoLog=True, closeShape=True, color=method-wrapper(...), colorSpace='rgb', contrast=None, depth=0, draggable=False, fillColor=array([1, 1, 1]), fillColorSpace='rgb', fillRGB=array([1, 1, 1]), interpolate=True, lineColor=array([-1, -1, -1]), lineColorSpace='rgb', lineRGB=array([-1, -1, -1]), lineWidth=2, name='node7', opacity=1.0, ori=0.0, pos=array([ 0.26451235, -0.22920126]), size=array([1., 1.]), units='height', vertices=ndarray(...), win=Window(...))
73.4538 	EXP 	window1: mouseVisible = True
73.4557 	EXP 	Created node8 = Circle(__class__=<class 'psychopy.visual.circle.Circle'>, anchor=('center', 'center'), autoDraw=False, autoLog=True, closeShape=True, color=method-wrapper(...), colorSpace='rgb', contrast=None, depth=0, draggable=False, fillColor=array([1, 1, 1]), fillColorSpace='rgb', fillRGB=array([1, 1, 1]), interpolate=True, lineColor=array([-1, -1, -1]), lineColorSpace='rgb', lineRGB=array([-1, -1, -1]), lineWidth=2, name='node8', opacity=1.0, ori=0.0, pos=array([ 0.3464375 , -0.04981019]), size=array([1., 1.]), units='height', vertices=ndarray(...), win=Window(...))
73.4567 	EXP 	window1: mouseVisible = True
73.4586 	EXP 	Created node9 = Circle(__class__=<class 'psychopy.visual.circle.Circle'>, anchor=('center', 'center'), autoDraw=False, autoLog=True, closeShape=True, color=method-wrapper(...), colorSpace='rgb', contrast=None, depth=0, draggable=False, fillColor=array([1, 1, 1]), fillColorSpace='rgb', fillRGB=array([1, 1, 1]), interpolate=True, lineColor=array([-1, -1, -1]), lineColorSpace='rgb', lineRGB=array([-1, -1, -1]), lineWidth=2, name='node9', opacity=1.0, ori=0.0, pos=array([0.3183712 , 0.14539525]), size=array([1., 1.]), units='height', vertices=ndarray(...), win=Window(...))
73.4596 	EXP 	window1: mouseVisible = True
73.4614 	EXP 	Created node10 = Circle(__class__=<class 'psychopy.visual.circle.Circle'>, anchor=('center', 'center'), autoDraw=False, autoLog=True, closeShape=True, color=method-wrapper(...), colorSpace='rgb', contrast=None, depth=0, draggable=False, fillColor=array([1, 1, 1]), fillColorSpace='rgb', fillRGB=array([1, 1, 1]), interpolate=True, lineColor=array([-1, -1, -1]), lineColorSpace='rgb', lineRGB=array([-1, -1, -1]), lineWidth=2, name='node10', opacity=1.0, ori=0.0, pos=array([0.18922429, 0.29443874]), size=array([1., 1.]), units='height', vertices=ndarray(...), win=Window(...))
73.4615 	EXP 	window1: mouseVisible = True
73.4619 	EXP 	Created unnamed Line = Line(__class__=<class 'psychopy.visual.line.Line'>, anchor=('center', 'center'), autoDraw=False, autoLog=True, closeShape=False, color=array([-1, -1, -1]), colorSpace='rgb', contrast=None, depth=2, draggable=False, fillColor=array([0, 0, 0]), fillColorSpace='rgb', fillRGB=array([0, 0, 0]), interpolate=True, lineColor=array([-1, -1, -1]), lineColorSpace='rgb', lineRGB=array([-1, -1, -1]), lineWidth=4, name='unnamed Line', opacity=0.5, ori=0.0, pos=array([0., 0.]), size=array([1., 1.]), units='height', vertices=ndarray(...), win=Window(...), windingRule=None)
73.4620 	EXP 	window1: mouseVisible = True
73.4623 	EXP 	Created unnamed ShapeStim = ShapeStim(__class__=<class 'psychopy.visual.shape.ShapeStim'>, anchor=('center', 'center'), autoDraw=False, autoLog=True, closeShape=True, color=method-wrapper(...), colorSpace='rgb', contrast=None, depth=0, draggable=False, fillColor=array([-1, -1, -1]), fillColorSpace='rgb', fillRGB=array([-1, -1, -1]), interpolate=True, lineColor=array([-1, -1, -1]), lineColorSpace='rgb', lineRGB=array([-1, -1, -1]), lineWidth=1.5, name='unnamed ShapeStim', opacity=1.0, ori=-57.27272727272728, pos=array([-0.27630852,  0.11836321]), size=array([1., 1.]), units='height', vertices=ndarray(...), win=Window(...), windingRule=None)
73.4624 	EXP 	window1: mouseVisible = True
73.4627 	EXP 	Created unnamed Line = Line(__class__=<class 'psychopy.visual.line.Line'>, anchor=('center', 'center'), autoDraw=False, autoLog=True, closeShape=False, color=array([-1, -1, -1]), colorSpace='rgb', contrast=None, depth=2, draggable=False, fillColor=array([0, 0, 0]), fillColorSpace='rgb', fillRGB=array([0, 0, 0]), interpolate=True, lineColor=array([-1, -1, -1]), lineColorSpace='rgb', lineRGB=array([-1, -1, -1]), lineWidth=4, name='unnamed Line', opacity=0.5, ori=0.0, pos=array([0., 0.]), size=array([1., 1.]), units='height', vertices=ndarray(...), win=Window(...), windingRule=None)
73.4628 	EXP 	window1: mouseVisible = True
73.4632 	EXP 	Created unnamed ShapeStim = ShapeStim(__class__=<class 'psychopy.visual.shape.ShapeStim'>, anchor=('center', 'center'), autoDraw=False, autoLog=True, closeShape=True, color=method-wrapper(...), colorSpace='rgb', contrast=None, depth=0, draggable=False, fillColor=array([-1, -1, -1]), fillColorSpace='rgb', fillRGB=array([-1, -1, -1]), interpolate=True, lineColor=array([-1, -1, -1]), lineColorSpace='rgb', lineRGB=array([-1, -1, -1]), lineWidth=1.5, name='unnamed ShapeStim', opacity=1.0, ori=237.2727272727273, pos=array([ 0.14066907, -0.3087905 ]), size=array([1., 1.]), units='height', vertices=ndarray(...), win=Window(...), windingRule=None)
73.4632 	EXP 	window1: mouseVisible = True
73.4635 	EXP 	Created unnamed Rect = Rect(__class__=<class 'psychopy.visual.rect.Rect'>, anchor=('center', 'center'), autoDraw=False, autoLog=True, closeShape=True, color=method-wrapper(...), colorSpace='rgb', contrast=None, depth=0, draggable=False, fillColor=array([0.00392157, 0.00392157, 0.00392157]), fillColorSpace='rgb', fillRGB=array([0.00392157, 0.00392157, 0.00392157]), interpolate=True, lineColor=array([0, 0, 0]), lineColorSpace='rgb', lineRGB=array([0, 0, 0]), lineWidth=0, name='unnamed Rect', opacity=0.0, ori=0.0, pos=array([0.1, 0. ]), size=array([1.1, 1. ]), units='height', vertices=ndarray(...), win=Window(...))
73.4677 	EXP 	unnamed Rect: autoDraw = True
73.4677 	EXP 	node0: autoDraw = True
73.4677 	EXP 	node1: autoDraw = True
73.4677 	EXP 	node2: autoDraw = True
73.4677 	EXP 	unnamed ImageStim: autoDraw = True
73.4677 	EXP 	node3: autoDraw = True
73.4677 	EXP 	node4: autoDraw = True
73.4677 	EXP 	node5: autoDraw = True
73.4677 	EXP 	node6: autoDraw = True
73.4677 	EXP 	unnamed ImageStim: autoDraw = True
73.4677 	EXP 	node7: autoDraw = True
73.4677 	EXP 	node8: autoDraw = True
73.4677 	EXP 	node9: autoDraw = True
73.4677 	EXP 	node10: autoDraw = True
73.4677 	EXP 	unnamed Line: autoDraw = True
73.4677 	EXP 	unnamed Line: autoDraw = True
73.4677 	EXP 	unnamed ShapeStim: autoDraw = True
73.4677 	EXP 	unnamed Line: autoDraw = True
73.4677 	EXP 	unnamed Line: autoDraw = True
73.4677 	EXP 	unnamed ShapeStim: autoDraw = True
73.4677 	EXP 	unnamed Rect: autoDraw = True
73.4677 	EXP 	node7: fillColor = '#126DEF'
73.4711 	EXP 	node7: fillColor = '#126DEF'
73.4711 	EXP 	unnamed Line: autoDraw = False
73.4711 	EXP 	unnamed ShapeStim: autoDraw = False
73.4711 	EXP 	unnamed Line: autoDraw = True
73.4711 	EXP 	unnamed ShapeStim: autoDraw = True
73.4711 	EXP 	unnamed Line: autoDraw = False
73.4711 	EXP 	unnamed ShapeStim: autoDraw = False
73.4711 	EXP 	unnamed Line: autoDraw = True
73.4711 	EXP 	unnamed ShapeStim: autoDraw = True
73.4711 	EXP 	unnamed Line: foreColor = <psychopy.colors.Color: (1.0, 0.58, -0.87, 1.0)>
73.4711 	EXP 	unnamed Line: borderColor = <psychopy.colors.Color: (1.0, 0.58, -0.87, 1.0)>
73.4711 	EXP 	unnamed Line: fillColor = <psychopy.colors.Color: (1.0, 0.58, -0.87, 1.0)>
73.4711 	EXP 	unnamed ShapeStim: foreColor = <psychopy.colors.Color: (1.0, 0.58, -0.87, 1.0)>
73.4711 	EXP 	unnamed ShapeStim: borderColor = <psychopy.colors.Color: (1.0, 0.58, -0.87, 1.0)>
73.4711 	EXP 	unnamed ShapeStim: fillColor = <psychopy.colors.Color: (1.0, 0.58, -0.87, 1.0)>
74.1791 	DATA 	Keypress: f
74.1834 	EXP 	unnamed Line: foreColor = <psychopy.colors.Color: black, alpha=1.0>
74.1834 	EXP 	unnamed Line: borderColor = <psychopy.colors.Color: black, alpha=1.0>
74.1834 	EXP 	unnamed Line: fillColor = <psychopy.colors.Color: black, alpha=1.0>
74.1834 	EXP 	unnamed ShapeStim: foreColor = <psychopy.colors.Color: black, alpha=1.0>
74.1834 	EXP 	unnamed ShapeStim: borderColor = <psychopy.colors.Color: black, alpha=1.0>
74.1834 	EXP 	unnamed ShapeStim: fillColor = <psychopy.colors.Color: black, alpha=1.0>
74.1834 	EXP 	unnamed Line: foreColor = <psychopy.colors.Color: (1.0, 0.58, -0.87, 1.0)>
74.1834 	EXP 	unnamed Line: borderColor = <psychopy.colors.Color: (1.0, 0.58, -0.87, 1.0)>
74.1834 	EXP 	unnamed Line: fillColor = <psychopy.colors.Color: (1.0, 0.58, -0.87, 1.0)>
74.1834 	EXP 	unnamed ShapeStim: foreColor = <psychopy.colors.Color: (1.0, 0.58, -0.87, 1.0)>
74.1834 	EXP 	unnamed ShapeStim: borderColor = <psychopy.colors.Color: (1.0, 0.58, -0.87, 1.0)>
74.1834 	EXP 	unnamed ShapeStim: fillColor = <psychopy.colors.Color: (1.0, 0.58, -0.87, 1.0)>
74.4986 	DATA 	Keypress: f
74.5037 	EXP 	unnamed Line: foreColor = <psychopy.colors.Color: black, alpha=1.0>
74.5037 	EXP 	unnamed Line: borderColor = <psychopy.colors.Color: black, alpha=1.0>
74.5037 	EXP 	unnamed Line: fillColor = <psychopy.colors.Color: black, alpha=1.0>
74.5037 	EXP 	unnamed ShapeStim: foreColor = <psychopy.colors.Color: black, alpha=1.0>
74.5037 	EXP 	unnamed ShapeStim: borderColor = <psychopy.colors.Color: black, alpha=1.0>
74.5037 	EXP 	unnamed ShapeStim: fillColor = <psychopy.colors.Color: black, alpha=1.0>
74.5037 	EXP 	unnamed Line: foreColor = <psychopy.colors.Color: (1.0, 0.58, -0.87, 1.0)>
74.5037 	EXP 	unnamed Line: borderColor = <psychopy.colors.Color: (1.0, 0.58, -0.87, 1.0)>
74.5037 	EXP 	unnamed Line: fillColor = <psychopy.colors.Color: (1.0, 0.58, -0.87, 1.0)>
74.5037 	EXP 	unnamed ShapeStim: foreColor = <psychopy.colors.Color: (1.0, 0.58, -0.87, 1.0)>
74.5037 	EXP 	unnamed ShapeStim: borderColor = <psychopy.colors.Color: (1.0, 0.58, -0.87, 1.0)>
74.5037 	EXP 	unnamed ShapeStim: fillColor = <psychopy.colors.Color: (1.0, 0.58, -0.87, 1.0)>
74.7306 	DATA 	Keypress: j
74.7336 	EXP 	node2: fillColor = '#126DEF'
74.7336 	EXP 	node7: fillColor = 'white'
75.4337 	EXP 	window1: mouseVisible = True
75.4353 	EXP 	Created unnamed TextStim = TextStim(__class__=<class 'psychopy.visual.text.TextStim'>, alignHoriz=method-wrapper(...), alignText='center', alignVert=method-wrapper(...), anchorHoriz='center', anchorVert='center', antialias=True, autoDraw=False, autoLog=True, bold=True, color=array([-0.88235294, -0.12156863, -0.97647059]), colorSpace='rgb', contrast=1.0, depth=0, draggable=False, flipHoriz=False, flipVert=False, font='', fontFiles=[], height=0.04, italic=False, languageStyle='LTR', name='unnamed TextStim', opacity=1.0, ori=0.0, pos=array([-0.2583712 ,  0.20539525]), rgb=UNKNOWN, text='+1', units='height', win=Window(...), wrapWidth=1)
75.4383 	EXP 	node2: fillColor = 'white'
75.4383 	EXP 	unnamed ImageStim: autoDraw = True
76.4459 	EXP 	unnamed ImageStim: autoDraw = False
76.4459 	EXP 	unnamed Rect: autoDraw = False
76.4459 	EXP 	unnamed Rect: autoDraw = True
76.5876 	EXP 	unnamed Rect: autoDraw = False
76.5876 	EXP 	node0: autoDraw = False
76.5876 	EXP 	node1: autoDraw = False
76.5876 	EXP 	node2: autoDraw = False
76.5876 	EXP 	unnamed ImageStim: autoDraw = False
76.5876 	EXP 	node3: autoDraw = False
76.5876 	EXP 	node4: autoDraw = False
76.5876 	EXP 	node5: autoDraw = False
76.5876 	EXP 	node6: autoDraw = False
76.5876 	EXP 	unnamed ImageStim: autoDraw = False
76.5876 	EXP 	node7: autoDraw = False
76.5876 	EXP 	node8: autoDraw = False
76.5876 	EXP 	node9: autoDraw = False
76.5876 	EXP 	node10: autoDraw = False
76.5876 	EXP 	unnamed Line: autoDraw = False
76.5876 	EXP 	unnamed ShapeStim: autoDraw = False
76.5876 	EXP 	unnamed Line: autoDraw = False
76.5876 	EXP 	unnamed ShapeStim: autoDraw = False
76.5876 	EXP 	unnamed Rect: autoDraw = False
76.6015 	INFO 	Mouse: using default window
76.6015 	EXP 	window1: mouseVisible = True
76.6016 	EXP 	window1: mouseVisible = True
76.6060 	EXP 	Created unnamed TextStim = TextStim(__class__=<class 'psychopy.visual.text.TextStim'>, alignHoriz=method-wrapper(...), alignText='center', alignVert=method-wrapper(...), anchorHoriz='center', anchorVert='center', antialias=True, autoDraw=False, autoLog=True, bold=False, color=array([1, 1, 1]), colorSpace='rgb', contrast=1.0, depth=0, draggable=False, flipHoriz=False, flipVert=False, font='', fontFiles=[], height=0.035, italic=False, languageStyle='LTR', name='unnamed TextStim', opacity=1.0, ori=0.0, pos=array([0., 0.]), rgb=UNKNOWN, text='press Space to start', units='height', win=Window(...), wrapWidth=1)
76.9390 	DATA 	Keypress: space
76.9395 	EXP 	window1: mouseVisible = True
76.9400 	EXP 	Created unnamed Rect = Rect(__class__=<class 'psychopy.visual.rect.Rect'>, anchor=('center', 'center'), autoDraw=False, autoLog=True, closeShape=True, color=method-wrapper(...), colorSpace='rgb', contrast=None, depth=0, draggable=False, fillColor=array([0.00392157, 0.00392157, 0.00392157]), fillColorSpace='rgb', fillRGB=array([0.00392157, 0.00392157, 0.00392157]), interpolate=True, lineColor=array([0, 0, 0]), lineColorSpace='rgb', lineRGB=array([0, 0, 0]), lineWidth=0, name='unnamed Rect', opacity=0.5, ori=0.0, pos=array([-0.65,  0.45]), size=array([0.1, 0.1]), units='height', vertices=ndarray(...), win=Window(...))
76.9410 	EXP 	window1: mouseVisible = True
76.9430 	EXP 	Created node0 = Circle(__class__=<class 'psychopy.visual.circle.Circle'>, anchor=('center', 'center'), autoDraw=False, autoLog=True, closeShape=True, color=method-wrapper(...), colorSpace='rgb', contrast=None, depth=0, draggable=False, fillColor=array([1, 1, 1]), fillColorSpace='rgb', fillRGB=array([1, 1, 1]), interpolate=True, lineColor=array([-1, -1, -1]), lineColorSpace='rgb', lineRGB=array([-1, -1, -1]), lineWidth=2, name='node0', opacity=1.0, ori=0.0, pos=array([0.  , 0.35]), size=array([1., 1.]), units='height', vertices=ndarray(...), win=Window(...))
76.9440 	EXP 	window1: mouseVisible = True
76.9459 	EXP 	Created node1 = Circle(__class__=<class 'psychopy.visual.circle.Circle'>, anchor=('center', 'center'), autoDraw=False, autoLog=True, closeShape=True, color=method-wrapper(...), colorSpace='rgb', contrast=None, depth=0, draggable=False, fillColor=array([1, 1, 1]), fillColorSpace='rgb', fillRGB=array([1, 1, 1]), interpolate=True, lineColor=array([-1, -1, -1]), lineColorSpace='rgb', lineRGB=array([-1, -1, -1]), lineWidth=2, name='node1', opacity=1.0, ori=0.0, pos=array([-0.18922429,  0.29443874]), size=array([1., 1.]), units='height', vertices=ndarray(...), win=Window(...))
76.9470 	EXP 	window1: mouseVisible = True
76.9488 	EXP 	Created node2 = Circle(__class__=<class 'psychopy.visual.circle.Circle'>, anchor=('center', 'center'), autoDraw=False, autoLog=True, closeShape=True, color=method-wrapper(...), colorSpace='rgb', contrast=None, depth=0, draggable=False, fillColor=array([1, 1, 1]), fillColorSpace='rgb', fillRGB=array([1, 1, 1]), interpolate=True, lineColor=array([-1, -1, -1]), lineColorSpace='rgb', lineRGB=array([-1, -1, -1]), lineWidth=2, name='node2', opacity=1.0, ori=0.0, pos=array([-0.3183712 ,  0.14539525]), size=array([1., 1.]), units='height', vertices=ndarray(...), win=Window(...))
76.9489 	EXP 	window1: mouseVisible = True
76.9660 	EXP 	Created unnamed ImageStim = ImageStim(__class__=<class 'psychopy.visual.image.ImageStim'>, anchor=('center', 'center'), autoLog=True, color=array([1., 1., 1.]), colorSpace='rgb', contrast=1.0, depth=0, draggable=False, flipHoriz=False, flipVert=False, image='images/pattern_1.png', interpolate=False, mask=None, maskParams=None, name='unnamed ImageStim', opacity=1.0, ori=0.0, pos=array([-0.3183712 ,  0.14539525]), size=array([0.12, 0.12]), texRes=128, units='height', win=Window(...))
76.9670 	EXP 	window1: mouseVisible = True
76.9689 	EXP 	Created node3 = Circle(__class__=<class 'psychopy.visual.circle.Circle'>, anchor=('center', 'center'), autoDraw=False, autoLog=True, closeShape=True, color=method-wrapper(...), colorSpace='rgb', contrast=None, depth=0, draggable=False, fillColor=array([1, 1, 1]), fillColorSpace='rgb', fillRGB=array([1, 1, 1]), interpolate=True, lineColor=array([-1, -1, -1]), lineColorSpace='rgb', lineRGB=array([-1, -1, -1]), lineWidth=2, name='node3', opacity=1.0, ori=0.0, pos=array([-0.3464375 , -0.04981019]), size=array([1., 1.]), units='height', vertices=ndarray(...), win=Window(...))
76.9699 	EXP 	window1: mouseVisible = True
76.9718 	EXP 	Created node4 = Circle(__class__=<class 'psychopy.visual.circle.Circle'>, anchor=('center', 'center'), autoDraw=False, autoLog=True, closeShape=True, color=method-wrapper(...), colorSpace='rgb', contrast=None, depth=0, draggable=False, fillColor=array([1, 1, 1]), fillColorSpace='rgb', fillRGB=array([1, 1, 1]), interpolate=True, lineColor=array([-1, -1, -1]), lineColorSpace='rgb', lineRGB=array([-1, -1, -1]), lineWidth=2, name='node4', opacity=1.0, ori=0.0, pos=array([-0.26451235, -0.22920126]), size=array([1., 1.]), units='height', vertices=ndarray(...), win=Window(...))
76.9728 	EXP 	window1: mouseVisible = True
76.9747 	EXP 	Created node5 = Circle(__class__=<class 'psychopy.visual.circle.Circle'>, anchor=('center', 'center'), autoDraw=False, autoLog=True, closeShape=True, color=method-wrapper(...), colorSpace='rgb', contrast=None, depth=0, draggable=False, fillColor=array([1, 1, 1]), fillColorSpace='rgb', fillRGB=array([1, 1, 1]), interpolate=True, lineColor=array([-1, -1, -1]), lineColorSpace='rgb', lineRGB=array([-1, -1, -1]), lineWidth=2, name='node5', opacity=1.0, ori=0.0, pos=array([-0.09860639, -0.33582254]), size=array([1., 1.]), units='height', vertices=ndarray(...), win=Window(...))
76.9747 	EXP 	window1: mouseVisible = True
76.9927 	EXP 	Created unnamed ImageStim = ImageStim(__class__=<class 'psychopy.visual.image.ImageStim'>, anchor=('center', 'center'), autoLog=True, color=array([1., 1., 1.]), colorSpace='rgb', contrast=1.0, depth=0, draggable=False, flipHoriz=False, flipVert=False, image='images/pattern_9.png', interpolate=False, mask=None, maskParams=None, name='unnamed ImageStim', opacity=1.0, ori=0.0, pos=array([-0.09860639, -0.33582254]), size=array([0.12, 0.12]), texRes=128, units='height', win=Window(...))
76.9937 	EXP 	window1: mouseVisible = True
76.9956 	EXP 	Created node6 = Circle(__class__=<class 'psychopy.visual.circle.Circle'>, anchor=('center', 'center'), autoDraw=False, autoLog=True, closeShape=True, color=method-wrapper(...), colorSpace='rgb', contrast=None, depth=0, draggable=False, fillColor=array([1, 1, 1]), fillColorSpace='rgb', fillRGB=array([1, 1, 1]), interpolate=True, lineColor=array([-1, -1, -1]), lineColorSpace='rgb', lineRGB=array([-1, -1, -1]), lineWidth=2, name='node6', opacity=1.0, ori=0.0, pos=array([ 0.09860639, -0.33582254]), size=array([1., 1.]), units='height', vertices=ndarray(...), win=Window(...))
76.9966 	EXP 	window1: mouseVisible = True
76.9985 	EXP 	Created node7 = Circle(__class__=<class 'psychopy.visual.circle.Circle'>, anchor=('center', 'center'), autoDraw=False, autoLog=True, closeShape=True, color=method-wrapper(...), colorSpace='rgb', contrast=None, depth=0, draggable=False, fillColor=array([1, 1, 1]), fillColorSpace='rgb', fillRGB=array([1, 1, 1]), interpolate=True, lineColor=array([-1, -1, -1]), lineColorSpace='rgb', lineRGB=array([-1, -1, -1]), lineWidth=2, name='node7', opacity=1.0, ori=0.0, pos=array([ 0.26451235, -0.22920126]), size=array([1., 1.]), units='height', vertices=ndarray(...), win=Window(...))
76.9995 	EXP 	window1: mouseVisible = True
77.0014 	EXP 	Created node8 = Circle(__class__=<class 'psychopy.visual.circle.Circle'>, anchor=('center', 'center'), autoDraw=False, autoLog=True, closeShape=True, color=method-wrapper(...), colorSpace='rgb', contrast=None, depth=0, draggable=False, fillColor=array([1, 1, 1]), fillColorSpace='rgb', fillRGB=array([1, 1, 1]), interpolate=True, lineColor=array([-1, -1, -1]), lineColorSpace='rgb', lineRGB=array([-1, -1, -1]), lineWidth=2, name='node8', opacity=1.0, ori=0.0, pos=array([ 0.3464375 , -0.04981019]), size=array([1., 1.]), units='height', vertices=ndarray(...), win=Window(...))
77.0023 	EXP 	window1: mouseVisible = True
77.0042 	EXP 	Created node9 = Circle(__class__=<class 'psychopy.visual.circle.Circle'>, anchor=('center', 'center'), autoDraw=False, autoLog=True, closeShape=True, color=method-wrapper(...), colorSpace='rgb', contrast=None, depth=0, draggable=False, fillColor=array([1, 1, 1]), fillColorSpace='rgb', fillRGB=array([1, 1, 1]), interpolate=True, lineColor=array([-1, -1, -1]), lineColorSpace='rgb', lineRGB=array([-1, -1, -1]), lineWidth=2, name='node9', opacity=1.0, ori=0.0, pos=array([0.3183712 , 0.14539525]), size=array([1., 1.]), units='height', vertices=ndarray(...), win=Window(...))
77.0052 	EXP 	window1: mouseVisible = True
77.0071 	EXP 	Created node10 = Circle(__class__=<class 'psychopy.visual.circle.Circle'>, anchor=('center', 'center'), autoDraw=False, autoLog=True, closeShape=True, color=method-wrapper(...), colorSpace='rgb', contrast=None, depth=0, draggable=False, fillColor=array([1, 1, 1]), fillColorSpace='rgb', fillRGB=array([1, 1, 1]), interpolate=True, lineColor=array([-1, -1, -1]), lineColorSpace='rgb', lineRGB=array([-1, -1, -1]), lineWidth=2, name='node10', opacity=1.0, ori=0.0, pos=array([0.18922429, 0.29443874]), size=array([1., 1.]), units='height', vertices=ndarray(...), win=Window(...))
77.0071 	EXP 	window1: mouseVisible = True
77.0075 	EXP 	Created unnamed Line = Line(__class__=<class 'psychopy.visual.line.Line'>, anchor=('center', 'center'), autoDraw=False, autoLog=True, closeShape=False, color=array([-1, -1, -1]), colorSpace='rgb', contrast=None, depth=2, draggable=False, fillColor=array([0, 0, 0]), fillColorSpace='rgb', fillRGB=array([0, 0, 0]), interpolate=True, lineColor=array([-1, -1, -1]), lineColorSpace='rgb', lineRGB=array([-1, -1, -1]), lineWidth=4, name='unnamed Line', opacity=0.5, ori=0.0, pos=array([0., 0.]), size=array([1., 1.]), units='height', vertices=ndarray(...), win=Window(...), windingRule=None)
77.0076 	EXP 	window1: mouseVisible = True
77.0080 	EXP 	Created unnamed ShapeStim = ShapeStim(__class__=<class 'psychopy.visual.shape.ShapeStim'>, anchor=('center', 'center'), autoDraw=False, autoLog=True, closeShape=True, color=method-wrapper(...), colorSpace='rgb', contrast=None, depth=0, draggable=False, fillColor=array([-1, -1, -1]), fillColorSpace='rgb', fillRGB=array([-1, -1, -1]), interpolate=True, lineColor=array([-1, -1, -1]), lineColorSpace='rgb', lineRGB=array([-1, -1, -1]), lineWidth=1.5, name='unnamed ShapeStim', opacity=1.0, ori=253.63636363636365, pos=array([-0.27039655,  0.15948188]), size=array([1., 1.]), units='height', vertices=ndarray(...), win=Window(...), windingRule=None)
77.0080 	EXP 	window1: mouseVisible = True
77.0084 	EXP 	Created unnamed Line = Line(__class__=<class 'psychopy.visual.line.Line'>, anchor=('center', 'center'), autoDraw=False, autoLog=True, closeShape=False, color=array([-1, -1, -1]), colorSpace='rgb', contrast=None, depth=2, draggable=False, fillColor=array([0, 0, 0]), fillColorSpace='rgb', fillRGB=array([0, 0, 0]), interpolate=True, lineColor=array([-1, -1, -1]), lineColorSpace='rgb', lineRGB=array([-1, -1, -1]), lineWidth=4, name='unnamed Line', opacity=0.5, ori=0.0, pos=array([0., 0.]), size=array([1., 1.]), units='height', vertices=ndarray(...), win=Window(...), windingRule=None)
77.0084 	EXP 	window1: mouseVisible = True
77.0088 	EXP 	Created unnamed ShapeStim = ShapeStim(__class__=<class 'psychopy.visual.shape.ShapeStim'>, anchor=('center', 'center'), autoDraw=False, autoLog=True, closeShape=True, color=method-wrapper(...), colorSpace='rgb', contrast=None, depth=0, draggable=False, fillColor=array([-1, -1, -1]), fillColorSpace='rgb', fillRGB=array([-1, -1, -1]), interpolate=True, lineColor=array([-1, -1, -1]), lineColorSpace='rgb', lineRGB=array([-1, -1, -1]), lineWidth=1.5, name='unnamed ShapeStim', opacity=1.0, ori=204.54545454545456, pos=array([-0.07783564, -0.29034094]), size=array([1., 1.]), units='height', vertices=ndarray(...), win=Window(...), windingRule=None)
77.0089 	EXP 	window1: mouseVisible = True
77.0092 	EXP 	Created unnamed Rect = Rect(__class__=<class 'psychopy.visual.rect.Rect'>, anchor=('center', 'center'), autoDraw=False, autoLog=True, closeShape=True, color=method-wrapper(...), colorSpace='rgb', contrast=None, depth=0, draggable=False, fillColor=array([0.00392157, 0.00392157, 0.00392157]), fillColorSpace='rgb', fillRGB=array([0.00392157, 0.00392157, 0.00392157]), interpolate=True, lineColor=array([0, 0, 0]), lineColorSpace='rgb', lineRGB=array([0, 0, 0]), lineWidth=0, name='unnamed Rect', opacity=0.0, ori=0.0, pos=array([0.1, 0. ]), size=array([1.1, 1. ]), units='height', vertices=ndarray(...), win=Window(...))
77.0133 	EXP 	unnamed Rect: autoDraw = True
77.0133 	EXP 	node0: autoDraw = True
77.0133 	EXP 	node1: autoDraw = True
77.0133 	EXP 	node2: autoDraw = True
77.0133 	EXP 	unnamed ImageStim: autoDraw = True
77.0133 	EXP 	node3: autoDraw = True
77.0133 	EXP 	node4: autoDraw = True
77.0133 	EXP 	node5: autoDraw = True
77.0133 	EXP 	unnamed ImageStim: autoDraw = True
77.0133 	EXP 	node6: autoDraw = True
77.0133 	EXP 	node7: autoDraw = True
77.0133 	EXP 	node8: autoDraw = True
77.0133 	EXP 	node9: autoDraw = True
77.0133 	EXP 	node10: autoDraw = True
77.0133 	EXP 	unnamed Line: autoDraw = True
77.0133 	EXP 	unnamed Line: autoDraw = True
77.0133 	EXP 	unnamed ShapeStim: autoDraw = True
77.0133 	EXP 	unnamed Line: autoDraw = True
77.0133 	EXP 	unnamed Line: autoDraw = True
77.0133 	EXP 	unnamed ShapeStim: autoDraw = True
77.0133 	EXP 	unnamed Rect: autoDraw = True
77.0133 	EXP 	node10: fillColor = '#126DEF'
77.0167 	EXP 	node10: fillColor = '#126DEF'
77.0167 	EXP 	unnamed Line: autoDraw = False
77.0167 	EXP 	unnamed ShapeStim: autoDraw = False
77.0167 	EXP 	unnamed Line: autoDraw = True
77.0167 	EXP 	unnamed ShapeStim: autoDraw = True
77.0167 	EXP 	unnamed Line: autoDraw = False
77.0167 	EXP 	unnamed ShapeStim: autoDraw = False
77.0167 	EXP 	unnamed Line: autoDraw = True
77.0167 	EXP 	unnamed ShapeStim: autoDraw = True
77.0167 	EXP 	unnamed Line: foreColor = <psychopy.colors.Color: (1.0, 0.58, -0.87, 1.0)>
77.0167 	EXP 	unnamed Line: borderColor = <psychopy.colors.Color: (1.0, 0.58, -0.87, 1.0)>
77.0167 	EXP 	unnamed Line: fillColor = <psychopy.colors.Color: (1.0, 0.58, -0.87, 1.0)>
77.0167 	EXP 	unnamed ShapeStim: foreColor = <psychopy.colors.Color: (1.0, 0.58, -0.87, 1.0)>
77.0167 	EXP 	unnamed ShapeStim: borderColor = <psychopy.colors.Color: (1.0, 0.58, -0.87, 1.0)>
77.0167 	EXP 	unnamed ShapeStim: fillColor = <psychopy.colors.Color: (1.0, 0.58, -0.87, 1.0)>
77.5068 	DATA 	Keypress: f
77.5110 	EXP 	unnamed Line: foreColor = <psychopy.colors.Color: black, alpha=1.0>
77.5110 	EXP 	unnamed Line: borderColor = <psychopy.colors.Color: black, alpha=1.0>
77.5110 	EXP 	unnamed Line: fillColor = <psychopy.colors.Color: black, alpha=1.0>
77.5110 	EXP 	unnamed ShapeStim: foreColor = <psychopy.colors.Color: black, alpha=1.0>
77.5110 	EXP 	unnamed ShapeStim: borderColor = <psychopy.colors.Color: black, alpha=1.0>
77.5110 	EXP 	unnamed ShapeStim: fillColor = <psychopy.colors.Color: black, alpha=1.0>
77.5110 	EXP 	unnamed Line: foreColor = <psychopy.colors.Color: (1.0, 0.58, -0.87, 1.0)>
77.5110 	EXP 	unnamed Line: borderColor = <psychopy.colors.Color: (1.0, 0.58, -0.87, 1.0)>
77.5110 	EXP 	unnamed Line: fillColor = <psychopy.colors.Color: (1.0, 0.58, -0.87, 1.0)>
77.5110 	EXP 	unnamed ShapeStim: foreColor = <psychopy.colors.Color: (1.0, 0.58, -0.87, 1.0)>
77.5110 	EXP 	unnamed ShapeStim: borderColor = <psychopy.colors.Color: (1.0, 0.58, -0.87, 1.0)>
77.5110 	EXP 	unnamed ShapeStim: fillColor = <psychopy.colors.Color: (1.0, 0.58, -0.87, 1.0)>
77.7626 	DATA 	Keypress: f
77.7664 	EXP 	unnamed Line: foreColor = <psychopy.colors.Color: black, alpha=1.0>
77.7664 	EXP 	unnamed Line: borderColor = <psychopy.colors.Color: black, alpha=1.0>
77.7664 	EXP 	unnamed Line: fillColor = <psychopy.colors.Color: black, alpha=1.0>
77.7664 	EXP 	unnamed ShapeStim: foreColor = <psychopy.colors.Color: black, alpha=1.0>
77.7664 	EXP 	unnamed ShapeStim: borderColor = <psychopy.colors.Color: black, alpha=1.0>
77.7664 	EXP 	unnamed ShapeStim: fillColor = <psychopy.colors.Color: black, alpha=1.0>
77.7664 	EXP 	unnamed Line: foreColor = <psychopy.colors.Color: (1.0, 0.58, -0.87, 1.0)>
77.7664 	EXP 	unnamed Line: borderColor = <psychopy.colors.Color: (1.0, 0.58, -0.87, 1.0)>
77.7664 	EXP 	unnamed Line: fillColor = <psychopy.colors.Color: (1.0, 0.58, -0.87, 1.0)>
77.7664 	EXP 	unnamed ShapeStim: foreColor = <psychopy.colors.Color: (1.0, 0.58, -0.87, 1.0)>
77.7664 	EXP 	unnamed ShapeStim: borderColor = <psychopy.colors.Color: (1.0, 0.58, -0.87, 1.0)>
77.7664 	EXP 	unnamed ShapeStim: fillColor = <psychopy.colors.Color: (1.0, 0.58, -0.87, 1.0)>
77.9865 	DATA 	Keypress: j
77.9899 	EXP 	node5: fillColor = '#126DEF'
77.9899 	EXP 	node10: fillColor = 'white'
78.6900 	EXP 	window1: mouseVisible = True
78.6914 	EXP 	Created unnamed TextStim = TextStim(__class__=<class 'psychopy.visual.text.TextStim'>, alignHoriz=method-wrapper(...), alignText='center', alignVert=method-wrapper(...), anchorHoriz='center', anchorVert='center', antialias=True, autoDraw=False, autoLog=True, bold=True, color=array([-0.88235294, -0.12156863, -0.97647059]), colorSpace='rgb', contrast=1.0, depth=0, draggable=False, flipHoriz=False, flipVert=False, font='', fontFiles=[], height=0.04, italic=False, languageStyle='LTR', name='unnamed TextStim', opacity=1.0, ori=0.0, pos=array([-0.03860639, -0.27582254]), rgb=UNKNOWN, text='+4', units='height', win=Window(...), wrapWidth=1)
78.6944 	EXP 	node5: fillColor = 'white'
78.6944 	EXP 	unnamed ImageStim: autoDraw = True
79.7049 	EXP 	unnamed ImageStim: autoDraw = False
79.7049 	EXP 	unnamed Rect: autoDraw = False
79.7049 	EXP 	unnamed Rect: autoDraw = True
79.8682 	EXP 	unnamed Rect: autoDraw = False
79.8682 	EXP 	node0: autoDraw = False
79.8682 	EXP 	node1: autoDraw = False
79.8682 	EXP 	node2: autoDraw = False
79.8682 	EXP 	unnamed ImageStim: autoDraw = False
79.8682 	EXP 	node3: autoDraw = False
79.8682 	EXP 	node4: autoDraw = False
79.8682 	EXP 	node5: autoDraw = False
79.8682 	EXP 	unnamed ImageStim: autoDraw = False
79.8682 	EXP 	node6: autoDraw = False
79.8682 	EXP 	node7: autoDraw = False
79.8682 	EXP 	node8: autoDraw = False
79.8682 	EXP 	node9: autoDraw = False
79.8682 	EXP 	node10: autoDraw = False
79.8682 	EXP 	unnamed Line: autoDraw = False
79.8682 	EXP 	unnamed ShapeStim: autoDraw = False
79.8682 	EXP 	unnamed Line: autoDraw = False
79.8682 	EXP 	unnamed ShapeStim: autoDraw = False
79.8682 	EXP 	unnamed Rect: autoDraw = False
79.8775 	INFO 	Mouse: using default window
79.8775 	EXP 	window1: mouseVisible = True
79.8777 	EXP 	window1: mouseVisible = True
79.8819 	EXP 	Created unnamed TextStim = TextStim(__class__=<class 'psychopy.visual.text.TextStim'>, alignHoriz=method-wrapper(...), alignText='center', alignVert=method-wrapper(...), anchorHoriz='center', anchorVert='center', antialias=True, autoDraw=False, autoLog=True, bold=False, color=array([1, 1, 1]), colorSpace='rgb', contrast=1.0, depth=0, draggable=False, flipHoriz=False, flipVert=False, font='', fontFiles=[], height=0.035, italic=False, languageStyle='LTR', name='unnamed TextStim', opacity=1.0, ori=0.0, pos=array([0., 0.]), rgb=UNKNOWN, text='press Space to start', units='height', win=Window(...), wrapWidth=1)
80.1950 	DATA 	Keypress: space
80.1955 	EXP 	window1: mouseVisible = True
80.1959 	EXP 	Created unnamed Rect = Rect(__class__=<class 'psychopy.visual.rect.Rect'>, anchor=('center', 'center'), autoDraw=False, autoLog=True, closeShape=True, color=method-wrapper(...), colorSpace='rgb', contrast=None, depth=0, draggable=False, fillColor=array([0.00392157, 0.00392157, 0.00392157]), fillColorSpace='rgb', fillRGB=array([0.00392157, 0.00392157, 0.00392157]), interpolate=True, lineColor=array([0, 0, 0]), lineColorSpace='rgb', lineRGB=array([0, 0, 0]), lineWidth=0, name='unnamed Rect', opacity=0.5, ori=0.0, pos=array([-0.65,  0.45]), size=array([0.1, 0.1]), units='height', vertices=ndarray(...), win=Window(...))
80.1970 	EXP 	window1: mouseVisible = True
80.1989 	EXP 	Created node0 = Circle(__class__=<class 'psychopy.visual.circle.Circle'>, anchor=('center', 'center'), autoDraw=False, autoLog=True, closeShape=True, color=method-wrapper(...), colorSpace='rgb', contrast=None, depth=0, draggable=False, fillColor=array([1, 1, 1]), fillColorSpace='rgb', fillRGB=array([1, 1, 1]), interpolate=True, lineColor=array([-1, -1, -1]), lineColorSpace='rgb', lineRGB=array([-1, -1, -1]), lineWidth=2, name='node0', opacity=1.0, ori=0.0, pos=array([0.  , 0.35]), size=array([1., 1.]), units='height', vertices=ndarray(...), win=Window(...))
80.1990 	EXP 	window1: mouseVisible = True
80.2159 	EXP 	Created unnamed ImageStim = ImageStim(__class__=<class 'psychopy.visual.image.ImageStim'>, anchor=('center', 'center'), autoLog=True, color=array([1., 1., 1.]), colorSpace='rgb', contrast=1.0, depth=0, draggable=False, flipHoriz=False, flipVert=False, image='images/pattern_3.png', interpolate=False, mask=None, maskParams=None, name='unnamed ImageStim', opacity=1.0, ori=0.0, pos=array([0.  , 0.35]), size=array([0.12, 0.12]), texRes=128, units='height', win=Window(...))
80.2169 	EXP 	window1: mouseVisible = True
80.2189 	EXP 	Created node1 = Circle(__class__=<class 'psychopy.visual.circle.Circle'>, anchor=('center', 'center'), autoDraw=False, autoLog=True, closeShape=True, color=method-wrapper(...), colorSpace='rgb', contrast=None, depth=0, draggable=False, fillColor=array([1, 1, 1]), fillColorSpace='rgb', fillRGB=array([1, 1, 1]), interpolate=True, lineColor=array([-1, -1, -1]), lineColorSpace='rgb', lineRGB=array([-1, -1, -1]), lineWidth=2, name='node1', opacity=1.0, ori=0.0, pos=array([-0.18922429,  0.29443874]), size=array([1., 1.]), units='height', vertices=ndarray(...), win=Window(...))
80.2190 	EXP 	window1: mouseVisible = True
80.2362 	EXP 	Created unnamed ImageStim = ImageStim(__class__=<class 'psychopy.visual.image.ImageStim'>, anchor=('center', 'center'), autoLog=True, color=array([1., 1., 1.]), colorSpace='rgb', contrast=1.0, depth=0, draggable=False, flipHoriz=False, flipVert=False, image='images/pattern_7.png', interpolate=False, mask=None, maskParams=None, name='unnamed ImageStim', opacity=1.0, ori=0.0, pos=array([-0.18922429,  0.29443874]), size=array([0.12, 0.12]), texRes=128, units='height', win=Window(...))
80.2372 	EXP 	window1: mouseVisible = True
80.2391 	EXP 	Created node2 = Circle(__class__=<class 'psychopy.visual.circle.Circle'>, anchor=('center', 'center'), autoDraw=False, autoLog=True, closeShape=True, color=method-wrapper(...), colorSpace='rgb', contrast=None, depth=0, draggable=False, fillColor=array([1, 1, 1]), fillColorSpace='rgb', fillRGB=array([1, 1, 1]), interpolate=True, lineColor=array([-1, -1, -1]), lineColorSpace='rgb', lineRGB=array([-1, -1, -1]), lineWidth=2, name='node2', opacity=1.0, ori=0.0, pos=array([-0.3183712 ,  0.14539525]), size=array([1., 1.]), units='height', vertices=ndarray(...), win=Window(...))
80.2401 	EXP 	window1: mouseVisible = True
80.2420 	EXP 	Created node3 = Circle(__class__=<class 'psychopy.visual.circle.Circle'>, anchor=('center', 'center'), autoDraw=False, autoLog=True, closeShape=True, color=method-wrapper(...), colorSpace='rgb', contrast=None, depth=0, draggable=False, fillColor=array([1, 1, 1]), fillColorSpace='rgb', fillRGB=array([1, 1, 1]), interpolate=True, lineColor=array([-1, -1, -1]), lineColorSpace='rgb', lineRGB=array([-1, -1, -1]), lineWidth=2, name='node3', opacity=1.0, ori=0.0, pos=array([-0.3464375 , -0.04981019]), size=array([1., 1.]), units='height', vertices=ndarray(...), win=Window(...))
80.2430 	EXP 	window1: mouseVisible = True
80.2448 	EXP 	Created node4 = Circle(__class__=<class 'psychopy.visual.circle.Circle'>, anchor=('center', 'center'), autoDraw=False, autoLog=True, closeShape=True, color=method-wrapper(...), colorSpace='rgb', contrast=None, depth=0, draggable=False, fillColor=array([1, 1, 1]), fillColorSpace='rgb', fillRGB=array([1, 1, 1]), interpolate=True, lineColor=array([-1, -1, -1]), lineColorSpace='rgb', lineRGB=array([-1, -1, -1]), lineWidth=2, name='node4', opacity=1.0, ori=0.0, pos=array([-0.26451235, -0.22920126]), size=array([1., 1.]), units='height', vertices=ndarray(...), win=Window(...))
80.2458 	EXP 	window1: mouseVisible = True
80.2477 	EXP 	Created node5 = Circle(__class__=<class 'psychopy.visual.circle.Circle'>, anchor=('center', 'center'), autoDraw=False, autoLog=True, closeShape=True, color=method-wrapper(...), colorSpace='rgb', contrast=None, depth=0, draggable=False, fillColor=array([1, 1, 1]), fillColorSpace='rgb', fillRGB=array([1, 1, 1]), interpolate=True, lineColor=array([-1, -1, -1]), lineColorSpace='rgb', lineRGB=array([-1, -1, -1]), lineWidth=2, name='node5', opacity=1.0, ori=0.0, pos=array([-0.09860639, -0.33582254]), size=array([1., 1.]), units='height', vertices=ndarray(...), win=Window(...))
80.2487 	EXP 	window1: mouseVisible = True
80.2505 	EXP 	Created node6 = Circle(__class__=<class 'psychopy.visual.circle.Circle'>, anchor=('center', 'center'), autoDraw=False, autoLog=True, closeShape=True, color=method-wrapper(...), colorSpace='rgb', contrast=None, depth=0, draggable=False, fillColor=array([1, 1, 1]), fillColorSpace='rgb', fillRGB=array([1, 1, 1]), interpolate=True, lineColor=array([-1, -1, -1]), lineColorSpace='rgb', lineRGB=array([-1, -1, -1]), lineWidth=2, name='node6', opacity=1.0, ori=0.0, pos=array([ 0.09860639, -0.33582254]), size=array([1., 1.]), units='height', vertices=ndarray(...), win=Window(...))
80.2515 	EXP 	window1: mouseVisible = True
80.2533 	EXP 	Created node7 = Circle(__class__=<class 'psychopy.visual.circle.Circle'>, anchor=('center', 'center'), autoDraw=False, autoLog=True, closeShape=True, color=method-wrapper(...), colorSpace='rgb', contrast=None, depth=0, draggable=False, fillColor=array([1, 1, 1]), fillColorSpace='rgb', fillRGB=array([1, 1, 1]), interpolate=True, lineColor=array([-1, -1, -1]), lineColorSpace='rgb', lineRGB=array([-1, -1, -1]), lineWidth=2, name='node7', opacity=1.0, ori=0.0, pos=array([ 0.26451235, -0.22920126]), size=array([1., 1.]), units='height', vertices=ndarray(...), win=Window(...))
80.2544 	EXP 	window1: mouseVisible = True
80.2562 	EXP 	Created node8 = Circle(__class__=<class 'psychopy.visual.circle.Circle'>, anchor=('center', 'center'), autoDraw=False, autoLog=True, closeShape=True, color=method-wrapper(...), colorSpace='rgb', contrast=None, depth=0, draggable=False, fillColor=array([1, 1, 1]), fillColorSpace='rgb', fillRGB=array([1, 1, 1]), interpolate=True, lineColor=array([-1, -1, -1]), lineColorSpace='rgb', lineRGB=array([-1, -1, -1]), lineWidth=2, name='node8', opacity=1.0, ori=0.0, pos=array([ 0.3464375 , -0.04981019]), size=array([1., 1.]), units='height', vertices=ndarray(...), win=Window(...))
80.2572 	EXP 	window1: mouseVisible = True
80.2590 	EXP 	Created node9 = Circle(__class__=<class 'psychopy.visual.circle.Circle'>, anchor=('center', 'center'), autoDraw=False, autoLog=True, closeShape=True, color=method-wrapper(...), colorSpace='rgb', contrast=None, depth=0, draggable=False, fillColor=array([1, 1, 1]), fillColorSpace='rgb', fillRGB=array([1, 1, 1]), interpolate=True, lineColor=array([-1, -1, -1]), lineColorSpace='rgb', lineRGB=array([-1, -1, -1]), lineWidth=2, name='node9', opacity=1.0, ori=0.0, pos=array([0.3183712 , 0.14539525]), size=array([1., 1.]), units='height', vertices=ndarray(...), win=Window(...))
80.2600 	EXP 	window1: mouseVisible = True
80.2619 	EXP 	Created node10 = Circle(__class__=<class 'psychopy.visual.circle.Circle'>, anchor=('center', 'center'), autoDraw=False, autoLog=True, closeShape=True, color=method-wrapper(...), colorSpace='rgb', contrast=None, depth=0, draggable=False, fillColor=array([1, 1, 1]), fillColorSpace='rgb', fillRGB=array([1, 1, 1]), interpolate=True, lineColor=array([-1, -1, -1]), lineColorSpace='rgb', lineRGB=array([-1, -1, -1]), lineWidth=2, name='node10', opacity=1.0, ori=0.0, pos=array([0.18922429, 0.29443874]), size=array([1., 1.]), units='height', vertices=ndarray(...), win=Window(...))
80.2619 	EXP 	window1: mouseVisible = True
80.2623 	EXP 	Created unnamed Line = Line(__class__=<class 'psychopy.visual.line.Line'>, anchor=('center', 'center'), autoDraw=False, autoLog=True, closeShape=False, color=array([-1, -1, -1]), colorSpace='rgb', contrast=None, depth=2, draggable=False, fillColor=array([0, 0, 0]), fillColorSpace='rgb', fillRGB=array([0, 0, 0]), interpolate=True, lineColor=array([-1, -1, -1]), lineColorSpace='rgb', lineRGB=array([-1, -1, -1]), lineWidth=4, name='unnamed Line', opacity=0.5, ori=0.0, pos=array([0., 0.]), size=array([1., 1.]), units='height', vertices=ndarray(...), win=Window(...), windingRule=None)
80.2624 	EXP 	window1: mouseVisible = True
80.2628 	EXP 	Created unnamed ShapeStim = ShapeStim(__class__=<class 'psychopy.visual.shape.ShapeStim'>, anchor=('center', 'center'), autoDraw=False, autoLog=True, closeShape=True, color=method-wrapper(...), colorSpace='rgb', contrast=None, depth=0, draggable=False, fillColor=array([-1, -1, -1]), fillColorSpace='rgb', fillRGB=array([-1, -1, -1]), interpolate=True, lineColor=array([-1, -1, -1]), lineColorSpace='rgb', lineRGB=array([-1, -1, -1]), lineWidth=1.5, name='unnamed ShapeStim', opacity=1.0, ori=-40.90909090909091, pos=array([0.03274304, 0.31221252]), size=array([1., 1.]), units='height', vertices=ndarray(...), win=Window(...), windingRule=None)
80.2628 	EXP 	window1: mouseVisible = True
80.2632 	EXP 	Created unnamed Line = Line(__class__=<class 'psychopy.visual.line.Line'>, anchor=('center', 'center'), autoDraw=False, autoLog=True, closeShape=False, color=array([-1, -1, -1]), colorSpace='rgb', contrast=None, depth=2, draggable=False, fillColor=array([0, 0, 0]), fillColorSpace='rgb', fillRGB=array([0, 0, 0]), interpolate=True, lineColor=array([-1, -1, -1]), lineColorSpace='rgb', lineRGB=array([-1, -1, -1]), lineWidth=4, name='unnamed Line', opacity=0.5, ori=0.0, pos=array([0., 0.]), size=array([1., 1.]), units='height', vertices=ndarray(...), win=Window(...), windingRule=None)
80.2632 	EXP 	window1: mouseVisible = True
80.2636 	EXP 	Created unnamed ShapeStim = ShapeStim(__class__=<class 'psychopy.visual.shape.ShapeStim'>, anchor=('center', 'center'), autoDraw=False, autoLog=True, closeShape=True, color=method-wrapper(...), colorSpace='rgb', contrast=None, depth=0, draggable=False, fillColor=array([-1, -1, -1]), fillColorSpace='rgb', fillRGB=array([-1, -1, -1]), interpolate=True, lineColor=array([-1, -1, -1]), lineColorSpace='rgb', lineRGB=array([-1, -1, -1]), lineWidth=1.5, name='unnamed ShapeStim', opacity=1.0, ori=-57.27272727272728, pos=array([-0.14716161,  0.2674067 ]), size=array([1., 1.]), units='height', vertices=ndarray(...), win=Window(...), windingRule=None)
80.2636 	EXP 	window1: mouseVisible = True
80.2640 	EXP 	Created unnamed Rect = Rect(__class__=<class 'psychopy.visual.rect.Rect'>, anchor=('center', 'center'), autoDraw=False, autoLog=True, closeShape=True, color=method-wrapper(...), colorSpace='rgb', contrast=None, depth=0, draggable=False, fillColor=array([0.00392157, 0.00392157, 0.00392157]), fillColorSpace='rgb', fillRGB=array([0.00392157, 0.00392157, 0.00392157]), interpolate=True, lineColor=array([0, 0, 0]), lineColorSpace='rgb', lineRGB=array([0, 0, 0]), lineWidth=0, name='unnamed Rect', opacity=0.0, ori=0.0, pos=array([0.1, 0. ]), size=array([1.1, 1. ]), units='height', vertices=ndarray(...), win=Window(...))
80.2680 	EXP 	unnamed Rect: autoDraw = True
80.2680 	EXP 	node0: autoDraw = True
80.2680 	EXP 	unnamed ImageStim: autoDraw = True
80.2680 	EXP 	node1: autoDraw = True
80.2680 	EXP 	unnamed ImageStim: autoDraw = True
80.2680 	EXP 	node2: autoDraw = True
80.2680 	EXP 	node3: autoDraw = True
80.2680 	EXP 	node4: autoDraw = True
80.2680 	EXP 	node5: autoDraw = True
80.2680 	EXP 	node6: autoDraw = True
80.2680 	EXP 	node7: autoDraw = True
80.2680 	EXP 	node8: autoDraw = True
80.2680 	EXP 	node9: autoDraw = True
80.2680 	EXP 	node10: autoDraw = True
80.2680 	EXP 	unnamed Line: autoDraw = True
80.2680 	EXP 	unnamed Line: autoDraw = True
80.2680 	EXP 	unnamed ShapeStim: autoDraw = True
80.2680 	EXP 	unnamed Line: autoDraw = True
80.2680 	EXP 	unnamed Line: autoDraw = True
80.2680 	EXP 	unnamed ShapeStim: autoDraw = True
80.2680 	EXP 	unnamed Rect: autoDraw = True
80.2680 	EXP 	node8: fillColor = '#126DEF'
80.2714 	EXP 	node8: fillColor = '#126DEF'
80.2714 	EXP 	unnamed Line: autoDraw = False
80.2714 	EXP 	unnamed ShapeStim: autoDraw = False
80.2714 	EXP 	unnamed Line: autoDraw = True
80.2714 	EXP 	unnamed ShapeStim: autoDraw = True
80.2714 	EXP 	unnamed Line: autoDraw = False
80.2714 	EXP 	unnamed ShapeStim: autoDraw = False
80.2714 	EXP 	unnamed Line: autoDraw = True
80.2714 	EXP 	unnamed ShapeStim: autoDraw = True
80.2714 	EXP 	unnamed Line: foreColor = <psychopy.colors.Color: (1.0, 0.58, -0.87, 1.0)>
80.2714 	EXP 	unnamed Line: borderColor = <psychopy.colors.Color: (1.0, 0.58, -0.87, 1.0)>
80.2714 	EXP 	unnamed Line: fillColor = <psychopy.colors.Color: (1.0, 0.58, -0.87, 1.0)>
80.2714 	EXP 	unnamed ShapeStim: foreColor = <psychopy.colors.Color: (1.0, 0.58, -0.87, 1.0)>
80.2714 	EXP 	unnamed ShapeStim: borderColor = <psychopy.colors.Color: (1.0, 0.58, -0.87, 1.0)>
80.2714 	EXP 	unnamed ShapeStim: fillColor = <psychopy.colors.Color: (1.0, 0.58, -0.87, 1.0)>
80.7711 	DATA 	Keypress: f
80.7749 	EXP 	unnamed Line: foreColor = <psychopy.colors.Color: black, alpha=1.0>
80.7749 	EXP 	unnamed Line: borderColor = <psychopy.colors.Color: black, alpha=1.0>
80.7749 	EXP 	unnamed Line: fillColor = <psychopy.colors.Color: black, alpha=1.0>
80.7749 	EXP 	unnamed ShapeStim: foreColor = <psychopy.colors.Color: black, alpha=1.0>
80.7749 	EXP 	unnamed ShapeStim: borderColor = <psychopy.colors.Color: black, alpha=1.0>
80.7749 	EXP 	unnamed ShapeStim: fillColor = <psychopy.colors.Color: black, alpha=1.0>
80.7749 	EXP 	unnamed Line: foreColor = <psychopy.colors.Color: (1.0, 0.58, -0.87, 1.0)>
80.7749 	EXP 	unnamed Line: borderColor = <psychopy.colors.Color: (1.0, 0.58, -0.87, 1.0)>
80.7749 	EXP 	unnamed Line: fillColor = <psychopy.colors.Color: (1.0, 0.58, -0.87, 1.0)>
80.7749 	EXP 	unnamed ShapeStim: foreColor = <psychopy.colors.Color: (1.0, 0.58, -0.87, 1.0)>
80.7749 	EXP 	unnamed ShapeStim: borderColor = <psychopy.colors.Color: (1.0, 0.58, -0.87, 1.0)>
80.7749 	EXP 	unnamed ShapeStim: fillColor = <psychopy.colors.Color: (1.0, 0.58, -0.87, 1.0)>
81.4427 	DATA 	Keypress: j
81.4470 	EXP 	node1: fillColor = '#126DEF'
81.4470 	EXP 	node8: fillColor = 'white'
82.1473 	EXP 	window1: mouseVisible = True
82.1488 	EXP 	Created unnamed TextStim = TextStim(__class__=<class 'psychopy.visual.text.TextStim'>, alignHoriz=method-wrapper(...), alignText='center', alignVert=method-wrapper(...), anchorHoriz='center', anchorVert='center', antialias=True, autoDraw=False, autoLog=True, bold=True, color=array([-0.88235294, -0.12156863, -0.97647059]), colorSpace='rgb', contrast=1.0, depth=0, draggable=False, flipHoriz=False, flipVert=False, font='', fontFiles=[], height=0.04, italic=False, languageStyle='LTR', name='unnamed TextStim', opacity=1.0, ori=0.0, pos=array([-0.12922429,  0.35443874]), rgb=UNKNOWN, text='+2', units='height', win=Window(...), wrapWidth=1)
82.1528 	EXP 	node1: fillColor = 'white'
82.1528 	EXP 	unnamed ImageStim: autoDraw = True
83.1604 	EXP 	unnamed ImageStim: autoDraw = False
83.1604 	EXP 	unnamed Rect: autoDraw = False
83.1604 	EXP 	unnamed Rect: autoDraw = True
83.3011 	EXP 	unnamed Rect: autoDraw = False
83.3011 	EXP 	node0: autoDraw = False
83.3011 	EXP 	unnamed ImageStim: autoDraw = False
83.3011 	EXP 	node1: autoDraw = False
83.3011 	EXP 	unnamed ImageStim: autoDraw = False
83.3011 	EXP 	node2: autoDraw = False
83.3011 	EXP 	node3: autoDraw = False
83.3011 	EXP 	node4: autoDraw = False
83.3011 	EXP 	node5: autoDraw = False
83.3011 	EXP 	node6: autoDraw = False
83.3011 	EXP 	node7: autoDraw = False
83.3011 	EXP 	node8: autoDraw = False
83.3011 	EXP 	node9: autoDraw = False
83.3011 	EXP 	node10: autoDraw = False
83.3011 	EXP 	unnamed Line: autoDraw = False
83.3011 	EXP 	unnamed ShapeStim: autoDraw = False
83.3011 	EXP 	unnamed Line: autoDraw = False
83.3011 	EXP 	unnamed ShapeStim: autoDraw = False
83.3011 	EXP 	unnamed Rect: autoDraw = False
84.5631 	DATA 	Keypress: space
84.5768 	INFO 	Mouse: using default window
84.5768 	EXP 	window1: mouseVisible = True
84.5769 	EXP 	window1: mouseVisible = True
84.5798 	EXP 	Created unnamed TextStim = TextStim(__class__=<class 'psychopy.visual.text.TextStim'>, alignHoriz=method-wrapper(...), alignText='center', alignVert=method-wrapper(...), anchorHoriz='center', anchorVert='center', antialias=True, autoDraw=False, autoLog=True, bold=False, color=array([1, 1, 1]), colorSpace='rgb', contrast=1.0, depth=0, draggable=False, flipHoriz=False, flipVert=False, font='', fontFiles=[], height=0.035, italic=False, languageStyle='LTR', name='unnamed TextStim', opacity=1.0, ori=0.0, pos=array([0., 0.]), rgb=UNKNOWN, text='press Space to start', units='height', win=Window(...), wrapWidth=1)
85.1627 	DATA 	Keypress: space
85.1632 	EXP 	window1: mouseVisible = True
85.1636 	EXP 	Created unnamed Rect = Rect(__class__=<class 'psychopy.visual.rect.Rect'>, anchor=('center', 'center'), autoDraw=False, autoLog=True, closeShape=True, color=method-wrapper(...), colorSpace='rgb', contrast=None, depth=0, draggable=False, fillColor=array([0.00392157, 0.00392157, 0.00392157]), fillColorSpace='rgb', fillRGB=array([0.00392157, 0.00392157, 0.00392157]), interpolate=True, lineColor=array([0, 0, 0]), lineColorSpace='rgb', lineRGB=array([0, 0, 0]), lineWidth=0, name='unnamed Rect', opacity=0.5, ori=0.0, pos=array([-0.65,  0.45]), size=array([0.1, 0.1]), units='height', vertices=ndarray(...), win=Window(...))
85.1647 	EXP 	window1: mouseVisible = True
85.1667 	EXP 	Created node0 = Circle(__class__=<class 'psychopy.visual.circle.Circle'>, anchor=('center', 'center'), autoDraw=False, autoLog=True, closeShape=True, color=method-wrapper(...), colorSpace='rgb', contrast=None, depth=0, draggable=False, fillColor=array([1, 1, 1]), fillColorSpace='rgb', fillRGB=array([1, 1, 1]), interpolate=True, lineColor=array([-1, -1, -1]), lineColorSpace='rgb', lineRGB=array([-1, -1, -1]), lineWidth=2, name='node0', opacity=1.0, ori=0.0, pos=array([0.  , 0.35]), size=array([1., 1.]), units='height', vertices=ndarray(...), win=Window(...))
85.1668 	EXP 	window1: mouseVisible = True
85.1837 	EXP 	Created unnamed ImageStim = ImageStim(__class__=<class 'psychopy.visual.image.ImageStim'>, anchor=('center', 'center'), autoLog=True, color=array([1., 1., 1.]), colorSpace='rgb', contrast=1.0, depth=0, draggable=False, flipHoriz=False, flipVert=False, image='images/pattern_6.png', interpolate=False, mask=None, maskParams=None, name='unnamed ImageStim', opacity=1.0, ori=0.0, pos=array([0.  , 0.35]), size=array([0.12, 0.12]), texRes=128, units='height', win=Window(...))
85.1848 	EXP 	window1: mouseVisible = True
85.1867 	EXP 	Created node1 = Circle(__class__=<class 'psychopy.visual.circle.Circle'>, anchor=('center', 'center'), autoDraw=False, autoLog=True, closeShape=True, color=method-wrapper(...), colorSpace='rgb', contrast=None, depth=0, draggable=False, fillColor=array([1, 1, 1]), fillColorSpace='rgb', fillRGB=array([1, 1, 1]), interpolate=True, lineColor=array([-1, -1, -1]), lineColorSpace='rgb', lineRGB=array([-1, -1, -1]), lineWidth=2, name='node1', opacity=1.0, ori=0.0, pos=array([-0.18922429,  0.29443874]), size=array([1., 1.]), units='height', vertices=ndarray(...), win=Window(...))
85.1867 	EXP 	window1: mouseVisible = True
85.2031 	EXP 	Created unnamed ImageStim = ImageStim(__class__=<class 'psychopy.visual.image.ImageStim'>, anchor=('center', 'center'), autoLog=True, color=array([1., 1., 1.]), colorSpace='rgb', contrast=1.0, depth=0, draggable=False, flipHoriz=False, flipVert=False, image='images/pattern_6.png', interpolate=False, mask=None, maskParams=None, name='unnamed ImageStim', opacity=1.0, ori=0.0, pos=array([-0.18922429,  0.29443874]), size=array([0.12, 0.12]), texRes=128, units='height', win=Window(...))
85.2041 	EXP 	window1: mouseVisible = True
85.2060 	EXP 	Created node2 = Circle(__class__=<class 'psychopy.visual.circle.Circle'>, anchor=('center', 'center'), autoDraw=False, autoLog=True, closeShape=True, color=method-wrapper(...), colorSpace='rgb', contrast=None, depth=0, draggable=False, fillColor=array([1, 1, 1]), fillColorSpace='rgb', fillRGB=array([1, 1, 1]), interpolate=True, lineColor=array([-1, -1, -1]), lineColorSpace='rgb', lineRGB=array([-1, -1, -1]), lineWidth=2, name='node2', opacity=1.0, ori=0.0, pos=array([-0.3183712 ,  0.14539525]), size=array([1., 1.]), units='height', vertices=ndarray(...), win=Window(...))
85.2061 	EXP 	window1: mouseVisible = True
85.2228 	EXP 	Created unnamed ImageStim = ImageStim(__class__=<class 'psychopy.visual.image.ImageStim'>, anchor=('center', 'center'), autoLog=True, color=array([1., 1., 1.]), colorSpace='rgb', contrast=1.0, depth=0, draggable=False, flipHoriz=False, flipVert=False, image='images/pattern_5.png', interpolate=False, mask=None, maskParams=None, name='unnamed ImageStim', opacity=1.0, ori=0.0, pos=array([-0.3183712 ,  0.14539525]), size=array([0.12, 0.12]), texRes=128, units='height', win=Window(...))
85.2238 	EXP 	window1: mouseVisible = True
85.2258 	EXP 	Created node3 = Circle(__class__=<class 'psychopy.visual.circle.Circle'>, anchor=('center', 'center'), autoDraw=False, autoLog=True, closeShape=True, color=method-wrapper(...), colorSpace='rgb', contrast=None, depth=0, draggable=False, fillColor=array([1, 1, 1]), fillColorSpace='rgb', fillRGB=array([1, 1, 1]), interpolate=True, lineColor=array([-1, -1, -1]), lineColorSpace='rgb', lineRGB=array([-1, -1, -1]), lineWidth=2, name='node3', opacity=1.0, ori=0.0, pos=array([-0.3464375 , -0.04981019]), size=array([1., 1.]), units='height', vertices=ndarray(...), win=Window(...))
85.2268 	EXP 	window1: mouseVisible = True
85.2286 	EXP 	Created node4 = Circle(__class__=<class 'psychopy.visual.circle.Circle'>, anchor=('center', 'center'), autoDraw=False, autoLog=True, closeShape=True, color=method-wrapper(...), colorSpace='rgb', contrast=None, depth=0, draggable=False, fillColor=array([1, 1, 1]), fillColorSpace='rgb', fillRGB=array([1, 1, 1]), interpolate=True, lineColor=array([-1, -1, -1]), lineColorSpace='rgb', lineRGB=array([-1, -1, -1]), lineWidth=2, name='node4', opacity=1.0, ori=0.0, pos=array([-0.26451235, -0.22920126]), size=array([1., 1.]), units='height', vertices=ndarray(...), win=Window(...))
85.2287 	EXP 	window1: mouseVisible = True
85.2448 	EXP 	Created unnamed ImageStim = ImageStim(__class__=<class 'psychopy.visual.image.ImageStim'>, anchor=('center', 'center'), autoLog=True, color=array([1., 1., 1.]), colorSpace='rgb', contrast=1.0, depth=0, draggable=False, flipHoriz=False, flipVert=False, image='images/pattern_4.png', interpolate=False, mask=None, maskParams=None, name='unnamed ImageStim', opacity=1.0, ori=0.0, pos=array([-0.26451235, -0.22920126]), size=array([0.12, 0.12]), texRes=128, units='height', win=Window(...))
85.2459 	EXP 	window1: mouseVisible = True
85.2478 	EXP 	Created node5 = Circle(__class__=<class 'psychopy.visual.circle.Circle'>, anchor=('center', 'center'), autoDraw=False, autoLog=True, closeShape=True, color=method-wrapper(...), colorSpace='rgb', contrast=None, depth=0, draggable=False, fillColor=array([1, 1, 1]), fillColorSpace='rgb', fillRGB=array([1, 1, 1]), interpolate=True, lineColor=array([-1, -1, -1]), lineColorSpace='rgb', lineRGB=array([-1, -1, -1]), lineWidth=2, name='node5', opacity=1.0, ori=0.0, pos=array([-0.09860639, -0.33582254]), size=array([1., 1.]), units='height', vertices=ndarray(...), win=Window(...))
85.2478 	EXP 	window1: mouseVisible = True
85.2643 	EXP 	Created unnamed ImageStim = ImageStim(__class__=<class 'psychopy.visual.image.ImageStim'>, anchor=('center', 'center'), autoLog=True, color=array([1., 1., 1.]), colorSpace='rgb', contrast=1.0, depth=0, draggable=False, flipHoriz=False, flipVert=False, image='images/pattern_2.png', interpolate=False, mask=None, maskParams=None, name='unnamed ImageStim', opacity=1.0, ori=0.0, pos=array([-0.09860639, -0.33582254]), size=array([0.12, 0.12]), texRes=128, units='height', win=Window(...))
85.2653 	EXP 	window1: mouseVisible = True
85.2672 	EXP 	Created node6 = Circle(__class__=<class 'psychopy.visual.circle.Circle'>, anchor=('center', 'center'), autoDraw=False, autoLog=True, closeShape=True, color=method-wrapper(...), colorSpace='rgb', contrast=None, depth=0, draggable=False, fillColor=array([1, 1, 1]), fillColorSpace='rgb', fillRGB=array([1, 1, 1]), interpolate=True, lineColor=array([-1, -1, -1]), lineColorSpace='rgb', lineRGB=array([-1, -1, -1]), lineWidth=2, name='node6', opacity=1.0, ori=0.0, pos=array([ 0.09860639, -0.33582254]), size=array([1., 1.]), units='height', vertices=ndarray(...), win=Window(...))
85.2672 	EXP 	window1: mouseVisible = True
85.2851 	EXP 	Created unnamed ImageStim = ImageStim(__class__=<class 'psychopy.visual.image.ImageStim'>, anchor=('center', 'center'), autoLog=True, color=array([1., 1., 1.]), colorSpace='rgb', contrast=1.0, depth=0, draggable=False, flipHoriz=False, flipVert=False, image='images/pattern_9.png', interpolate=False, mask=None, maskParams=None, name='unnamed ImageStim', opacity=1.0, ori=0.0, pos=array([ 0.09860639, -0.33582254]), size=array([0.12, 0.12]), texRes=128, units='height', win=Window(...))
85.2861 	EXP 	window1: mouseVisible = True
85.2880 	EXP 	Created node7 = Circle(__class__=<class 'psychopy.visual.circle.Circle'>, anchor=('center', 'center'), autoDraw=False, autoLog=True, closeShape=True, color=method-wrapper(...), colorSpace='rgb', contrast=None, depth=0, draggable=False, fillColor=array([1, 1, 1]), fillColorSpace='rgb', fillRGB=array([1, 1, 1]), interpolate=True, lineColor=array([-1, -1, -1]), lineColorSpace='rgb', lineRGB=array([-1, -1, -1]), lineWidth=2, name='node7', opacity=1.0, ori=0.0, pos=array([ 0.26451235, -0.22920126]), size=array([1., 1.]), units='height', vertices=ndarray(...), win=Window(...))
85.2880 	EXP 	window1: mouseVisible = True
85.3041 	EXP 	Created unnamed ImageStim = ImageStim(__class__=<class 'psychopy.visual.image.ImageStim'>, anchor=('center', 'center'), autoLog=True, color=array([1., 1., 1.]), colorSpace='rgb', contrast=1.0, depth=0, draggable=False, flipHoriz=False, flipVert=False, image='images/pattern_4.png', interpolate=False, mask=None, maskParams=None, name='unnamed ImageStim', opacity=1.0, ori=0.0, pos=array([ 0.26451235, -0.22920126]), size=array([0.12, 0.12]), texRes=128, units='height', win=Window(...))
85.3051 	EXP 	window1: mouseVisible = True
85.3070 	EXP 	Created node8 = Circle(__class__=<class 'psychopy.visual.circle.Circle'>, anchor=('center', 'center'), autoDraw=False, autoLog=True, closeShape=True, color=method-wrapper(...), colorSpace='rgb', contrast=None, depth=0, draggable=False, fillColor=array([1, 1, 1]), fillColorSpace='rgb', fillRGB=array([1, 1, 1]), interpolate=True, lineColor=array([-1, -1, -1]), lineColorSpace='rgb', lineRGB=array([-1, -1, -1]), lineWidth=2, name='node8', opacity=1.0, ori=0.0, pos=array([ 0.3464375 , -0.04981019]), size=array([1., 1.]), units='height', vertices=ndarray(...), win=Window(...))
85.3071 	EXP 	window1: mouseVisible = True
85.3237 	EXP 	Created unnamed ImageStim = ImageStim(__class__=<class 'psychopy.visual.image.ImageStim'>, anchor=('center', 'center'), autoLog=True, color=array([1., 1., 1.]), colorSpace='rgb', contrast=1.0, depth=0, draggable=False, flipHoriz=False, flipVert=False, image='images/pattern_5.png', interpolate=False, mask=None, maskParams=None, name='unnamed ImageStim', opacity=1.0, ori=0.0, pos=array([ 0.3464375 , -0.04981019]), size=array([0.12, 0.12]), texRes=128, units='height', win=Window(...))
85.3247 	EXP 	window1: mouseVisible = True
85.3266 	EXP 	Created node9 = Circle(__class__=<class 'psychopy.visual.circle.Circle'>, anchor=('center', 'center'), autoDraw=False, autoLog=True, closeShape=True, color=method-wrapper(...), colorSpace='rgb', contrast=None, depth=0, draggable=False, fillColor=array([1, 1, 1]), fillColorSpace='rgb', fillRGB=array([1, 1, 1]), interpolate=True, lineColor=array([-1, -1, -1]), lineColorSpace='rgb', lineRGB=array([-1, -1, -1]), lineWidth=2, name='node9', opacity=1.0, ori=0.0, pos=array([0.3183712 , 0.14539525]), size=array([1., 1.]), units='height', vertices=ndarray(...), win=Window(...))
85.3266 	EXP 	window1: mouseVisible = True
85.3430 	EXP 	Created unnamed ImageStim = ImageStim(__class__=<class 'psychopy.visual.image.ImageStim'>, anchor=('center', 'center'), autoLog=True, color=array([1., 1., 1.]), colorSpace='rgb', contrast=1.0, depth=0, draggable=False, flipHoriz=False, flipVert=False, image='images/pattern_2.png', interpolate=False, mask=None, maskParams=None, name='unnamed ImageStim', opacity=1.0, ori=0.0, pos=array([0.3183712 , 0.14539525]), size=array([0.12, 0.12]), texRes=128, units='height', win=Window(...))
85.3440 	EXP 	window1: mouseVisible = True
85.3459 	EXP 	Created node10 = Circle(__class__=<class 'psychopy.visual.circle.Circle'>, anchor=('center', 'center'), autoDraw=False, autoLog=True, closeShape=True, color=method-wrapper(...), colorSpace='rgb', contrast=None, depth=0, draggable=False, fillColor=array([1, 1, 1]), fillColorSpace='rgb', fillRGB=array([1, 1, 1]), interpolate=True, lineColor=array([-1, -1, -1]), lineColorSpace='rgb', lineRGB=array([-1, -1, -1]), lineWidth=2, name='node10', opacity=1.0, ori=0.0, pos=array([0.18922429, 0.29443874]), size=array([1., 1.]), units='height', vertices=ndarray(...), win=Window(...))
85.3460 	EXP 	window1: mouseVisible = True
85.3621 	EXP 	Created unnamed ImageStim = ImageStim(__class__=<class 'psychopy.visual.image.ImageStim'>, anchor=('center', 'center'), autoLog=True, color=array([1., 1., 1.]), colorSpace='rgb', contrast=1.0, depth=0, draggable=False, flipHoriz=False, flipVert=False, image='images/pattern_4.png', interpolate=False, mask=None, maskParams=None, name='unnamed ImageStim', opacity=1.0, ori=0.0, pos=array([0.18922429, 0.29443874]), size=array([0.12, 0.12]), texRes=128, units='height', win=Window(...))
85.3622 	EXP 	window1: mouseVisible = True
85.3626 	EXP 	Created unnamed Line = Line(__class__=<class 'psychopy.visual.line.Line'>, anchor=('center', 'center'), autoDraw=False, autoLog=True, closeShape=False, color=array([-1, -1, -1]), colorSpace='rgb', contrast=None, depth=2, draggable=False, fillColor=array([0, 0, 0]), fillColorSpace='rgb', fillRGB=array([0, 0, 0]), interpolate=True, lineColor=array([-1, -1, -1]), lineColorSpace='rgb', lineRGB=array([-1, -1, -1]), lineWidth=4, name='unnamed Line', opacity=0.5, ori=0.0, pos=array([0., 0.]), size=array([1., 1.]), units='height', vertices=ndarray(...), win=Window(...), windingRule=None)
85.3627 	EXP 	window1: mouseVisible = True
85.3630 	EXP 	Created unnamed ShapeStim = ShapeStim(__class__=<class 'psychopy.visual.shape.ShapeStim'>, anchor=('center', 'center'), autoDraw=False, autoLog=True, closeShape=True, color=method-wrapper(...), colorSpace='rgb', contrast=None, depth=0, draggable=False, fillColor=array([-1, -1, -1]), fillColorSpace='rgb', fillRGB=array([-1, -1, -1]), interpolate=True, lineColor=array([-1, -1, -1]), lineColorSpace='rgb', lineRGB=array([-1, -1, -1]), lineWidth=1.5, name='unnamed ShapeStim', opacity=1.0, ori=122.72727272727275, pos=array([0.27630852, 0.1724273 ]), size=array([1., 1.]), units='height', vertices=ndarray(...), win=Window(...), windingRule=None)
85.3631 	EXP 	window1: mouseVisible = True
85.3635 	EXP 	Created unnamed Line = Line(__class__=<class 'psychopy.visual.line.Line'>, anchor=('center', 'center'), autoDraw=False, autoLog=True, closeShape=False, color=array([-1, -1, -1]), colorSpace='rgb', contrast=None, depth=2, draggable=False, fillColor=array([0, 0, 0]), fillColorSpace='rgb', fillRGB=array([0, 0, 0]), interpolate=True, lineColor=array([-1, -1, -1]), lineColorSpace='rgb', lineRGB=array([-1, -1, -1]), lineWidth=4, name='unnamed Line', opacity=0.5, ori=0.0, pos=array([0., 0.]), size=array([1., 1.]), units='height', vertices=ndarray(...), win=Window(...), windingRule=None)
85.3635 	EXP 	window1: mouseVisible = True
85.3639 	EXP 	Created unnamed ShapeStim = ShapeStim(__class__=<class 'psychopy.visual.shape.ShapeStim'>, anchor=('center', 'center'), autoDraw=False, autoLog=True, closeShape=True, color=method-wrapper(...), colorSpace='rgb', contrast=None, depth=0, draggable=False, fillColor=array([-1, -1, -1]), fillColorSpace='rgb', fillRGB=array([-1, -1, -1]), interpolate=True, lineColor=array([-1, -1, -1]), lineColorSpace='rgb', lineRGB=array([-1, -1, -1]), lineWidth=1.5, name='unnamed ShapeStim', opacity=1.0, ori=188.1818181818182, pos=array([-0.09149065, -0.28633147]), size=array([1., 1.]), units='height', vertices=ndarray(...), win=Window(...), windingRule=None)
85.3639 	EXP 	window1: mouseVisible = True
85.3643 	EXP 	Created unnamed Line = Line(__class__=<class 'psychopy.visual.line.Line'>, anchor=('center', 'center'), autoDraw=False, autoLog=True, closeShape=False, color=array([-1, -1, -1]), colorSpace='rgb', contrast=None, depth=2, draggable=False, fillColor=array([0, 0, 0]), fillColorSpace='rgb', fillRGB=array([0, 0, 0]), interpolate=True, lineColor=array([-1, -1, -1]), lineColorSpace='rgb', lineRGB=array([-1, -1, -1]), lineWidth=4, name='unnamed Line', opacity=0.5, ori=0.0, pos=array([0., 0.]), size=array([1., 1.]), units='height', vertices=ndarray(...), win=Window(...), windingRule=None)
85.3643 	EXP 	window1: mouseVisible = True
85.3647 	EXP 	Created unnamed ShapeStim = ShapeStim(__class__=<class 'psychopy.visual.shape.ShapeStim'>, anchor=('center', 'center'), autoDraw=False, autoLog=True, closeShape=True, color=method-wrapper(...), colorSpace='rgb', contrast=None, depth=0, draggable=False, fillColor=array([-1, -1, -1]), fillColorSpace='rgb', fillRGB=array([-1, -1, -1]), interpolate=True, lineColor=array([-1, -1, -1]), lineColorSpace='rgb', lineRGB=array([-1, -1, -1]), lineWidth=1.5, name='unnamed ShapeStim', opacity=1.0, ori=171.8181818181818, pos=array([-0.27162809, -0.17971018]), size=array([1., 1.]), units='height', vertices=ndarray(...), win=Window(...), windingRule=None)
85.3648 	EXP 	window1: mouseVisible = True
85.3651 	EXP 	Created unnamed Line = Line(__class__=<class 'psychopy.visual.line.Line'>, anchor=('center', 'center'), autoDraw=False, autoLog=True, closeShape=False, color=array([-1, -1, -1]), colorSpace='rgb', contrast=None, depth=2, draggable=False, fillColor=array([0, 0, 0]), fillColorSpace='rgb', fillRGB=array([0, 0, 0]), interpolate=True, lineColor=array([-1, -1, -1]), lineColorSpace='rgb', lineRGB=array([-1, -1, -1]), lineWidth=4, name='unnamed Line', opacity=0.5, ori=0.0, pos=array([0., 0.]), size=array([1., 1.]), units='height', vertices=ndarray(...), win=Window(...), windingRule=None)
85.3652 	EXP 	window1: mouseVisible = True
85.3655 	EXP 	Created unnamed ShapeStim = ShapeStim(__class__=<class 'psychopy.visual.shape.ShapeStim'>, anchor=('center', 'center'), autoDraw=False, autoLog=True, closeShape=True, color=method-wrapper(...), colorSpace='rgb', contrast=None, depth=0, draggable=False, fillColor=array([-1, -1, -1]), fillColorSpace='rgb', fillRGB=array([-1, -1, -1]), interpolate=True, lineColor=array([-1, -1, -1]), lineColorSpace='rgb', lineRGB=array([-1, -1, -1]), lineWidth=1.5, name='unnamed ShapeStim', opacity=1.0, ori=40.909090909090914, pos=array([-0.22196732,  0.25665126]), size=array([1., 1.]), units='height', vertices=ndarray(...), win=Window(...), windingRule=None)
85.3656 	EXP 	window1: mouseVisible = True
85.3660 	EXP 	Created unnamed Line = Line(__class__=<class 'psychopy.visual.line.Line'>, anchor=('center', 'center'), autoDraw=False, autoLog=True, closeShape=False, color=array([-1, -1, -1]), colorSpace='rgb', contrast=None, depth=2, draggable=False, fillColor=array([0, 0, 0]), fillColorSpace='rgb', fillRGB=array([0, 0, 0]), interpolate=True, lineColor=array([-1, -1, -1]), lineColorSpace='rgb', lineRGB=array([-1, -1, -1]), lineWidth=4, name='unnamed Line', opacity=0.5, ori=0.0, pos=array([0., 0.]), size=array([1., 1.]), units='height', vertices=ndarray(...), win=Window(...), windingRule=None)
85.3660 	EXP 	window1: mouseVisible = True
85.3664 	EXP 	Created unnamed ShapeStim = ShapeStim(__class__=<class 'psychopy.visual.shape.ShapeStim'>, anchor=('center', 'center'), autoDraw=False, autoLog=True, closeShape=True, color=method-wrapper(...), colorSpace='rgb', contrast=None, depth=0, draggable=False, fillColor=array([-1, -1, -1]), fillColorSpace='rgb', fillRGB=array([-1, -1, -1]), interpolate=True, lineColor=array([-1, -1, -1]), lineColorSpace='rgb', lineRGB=array([-1, -1, -1]), lineWidth=1.5, name='unnamed ShapeStim', opacity=1.0, ori=122.72727272727275, pos=array([ 0.05654372, -0.3087905 ]), size=array([1., 1.]), units='height', vertices=ndarray(...), win=Window(...), windingRule=None)
85.3665 	EXP 	window1: mouseVisible = True
85.3668 	EXP 	Created unnamed Line = Line(__class__=<class 'psychopy.visual.line.Line'>, anchor=('center', 'center'), autoDraw=False, autoLog=True, closeShape=False, color=array([-1, -1, -1]), colorSpace='rgb', contrast=None, depth=2, draggable=False, fillColor=array([0, 0, 0]), fillColorSpace='rgb', fillRGB=array([0, 0, 0]), interpolate=True, lineColor=array([-1, -1, -1]), lineColorSpace='rgb', lineRGB=array([-1, -1, -1]), lineWidth=4, name='unnamed Line', opacity=0.5, ori=0.0, pos=array([0., 0.]), size=array([1., 1.]), units='height', vertices=ndarray(...), win=Window(...), windingRule=None)
85.3669 	EXP 	window1: mouseVisible = True
85.3672 	EXP 	Created unnamed ShapeStim = ShapeStim(__class__=<class 'psychopy.visual.shape.ShapeStim'>, anchor=('center', 'center'), autoDraw=False, autoLog=True, closeShape=True, color=method-wrapper(...), colorSpace='rgb', contrast=None, depth=0, draggable=False, fillColor=array([-1, -1, -1]), fillColorSpace='rgb', fillRGB=array([-1, -1, -1]), interpolate=True, lineColor=array([-1, -1, -1]), lineColorSpace='rgb', lineRGB=array([-1, -1, -1]), lineWidth=1.5, name='unnamed ShapeStim', opacity=1.0, ori=8.181818181818173, pos=array([-0.32548694,  0.09590418]), size=array([1., 1.]), units='height', vertices=ndarray(...), win=Window(...), windingRule=None)
85.3673 	EXP 	window1: mouseVisible = True
85.3676 	EXP 	Created unnamed Line = Line(__class__=<class 'psychopy.visual.line.Line'>, anchor=('center', 'center'), autoDraw=False, autoLog=True, closeShape=False, color=array([-1, -1, -1]), colorSpace='rgb', contrast=None, depth=2, draggable=False, fillColor=array([0, 0, 0]), fillColorSpace='rgb', fillRGB=array([0, 0, 0]), interpolate=True, lineColor=array([-1, -1, -1]), lineColorSpace='rgb', lineRGB=array([-1, -1, -1]), lineWidth=4, name='unnamed Line', opacity=0.5, ori=0.0, pos=array([0., 0.]), size=array([1., 1.]), units='height', vertices=ndarray(...), win=Window(...), windingRule=None)
85.3677 	EXP 	window1: mouseVisible = True
85.3680 	EXP 	Created unnamed ShapeStim = ShapeStim(__class__=<class 'psychopy.visual.shape.ShapeStim'>, anchor=('center', 'center'), autoDraw=False, autoLog=True, closeShape=True, color=method-wrapper(...), colorSpace='rgb', contrast=None, depth=0, draggable=False, fillColor=array([-1, -1, -1]), fillColorSpace='rgb', fillRGB=array([-1, -1, -1]), interpolate=True, lineColor=array([-1, -1, -1]), lineColorSpace='rgb', lineRGB=array([-1, -1, -1]), lineWidth=1.5, name='unnamed ShapeStim', opacity=1.0, ori=40.90909090909093, pos=array([ 0.31369447, -0.08759767]), size=array([1., 1.]), units='height', vertices=ndarray(...), win=Window(...), windingRule=None)
85.3681 	EXP 	window1: mouseVisible = True
85.3684 	EXP 	Created unnamed Line = Line(__class__=<class 'psychopy.visual.line.Line'>, anchor=('center', 'center'), autoDraw=False, autoLog=True, closeShape=False, color=array([-1, -1, -1]), colorSpace='rgb', contrast=None, depth=2, draggable=False, fillColor=array([0, 0, 0]), fillColorSpace='rgb', fillRGB=array([0, 0, 0]), interpolate=True, lineColor=array([-1, -1, -1]), lineColorSpace='rgb', lineRGB=array([-1, -1, -1]), lineWidth=4, name='unnamed Line', opacity=0.5, ori=0.0, pos=array([0., 0.]), size=array([1., 1.]), units='height', vertices=ndarray(...), win=Window(...), windingRule=None)
85.3685 	EXP 	window1: mouseVisible = True
85.3688 	EXP 	Created unnamed ShapeStim = ShapeStim(__class__=<class 'psychopy.visual.shape.ShapeStim'>, anchor=('center', 'center'), autoDraw=False, autoLog=True, closeShape=True, color=method-wrapper(...), colorSpace='rgb', contrast=None, depth=0, draggable=False, fillColor=array([-1, -1, -1]), fillColorSpace='rgb', fillRGB=array([-1, -1, -1]), interpolate=True, lineColor=array([-1, -1, -1]), lineColorSpace='rgb', lineRGB=array([-1, -1, -1]), lineWidth=1.5, name='unnamed ShapeStim', opacity=1.0, ori=8.181818181818187, pos=array([0.18210854, 0.24494766]), size=array([1., 1.]), units='height', vertices=ndarray(...), win=Window(...), windingRule=None)
85.3689 	EXP 	window1: mouseVisible = True
85.3692 	EXP 	Created unnamed Line = Line(__class__=<class 'psychopy.visual.line.Line'>, anchor=('center', 'center'), autoDraw=False, autoLog=True, closeShape=False, color=array([-1, -1, -1]), colorSpace='rgb', contrast=None, depth=2, draggable=False, fillColor=array([0, 0, 0]), fillColorSpace='rgb', fillRGB=array([0, 0, 0]), interpolate=True, lineColor=array([-1, -1, -1]), lineColorSpace='rgb', lineRGB=array([-1, -1, -1]), lineWidth=4, name='unnamed Line', opacity=0.5, ori=0.0, pos=array([0., 0.]), size=array([1., 1.]), units='height', vertices=ndarray(...), win=Window(...), windingRule=None)
85.3693 	EXP 	window1: mouseVisible = True
85.3696 	EXP 	Created unnamed ShapeStim = ShapeStim(__class__=<class 'psychopy.visual.shape.ShapeStim'>, anchor=('center', 'center'), autoDraw=False, autoLog=True, closeShape=True, color=method-wrapper(...), colorSpace='rgb', contrast=None, depth=0, draggable=False, fillColor=array([-1, -1, -1]), fillColorSpace='rgb', fillRGB=array([-1, -1, -1]), interpolate=True, lineColor=array([-1, -1, -1]), lineColorSpace='rgb', lineRGB=array([-1, -1, -1]), lineWidth=1.5, name='unnamed ShapeStim', opacity=1.0, ori=220.90909090909093, pos=array([-0.06586336, -0.29803506]), size=array([1., 1.]), units='height', vertices=ndarray(...), win=Window(...), windingRule=None)
85.3697 	EXP 	window1: mouseVisible = True
85.3700 	EXP 	Created unnamed Line = Line(__class__=<class 'psychopy.visual.line.Line'>, anchor=('center', 'center'), autoDraw=False, autoLog=True, closeShape=False, color=array([-1, -1, -1]), colorSpace='rgb', contrast=None, depth=2, draggable=False, fillColor=array([0, 0, 0]), fillColorSpace='rgb', fillRGB=array([0, 0, 0]), interpolate=True, lineColor=array([-1, -1, -1]), lineColorSpace='rgb', lineRGB=array([-1, -1, -1]), lineWidth=4, name='unnamed Line', opacity=0.5, ori=0.0, pos=array([0., 0.]), size=array([1., 1.]), units='height', vertices=ndarray(...), win=Window(...), windingRule=None)
85.3701 	EXP 	window1: mouseVisible = True
85.3705 	EXP 	Created unnamed ShapeStim = ShapeStim(__class__=<class 'psychopy.visual.shape.ShapeStim'>, anchor=('center', 'center'), autoDraw=False, autoLog=True, closeShape=True, color=method-wrapper(...), colorSpace='rgb', contrast=None, depth=0, draggable=False, fillColor=array([-1, -1, -1]), fillColorSpace='rgb', fillRGB=array([-1, -1, -1]), interpolate=True, lineColor=array([-1, -1, -1]), lineColorSpace='rgb', lineRGB=array([-1, -1, -1]), lineWidth=1.5, name='unnamed ShapeStim', opacity=1.0, ori=188.18181818181822, pos=array([ 0.27162809, -0.17971018]), size=array([1., 1.]), units='height', vertices=ndarray(...), win=Window(...), windingRule=None)
85.3705 	EXP 	window1: mouseVisible = True
85.3709 	EXP 	Created unnamed Rect = Rect(__class__=<class 'psychopy.visual.rect.Rect'>, anchor=('center', 'center'), autoDraw=False, autoLog=True, closeShape=True, color=method-wrapper(...), colorSpace='rgb', contrast=None, depth=0, draggable=False, fillColor=array([0.00392157, 0.00392157, 0.00392157]), fillColorSpace='rgb', fillRGB=array([0.00392157, 0.00392157, 0.00392157]), interpolate=True, lineColor=array([0, 0, 0]), lineColorSpace='rgb', lineRGB=array([0, 0, 0]), lineWidth=0, name='unnamed Rect', opacity=0.0, ori=0.0, pos=array([0.1, 0. ]), size=array([1.1, 1. ]), units='height', vertices=ndarray(...), win=Window(...))
85.3776 	EXP 	unnamed Rect: autoDraw = True
85.3776 	EXP 	node0: autoDraw = True
85.3776 	EXP 	unnamed ImageStim: autoDraw = True
85.3776 	EXP 	node1: autoDraw = True
85.3776 	EXP 	unnamed ImageStim: autoDraw = True
85.3776 	EXP 	node2: autoDraw = True
85.3776 	EXP 	unnamed ImageStim: autoDraw = True
85.3776 	EXP 	node3: autoDraw = True
85.3776 	EXP 	node4: autoDraw = True
85.3776 	EXP 	unnamed ImageStim: autoDraw = True
85.3776 	EXP 	node5: autoDraw = True
85.3776 	EXP 	unnamed ImageStim: autoDraw = True
85.3776 	EXP 	node6: autoDraw = True
85.3776 	EXP 	unnamed ImageStim: autoDraw = True
85.3776 	EXP 	node7: autoDraw = True
85.3776 	EXP 	unnamed ImageStim: autoDraw = True
85.3776 	EXP 	node8: autoDraw = True
85.3776 	EXP 	unnamed ImageStim: autoDraw = True
85.3776 	EXP 	node9: autoDraw = True
85.3776 	EXP 	unnamed ImageStim: autoDraw = True
85.3776 	EXP 	node10: autoDraw = True
85.3776 	EXP 	unnamed ImageStim: autoDraw = True
85.3776 	EXP 	unnamed Line: autoDraw = True
85.3776 	EXP 	unnamed Line: autoDraw = True
85.3776 	EXP 	unnamed ShapeStim: autoDraw = True
85.3776 	EXP 	unnamed Line: autoDraw = True
85.3776 	EXP 	unnamed Line: autoDraw = True
85.3776 	EXP 	unnamed ShapeStim: autoDraw = True
85.3776 	EXP 	unnamed Line: autoDraw = True
85.3776 	EXP 	unnamed Line: autoDraw = True
85.3776 	EXP 	unnamed ShapeStim: autoDraw = True
85.3776 	EXP 	unnamed Line: autoDraw = True
85.3776 	EXP 	unnamed Line: autoDraw = True
85.3776 	EXP 	unnamed ShapeStim: autoDraw = True
85.3776 	EXP 	unnamed Line: autoDraw = True
85.3776 	EXP 	unnamed Line: autoDraw = True
85.3776 	EXP 	unnamed ShapeStim: autoDraw = True
85.3776 	EXP 	unnamed Line: autoDraw = True
85.3776 	EXP 	unnamed Line: autoDraw = True
85.3776 	EXP 	unnamed ShapeStim: autoDraw = True
85.3776 	EXP 	unnamed Line: autoDraw = True
85.3776 	EXP 	unnamed Line: autoDraw = True
85.3776 	EXP 	unnamed ShapeStim: autoDraw = True
85.3776 	EXP 	unnamed Line: autoDraw = True
85.3776 	EXP 	unnamed Line: autoDraw = True
85.3776 	EXP 	unnamed ShapeStim: autoDraw = True
85.3776 	EXP 	unnamed Line: autoDraw = True
85.3776 	EXP 	unnamed Line: autoDraw = True
85.3776 	EXP 	unnamed ShapeStim: autoDraw = True
85.3776 	EXP 	unnamed Line: autoDraw = True
85.3776 	EXP 	unnamed Line: autoDraw = True
85.3776 	EXP 	unnamed ShapeStim: autoDraw = True
85.3776 	EXP 	unnamed Rect: autoDraw = True
85.3776 	EXP 	node3: fillColor = '#126DEF'
85.3833 	EXP 	node3: fillColor = '#126DEF'
85.3833 	EXP 	unnamed Line: foreColor = <psychopy.colors.Color: black, alpha=1.0>
85.3833 	EXP 	unnamed Line: borderColor = <psychopy.colors.Color: black, alpha=1.0>
85.3833 	EXP 	unnamed Line: fillColor = <psychopy.colors.Color: black, alpha=1.0>
85.3833 	EXP 	unnamed ShapeStim: foreColor = <psychopy.colors.Color: black, alpha=1.0>
85.3833 	EXP 	unnamed ShapeStim: borderColor = <psychopy.colors.Color: black, alpha=1.0>
85.3833 	EXP 	unnamed ShapeStim: fillColor = <psychopy.colors.Color: black, alpha=1.0>
85.3833 	EXP 	unnamed Line: foreColor = <psychopy.colors.Color: black, alpha=1.0>
85.3833 	EXP 	unnamed Line: borderColor = <psychopy.colors.Color: black, alpha=1.0>
85.3833 	EXP 	unnamed Line: fillColor = <psychopy.colors.Color: black, alpha=1.0>
85.3833 	EXP 	unnamed ShapeStim: foreColor = <psychopy.colors.Color: black, alpha=1.0>
85.3833 	EXP 	unnamed ShapeStim: borderColor = <psychopy.colors.Color: black, alpha=1.0>
85.3833 	EXP 	unnamed ShapeStim: fillColor = <psychopy.colors.Color: black, alpha=1.0>
85.3833 	EXP 	unnamed Line: foreColor = <psychopy.colors.Color: black, alpha=1.0>
85.3833 	EXP 	unnamed Line: borderColor = <psychopy.colors.Color: black, alpha=1.0>
85.3833 	EXP 	unnamed Line: fillColor = <psychopy.colors.Color: black, alpha=1.0>
85.3833 	EXP 	unnamed ShapeStim: foreColor = <psychopy.colors.Color: black, alpha=1.0>
85.3833 	EXP 	unnamed ShapeStim: borderColor = <psychopy.colors.Color: black, alpha=1.0>
85.3833 	EXP 	unnamed ShapeStim: fillColor = <psychopy.colors.Color: black, alpha=1.0>
85.3833 	EXP 	unnamed Line: foreColor = <psychopy.colors.Color: black, alpha=1.0>
85.3833 	EXP 	unnamed Line: borderColor = <psychopy.colors.Color: black, alpha=1.0>
85.3833 	EXP 	unnamed Line: fillColor = <psychopy.colors.Color: black, alpha=1.0>
85.3833 	EXP 	unnamed ShapeStim: foreColor = <psychopy.colors.Color: black, alpha=1.0>
85.3833 	EXP 	unnamed ShapeStim: borderColor = <psychopy.colors.Color: black, alpha=1.0>
85.3833 	EXP 	unnamed ShapeStim: fillColor = <psychopy.colors.Color: black, alpha=1.0>
85.3833 	EXP 	unnamed Line: autoDraw = False
85.3833 	EXP 	unnamed ShapeStim: autoDraw = False
85.3833 	EXP 	unnamed Line: autoDraw = True
85.3833 	EXP 	unnamed ShapeStim: autoDraw = True
85.3833 	EXP 	unnamed Line: autoDraw = False
85.3833 	EXP 	unnamed ShapeStim: autoDraw = False
85.3833 	EXP 	unnamed Line: autoDraw = True
85.3833 	EXP 	unnamed ShapeStim: autoDraw = True
85.3833 	EXP 	unnamed Line: foreColor = <psychopy.colors.Color: black, alpha=1.0>
85.3833 	EXP 	unnamed Line: borderColor = <psychopy.colors.Color: black, alpha=1.0>
85.3833 	EXP 	unnamed Line: fillColor = <psychopy.colors.Color: black, alpha=1.0>
85.3833 	EXP 	unnamed ShapeStim: foreColor = <psychopy.colors.Color: black, alpha=1.0>
85.3833 	EXP 	unnamed ShapeStim: borderColor = <psychopy.colors.Color: black, alpha=1.0>
85.3833 	EXP 	unnamed ShapeStim: fillColor = <psychopy.colors.Color: black, alpha=1.0>
85.3833 	EXP 	unnamed Line: foreColor = <psychopy.colors.Color: black, alpha=1.0>
85.3833 	EXP 	unnamed Line: borderColor = <psychopy.colors.Color: black, alpha=1.0>
85.3833 	EXP 	unnamed Line: fillColor = <psychopy.colors.Color: black, alpha=1.0>
85.3833 	EXP 	unnamed ShapeStim: foreColor = <psychopy.colors.Color: black, alpha=1.0>
85.3833 	EXP 	unnamed ShapeStim: borderColor = <psychopy.colors.Color: black, alpha=1.0>
85.3833 	EXP 	unnamed ShapeStim: fillColor = <psychopy.colors.Color: black, alpha=1.0>
85.3833 	EXP 	unnamed Line: foreColor = <psychopy.colors.Color: black, alpha=1.0>
85.3833 	EXP 	unnamed Line: borderColor = <psychopy.colors.Color: black, alpha=1.0>
85.3833 	EXP 	unnamed Line: fillColor = <psychopy.colors.Color: black, alpha=1.0>
85.3833 	EXP 	unnamed ShapeStim: foreColor = <psychopy.colors.Color: black, alpha=1.0>
85.3833 	EXP 	unnamed ShapeStim: borderColor = <psychopy.colors.Color: black, alpha=1.0>
85.3833 	EXP 	unnamed ShapeStim: fillColor = <psychopy.colors.Color: black, alpha=1.0>
85.3833 	EXP 	unnamed Line: foreColor = <psychopy.colors.Color: black, alpha=1.0>
85.3833 	EXP 	unnamed Line: borderColor = <psychopy.colors.Color: black, alpha=1.0>
85.3833 	EXP 	unnamed Line: fillColor = <psychopy.colors.Color: black, alpha=1.0>
85.3833 	EXP 	unnamed ShapeStim: foreColor = <psychopy.colors.Color: black, alpha=1.0>
85.3833 	EXP 	unnamed ShapeStim: borderColor = <psychopy.colors.Color: black, alpha=1.0>
85.3833 	EXP 	unnamed ShapeStim: fillColor = <psychopy.colors.Color: black, alpha=1.0>
85.3833 	EXP 	unnamed Line: foreColor = <psychopy.colors.Color: (1.0, 0.58, -0.87, 1.0)>
85.3833 	EXP 	unnamed Line: borderColor = <psychopy.colors.Color: (1.0, 0.58, -0.87, 1.0)>
85.3833 	EXP 	unnamed Line: fillColor = <psychopy.colors.Color: (1.0, 0.58, -0.87, 1.0)>
85.3833 	EXP 	unnamed ShapeStim: foreColor = <psychopy.colors.Color: (1.0, 0.58, -0.87, 1.0)>
85.3833 	EXP 	unnamed ShapeStim: borderColor = <psychopy.colors.Color: (1.0, 0.58, -0.87, 1.0)>
85.3833 	EXP 	unnamed ShapeStim: fillColor = <psychopy.colors.Color: (1.0, 0.58, -0.87, 1.0)>
86.0350 	DATA 	Keypress: f
86.0396 	EXP 	unnamed Line: foreColor = <psychopy.colors.Color: black, alpha=1.0>
86.0396 	EXP 	unnamed Line: borderColor = <psychopy.colors.Color: black, alpha=1.0>
86.0396 	EXP 	unnamed Line: fillColor = <psychopy.colors.Color: black, alpha=1.0>
86.0396 	EXP 	unnamed ShapeStim: foreColor = <psychopy.colors.Color: black, alpha=1.0>
86.0396 	EXP 	unnamed ShapeStim: borderColor = <psychopy.colors.Color: black, alpha=1.0>
86.0396 	EXP 	unnamed ShapeStim: fillColor = <psychopy.colors.Color: black, alpha=1.0>
86.0396 	EXP 	unnamed Line: foreColor = <psychopy.colors.Color: (1.0, 0.58, -0.87, 1.0)>
86.0396 	EXP 	unnamed Line: borderColor = <psychopy.colors.Color: (1.0, 0.58, -0.87, 1.0)>
86.0396 	EXP 	unnamed Line: fillColor = <psychopy.colors.Color: (1.0, 0.58, -0.87, 1.0)>
86.0396 	EXP 	unnamed ShapeStim: foreColor = <psychopy.colors.Color: (1.0, 0.58, -0.87, 1.0)>
86.0396 	EXP 	unnamed ShapeStim: borderColor = <psychopy.colors.Color: (1.0, 0.58, -0.87, 1.0)>
86.0396 	EXP 	unnamed ShapeStim: fillColor = <psychopy.colors.Color: (1.0, 0.58, -0.87, 1.0)>
87.6669 	DATA 	Keypress: f
87.6733 	EXP 	unnamed Line: foreColor = <psychopy.colors.Color: black, alpha=1.0>
87.6733 	EXP 	unnamed Line: borderColor = <psychopy.colors.Color: black, alpha=1.0>
87.6733 	EXP 	unnamed Line: fillColor = <psychopy.colors.Color: black, alpha=1.0>
87.6733 	EXP 	unnamed ShapeStim: foreColor = <psychopy.colors.Color: black, alpha=1.0>
87.6733 	EXP 	unnamed ShapeStim: borderColor = <psychopy.colors.Color: black, alpha=1.0>
87.6733 	EXP 	unnamed ShapeStim: fillColor = <psychopy.colors.Color: black, alpha=1.0>
87.6733 	EXP 	unnamed Line: foreColor = <psychopy.colors.Color: (1.0, 0.58, -0.87, 1.0)>
87.6733 	EXP 	unnamed Line: borderColor = <psychopy.colors.Color: (1.0, 0.58, -0.87, 1.0)>
87.6733 	EXP 	unnamed Line: fillColor = <psychopy.colors.Color: (1.0, 0.58, -0.87, 1.0)>
87.6733 	EXP 	unnamed ShapeStim: foreColor = <psychopy.colors.Color: (1.0, 0.58, -0.87, 1.0)>
87.6733 	EXP 	unnamed ShapeStim: borderColor = <psychopy.colors.Color: (1.0, 0.58, -0.87, 1.0)>
87.6733 	EXP 	unnamed ShapeStim: fillColor = <psychopy.colors.Color: (1.0, 0.58, -0.87, 1.0)>
88.0586 	DATA 	Keypress: f
88.0641 	EXP 	unnamed Line: foreColor = <psychopy.colors.Color: black, alpha=1.0>
88.0641 	EXP 	unnamed Line: borderColor = <psychopy.colors.Color: black, alpha=1.0>
88.0641 	EXP 	unnamed Line: fillColor = <psychopy.colors.Color: black, alpha=1.0>
88.0641 	EXP 	unnamed ShapeStim: foreColor = <psychopy.colors.Color: black, alpha=1.0>
88.0641 	EXP 	unnamed ShapeStim: borderColor = <psychopy.colors.Color: black, alpha=1.0>
88.0641 	EXP 	unnamed ShapeStim: fillColor = <psychopy.colors.Color: black, alpha=1.0>
88.0641 	EXP 	unnamed Line: foreColor = <psychopy.colors.Color: (1.0, 0.58, -0.87, 1.0)>
88.0641 	EXP 	unnamed Line: borderColor = <psychopy.colors.Color: (1.0, 0.58, -0.87, 1.0)>
88.0641 	EXP 	unnamed Line: fillColor = <psychopy.colors.Color: (1.0, 0.58, -0.87, 1.0)>
88.0641 	EXP 	unnamed ShapeStim: foreColor = <psychopy.colors.Color: (1.0, 0.58, -0.87, 1.0)>
88.0641 	EXP 	unnamed ShapeStim: borderColor = <psychopy.colors.Color: (1.0, 0.58, -0.87, 1.0)>
88.0641 	EXP 	unnamed ShapeStim: fillColor = <psychopy.colors.Color: (1.0, 0.58, -0.87, 1.0)>
89.6269 	DATA 	Keypress: f
89.6332 	EXP 	unnamed Line: foreColor = <psychopy.colors.Color: black, alpha=1.0>
89.6332 	EXP 	unnamed Line: borderColor = <psychopy.colors.Color: black, alpha=1.0>
89.6332 	EXP 	unnamed Line: fillColor = <psychopy.colors.Color: black, alpha=1.0>
89.6332 	EXP 	unnamed ShapeStim: foreColor = <psychopy.colors.Color: black, alpha=1.0>
89.6332 	EXP 	unnamed ShapeStim: borderColor = <psychopy.colors.Color: black, alpha=1.0>
89.6332 	EXP 	unnamed ShapeStim: fillColor = <psychopy.colors.Color: black, alpha=1.0>
89.6332 	EXP 	unnamed Line: foreColor = <psychopy.colors.Color: (1.0, 0.58, -0.87, 1.0)>
89.6332 	EXP 	unnamed Line: borderColor = <psychopy.colors.Color: (1.0, 0.58, -0.87, 1.0)>
89.6332 	EXP 	unnamed Line: fillColor = <psychopy.colors.Color: (1.0, 0.58, -0.87, 1.0)>
89.6332 	EXP 	unnamed ShapeStim: foreColor = <psychopy.colors.Color: (1.0, 0.58, -0.87, 1.0)>
89.6332 	EXP 	unnamed ShapeStim: borderColor = <psychopy.colors.Color: (1.0, 0.58, -0.87, 1.0)>
89.6332 	EXP 	unnamed ShapeStim: fillColor = <psychopy.colors.Color: (1.0, 0.58, -0.87, 1.0)>
89.8185 	DATA 	Keypress: j
89.8231 	EXP 	node2: fillColor = '#126DEF'
89.8231 	EXP 	node3: fillColor = 'white'
89.8295 	EXP 	unnamed Line: foreColor = <psychopy.colors.Color: black, alpha=1.0>
89.8295 	EXP 	unnamed Line: borderColor = <psychopy.colors.Color: black, alpha=1.0>
89.8295 	EXP 	unnamed Line: fillColor = <psychopy.colors.Color: black, alpha=1.0>
89.8295 	EXP 	unnamed ShapeStim: foreColor = <psychopy.colors.Color: black, alpha=1.0>
89.8295 	EXP 	unnamed ShapeStim: borderColor = <psychopy.colors.Color: black, alpha=1.0>
89.8295 	EXP 	unnamed ShapeStim: fillColor = <psychopy.colors.Color: black, alpha=1.0>
89.8295 	EXP 	unnamed Line: foreColor = <psychopy.colors.Color: black, alpha=1.0>
89.8295 	EXP 	unnamed Line: borderColor = <psychopy.colors.Color: black, alpha=1.0>
89.8295 	EXP 	unnamed Line: fillColor = <psychopy.colors.Color: black, alpha=1.0>
89.8295 	EXP 	unnamed ShapeStim: foreColor = <psychopy.colors.Color: black, alpha=1.0>
89.8295 	EXP 	unnamed ShapeStim: borderColor = <psychopy.colors.Color: black, alpha=1.0>
89.8295 	EXP 	unnamed ShapeStim: fillColor = <psychopy.colors.Color: black, alpha=1.0>
89.8295 	EXP 	unnamed Line: autoDraw = False
89.8295 	EXP 	unnamed ShapeStim: autoDraw = False
89.8295 	EXP 	unnamed Line: autoDraw = True
89.8295 	EXP 	unnamed ShapeStim: autoDraw = True
89.8295 	EXP 	unnamed Line: autoDraw = False
89.8295 	EXP 	unnamed ShapeStim: autoDraw = False
89.8295 	EXP 	unnamed Line: autoDraw = True
89.8295 	EXP 	unnamed ShapeStim: autoDraw = True
89.8295 	EXP 	unnamed Line: foreColor = <psychopy.colors.Color: black, alpha=1.0>
89.8295 	EXP 	unnamed Line: borderColor = <psychopy.colors.Color: black, alpha=1.0>
89.8295 	EXP 	unnamed Line: fillColor = <psychopy.colors.Color: black, alpha=1.0>
89.8295 	EXP 	unnamed ShapeStim: foreColor = <psychopy.colors.Color: black, alpha=1.0>
89.8295 	EXP 	unnamed ShapeStim: borderColor = <psychopy.colors.Color: black, alpha=1.0>
89.8295 	EXP 	unnamed ShapeStim: fillColor = <psychopy.colors.Color: black, alpha=1.0>
89.8295 	EXP 	unnamed Line: foreColor = <psychopy.colors.Color: black, alpha=1.0>
89.8295 	EXP 	unnamed Line: borderColor = <psychopy.colors.Color: black, alpha=1.0>
89.8295 	EXP 	unnamed Line: fillColor = <psychopy.colors.Color: black, alpha=1.0>
89.8295 	EXP 	unnamed ShapeStim: foreColor = <psychopy.colors.Color: black, alpha=1.0>
89.8295 	EXP 	unnamed ShapeStim: borderColor = <psychopy.colors.Color: black, alpha=1.0>
89.8295 	EXP 	unnamed ShapeStim: fillColor = <psychopy.colors.Color: black, alpha=1.0>
89.8295 	EXP 	unnamed Line: foreColor = <psychopy.colors.Color: black, alpha=1.0>
89.8295 	EXP 	unnamed Line: borderColor = <psychopy.colors.Color: black, alpha=1.0>
89.8295 	EXP 	unnamed Line: fillColor = <psychopy.colors.Color: black, alpha=1.0>
89.8295 	EXP 	unnamed ShapeStim: foreColor = <psychopy.colors.Color: black, alpha=1.0>
89.8295 	EXP 	unnamed ShapeStim: borderColor = <psychopy.colors.Color: black, alpha=1.0>
89.8295 	EXP 	unnamed ShapeStim: fillColor = <psychopy.colors.Color: black, alpha=1.0>
89.8295 	EXP 	unnamed Line: foreColor = <psychopy.colors.Color: black, alpha=1.0>
89.8295 	EXP 	unnamed Line: borderColor = <psychopy.colors.Color: black, alpha=1.0>
89.8295 	EXP 	unnamed Line: fillColor = <psychopy.colors.Color: black, alpha=1.0>
89.8295 	EXP 	unnamed ShapeStim: foreColor = <psychopy.colors.Color: black, alpha=1.0>
89.8295 	EXP 	unnamed ShapeStim: borderColor = <psychopy.colors.Color: black, alpha=1.0>
89.8295 	EXP 	unnamed ShapeStim: fillColor = <psychopy.colors.Color: black, alpha=1.0>
89.8295 	EXP 	unnamed Line: foreColor = <psychopy.colors.Color: black, alpha=1.0>
89.8295 	EXP 	unnamed Line: borderColor = <psychopy.colors.Color: black, alpha=1.0>
89.8295 	EXP 	unnamed Line: fillColor = <psychopy.colors.Color: black, alpha=1.0>
89.8295 	EXP 	unnamed ShapeStim: foreColor = <psychopy.colors.Color: black, alpha=1.0>
89.8295 	EXP 	unnamed ShapeStim: borderColor = <psychopy.colors.Color: black, alpha=1.0>
89.8295 	EXP 	unnamed ShapeStim: fillColor = <psychopy.colors.Color: black, alpha=1.0>
89.8295 	EXP 	unnamed Line: foreColor = <psychopy.colors.Color: black, alpha=1.0>
89.8295 	EXP 	unnamed Line: borderColor = <psychopy.colors.Color: black, alpha=1.0>
89.8295 	EXP 	unnamed Line: fillColor = <psychopy.colors.Color: black, alpha=1.0>
89.8295 	EXP 	unnamed ShapeStim: foreColor = <psychopy.colors.Color: black, alpha=1.0>
89.8295 	EXP 	unnamed ShapeStim: borderColor = <psychopy.colors.Color: black, alpha=1.0>
89.8295 	EXP 	unnamed ShapeStim: fillColor = <psychopy.colors.Color: black, alpha=1.0>
89.8295 	EXP 	unnamed Line: foreColor = <psychopy.colors.Color: (1.0, 0.58, -0.87, 1.0)>
89.8295 	EXP 	unnamed Line: borderColor = <psychopy.colors.Color: (1.0, 0.58, -0.87, 1.0)>
89.8295 	EXP 	unnamed Line: fillColor = <psychopy.colors.Color: (1.0, 0.58, -0.87, 1.0)>
89.8295 	EXP 	unnamed ShapeStim: foreColor = <psychopy.colors.Color: (1.0, 0.58, -0.87, 1.0)>
89.8295 	EXP 	unnamed ShapeStim: borderColor = <psychopy.colors.Color: (1.0, 0.58, -0.87, 1.0)>
89.8295 	EXP 	unnamed ShapeStim: fillColor = <psychopy.colors.Color: (1.0, 0.58, -0.87, 1.0)>
90.2905 	DATA 	Keypress: f
90.2949 	EXP 	unnamed Line: foreColor = <psychopy.colors.Color: black, alpha=1.0>
90.2949 	EXP 	unnamed Line: borderColor = <psychopy.colors.Color: black, alpha=1.0>
90.2949 	EXP 	unnamed Line: fillColor = <psychopy.colors.Color: black, alpha=1.0>
90.2949 	EXP 	unnamed ShapeStim: foreColor = <psychopy.colors.Color: black, alpha=1.0>
90.2949 	EXP 	unnamed ShapeStim: borderColor = <psychopy.colors.Color: black, alpha=1.0>
90.2949 	EXP 	unnamed ShapeStim: fillColor = <psychopy.colors.Color: black, alpha=1.0>
90.2949 	EXP 	unnamed Line: foreColor = <psychopy.colors.Color: (1.0, 0.58, -0.87, 1.0)>
90.2949 	EXP 	unnamed Line: borderColor = <psychopy.colors.Color: (1.0, 0.58, -0.87, 1.0)>
90.2949 	EXP 	unnamed Line: fillColor = <psychopy.colors.Color: (1.0, 0.58, -0.87, 1.0)>
90.2949 	EXP 	unnamed ShapeStim: foreColor = <psychopy.colors.Color: (1.0, 0.58, -0.87, 1.0)>
90.2949 	EXP 	unnamed ShapeStim: borderColor = <psychopy.colors.Color: (1.0, 0.58, -0.87, 1.0)>
90.2949 	EXP 	unnamed ShapeStim: fillColor = <psychopy.colors.Color: (1.0, 0.58, -0.87, 1.0)>
90.8585 	DATA 	Keypress: j
90.8623 	EXP 	node1: fillColor = '#126DEF'
90.8623 	EXP 	node2: fillColor = 'white'
91.5624 	EXP 	window1: mouseVisible = True
91.5640 	EXP 	Created unnamed TextStim = TextStim(__class__=<class 'psychopy.visual.text.TextStim'>, alignHoriz=method-wrapper(...), alignText='center', alignVert=method-wrapper(...), anchorHoriz='center', anchorVert='center', antialias=True, autoDraw=False, autoLog=True, bold=True, color=array([0.68627451, 0.68627451, 0.68627451]), colorSpace='rgb', contrast=1.0, depth=0, draggable=False, flipHoriz=False, flipVert=False, font='', fontFiles=[], height=0.04, italic=False, languageStyle='LTR', name='unnamed TextStim', opacity=1.0, ori=0.0, pos=array([-0.2583712 ,  0.20539525]), rgb=UNKNOWN, text='+0', units='height', win=Window(...), wrapWidth=1)
91.5642 	EXP 	window1: mouseVisible = True
91.5653 	EXP 	Created unnamed TextStim = TextStim(__class__=<class 'psychopy.visual.text.TextStim'>, alignHoriz=method-wrapper(...), alignText='center', alignVert=method-wrapper(...), anchorHoriz='center', anchorVert='center', antialias=True, autoDraw=False, autoLog=True, bold=True, color=array([-0.88235294, -0.12156863, -0.97647059]), colorSpace='rgb', contrast=1.0, depth=0, draggable=False, flipHoriz=False, flipVert=False, font='', fontFiles=[], height=0.04, italic=False, languageStyle='LTR', name='unnamed TextStim', opacity=1.0, ori=0.0, pos=array([-0.12922429,  0.35443874]), rgb=UNKNOWN, text='+1', units='height', win=Window(...), wrapWidth=1)
91.5697 	EXP 	node1: fillColor = 'white'
91.5697 	EXP 	unnamed ImageStim: autoDraw = True
91.5697 	EXP 	unnamed ImageStim: autoDraw = True
92.5786 	EXP 	unnamed ImageStim: autoDraw = False
92.5786 	EXP 	unnamed ImageStim: autoDraw = False
92.5786 	EXP 	unnamed Rect: autoDraw = False
92.5786 	EXP 	unnamed Rect: autoDraw = True
92.7193 	EXP 	unnamed Rect: autoDraw = False
92.7193 	EXP 	node0: autoDraw = False
92.7193 	EXP 	unnamed ImageStim: autoDraw = False
92.7193 	EXP 	node1: autoDraw = False
92.7193 	EXP 	unnamed ImageStim: autoDraw = False
92.7193 	EXP 	node2: autoDraw = False
92.7193 	EXP 	unnamed ImageStim: autoDraw = False
92.7193 	EXP 	node3: autoDraw = False
92.7193 	EXP 	node4: autoDraw = False
92.7193 	EXP 	unnamed ImageStim: autoDraw = False
92.7193 	EXP 	node5: autoDraw = False
92.7193 	EXP 	unnamed ImageStim: autoDraw = False
92.7193 	EXP 	node6: autoDraw = False
92.7193 	EXP 	unnamed ImageStim: autoDraw = False
92.7193 	EXP 	node7: autoDraw = False
92.7193 	EXP 	unnamed ImageStim: autoDraw = False
92.7193 	EXP 	node8: autoDraw = False
92.7193 	EXP 	unnamed ImageStim: autoDraw = False
92.7193 	EXP 	node9: autoDraw = False
92.7193 	EXP 	unnamed ImageStim: autoDraw = False
92.7193 	EXP 	node10: autoDraw = False
92.7193 	EXP 	unnamed ImageStim: autoDraw = False
92.7193 	EXP 	unnamed Line: autoDraw = False
92.7193 	EXP 	unnamed ShapeStim: autoDraw = False
92.7193 	EXP 	unnamed Line: autoDraw = False
92.7193 	EXP 	unnamed ShapeStim: autoDraw = False
92.7193 	EXP 	unnamed Line: autoDraw = False
92.7193 	EXP 	unnamed ShapeStim: autoDraw = False
92.7193 	EXP 	unnamed Line: autoDraw = False
92.7193 	EXP 	unnamed ShapeStim: autoDraw = False
92.7193 	EXP 	unnamed Line: autoDraw = False
92.7193 	EXP 	unnamed ShapeStim: autoDraw = False
92.7193 	EXP 	unnamed Line: autoDraw = False
92.7193 	EXP 	unnamed ShapeStim: autoDraw = False
92.7193 	EXP 	unnamed Line: autoDraw = False
92.7193 	EXP 	unnamed ShapeStim: autoDraw = False
92.7193 	EXP 	unnamed Line: autoDraw = False
92.7193 	EXP 	unnamed ShapeStim: autoDraw = False
92.7193 	EXP 	unnamed Line: autoDraw = False
92.7193 	EXP 	unnamed ShapeStim: autoDraw = False
92.7193 	EXP 	unnamed Line: autoDraw = False
92.7193 	EXP 	unnamed ShapeStim: autoDraw = False
92.7193 	EXP 	unnamed Rect: autoDraw = False
92.7346 	INFO 	Mouse: using default window
92.7346 	EXP 	window1: mouseVisible = True
92.7347 	EXP 	window1: mouseVisible = True
92.7385 	EXP 	Created unnamed TextStim = TextStim(__class__=<class 'psychopy.visual.text.TextStim'>, alignHoriz=method-wrapper(...), alignText='center', alignVert=method-wrapper(...), anchorHoriz='center', anchorVert='center', antialias=True, autoDraw=False, autoLog=True, bold=False, color=array([1, 1, 1]), colorSpace='rgb', contrast=1.0, depth=0, draggable=False, flipHoriz=False, flipVert=False, font='', fontFiles=[], height=0.035, italic=False, languageStyle='LTR', name='unnamed TextStim', opacity=1.0, ori=0.0, pos=array([0., 0.]), rgb=UNKNOWN, text='press Space to start', units='height', win=Window(...), wrapWidth=1)
95.6274 	DATA 	Keypress: space
95.6280 	EXP 	window1: mouseVisible = True
95.6286 	EXP 	Created unnamed Rect = Rect(__class__=<class 'psychopy.visual.rect.Rect'>, anchor=('center', 'center'), autoDraw=False, autoLog=True, closeShape=True, color=method-wrapper(...), colorSpace='rgb', contrast=None, depth=0, draggable=False, fillColor=array([0.00392157, 0.00392157, 0.00392157]), fillColorSpace='rgb', fillRGB=array([0.00392157, 0.00392157, 0.00392157]), interpolate=True, lineColor=array([0, 0, 0]), lineColorSpace='rgb', lineRGB=array([0, 0, 0]), lineWidth=0, name='unnamed Rect', opacity=0.5, ori=0.0, pos=array([-0.65,  0.45]), size=array([0.1, 0.1]), units='height', vertices=ndarray(...), win=Window(...))
95.6297 	EXP 	window1: mouseVisible = True
95.6318 	EXP 	Created node0 = Circle(__class__=<class 'psychopy.visual.circle.Circle'>, anchor=('center', 'center'), autoDraw=False, autoLog=True, closeShape=True, color=method-wrapper(...), colorSpace='rgb', contrast=None, depth=0, draggable=False, fillColor=array([1, 1, 1]), fillColorSpace='rgb', fillRGB=array([1, 1, 1]), interpolate=True, lineColor=array([-1, -1, -1]), lineColorSpace='rgb', lineRGB=array([-1, -1, -1]), lineWidth=2, name='node0', opacity=1.0, ori=0.0, pos=array([0.  , 0.35]), size=array([1., 1.]), units='height', vertices=ndarray(...), win=Window(...))
95.6318 	EXP 	window1: mouseVisible = True
95.6495 	EXP 	Created unnamed ImageStim = ImageStim(__class__=<class 'psychopy.visual.image.ImageStim'>, anchor=('center', 'center'), autoLog=True, color=array([1., 1., 1.]), colorSpace='rgb', contrast=1.0, depth=0, draggable=False, flipHoriz=False, flipVert=False, image='images/pattern_6.png', interpolate=False, mask=None, maskParams=None, name='unnamed ImageStim', opacity=1.0, ori=0.0, pos=array([0.  , 0.35]), size=array([0.12, 0.12]), texRes=128, units='height', win=Window(...))
95.6506 	EXP 	window1: mouseVisible = True
95.6525 	EXP 	Created node1 = Circle(__class__=<class 'psychopy.visual.circle.Circle'>, anchor=('center', 'center'), autoDraw=False, autoLog=True, closeShape=True, color=method-wrapper(...), colorSpace='rgb', contrast=None, depth=0, draggable=False, fillColor=array([1, 1, 1]), fillColorSpace='rgb', fillRGB=array([1, 1, 1]), interpolate=True, lineColor=array([-1, -1, -1]), lineColorSpace='rgb', lineRGB=array([-1, -1, -1]), lineWidth=2, name='node1', opacity=1.0, ori=0.0, pos=array([-0.18922429,  0.29443874]), size=array([1., 1.]), units='height', vertices=ndarray(...), win=Window(...))
95.6525 	EXP 	window1: mouseVisible = True
95.6692 	EXP 	Created unnamed ImageStim = ImageStim(__class__=<class 'psychopy.visual.image.ImageStim'>, anchor=('center', 'center'), autoLog=True, color=array([1., 1., 1.]), colorSpace='rgb', contrast=1.0, depth=0, draggable=False, flipHoriz=False, flipVert=False, image='images/pattern_6.png', interpolate=False, mask=None, maskParams=None, name='unnamed ImageStim', opacity=1.0, ori=0.0, pos=array([-0.18922429,  0.29443874]), size=array([0.12, 0.12]), texRes=128, units='height', win=Window(...))
95.6702 	EXP 	window1: mouseVisible = True
95.6722 	EXP 	Created node2 = Circle(__class__=<class 'psychopy.visual.circle.Circle'>, anchor=('center', 'center'), autoDraw=False, autoLog=True, closeShape=True, color=method-wrapper(...), colorSpace='rgb', contrast=None, depth=0, draggable=False, fillColor=array([1, 1, 1]), fillColorSpace='rgb', fillRGB=array([1, 1, 1]), interpolate=True, lineColor=array([-1, -1, -1]), lineColorSpace='rgb', lineRGB=array([-1, -1, -1]), lineWidth=2, name='node2', opacity=1.0, ori=0.0, pos=array([-0.3183712 ,  0.14539525]), size=array([1., 1.]), units='height', vertices=ndarray(...), win=Window(...))
95.6722 	EXP 	window1: mouseVisible = True
95.6891 	EXP 	Created unnamed ImageStim = ImageStim(__class__=<class 'psychopy.visual.image.ImageStim'>, anchor=('center', 'center'), autoLog=True, color=array([1., 1., 1.]), colorSpace='rgb', contrast=1.0, depth=0, draggable=False, flipHoriz=False, flipVert=False, image='images/pattern_5.png', interpolate=False, mask=None, maskParams=None, name='unnamed ImageStim', opacity=1.0, ori=0.0, pos=array([-0.3183712 ,  0.14539525]), size=array([0.12, 0.12]), texRes=128, units='height', win=Window(...))
95.6901 	EXP 	window1: mouseVisible = True
95.6921 	EXP 	Created node3 = Circle(__class__=<class 'psychopy.visual.circle.Circle'>, anchor=('center', 'center'), autoDraw=False, autoLog=True, closeShape=True, color=method-wrapper(...), colorSpace='rgb', contrast=None, depth=0, draggable=False, fillColor=array([1, 1, 1]), fillColorSpace='rgb', fillRGB=array([1, 1, 1]), interpolate=True, lineColor=array([-1, -1, -1]), lineColorSpace='rgb', lineRGB=array([-1, -1, -1]), lineWidth=2, name='node3', opacity=1.0, ori=0.0, pos=array([-0.3464375 , -0.04981019]), size=array([1., 1.]), units='height', vertices=ndarray(...), win=Window(...))
95.6931 	EXP 	window1: mouseVisible = True
95.6949 	EXP 	Created node4 = Circle(__class__=<class 'psychopy.visual.circle.Circle'>, anchor=('center', 'center'), autoDraw=False, autoLog=True, closeShape=True, color=method-wrapper(...), colorSpace='rgb', contrast=None, depth=0, draggable=False, fillColor=array([1, 1, 1]), fillColorSpace='rgb', fillRGB=array([1, 1, 1]), interpolate=True, lineColor=array([-1, -1, -1]), lineColorSpace='rgb', lineRGB=array([-1, -1, -1]), lineWidth=2, name='node4', opacity=1.0, ori=0.0, pos=array([-0.26451235, -0.22920126]), size=array([1., 1.]), units='height', vertices=ndarray(...), win=Window(...))
95.6950 	EXP 	window1: mouseVisible = True
95.7113 	EXP 	Created unnamed ImageStim = ImageStim(__class__=<class 'psychopy.visual.image.ImageStim'>, anchor=('center', 'center'), autoLog=True, color=array([1., 1., 1.]), colorSpace='rgb', contrast=1.0, depth=0, draggable=False, flipHoriz=False, flipVert=False, image='images/pattern_4.png', interpolate=False, mask=None, maskParams=None, name='unnamed ImageStim', opacity=1.0, ori=0.0, pos=array([-0.26451235, -0.22920126]), size=array([0.12, 0.12]), texRes=128, units='height', win=Window(...))
95.7123 	EXP 	window1: mouseVisible = True
95.7142 	EXP 	Created node5 = Circle(__class__=<class 'psychopy.visual.circle.Circle'>, anchor=('center', 'center'), autoDraw=False, autoLog=True, closeShape=True, color=method-wrapper(...), colorSpace='rgb', contrast=None, depth=0, draggable=False, fillColor=array([1, 1, 1]), fillColorSpace='rgb', fillRGB=array([1, 1, 1]), interpolate=True, lineColor=array([-1, -1, -1]), lineColorSpace='rgb', lineRGB=array([-1, -1, -1]), lineWidth=2, name='node5', opacity=1.0, ori=0.0, pos=array([-0.09860639, -0.33582254]), size=array([1., 1.]), units='height', vertices=ndarray(...), win=Window(...))
95.7142 	EXP 	window1: mouseVisible = True
95.7307 	EXP 	Created unnamed ImageStim = ImageStim(__class__=<class 'psychopy.visual.image.ImageStim'>, anchor=('center', 'center'), autoLog=True, color=array([1., 1., 1.]), colorSpace='rgb', contrast=1.0, depth=0, draggable=False, flipHoriz=False, flipVert=False, image='images/pattern_2.png', interpolate=False, mask=None, maskParams=None, name='unnamed ImageStim', opacity=1.0, ori=0.0, pos=array([-0.09860639, -0.33582254]), size=array([0.12, 0.12]), texRes=128, units='height', win=Window(...))
95.7317 	EXP 	window1: mouseVisible = True
95.7336 	EXP 	Created node6 = Circle(__class__=<class 'psychopy.visual.circle.Circle'>, anchor=('center', 'center'), autoDraw=False, autoLog=True, closeShape=True, color=method-wrapper(...), colorSpace='rgb', contrast=None, depth=0, draggable=False, fillColor=array([1, 1, 1]), fillColorSpace='rgb', fillRGB=array([1, 1, 1]), interpolate=True, lineColor=array([-1, -1, -1]), lineColorSpace='rgb', lineRGB=array([-1, -1, -1]), lineWidth=2, name='node6', opacity=1.0, ori=0.0, pos=array([ 0.09860639, -0.33582254]), size=array([1., 1.]), units='height', vertices=ndarray(...), win=Window(...))
95.7336 	EXP 	window1: mouseVisible = True
95.7516 	EXP 	Created unnamed ImageStim = ImageStim(__class__=<class 'psychopy.visual.image.ImageStim'>, anchor=('center', 'center'), autoLog=True, color=array([1., 1., 1.]), colorSpace='rgb', contrast=1.0, depth=0, draggable=False, flipHoriz=False, flipVert=False, image='images/pattern_9.png', interpolate=False, mask=None, maskParams=None, name='unnamed ImageStim', opacity=1.0, ori=0.0, pos=array([ 0.09860639, -0.33582254]), size=array([0.12, 0.12]), texRes=128, units='height', win=Window(...))
95.7526 	EXP 	window1: mouseVisible = True
95.7545 	EXP 	Created node7 = Circle(__class__=<class 'psychopy.visual.circle.Circle'>, anchor=('center', 'center'), autoDraw=False, autoLog=True, closeShape=True, color=method-wrapper(...), colorSpace='rgb', contrast=None, depth=0, draggable=False, fillColor=array([1, 1, 1]), fillColorSpace='rgb', fillRGB=array([1, 1, 1]), interpolate=True, lineColor=array([-1, -1, -1]), lineColorSpace='rgb', lineRGB=array([-1, -1, -1]), lineWidth=2, name='node7', opacity=1.0, ori=0.0, pos=array([ 0.26451235, -0.22920126]), size=array([1., 1.]), units='height', vertices=ndarray(...), win=Window(...))
95.7545 	EXP 	window1: mouseVisible = True
95.7707 	EXP 	Created unnamed ImageStim = ImageStim(__class__=<class 'psychopy.visual.image.ImageStim'>, anchor=('center', 'center'), autoLog=True, color=array([1., 1., 1.]), colorSpace='rgb', contrast=1.0, depth=0, draggable=False, flipHoriz=False, flipVert=False, image='images/pattern_4.png', interpolate=False, mask=None, maskParams=None, name='unnamed ImageStim', opacity=1.0, ori=0.0, pos=array([ 0.26451235, -0.22920126]), size=array([0.12, 0.12]), texRes=128, units='height', win=Window(...))
95.7717 	EXP 	window1: mouseVisible = True
95.7736 	EXP 	Created node8 = Circle(__class__=<class 'psychopy.visual.circle.Circle'>, anchor=('center', 'center'), autoDraw=False, autoLog=True, closeShape=True, color=method-wrapper(...), colorSpace='rgb', contrast=None, depth=0, draggable=False, fillColor=array([1, 1, 1]), fillColorSpace='rgb', fillRGB=array([1, 1, 1]), interpolate=True, lineColor=array([-1, -1, -1]), lineColorSpace='rgb', lineRGB=array([-1, -1, -1]), lineWidth=2, name='node8', opacity=1.0, ori=0.0, pos=array([ 0.3464375 , -0.04981019]), size=array([1., 1.]), units='height', vertices=ndarray(...), win=Window(...))
95.7736 	EXP 	window1: mouseVisible = True
95.7903 	EXP 	Created unnamed ImageStim = ImageStim(__class__=<class 'psychopy.visual.image.ImageStim'>, anchor=('center', 'center'), autoLog=True, color=array([1., 1., 1.]), colorSpace='rgb', contrast=1.0, depth=0, draggable=False, flipHoriz=False, flipVert=False, image='images/pattern_5.png', interpolate=False, mask=None, maskParams=None, name='unnamed ImageStim', opacity=1.0, ori=0.0, pos=array([ 0.3464375 , -0.04981019]), size=array([0.12, 0.12]), texRes=128, units='height', win=Window(...))
95.7913 	EXP 	window1: mouseVisible = True
95.7933 	EXP 	Created node9 = Circle(__class__=<class 'psychopy.visual.circle.Circle'>, anchor=('center', 'center'), autoDraw=False, autoLog=True, closeShape=True, color=method-wrapper(...), colorSpace='rgb', contrast=None, depth=0, draggable=False, fillColor=array([1, 1, 1]), fillColorSpace='rgb', fillRGB=array([1, 1, 1]), interpolate=True, lineColor=array([-1, -1, -1]), lineColorSpace='rgb', lineRGB=array([-1, -1, -1]), lineWidth=2, name='node9', opacity=1.0, ori=0.0, pos=array([0.3183712 , 0.14539525]), size=array([1., 1.]), units='height', vertices=ndarray(...), win=Window(...))
95.7933 	EXP 	window1: mouseVisible = True
95.8097 	EXP 	Created unnamed ImageStim = ImageStim(__class__=<class 'psychopy.visual.image.ImageStim'>, anchor=('center', 'center'), autoLog=True, color=array([1., 1., 1.]), colorSpace='rgb', contrast=1.0, depth=0, draggable=False, flipHoriz=False, flipVert=False, image='images/pattern_2.png', interpolate=False, mask=None, maskParams=None, name='unnamed ImageStim', opacity=1.0, ori=0.0, pos=array([0.3183712 , 0.14539525]), size=array([0.12, 0.12]), texRes=128, units='height', win=Window(...))
95.8107 	EXP 	window1: mouseVisible = True
95.8126 	EXP 	Created node10 = Circle(__class__=<class 'psychopy.visual.circle.Circle'>, anchor=('center', 'center'), autoDraw=False, autoLog=True, closeShape=True, color=method-wrapper(...), colorSpace='rgb', contrast=None, depth=0, draggable=False, fillColor=array([1, 1, 1]), fillColorSpace='rgb', fillRGB=array([1, 1, 1]), interpolate=True, lineColor=array([-1, -1, -1]), lineColorSpace='rgb', lineRGB=array([-1, -1, -1]), lineWidth=2, name='node10', opacity=1.0, ori=0.0, pos=array([0.18922429, 0.29443874]), size=array([1., 1.]), units='height', vertices=ndarray(...), win=Window(...))
95.8127 	EXP 	window1: mouseVisible = True
95.8288 	EXP 	Created unnamed ImageStim = ImageStim(__class__=<class 'psychopy.visual.image.ImageStim'>, anchor=('center', 'center'), autoLog=True, color=array([1., 1., 1.]), colorSpace='rgb', contrast=1.0, depth=0, draggable=False, flipHoriz=False, flipVert=False, image='images/pattern_4.png', interpolate=False, mask=None, maskParams=None, name='unnamed ImageStim', opacity=1.0, ori=0.0, pos=array([0.18922429, 0.29443874]), size=array([0.12, 0.12]), texRes=128, units='height', win=Window(...))
95.8289 	EXP 	window1: mouseVisible = True
95.8293 	EXP 	Created unnamed Line = Line(__class__=<class 'psychopy.visual.line.Line'>, anchor=('center', 'center'), autoDraw=False, autoLog=True, closeShape=False, color=array([-1, -1, -1]), colorSpace='rgb', contrast=None, depth=2, draggable=False, fillColor=array([0, 0, 0]), fillColorSpace='rgb', fillRGB=array([0, 0, 0]), interpolate=True, lineColor=array([-1, -1, -1]), lineColorSpace='rgb', lineRGB=array([-1, -1, -1]), lineWidth=4, name='unnamed Line', opacity=0.5, ori=0.0, pos=array([0., 0.]), size=array([1., 1.]), units='height', vertices=ndarray(...), win=Window(...), windingRule=None)
95.8294 	EXP 	window1: mouseVisible = True
95.8298 	EXP 	Created unnamed ShapeStim = ShapeStim(__class__=<class 'psychopy.visual.shape.ShapeStim'>, anchor=('center', 'center'), autoDraw=False, autoLog=True, closeShape=True, color=method-wrapper(...), colorSpace='rgb', contrast=None, depth=0, draggable=False, fillColor=array([-1, -1, -1]), fillColorSpace='rgb', fillRGB=array([-1, -1, -1]), interpolate=True, lineColor=array([-1, -1, -1]), lineColorSpace='rgb', lineRGB=array([-1, -1, -1]), lineWidth=1.5, name='unnamed ShapeStim', opacity=1.0, ori=122.72727272727275, pos=array([0.27630852, 0.1724273 ]), size=array([1., 1.]), units='height', vertices=ndarray(...), win=Window(...), windingRule=None)
95.8299 	EXP 	window1: mouseVisible = True
95.8302 	EXP 	Created unnamed Line = Line(__class__=<class 'psychopy.visual.line.Line'>, anchor=('center', 'center'), autoDraw=False, autoLog=True, closeShape=False, color=array([-1, -1, -1]), colorSpace='rgb', contrast=None, depth=2, draggable=False, fillColor=array([0, 0, 0]), fillColorSpace='rgb', fillRGB=array([0, 0, 0]), interpolate=True, lineColor=array([-1, -1, -1]), lineColorSpace='rgb', lineRGB=array([-1, -1, -1]), lineWidth=4, name='unnamed Line', opacity=0.5, ori=0.0, pos=array([0., 0.]), size=array([1., 1.]), units='height', vertices=ndarray(...), win=Window(...), windingRule=None)
95.8303 	EXP 	window1: mouseVisible = True
95.8306 	EXP 	Created unnamed ShapeStim = ShapeStim(__class__=<class 'psychopy.visual.shape.ShapeStim'>, anchor=('center', 'center'), autoDraw=False, autoLog=True, closeShape=True, color=method-wrapper(...), colorSpace='rgb', contrast=None, depth=0, draggable=False, fillColor=array([-1, -1, -1]), fillColorSpace='rgb', fillRGB=array([-1, -1, -1]), interpolate=True, lineColor=array([-1, -1, -1]), lineColorSpace='rgb', lineRGB=array([-1, -1, -1]), lineWidth=1.5, name='unnamed ShapeStim', opacity=1.0, ori=188.1818181818182, pos=array([-0.09149065, -0.28633147]), size=array([1., 1.]), units='height', vertices=ndarray(...), win=Window(...), windingRule=None)
95.8307 	EXP 	window1: mouseVisible = True
95.8311 	EXP 	Created unnamed Line = Line(__class__=<class 'psychopy.visual.line.Line'>, anchor=('center', 'center'), autoDraw=False, autoLog=True, closeShape=False, color=array([-1, -1, -1]), colorSpace='rgb', contrast=None, depth=2, draggable=False, fillColor=array([0, 0, 0]), fillColorSpace='rgb', fillRGB=array([0, 0, 0]), interpolate=True, lineColor=array([-1, -1, -1]), lineColorSpace='rgb', lineRGB=array([-1, -1, -1]), lineWidth=4, name='unnamed Line', opacity=0.5, ori=0.0, pos=array([0., 0.]), size=array([1., 1.]), units='height', vertices=ndarray(...), win=Window(...), windingRule=None)
95.8311 	EXP 	window1: mouseVisible = True
95.8315 	EXP 	Created unnamed ShapeStim = ShapeStim(__class__=<class 'psychopy.visual.shape.ShapeStim'>, anchor=('center', 'center'), autoDraw=False, autoLog=True, closeShape=True, color=method-wrapper(...), colorSpace='rgb', contrast=None, depth=0, draggable=False, fillColor=array([-1, -1, -1]), fillColorSpace='rgb', fillRGB=array([-1, -1, -1]), interpolate=True, lineColor=array([-1, -1, -1]), lineColorSpace='rgb', lineRGB=array([-1, -1, -1]), lineWidth=1.5, name='unnamed ShapeStim', opacity=1.0, ori=171.8181818181818, pos=array([-0.27162809, -0.17971018]), size=array([1., 1.]), units='height', vertices=ndarray(...), win=Window(...), windingRule=None)
95.8315 	EXP 	window1: mouseVisible = True
95.8319 	EXP 	Created unnamed Line = Line(__class__=<class 'psychopy.visual.line.Line'>, anchor=('center', 'center'), autoDraw=False, autoLog=True, closeShape=False, color=array([-1, -1, -1]), colorSpace='rgb', contrast=None, depth=2, draggable=False, fillColor=array([0, 0, 0]), fillColorSpace='rgb', fillRGB=array([0, 0, 0]), interpolate=True, lineColor=array([-1, -1, -1]), lineColorSpace='rgb', lineRGB=array([-1, -1, -1]), lineWidth=4, name='unnamed Line', opacity=0.5, ori=0.0, pos=array([0., 0.]), size=array([1., 1.]), units='height', vertices=ndarray(...), win=Window(...), windingRule=None)
95.8319 	EXP 	window1: mouseVisible = True
95.8323 	EXP 	Created unnamed ShapeStim = ShapeStim(__class__=<class 'psychopy.visual.shape.ShapeStim'>, anchor=('center', 'center'), autoDraw=False, autoLog=True, closeShape=True, color=method-wrapper(...), colorSpace='rgb', contrast=None, depth=0, draggable=False, fillColor=array([-1, -1, -1]), fillColorSpace='rgb', fillRGB=array([-1, -1, -1]), interpolate=True, lineColor=array([-1, -1, -1]), lineColorSpace='rgb', lineRGB=array([-1, -1, -1]), lineWidth=1.5, name='unnamed ShapeStim', opacity=1.0, ori=40.909090909090914, pos=array([-0.22196732,  0.25665126]), size=array([1., 1.]), units='height', vertices=ndarray(...), win=Window(...), windingRule=None)
95.8323 	EXP 	window1: mouseVisible = True
95.8327 	EXP 	Created unnamed Line = Line(__class__=<class 'psychopy.visual.line.Line'>, anchor=('center', 'center'), autoDraw=False, autoLog=True, closeShape=False, color=array([-1, -1, -1]), colorSpace='rgb', contrast=None, depth=2, draggable=False, fillColor=array([0, 0, 0]), fillColorSpace='rgb', fillRGB=array([0, 0, 0]), interpolate=True, lineColor=array([-1, -1, -1]), lineColorSpace='rgb', lineRGB=array([-1, -1, -1]), lineWidth=4, name='unnamed Line', opacity=0.5, ori=0.0, pos=array([0., 0.]), size=array([1., 1.]), units='height', vertices=ndarray(...), win=Window(...), windingRule=None)
95.8328 	EXP 	window1: mouseVisible = True
95.8332 	EXP 	Created unnamed ShapeStim = ShapeStim(__class__=<class 'psychopy.visual.shape.ShapeStim'>, anchor=('center', 'center'), autoDraw=False, autoLog=True, closeShape=True, color=method-wrapper(...), colorSpace='rgb', contrast=None, depth=0, draggable=False, fillColor=array([-1, -1, -1]), fillColorSpace='rgb', fillRGB=array([-1, -1, -1]), interpolate=True, lineColor=array([-1, -1, -1]), lineColorSpace='rgb', lineRGB=array([-1, -1, -1]), lineWidth=1.5, name='unnamed ShapeStim', opacity=1.0, ori=122.72727272727275, pos=array([ 0.05654372, -0.3087905 ]), size=array([1., 1.]), units='height', vertices=ndarray(...), win=Window(...), windingRule=None)
95.8332 	EXP 	window1: mouseVisible = True
95.8336 	EXP 	Created unnamed Line = Line(__class__=<class 'psychopy.visual.line.Line'>, anchor=('center', 'center'), autoDraw=False, autoLog=True, closeShape=False, color=array([-1, -1, -1]), colorSpace='rgb', contrast=None, depth=2, draggable=False, fillColor=array([0, 0, 0]), fillColorSpace='rgb', fillRGB=array([0, 0, 0]), interpolate=True, lineColor=array([-1, -1, -1]), lineColorSpace='rgb', lineRGB=array([-1, -1, -1]), lineWidth=4, name='unnamed Line', opacity=0.5, ori=0.0, pos=array([0., 0.]), size=array([1., 1.]), units='height', vertices=ndarray(...), win=Window(...), windingRule=None)
95.8336 	EXP 	window1: mouseVisible = True
95.8340 	EXP 	Created unnamed ShapeStim = ShapeStim(__class__=<class 'psychopy.visual.shape.ShapeStim'>, anchor=('center', 'center'), autoDraw=False, autoLog=True, closeShape=True, color=method-wrapper(...), colorSpace='rgb', contrast=None, depth=0, draggable=False, fillColor=array([-1, -1, -1]), fillColorSpace='rgb', fillRGB=array([-1, -1, -1]), interpolate=True, lineColor=array([-1, -1, -1]), lineColorSpace='rgb', lineRGB=array([-1, -1, -1]), lineWidth=1.5, name='unnamed ShapeStim', opacity=1.0, ori=8.181818181818173, pos=array([-0.32548694,  0.09590418]), size=array([1., 1.]), units='height', vertices=ndarray(...), win=Window(...), windingRule=None)
95.8340 	EXP 	window1: mouseVisible = True
95.8344 	EXP 	Created unnamed Line = Line(__class__=<class 'psychopy.visual.line.Line'>, anchor=('center', 'center'), autoDraw=False, autoLog=True, closeShape=False, color=array([-1, -1, -1]), colorSpace='rgb', contrast=None, depth=2, draggable=False, fillColor=array([0, 0, 0]), fillColorSpace='rgb', fillRGB=array([0, 0, 0]), interpolate=True, lineColor=array([-1, -1, -1]), lineColorSpace='rgb', lineRGB=array([-1, -1, -1]), lineWidth=4, name='unnamed Line', opacity=0.5, ori=0.0, pos=array([0., 0.]), size=array([1., 1.]), units='height', vertices=ndarray(...), win=Window(...), windingRule=None)
95.8344 	EXP 	window1: mouseVisible = True
95.8348 	EXP 	Created unnamed ShapeStim = ShapeStim(__class__=<class 'psychopy.visual.shape.ShapeStim'>, anchor=('center', 'center'), autoDraw=False, autoLog=True, closeShape=True, color=method-wrapper(...), colorSpace='rgb', contrast=None, depth=0, draggable=False, fillColor=array([-1, -1, -1]), fillColorSpace='rgb', fillRGB=array([-1, -1, -1]), interpolate=True, lineColor=array([-1, -1, -1]), lineColorSpace='rgb', lineRGB=array([-1, -1, -1]), lineWidth=1.5, name='unnamed ShapeStim', opacity=1.0, ori=40.90909090909093, pos=array([ 0.31369447, -0.08759767]), size=array([1., 1.]), units='height', vertices=ndarray(...), win=Window(...), windingRule=None)
95.8349 	EXP 	window1: mouseVisible = True
95.8352 	EXP 	Created unnamed Line = Line(__class__=<class 'psychopy.visual.line.Line'>, anchor=('center', 'center'), autoDraw=False, autoLog=True, closeShape=False, color=array([-1, -1, -1]), colorSpace='rgb', contrast=None, depth=2, draggable=False, fillColor=array([0, 0, 0]), fillColorSpace='rgb', fillRGB=array([0, 0, 0]), interpolate=True, lineColor=array([-1, -1, -1]), lineColorSpace='rgb', lineRGB=array([-1, -1, -1]), lineWidth=4, name='unnamed Line', opacity=0.5, ori=0.0, pos=array([0., 0.]), size=array([1., 1.]), units='height', vertices=ndarray(...), win=Window(...), windingRule=None)
95.8353 	EXP 	window1: mouseVisible = True
95.8356 	EXP 	Created unnamed ShapeStim = ShapeStim(__class__=<class 'psychopy.visual.shape.ShapeStim'>, anchor=('center', 'center'), autoDraw=False, autoLog=True, closeShape=True, color=method-wrapper(...), colorSpace='rgb', contrast=None, depth=0, draggable=False, fillColor=array([-1, -1, -1]), fillColorSpace='rgb', fillRGB=array([-1, -1, -1]), interpolate=True, lineColor=array([-1, -1, -1]), lineColorSpace='rgb', lineRGB=array([-1, -1, -1]), lineWidth=1.5, name='unnamed ShapeStim', opacity=1.0, ori=8.181818181818187, pos=array([0.18210854, 0.24494766]), size=array([1., 1.]), units='height', vertices=ndarray(...), win=Window(...), windingRule=None)
95.8357 	EXP 	window1: mouseVisible = True
95.8360 	EXP 	Created unnamed Line = Line(__class__=<class 'psychopy.visual.line.Line'>, anchor=('center', 'center'), autoDraw=False, autoLog=True, closeShape=False, color=array([-1, -1, -1]), colorSpace='rgb', contrast=None, depth=2, draggable=False, fillColor=array([0, 0, 0]), fillColorSpace='rgb', fillRGB=array([0, 0, 0]), interpolate=True, lineColor=array([-1, -1, -1]), lineColorSpace='rgb', lineRGB=array([-1, -1, -1]), lineWidth=4, name='unnamed Line', opacity=0.5, ori=0.0, pos=array([0., 0.]), size=array([1., 1.]), units='height', vertices=ndarray(...), win=Window(...), windingRule=None)
95.8361 	EXP 	window1: mouseVisible = True
95.8364 	EXP 	Created unnamed ShapeStim = ShapeStim(__class__=<class 'psychopy.visual.shape.ShapeStim'>, anchor=('center', 'center'), autoDraw=False, autoLog=True, closeShape=True, color=method-wrapper(...), colorSpace='rgb', contrast=None, depth=0, draggable=False, fillColor=array([-1, -1, -1]), fillColorSpace='rgb', fillRGB=array([-1, -1, -1]), interpolate=True, lineColor=array([-1, -1, -1]), lineColorSpace='rgb', lineRGB=array([-1, -1, -1]), lineWidth=1.5, name='unnamed ShapeStim', opacity=1.0, ori=220.90909090909093, pos=array([-0.06586336, -0.29803506]), size=array([1., 1.]), units='height', vertices=ndarray(...), win=Window(...), windingRule=None)
95.8365 	EXP 	window1: mouseVisible = True
95.8368 	EXP 	Created unnamed Line = Line(__class__=<class 'psychopy.visual.line.Line'>, anchor=('center', 'center'), autoDraw=False, autoLog=True, closeShape=False, color=array([-1, -1, -1]), colorSpace='rgb', contrast=None, depth=2, draggable=False, fillColor=array([0, 0, 0]), fillColorSpace='rgb', fillRGB=array([0, 0, 0]), interpolate=True, lineColor=array([-1, -1, -1]), lineColorSpace='rgb', lineRGB=array([-1, -1, -1]), lineWidth=4, name='unnamed Line', opacity=0.5, ori=0.0, pos=array([0., 0.]), size=array([1., 1.]), units='height', vertices=ndarray(...), win=Window(...), windingRule=None)
95.8369 	EXP 	window1: mouseVisible = True
95.8373 	EXP 	Created unnamed ShapeStim = ShapeStim(__class__=<class 'psychopy.visual.shape.ShapeStim'>, anchor=('center', 'center'), autoDraw=False, autoLog=True, closeShape=True, color=method-wrapper(...), colorSpace='rgb', contrast=None, depth=0, draggable=False, fillColor=array([-1, -1, -1]), fillColorSpace='rgb', fillRGB=array([-1, -1, -1]), interpolate=True, lineColor=array([-1, -1, -1]), lineColorSpace='rgb', lineRGB=array([-1, -1, -1]), lineWidth=1.5, name='unnamed ShapeStim', opacity=1.0, ori=188.18181818181822, pos=array([ 0.27162809, -0.17971018]), size=array([1., 1.]), units='height', vertices=ndarray(...), win=Window(...), windingRule=None)
95.8373 	EXP 	window1: mouseVisible = True
95.8377 	EXP 	Created unnamed Rect = Rect(__class__=<class 'psychopy.visual.rect.Rect'>, anchor=('center', 'center'), autoDraw=False, autoLog=True, closeShape=True, color=method-wrapper(...), colorSpace='rgb', contrast=None, depth=0, draggable=False, fillColor=array([0.00392157, 0.00392157, 0.00392157]), fillColorSpace='rgb', fillRGB=array([0.00392157, 0.00392157, 0.00392157]), interpolate=True, lineColor=array([0, 0, 0]), lineColorSpace='rgb', lineRGB=array([0, 0, 0]), lineWidth=0, name='unnamed Rect', opacity=0.0, ori=0.0, pos=array([0.1, 0. ]), size=array([1.1, 1. ]), units='height', vertices=ndarray(...), win=Window(...))
95.8461 	EXP 	unnamed Rect: autoDraw = True
95.8461 	EXP 	node0: autoDraw = True
95.8461 	EXP 	unnamed ImageStim: autoDraw = True
95.8461 	EXP 	node1: autoDraw = True
95.8461 	EXP 	unnamed ImageStim: autoDraw = True
95.8461 	EXP 	node2: autoDraw = True
95.8461 	EXP 	unnamed ImageStim: autoDraw = True
95.8461 	EXP 	node3: autoDraw = True
95.8461 	EXP 	node4: autoDraw = True
95.8461 	EXP 	unnamed ImageStim: autoDraw = True
95.8461 	EXP 	node5: autoDraw = True
95.8461 	EXP 	unnamed ImageStim: autoDraw = True
95.8461 	EXP 	node6: autoDraw = True
95.8461 	EXP 	unnamed ImageStim: autoDraw = True
95.8461 	EXP 	node7: autoDraw = True
95.8461 	EXP 	unnamed ImageStim: autoDraw = True
95.8461 	EXP 	node8: autoDraw = True
95.8461 	EXP 	unnamed ImageStim: autoDraw = True
95.8461 	EXP 	node9: autoDraw = True
95.8461 	EXP 	unnamed ImageStim: autoDraw = True
95.8461 	EXP 	node10: autoDraw = True
95.8461 	EXP 	unnamed ImageStim: autoDraw = True
95.8461 	EXP 	unnamed Line: autoDraw = True
95.8461 	EXP 	unnamed Line: autoDraw = True
95.8461 	EXP 	unnamed ShapeStim: autoDraw = True
95.8461 	EXP 	unnamed Line: autoDraw = True
95.8461 	EXP 	unnamed Line: autoDraw = True
95.8461 	EXP 	unnamed ShapeStim: autoDraw = True
95.8461 	EXP 	unnamed Line: autoDraw = True
95.8461 	EXP 	unnamed Line: autoDraw = True
95.8461 	EXP 	unnamed ShapeStim: autoDraw = True
95.8461 	EXP 	unnamed Line: autoDraw = True
95.8461 	EXP 	unnamed Line: autoDraw = True
95.8461 	EXP 	unnamed ShapeStim: autoDraw = True
95.8461 	EXP 	unnamed Line: autoDraw = True
95.8461 	EXP 	unnamed Line: autoDraw = True
95.8461 	EXP 	unnamed ShapeStim: autoDraw = True
95.8461 	EXP 	unnamed Line: autoDraw = True
95.8461 	EXP 	unnamed Line: autoDraw = True
95.8461 	EXP 	unnamed ShapeStim: autoDraw = True
95.8461 	EXP 	unnamed Line: autoDraw = True
95.8461 	EXP 	unnamed Line: autoDraw = True
95.8461 	EXP 	unnamed ShapeStim: autoDraw = True
95.8461 	EXP 	unnamed Line: autoDraw = True
95.8461 	EXP 	unnamed Line: autoDraw = True
95.8461 	EXP 	unnamed ShapeStim: autoDraw = True
95.8461 	EXP 	unnamed Line: autoDraw = True
95.8461 	EXP 	unnamed Line: autoDraw = True
95.8461 	EXP 	unnamed ShapeStim: autoDraw = True
95.8461 	EXP 	unnamed Line: autoDraw = True
95.8461 	EXP 	unnamed Line: autoDraw = True
95.8461 	EXP 	unnamed ShapeStim: autoDraw = True
95.8461 	EXP 	unnamed Rect: autoDraw = True
95.8461 	EXP 	node3: fillColor = '#126DEF'
95.8551 	EXP 	node3: fillColor = '#126DEF'
95.8551 	EXP 	unnamed Line: foreColor = <psychopy.colors.Color: black, alpha=1.0>
95.8551 	EXP 	unnamed Line: borderColor = <psychopy.colors.Color: black, alpha=1.0>
95.8551 	EXP 	unnamed Line: fillColor = <psychopy.colors.Color: black, alpha=1.0>
95.8551 	EXP 	unnamed ShapeStim: foreColor = <psychopy.colors.Color: black, alpha=1.0>
95.8551 	EXP 	unnamed ShapeStim: borderColor = <psychopy.colors.Color: black, alpha=1.0>
95.8551 	EXP 	unnamed ShapeStim: fillColor = <psychopy.colors.Color: black, alpha=1.0>
95.8551 	EXP 	unnamed Line: foreColor = <psychopy.colors.Color: black, alpha=1.0>
95.8551 	EXP 	unnamed Line: borderColor = <psychopy.colors.Color: black, alpha=1.0>
95.8551 	EXP 	unnamed Line: fillColor = <psychopy.colors.Color: black, alpha=1.0>
95.8551 	EXP 	unnamed ShapeStim: foreColor = <psychopy.colors.Color: black, alpha=1.0>
95.8551 	EXP 	unnamed ShapeStim: borderColor = <psychopy.colors.Color: black, alpha=1.0>
95.8551 	EXP 	unnamed ShapeStim: fillColor = <psychopy.colors.Color: black, alpha=1.0>
95.8551 	EXP 	unnamed Line: foreColor = <psychopy.colors.Color: black, alpha=1.0>
95.8551 	EXP 	unnamed Line: borderColor = <psychopy.colors.Color: black, alpha=1.0>
95.8551 	EXP 	unnamed Line: fillColor = <psychopy.colors.Color: black, alpha=1.0>
95.8551 	EXP 	unnamed ShapeStim: foreColor = <psychopy.colors.Color: black, alpha=1.0>
95.8551 	EXP 	unnamed ShapeStim: borderColor = <psychopy.colors.Color: black, alpha=1.0>
95.8551 	EXP 	unnamed ShapeStim: fillColor = <psychopy.colors.Color: black, alpha=1.0>
95.8551 	EXP 	unnamed Line: foreColor = <psychopy.colors.Color: black, alpha=1.0>
95.8551 	EXP 	unnamed Line: borderColor = <psychopy.colors.Color: black, alpha=1.0>
95.8551 	EXP 	unnamed Line: fillColor = <psychopy.colors.Color: black, alpha=1.0>
95.8551 	EXP 	unnamed ShapeStim: foreColor = <psychopy.colors.Color: black, alpha=1.0>
95.8551 	EXP 	unnamed ShapeStim: borderColor = <psychopy.colors.Color: black, alpha=1.0>
95.8551 	EXP 	unnamed ShapeStim: fillColor = <psychopy.colors.Color: black, alpha=1.0>
95.8551 	EXP 	unnamed Line: autoDraw = False
95.8551 	EXP 	unnamed ShapeStim: autoDraw = False
95.8551 	EXP 	unnamed Line: autoDraw = True
95.8551 	EXP 	unnamed ShapeStim: autoDraw = True
95.8551 	EXP 	unnamed Line: autoDraw = False
95.8551 	EXP 	unnamed ShapeStim: autoDraw = False
95.8551 	EXP 	unnamed Line: autoDraw = True
95.8551 	EXP 	unnamed ShapeStim: autoDraw = True
95.8551 	EXP 	unnamed Line: foreColor = <psychopy.colors.Color: black, alpha=1.0>
95.8551 	EXP 	unnamed Line: borderColor = <psychopy.colors.Color: black, alpha=1.0>
95.8551 	EXP 	unnamed Line: fillColor = <psychopy.colors.Color: black, alpha=1.0>
95.8551 	EXP 	unnamed ShapeStim: foreColor = <psychopy.colors.Color: black, alpha=1.0>
95.8551 	EXP 	unnamed ShapeStim: borderColor = <psychopy.colors.Color: black, alpha=1.0>
95.8551 	EXP 	unnamed ShapeStim: fillColor = <psychopy.colors.Color: black, alpha=1.0>
95.8551 	EXP 	unnamed Line: foreColor = <psychopy.colors.Color: black, alpha=1.0>
95.8551 	EXP 	unnamed Line: borderColor = <psychopy.colors.Color: black, alpha=1.0>
95.8551 	EXP 	unnamed Line: fillColor = <psychopy.colors.Color: black, alpha=1.0>
95.8551 	EXP 	unnamed ShapeStim: foreColor = <psychopy.colors.Color: black, alpha=1.0>
95.8551 	EXP 	unnamed ShapeStim: borderColor = <psychopy.colors.Color: black, alpha=1.0>
95.8551 	EXP 	unnamed ShapeStim: fillColor = <psychopy.colors.Color: black, alpha=1.0>
95.8551 	EXP 	unnamed Line: foreColor = <psychopy.colors.Color: black, alpha=1.0>
95.8551 	EXP 	unnamed Line: borderColor = <psychopy.colors.Color: black, alpha=1.0>
95.8551 	EXP 	unnamed Line: fillColor = <psychopy.colors.Color: black, alpha=1.0>
95.8551 	EXP 	unnamed ShapeStim: foreColor = <psychopy.colors.Color: black, alpha=1.0>
95.8551 	EXP 	unnamed ShapeStim: borderColor = <psychopy.colors.Color: black, alpha=1.0>
95.8551 	EXP 	unnamed ShapeStim: fillColor = <psychopy.colors.Color: black, alpha=1.0>
95.8551 	EXP 	unnamed Line: foreColor = <psychopy.colors.Color: black, alpha=1.0>
95.8551 	EXP 	unnamed Line: borderColor = <psychopy.colors.Color: black, alpha=1.0>
95.8551 	EXP 	unnamed Line: fillColor = <psychopy.colors.Color: black, alpha=1.0>
95.8551 	EXP 	unnamed ShapeStim: foreColor = <psychopy.colors.Color: black, alpha=1.0>
95.8551 	EXP 	unnamed ShapeStim: borderColor = <psychopy.colors.Color: black, alpha=1.0>
95.8551 	EXP 	unnamed ShapeStim: fillColor = <psychopy.colors.Color: black, alpha=1.0>
95.8551 	EXP 	unnamed Line: foreColor = <psychopy.colors.Color: (1.0, 0.58, -0.87, 1.0)>
95.8551 	EXP 	unnamed Line: borderColor = <psychopy.colors.Color: (1.0, 0.58, -0.87, 1.0)>
95.8551 	EXP 	unnamed Line: fillColor = <psychopy.colors.Color: (1.0, 0.58, -0.87, 1.0)>
95.8551 	EXP 	unnamed ShapeStim: foreColor = <psychopy.colors.Color: (1.0, 0.58, -0.87, 1.0)>
95.8551 	EXP 	unnamed ShapeStim: borderColor = <psychopy.colors.Color: (1.0, 0.58, -0.87, 1.0)>
95.8551 	EXP 	unnamed ShapeStim: fillColor = <psychopy.colors.Color: (1.0, 0.58, -0.87, 1.0)>
98.1070 	DATA 	Keypress: j
98.1126 	EXP 	node6: fillColor = '#126DEF'
98.1126 	EXP 	node3: fillColor = 'white'
98.1256 	EXP 	unnamed Line: foreColor = <psychopy.colors.Color: black, alpha=1.0>
98.1256 	EXP 	unnamed Line: borderColor = <psychopy.colors.Color: black, alpha=1.0>
98.1256 	EXP 	unnamed Line: fillColor = <psychopy.colors.Color: black, alpha=1.0>
98.1256 	EXP 	unnamed ShapeStim: foreColor = <psychopy.colors.Color: black, alpha=1.0>
98.1256 	EXP 	unnamed ShapeStim: borderColor = <psychopy.colors.Color: black, alpha=1.0>
98.1256 	EXP 	unnamed ShapeStim: fillColor = <psychopy.colors.Color: black, alpha=1.0>
98.1256 	EXP 	unnamed Line: foreColor = <psychopy.colors.Color: black, alpha=1.0>
98.1256 	EXP 	unnamed Line: borderColor = <psychopy.colors.Color: black, alpha=1.0>
98.1256 	EXP 	unnamed Line: fillColor = <psychopy.colors.Color: black, alpha=1.0>
98.1256 	EXP 	unnamed ShapeStim: foreColor = <psychopy.colors.Color: black, alpha=1.0>
98.1256 	EXP 	unnamed ShapeStim: borderColor = <psychopy.colors.Color: black, alpha=1.0>
98.1256 	EXP 	unnamed ShapeStim: fillColor = <psychopy.colors.Color: black, alpha=1.0>
98.1256 	EXP 	unnamed Line: foreColor = <psychopy.colors.Color: black, alpha=1.0>
98.1256 	EXP 	unnamed Line: borderColor = <psychopy.colors.Color: black, alpha=1.0>
98.1256 	EXP 	unnamed Line: fillColor = <psychopy.colors.Color: black, alpha=1.0>
98.1256 	EXP 	unnamed ShapeStim: foreColor = <psychopy.colors.Color: black, alpha=1.0>
98.1256 	EXP 	unnamed ShapeStim: borderColor = <psychopy.colors.Color: black, alpha=1.0>
98.1256 	EXP 	unnamed ShapeStim: fillColor = <psychopy.colors.Color: black, alpha=1.0>
98.1256 	EXP 	unnamed Line: foreColor = <psychopy.colors.Color: black, alpha=1.0>
98.1256 	EXP 	unnamed Line: borderColor = <psychopy.colors.Color: black, alpha=1.0>
98.1256 	EXP 	unnamed Line: fillColor = <psychopy.colors.Color: black, alpha=1.0>
98.1256 	EXP 	unnamed ShapeStim: foreColor = <psychopy.colors.Color: black, alpha=1.0>
98.1256 	EXP 	unnamed ShapeStim: borderColor = <psychopy.colors.Color: black, alpha=1.0>
98.1256 	EXP 	unnamed ShapeStim: fillColor = <psychopy.colors.Color: black, alpha=1.0>
98.1256 	EXP 	unnamed Line: foreColor = <psychopy.colors.Color: black, alpha=1.0>
98.1256 	EXP 	unnamed Line: borderColor = <psychopy.colors.Color: black, alpha=1.0>
98.1256 	EXP 	unnamed Line: fillColor = <psychopy.colors.Color: black, alpha=1.0>
98.1256 	EXP 	unnamed ShapeStim: foreColor = <psychopy.colors.Color: black, alpha=1.0>
98.1256 	EXP 	unnamed ShapeStim: borderColor = <psychopy.colors.Color: black, alpha=1.0>
98.1256 	EXP 	unnamed ShapeStim: fillColor = <psychopy.colors.Color: black, alpha=1.0>
98.1256 	EXP 	unnamed Line: foreColor = <psychopy.colors.Color: black, alpha=1.0>
98.1256 	EXP 	unnamed Line: borderColor = <psychopy.colors.Color: black, alpha=1.0>
98.1256 	EXP 	unnamed Line: fillColor = <psychopy.colors.Color: black, alpha=1.0>
98.1256 	EXP 	unnamed ShapeStim: foreColor = <psychopy.colors.Color: black, alpha=1.0>
98.1256 	EXP 	unnamed ShapeStim: borderColor = <psychopy.colors.Color: black, alpha=1.0>
98.1256 	EXP 	unnamed ShapeStim: fillColor = <psychopy.colors.Color: black, alpha=1.0>
98.1256 	EXP 	unnamed Line: autoDraw = False
98.1256 	EXP 	unnamed ShapeStim: autoDraw = False
98.1256 	EXP 	unnamed Line: autoDraw = True
98.1256 	EXP 	unnamed ShapeStim: autoDraw = True
98.1256 	EXP 	unnamed Line: autoDraw = False
98.1256 	EXP 	unnamed ShapeStim: autoDraw = False
98.1256 	EXP 	unnamed Line: autoDraw = True
98.1256 	EXP 	unnamed ShapeStim: autoDraw = True
98.1256 	EXP 	unnamed Line: foreColor = <psychopy.colors.Color: black, alpha=1.0>
98.1256 	EXP 	unnamed Line: borderColor = <psychopy.colors.Color: black, alpha=1.0>
98.1256 	EXP 	unnamed Line: fillColor = <psychopy.colors.Color: black, alpha=1.0>
98.1256 	EXP 	unnamed ShapeStim: foreColor = <psychopy.colors.Color: black, alpha=1.0>
98.1256 	EXP 	unnamed ShapeStim: borderColor = <psychopy.colors.Color: black, alpha=1.0>
98.1256 	EXP 	unnamed ShapeStim: fillColor = <psychopy.colors.Color: black, alpha=1.0>
98.1256 	EXP 	unnamed Line: foreColor = <psychopy.colors.Color: black, alpha=1.0>
98.1256 	EXP 	unnamed Line: borderColor = <psychopy.colors.Color: black, alpha=1.0>
98.1256 	EXP 	unnamed Line: fillColor = <psychopy.colors.Color: black, alpha=1.0>
98.1256 	EXP 	unnamed ShapeStim: foreColor = <psychopy.colors.Color: black, alpha=1.0>
98.1256 	EXP 	unnamed ShapeStim: borderColor = <psychopy.colors.Color: black, alpha=1.0>
98.1256 	EXP 	unnamed ShapeStim: fillColor = <psychopy.colors.Color: black, alpha=1.0>
98.1256 	EXP 	unnamed Line: foreColor = <psychopy.colors.Color: (1.0, 0.58, -0.87, 1.0)>
98.1256 	EXP 	unnamed Line: borderColor = <psychopy.colors.Color: (1.0, 0.58, -0.87, 1.0)>
98.1256 	EXP 	unnamed Line: fillColor = <psychopy.colors.Color: (1.0, 0.58, -0.87, 1.0)>
98.1256 	EXP 	unnamed ShapeStim: foreColor = <psychopy.colors.Color: (1.0, 0.58, -0.87, 1.0)>
98.1256 	EXP 	unnamed ShapeStim: borderColor = <psychopy.colors.Color: (1.0, 0.58, -0.87, 1.0)>
98.1256 	EXP 	unnamed ShapeStim: fillColor = <psychopy.colors.Color: (1.0, 0.58, -0.87, 1.0)>
98.5546 	DATA 	Keypress: f
98.5593 	EXP 	unnamed Line: foreColor = <psychopy.colors.Color: black, alpha=1.0>
98.5593 	EXP 	unnamed Line: borderColor = <psychopy.colors.Color: black, alpha=1.0>
98.5593 	EXP 	unnamed Line: fillColor = <psychopy.colors.Color: black, alpha=1.0>
98.5593 	EXP 	unnamed ShapeStim: foreColor = <psychopy.colors.Color: black, alpha=1.0>
98.5593 	EXP 	unnamed ShapeStim: borderColor = <psychopy.colors.Color: black, alpha=1.0>
98.5593 	EXP 	unnamed ShapeStim: fillColor = <psychopy.colors.Color: black, alpha=1.0>
98.5593 	EXP 	unnamed Line: foreColor = <psychopy.colors.Color: (1.0, 0.58, -0.87, 1.0)>
98.5593 	EXP 	unnamed Line: borderColor = <psychopy.colors.Color: (1.0, 0.58, -0.87, 1.0)>
98.5593 	EXP 	unnamed Line: fillColor = <psychopy.colors.Color: (1.0, 0.58, -0.87, 1.0)>
98.5593 	EXP 	unnamed ShapeStim: foreColor = <psychopy.colors.Color: (1.0, 0.58, -0.87, 1.0)>
98.5593 	EXP 	unnamed ShapeStim: borderColor = <psychopy.colors.Color: (1.0, 0.58, -0.87, 1.0)>
98.5593 	EXP 	unnamed ShapeStim: fillColor = <psychopy.colors.Color: (1.0, 0.58, -0.87, 1.0)>
98.7305 	DATA 	Keypress: j
98.7350 	EXP 	node8: fillColor = '#126DEF'
98.7350 	EXP 	node6: fillColor = 'white'
99.4351 	EXP 	window1: mouseVisible = True
99.4366 	EXP 	Created unnamed TextStim = TextStim(__class__=<class 'psychopy.visual.text.TextStim'>, alignHoriz=method-wrapper(...), alignText='center', alignVert=method-wrapper(...), anchorHoriz='center', anchorVert='center', antialias=True, autoDraw=False, autoLog=True, bold=True, color=array([-0.88235294, -0.12156863, -0.97647059]), colorSpace='rgb', contrast=1.0, depth=0, draggable=False, flipHoriz=False, flipVert=False, font='', fontFiles=[], height=0.04, italic=False, languageStyle='LTR', name='unnamed TextStim', opacity=1.0, ori=0.0, pos=array([ 0.15860639, -0.27582254]), rgb=UNKNOWN, text='+4', units='height', win=Window(...), wrapWidth=1)
99.4369 	EXP 	window1: mouseVisible = True
99.4379 	EXP 	Created unnamed TextStim = TextStim(__class__=<class 'psychopy.visual.text.TextStim'>, alignHoriz=method-wrapper(...), alignText='center', alignVert=method-wrapper(...), anchorHoriz='center', anchorVert='center', antialias=True, autoDraw=False, autoLog=True, bold=True, color=array([0.68627451, 0.68627451, 0.68627451]), colorSpace='rgb', contrast=1.0, depth=0, draggable=False, flipHoriz=False, flipVert=False, font='', fontFiles=[], height=0.04, italic=False, languageStyle='LTR', name='unnamed TextStim', opacity=1.0, ori=0.0, pos=array([0.4064375 , 0.01018981]), rgb=UNKNOWN, text='+0', units='height', win=Window(...), wrapWidth=1)
99.4413 	EXP 	node8: fillColor = 'white'
99.4413 	EXP 	unnamed ImageStim: autoDraw = True
99.4413 	EXP 	unnamed ImageStim: autoDraw = True
100.4499 	EXP 	unnamed ImageStim: autoDraw = False
100.4499 	EXP 	unnamed ImageStim: autoDraw = False
100.4499 	EXP 	unnamed Rect: autoDraw = False
100.4499 	EXP 	unnamed Rect: autoDraw = True
100.6012 	EXP 	unnamed Rect: autoDraw = False
100.6012 	EXP 	node0: autoDraw = False
100.6012 	EXP 	unnamed ImageStim: autoDraw = False
100.6012 	EXP 	node1: autoDraw = False
100.6012 	EXP 	unnamed ImageStim: autoDraw = False
100.6012 	EXP 	node2: autoDraw = False
100.6012 	EXP 	unnamed ImageStim: autoDraw = False
100.6012 	EXP 	node3: autoDraw = False
100.6012 	EXP 	node4: autoDraw = False
100.6012 	EXP 	unnamed ImageStim: autoDraw = False
100.6012 	EXP 	node5: autoDraw = False
100.6012 	EXP 	unnamed ImageStim: autoDraw = False
100.6012 	EXP 	node6: autoDraw = False
100.6012 	EXP 	unnamed ImageStim: autoDraw = False
100.6012 	EXP 	node7: autoDraw = False
100.6012 	EXP 	unnamed ImageStim: autoDraw = False
100.6012 	EXP 	node8: autoDraw = False
100.6012 	EXP 	unnamed ImageStim: autoDraw = False
100.6012 	EXP 	node9: autoDraw = False
100.6012 	EXP 	unnamed ImageStim: autoDraw = False
100.6012 	EXP 	node10: autoDraw = False
100.6012 	EXP 	unnamed ImageStim: autoDraw = False
100.6012 	EXP 	unnamed Line: autoDraw = False
100.6012 	EXP 	unnamed ShapeStim: autoDraw = False
100.6012 	EXP 	unnamed Line: autoDraw = False
100.6012 	EXP 	unnamed ShapeStim: autoDraw = False
100.6012 	EXP 	unnamed Line: autoDraw = False
100.6012 	EXP 	unnamed ShapeStim: autoDraw = False
100.6012 	EXP 	unnamed Line: autoDraw = False
100.6012 	EXP 	unnamed ShapeStim: autoDraw = False
100.6012 	EXP 	unnamed Line: autoDraw = False
100.6012 	EXP 	unnamed ShapeStim: autoDraw = False
100.6012 	EXP 	unnamed Line: autoDraw = False
100.6012 	EXP 	unnamed ShapeStim: autoDraw = False
100.6012 	EXP 	unnamed Line: autoDraw = False
100.6012 	EXP 	unnamed ShapeStim: autoDraw = False
100.6012 	EXP 	unnamed Line: autoDraw = False
100.6012 	EXP 	unnamed ShapeStim: autoDraw = False
100.6012 	EXP 	unnamed Line: autoDraw = False
100.6012 	EXP 	unnamed ShapeStim: autoDraw = False
100.6012 	EXP 	unnamed Line: autoDraw = False
100.6012 	EXP 	unnamed ShapeStim: autoDraw = False
100.6012 	EXP 	unnamed Rect: autoDraw = False
100.6093 	INFO 	Mouse: using default window
100.6093 	EXP 	window1: mouseVisible = True
100.6094 	EXP 	window1: mouseVisible = True
100.6134 	EXP 	Created unnamed TextStim = TextStim(__class__=<class 'psychopy.visual.text.TextStim'>, alignHoriz=method-wrapper(...), alignText='center', alignVert=method-wrapper(...), anchorHoriz='center', anchorVert='center', antialias=True, autoDraw=False, autoLog=True, bold=False, color=array([1, 1, 1]), colorSpace='rgb', contrast=1.0, depth=0, draggable=False, flipHoriz=False, flipVert=False, font='', fontFiles=[], height=0.035, italic=False, languageStyle='LTR', name='unnamed TextStim', opacity=1.0, ori=0.0, pos=array([0., 0.]), rgb=UNKNOWN, text='press Space to start', units='height', win=Window(...), wrapWidth=1)
100.6911 	DATA 	Keypress: space
100.6916 	EXP 	window1: mouseVisible = True
100.6920 	EXP 	Created unnamed Rect = Rect(__class__=<class 'psychopy.visual.rect.Rect'>, anchor=('center', 'center'), autoDraw=False, autoLog=True, closeShape=True, color=method-wrapper(...), colorSpace='rgb', contrast=None, depth=0, draggable=False, fillColor=array([0.00392157, 0.00392157, 0.00392157]), fillColorSpace='rgb', fillRGB=array([0.00392157, 0.00392157, 0.00392157]), interpolate=True, lineColor=array([0, 0, 0]), lineColorSpace='rgb', lineRGB=array([0, 0, 0]), lineWidth=0, name='unnamed Rect', opacity=0.5, ori=0.0, pos=array([-0.65,  0.45]), size=array([0.1, 0.1]), units='height', vertices=ndarray(...), win=Window(...))
100.6930 	EXP 	window1: mouseVisible = True
100.6950 	EXP 	Created node0 = Circle(__class__=<class 'psychopy.visual.circle.Circle'>, anchor=('center', 'center'), autoDraw=False, autoLog=True, closeShape=True, color=method-wrapper(...), colorSpace='rgb', contrast=None, depth=0, draggable=False, fillColor=array([1, 1, 1]), fillColorSpace='rgb', fillRGB=array([1, 1, 1]), interpolate=True, lineColor=array([-1, -1, -1]), lineColorSpace='rgb', lineRGB=array([-1, -1, -1]), lineWidth=2, name='node0', opacity=1.0, ori=0.0, pos=array([0.  , 0.35]), size=array([1., 1.]), units='height', vertices=ndarray(...), win=Window(...))
100.6951 	EXP 	window1: mouseVisible = True
100.7136 	EXP 	Created unnamed ImageStim = ImageStim(__class__=<class 'psychopy.visual.image.ImageStim'>, anchor=('center', 'center'), autoLog=True, color=array([1., 1., 1.]), colorSpace='rgb', contrast=1.0, depth=0, draggable=False, flipHoriz=False, flipVert=False, image='images/pattern_8.png', interpolate=False, mask=None, maskParams=None, name='unnamed ImageStim', opacity=1.0, ori=0.0, pos=array([0.  , 0.35]), size=array([0.12, 0.12]), texRes=128, units='height', win=Window(...))
100.7146 	EXP 	window1: mouseVisible = True
100.7167 	EXP 	Created node1 = Circle(__class__=<class 'psychopy.visual.circle.Circle'>, anchor=('center', 'center'), autoDraw=False, autoLog=True, closeShape=True, color=method-wrapper(...), colorSpace='rgb', contrast=None, depth=0, draggable=False, fillColor=array([1, 1, 1]), fillColorSpace='rgb', fillRGB=array([1, 1, 1]), interpolate=True, lineColor=array([-1, -1, -1]), lineColorSpace='rgb', lineRGB=array([-1, -1, -1]), lineWidth=2, name='node1', opacity=1.0, ori=0.0, pos=array([-0.18922429,  0.29443874]), size=array([1., 1.]), units='height', vertices=ndarray(...), win=Window(...))
100.7168 	EXP 	window1: mouseVisible = True
100.7332 	EXP 	Created unnamed ImageStim = ImageStim(__class__=<class 'psychopy.visual.image.ImageStim'>, anchor=('center', 'center'), autoLog=True, color=array([1., 1., 1.]), colorSpace='rgb', contrast=1.0, depth=0, draggable=False, flipHoriz=False, flipVert=False, image='images/pattern_3.png', interpolate=False, mask=None, maskParams=None, name='unnamed ImageStim', opacity=1.0, ori=0.0, pos=array([-0.18922429,  0.29443874]), size=array([0.12, 0.12]), texRes=128, units='height', win=Window(...))
100.7342 	EXP 	window1: mouseVisible = True
100.7361 	EXP 	Created node2 = Circle(__class__=<class 'psychopy.visual.circle.Circle'>, anchor=('center', 'center'), autoDraw=False, autoLog=True, closeShape=True, color=method-wrapper(...), colorSpace='rgb', contrast=None, depth=0, draggable=False, fillColor=array([1, 1, 1]), fillColorSpace='rgb', fillRGB=array([1, 1, 1]), interpolate=True, lineColor=array([-1, -1, -1]), lineColorSpace='rgb', lineRGB=array([-1, -1, -1]), lineWidth=2, name='node2', opacity=1.0, ori=0.0, pos=array([-0.3183712 ,  0.14539525]), size=array([1., 1.]), units='height', vertices=ndarray(...), win=Window(...))
100.7361 	EXP 	window1: mouseVisible = True
100.7525 	EXP 	Created unnamed ImageStim = ImageStim(__class__=<class 'psychopy.visual.image.ImageStim'>, anchor=('center', 'center'), autoLog=True, color=array([1., 1., 1.]), colorSpace='rgb', contrast=1.0, depth=0, draggable=False, flipHoriz=False, flipVert=False, image='images/pattern_6.png', interpolate=False, mask=None, maskParams=None, name='unnamed ImageStim', opacity=1.0, ori=0.0, pos=array([-0.3183712 ,  0.14539525]), size=array([0.12, 0.12]), texRes=128, units='height', win=Window(...))
100.7536 	EXP 	window1: mouseVisible = True
100.7555 	EXP 	Created node3 = Circle(__class__=<class 'psychopy.visual.circle.Circle'>, anchor=('center', 'center'), autoDraw=False, autoLog=True, closeShape=True, color=method-wrapper(...), colorSpace='rgb', contrast=None, depth=0, draggable=False, fillColor=array([1, 1, 1]), fillColorSpace='rgb', fillRGB=array([1, 1, 1]), interpolate=True, lineColor=array([-1, -1, -1]), lineColorSpace='rgb', lineRGB=array([-1, -1, -1]), lineWidth=2, name='node3', opacity=1.0, ori=0.0, pos=array([-0.3464375 , -0.04981019]), size=array([1., 1.]), units='height', vertices=ndarray(...), win=Window(...))
100.7555 	EXP 	window1: mouseVisible = True
100.7718 	EXP 	Created unnamed ImageStim = ImageStim(__class__=<class 'psychopy.visual.image.ImageStim'>, anchor=('center', 'center'), autoLog=True, color=array([1., 1., 1.]), colorSpace='rgb', contrast=1.0, depth=0, draggable=False, flipHoriz=False, flipVert=False, image='images/pattern_3.png', interpolate=False, mask=None, maskParams=None, name='unnamed ImageStim', opacity=1.0, ori=0.0, pos=array([-0.3464375 , -0.04981019]), size=array([0.12, 0.12]), texRes=128, units='height', win=Window(...))
100.7728 	EXP 	window1: mouseVisible = True
100.7747 	EXP 	Created node4 = Circle(__class__=<class 'psychopy.visual.circle.Circle'>, anchor=('center', 'center'), autoDraw=False, autoLog=True, closeShape=True, color=method-wrapper(...), colorSpace='rgb', contrast=None, depth=0, draggable=False, fillColor=array([1, 1, 1]), fillColorSpace='rgb', fillRGB=array([1, 1, 1]), interpolate=True, lineColor=array([-1, -1, -1]), lineColorSpace='rgb', lineRGB=array([-1, -1, -1]), lineWidth=2, name='node4', opacity=1.0, ori=0.0, pos=array([-0.26451235, -0.22920126]), size=array([1., 1.]), units='height', vertices=ndarray(...), win=Window(...))
100.7748 	EXP 	window1: mouseVisible = True
100.7914 	EXP 	Created unnamed ImageStim = ImageStim(__class__=<class 'psychopy.visual.image.ImageStim'>, anchor=('center', 'center'), autoLog=True, color=array([1., 1., 1.]), colorSpace='rgb', contrast=1.0, depth=0, draggable=False, flipHoriz=False, flipVert=False, image='images/pattern_5.png', interpolate=False, mask=None, maskParams=None, name='unnamed ImageStim', opacity=1.0, ori=0.0, pos=array([-0.26451235, -0.22920126]), size=array([0.12, 0.12]), texRes=128, units='height', win=Window(...))
100.7924 	EXP 	window1: mouseVisible = True
100.7943 	EXP 	Created node5 = Circle(__class__=<class 'psychopy.visual.circle.Circle'>, anchor=('center', 'center'), autoDraw=False, autoLog=True, closeShape=True, color=method-wrapper(...), colorSpace='rgb', contrast=None, depth=0, draggable=False, fillColor=array([1, 1, 1]), fillColorSpace='rgb', fillRGB=array([1, 1, 1]), interpolate=True, lineColor=array([-1, -1, -1]), lineColorSpace='rgb', lineRGB=array([-1, -1, -1]), lineWidth=2, name='node5', opacity=1.0, ori=0.0, pos=array([-0.09860639, -0.33582254]), size=array([1., 1.]), units='height', vertices=ndarray(...), win=Window(...))
100.7944 	EXP 	window1: mouseVisible = True
100.8107 	EXP 	Created unnamed ImageStim = ImageStim(__class__=<class 'psychopy.visual.image.ImageStim'>, anchor=('center', 'center'), autoLog=True, color=array([1., 1., 1.]), colorSpace='rgb', contrast=1.0, depth=0, draggable=False, flipHoriz=False, flipVert=False, image='images/pattern_6.png', interpolate=False, mask=None, maskParams=None, name='unnamed ImageStim', opacity=1.0, ori=0.0, pos=array([-0.09860639, -0.33582254]), size=array([0.12, 0.12]), texRes=128, units='height', win=Window(...))
100.8117 	EXP 	window1: mouseVisible = True
100.8136 	EXP 	Created node6 = Circle(__class__=<class 'psychopy.visual.circle.Circle'>, anchor=('center', 'center'), autoDraw=False, autoLog=True, closeShape=True, color=method-wrapper(...), colorSpace='rgb', contrast=None, depth=0, draggable=False, fillColor=array([1, 1, 1]), fillColorSpace='rgb', fillRGB=array([1, 1, 1]), interpolate=True, lineColor=array([-1, -1, -1]), lineColorSpace='rgb', lineRGB=array([-1, -1, -1]), lineWidth=2, name='node6', opacity=1.0, ori=0.0, pos=array([ 0.09860639, -0.33582254]), size=array([1., 1.]), units='height', vertices=ndarray(...), win=Window(...))
100.8136 	EXP 	window1: mouseVisible = True
100.8299 	EXP 	Created unnamed ImageStim = ImageStim(__class__=<class 'psychopy.visual.image.ImageStim'>, anchor=('center', 'center'), autoLog=True, color=array([1., 1., 1.]), colorSpace='rgb', contrast=1.0, depth=0, draggable=False, flipHoriz=False, flipVert=False, image='images/pattern_3.png', interpolate=False, mask=None, maskParams=None, name='unnamed ImageStim', opacity=1.0, ori=0.0, pos=array([ 0.09860639, -0.33582254]), size=array([0.12, 0.12]), texRes=128, units='height', win=Window(...))
100.8309 	EXP 	window1: mouseVisible = True
100.8328 	EXP 	Created node7 = Circle(__class__=<class 'psychopy.visual.circle.Circle'>, anchor=('center', 'center'), autoDraw=False, autoLog=True, closeShape=True, color=method-wrapper(...), colorSpace='rgb', contrast=None, depth=0, draggable=False, fillColor=array([1, 1, 1]), fillColorSpace='rgb', fillRGB=array([1, 1, 1]), interpolate=True, lineColor=array([-1, -1, -1]), lineColorSpace='rgb', lineRGB=array([-1, -1, -1]), lineWidth=2, name='node7', opacity=1.0, ori=0.0, pos=array([ 0.26451235, -0.22920126]), size=array([1., 1.]), units='height', vertices=ndarray(...), win=Window(...))
100.8328 	EXP 	window1: mouseVisible = True
100.8493 	EXP 	Created unnamed ImageStim = ImageStim(__class__=<class 'psychopy.visual.image.ImageStim'>, anchor=('center', 'center'), autoLog=True, color=array([1., 1., 1.]), colorSpace='rgb', contrast=1.0, depth=0, draggable=False, flipHoriz=False, flipVert=False, image='images/pattern_2.png', interpolate=False, mask=None, maskParams=None, name='unnamed ImageStim', opacity=1.0, ori=0.0, pos=array([ 0.26451235, -0.22920126]), size=array([0.12, 0.12]), texRes=128, units='height', win=Window(...))
100.8503 	EXP 	window1: mouseVisible = True
100.8522 	EXP 	Created node8 = Circle(__class__=<class 'psychopy.visual.circle.Circle'>, anchor=('center', 'center'), autoDraw=False, autoLog=True, closeShape=True, color=method-wrapper(...), colorSpace='rgb', contrast=None, depth=0, draggable=False, fillColor=array([1, 1, 1]), fillColorSpace='rgb', fillRGB=array([1, 1, 1]), interpolate=True, lineColor=array([-1, -1, -1]), lineColorSpace='rgb', lineRGB=array([-1, -1, -1]), lineWidth=2, name='node8', opacity=1.0, ori=0.0, pos=array([ 0.3464375 , -0.04981019]), size=array([1., 1.]), units='height', vertices=ndarray(...), win=Window(...))
100.8522 	EXP 	window1: mouseVisible = True
100.8685 	EXP 	Created unnamed ImageStim = ImageStim(__class__=<class 'psychopy.visual.image.ImageStim'>, anchor=('center', 'center'), autoLog=True, color=array([1., 1., 1.]), colorSpace='rgb', contrast=1.0, depth=0, draggable=False, flipHoriz=False, flipVert=False, image='images/pattern_3.png', interpolate=False, mask=None, maskParams=None, name='unnamed ImageStim', opacity=1.0, ori=0.0, pos=array([ 0.3464375 , -0.04981019]), size=array([0.12, 0.12]), texRes=128, units='height', win=Window(...))
100.8695 	EXP 	window1: mouseVisible = True
100.8714 	EXP 	Created node9 = Circle(__class__=<class 'psychopy.visual.circle.Circle'>, anchor=('center', 'center'), autoDraw=False, autoLog=True, closeShape=True, color=method-wrapper(...), colorSpace='rgb', contrast=None, depth=0, draggable=False, fillColor=array([1, 1, 1]), fillColorSpace='rgb', fillRGB=array([1, 1, 1]), interpolate=True, lineColor=array([-1, -1, -1]), lineColorSpace='rgb', lineRGB=array([-1, -1, -1]), lineWidth=2, name='node9', opacity=1.0, ori=0.0, pos=array([0.3183712 , 0.14539525]), size=array([1., 1.]), units='height', vertices=ndarray(...), win=Window(...))
100.8714 	EXP 	window1: mouseVisible = True
100.8879 	EXP 	Created unnamed ImageStim = ImageStim(__class__=<class 'psychopy.visual.image.ImageStim'>, anchor=('center', 'center'), autoLog=True, color=array([1., 1., 1.]), colorSpace='rgb', contrast=1.0, depth=0, draggable=False, flipHoriz=False, flipVert=False, image='images/pattern_1.png', interpolate=False, mask=None, maskParams=None, name='unnamed ImageStim', opacity=1.0, ori=0.0, pos=array([0.3183712 , 0.14539525]), size=array([0.12, 0.12]), texRes=128, units='height', win=Window(...))
100.8889 	EXP 	window1: mouseVisible = True
100.8908 	EXP 	Created node10 = Circle(__class__=<class 'psychopy.visual.circle.Circle'>, anchor=('center', 'center'), autoDraw=False, autoLog=True, closeShape=True, color=method-wrapper(...), colorSpace='rgb', contrast=None, depth=0, draggable=False, fillColor=array([1, 1, 1]), fillColorSpace='rgb', fillRGB=array([1, 1, 1]), interpolate=True, lineColor=array([-1, -1, -1]), lineColorSpace='rgb', lineRGB=array([-1, -1, -1]), lineWidth=2, name='node10', opacity=1.0, ori=0.0, pos=array([0.18922429, 0.29443874]), size=array([1., 1.]), units='height', vertices=ndarray(...), win=Window(...))
100.8909 	EXP 	window1: mouseVisible = True
100.8913 	EXP 	Created unnamed Line = Line(__class__=<class 'psychopy.visual.line.Line'>, anchor=('center', 'center'), autoDraw=False, autoLog=True, closeShape=False, color=array([-1, -1, -1]), colorSpace='rgb', contrast=None, depth=2, draggable=False, fillColor=array([0, 0, 0]), fillColorSpace='rgb', fillRGB=array([0, 0, 0]), interpolate=True, lineColor=array([-1, -1, -1]), lineColorSpace='rgb', lineRGB=array([-1, -1, -1]), lineWidth=4, name='unnamed Line', opacity=0.5, ori=0.0, pos=array([0., 0.]), size=array([1., 1.]), units='height', vertices=ndarray(...), win=Window(...), windingRule=None)
100.8914 	EXP 	window1: mouseVisible = True
100.8917 	EXP 	Created unnamed ShapeStim = ShapeStim(__class__=<class 'psychopy.visual.shape.ShapeStim'>, anchor=('center', 'center'), autoDraw=False, autoLog=True, closeShape=True, color=method-wrapper(...), colorSpace='rgb', contrast=None, depth=0, draggable=False, fillColor=array([-1, -1, -1]), fillColorSpace='rgb', fillRGB=array([-1, -1, -1]), interpolate=True, lineColor=array([-1, -1, -1]), lineColorSpace='rgb', lineRGB=array([-1, -1, -1]), lineWidth=1.5, name='unnamed ShapeStim', opacity=1.0, ori=204.54545454545456, pos=array([-0.32566675, -0.00432859]), size=array([1., 1.]), units='height', vertices=ndarray(...), win=Window(...), windingRule=None)
100.8918 	EXP 	window1: mouseVisible = True
100.8921 	EXP 	Created unnamed Line = Line(__class__=<class 'psychopy.visual.line.Line'>, anchor=('center', 'center'), autoDraw=False, autoLog=True, closeShape=False, color=array([-1, -1, -1]), colorSpace='rgb', contrast=None, depth=2, draggable=False, fillColor=array([0, 0, 0]), fillColorSpace='rgb', fillRGB=array([0, 0, 0]), interpolate=True, lineColor=array([-1, -1, -1]), lineColorSpace='rgb', lineRGB=array([-1, -1, -1]), lineWidth=4, name='unnamed Line', opacity=0.5, ori=0.0, pos=array([0., 0.]), size=array([1., 1.]), units='height', vertices=ndarray(...), win=Window(...), windingRule=None)
100.8922 	EXP 	window1: mouseVisible = True
100.8926 	EXP 	Created unnamed ShapeStim = ShapeStim(__class__=<class 'psychopy.visual.shape.ShapeStim'>, anchor=('center', 'center'), autoDraw=False, autoLog=True, closeShape=True, color=method-wrapper(...), colorSpace='rgb', contrast=None, depth=0, draggable=False, fillColor=array([-1, -1, -1]), fillColorSpace='rgb', fillRGB=array([-1, -1, -1]), interpolate=True, lineColor=array([-1, -1, -1]), lineColorSpace='rgb', lineRGB=array([-1, -1, -1]), lineWidth=1.5, name='unnamed ShapeStim', opacity=1.0, ori=73.63636363636363, pos=array([-0.04797465,  0.33591337]), size=array([1., 1.]), units='height', vertices=ndarray(...), win=Window(...), windingRule=None)
100.8926 	EXP 	window1: mouseVisible = True
100.8930 	EXP 	Created unnamed Line = Line(__class__=<class 'psychopy.visual.line.Line'>, anchor=('center', 'center'), autoDraw=False, autoLog=True, closeShape=False, color=array([-1, -1, -1]), colorSpace='rgb', contrast=None, depth=2, draggable=False, fillColor=array([0, 0, 0]), fillColorSpace='rgb', fillRGB=array([0, 0, 0]), interpolate=True, lineColor=array([-1, -1, -1]), lineColorSpace='rgb', lineRGB=array([-1, -1, -1]), lineWidth=4, name='unnamed Line', opacity=0.5, ori=0.0, pos=array([0., 0.]), size=array([1., 1.]), units='height', vertices=ndarray(...), win=Window(...), windingRule=None)
100.8930 	EXP 	window1: mouseVisible = True
100.8934 	EXP 	Created unnamed ShapeStim = ShapeStim(__class__=<class 'psychopy.visual.shape.ShapeStim'>, anchor=('center', 'center'), autoDraw=False, autoLog=True, closeShape=True, color=method-wrapper(...), colorSpace='rgb', contrast=None, depth=0, draggable=False, fillColor=array([-1, -1, -1]), fillColorSpace='rgb', fillRGB=array([-1, -1, -1]), interpolate=True, lineColor=array([-1, -1, -1]), lineColorSpace='rgb', lineRGB=array([-1, -1, -1]), lineWidth=1.5, name='unnamed ShapeStim', opacity=1.0, ori=-8.181818181818201, pos=array([-0.31125546,  0.09590418]), size=array([1., 1.]), units='height', vertices=ndarray(...), win=Window(...), windingRule=None)
100.8934 	EXP 	window1: mouseVisible = True
100.8938 	EXP 	Created unnamed Line = Line(__class__=<class 'psychopy.visual.line.Line'>, anchor=('center', 'center'), autoDraw=False, autoLog=True, closeShape=False, color=array([-1, -1, -1]), colorSpace='rgb', contrast=None, depth=2, draggable=False, fillColor=array([0, 0, 0]), fillColorSpace='rgb', fillRGB=array([0, 0, 0]), interpolate=True, lineColor=array([-1, -1, -1]), lineColorSpace='rgb', lineRGB=array([-1, -1, -1]), lineWidth=4, name='unnamed Line', opacity=0.5, ori=0.0, pos=array([0., 0.]), size=array([1., 1.]), units='height', vertices=ndarray(...), win=Window(...), windingRule=None)
100.8938 	EXP 	window1: mouseVisible = True
100.8942 	EXP 	Created unnamed ShapeStim = ShapeStim(__class__=<class 'psychopy.visual.shape.ShapeStim'>, anchor=('center', 'center'), autoDraw=False, autoLog=True, closeShape=True, color=method-wrapper(...), colorSpace='rgb', contrast=None, depth=0, draggable=False, fillColor=array([-1, -1, -1]), fillColorSpace='rgb', fillRGB=array([-1, -1, -1]), interpolate=True, lineColor=array([-1, -1, -1]), lineColorSpace='rgb', lineRGB=array([-1, -1, -1]), lineWidth=1.5, name='unnamed ShapeStim', opacity=1.0, ori=106.36363636363639, pos=array([ 0.05063175, -0.32173591]), size=array([1., 1.]), units='height', vertices=ndarray(...), win=Window(...), windingRule=None)
100.8943 	EXP 	window1: mouseVisible = True
100.8946 	EXP 	Created unnamed Line = Line(__class__=<class 'psychopy.visual.line.Line'>, anchor=('center', 'center'), autoDraw=False, autoLog=True, closeShape=False, color=array([-1, -1, -1]), colorSpace='rgb', contrast=None, depth=2, draggable=False, fillColor=array([0, 0, 0]), fillColorSpace='rgb', fillRGB=array([0, 0, 0]), interpolate=True, lineColor=array([-1, -1, -1]), lineColorSpace='rgb', lineRGB=array([-1, -1, -1]), lineWidth=4, name='unnamed Line', opacity=0.5, ori=0.0, pos=array([0., 0.]), size=array([1., 1.]), units='height', vertices=ndarray(...), win=Window(...), windingRule=None)
100.8947 	EXP 	window1: mouseVisible = True
100.8951 	EXP 	Created unnamed ShapeStim = ShapeStim(__class__=<class 'psychopy.visual.shape.ShapeStim'>, anchor=('center', 'center'), autoDraw=False, autoLog=True, closeShape=True, color=method-wrapper(...), colorSpace='rgb', contrast=None, depth=0, draggable=False, fillColor=array([-1, -1, -1]), fillColorSpace='rgb', fillRGB=array([-1, -1, -1]), interpolate=True, lineColor=array([-1, -1, -1]), lineColorSpace='rgb', lineRGB=array([-1, -1, -1]), lineWidth=1.5, name='unnamed ShapeStim', opacity=1.0, ori=40.90909090909092, pos=array([0.28562816, 0.10760778]), size=array([1., 1.]), units='height', vertices=ndarray(...), win=Window(...), windingRule=None)
100.8951 	EXP 	window1: mouseVisible = True
100.8955 	EXP 	Created unnamed Line = Line(__class__=<class 'psychopy.visual.line.Line'>, anchor=('center', 'center'), autoDraw=False, autoLog=True, closeShape=False, color=array([-1, -1, -1]), colorSpace='rgb', contrast=None, depth=2, draggable=False, fillColor=array([0, 0, 0]), fillColorSpace='rgb', fillRGB=array([0, 0, 0]), interpolate=True, lineColor=array([-1, -1, -1]), lineColorSpace='rgb', lineRGB=array([-1, -1, -1]), lineWidth=4, name='unnamed Line', opacity=0.5, ori=0.0, pos=array([0., 0.]), size=array([1., 1.]), units='height', vertices=ndarray(...), win=Window(...), windingRule=None)
100.8955 	EXP 	window1: mouseVisible = True
100.8959 	EXP 	Created unnamed ShapeStim = ShapeStim(__class__=<class 'psychopy.visual.shape.ShapeStim'>, anchor=('center', 'center'), autoDraw=False, autoLog=True, closeShape=True, color=method-wrapper(...), colorSpace='rgb', contrast=None, depth=0, draggable=False, fillColor=array([-1, -1, -1]), fillColorSpace='rgb', fillRGB=array([-1, -1, -1]), interpolate=True, lineColor=array([-1, -1, -1]), lineColorSpace='rgb', lineRGB=array([-1, -1, -1]), lineWidth=1.5, name='unnamed ShapeStim', opacity=1.0, ori=57.27272727272728, pos=array([ 0.30437483, -0.07684223]), size=array([1., 1.]), units='height', vertices=ndarray(...), win=Window(...), windingRule=None)
100.8959 	EXP 	window1: mouseVisible = True
100.8963 	EXP 	Created unnamed Line = Line(__class__=<class 'psychopy.visual.line.Line'>, anchor=('center', 'center'), autoDraw=False, autoLog=True, closeShape=False, color=array([-1, -1, -1]), colorSpace='rgb', contrast=None, depth=2, draggable=False, fillColor=array([0, 0, 0]), fillColorSpace='rgb', fillRGB=array([0, 0, 0]), interpolate=True, lineColor=array([-1, -1, -1]), lineColorSpace='rgb', lineRGB=array([-1, -1, -1]), lineWidth=4, name='unnamed Line', opacity=0.5, ori=0.0, pos=array([0., 0.]), size=array([1., 1.]), units='height', vertices=ndarray(...), win=Window(...), windingRule=None)
100.8963 	EXP 	window1: mouseVisible = True
100.8967 	EXP 	Created unnamed ShapeStim = ShapeStim(__class__=<class 'psychopy.visual.shape.ShapeStim'>, anchor=('center', 'center'), autoDraw=False, autoLog=True, closeShape=True, color=method-wrapper(...), colorSpace='rgb', contrast=None, depth=0, draggable=False, fillColor=array([-1, -1, -1]), fillColorSpace='rgb', fillRGB=array([-1, -1, -1]), interpolate=True, lineColor=array([-1, -1, -1]), lineColorSpace='rgb', lineRGB=array([-1, -1, -1]), lineWidth=1.5, name='unnamed ShapeStim', opacity=1.0, ori=-40.90909090909091, pos=array([-0.15648125,  0.25665126]), size=array([1., 1.]), units='height', vertices=ndarray(...), win=Window(...), windingRule=None)
100.8967 	EXP 	window1: mouseVisible = True
100.8971 	EXP 	Created unnamed Line = Line(__class__=<class 'psychopy.visual.line.Line'>, anchor=('center', 'center'), autoDraw=False, autoLog=True, closeShape=False, color=array([-1, -1, -1]), colorSpace='rgb', contrast=None, depth=2, draggable=False, fillColor=array([0, 0, 0]), fillColorSpace='rgb', fillRGB=array([0, 0, 0]), interpolate=True, lineColor=array([-1, -1, -1]), lineColorSpace='rgb', lineRGB=array([-1, -1, -1]), lineWidth=4, name='unnamed Line', opacity=0.5, ori=0.0, pos=array([0., 0.]), size=array([1., 1.]), units='height', vertices=ndarray(...), win=Window(...), windingRule=None)
100.8971 	EXP 	window1: mouseVisible = True
100.8975 	EXP 	Created unnamed ShapeStim = ShapeStim(__class__=<class 'psychopy.visual.shape.ShapeStim'>, anchor=('center', 'center'), autoDraw=False, autoLog=True, closeShape=True, color=method-wrapper(...), colorSpace='rgb', contrast=None, depth=0, draggable=False, fillColor=array([-1, -1, -1]), fillColorSpace='rgb', fillRGB=array([-1, -1, -1]), interpolate=True, lineColor=array([-1, -1, -1]), lineColorSpace='rgb', lineRGB=array([-1, -1, -1]), lineWidth=1.5, name='unnamed ShapeStim', opacity=1.0, ori=-73.63636363636363, pos=array([-0.29846286, -0.06389682]), size=array([1., 1.]), units='height', vertices=ndarray(...), win=Window(...), windingRule=None)
100.8976 	EXP 	window1: mouseVisible = True
100.8979 	EXP 	Created unnamed Line = Line(__class__=<class 'psychopy.visual.line.Line'>, anchor=('center', 'center'), autoDraw=False, autoLog=True, closeShape=False, color=array([-1, -1, -1]), colorSpace='rgb', contrast=None, depth=2, draggable=False, fillColor=array([0, 0, 0]), fillColorSpace='rgb', fillRGB=array([0, 0, 0]), interpolate=True, lineColor=array([-1, -1, -1]), lineColorSpace='rgb', lineRGB=array([-1, -1, -1]), lineWidth=4, name='unnamed Line', opacity=0.5, ori=0.0, pos=array([0., 0.]), size=array([1., 1.]), units='height', vertices=ndarray(...), win=Window(...), windingRule=None)
100.8980 	EXP 	window1: mouseVisible = True
100.8983 	EXP 	Created unnamed ShapeStim = ShapeStim(__class__=<class 'psychopy.visual.shape.ShapeStim'>, anchor=('center', 'center'), autoDraw=False, autoLog=True, closeShape=True, color=method-wrapper(...), colorSpace='rgb', contrast=None, depth=0, draggable=False, fillColor=array([-1, -1, -1]), fillColorSpace='rgb', fillRGB=array([-1, -1, -1]), interpolate=True, lineColor=array([-1, -1, -1]), lineColorSpace='rgb', lineRGB=array([-1, -1, -1]), lineWidth=1.5, name='unnamed ShapeStim', opacity=1.0, ori=220.9090909090909, pos=array([-0.23176931, -0.19141378]), size=array([1., 1.]), units='height', vertices=ndarray(...), win=Window(...), windingRule=None)
100.8984 	EXP 	window1: mouseVisible = True
100.8987 	EXP 	Created unnamed Line = Line(__class__=<class 'psychopy.visual.line.Line'>, anchor=('center', 'center'), autoDraw=False, autoLog=True, closeShape=False, color=array([-1, -1, -1]), colorSpace='rgb', contrast=None, depth=2, draggable=False, fillColor=array([0, 0, 0]), fillColorSpace='rgb', fillRGB=array([0, 0, 0]), interpolate=True, lineColor=array([-1, -1, -1]), lineColorSpace='rgb', lineRGB=array([-1, -1, -1]), lineWidth=4, name='unnamed Line', opacity=0.5, ori=0.0, pos=array([0., 0.]), size=array([1., 1.]), units='height', vertices=ndarray(...), win=Window(...), windingRule=None)
100.8988 	EXP 	window1: mouseVisible = True
100.8991 	EXP 	Created unnamed ShapeStim = ShapeStim(__class__=<class 'psychopy.visual.shape.ShapeStim'>, anchor=('center', 'center'), autoDraw=False, autoLog=True, closeShape=True, color=method-wrapper(...), colorSpace='rgb', contrast=None, depth=0, draggable=False, fillColor=array([-1, -1, -1]), fillColorSpace='rgb', fillRGB=array([-1, -1, -1]), interpolate=True, lineColor=array([-1, -1, -1]), lineColorSpace='rgb', lineRGB=array([-1, -1, -1]), lineWidth=1.5, name='unnamed ShapeStim', opacity=1.0, ori=204.54545454545456, pos=array([-0.07783564, -0.29034094]), size=array([1., 1.]), units='height', vertices=ndarray(...), win=Window(...), windingRule=None)
100.8992 	EXP 	window1: mouseVisible = True
100.8995 	EXP 	Created unnamed Rect = Rect(__class__=<class 'psychopy.visual.rect.Rect'>, anchor=('center', 'center'), autoDraw=False, autoLog=True, closeShape=True, color=method-wrapper(...), colorSpace='rgb', contrast=None, depth=0, draggable=False, fillColor=array([0.00392157, 0.00392157, 0.00392157]), fillColorSpace='rgb', fillRGB=array([0.00392157, 0.00392157, 0.00392157]), interpolate=True, lineColor=array([0, 0, 0]), lineColorSpace='rgb', lineRGB=array([0, 0, 0]), lineWidth=0, name='unnamed Rect', opacity=0.0, ori=0.0, pos=array([0.1, 0. ]), size=array([1.1, 1. ]), units='height', vertices=ndarray(...), win=Window(...))
100.9062 	EXP 	unnamed Rect: autoDraw = True
100.9062 	EXP 	node0: autoDraw = True
100.9062 	EXP 	unnamed ImageStim: autoDraw = True
100.9062 	EXP 	node1: autoDraw = True
100.9062 	EXP 	unnamed ImageStim: autoDraw = True
100.9062 	EXP 	node2: autoDraw = True
100.9062 	EXP 	unnamed ImageStim: autoDraw = True
100.9062 	EXP 	node3: autoDraw = True
100.9062 	EXP 	unnamed ImageStim: autoDraw = True
100.9062 	EXP 	node4: autoDraw = True
100.9062 	EXP 	unnamed ImageStim: autoDraw = True
100.9062 	EXP 	node5: autoDraw = True
100.9062 	EXP 	unnamed ImageStim: autoDraw = True
100.9062 	EXP 	node6: autoDraw = True
100.9062 	EXP 	unnamed ImageStim: autoDraw = True
100.9062 	EXP 	node7: autoDraw = True
100.9062 	EXP 	unnamed ImageStim: autoDraw = True
100.9062 	EXP 	node8: autoDraw = True
100.9062 	EXP 	unnamed ImageStim: autoDraw = True
100.9062 	EXP 	node9: autoDraw = True
100.9062 	EXP 	unnamed ImageStim: autoDraw = True
100.9062 	EXP 	node10: autoDraw = True
100.9062 	EXP 	unnamed Line: autoDraw = True
100.9062 	EXP 	unnamed Line: autoDraw = True
100.9062 	EXP 	unnamed ShapeStim: autoDraw = True
100.9062 	EXP 	unnamed Line: autoDraw = True
100.9062 	EXP 	unnamed Line: autoDraw = True
100.9062 	EXP 	unnamed ShapeStim: autoDraw = True
100.9062 	EXP 	unnamed Line: autoDraw = True
100.9062 	EXP 	unnamed Line: autoDraw = True
100.9062 	EXP 	unnamed ShapeStim: autoDraw = True
100.9062 	EXP 	unnamed Line: autoDraw = True
100.9062 	EXP 	unnamed Line: autoDraw = True
100.9062 	EXP 	unnamed ShapeStim: autoDraw = True
100.9062 	EXP 	unnamed Line: autoDraw = True
100.9062 	EXP 	unnamed Line: autoDraw = True
100.9062 	EXP 	unnamed ShapeStim: autoDraw = True
100.9062 	EXP 	unnamed Line: autoDraw = True
100.9062 	EXP 	unnamed Line: autoDraw = True
100.9062 	EXP 	unnamed ShapeStim: autoDraw = True
100.9062 	EXP 	unnamed Line: autoDraw = True
100.9062 	EXP 	unnamed Line: autoDraw = True
100.9062 	EXP 	unnamed ShapeStim: autoDraw = True
100.9062 	EXP 	unnamed Line: autoDraw = True
100.9062 	EXP 	unnamed Line: autoDraw = True
100.9062 	EXP 	unnamed ShapeStim: autoDraw = True
100.9062 	EXP 	unnamed Line: autoDraw = True
100.9062 	EXP 	unnamed Line: autoDraw = True
100.9062 	EXP 	unnamed ShapeStim: autoDraw = True
100.9062 	EXP 	unnamed Line: autoDraw = True
100.9062 	EXP 	unnamed Line: autoDraw = True
100.9062 	EXP 	unnamed ShapeStim: autoDraw = True
100.9062 	EXP 	unnamed Rect: autoDraw = True
100.9062 	EXP 	node10: fillColor = '#126DEF'
100.9119 	EXP 	node10: fillColor = '#126DEF'
100.9119 	EXP 	unnamed Line: foreColor = <psychopy.colors.Color: black, alpha=1.0>
100.9119 	EXP 	unnamed Line: borderColor = <psychopy.colors.Color: black, alpha=1.0>
100.9119 	EXP 	unnamed Line: fillColor = <psychopy.colors.Color: black, alpha=1.0>
100.9119 	EXP 	unnamed ShapeStim: foreColor = <psychopy.colors.Color: black, alpha=1.0>
100.9119 	EXP 	unnamed ShapeStim: borderColor = <psychopy.colors.Color: black, alpha=1.0>
100.9119 	EXP 	unnamed ShapeStim: fillColor = <psychopy.colors.Color: black, alpha=1.0>
100.9119 	EXP 	unnamed Line: foreColor = <psychopy.colors.Color: black, alpha=1.0>
100.9119 	EXP 	unnamed Line: borderColor = <psychopy.colors.Color: black, alpha=1.0>
100.9119 	EXP 	unnamed Line: fillColor = <psychopy.colors.Color: black, alpha=1.0>
100.9119 	EXP 	unnamed ShapeStim: foreColor = <psychopy.colors.Color: black, alpha=1.0>
100.9119 	EXP 	unnamed ShapeStim: borderColor = <psychopy.colors.Color: black, alpha=1.0>
100.9119 	EXP 	unnamed ShapeStim: fillColor = <psychopy.colors.Color: black, alpha=1.0>
100.9119 	EXP 	unnamed Line: foreColor = <psychopy.colors.Color: black, alpha=1.0>
100.9119 	EXP 	unnamed Line: borderColor = <psychopy.colors.Color: black, alpha=1.0>
100.9119 	EXP 	unnamed Line: fillColor = <psychopy.colors.Color: black, alpha=1.0>
100.9119 	EXP 	unnamed ShapeStim: foreColor = <psychopy.colors.Color: black, alpha=1.0>
100.9119 	EXP 	unnamed ShapeStim: borderColor = <psychopy.colors.Color: black, alpha=1.0>
100.9119 	EXP 	unnamed ShapeStim: fillColor = <psychopy.colors.Color: black, alpha=1.0>
100.9119 	EXP 	unnamed Line: foreColor = <psychopy.colors.Color: black, alpha=1.0>
100.9119 	EXP 	unnamed Line: borderColor = <psychopy.colors.Color: black, alpha=1.0>
100.9119 	EXP 	unnamed Line: fillColor = <psychopy.colors.Color: black, alpha=1.0>
100.9119 	EXP 	unnamed ShapeStim: foreColor = <psychopy.colors.Color: black, alpha=1.0>
100.9119 	EXP 	unnamed ShapeStim: borderColor = <psychopy.colors.Color: black, alpha=1.0>
100.9119 	EXP 	unnamed ShapeStim: fillColor = <psychopy.colors.Color: black, alpha=1.0>
100.9119 	EXP 	unnamed Line: foreColor = <psychopy.colors.Color: black, alpha=1.0>
100.9119 	EXP 	unnamed Line: borderColor = <psychopy.colors.Color: black, alpha=1.0>
100.9119 	EXP 	unnamed Line: fillColor = <psychopy.colors.Color: black, alpha=1.0>
100.9119 	EXP 	unnamed ShapeStim: foreColor = <psychopy.colors.Color: black, alpha=1.0>
100.9119 	EXP 	unnamed ShapeStim: borderColor = <psychopy.colors.Color: black, alpha=1.0>
100.9119 	EXP 	unnamed ShapeStim: fillColor = <psychopy.colors.Color: black, alpha=1.0>
100.9119 	EXP 	unnamed Line: foreColor = <psychopy.colors.Color: black, alpha=1.0>
100.9119 	EXP 	unnamed Line: borderColor = <psychopy.colors.Color: black, alpha=1.0>
100.9119 	EXP 	unnamed Line: fillColor = <psychopy.colors.Color: black, alpha=1.0>
100.9119 	EXP 	unnamed ShapeStim: foreColor = <psychopy.colors.Color: black, alpha=1.0>
100.9119 	EXP 	unnamed ShapeStim: borderColor = <psychopy.colors.Color: black, alpha=1.0>
100.9119 	EXP 	unnamed ShapeStim: fillColor = <psychopy.colors.Color: black, alpha=1.0>
100.9119 	EXP 	unnamed Line: foreColor = <psychopy.colors.Color: black, alpha=1.0>
100.9119 	EXP 	unnamed Line: borderColor = <psychopy.colors.Color: black, alpha=1.0>
100.9119 	EXP 	unnamed Line: fillColor = <psychopy.colors.Color: black, alpha=1.0>
100.9119 	EXP 	unnamed ShapeStim: foreColor = <psychopy.colors.Color: black, alpha=1.0>
100.9119 	EXP 	unnamed ShapeStim: borderColor = <psychopy.colors.Color: black, alpha=1.0>
100.9119 	EXP 	unnamed ShapeStim: fillColor = <psychopy.colors.Color: black, alpha=1.0>
100.9119 	EXP 	unnamed Line: foreColor = <psychopy.colors.Color: black, alpha=1.0>
100.9119 	EXP 	unnamed Line: borderColor = <psychopy.colors.Color: black, alpha=1.0>
100.9119 	EXP 	unnamed Line: fillColor = <psychopy.colors.Color: black, alpha=1.0>
100.9119 	EXP 	unnamed ShapeStim: foreColor = <psychopy.colors.Color: black, alpha=1.0>
100.9119 	EXP 	unnamed ShapeStim: borderColor = <psychopy.colors.Color: black, alpha=1.0>
100.9119 	EXP 	unnamed ShapeStim: fillColor = <psychopy.colors.Color: black, alpha=1.0>
100.9119 	EXP 	unnamed Line: autoDraw = False
100.9119 	EXP 	unnamed ShapeStim: autoDraw = False
100.9119 	EXP 	unnamed Line: autoDraw = True
100.9119 	EXP 	unnamed ShapeStim: autoDraw = True
100.9119 	EXP 	unnamed Line: autoDraw = False
100.9119 	EXP 	unnamed ShapeStim: autoDraw = False
100.9119 	EXP 	unnamed Line: autoDraw = True
100.9119 	EXP 	unnamed ShapeStim: autoDraw = True
100.9119 	EXP 	unnamed Line: foreColor = <psychopy.colors.Color: (1.0, 0.58, -0.87, 1.0)>
100.9119 	EXP 	unnamed Line: borderColor = <psychopy.colors.Color: (1.0, 0.58, -0.87, 1.0)>
100.9119 	EXP 	unnamed Line: fillColor = <psychopy.colors.Color: (1.0, 0.58, -0.87, 1.0)>
100.9119 	EXP 	unnamed ShapeStim: foreColor = <psychopy.colors.Color: (1.0, 0.58, -0.87, 1.0)>
100.9119 	EXP 	unnamed ShapeStim: borderColor = <psychopy.colors.Color: (1.0, 0.58, -0.87, 1.0)>
100.9119 	EXP 	unnamed ShapeStim: fillColor = <psychopy.colors.Color: (1.0, 0.58, -0.87, 1.0)>
101.1069 	DATA 	Keypress: space
101.6987 	DATA 	Keypress: f
101.7031 	EXP 	unnamed Line: foreColor = <psychopy.colors.Color: black, alpha=1.0>
101.7031 	EXP 	unnamed Line: borderColor = <psychopy.colors.Color: black, alpha=1.0>
101.7031 	EXP 	unnamed Line: fillColor = <psychopy.colors.Color: black, alpha=1.0>
101.7031 	EXP 	unnamed ShapeStim: foreColor = <psychopy.colors.Color: black, alpha=1.0>
101.7031 	EXP 	unnamed ShapeStim: borderColor = <psychopy.colors.Color: black, alpha=1.0>
101.7031 	EXP 	unnamed ShapeStim: fillColor = <psychopy.colors.Color: black, alpha=1.0>
101.7031 	EXP 	unnamed Line: foreColor = <psychopy.colors.Color: (1.0, 0.58, -0.87, 1.0)>
101.7031 	EXP 	unnamed Line: borderColor = <psychopy.colors.Color: (1.0, 0.58, -0.87, 1.0)>
101.7031 	EXP 	unnamed Line: fillColor = <psychopy.colors.Color: (1.0, 0.58, -0.87, 1.0)>
101.7031 	EXP 	unnamed ShapeStim: foreColor = <psychopy.colors.Color: (1.0, 0.58, -0.87, 1.0)>
101.7031 	EXP 	unnamed ShapeStim: borderColor = <psychopy.colors.Color: (1.0, 0.58, -0.87, 1.0)>
101.7031 	EXP 	unnamed ShapeStim: fillColor = <psychopy.colors.Color: (1.0, 0.58, -0.87, 1.0)>
106.9309 	DATA 	Keypress: f
106.9451 	EXP 	unnamed Line: foreColor = <psychopy.colors.Color: black, alpha=1.0>
106.9451 	EXP 	unnamed Line: borderColor = <psychopy.colors.Color: black, alpha=1.0>
106.9451 	EXP 	unnamed Line: fillColor = <psychopy.colors.Color: black, alpha=1.0>
106.9451 	EXP 	unnamed ShapeStim: foreColor = <psychopy.colors.Color: black, alpha=1.0>
106.9451 	EXP 	unnamed ShapeStim: borderColor = <psychopy.colors.Color: black, alpha=1.0>
106.9451 	EXP 	unnamed ShapeStim: fillColor = <psychopy.colors.Color: black, alpha=1.0>
106.9451 	EXP 	unnamed Line: foreColor = <psychopy.colors.Color: (1.0, 0.58, -0.87, 1.0)>
106.9451 	EXP 	unnamed Line: borderColor = <psychopy.colors.Color: (1.0, 0.58, -0.87, 1.0)>
106.9451 	EXP 	unnamed Line: fillColor = <psychopy.colors.Color: (1.0, 0.58, -0.87, 1.0)>
106.9451 	EXP 	unnamed ShapeStim: foreColor = <psychopy.colors.Color: (1.0, 0.58, -0.87, 1.0)>
106.9451 	EXP 	unnamed ShapeStim: borderColor = <psychopy.colors.Color: (1.0, 0.58, -0.87, 1.0)>
106.9451 	EXP 	unnamed ShapeStim: fillColor = <psychopy.colors.Color: (1.0, 0.58, -0.87, 1.0)>
107.8669 	DATA 	Keypress: f
107.8714 	EXP 	unnamed Line: foreColor = <psychopy.colors.Color: black, alpha=1.0>
107.8714 	EXP 	unnamed Line: borderColor = <psychopy.colors.Color: black, alpha=1.0>
107.8714 	EXP 	unnamed Line: fillColor = <psychopy.colors.Color: black, alpha=1.0>
107.8714 	EXP 	unnamed ShapeStim: foreColor = <psychopy.colors.Color: black, alpha=1.0>
107.8714 	EXP 	unnamed ShapeStim: borderColor = <psychopy.colors.Color: black, alpha=1.0>
107.8714 	EXP 	unnamed ShapeStim: fillColor = <psychopy.colors.Color: black, alpha=1.0>
107.8714 	EXP 	unnamed Line: foreColor = <psychopy.colors.Color: (1.0, 0.58, -0.87, 1.0)>
107.8714 	EXP 	unnamed Line: borderColor = <psychopy.colors.Color: (1.0, 0.58, -0.87, 1.0)>
107.8714 	EXP 	unnamed Line: fillColor = <psychopy.colors.Color: (1.0, 0.58, -0.87, 1.0)>
107.8714 	EXP 	unnamed ShapeStim: foreColor = <psychopy.colors.Color: (1.0, 0.58, -0.87, 1.0)>
107.8714 	EXP 	unnamed ShapeStim: borderColor = <psychopy.colors.Color: (1.0, 0.58, -0.87, 1.0)>
107.8714 	EXP 	unnamed ShapeStim: fillColor = <psychopy.colors.Color: (1.0, 0.58, -0.87, 1.0)>
108.1305 	DATA 	Keypress: j
108.1342 	EXP 	node4: fillColor = '#126DEF'
108.1342 	EXP 	node10: fillColor = 'white'
108.1519 	EXP 	unnamed Line: foreColor = <psychopy.colors.Color: black, alpha=1.0>
108.1519 	EXP 	unnamed Line: borderColor = <psychopy.colors.Color: black, alpha=1.0>
108.1519 	EXP 	unnamed Line: fillColor = <psychopy.colors.Color: black, alpha=1.0>
108.1519 	EXP 	unnamed ShapeStim: foreColor = <psychopy.colors.Color: black, alpha=1.0>
108.1519 	EXP 	unnamed ShapeStim: borderColor = <psychopy.colors.Color: black, alpha=1.0>
108.1519 	EXP 	unnamed ShapeStim: fillColor = <psychopy.colors.Color: black, alpha=1.0>
108.1519 	EXP 	unnamed Line: foreColor = <psychopy.colors.Color: black, alpha=1.0>
108.1519 	EXP 	unnamed Line: borderColor = <psychopy.colors.Color: black, alpha=1.0>
108.1519 	EXP 	unnamed Line: fillColor = <psychopy.colors.Color: black, alpha=1.0>
108.1519 	EXP 	unnamed ShapeStim: foreColor = <psychopy.colors.Color: black, alpha=1.0>
108.1519 	EXP 	unnamed ShapeStim: borderColor = <psychopy.colors.Color: black, alpha=1.0>
108.1519 	EXP 	unnamed ShapeStim: fillColor = <psychopy.colors.Color: black, alpha=1.0>
108.1519 	EXP 	unnamed Line: autoDraw = False
108.1519 	EXP 	unnamed ShapeStim: autoDraw = False
108.1519 	EXP 	unnamed Line: autoDraw = True
108.1519 	EXP 	unnamed ShapeStim: autoDraw = True
108.1519 	EXP 	unnamed Line: autoDraw = False
108.1519 	EXP 	unnamed ShapeStim: autoDraw = False
108.1519 	EXP 	unnamed Line: autoDraw = True
108.1519 	EXP 	unnamed ShapeStim: autoDraw = True
108.1519 	EXP 	unnamed Line: foreColor = <psychopy.colors.Color: black, alpha=1.0>
108.1519 	EXP 	unnamed Line: borderColor = <psychopy.colors.Color: black, alpha=1.0>
108.1519 	EXP 	unnamed Line: fillColor = <psychopy.colors.Color: black, alpha=1.0>
108.1519 	EXP 	unnamed ShapeStim: foreColor = <psychopy.colors.Color: black, alpha=1.0>
108.1519 	EXP 	unnamed ShapeStim: borderColor = <psychopy.colors.Color: black, alpha=1.0>
108.1519 	EXP 	unnamed ShapeStim: fillColor = <psychopy.colors.Color: black, alpha=1.0>
108.1519 	EXP 	unnamed Line: foreColor = <psychopy.colors.Color: black, alpha=1.0>
108.1519 	EXP 	unnamed Line: borderColor = <psychopy.colors.Color: black, alpha=1.0>
108.1519 	EXP 	unnamed Line: fillColor = <psychopy.colors.Color: black, alpha=1.0>
108.1519 	EXP 	unnamed ShapeStim: foreColor = <psychopy.colors.Color: black, alpha=1.0>
108.1519 	EXP 	unnamed ShapeStim: borderColor = <psychopy.colors.Color: black, alpha=1.0>
108.1519 	EXP 	unnamed ShapeStim: fillColor = <psychopy.colors.Color: black, alpha=1.0>
108.1519 	EXP 	unnamed Line: foreColor = <psychopy.colors.Color: black, alpha=1.0>
108.1519 	EXP 	unnamed Line: borderColor = <psychopy.colors.Color: black, alpha=1.0>
108.1519 	EXP 	unnamed Line: fillColor = <psychopy.colors.Color: black, alpha=1.0>
108.1519 	EXP 	unnamed ShapeStim: foreColor = <psychopy.colors.Color: black, alpha=1.0>
108.1519 	EXP 	unnamed ShapeStim: borderColor = <psychopy.colors.Color: black, alpha=1.0>
108.1519 	EXP 	unnamed ShapeStim: fillColor = <psychopy.colors.Color: black, alpha=1.0>
108.1519 	EXP 	unnamed Line: foreColor = <psychopy.colors.Color: black, alpha=1.0>
108.1519 	EXP 	unnamed Line: borderColor = <psychopy.colors.Color: black, alpha=1.0>
108.1519 	EXP 	unnamed Line: fillColor = <psychopy.colors.Color: black, alpha=1.0>
108.1519 	EXP 	unnamed ShapeStim: foreColor = <psychopy.colors.Color: black, alpha=1.0>
108.1519 	EXP 	unnamed ShapeStim: borderColor = <psychopy.colors.Color: black, alpha=1.0>
108.1519 	EXP 	unnamed ShapeStim: fillColor = <psychopy.colors.Color: black, alpha=1.0>
108.1519 	EXP 	unnamed Line: foreColor = <psychopy.colors.Color: black, alpha=1.0>
108.1519 	EXP 	unnamed Line: borderColor = <psychopy.colors.Color: black, alpha=1.0>
108.1519 	EXP 	unnamed Line: fillColor = <psychopy.colors.Color: black, alpha=1.0>
108.1519 	EXP 	unnamed ShapeStim: foreColor = <psychopy.colors.Color: black, alpha=1.0>
108.1519 	EXP 	unnamed ShapeStim: borderColor = <psychopy.colors.Color: black, alpha=1.0>
108.1519 	EXP 	unnamed ShapeStim: fillColor = <psychopy.colors.Color: black, alpha=1.0>
108.1519 	EXP 	unnamed Line: foreColor = <psychopy.colors.Color: black, alpha=1.0>
108.1519 	EXP 	unnamed Line: borderColor = <psychopy.colors.Color: black, alpha=1.0>
108.1519 	EXP 	unnamed Line: fillColor = <psychopy.colors.Color: black, alpha=1.0>
108.1519 	EXP 	unnamed ShapeStim: foreColor = <psychopy.colors.Color: black, alpha=1.0>
108.1519 	EXP 	unnamed ShapeStim: borderColor = <psychopy.colors.Color: black, alpha=1.0>
108.1519 	EXP 	unnamed ShapeStim: fillColor = <psychopy.colors.Color: black, alpha=1.0>
108.1519 	EXP 	unnamed Line: foreColor = <psychopy.colors.Color: (1.0, 0.58, -0.87, 1.0)>
108.1519 	EXP 	unnamed Line: borderColor = <psychopy.colors.Color: (1.0, 0.58, -0.87, 1.0)>
108.1519 	EXP 	unnamed Line: fillColor = <psychopy.colors.Color: (1.0, 0.58, -0.87, 1.0)>
108.1519 	EXP 	unnamed ShapeStim: foreColor = <psychopy.colors.Color: (1.0, 0.58, -0.87, 1.0)>
108.1519 	EXP 	unnamed ShapeStim: borderColor = <psychopy.colors.Color: (1.0, 0.58, -0.87, 1.0)>
108.1519 	EXP 	unnamed ShapeStim: fillColor = <psychopy.colors.Color: (1.0, 0.58, -0.87, 1.0)>
108.4105 	DATA 	Keypress: f
108.4148 	EXP 	unnamed Line: foreColor = <psychopy.colors.Color: black, alpha=1.0>
108.4148 	EXP 	unnamed Line: borderColor = <psychopy.colors.Color: black, alpha=1.0>
108.4148 	EXP 	unnamed Line: fillColor = <psychopy.colors.Color: black, alpha=1.0>
108.4148 	EXP 	unnamed ShapeStim: foreColor = <psychopy.colors.Color: black, alpha=1.0>
108.4148 	EXP 	unnamed ShapeStim: borderColor = <psychopy.colors.Color: black, alpha=1.0>
108.4148 	EXP 	unnamed ShapeStim: fillColor = <psychopy.colors.Color: black, alpha=1.0>
108.4148 	EXP 	unnamed Line: foreColor = <psychopy.colors.Color: (1.0, 0.58, -0.87, 1.0)>
108.4148 	EXP 	unnamed Line: borderColor = <psychopy.colors.Color: (1.0, 0.58, -0.87, 1.0)>
108.4148 	EXP 	unnamed Line: fillColor = <psychopy.colors.Color: (1.0, 0.58, -0.87, 1.0)>
108.4148 	EXP 	unnamed ShapeStim: foreColor = <psychopy.colors.Color: (1.0, 0.58, -0.87, 1.0)>
108.4148 	EXP 	unnamed ShapeStim: borderColor = <psychopy.colors.Color: (1.0, 0.58, -0.87, 1.0)>
108.4148 	EXP 	unnamed ShapeStim: fillColor = <psychopy.colors.Color: (1.0, 0.58, -0.87, 1.0)>
108.7464 	DATA 	Keypress: j
108.7500 	EXP 	node2: fillColor = '#126DEF'
108.7500 	EXP 	node4: fillColor = 'white'
109.4502 	EXP 	window1: mouseVisible = True
109.4517 	EXP 	Created unnamed TextStim = TextStim(__class__=<class 'psychopy.visual.text.TextStim'>, alignHoriz=method-wrapper(...), alignText='center', alignVert=method-wrapper(...), anchorHoriz='center', anchorVert='center', antialias=True, autoDraw=False, autoLog=True, bold=True, color=array([0.68627451, 0.68627451, 0.68627451]), colorSpace='rgb', contrast=1.0, depth=0, draggable=False, flipHoriz=False, flipVert=False, font='', fontFiles=[], height=0.04, italic=False, languageStyle='LTR', name='unnamed TextStim', opacity=1.0, ori=0.0, pos=array([-0.20451235, -0.16920126]), rgb=UNKNOWN, text='+0', units='height', win=Window(...), wrapWidth=1)
109.4519 	EXP 	window1: mouseVisible = True
109.4530 	EXP 	Created unnamed TextStim = TextStim(__class__=<class 'psychopy.visual.text.TextStim'>, alignHoriz=method-wrapper(...), alignText='center', alignVert=method-wrapper(...), anchorHoriz='center', anchorVert='center', antialias=True, autoDraw=False, autoLog=True, bold=True, color=array([-0.88235294, -0.12156863, -0.97647059]), colorSpace='rgb', contrast=1.0, depth=0, draggable=False, flipHoriz=False, flipVert=False, font='', fontFiles=[], height=0.04, italic=False, languageStyle='LTR', name='unnamed TextStim', opacity=1.0, ori=0.0, pos=array([-0.2583712 ,  0.20539525]), rgb=UNKNOWN, text='+1', units='height', win=Window(...), wrapWidth=1)
109.4575 	EXP 	node2: fillColor = 'white'
109.4575 	EXP 	unnamed ImageStim: autoDraw = True
109.4575 	EXP 	unnamed ImageStim: autoDraw = True
110.4661 	EXP 	unnamed ImageStim: autoDraw = False
110.4661 	EXP 	unnamed ImageStim: autoDraw = False
110.4661 	EXP 	unnamed Rect: autoDraw = False
110.4661 	EXP 	unnamed Rect: autoDraw = True
110.6357 	EXP 	unnamed Rect: autoDraw = False
110.6357 	EXP 	node0: autoDraw = False
110.6357 	EXP 	unnamed ImageStim: autoDraw = False
110.6357 	EXP 	node1: autoDraw = False
110.6357 	EXP 	unnamed ImageStim: autoDraw = False
110.6357 	EXP 	node2: autoDraw = False
110.6357 	EXP 	unnamed ImageStim: autoDraw = False
110.6357 	EXP 	node3: autoDraw = False
110.6357 	EXP 	unnamed ImageStim: autoDraw = False
110.6357 	EXP 	node4: autoDraw = False
110.6357 	EXP 	unnamed ImageStim: autoDraw = False
110.6357 	EXP 	node5: autoDraw = False
110.6357 	EXP 	unnamed ImageStim: autoDraw = False
110.6357 	EXP 	node6: autoDraw = False
110.6357 	EXP 	unnamed ImageStim: autoDraw = False
110.6357 	EXP 	node7: autoDraw = False
110.6357 	EXP 	unnamed ImageStim: autoDraw = False
110.6357 	EXP 	node8: autoDraw = False
110.6357 	EXP 	unnamed ImageStim: autoDraw = False
110.6357 	EXP 	node9: autoDraw = False
110.6357 	EXP 	unnamed ImageStim: autoDraw = False
110.6357 	EXP 	node10: autoDraw = False
110.6357 	EXP 	unnamed Line: autoDraw = False
110.6357 	EXP 	unnamed ShapeStim: autoDraw = False
110.6357 	EXP 	unnamed Line: autoDraw = False
110.6357 	EXP 	unnamed ShapeStim: autoDraw = False
110.6357 	EXP 	unnamed Line: autoDraw = False
110.6357 	EXP 	unnamed ShapeStim: autoDraw = False
110.6357 	EXP 	unnamed Line: autoDraw = False
110.6357 	EXP 	unnamed ShapeStim: autoDraw = False
110.6357 	EXP 	unnamed Line: autoDraw = False
110.6357 	EXP 	unnamed ShapeStim: autoDraw = False
110.6357 	EXP 	unnamed Line: autoDraw = False
110.6357 	EXP 	unnamed ShapeStim: autoDraw = False
110.6357 	EXP 	unnamed Line: autoDraw = False
110.6357 	EXP 	unnamed ShapeStim: autoDraw = False
110.6357 	EXP 	unnamed Line: autoDraw = False
110.6357 	EXP 	unnamed ShapeStim: autoDraw = False
110.6357 	EXP 	unnamed Line: autoDraw = False
110.6357 	EXP 	unnamed ShapeStim: autoDraw = False
110.6357 	EXP 	unnamed Line: autoDraw = False
110.6357 	EXP 	unnamed ShapeStim: autoDraw = False
110.6357 	EXP 	unnamed Rect: autoDraw = False
111.0911 	DATA 	Keypress: space
112.5709 	DATA 	Keypress: space
112.7954 	EXP 	window1: mouseVisible = False
112.7955 	EXP 	window1: units = 'pix'
112.7955 	INFO 	Mouse: using default window
112.9221 	INFO 	Mouse: using default window
115.9292 	DATA 	Keypress: return
156.1214 	DATA 	Keypress: i
166.2429 	EXP 	window1: units = 'pix'
172.4416 	DATA 	Keypress: return
224.8857 	EXP 	window1: units = 'pix'
235.4153 	EXP 	window1: units = 'pix'
235.4197 	EXP 	window1: units = 'pix'
238.8419 	DATA 	Keypress: space
238.9217 	EXP 	window1: units = 'pix'
240.2191 	DATA 	Keypress: space
240.6266 	DATA 	Keypress: space
241.0909 	DATA 	Keypress: space
241.4107 	DATA 	Keypress: space
241.7067 	DATA 	Keypress: space
242.0907 	DATA 	Keypress: space
242.4026 	DATA 	Keypress: space
243.0348 	DATA 	Keypress: space
243.0352 	INFO 	Mouse: using default window
245.4324 	DATA 	Keypress: space
246.3906 	DATA 	Keypress: space
246.4352 	EXP 	window1: units = 'pix'
252.0592 	DATA 	Keypress: j
252.5388 	DATA 	Keypress: j
254.7551 	DATA 	Keypress: space
254.7556 	INFO 	Mouse: using default window
255.5372 	DATA 	Keypress: space
255.9845 	DATA 	Keypress: space
256.0366 	EXP 	window1: units = 'pix'
259.6272 	DATA 	Keypress: f
259.9467 	DATA 	Keypress: j
260.3307 	DATA 	Keypress: j
262.3550 	DATA 	Keypress: space
262.3555 	INFO 	Mouse: using default window
263.0405 	DATA 	Keypress: space
263.4357 	DATA 	Keypress: space
264.1552 	DATA 	Keypress: space
264.2034 	EXP 	window1: units = 'pix'
267.3791 	DATA 	Keypress: j
267.7866 	DATA 	Keypress: f
268.0027 	DATA 	Keypress: j
270.1230 	DATA 	Keypress: space
270.1235 	INFO 	Mouse: using default window
270.6047 	DATA 	Keypress: space
270.7116 	EXP 	window1: units = 'pix'
275.5552 	DATA 	Keypress: j
276.4589 	DATA 	Keypress: f
277.5470 	DATA 	Keypress: j
279.7471 	DATA 	Keypress: space
279.7476 	INFO 	Mouse: using default window
280.2218 	DATA 	Keypress: space
280.3232 	EXP 	window1: units = 'pix'
282.5149 	DATA 	Keypress: f
282.8348 	DATA 	Keypress: j
283.2106 	DATA 	Keypress: j
285.4110 	DATA 	Keypress: space
285.4115 	INFO 	Mouse: using default window
285.7797 	DATA 	Keypress: space
286.3921 	DATA 	Keypress: space
287.1538 	DATA 	Keypress: space
287.2027 	EXP 	window1: units = 'pix'
289.8121 	DATA 	Keypress: f
290.3468 	DATA 	Keypress: j
290.7307 	DATA 	Keypress: j
292.9070 	DATA 	Keypress: space
292.9074 	INFO 	Mouse: using default window
293.6422 	DATA 	Keypress: space
293.6844 	EXP 	window1: units = 'pix'
299.9392 	DATA 	Keypress: f
302.4510 	DATA 	Keypress: j
302.9629 	DATA 	Keypress: f
303.2668 	DATA 	Keypress: j
305.4989 	DATA 	Keypress: space
305.4994 	INFO 	Mouse: using default window
306.4168 	DATA 	Keypress: space
306.9050 	DATA 	Keypress: space
306.9531 	EXP 	window1: units = 'pix'
312.9706 	DATA 	Keypress: f
314.6110 	DATA 	Keypress: j
315.1227 	DATA 	Keypress: f
315.3866 	DATA 	Keypress: j
317.5230 	DATA 	Keypress: space
317.5234 	INFO 	Mouse: using default window
317.9871 	DATA 	Keypress: space
318.4233 	DATA 	Keypress: space
318.4675 	EXP 	window1: units = 'pix'
322.5312 	DATA 	Keypress: f
323.8910 	DATA 	Keypress: j
324.2507 	DATA 	Keypress: j
326.2590 	DATA 	Keypress: space
326.2595 	INFO 	Mouse: using default window
326.6898 	DATA 	Keypress: space
327.0638 	DATA 	Keypress: space
327.4359 	DATA 	Keypress: space
327.4864 	EXP 	window1: units = 'pix'
331.0112 	DATA 	Keypress: j
331.4988 	DATA 	Keypress: j
333.7311 	DATA 	Keypress: space
333.7315 	INFO 	Mouse: using default window
334.3862 	DATA 	Keypress: space
334.5026 	EXP 	window1: units = 'pix'
337.5152 	DATA 	Keypress: f
337.8027 	DATA 	Keypress: j
338.1547 	DATA 	Keypress: j
340.2670 	DATA 	Keypress: space
340.2674 	INFO 	Mouse: using default window
340.6352 	DATA 	Keypress: space
340.9912 	DATA 	Keypress: space
341.5903 	DATA 	Keypress: space
342.1670 	DATA 	Keypress: space
342.2213 	EXP 	window1: units = 'pix'
346.7471 	DATA 	Keypress: j
347.1071 	DATA 	Keypress: j
349.2430 	DATA 	Keypress: space
349.2435 	INFO 	Mouse: using default window
349.9059 	DATA 	Keypress: space
349.9512 	EXP 	window1: units = 'pix'
354.1391 	DATA 	Keypress: f
354.4908 	DATA 	Keypress: j
354.9148 	DATA 	Keypress: j
357.0751 	DATA 	Keypress: space
357.0757 	INFO 	Mouse: using default window
357.6766 	DATA 	Keypress: space
358.0903 	DATA 	Keypress: space
358.7084 	DATA 	Keypress: space
358.7546 	EXP 	window1: units = 'pix'
362.7631 	DATA 	Keypress: j
364.4110 	DATA 	Keypress: j
366.4911 	DATA 	Keypress: space
366.4916 	INFO 	Mouse: using default window
367.2971 	DATA 	Keypress: space
367.3685 	EXP 	window1: units = 'pix'
370.4430 	DATA 	Keypress: f
371.1068 	DATA 	Keypress: j
371.5228 	DATA 	Keypress: j
373.6190 	DATA 	Keypress: space
373.6194 	INFO 	Mouse: using default window
373.8456 	DATA 	Keypress: i
374.2295 	DATA 	Keypress: space
374.2675 	EXP 	window1: units = 'pix'
378.1312 	DATA 	Keypress: j
378.5628 	DATA 	Keypress: j
380.5151 	DATA 	Keypress: space
380.5155 	INFO 	Mouse: using default window
381.0099 	DATA 	Keypress: space
381.4866 	DATA 	Keypress: space
382.4027 	DATA 	Keypress: space
382.4538 	EXP 	window1: units = 'pix'
386.7071 	DATA 	Keypress: j
387.3869 	DATA 	Keypress: f
387.6026 	DATA 	Keypress: j
389.7710 	DATA 	Keypress: space
389.7715 	INFO 	Mouse: using default window
390.4973 	DATA 	Keypress: space
390.5528 	EXP 	window1: units = 'pix'
394.9472 	DATA 	Keypress: j
395.4108 	DATA 	Keypress: f
395.6827 	DATA 	Keypress: j
397.8270 	DATA 	Keypress: space
397.8274 	INFO 	Mouse: using default window
398.3998 	DATA 	Keypress: space
398.4506 	EXP 	window1: units = 'pix'
406.0513 	DATA 	Keypress: f
406.4668 	DATA 	Keypress: j
406.8026 	DATA 	Keypress: f
406.9946 	DATA 	Keypress: j
408.1145 	DATA 	Keypress: space
409.1950 	DATA 	Keypress: space
409.1955 	INFO 	Mouse: using default window
410.0752 	DATA 	Keypress: space
410.7666 	DATA 	Keypress: space
410.8195 	EXP 	window1: units = 'pix'
416.1792 	DATA 	Keypress: j
416.6348 	DATA 	Keypress: j
418.7790 	DATA 	Keypress: space
418.7795 	INFO 	Mouse: using default window
419.2315 	DATA 	Keypress: space
419.6160 	DATA 	Keypress: space
420.4149 	DATA 	Keypress: space
421.1447 	DATA 	Keypress: space
421.2019 	EXP 	window1: units = 'pix'
425.7151 	DATA 	Keypress: f
425.9947 	DATA 	Keypress: j
426.5308 	DATA 	Keypress: j
428.6752 	DATA 	Keypress: space
428.6757 	INFO 	Mouse: using default window
429.2985 	DATA 	Keypress: space
429.3337 	EXP 	window1: units = 'pix'
431.7711 	DATA 	Keypress: f
432.1147 	DATA 	Keypress: j
432.5147 	DATA 	Keypress: j
434.6670 	DATA 	Keypress: space
434.6675 	INFO 	Mouse: using default window
435.1657 	DATA 	Keypress: space
435.2545 	EXP 	window1: units = 'pix'
438.8992 	DATA 	Keypress: i
439.8909 	DATA 	Keypress: j
440.7871 	DATA 	Keypress: j
442.7950 	DATA 	Keypress: space
442.7955 	INFO 	Mouse: using default window
443.4732 	DATA 	Keypress: space
443.5178 	EXP 	window1: units = 'pix'
447.1952 	DATA 	Keypress: f
447.6188 	DATA 	Keypress: j
448.0826 	DATA 	Keypress: j
450.2911 	DATA 	Keypress: space
450.2916 	INFO 	Mouse: using default window
451.0277 	DATA 	Keypress: space
451.0676 	EXP 	window1: units = 'pix'
454.2032 	DATA 	Keypress: f
454.9549 	DATA 	Keypress: j
455.7389 	DATA 	Keypress: f
456.3870 	DATA 	Keypress: j
458.9310 	DATA 	Keypress: space
458.9315 	INFO 	Mouse: using default window
459.4188 	DATA 	Keypress: space
459.5234 	EXP 	window1: units = 'pix'
469.2034 	DATA 	Keypress: j
470.4590 	DATA 	Keypress: f
470.7226 	DATA 	Keypress: j
472.9131 	DATA 	Keypress: space
472.9136 	INFO 	Mouse: using default window
473.5916 	DATA 	Keypress: space
473.6341 	EXP 	window1: units = 'pix'
475.1232 	DATA 	Keypress: f
475.8830 	DATA 	Keypress: j
476.5230 	DATA 	Keypress: j
478.8751 	DATA 	Keypress: space
478.8756 	INFO 	Mouse: using default window
479.4880 	DATA 	Keypress: space
479.5360 	EXP 	window1: units = 'pix'
481.8672 	DATA 	Keypress: j
482.2348 	DATA 	Keypress: j
484.4031 	DATA 	Keypress: space
484.4036 	INFO 	Mouse: using default window
484.9022 	DATA 	Keypress: space
485.0240 	EXP 	window1: units = 'pix'
491.0601 	DATA 	Keypress: j
491.4348 	DATA 	Keypress: f
491.6666 	DATA 	Keypress: j
493.6911 	DATA 	Keypress: space
493.6915 	INFO 	Mouse: using default window
494.3433 	DATA 	Keypress: space
494.3841 	EXP 	window1: units = 'pix'
496.4272 	DATA 	Keypress: f
497.1308 	DATA 	Keypress: j
497.5148 	DATA 	Keypress: f
497.9467 	DATA 	Keypress: j
500.0671 	DATA 	Keypress: space
500.0676 	INFO 	Mouse: using default window
500.7704 	DATA 	Keypress: space
500.8175 	EXP 	window1: units = 'pix'
504.3952 	DATA 	Keypress: f
504.7147 	DATA 	Keypress: j
505.1308 	DATA 	Keypress: j
507.3071 	DATA 	Keypress: space
507.3077 	INFO 	Mouse: using default window
507.9711 	DATA 	Keypress: space
508.0173 	EXP 	window1: units = 'pix'
510.2434 	DATA 	Keypress: j
510.5787 	DATA 	Keypress: f
510.8426 	DATA 	Keypress: j
512.9711 	DATA 	Keypress: space
512.9715 	INFO 	Mouse: using default window
513.5840 	DATA 	Keypress: space
513.6190 	EXP 	window1: units = 'pix'
516.3792 	DATA 	Keypress: f
516.7547 	DATA 	Keypress: j
517.1468 	DATA 	Keypress: f
517.5546 	DATA 	Keypress: j
519.7391 	DATA 	Keypress: space
519.7396 	INFO 	Mouse: using default window
520.3626 	DATA 	Keypress: space
520.4009 	EXP 	window1: units = 'pix'
526.6912 	DATA 	Keypress: j
527.1309 	DATA 	Keypress: j
529.0911 	DATA 	Keypress: space
529.0915 	INFO 	Mouse: using default window
529.6958 	DATA 	Keypress: space
529.7984 	EXP 	window1: units = 'pix'
535.0673 	DATA 	Keypress: j
535.5548 	DATA 	Keypress: f
536.1068 	DATA 	Keypress: f
536.4827 	DATA 	Keypress: j
538.6671 	DATA 	Keypress: space
538.6675 	INFO 	Mouse: using default window
539.1019 	DATA 	Keypress: space
539.6792 	DATA 	Keypress: space
539.7170 	EXP 	window1: units = 'pix'
545.4032 	DATA 	Keypress: j
545.7149 	DATA 	Keypress: f
546.0107 	DATA 	Keypress: f
546.2186 	DATA 	Keypress: j
548.2272 	DATA 	Keypress: space
548.2277 	INFO 	Mouse: using default window
548.8792 	DATA 	Keypress: space
548.9177 	EXP 	window1: units = 'pix'
551.9072 	DATA 	Keypress: f
552.1867 	DATA 	Keypress: j
552.7868 	DATA 	Keypress: j
554.8751 	DATA 	Keypress: space
554.8756 	INFO 	Mouse: using default window
555.5775 	DATA 	Keypress: space
555.6907 	EXP 	window1: units = 'pix'
558.2112 	DATA 	Keypress: f
558.7949 	DATA 	Keypress: f
559.0346 	DATA 	Keypress: j
559.5467 	DATA 	Keypress: j
561.8191 	DATA 	Keypress: space
561.8196 	INFO 	Mouse: using default window
562.5112 	DATA 	Keypress: space
562.5530 	EXP 	window1: units = 'pix'
565.5473 	DATA 	Keypress: f
565.8588 	DATA 	Keypress: j
566.3149 	DATA 	Keypress: j
568.3711 	DATA 	Keypress: space
568.3716 	INFO 	Mouse: using default window
569.0963 	DATA 	Keypress: space
569.1340 	EXP 	window1: units = 'pix'
573.3632 	DATA 	Keypress: f
573.8269 	DATA 	Keypress: j
574.1468 	DATA 	Keypress: f
574.4908 	DATA 	Keypress: j
576.5952 	DATA 	Keypress: space
576.5956 	INFO 	Mouse: using default window
577.0977 	DATA 	Keypress: space
577.2164 	EXP 	window1: units = 'pix'
581.1072 	DATA 	Keypress: j
581.6749 	DATA 	Keypress: j
583.6431 	DATA 	Keypress: space
583.6435 	INFO 	Mouse: using default window
584.0912 	DATA 	Keypress: space
584.6805 	DATA 	Keypress: space
584.7191 	EXP 	window1: units = 'pix'
588.0272 	DATA 	Keypress: f
588.3707 	DATA 	Keypress: j
588.9948 	DATA 	Keypress: f
589.1619 	DATA 	Keypress: j
591.2911 	DATA 	Keypress: space
591.2916 	INFO 	Mouse: using default window
591.9431 	DATA 	Keypress: space
591.9834 	EXP 	window1: units = 'pix'
594.1553 	DATA 	Keypress: f
594.6989 	DATA 	Keypress: j
595.0828 	DATA 	Keypress: j
597.2432 	DATA 	Keypress: space
597.2436 	INFO 	Mouse: using default window
597.9289 	DATA 	Keypress: space
598.5066 	DATA 	Keypress: space
598.5540 	EXP 	window1: units = 'pix'
602.0432 	DATA 	Keypress: f
604.8992 	DATA 	Keypress: f
605.1787 	DATA 	Keypress: j
605.5948 	DATA 	Keypress: j
607.5632 	DATA 	Keypress: space
607.5636 	INFO 	Mouse: using default window
608.2181 	DATA 	Keypress: space
608.2837 	EXP 	window1: units = 'pix'
611.2993 	DATA 	Keypress: f
611.6588 	DATA 	Keypress: j
612.1069 	DATA 	Keypress: j
614.1152 	DATA 	Keypress: space
614.1157 	INFO 	Mouse: using default window
614.5642 	DATA 	Keypress: space
615.0397 	DATA 	Keypress: space
615.0838 	EXP 	window1: units = 'pix'
617.5632 	DATA 	Keypress: f
617.8747 	DATA 	Keypress: j
618.2508 	DATA 	Keypress: j
620.3792 	DATA 	Keypress: space
620.3797 	INFO 	Mouse: using default window
620.8927 	DATA 	Keypress: space
621.3687 	DATA 	Keypress: space
621.4013 	EXP 	window1: units = 'pix'
622.9874 	DATA 	Keypress: j
623.7791 	DATA 	Keypress: j
625.7791 	DATA 	Keypress: space
625.7796 	INFO 	Mouse: using default window
626.3641 	DATA 	Keypress: space
626.4008 	EXP 	window1: units = 'pix'
628.8592 	DATA 	Keypress: f
629.0668 	DATA 	Keypress: f
629.2987 	DATA 	Keypress: j
629.8428 	DATA 	Keypress: j
631.9232 	DATA 	Keypress: space
631.9236 	INFO 	Mouse: using default window
632.4732 	DATA 	Keypress: space
632.5171 	EXP 	window1: units = 'pix'
635.8032 	DATA 	Keypress: f
636.4350 	DATA 	Keypress: j
636.7070 	DATA 	Keypress: f
636.9467 	DATA 	Keypress: j
638.9311 	DATA 	Keypress: space
638.9315 	INFO 	Mouse: using default window
639.5930 	DATA 	Keypress: space
639.6336 	EXP 	window1: units = 'pix'
641.0913 	DATA 	Keypress: f
644.5071 	DATA 	Keypress: j
644.9627 	DATA 	Keypress: f
645.3708 	DATA 	Keypress: j
647.3072 	DATA 	Keypress: space
647.3076 	INFO 	Mouse: using default window
647.7188 	DATA 	Keypress: space
648.2566 	DATA 	Keypress: space
648.3021 	EXP 	window1: units = 'pix'
652.6353 	DATA 	Keypress: j
653.1549 	DATA 	Keypress: j
655.2672 	DATA 	Keypress: space
655.2677 	INFO 	Mouse: using default window
656.0102 	DATA 	Keypress: space
656.1305 	EXP 	window1: units = 'pix'
660.2114 	DATA 	Keypress: j
660.8030 	DATA 	Keypress: j
662.9711 	DATA 	Keypress: space
662.9716 	INFO 	Mouse: using default window
663.5108 	DATA 	Keypress: space
663.5668 	EXP 	window1: units = 'pix'
666.5232 	DATA 	Keypress: f
667.0511 	DATA 	Keypress: j
667.7550 	DATA 	Keypress: j
670.1152 	DATA 	Keypress: space
670.1156 	INFO 	Mouse: using default window
670.8696 	DATA 	Keypress: space
670.9171 	EXP 	window1: units = 'pix'
675.1553 	DATA 	Keypress: f
675.4668 	DATA 	Keypress: f
675.8347 	DATA 	Keypress: j
676.7147 	DATA 	Keypress: j
678.8272 	DATA 	Keypress: space
678.8276 	INFO 	Mouse: using default window
679.3771 	DATA 	Keypress: space
679.9378 	DATA 	Keypress: space
679.9857 	EXP 	window1: units = 'pix'
683.1474 	DATA 	Keypress: f
683.6509 	DATA 	Keypress: j
684.4030 	DATA 	Keypress: f
684.6188 	DATA 	Keypress: j
686.6592 	DATA 	Keypress: space
686.6596 	INFO 	Mouse: using default window
687.2822 	DATA 	Keypress: space
687.3171 	EXP 	window1: units = 'pix'
692.1473 	DATA 	Keypress: f
692.6509 	DATA 	Keypress: f
696.4593 	DATA 	Keypress: j
696.8348 	DATA 	Keypress: f
696.9706 	DATA 	Keypress: j
699.0832 	DATA 	Keypress: space
699.0836 	INFO 	Mouse: using default window
699.7177 	DATA 	Keypress: space
700.1646 	DATA 	Keypress: space
700.2015 	EXP 	window1: units = 'pix'
702.8673 	DATA 	Keypress: f
703.1868 	DATA 	Keypress: j
703.6510 	DATA 	Keypress: j
705.7712 	DATA 	Keypress: space
705.7717 	INFO 	Mouse: using default window
706.4064 	DATA 	Keypress: space
706.4981 	EXP 	window1: units = 'pix'
712.6354 	DATA 	Keypress: j
713.0749 	DATA 	Keypress: j
715.1312 	DATA 	Keypress: space
715.1316 	INFO 	Mouse: using default window
715.5277 	DATA 	Keypress: space
715.9237 	DATA 	Keypress: space
715.9672 	EXP 	window1: units = 'pix'
719.6032 	DATA 	Keypress: f
720.0028 	DATA 	Keypress: j
720.4188 	DATA 	Keypress: j
722.5633 	DATA 	Keypress: space
722.5637 	INFO 	Mouse: using default window
723.0985 	DATA 	Keypress: space
723.1898 	EXP 	window1: units = 'pix'
728.3154 	DATA 	Keypress: j
728.7389 	DATA 	Keypress: j
730.8672 	DATA 	Keypress: space
730.8676 	INFO 	Mouse: using default window
731.2251 	DATA 	Keypress: space
731.7639 	DATA 	Keypress: space
732.2723 	DATA 	Keypress: space
732.3189 	EXP 	window1: units = 'pix'
735.7313 	DATA 	Keypress: j
736.1950 	DATA 	Keypress: j
738.3072 	DATA 	Keypress: space
738.3077 	INFO 	Mouse: using default window
738.8289 	DATA 	Keypress: space
739.3453 	DATA 	Keypress: space
739.3867 	EXP 	window1: units = 'pix'
745.4433 	DATA 	Keypress: f
748.1711 	DATA 	Keypress: j
748.6909 	DATA 	Keypress: f
748.9147 	DATA 	Keypress: j
751.4592 	DATA 	Keypress: space
751.4597 	INFO 	Mouse: using default window
752.1232 	DATA 	Keypress: space
752.1691 	EXP 	window1: units = 'pix'
753.5873 	DATA 	Keypress: j
753.9792 	DATA 	Keypress: j
756.1067 	DATA 	Keypress: space
756.1073 	INFO 	Mouse: using default window
756.5934 	DATA 	Keypress: space
757.1034 	DATA 	Keypress: space
757.1546 	EXP 	window1: units = 'pix'
762.5715 	DATA 	Keypress: j
763.2911 	DATA 	Keypress: j
763.9311 	DATA 	Keypress: j
765.6352 	DATA 	Keypress: space
765.6356 	INFO 	Mouse: using default window
766.2718 	DATA 	Keypress: space
766.7371 	DATA 	Keypress: space
766.7863 	EXP 	window1: units = 'pix'
769.7472 	DATA 	Keypress: f
770.1469 	DATA 	Keypress: j
770.5790 	DATA 	Keypress: j
772.6912 	DATA 	Keypress: space
772.6917 	INFO 	Mouse: using default window
773.3442 	DATA 	Keypress: space
773.3831 	EXP 	window1: units = 'pix'
776.2273 	DATA 	Keypress: f
777.4992 	DATA 	Keypress: j
777.8989 	DATA 	Keypress: j
780.0592 	DATA 	Keypress: space
780.0597 	INFO 	Mouse: using default window
780.4780 	DATA 	Keypress: space
781.0779 	DATA 	Keypress: space
781.6437 	DATA 	Keypress: space
781.7012 	EXP 	window1: units = 'pix'
785.9313 	DATA 	Keypress: j
786.9233 	DATA 	Keypress: j
788.9792 	DATA 	Keypress: space
788.9796 	INFO 	Mouse: using default window
789.6962 	DATA 	Keypress: space
790.1937 	DATA 	Keypress: space
790.2352 	EXP 	window1: units = 'pix'
793.9234 	DATA 	Keypress: f
795.1472 	DATA 	Keypress: j
796.0112 	DATA 	Keypress: f
796.1867 	DATA 	Keypress: j
798.1472 	DATA 	Keypress: space
798.1477 	INFO 	Mouse: using default window
798.8833 	DATA 	Keypress: space
799.4721 	DATA 	Keypress: space
799.5188 	EXP 	window1: units = 'pix'
803.0513 	DATA 	Keypress: j
803.3711 	DATA 	Keypress: j
805.4352 	DATA 	Keypress: space
805.4357 	INFO 	Mouse: using default window
806.2845 	DATA 	Keypress: space
806.3182 	EXP 	window1: units = 'pix'
810.5314 	DATA 	Keypress: j
810.9629 	DATA 	Keypress: j
812.9713 	DATA 	Keypress: space
812.9721 	INFO 	Mouse: using default window
813.8001 	DATA 	Keypress: space
813.9237 	EXP 	window1: units = 'pix'
818.7635 	DATA 	Keypress: f
819.1152 	DATA 	Keypress: j
819.4991 	DATA 	Keypress: f
819.6989 	DATA 	Keypress: j
821.6912 	DATA 	Keypress: space
821.6917 	INFO 	Mouse: using default window
822.5062 	DATA 	Keypress: space
822.5665 	EXP 	window1: units = 'pix'
825.0430 	DATA 	Keypress: f
825.3870 	DATA 	Keypress: j
825.7549 	DATA 	Keypress: j
827.7473 	DATA 	Keypress: space
827.7477 	INFO 	Mouse: using default window
828.5131 	DATA 	Keypress: space
828.5498 	EXP 	window1: units = 'pix'
832.2194 	DATA 	Keypress: j
832.6191 	DATA 	Keypress: j
834.7234 	DATA 	Keypress: space
834.7238 	INFO 	Mouse: using default window
835.4486 	DATA 	Keypress: space
835.4833 	EXP 	window1: units = 'pix'
839.2594 	DATA 	Keypress: j
839.6109 	DATA 	Keypress: f
839.8989 	DATA 	Keypress: j
841.9713 	DATA 	Keypress: space
841.9717 	INFO 	Mouse: using default window
842.6639 	DATA 	Keypress: space
843.1122 	DATA 	Keypress: space
843.1685 	EXP 	window1: units = 'pix'
849.6675 	DATA 	Keypress: f
850.2591 	DATA 	Keypress: j
850.9951 	DATA 	Keypress: f
851.2988 	DATA 	Keypress: j
853.3312 	DATA 	Keypress: space
853.3317 	INFO 	Mouse: using default window
854.0567 	DATA 	Keypress: space
854.1594 	EXP 	window1: units = 'pix'
859.7714 	DATA 	Keypress: j
860.2270 	DATA 	Keypress: f
860.3386 	DATA 	Keypress: j
862.2753 	DATA 	Keypress: space
862.2757 	INFO 	Mouse: using default window
863.0425 	DATA 	Keypress: space
863.1596 	EXP 	window1: units = 'pix'
867.9554 	DATA 	Keypress: f
868.0749 	DATA 	Keypress: j
868.4829 	DATA 	Keypress: j
870.5635 	DATA 	Keypress: space
870.5639 	INFO 	Mouse: using default window
871.3781 	DATA 	Keypress: space
871.4164 	EXP 	window1: units = 'pix'
874.8354 	DATA 	Keypress: f
875.2752 	DATA 	Keypress: f
875.6669 	DATA 	Keypress: f
876.1951 	DATA 	Keypress: f
877.5792 	DATA 	Keypress: f
877.7227 	DATA 	Keypress: j
878.1068 	DATA 	Keypress: f
878.3308 	DATA 	Keypress: j
880.3953 	DATA 	Keypress: space
880.3958 	INFO 	Mouse: using default window
881.1346 	DATA 	Keypress: space
881.5594 	DATA 	Keypress: space
881.6018 	EXP 	window1: units = 'pix'
883.8034 	DATA 	Keypress: f
887.0513 	DATA 	Keypress: j
887.4750 	DATA 	Keypress: j
888.4523 	DATA 	Keypress: space
889.4273 	DATA 	Keypress: space
889.4277 	INFO 	Mouse: using default window
890.0827 	DATA 	Keypress: space
890.1172 	EXP 	window1: units = 'pix'
895.8675 	DATA 	Keypress: f
896.3551 	DATA 	Keypress: j
896.6669 	DATA 	Keypress: f
896.9229 	DATA 	Keypress: j
899.0353 	DATA 	Keypress: space
899.0357 	INFO 	Mouse: using default window
899.8006 	DATA 	Keypress: space
900.6246 	DATA 	Keypress: space
901.4347 	DATA 	Keypress: space
901.4849 	EXP 	window1: units = 'pix'
906.3394 	DATA 	Keypress: j
906.6830 	DATA 	Keypress: f
906.8348 	DATA 	Keypress: j
909.0113 	DATA 	Keypress: space
909.0117 	INFO 	Mouse: using default window
909.7059 	DATA 	Keypress: space
909.7496 	EXP 	window1: units = 'pix'
911.1954 	DATA 	Keypress: j
911.6513 	DATA 	Keypress: j
913.8034 	DATA 	Keypress: space
913.8047 	INFO 	Mouse: using default window
914.5189 	DATA 	Keypress: space
915.0577 	DATA 	Keypress: space
915.1018 	EXP 	window1: units = 'pix'
920.3394 	DATA 	Keypress: f
920.6270 	DATA 	Keypress: j
921.0112 	DATA 	Keypress: j
923.3714 	DATA 	Keypress: space
923.3718 	INFO 	Mouse: using default window
924.1157 	DATA 	Keypress: space
924.1661 	EXP 	window1: units = 'pix'
925.9954 	DATA 	Keypress: j
926.4111 	DATA 	Keypress: j
928.6194 	DATA 	Keypress: space
928.6199 	INFO 	Mouse: using default window
929.4065 	DATA 	Keypress: space
929.4500 	EXP 	window1: units = 'pix'
930.9154 	DATA 	Keypress: j
931.2750 	DATA 	Keypress: j
933.2993 	DATA 	Keypress: space
933.2997 	INFO 	Mouse: using default window
934.1040 	DATA 	Keypress: space
934.1494 	EXP 	window1: units = 'pix'
937.3716 	DATA 	Keypress: j
938.4353 	DATA 	Keypress: f
938.5869 	DATA 	Keypress: j
940.6194 	DATA 	Keypress: space
940.6198 	INFO 	Mouse: using default window
941.4766 	DATA 	Keypress: space
941.5163 	EXP 	window1: units = 'pix'
947.6355 	DATA 	Keypress: j
948.1711 	DATA 	Keypress: f
948.3388 	DATA 	Keypress: j
950.3713 	DATA 	Keypress: space
950.3718 	INFO 	Mouse: using default window
951.1589 	DATA 	Keypress: space
951.1999 	EXP 	window1: units = 'pix'
957.0595 	DATA 	Keypress: f
957.4591 	DATA 	Keypress: f
957.6349 	DATA 	Keypress: j
957.9709 	DATA 	Keypress: f
958.1229 	DATA 	Keypress: j
960.1234 	DATA 	Keypress: space
960.1238 	INFO 	Mouse: using default window
960.8887 	DATA 	Keypress: space
961.3026 	DATA 	Keypress: space
961.3517 	EXP 	window1: units = 'pix'
968.0275 	DATA 	Keypress: j
968.5712 	DATA 	Keypress: j
970.6354 	DATA 	Keypress: space
970.6358 	INFO 	Mouse: using default window
971.4005 	DATA 	Keypress: space
971.4658 	EXP 	window1: units = 'pix'
976.0915 	DATA 	Keypress: j
976.4272 	DATA 	Keypress: f
976.7550 	DATA 	Keypress: j
979.0113 	DATA 	Keypress: space
979.0118 	INFO 	Mouse: using default window
980.5165 	DATA 	Keypress: space
980.5684 	EXP 	window1: units = 'pix'
984.0276 	DATA 	Keypress: j
985.0353 	DATA 	Keypress: f
985.5071 	DATA 	Keypress: f
986.0350 	DATA 	Keypress: f
986.3789 	DATA 	Keypress: j
988.4993 	DATA 	Keypress: space
988.4997 	INFO 	Mouse: using default window
989.0320 	DATA 	Keypress: space
989.4890 	DATA 	Keypress: space
989.5361 	EXP 	window1: units = 'pix'
992.0914 	DATA 	Keypress: f
994.0274 	DATA 	Keypress: j
994.3630 	DATA 	Keypress: f
994.5708 	DATA 	Keypress: j
996.5633 	DATA 	Keypress: space
996.5637 	INFO 	Mouse: using default window
997.5607 	DATA 	Keypress: space
997.6034 	EXP 	window1: units = 'pix'
1001.9075 	DATA 	Keypress: j
1002.1871 	DATA 	Keypress: f
1002.7472 	DATA 	Keypress: j
1004.8594 	DATA 	Keypress: space
1004.8598 	INFO 	Mouse: using default window
1005.6758 	DATA 	Keypress: space
1005.7160 	EXP 	window1: units = 'pix'
1008.6435 	DATA 	Keypress: f
1009.0910 	DATA 	Keypress: f
1009.6270 	DATA 	Keypress: f
1010.6994 	DATA 	Keypress: j
1010.8753 	DATA 	Keypress: f
1011.3472 	DATA 	Keypress: j
1013.3234 	DATA 	Keypress: space
1013.3240 	INFO 	Mouse: using default window
1014.0263 	DATA 	Keypress: space
1014.1174 	EXP 	window1: units = 'pix'
1019.3066 	DATA 	Keypress: f
1019.6911 	DATA 	Keypress: j
1020.0989 	DATA 	Keypress: f
1020.2828 	DATA 	Keypress: j
1022.2753 	DATA 	Keypress: space
1022.2758 	INFO 	Mouse: using default window
1023.0627 	DATA 	Keypress: space
1023.1597 	EXP 	window1: units = 'pix'
1025.6596 	DATA 	Keypress: f
1026.0350 	DATA 	Keypress: j
1026.3310 	DATA 	Keypress: f
1026.5148 	DATA 	Keypress: j
1028.6114 	DATA 	Keypress: space
1028.6119 	INFO 	Mouse: using default window
1029.3521 	DATA 	Keypress: space
1029.4160 	EXP 	window1: units = 'pix'
1032.1154 	DATA 	Keypress: f
1034.4113 	DATA 	Keypress: j
1034.6269 	DATA 	Keypress: f
1034.9070 	DATA 	Keypress: f
1035.4510 	DATA 	Keypress: f
1035.6028 	DATA 	Keypress: j
1037.5795 	DATA 	Keypress: space
1037.5800 	INFO 	Mouse: using default window
1038.4598 	DATA 	Keypress: space
1038.4993 	EXP 	window1: units = 'pix'
1043.2354 	DATA 	Keypress: j
1043.6431 	DATA 	Keypress: j
1045.7474 	DATA 	Keypress: space
1045.7478 	INFO 	Mouse: using default window
1046.2979 	DATA 	Keypress: space
1046.8586 	DATA 	Keypress: space
1046.9017 	EXP 	window1: units = 'pix'
1049.9715 	DATA 	Keypress: j
1050.2670 	DATA 	Keypress: f
1050.4430 	DATA 	Keypress: j
1052.3714 	DATA 	Keypress: space
1052.3719 	INFO 	Mouse: using default window
1053.1707 	DATA 	Keypress: space
1053.2158 	EXP 	window1: units = 'pix'
1056.8035 	DATA 	Keypress: f
1057.0109 	DATA 	Keypress: j
1057.3950 	DATA 	Keypress: f
1057.5309 	DATA 	Keypress: j
1059.6114 	DATA 	Keypress: space
1059.6118 	INFO 	Mouse: using default window
1060.4583 	DATA 	Keypress: space
1060.4999 	EXP 	window1: units = 'pix'
1062.5475 	DATA 	Keypress: f
1062.9631 	DATA 	Keypress: j
1063.3712 	DATA 	Keypress: j
1066.2194 	DATA 	Keypress: space
1066.2199 	INFO 	Mouse: using default window
1066.9742 	DATA 	Keypress: space
1067.0151 	EXP 	window1: units = 'pix'
1069.2515 	DATA 	Keypress: j
1069.6591 	DATA 	Keypress: j
1071.6274 	DATA 	Keypress: space
1071.6279 	INFO 	Mouse: using default window
1072.4592 	DATA 	Keypress: space
1072.4993 	EXP 	window1: units = 'pix'
1075.0435 	DATA 	Keypress: j
1075.5947 	DATA 	Keypress: j
1077.9316 	DATA 	Keypress: space
1077.9321 	INFO 	Mouse: using default window
1078.7193 	DATA 	Keypress: space
1079.3890 	DATA 	Keypress: space
1080.4651 	DATA 	Keypress: space
1080.5185 	EXP 	window1: units = 'pix'
1082.8197 	DATA 	Keypress: f
1083.1550 	DATA 	Keypress: j
1083.5791 	DATA 	Keypress: j
1085.6914 	DATA 	Keypress: space
1085.6918 	INFO 	Mouse: using default window
1086.5475 	DATA 	Keypress: space
1086.5825 	EXP 	window1: units = 'pix'
1089.2834 	DATA 	Keypress: f
1089.5390 	DATA 	Keypress: j
1089.9071 	DATA 	Keypress: f
1090.0829 	DATA 	Keypress: j
1092.1474 	DATA 	Keypress: space
1092.1478 	INFO 	Mouse: using default window
1092.9346 	DATA 	Keypress: space
1093.7394 	DATA 	Keypress: space
1093.8029 	EXP 	window1: units = 'pix'
1098.1315 	DATA 	Keypress: j
1099.0753 	DATA 	Keypress: j
1101.3555 	DATA 	Keypress: space
1101.3559 	INFO 	Mouse: using default window
1102.1606 	DATA 	Keypress: space
1102.1984 	EXP 	window1: units = 'pix'
1106.5475 	DATA 	Keypress: j
1106.9232 	DATA 	Keypress: j
1108.9395 	DATA 	Keypress: space
1108.9400 	INFO 	Mouse: using default window
1109.7842 	DATA 	Keypress: space
1109.8357 	EXP 	window1: units = 'pix'
1111.9797 	DATA 	Keypress: f
1112.4032 	DATA 	Keypress: j
1112.7312 	DATA 	Keypress: j
1114.7796 	DATA 	Keypress: space
1114.7801 	INFO 	Mouse: using default window
1115.5447 	DATA 	Keypress: space
1115.9913 	DATA 	Keypress: space
1116.0347 	EXP 	window1: units = 'pix'
1118.4515 	DATA 	Keypress: f
1118.7632 	DATA 	Keypress: j
1119.1151 	DATA 	Keypress: j
1121.2594 	DATA 	Keypress: space
1121.2599 	INFO 	Mouse: using default window
1122.0641 	DATA 	Keypress: space
1122.0989 	EXP 	window1: units = 'pix'
1125.3876 	DATA 	Keypress: j
1125.7552 	DATA 	Keypress: j
1127.9554 	DATA 	Keypress: space
1127.9558 	INFO 	Mouse: using default window
1128.7429 	DATA 	Keypress: space
1128.7989 	EXP 	window1: units = 'pix'
1132.7875 	DATA 	Keypress: j
1133.1872 	DATA 	Keypress: j
1135.2914 	DATA 	Keypress: space
1135.2918 	INFO 	Mouse: using default window
1135.9552 	DATA 	Keypress: space
1135.9991 	EXP 	window1: units = 'pix'
1140.9156 	DATA 	Keypress: j
1141.3232 	DATA 	Keypress: j
1143.5074 	DATA 	Keypress: space
1143.5079 	INFO 	Mouse: using default window
1144.1932 	DATA 	Keypress: space
1144.2492 	EXP 	window1: units = 'pix'
1148.3236 	DATA 	Keypress: f
1148.6191 	DATA 	Keypress: j
1149.0110 	DATA 	Keypress: f
1149.2670 	DATA 	Keypress: j
1151.4435 	DATA 	Keypress: space
1151.4440 	INFO 	Mouse: using default window
1152.2866 	DATA 	Keypress: space
1152.3329 	EXP 	window1: units = 'pix'
1156.4117 	DATA 	Keypress: f
1156.7472 	DATA 	Keypress: f
1158.6194 	DATA 	Keypress: j
1158.9311 	DATA 	Keypress: f
1159.0669 	DATA 	Keypress: j
1161.0036 	DATA 	Keypress: space
1161.0041 	INFO 	Mouse: using default window
1161.9069 	DATA 	Keypress: space
1161.9491 	EXP 	window1: units = 'pix'
1163.3477 	DATA 	Keypress: j
1163.7074 	DATA 	Keypress: j
1165.7554 	DATA 	Keypress: space
1165.7559 	INFO 	Mouse: using default window
1166.6007 	DATA 	Keypress: space
1166.6490 	EXP 	window1: units = 'pix'
1168.9476 	DATA 	Keypress: f
1169.4271 	DATA 	Keypress: j
1170.0032 	DATA 	Keypress: j
1172.1635 	DATA 	Keypress: space
1172.1639 	INFO 	Mouse: using default window
1172.8777 	DATA 	Keypress: space
1172.9154 	EXP 	window1: units = 'pix'
1177.7636 	DATA 	Keypress: f
1178.7795 	DATA 	Keypress: j
1179.2112 	DATA 	Keypress: f
1179.4750 	DATA 	Keypress: j
1181.5314 	DATA 	Keypress: space
1181.5318 	INFO 	Mouse: using default window
1182.3363 	DATA 	Keypress: space
1182.3823 	EXP 	window1: units = 'pix'
1184.0116 	DATA 	Keypress: f
1184.2991 	DATA 	Keypress: j
1184.6590 	DATA 	Keypress: f
1184.8510 	DATA 	Keypress: j
1187.0355 	DATA 	Keypress: space
1187.0360 	INFO 	Mouse: using default window
1187.8802 	DATA 	Keypress: space
1187.9187 	EXP 	window1: units = 'pix'
1190.4996 	DATA 	Keypress: f
1192.8514 	DATA 	Keypress: j
1193.4754 	DATA 	Keypress: f
1193.6189 	DATA 	Keypress: j
1195.7715 	DATA 	Keypress: space
1195.7720 	INFO 	Mouse: using default window
1196.6683 	DATA 	Keypress: space
1196.7157 	EXP 	window1: units = 'pix'
1201.3396 	DATA 	Keypress: f
1201.6432 	DATA 	Keypress: f
1201.8189 	DATA 	Keypress: j
1202.2031 	DATA 	Keypress: j
1204.1396 	DATA 	Keypress: space
1204.1400 	INFO 	Mouse: using default window
1204.9817 	DATA 	Keypress: space
1205.0148 	EXP 	window1: units = 'pix'
1210.4036 	DATA 	Keypress: f
1210.7391 	DATA 	Keypress: j
1211.5952 	DATA 	Keypress: j
1213.7876 	DATA 	Keypress: space
1213.7880 	INFO 	Mouse: using default window
1214.7059 	DATA 	Keypress: space
1214.7517 	EXP 	window1: units = 'pix'
1217.0836 	DATA 	Keypress: f
1217.5232 	DATA 	Keypress: j
1217.8911 	DATA 	Keypress: f
1218.0510 	DATA 	Keypress: j
1220.1715 	DATA 	Keypress: space
1220.1720 	INFO 	Mouse: using default window
1220.8575 	DATA 	Keypress: space
1220.9322 	EXP 	window1: units = 'pix'
1225.8756 	DATA 	Keypress: j
1226.3152 	DATA 	Keypress: j
1228.4995 	DATA 	Keypress: space
1228.5000 	INFO 	Mouse: using default window
1229.8261 	DATA 	Keypress: space
1230.5360 	DATA 	Keypress: space
1230.5844 	EXP 	window1: units = 'pix'
1232.5477 	DATA 	Keypress: f
1232.8832 	DATA 	Keypress: j
1233.3631 	DATA 	Keypress: j
1235.4036 	DATA 	Keypress: space
1235.4040 	INFO 	Mouse: using default window
1236.1577 	DATA 	Keypress: space
1236.1990 	EXP 	window1: units = 'pix'
1245.7318 	DATA 	Keypress: j
1246.0914 	DATA 	Keypress: f
1246.2831 	DATA 	Keypress: j
1249.3235 	DATA 	Keypress: space
1249.3240 	INFO 	Mouse: using default window
1250.7434 	DATA 	Keypress: space
1251.2926 	DATA 	Keypress: space
1251.3353 	EXP 	window1: units = 'pix'
1257.1477 	DATA 	Keypress: f
1257.5872 	DATA 	Keypress: j
1257.9872 	DATA 	Keypress: f
1258.7074 	DATA 	Keypress: j
1261.1156 	DATA 	Keypress: space
1261.1162 	INFO 	Mouse: using default window
1262.0564 	DATA 	Keypress: space
1262.1022 	EXP 	window1: units = 'pix'
1267.4197 	DATA 	Keypress: f
1267.6992 	DATA 	Keypress: j
1268.0992 	DATA 	Keypress: f
1268.2991 	DATA 	Keypress: j
1270.3235 	DATA 	Keypress: space
1270.3239 	INFO 	Mouse: using default window
1271.1627 	DATA 	Keypress: space
1271.1988 	EXP 	window1: units = 'pix'
1275.9636 	DATA 	Keypress: j
1276.3873 	DATA 	Keypress: j
1278.4116 	DATA 	Keypress: space
1278.4121 	INFO 	Mouse: using default window
1279.2031 	DATA 	Keypress: space
1279.2492 	EXP 	window1: units = 'pix'
1283.5076 	DATA 	Keypress: j
1283.8674 	DATA 	Keypress: j
1285.9875 	DATA 	Keypress: space
1285.9879 	INFO 	Mouse: using default window
1286.8834 	DATA 	Keypress: space
1287.3605 	DATA 	Keypress: space
1287.9088 	DATA 	Keypress: space
1287.9527 	EXP 	window1: units = 'pix'
1293.7718 	DATA 	Keypress: j
1294.4114 	DATA 	Keypress: f
1294.7712 	DATA 	Keypress: j
1297.1555 	DATA 	Keypress: space
1297.1560 	INFO 	Mouse: using default window
1298.5043 	DATA 	Keypress: space
1298.5506 	EXP 	window1: units = 'pix'
1303.6197 	DATA 	Keypress: j
1304.0514 	DATA 	Keypress: j
1306.0435 	DATA 	Keypress: space
1306.0440 	INFO 	Mouse: using default window
1306.8238 	DATA 	Keypress: space
1307.2708 	DATA 	Keypress: space
1307.3170 	EXP 	window1: units = 'pix'
1308.8438 	DATA 	Keypress: j
1309.1952 	DATA 	Keypress: j
1311.3155 	DATA 	Keypress: space
1311.3160 	INFO 	Mouse: using default window
1312.0804 	DATA 	Keypress: space
1312.1151 	EXP 	window1: units = 'pix'
1316.8836 	DATA 	Keypress: j
1317.2752 	DATA 	Keypress: j
1319.1719 	DATA 	Keypress: space
1319.1725 	INFO 	Mouse: using default window
1319.8790 	DATA 	Keypress: space
1319.9157 	EXP 	window1: units = 'pix'
1322.4437 	DATA 	Keypress: f
1322.6751 	DATA 	Keypress: j
1323.0274 	DATA 	Keypress: f
1323.2592 	DATA 	Keypress: j
1325.3315 	DATA 	Keypress: space
1325.3320 	INFO 	Mouse: using default window
1326.2611 	DATA 	Keypress: space
1326.2985 	EXP 	window1: units = 'pix'
1328.1477 	DATA 	Keypress: j
1328.9235 	DATA 	Keypress: f
1329.1071 	DATA 	Keypress: j
1331.1797 	DATA 	Keypress: space
1331.1802 	INFO 	Mouse: using default window
1331.9844 	DATA 	Keypress: space
1332.4207 	DATA 	Keypress: space
1332.4675 	EXP 	window1: units = 'pix'
1338.6679 	DATA 	Keypress: f
1338.8751 	DATA 	Keypress: f
1339.0751 	DATA 	Keypress: j
1339.4993 	DATA 	Keypress: j
1341.4596 	DATA 	Keypress: space
1341.4600 	INFO 	Mouse: using default window
1342.3426 	DATA 	Keypress: space
1342.3823 	EXP 	window1: units = 'pix'
1344.5717 	DATA 	Keypress: j
1345.0273 	DATA 	Keypress: f
1345.2273 	DATA 	Keypress: j
1347.2996 	DATA 	Keypress: space
1347.3000 	INFO 	Mouse: using default window
1348.2065 	DATA 	Keypress: space
1348.2487 	EXP 	window1: units = 'pix'
1350.4677 	DATA 	Keypress: f
1352.0755 	DATA 	Keypress: f
1352.2751 	DATA 	Keypress: j
1352.5712 	DATA 	Keypress: f
1352.8752 	DATA 	Keypress: f
1353.0190 	DATA 	Keypress: j
1355.0596 	DATA 	Keypress: space
1355.0600 	INFO 	Mouse: using default window
1356.1060 	DATA 	Keypress: space
1356.1522 	EXP 	window1: units = 'pix'
1359.5557 	DATA 	Keypress: f
1359.7792 	DATA 	Keypress: j
1360.0992 	DATA 	Keypress: f
1360.3070 	DATA 	Keypress: j
1362.4676 	DATA 	Keypress: space
1362.4680 	INFO 	Mouse: using default window
1363.2731 	DATA 	Keypress: space
1363.3154 	EXP 	window1: units = 'pix'
1365.1079 	DATA 	Keypress: j
1365.4673 	DATA 	Keypress: j
1367.6357 	DATA 	Keypress: space
1367.6361 	INFO 	Mouse: using default window
1368.4122 	DATA 	Keypress: space
1368.4507 	EXP 	window1: units = 'pix'
1373.9319 	DATA 	Keypress: f
1374.1552 	DATA 	Keypress: j
1374.5229 	DATA 	Keypress: j
1376.4676 	DATA 	Keypress: space
1376.4680 	INFO 	Mouse: using default window
1377.2304 	DATA 	Keypress: space
1377.7776 	DATA 	Keypress: space
1377.8342 	EXP 	window1: units = 'pix'
1380.7318 	DATA 	Keypress: f
1380.9953 	DATA 	Keypress: j
1381.3232 	DATA 	Keypress: j
1383.3716 	DATA 	Keypress: space
1383.3721 	INFO 	Mouse: using default window
1384.1373 	DATA 	Keypress: space
1384.1819 	EXP 	window1: units = 'pix'
1388.1958 	DATA 	Keypress: j
1388.6114 	DATA 	Keypress: j
1390.5956 	DATA 	Keypress: space
1390.5961 	INFO 	Mouse: using default window
1391.3388 	DATA 	Keypress: space
1391.3818 	EXP 	window1: units = 'pix'
1395.6997 	DATA 	Keypress: j
1396.0674 	DATA 	Keypress: j
1398.1716 	DATA 	Keypress: space
1398.1722 	INFO 	Mouse: using default window
1398.9778 	DATA 	Keypress: space
1399.0151 	EXP 	window1: units = 'pix'
1403.8518 	DATA 	Keypress: f
1404.1713 	DATA 	Keypress: j
1404.5392 	DATA 	Keypress: f
1404.6590 	DATA 	Keypress: j
1406.6596 	DATA 	Keypress: space
1406.6601 	INFO 	Mouse: using default window
1407.4404 	DATA 	Keypress: space
1407.4822 	EXP 	window1: units = 'pix'
1409.6597 	DATA 	Keypress: j
1410.0193 	DATA 	Keypress: f
1410.1552 	DATA 	Keypress: j
1412.3636 	DATA 	Keypress: space
1412.3641 	INFO 	Mouse: using default window
1413.1178 	DATA 	Keypress: space
1413.1505 	EXP 	window1: units = 'pix'
1415.0038 	DATA 	Keypress: f
1415.4113 	DATA 	Keypress: j
1415.8353 	DATA 	Keypress: j
1417.8276 	DATA 	Keypress: space
1417.8281 	INFO 	Mouse: using default window
1418.5947 	DATA 	Keypress: space
1418.6490 	EXP 	window1: units = 'pix'
1420.5158 	DATA 	Keypress: f
1422.6357 	DATA 	Keypress: f
1423.6515 	DATA 	Keypress: j
1424.0355 	DATA 	Keypress: f
1424.1871 	DATA 	Keypress: j
1426.2916 	DATA 	Keypress: space
1426.2921 	INFO 	Mouse: using default window
1427.1084 	DATA 	Keypress: space
1427.1488 	EXP 	window1: units = 'pix'
1430.6757 	DATA 	Keypress: j
1431.1075 	DATA 	Keypress: j
1433.2036 	DATA 	Keypress: space
1433.2040 	INFO 	Mouse: using default window
1434.0315 	DATA 	Keypress: space
1434.0642 	EXP 	window1: units = 'pix'
1435.5719 	DATA 	Keypress: j
1435.9874 	DATA 	Keypress: f
1436.2901 	DATA 	Keypress: j
1438.4037 	DATA 	Keypress: space
1438.4041 	INFO 	Mouse: using default window
1439.1576 	DATA 	Keypress: space
1439.1985 	EXP 	window1: units = 'pix'
1442.2919 	DATA 	Keypress: f
1442.5873 	DATA 	Keypress: j
1442.9953 	DATA 	Keypress: j
1445.0998 	DATA 	Keypress: space
1445.1002 	INFO 	Mouse: using default window
1445.8933 	DATA 	Keypress: space
1445.9318 	EXP 	window1: units = 'pix'
1448.0438 	DATA 	Keypress: f
1448.8594 	DATA 	Keypress: j
1449.2833 	DATA 	Keypress: j
1451.3317 	DATA 	Keypress: space
1451.3322 	INFO 	Mouse: using default window
1452.1373 	DATA 	Keypress: space
1452.1819 	EXP 	window1: units = 'pix'
1457.9479 	DATA 	Keypress: f
1458.4354 	DATA 	Keypress: j
1458.7873 	DATA 	Keypress: j
1460.7879 	DATA 	Keypress: space
1460.7883 	INFO 	Mouse: using default window
1461.4623 	DATA 	Keypress: space
1461.8988 	DATA 	Keypress: space
1461.9484 	EXP 	window1: units = 'pix'
1463.7558 	DATA 	Keypress: f
1464.0113 	DATA 	Keypress: j
1464.4113 	DATA 	Keypress: j
1466.4757 	DATA 	Keypress: space
1466.4761 	INFO 	Mouse: using default window
1467.3190 	DATA 	Keypress: space
1467.3679 	EXP 	window1: units = 'pix'
1470.3399 	DATA 	Keypress: f
1471.5876 	DATA 	Keypress: f
1472.9717 	DATA 	Keypress: j
1473.4513 	DATA 	Keypress: j
1475.6756 	DATA 	Keypress: space
1475.6761 	INFO 	Mouse: using default window
1476.5324 	DATA 	Keypress: space
1476.5821 	EXP 	window1: units = 'pix'
1477.7238 	DATA 	Keypress: j
1478.0034 	DATA 	Keypress: f
1478.2433 	DATA 	Keypress: j
1480.2918 	DATA 	Keypress: space
1480.2922 	INFO 	Mouse: using default window
1481.0571 	DATA 	Keypress: space
1481.7705 	DATA 	Keypress: space
1481.8173 	EXP 	window1: units = 'pix'
1482.9800 	DATA 	Keypress: j
1483.3956 	DATA 	Keypress: j
1485.5718 	DATA 	Keypress: space
1485.5722 	INFO 	Mouse: using default window
1486.4167 	DATA 	Keypress: space
1486.4649 	EXP 	window1: units = 'pix'
1487.7079 	DATA 	Keypress: j
1488.0756 	DATA 	Keypress: j
1490.2358 	DATA 	Keypress: space
1490.2362 	INFO 	Mouse: using default window
1491.2789 	DATA 	Keypress: space
1491.3164 	EXP 	window1: units = 'pix'
1497.1479 	DATA 	Keypress: j
1497.5235 	DATA 	Keypress: f
1497.6591 	DATA 	Keypress: j
1499.9479 	DATA 	Keypress: space
1499.9483 	INFO 	Mouse: using default window
1500.7133 	DATA 	Keypress: space
1500.7494 	EXP 	window1: units = 'pix'
1507.3470 	DATA 	Keypress: f
1508.4117 	DATA 	Keypress: j
1508.8115 	DATA 	Keypress: j
1510.8678 	DATA 	Keypress: space
1510.8683 	INFO 	Mouse: using default window
1511.5936 	DATA 	Keypress: space
1511.6321 	EXP 	window1: units = 'pix'
1514.3879 	DATA 	Keypress: f
1514.6513 	DATA 	Keypress: j
1515.0196 	DATA 	Keypress: f
1515.3152 	DATA 	Keypress: j
1517.4837 	DATA 	Keypress: space
1517.4842 	INFO 	Mouse: using default window
1518.3106 	DATA 	Keypress: space
1518.3483 	EXP 	window1: units = 'pix'
1525.9799 	DATA 	Keypress: j
1526.3475 	DATA 	Keypress: j
1528.4757 	DATA 	Keypress: space
1528.4762 	INFO 	Mouse: using default window
1529.2532 	DATA 	Keypress: space
1529.2983 	EXP 	window1: units = 'pix'
1532.3719 	DATA 	Keypress: f
1532.8913 	DATA 	Keypress: j
1533.1714 	DATA 	Keypress: f
1533.4274 	DATA 	Keypress: f
1533.7394 	DATA 	Keypress: j
1535.8998 	DATA 	Keypress: space
1535.9002 	INFO 	Mouse: using default window
1536.8398 	DATA 	Keypress: space
1536.8845 	EXP 	window1: units = 'pix'
1540.8740 	DATA 	Keypress: j
1541.7558 	DATA 	Keypress: j
1543.8198 	DATA 	Keypress: space
1543.8202 	INFO 	Mouse: using default window
1544.7096 	DATA 	Keypress: space
1544.7501 	EXP 	window1: units = 'pix'
1546.0118 	DATA 	Keypress: f
1546.5876 	DATA 	Keypress: j
1547.5636 	DATA 	Keypress: f
1547.8193 	DATA 	Keypress: j
1549.9479 	DATA 	Keypress: space
1549.9483 	INFO 	Mouse: using default window
1550.7355 	DATA 	Keypress: space
1550.7824 	EXP 	window1: units = 'pix'
1554.9639 	DATA 	Keypress: j
1555.3315 	DATA 	Keypress: j
1557.4997 	DATA 	Keypress: space
1557.5002 	INFO 	Mouse: using default window
1558.2872 	DATA 	Keypress: space
1558.3316 	EXP 	window1: units = 'pix'
1559.6519 	DATA 	Keypress: f
1560.0194 	DATA 	Keypress: j
1560.4755 	DATA 	Keypress: j
1562.6757 	DATA 	Keypress: space
1562.6762 	INFO 	Mouse: using default window
1563.4055 	DATA 	Keypress: space
1563.4485 	EXP 	window1: units = 'pix'
1564.7959 	DATA 	Keypress: f
1565.9076 	DATA 	Keypress: j
1566.2994 	DATA 	Keypress: j
1568.5399 	DATA 	Keypress: space
1568.5404 	INFO 	Mouse: using default window
1569.3563 	DATA 	Keypress: space
1569.3986 	EXP 	window1: units = 'pix'
1573.0439 	DATA 	Keypress: j
1573.4194 	DATA 	Keypress: j
1575.4597 	DATA 	Keypress: space
1575.4602 	INFO 	Mouse: using default window
1576.2279 	DATA 	Keypress: space
1576.2649 	EXP 	window1: units = 'pix'
1579.3879 	DATA 	Keypress: j
1579.8915 	DATA 	Keypress: j
1582.0038 	DATA 	Keypress: space
1582.0042 	INFO 	Mouse: using default window
1582.6787 	DATA 	Keypress: space
1582.7146 	EXP 	window1: units = 'pix'
1585.7958 	DATA 	Keypress: j
1586.2195 	DATA 	Keypress: f
1586.3552 	DATA 	Keypress: j
1588.3157 	DATA 	Keypress: space
1588.3162 	INFO 	Mouse: using default window
1589.0314 	DATA 	Keypress: space
1589.0643 	EXP 	window1: units = 'pix'
1592.8839 	DATA 	Keypress: f
1594.8837 	DATA 	Keypress: f
1595.1633 	DATA 	Keypress: j
1595.5714 	DATA 	Keypress: f
1595.7712 	DATA 	Keypress: j
1597.8118 	DATA 	Keypress: space
1597.8122 	INFO 	Mouse: using default window
1598.6275 	DATA 	Keypress: space
1598.6658 	EXP 	window1: units = 'pix'
1600.4759 	DATA 	Keypress: f
1602.5237 	DATA 	Keypress: j
1602.8995 	DATA 	Keypress: j
1604.8998 	DATA 	Keypress: space
1604.9002 	INFO 	Mouse: using default window
1605.6878 	DATA 	Keypress: space
1605.7315 	EXP 	window1: units = 'pix'
1607.7000 	DATA 	Keypress: f
1607.8834 	DATA 	Keypress: j
1608.2594 	DATA 	Keypress: j
1610.3558 	DATA 	Keypress: space
1610.3563 	INFO 	Mouse: using default window
1611.1441 	DATA 	Keypress: space
1611.1813 	EXP 	window1: units = 'pix'
1615.7879 	DATA 	Keypress: f
1616.6596 	DATA 	Keypress: f
1617.3477 	DATA 	Keypress: j
1617.7395 	DATA 	Keypress: f
1617.8833 	DATA 	Keypress: j
1620.2911 	DATA 	Keypress: space
1620.2916 	INFO 	Mouse: using default window
1620.9837 	DATA 	Keypress: space
1621.4719 	DATA 	Keypress: space
1621.5354 	EXP 	window1: units = 'pix'
1623.3240 	DATA 	Keypress: j
1623.6839 	DATA 	Keypress: j
1625.7399 	DATA 	Keypress: space
1625.7404 	INFO 	Mouse: using default window
1626.4772 	DATA 	Keypress: space
1626.5145 	EXP 	window1: units = 'pix'
1629.9239 	DATA 	Keypress: f
1630.5796 	DATA 	Keypress: j
1630.9315 	DATA 	Keypress: j
1632.9318 	DATA 	Keypress: space
1632.9323 	INFO 	Mouse: using default window
1633.8727 	DATA 	Keypress: space
1633.9148 	EXP 	window1: units = 'pix'
1637.3961 	DATA 	Keypress: j
1637.8355 	DATA 	Keypress: f
1637.9793 	DATA 	Keypress: j
1640.0200 	DATA 	Keypress: space
1640.0205 	INFO 	Mouse: using default window
1640.8362 	DATA 	Keypress: space
1640.8820 	EXP 	window1: units = 'pix'
1643.8040 	DATA 	Keypress: f
1644.0355 	DATA 	Keypress: j
1644.5477 	DATA 	Keypress: j
1646.6198 	DATA 	Keypress: space
1646.6203 	INFO 	Mouse: using default window
1647.3635 	DATA 	Keypress: space
1647.4511 	EXP 	window1: units = 'pix'
1650.5960 	DATA 	Keypress: f
1650.8996 	DATA 	Keypress: j
1651.2195 	DATA 	Keypress: j
1653.2438 	DATA 	Keypress: space
1653.2443 	INFO 	Mouse: using default window
1654.1759 	DATA 	Keypress: space
1654.2171 	EXP 	window1: units = 'pix'
1656.2680 	DATA 	Keypress: j
1656.6675 	DATA 	Keypress: f
1656.7953 	DATA 	Keypress: j
1658.9798 	DATA 	Keypress: space
1658.9802 	INFO 	Mouse: using default window
1659.8982 	DATA 	Keypress: space
1659.9331 	EXP 	window1: units = 'pix'
1663.6759 	DATA 	Keypress: f
1663.9714 	DATA 	Keypress: j
1664.3634 	DATA 	Keypress: f
1664.5153 	DATA 	Keypress: j
1666.4839 	DATA 	Keypress: space
1666.4843 	INFO 	Mouse: using default window
1667.3988 	DATA 	Keypress: space
1667.4332 	EXP 	window1: units = 'pix'
1669.6280 	DATA 	Keypress: f
1670.5237 	DATA 	Keypress: f
1670.6914 	DATA 	Keypress: j
1671.2918 	DATA 	Keypress: f
1671.3795 	DATA 	Keypress: j
1673.5958 	DATA 	Keypress: space
1673.5963 	INFO 	Mouse: using default window
1674.4014 	DATA 	Keypress: space
1674.4507 	EXP 	window1: units = 'pix'
1677.4601 	DATA 	Keypress: f
1677.8115 	DATA 	Keypress: j
1678.2035 	DATA 	Keypress: j
1680.3720 	DATA 	Keypress: space
1680.3724 	INFO 	Mouse: using default window
1681.1995 	DATA 	Keypress: space
1681.8286 	DATA 	Keypress: space
1681.8834 	EXP 	window1: units = 'pix'
1686.0761 	DATA 	Keypress: j
1686.4117 	DATA 	Keypress: j
1688.5479 	DATA 	Keypress: space
1688.5484 	INFO 	Mouse: using default window
1689.3873 	DATA 	Keypress: space
1689.4339 	EXP 	window1: units = 'pix'
1692.3242 	DATA 	Keypress: j
1692.6995 	DATA 	Keypress: j
1695.0438 	DATA 	Keypress: space
1695.0443 	INFO 	Mouse: using default window
1695.7504 	DATA 	Keypress: space
1695.7979 	EXP 	window1: units = 'pix'
1697.1560 	DATA 	Keypress: j
1697.5876 	DATA 	Keypress: f
1697.7634 	DATA 	Keypress: j
1699.9639 	DATA 	Keypress: space
1730.5161 	DATA 	Keypress: space
1731.4918 	DATA 	Keypress: space
