1.7964 	WARNING 	The 'psychtoolbox' library cannot be loaded but is required for audio capture (use `pip install psychtoolbox` to get it). Microphone recording will be unavailable this session. Note that opening a microphone stream will raise an error.
1.7996 	ERROR 	Support for the `sounddevice` audio backend is not available this session. Please install `psychopy-sounddevice` and restart the session to enable support.
1.7998 	ERROR 	Support for the `pyo` audio backend is not available this session. Please install `psychopy-pyo` and restart the session to enable support.
1.8000 	WARNING 	We strongly recommend you activate the PTB sound engine in PsychoPy prefs as the preferred audio engine. Its timing is vastly superior. Your prefs are currently set to use ['PTB', 'sounddevice', 'pyo', 'pygame'] (in that order).
1.8115 	INFO 	time is 2024-09-11 13:21:39,079654
1.8335 	WARNING 	Monitor specification not found. Creating a temporary one...
1.8364 	WARNING 	User requested fullscreen with size [1350  750], but screen is actually [1920, 1080]. Using actual size
2.9797 	WARNING 	Couldn't measure a consistent frame rate!
  - Is your graphics card set to sync to vertical blank?
  - Are you running other processes on your computer?

2.9802 	EXP 	Created window1 = Window(allowGUI=True, allowStencil=False, autoLog=True, backendConf=UNKNOWN, backgroundFit=<method-wrapper '__getattribute__' of attributeSetter object at 0x16b538100>, backgroundImage=<method-wrapper '__getattribute__' of attributeSetter object at 0x16b5380a0>, bitsMode=UNKNOWN, blendMode='avg', bpc=(8, 8, 8), color=array([0, 0, 0]), colorSpace='rgb', depthBits=8, fullscr=<method-wrapper '__getattribute__' of attributeSetter object at 0x16b60cee0>, gamma=None, gammaErrorPolicy='raise', lms=UNKNOWN, monitor=<psychopy.monitors.calibTools.Monitor object at 0x30978b790>, multiSample=False, name='window1', numSamples=2, pos=[480.0, 270.0], screen=0, size=array([3840, 2160]), stencilBits=0, stereo=False, title='PsychoPy', units='height', useFBO=False, useRetina=True, viewOri=0.0, viewPos=None, viewScale=None, waitBlanking=True, winType='pyglet')
2.9804 	EXP 	window1: mouseVisible = True
2.9804 	EXP 	window1: backgroundImage = None
2.9804 	EXP 	window1: backgroundFit = 'cover'
2.9844 	EXP 	window1: mouseVisible = True
2.9847 	EXP 	window1: mouseVisible = True
2.9860 	EXP 	window1: mouseVisible = True
2.9868 	EXP 	window1: mouseVisible = True
2.9954 	EXP 	window1: mouseVisible = True
2.9957 	EXP 	window1: mouseVisible = True
2.9963 	EXP 	window1: mouseVisible = True
2.9973 	EXP 	window1: mouseVisible = True
3.0174 	EXP 	window1: mouseVisible = True
3.0176 	EXP 	window1: mouseVisible = True
3.0180 	EXP 	window1: mouseVisible = True
3.0183 	EXP 	window1: mouseVisible = True
3.0216 	EXP 	window1: mouseVisible = True
3.0217 	EXP 	window1: mouseVisible = True
3.0220 	EXP 	window1: mouseVisible = True
3.0223 	EXP 	window1: mouseVisible = True
3.0518 	WARNING 	t of last frame was 68.02ms (=1/14)
10.7781 	DATA 	Keypress: space
10.7788 	INFO 	Mouse: using default window
10.7789 	EXP 	window1: mouseVisible = True
10.7790 	EXP 	window1: mouseVisible = True
10.7796 	EXP 	Created unnamed Rect = Rect(__class__=<class 'psychopy.visual.rect.Rect'>, anchor=('center', 'center'), autoDraw=False, autoLog=True, closeShape=True, color=method-wrapper(...), colorSpace='rgb', contrast=None, depth=0, draggable=False, fillColor=array([0.00392157, 0.00392157, 0.00392157]), fillColorSpace='rgb', fillRGB=array([0.00392157, 0.00392157, 0.00392157]), interpolate=True, lineColor=array([0, 0, 0]), lineColorSpace='rgb', lineRGB=array([0, 0, 0]), lineWidth=0, name='unnamed Rect', opacity=0.5, ori=0.0, pos=array([-0.65,  0.45]), size=array([0.1, 0.1]), units='height', vertices=ndarray(...), win=Window(...))
10.7816 	EXP 	window1: mouseVisible = True
10.7839 	EXP 	Created node0 = Circle(__class__=<class 'psychopy.visual.circle.Circle'>, anchor=('center', 'center'), autoDraw=False, autoLog=True, closeShape=True, color=method-wrapper(...), colorSpace='rgb', contrast=None, depth=0, draggable=False, fillColor=array([1, 1, 1]), fillColorSpace='rgb', fillRGB=array([1, 1, 1]), interpolate=True, lineColor=array([-1, -1, -1]), lineColorSpace='rgb', lineRGB=array([-1, -1, -1]), lineWidth=2, name='node0', opacity=1.0, ori=0.0, pos=array([0.  , 0.35]), size=array([1., 1.]), units='height', vertices=ndarray(...), win=Window(...))
10.7849 	EXP 	window1: mouseVisible = True
10.7869 	EXP 	Created node1 = Circle(__class__=<class 'psychopy.visual.circle.Circle'>, anchor=('center', 'center'), autoDraw=False, autoLog=True, closeShape=True, color=method-wrapper(...), colorSpace='rgb', contrast=None, depth=0, draggable=False, fillColor=array([1, 1, 1]), fillColorSpace='rgb', fillRGB=array([1, 1, 1]), interpolate=True, lineColor=array([-1, -1, -1]), lineColorSpace='rgb', lineRGB=array([-1, -1, -1]), lineWidth=2, name='node1', opacity=1.0, ori=0.0, pos=array([-0.18922429,  0.29443874]), size=array([1., 1.]), units='height', vertices=ndarray(...), win=Window(...))
10.7879 	EXP 	window1: mouseVisible = True
10.7898 	EXP 	Created node2 = Circle(__class__=<class 'psychopy.visual.circle.Circle'>, anchor=('center', 'center'), autoDraw=False, autoLog=True, closeShape=True, color=method-wrapper(...), colorSpace='rgb', contrast=None, depth=0, draggable=False, fillColor=array([1, 1, 1]), fillColorSpace='rgb', fillRGB=array([1, 1, 1]), interpolate=True, lineColor=array([-1, -1, -1]), lineColorSpace='rgb', lineRGB=array([-1, -1, -1]), lineWidth=2, name='node2', opacity=1.0, ori=0.0, pos=array([-0.3183712 ,  0.14539525]), size=array([1., 1.]), units='height', vertices=ndarray(...), win=Window(...))
10.7908 	EXP 	window1: mouseVisible = True
10.7926 	EXP 	Created node3 = Circle(__class__=<class 'psychopy.visual.circle.Circle'>, anchor=('center', 'center'), autoDraw=False, autoLog=True, closeShape=True, color=method-wrapper(...), colorSpace='rgb', contrast=None, depth=0, draggable=False, fillColor=array([1, 1, 1]), fillColorSpace='rgb', fillRGB=array([1, 1, 1]), interpolate=True, lineColor=array([-1, -1, -1]), lineColorSpace='rgb', lineRGB=array([-1, -1, -1]), lineWidth=2, name='node3', opacity=1.0, ori=0.0, pos=array([-0.3464375 , -0.04981019]), size=array([1., 1.]), units='height', vertices=ndarray(...), win=Window(...))
10.7937 	EXP 	window1: mouseVisible = True
10.7955 	EXP 	Created node4 = Circle(__class__=<class 'psychopy.visual.circle.Circle'>, anchor=('center', 'center'), autoDraw=False, autoLog=True, closeShape=True, color=method-wrapper(...), colorSpace='rgb', contrast=None, depth=0, draggable=False, fillColor=array([1, 1, 1]), fillColorSpace='rgb', fillRGB=array([1, 1, 1]), interpolate=True, lineColor=array([-1, -1, -1]), lineColorSpace='rgb', lineRGB=array([-1, -1, -1]), lineWidth=2, name='node4', opacity=1.0, ori=0.0, pos=array([-0.26451235, -0.22920126]), size=array([1., 1.]), units='height', vertices=ndarray(...), win=Window(...))
10.7965 	EXP 	window1: mouseVisible = True
10.7984 	EXP 	Created node5 = Circle(__class__=<class 'psychopy.visual.circle.Circle'>, anchor=('center', 'center'), autoDraw=False, autoLog=True, closeShape=True, color=method-wrapper(...), colorSpace='rgb', contrast=None, depth=0, draggable=False, fillColor=array([1, 1, 1]), fillColorSpace='rgb', fillRGB=array([1, 1, 1]), interpolate=True, lineColor=array([-1, -1, -1]), lineColorSpace='rgb', lineRGB=array([-1, -1, -1]), lineWidth=2, name='node5', opacity=1.0, ori=0.0, pos=array([-0.09860639, -0.33582254]), size=array([1., 1.]), units='height', vertices=ndarray(...), win=Window(...))
10.7994 	EXP 	window1: mouseVisible = True
10.8013 	EXP 	Created node6 = Circle(__class__=<class 'psychopy.visual.circle.Circle'>, anchor=('center', 'center'), autoDraw=False, autoLog=True, closeShape=True, color=method-wrapper(...), colorSpace='rgb', contrast=None, depth=0, draggable=False, fillColor=array([1, 1, 1]), fillColorSpace='rgb', fillRGB=array([1, 1, 1]), interpolate=True, lineColor=array([-1, -1, -1]), lineColorSpace='rgb', lineRGB=array([-1, -1, -1]), lineWidth=2, name='node6', opacity=1.0, ori=0.0, pos=array([ 0.09860639, -0.33582254]), size=array([1., 1.]), units='height', vertices=ndarray(...), win=Window(...))
10.8023 	EXP 	window1: mouseVisible = True
10.8041 	EXP 	Created node7 = Circle(__class__=<class 'psychopy.visual.circle.Circle'>, anchor=('center', 'center'), autoDraw=False, autoLog=True, closeShape=True, color=method-wrapper(...), colorSpace='rgb', contrast=None, depth=0, draggable=False, fillColor=array([1, 1, 1]), fillColorSpace='rgb', fillRGB=array([1, 1, 1]), interpolate=True, lineColor=array([-1, -1, -1]), lineColorSpace='rgb', lineRGB=array([-1, -1, -1]), lineWidth=2, name='node7', opacity=1.0, ori=0.0, pos=array([ 0.26451235, -0.22920126]), size=array([1., 1.]), units='height', vertices=ndarray(...), win=Window(...))
10.8052 	EXP 	window1: mouseVisible = True
10.8070 	EXP 	Created node8 = Circle(__class__=<class 'psychopy.visual.circle.Circle'>, anchor=('center', 'center'), autoDraw=False, autoLog=True, closeShape=True, color=method-wrapper(...), colorSpace='rgb', contrast=None, depth=0, draggable=False, fillColor=array([1, 1, 1]), fillColorSpace='rgb', fillRGB=array([1, 1, 1]), interpolate=True, lineColor=array([-1, -1, -1]), lineColorSpace='rgb', lineRGB=array([-1, -1, -1]), lineWidth=2, name='node8', opacity=1.0, ori=0.0, pos=array([ 0.3464375 , -0.04981019]), size=array([1., 1.]), units='height', vertices=ndarray(...), win=Window(...))
10.8080 	EXP 	window1: mouseVisible = True
10.8099 	EXP 	Created node9 = Circle(__class__=<class 'psychopy.visual.circle.Circle'>, anchor=('center', 'center'), autoDraw=False, autoLog=True, closeShape=True, color=method-wrapper(...), colorSpace='rgb', contrast=None, depth=0, draggable=False, fillColor=array([1, 1, 1]), fillColorSpace='rgb', fillRGB=array([1, 1, 1]), interpolate=True, lineColor=array([-1, -1, -1]), lineColorSpace='rgb', lineRGB=array([-1, -1, -1]), lineWidth=2, name='node9', opacity=1.0, ori=0.0, pos=array([0.3183712 , 0.14539525]), size=array([1., 1.]), units='height', vertices=ndarray(...), win=Window(...))
10.8109 	EXP 	window1: mouseVisible = True
10.8127 	EXP 	Created node10 = Circle(__class__=<class 'psychopy.visual.circle.Circle'>, anchor=('center', 'center'), autoDraw=False, autoLog=True, closeShape=True, color=method-wrapper(...), colorSpace='rgb', contrast=None, depth=0, draggable=False, fillColor=array([1, 1, 1]), fillColorSpace='rgb', fillRGB=array([1, 1, 1]), interpolate=True, lineColor=array([-1, -1, -1]), lineColorSpace='rgb', lineRGB=array([-1, -1, -1]), lineWidth=2, name='node10', opacity=1.0, ori=0.0, pos=array([0.18922429, 0.29443874]), size=array([1., 1.]), units='height', vertices=ndarray(...), win=Window(...))
10.8128 	EXP 	window1: mouseVisible = True
10.8133 	EXP 	Created unnamed Line = Line(__class__=<class 'psychopy.visual.line.Line'>, anchor=('center', 'center'), autoDraw=False, autoLog=True, closeShape=False, color=array([-1, -1, -1]), colorSpace='rgb', contrast=None, depth=2, draggable=False, fillColor=array([0, 0, 0]), fillColorSpace='rgb', fillRGB=array([0, 0, 0]), interpolate=True, lineColor=array([-1, -1, -1]), lineColorSpace='rgb', lineRGB=array([-1, -1, -1]), lineWidth=4, name='unnamed Line', opacity=0.5, ori=0.0, pos=array([0., 0.]), size=array([1., 1.]), units='height', vertices=ndarray(...), win=Window(...), windingRule=None)
10.8134 	EXP 	window1: mouseVisible = True
10.8138 	EXP 	Created unnamed ShapeStim = ShapeStim(__class__=<class 'psychopy.visual.shape.ShapeStim'>, anchor=('center', 'center'), autoDraw=False, autoLog=True, closeShape=True, color=method-wrapper(...), colorSpace='rgb', contrast=None, depth=0, draggable=False, fillColor=array([-1, -1, -1]), fillColorSpace='rgb', fillRGB=array([-1, -1, -1]), interpolate=True, lineColor=array([-1, -1, -1]), lineColorSpace='rgb', lineRGB=array([-1, -1, -1]), lineWidth=1.5, name='unnamed ShapeStim', opacity=1.0, ori=253.63636363636365, pos=array([-0.14124964,  0.30852536]), size=array([1., 1.]), units='height', vertices=ndarray(...), win=Window(...), windingRule=None)
10.8138 	EXP 	window1: mouseVisible = True
10.8142 	EXP 	Created unnamed Line = Line(__class__=<class 'psychopy.visual.line.Line'>, anchor=('center', 'center'), autoDraw=False, autoLog=True, closeShape=False, color=array([-1, -1, -1]), colorSpace='rgb', contrast=None, depth=2, draggable=False, fillColor=array([0, 0, 0]), fillColorSpace='rgb', fillRGB=array([0, 0, 0]), interpolate=True, lineColor=array([-1, -1, -1]), lineColorSpace='rgb', lineRGB=array([-1, -1, -1]), lineWidth=4, name='unnamed Line', opacity=0.5, ori=0.0, pos=array([0., 0.]), size=array([1., 1.]), units='height', vertices=ndarray(...), win=Window(...), windingRule=None)
10.8143 	EXP 	window1: mouseVisible = True
10.8147 	EXP 	Created unnamed ShapeStim = ShapeStim(__class__=<class 'psychopy.visual.shape.ShapeStim'>, anchor=('center', 'center'), autoDraw=False, autoLog=True, closeShape=True, color=method-wrapper(...), colorSpace='rgb', contrast=None, depth=0, draggable=False, fillColor=array([-1, -1, -1]), fillColorSpace='rgb', fillRGB=array([-1, -1, -1]), interpolate=True, lineColor=array([-1, -1, -1]), lineColorSpace='rgb', lineRGB=array([-1, -1, -1]), lineWidth=1.5, name='unnamed ShapeStim', opacity=1.0, ori=220.9090909090909, pos=array([-0.31369447, -0.01202271]), size=array([1., 1.]), units='height', vertices=ndarray(...), win=Window(...), windingRule=None)
10.8148 	EXP 	window1: mouseVisible = True
10.8152 	EXP 	Created unnamed Line = Line(__class__=<class 'psychopy.visual.line.Line'>, anchor=('center', 'center'), autoDraw=False, autoLog=True, closeShape=False, color=array([-1, -1, -1]), colorSpace='rgb', contrast=None, depth=2, draggable=False, fillColor=array([0, 0, 0]), fillColorSpace='rgb', fillRGB=array([0, 0, 0]), interpolate=True, lineColor=array([-1, -1, -1]), lineColorSpace='rgb', lineRGB=array([-1, -1, -1]), lineWidth=4, name='unnamed Line', opacity=0.5, ori=0.0, pos=array([0., 0.]), size=array([1., 1.]), units='height', vertices=ndarray(...), win=Window(...), windingRule=None)
10.8152 	EXP 	window1: mouseVisible = True
10.8156 	EXP 	Created unnamed ShapeStim = ShapeStim(__class__=<class 'psychopy.visual.shape.ShapeStim'>, anchor=('center', 'center'), autoDraw=False, autoLog=True, closeShape=True, color=method-wrapper(...), colorSpace='rgb', contrast=None, depth=0, draggable=False, fillColor=array([-1, -1, -1]), fillColorSpace='rgb', fillRGB=array([-1, -1, -1]), interpolate=True, lineColor=array([-1, -1, -1]), lineColorSpace='rgb', lineRGB=array([-1, -1, -1]), lineWidth=1.5, name='unnamed ShapeStim', opacity=1.0, ori=220.9090909090909, pos=array([-0.28562816,  0.18318273]), size=array([1., 1.]), units='height', vertices=ndarray(...), win=Window(...), windingRule=None)
10.8156 	EXP 	window1: mouseVisible = True
10.8160 	EXP 	Created unnamed Line = Line(__class__=<class 'psychopy.visual.line.Line'>, anchor=('center', 'center'), autoDraw=False, autoLog=True, closeShape=False, color=array([-1, -1, -1]), colorSpace='rgb', contrast=None, depth=2, draggable=False, fillColor=array([0, 0, 0]), fillColorSpace='rgb', fillRGB=array([0, 0, 0]), interpolate=True, lineColor=array([-1, -1, -1]), lineColorSpace='rgb', lineRGB=array([-1, -1, -1]), lineWidth=4, name='unnamed Line', opacity=0.5, ori=0.0, pos=array([0., 0.]), size=array([1., 1.]), units='height', vertices=ndarray(...), win=Window(...), windingRule=None)
10.8160 	EXP 	window1: mouseVisible = True
10.8164 	EXP 	Created unnamed ShapeStim = ShapeStim(__class__=<class 'psychopy.visual.shape.ShapeStim'>, anchor=('center', 'center'), autoDraw=False, autoLog=True, closeShape=True, color=method-wrapper(...), colorSpace='rgb', contrast=None, depth=0, draggable=False, fillColor=array([-1, -1, -1]), fillColorSpace='rgb', fillRGB=array([-1, -1, -1]), interpolate=True, lineColor=array([-1, -1, -1]), lineColorSpace='rgb', lineRGB=array([-1, -1, -1]), lineWidth=1.5, name='unnamed ShapeStim', opacity=1.0, ori=188.1818181818182, pos=array([-0.25739661, -0.17971018]), size=array([1., 1.]), units='height', vertices=ndarray(...), win=Window(...), windingRule=None)
10.8164 	EXP 	window1: mouseVisible = True
10.8169 	EXP 	Created unnamed Line = Line(__class__=<class 'psychopy.visual.line.Line'>, anchor=('center', 'center'), autoDraw=False, autoLog=True, closeShape=False, color=array([-1, -1, -1]), colorSpace='rgb', contrast=None, depth=2, draggable=False, fillColor=array([0, 0, 0]), fillColorSpace='rgb', fillRGB=array([0, 0, 0]), interpolate=True, lineColor=array([-1, -1, -1]), lineColorSpace='rgb', lineRGB=array([-1, -1, -1]), lineWidth=4, name='unnamed Line', opacity=0.5, ori=0.0, pos=array([0., 0.]), size=array([1., 1.]), units='height', vertices=ndarray(...), win=Window(...), windingRule=None)
10.8169 	EXP 	window1: mouseVisible = True
10.8173 	EXP 	Created unnamed ShapeStim = ShapeStim(__class__=<class 'psychopy.visual.shape.ShapeStim'>, anchor=('center', 'center'), autoDraw=False, autoLog=True, closeShape=True, color=method-wrapper(...), colorSpace='rgb', contrast=None, depth=0, draggable=False, fillColor=array([-1, -1, -1]), fillColorSpace='rgb', fillRGB=array([-1, -1, -1]), interpolate=True, lineColor=array([-1, -1, -1]), lineColorSpace='rgb', lineRGB=array([-1, -1, -1]), lineWidth=1.5, name='unnamed ShapeStim', opacity=1.0, ori=188.1818181818182, pos=array([-3.39321763e-01, -3.19121302e-04]), size=array([1., 1.]), units='height', vertices=ndarray(...), win=Window(...), windingRule=None)
10.8173 	EXP 	window1: mouseVisible = True
10.8177 	EXP 	Created unnamed Line = Line(__class__=<class 'psychopy.visual.line.Line'>, anchor=('center', 'center'), autoDraw=False, autoLog=True, closeShape=False, color=array([-1, -1, -1]), colorSpace='rgb', contrast=None, depth=2, draggable=False, fillColor=array([0, 0, 0]), fillColorSpace='rgb', fillRGB=array([0, 0, 0]), interpolate=True, lineColor=array([-1, -1, -1]), lineColorSpace='rgb', lineRGB=array([-1, -1, -1]), lineWidth=4, name='unnamed Line', opacity=0.5, ori=0.0, pos=array([0., 0.]), size=array([1., 1.]), units='height', vertices=ndarray(...), win=Window(...), windingRule=None)
10.8177 	EXP 	window1: mouseVisible = True
10.8181 	EXP 	Created unnamed ShapeStim = ShapeStim(__class__=<class 'psychopy.visual.shape.ShapeStim'>, anchor=('center', 'center'), autoDraw=False, autoLog=True, closeShape=True, color=method-wrapper(...), colorSpace='rgb', contrast=None, depth=0, draggable=False, fillColor=array([-1, -1, -1]), fillColorSpace='rgb', fillRGB=array([-1, -1, -1]), interpolate=True, lineColor=array([-1, -1, -1]), lineColorSpace='rgb', lineRGB=array([-1, -1, -1]), lineWidth=1.5, name='unnamed ShapeStim', opacity=1.0, ori=155.45454545454544, pos=array([-0.11937715, -0.29034094]), size=array([1., 1.]), units='height', vertices=ndarray(...), win=Window(...), windingRule=None)
10.8182 	EXP 	window1: mouseVisible = True
10.8185 	EXP 	Created unnamed Line = Line(__class__=<class 'psychopy.visual.line.Line'>, anchor=('center', 'center'), autoDraw=False, autoLog=True, closeShape=False, color=array([-1, -1, -1]), colorSpace='rgb', contrast=None, depth=2, draggable=False, fillColor=array([0, 0, 0]), fillColorSpace='rgb', fillRGB=array([0, 0, 0]), interpolate=True, lineColor=array([-1, -1, -1]), lineColorSpace='rgb', lineRGB=array([-1, -1, -1]), lineWidth=4, name='unnamed Line', opacity=0.5, ori=0.0, pos=array([0., 0.]), size=array([1., 1.]), units='height', vertices=ndarray(...), win=Window(...), windingRule=None)
10.8186 	EXP 	window1: mouseVisible = True
10.8189 	EXP 	Created unnamed ShapeStim = ShapeStim(__class__=<class 'psychopy.visual.shape.ShapeStim'>, anchor=('center', 'center'), autoDraw=False, autoLog=True, closeShape=True, color=method-wrapper(...), colorSpace='rgb', contrast=None, depth=0, draggable=False, fillColor=array([-1, -1, -1]), fillColorSpace='rgb', fillRGB=array([-1, -1, -1]), interpolate=True, lineColor=array([-1, -1, -1]), lineColorSpace='rgb', lineRGB=array([-1, -1, -1]), lineWidth=1.5, name='unnamed ShapeStim', opacity=1.0, ori=155.45454545454544, pos=array([-0.2852831 , -0.18371966]), size=array([1., 1.]), units='height', vertices=ndarray(...), win=Window(...), windingRule=None)
10.8190 	EXP 	window1: mouseVisible = True
10.8193 	EXP 	Created unnamed Line = Line(__class__=<class 'psychopy.visual.line.Line'>, anchor=('center', 'center'), autoDraw=False, autoLog=True, closeShape=False, color=array([-1, -1, -1]), colorSpace='rgb', contrast=None, depth=2, draggable=False, fillColor=array([0, 0, 0]), fillColorSpace='rgb', fillRGB=array([0, 0, 0]), interpolate=True, lineColor=array([-1, -1, -1]), lineColorSpace='rgb', lineRGB=array([-1, -1, -1]), lineWidth=4, name='unnamed Line', opacity=0.5, ori=0.0, pos=array([0., 0.]), size=array([1., 1.]), units='height', vertices=ndarray(...), win=Window(...), windingRule=None)
10.8194 	EXP 	window1: mouseVisible = True
10.8197 	EXP 	Created unnamed ShapeStim = ShapeStim(__class__=<class 'psychopy.visual.shape.ShapeStim'>, anchor=('center', 'center'), autoDraw=False, autoLog=True, closeShape=True, color=method-wrapper(...), colorSpace='rgb', contrast=None, depth=0, draggable=False, fillColor=array([-1, -1, -1]), fillColorSpace='rgb', fillRGB=array([-1, -1, -1]), interpolate=True, lineColor=array([-1, -1, -1]), lineColorSpace='rgb', lineRGB=array([-1, -1, -1]), lineWidth=1.5, name='unnamed ShapeStim', opacity=1.0, ori=122.72727272727275, pos=array([ 0.05654372, -0.3087905 ]), size=array([1., 1.]), units='height', vertices=ndarray(...), win=Window(...), windingRule=None)
10.8198 	EXP 	window1: mouseVisible = True
10.8201 	EXP 	Created unnamed Line = Line(__class__=<class 'psychopy.visual.line.Line'>, anchor=('center', 'center'), autoDraw=False, autoLog=True, closeShape=False, color=array([-1, -1, -1]), colorSpace='rgb', contrast=None, depth=2, draggable=False, fillColor=array([0, 0, 0]), fillColorSpace='rgb', fillRGB=array([0, 0, 0]), interpolate=True, lineColor=array([-1, -1, -1]), lineColorSpace='rgb', lineRGB=array([-1, -1, -1]), lineWidth=4, name='unnamed Line', opacity=0.5, ori=0.0, pos=array([0., 0.]), size=array([1., 1.]), units='height', vertices=ndarray(...), win=Window(...), windingRule=None)
10.8202 	EXP 	window1: mouseVisible = True
10.8206 	EXP 	Created unnamed ShapeStim = ShapeStim(__class__=<class 'psychopy.visual.shape.ShapeStim'>, anchor=('center', 'center'), autoDraw=False, autoLog=True, closeShape=True, color=method-wrapper(...), colorSpace='rgb', contrast=None, depth=0, draggable=False, fillColor=array([-1, -1, -1]), fillColorSpace='rgb', fillRGB=array([-1, -1, -1]), interpolate=True, lineColor=array([-1, -1, -1]), lineColorSpace='rgb', lineRGB=array([-1, -1, -1]), lineWidth=1.5, name='unnamed ShapeStim', opacity=1.0, ori=122.72727272727273, pos=array([-0.14066907, -0.3087905 ]), size=array([1., 1.]), units='height', vertices=ndarray(...), win=Window(...), windingRule=None)
10.8206 	EXP 	window1: mouseVisible = True
10.8210 	EXP 	Created unnamed Line = Line(__class__=<class 'psychopy.visual.line.Line'>, anchor=('center', 'center'), autoDraw=False, autoLog=True, closeShape=False, color=array([-1, -1, -1]), colorSpace='rgb', contrast=None, depth=2, draggable=False, fillColor=array([0, 0, 0]), fillColorSpace='rgb', fillRGB=array([0, 0, 0]), interpolate=True, lineColor=array([-1, -1, -1]), lineColorSpace='rgb', lineRGB=array([-1, -1, -1]), lineWidth=4, name='unnamed Line', opacity=0.5, ori=0.0, pos=array([0., 0.]), size=array([1., 1.]), units='height', vertices=ndarray(...), win=Window(...), windingRule=None)
10.8211 	EXP 	window1: mouseVisible = True
10.8215 	EXP 	Created unnamed ShapeStim = ShapeStim(__class__=<class 'psychopy.visual.shape.ShapeStim'>, anchor=('center', 'center'), autoDraw=False, autoLog=True, closeShape=True, color=method-wrapper(...), colorSpace='rgb', contrast=None, depth=0, draggable=False, fillColor=array([-1, -1, -1]), fillColorSpace='rgb', fillRGB=array([-1, -1, -1]), interpolate=True, lineColor=array([-1, -1, -1]), lineColorSpace='rgb', lineRGB=array([-1, -1, -1]), lineWidth=1.5, name='unnamed ShapeStim', opacity=1.0, ori=90.00000000000003, pos=array([ 0.21451235, -0.22920126]), size=array([1., 1.]), units='height', vertices=ndarray(...), win=Window(...), windingRule=None)
10.8215 	EXP 	window1: mouseVisible = True
10.8219 	EXP 	Created unnamed Line = Line(__class__=<class 'psychopy.visual.line.Line'>, anchor=('center', 'center'), autoDraw=False, autoLog=True, closeShape=False, color=array([-1, -1, -1]), colorSpace='rgb', contrast=None, depth=2, draggable=False, fillColor=array([0, 0, 0]), fillColorSpace='rgb', fillRGB=array([0, 0, 0]), interpolate=True, lineColor=array([-1, -1, -1]), lineColorSpace='rgb', lineRGB=array([-1, -1, -1]), lineWidth=4, name='unnamed Line', opacity=0.5, ori=0.0, pos=array([0., 0.]), size=array([1., 1.]), units='height', vertices=ndarray(...), win=Window(...), windingRule=None)
10.8219 	EXP 	window1: mouseVisible = True
10.8223 	EXP 	Created unnamed ShapeStim = ShapeStim(__class__=<class 'psychopy.visual.shape.ShapeStim'>, anchor=('center', 'center'), autoDraw=False, autoLog=True, closeShape=True, color=method-wrapper(...), colorSpace='rgb', contrast=None, depth=0, draggable=False, fillColor=array([-1, -1, -1]), fillColorSpace='rgb', fillRGB=array([-1, -1, -1]), interpolate=True, lineColor=array([-1, -1, -1]), lineColorSpace='rgb', lineRGB=array([-1, -1, -1]), lineWidth=1.5, name='unnamed ShapeStim', opacity=1.0, ori=90.00000000000001, pos=array([ 0.04860639, -0.33582254]), size=array([1., 1.]), units='height', vertices=ndarray(...), win=Window(...), windingRule=None)
10.8223 	EXP 	window1: mouseVisible = True
10.8227 	EXP 	Created unnamed Line = Line(__class__=<class 'psychopy.visual.line.Line'>, anchor=('center', 'center'), autoDraw=False, autoLog=True, closeShape=False, color=array([-1, -1, -1]), colorSpace='rgb', contrast=None, depth=2, draggable=False, fillColor=array([0, 0, 0]), fillColorSpace='rgb', fillRGB=array([0, 0, 0]), interpolate=True, lineColor=array([-1, -1, -1]), lineColorSpace='rgb', lineRGB=array([-1, -1, -1]), lineWidth=4, name='unnamed Line', opacity=0.5, ori=0.0, pos=array([0., 0.]), size=array([1., 1.]), units='height', vertices=ndarray(...), win=Window(...), windingRule=None)
10.8227 	EXP 	window1: mouseVisible = True
10.8231 	EXP 	Created unnamed ShapeStim = ShapeStim(__class__=<class 'psychopy.visual.shape.ShapeStim'>, anchor=('center', 'center'), autoDraw=False, autoLog=True, closeShape=True, color=method-wrapper(...), colorSpace='rgb', contrast=None, depth=0, draggable=False, fillColor=array([-1, -1, -1]), fillColorSpace='rgb', fillRGB=array([-1, -1, -1]), interpolate=True, lineColor=array([-1, -1, -1]), lineColorSpace='rgb', lineRGB=array([-1, -1, -1]), lineWidth=1.5, name='unnamed ShapeStim', opacity=1.0, ori=57.27272727272728, pos=array([ 0.30437483, -0.07684223]), size=array([1., 1.]), units='height', vertices=ndarray(...), win=Window(...), windingRule=None)
10.8231 	EXP 	window1: mouseVisible = True
10.8235 	EXP 	Created unnamed Line = Line(__class__=<class 'psychopy.visual.line.Line'>, anchor=('center', 'center'), autoDraw=False, autoLog=True, closeShape=False, color=array([-1, -1, -1]), colorSpace='rgb', contrast=None, depth=2, draggable=False, fillColor=array([0, 0, 0]), fillColorSpace='rgb', fillRGB=array([0, 0, 0]), interpolate=True, lineColor=array([-1, -1, -1]), lineColorSpace='rgb', lineRGB=array([-1, -1, -1]), lineWidth=4, name='unnamed Line', opacity=0.5, ori=0.0, pos=array([0., 0.]), size=array([1., 1.]), units='height', vertices=ndarray(...), win=Window(...), windingRule=None)
10.8235 	EXP 	window1: mouseVisible = True
10.8239 	EXP 	Created unnamed ShapeStim = ShapeStim(__class__=<class 'psychopy.visual.shape.ShapeStim'>, anchor=('center', 'center'), autoDraw=False, autoLog=True, closeShape=True, color=method-wrapper(...), colorSpace='rgb', contrast=None, depth=0, draggable=False, fillColor=array([-1, -1, -1]), fillColorSpace='rgb', fillRGB=array([-1, -1, -1]), interpolate=True, lineColor=array([-1, -1, -1]), lineColorSpace='rgb', lineRGB=array([-1, -1, -1]), lineWidth=1.5, name='unnamed ShapeStim', opacity=1.0, ori=57.2727272727273, pos=array([ 0.22244967, -0.2562333 ]), size=array([1., 1.]), units='height', vertices=ndarray(...), win=Window(...), windingRule=None)
10.8239 	EXP 	window1: mouseVisible = True
10.8243 	EXP 	Created unnamed Line = Line(__class__=<class 'psychopy.visual.line.Line'>, anchor=('center', 'center'), autoDraw=False, autoLog=True, closeShape=False, color=array([-1, -1, -1]), colorSpace='rgb', contrast=None, depth=2, draggable=False, fillColor=array([0, 0, 0]), fillColorSpace='rgb', fillRGB=array([0, 0, 0]), interpolate=True, lineColor=array([-1, -1, -1]), lineColorSpace='rgb', lineRGB=array([-1, -1, -1]), lineWidth=4, name='unnamed Line', opacity=0.5, ori=0.0, pos=array([0., 0.]), size=array([1., 1.]), units='height', vertices=ndarray(...), win=Window(...), windingRule=None)
10.8243 	EXP 	window1: mouseVisible = True
10.8247 	EXP 	Created unnamed ShapeStim = ShapeStim(__class__=<class 'psychopy.visual.shape.ShapeStim'>, anchor=('center', 'center'), autoDraw=False, autoLog=True, closeShape=True, color=method-wrapper(...), colorSpace='rgb', contrast=None, depth=0, draggable=False, fillColor=array([-1, -1, -1]), fillColorSpace='rgb', fillRGB=array([-1, -1, -1]), interpolate=True, lineColor=array([-1, -1, -1]), lineColorSpace='rgb', lineRGB=array([-1, -1, -1]), lineWidth=1.5, name='unnamed ShapeStim', opacity=1.0, ori=24.545454545454575, pos=array([0.29760045, 0.09991365]), size=array([1., 1.]), units='height', vertices=ndarray(...), win=Window(...), windingRule=None)
10.8248 	EXP 	window1: mouseVisible = True
10.8251 	EXP 	Created unnamed Line = Line(__class__=<class 'psychopy.visual.line.Line'>, anchor=('center', 'center'), autoDraw=False, autoLog=True, closeShape=False, color=array([-1, -1, -1]), colorSpace='rgb', contrast=None, depth=2, draggable=False, fillColor=array([0, 0, 0]), fillColorSpace='rgb', fillRGB=array([0, 0, 0]), interpolate=True, lineColor=array([-1, -1, -1]), lineColorSpace='rgb', lineRGB=array([-1, -1, -1]), lineWidth=4, name='unnamed Line', opacity=0.5, ori=0.0, pos=array([0., 0.]), size=array([1., 1.]), units='height', vertices=ndarray(...), win=Window(...), windingRule=None)
10.8252 	EXP 	window1: mouseVisible = True
10.8256 	EXP 	Created unnamed ShapeStim = ShapeStim(__class__=<class 'psychopy.visual.shape.ShapeStim'>, anchor=('center', 'center'), autoDraw=False, autoLog=True, closeShape=True, color=method-wrapper(...), colorSpace='rgb', contrast=None, depth=0, draggable=False, fillColor=array([-1, -1, -1]), fillColorSpace='rgb', fillRGB=array([-1, -1, -1]), interpolate=True, lineColor=array([-1, -1, -1]), lineColorSpace='rgb', lineRGB=array([-1, -1, -1]), lineWidth=1.5, name='unnamed ShapeStim', opacity=1.0, ori=24.54545454545459, pos=array([ 0.32566675, -0.09529179]), size=array([1., 1.]), units='height', vertices=ndarray(...), win=Window(...), windingRule=None)
10.8256 	EXP 	window1: mouseVisible = True
10.8260 	EXP 	Created unnamed Line = Line(__class__=<class 'psychopy.visual.line.Line'>, anchor=('center', 'center'), autoDraw=False, autoLog=True, closeShape=False, color=array([-1, -1, -1]), colorSpace='rgb', contrast=None, depth=2, draggable=False, fillColor=array([0, 0, 0]), fillColorSpace='rgb', fillRGB=array([0, 0, 0]), interpolate=True, lineColor=array([-1, -1, -1]), lineColorSpace='rgb', lineRGB=array([-1, -1, -1]), lineWidth=4, name='unnamed Line', opacity=0.5, ori=0.0, pos=array([0., 0.]), size=array([1., 1.]), units='height', vertices=ndarray(...), win=Window(...), windingRule=None)
10.8260 	EXP 	window1: mouseVisible = True
10.8264 	EXP 	Created unnamed ShapeStim = ShapeStim(__class__=<class 'psychopy.visual.shape.ShapeStim'>, anchor=('center', 'center'), autoDraw=False, autoLog=True, closeShape=True, color=method-wrapper(...), colorSpace='rgb', contrast=None, depth=0, draggable=False, fillColor=array([-1, -1, -1]), fillColorSpace='rgb', fillRGB=array([-1, -1, -1]), interpolate=True, lineColor=array([-1, -1, -1]), lineColorSpace='rgb', lineRGB=array([-1, -1, -1]), lineWidth=1.5, name='unnamed ShapeStim', opacity=1.0, ori=-8.181818181818159, pos=array([0.19634003, 0.24494766]), size=array([1., 1.]), units='height', vertices=ndarray(...), win=Window(...), windingRule=None)
10.8264 	EXP 	window1: mouseVisible = True
10.8268 	EXP 	Created unnamed Rect = Rect(__class__=<class 'psychopy.visual.rect.Rect'>, anchor=('center', 'center'), autoDraw=False, autoLog=True, closeShape=True, color=method-wrapper(...), colorSpace='rgb', contrast=None, depth=0, draggable=False, fillColor=array([0.00392157, 0.00392157, 0.00392157]), fillColorSpace='rgb', fillRGB=array([0.00392157, 0.00392157, 0.00392157]), interpolate=True, lineColor=array([0, 0, 0]), lineColorSpace='rgb', lineRGB=array([0, 0, 0]), lineWidth=0, name='unnamed Rect', opacity=0.0, ori=0.0, pos=array([0.1, 0. ]), size=array([1.1, 1. ]), units='height', vertices=ndarray(...), win=Window(...))
10.8485 	WARNING 	t of last frame was 7796.65ms (=1/0)
10.8485 	EXP 	unnamed Rect: autoDraw = True
10.8485 	EXP 	node0: autoDraw = True
10.8485 	EXP 	node1: autoDraw = True
10.8485 	EXP 	node2: autoDraw = True
10.8485 	EXP 	node3: autoDraw = True
10.8485 	EXP 	node4: autoDraw = True
10.8485 	EXP 	node5: autoDraw = True
10.8485 	EXP 	node6: autoDraw = True
10.8485 	EXP 	node7: autoDraw = True
10.8485 	EXP 	node8: autoDraw = True
10.8485 	EXP 	node9: autoDraw = True
10.8485 	EXP 	node10: autoDraw = True
10.8485 	EXP 	unnamed Line: autoDraw = True
10.8485 	EXP 	unnamed Line: autoDraw = True
10.8485 	EXP 	unnamed ShapeStim: autoDraw = True
10.8485 	EXP 	unnamed Line: autoDraw = True
10.8485 	EXP 	unnamed Line: autoDraw = True
10.8485 	EXP 	unnamed ShapeStim: autoDraw = True
10.8485 	EXP 	unnamed Line: autoDraw = True
10.8485 	EXP 	unnamed Line: autoDraw = True
10.8485 	EXP 	unnamed ShapeStim: autoDraw = True
10.8485 	EXP 	unnamed Line: autoDraw = True
10.8485 	EXP 	unnamed Line: autoDraw = True
10.8485 	EXP 	unnamed ShapeStim: autoDraw = True
10.8485 	EXP 	unnamed Line: autoDraw = True
10.8485 	EXP 	unnamed Line: autoDraw = True
10.8485 	EXP 	unnamed ShapeStim: autoDraw = True
10.8485 	EXP 	unnamed Line: autoDraw = True
10.8485 	EXP 	unnamed Line: autoDraw = True
10.8485 	EXP 	unnamed ShapeStim: autoDraw = True
10.8485 	EXP 	unnamed Line: autoDraw = True
10.8485 	EXP 	unnamed Line: autoDraw = True
10.8485 	EXP 	unnamed ShapeStim: autoDraw = True
10.8485 	EXP 	unnamed Line: autoDraw = True
10.8485 	EXP 	unnamed Line: autoDraw = True
10.8485 	EXP 	unnamed ShapeStim: autoDraw = True
10.8485 	EXP 	unnamed Line: autoDraw = True
10.8485 	EXP 	unnamed Line: autoDraw = True
10.8485 	EXP 	unnamed ShapeStim: autoDraw = True
10.8485 	EXP 	unnamed Line: autoDraw = True
10.8485 	EXP 	unnamed Line: autoDraw = True
10.8485 	EXP 	unnamed ShapeStim: autoDraw = True
10.8485 	EXP 	unnamed Line: autoDraw = True
10.8485 	EXP 	unnamed Line: autoDraw = True
10.8485 	EXP 	unnamed ShapeStim: autoDraw = True
10.8485 	EXP 	unnamed Line: autoDraw = True
10.8485 	EXP 	unnamed Line: autoDraw = True
10.8485 	EXP 	unnamed ShapeStim: autoDraw = True
10.8485 	EXP 	unnamed Line: autoDraw = True
10.8485 	EXP 	unnamed Line: autoDraw = True
10.8485 	EXP 	unnamed ShapeStim: autoDraw = True
10.8485 	EXP 	unnamed Line: autoDraw = True
10.8485 	EXP 	unnamed Line: autoDraw = True
10.8485 	EXP 	unnamed ShapeStim: autoDraw = True
10.8485 	EXP 	unnamed Line: autoDraw = True
10.8485 	EXP 	unnamed Line: autoDraw = True
10.8485 	EXP 	unnamed ShapeStim: autoDraw = True
10.8485 	EXP 	unnamed Line: autoDraw = True
10.8485 	EXP 	unnamed Line: autoDraw = True
10.8485 	EXP 	unnamed ShapeStim: autoDraw = True
10.8485 	EXP 	unnamed Rect: autoDraw = True
26.9428 	DATA 	Keypress: space
26.9548 	WARNING 	t of last frame was 16106.32ms (=1/0)
26.9548 	EXP 	node0: fillColor = '#126DEF'
29.5959 	DATA 	Keypress: space
29.6057 	WARNING 	t of last frame was 2650.89ms (=1/0)
33.5320 	DATA 	Keypress: space
33.5416 	WARNING 	Multiple dropped frames have occurred - I'll stop bothering you about them!
36.8920 	DATA 	Keypress: space
63.7641 	DATA 	Keypress: num_enter
69.6545 	DATA 	Mouse: Left button down, pos=(1919,1080)
69.6623 	DATA 	Mouse:  Left button up, pos=(1919,1077)
69.8727 	DATA 	Mouse: Left button down, pos=(1919,1077)
70.0968 	DATA 	Mouse:  Left button up, pos=(1919,1077)
86.2603 	DATA 	Keypress: f
87.9321 	DATA 	Keypress: j
87.9431 	EXP 	window1: mouseVisible = True
87.9585 	EXP 	Created unnamed TextStim = TextStim(__class__=<class 'psychopy.visual.text.TextStim'>, alignHoriz=method-wrapper(...), alignText='center', alignVert=method-wrapper(...), anchorHoriz='center', anchorVert='center', antialias=True, autoDraw=False, autoLog=True, bold=False, color=array([1, 1, 1]), colorSpace='rgb', contrast=1.0, depth=0, draggable=False, flipHoriz=False, flipVert=False, font='', fontFiles=[], height=0.035, italic=False, languageStyle='LTR', name='unnamed TextStim', opacity=1.0, ori=0.0, pos=array([0., 0.]), rgb=UNKNOWN, text='press Space to start', units='height', win=Window(...), wrapWidth=1)
90.1961 	DATA 	Keypress: f
92.8199 	DATA 	Keypress: j
97.9399 	DATA 	Keypress: f
98.1233 	DATA 	Keypress: j
105.3560 	DATA 	Keypress: space
105.3564 	EXP 	window1: mouseVisible = True
105.3569 	EXP 	Created unnamed Rect = Rect(__class__=<class 'psychopy.visual.rect.Rect'>, anchor=('center', 'center'), autoDraw=False, autoLog=True, closeShape=True, color=method-wrapper(...), colorSpace='rgb', contrast=None, depth=0, draggable=False, fillColor=array([0.00392157, 0.00392157, 0.00392157]), fillColorSpace='rgb', fillRGB=array([0.00392157, 0.00392157, 0.00392157]), interpolate=True, lineColor=array([0, 0, 0]), lineColorSpace='rgb', lineRGB=array([0, 0, 0]), lineWidth=0, name='unnamed Rect', opacity=0.5, ori=0.0, pos=array([-0.65,  0.45]), size=array([0.1, 0.1]), units='height', vertices=ndarray(...), win=Window(...))
105.3673 	EXP 	unnamed Rect: autoDraw = True
105.3673 	EXP 	unnamed Rect: autoDraw = True
105.3673 	EXP 	node0: autoDraw = True
105.3673 	EXP 	node1: autoDraw = True
105.3673 	EXP 	node2: autoDraw = True
105.3673 	EXP 	node3: autoDraw = True
105.3673 	EXP 	node4: autoDraw = True
105.3673 	EXP 	node5: autoDraw = True
105.3673 	EXP 	node6: autoDraw = True
105.3673 	EXP 	node7: autoDraw = True
105.3673 	EXP 	node8: autoDraw = True
105.3673 	EXP 	node9: autoDraw = True
105.3673 	EXP 	node10: autoDraw = True
105.3673 	EXP 	unnamed Line: autoDraw = True
105.3673 	EXP 	unnamed ShapeStim: autoDraw = True
105.3673 	EXP 	unnamed Line: autoDraw = True
105.3673 	EXP 	unnamed ShapeStim: autoDraw = True
105.3673 	EXP 	unnamed Line: autoDraw = True
105.3673 	EXP 	unnamed ShapeStim: autoDraw = True
105.3673 	EXP 	unnamed Line: autoDraw = True
105.3673 	EXP 	unnamed ShapeStim: autoDraw = True
105.3673 	EXP 	unnamed Line: autoDraw = True
105.3673 	EXP 	unnamed ShapeStim: autoDraw = True
105.3673 	EXP 	unnamed Line: autoDraw = True
105.3673 	EXP 	unnamed ShapeStim: autoDraw = True
105.3673 	EXP 	unnamed Line: autoDraw = True
105.3673 	EXP 	unnamed ShapeStim: autoDraw = True
105.3673 	EXP 	unnamed Line: autoDraw = True
105.3673 	EXP 	unnamed ShapeStim: autoDraw = True
105.3673 	EXP 	unnamed Line: autoDraw = True
105.3673 	EXP 	unnamed ShapeStim: autoDraw = True
105.3673 	EXP 	unnamed Line: autoDraw = True
105.3673 	EXP 	unnamed ShapeStim: autoDraw = True
105.3673 	EXP 	unnamed Line: autoDraw = True
105.3673 	EXP 	unnamed ShapeStim: autoDraw = True
105.3673 	EXP 	unnamed Line: autoDraw = True
105.3673 	EXP 	unnamed ShapeStim: autoDraw = True
105.3673 	EXP 	unnamed Line: autoDraw = True
105.3673 	EXP 	unnamed ShapeStim: autoDraw = True
105.3673 	EXP 	unnamed Line: autoDraw = True
105.3673 	EXP 	unnamed ShapeStim: autoDraw = True
105.3673 	EXP 	unnamed Line: autoDraw = True
105.3673 	EXP 	unnamed ShapeStim: autoDraw = True
105.3673 	EXP 	unnamed Line: autoDraw = True
105.3673 	EXP 	unnamed ShapeStim: autoDraw = True
105.3673 	EXP 	unnamed Rect: autoDraw = True
105.3673 	EXP 	unnamed Rect: autoDraw = True
105.3788 	EXP 	node0: fillColor = '#126DEF'
105.3788 	EXP 	unnamed Line: autoDraw = False
105.3788 	EXP 	unnamed ShapeStim: autoDraw = False
105.3788 	EXP 	unnamed Line: autoDraw = True
105.3788 	EXP 	unnamed ShapeStim: autoDraw = True
105.3788 	EXP 	unnamed Line: autoDraw = False
105.3788 	EXP 	unnamed ShapeStim: autoDraw = False
105.3788 	EXP 	unnamed Line: autoDraw = True
105.3788 	EXP 	unnamed ShapeStim: autoDraw = True
105.3788 	EXP 	unnamed Line: foreColor = <psychopy.colors.Color: black, alpha=1.0>
105.3788 	EXP 	unnamed Line: borderColor = <psychopy.colors.Color: black, alpha=1.0>
105.3788 	EXP 	unnamed Line: fillColor = <psychopy.colors.Color: black, alpha=1.0>
105.3788 	EXP 	unnamed ShapeStim: foreColor = <psychopy.colors.Color: black, alpha=1.0>
105.3788 	EXP 	unnamed ShapeStim: borderColor = <psychopy.colors.Color: black, alpha=1.0>
105.3788 	EXP 	unnamed ShapeStim: fillColor = <psychopy.colors.Color: black, alpha=1.0>
105.3788 	EXP 	unnamed Line: foreColor = <psychopy.colors.Color: black, alpha=1.0>
105.3788 	EXP 	unnamed Line: borderColor = <psychopy.colors.Color: black, alpha=1.0>
105.3788 	EXP 	unnamed Line: fillColor = <psychopy.colors.Color: black, alpha=1.0>
105.3788 	EXP 	unnamed ShapeStim: foreColor = <psychopy.colors.Color: black, alpha=1.0>
105.3788 	EXP 	unnamed ShapeStim: borderColor = <psychopy.colors.Color: black, alpha=1.0>
105.3788 	EXP 	unnamed ShapeStim: fillColor = <psychopy.colors.Color: black, alpha=1.0>
105.3788 	EXP 	unnamed Line: foreColor = <psychopy.colors.Color: black, alpha=1.0>
105.3788 	EXP 	unnamed Line: borderColor = <psychopy.colors.Color: black, alpha=1.0>
105.3788 	EXP 	unnamed Line: fillColor = <psychopy.colors.Color: black, alpha=1.0>
105.3788 	EXP 	unnamed ShapeStim: foreColor = <psychopy.colors.Color: black, alpha=1.0>
105.3788 	EXP 	unnamed ShapeStim: borderColor = <psychopy.colors.Color: black, alpha=1.0>
105.3788 	EXP 	unnamed ShapeStim: fillColor = <psychopy.colors.Color: black, alpha=1.0>
105.3788 	EXP 	unnamed Line: foreColor = <psychopy.colors.Color: black, alpha=1.0>
105.3788 	EXP 	unnamed Line: borderColor = <psychopy.colors.Color: black, alpha=1.0>
105.3788 	EXP 	unnamed Line: fillColor = <psychopy.colors.Color: black, alpha=1.0>
105.3788 	EXP 	unnamed ShapeStim: foreColor = <psychopy.colors.Color: black, alpha=1.0>
105.3788 	EXP 	unnamed ShapeStim: borderColor = <psychopy.colors.Color: black, alpha=1.0>
105.3788 	EXP 	unnamed ShapeStim: fillColor = <psychopy.colors.Color: black, alpha=1.0>
105.3788 	EXP 	unnamed Line: foreColor = <psychopy.colors.Color: black, alpha=1.0>
105.3788 	EXP 	unnamed Line: borderColor = <psychopy.colors.Color: black, alpha=1.0>
105.3788 	EXP 	unnamed Line: fillColor = <psychopy.colors.Color: black, alpha=1.0>
105.3788 	EXP 	unnamed ShapeStim: foreColor = <psychopy.colors.Color: black, alpha=1.0>
105.3788 	EXP 	unnamed ShapeStim: borderColor = <psychopy.colors.Color: black, alpha=1.0>
105.3788 	EXP 	unnamed ShapeStim: fillColor = <psychopy.colors.Color: black, alpha=1.0>
105.3788 	EXP 	unnamed Line: foreColor = <psychopy.colors.Color: black, alpha=1.0>
105.3788 	EXP 	unnamed Line: borderColor = <psychopy.colors.Color: black, alpha=1.0>
105.3788 	EXP 	unnamed Line: fillColor = <psychopy.colors.Color: black, alpha=1.0>
105.3788 	EXP 	unnamed ShapeStim: foreColor = <psychopy.colors.Color: black, alpha=1.0>
105.3788 	EXP 	unnamed ShapeStim: borderColor = <psychopy.colors.Color: black, alpha=1.0>
105.3788 	EXP 	unnamed ShapeStim: fillColor = <psychopy.colors.Color: black, alpha=1.0>
105.3788 	EXP 	unnamed Line: foreColor = <psychopy.colors.Color: black, alpha=1.0>
105.3788 	EXP 	unnamed Line: borderColor = <psychopy.colors.Color: black, alpha=1.0>
105.3788 	EXP 	unnamed Line: fillColor = <psychopy.colors.Color: black, alpha=1.0>
105.3788 	EXP 	unnamed ShapeStim: foreColor = <psychopy.colors.Color: black, alpha=1.0>
105.3788 	EXP 	unnamed ShapeStim: borderColor = <psychopy.colors.Color: black, alpha=1.0>
105.3788 	EXP 	unnamed ShapeStim: fillColor = <psychopy.colors.Color: black, alpha=1.0>
105.3788 	EXP 	unnamed Line: foreColor = <psychopy.colors.Color: black, alpha=1.0>
105.3788 	EXP 	unnamed Line: borderColor = <psychopy.colors.Color: black, alpha=1.0>
105.3788 	EXP 	unnamed Line: fillColor = <psychopy.colors.Color: black, alpha=1.0>
105.3788 	EXP 	unnamed ShapeStim: foreColor = <psychopy.colors.Color: black, alpha=1.0>
105.3788 	EXP 	unnamed ShapeStim: borderColor = <psychopy.colors.Color: black, alpha=1.0>
105.3788 	EXP 	unnamed ShapeStim: fillColor = <psychopy.colors.Color: black, alpha=1.0>
105.3788 	EXP 	unnamed Line: foreColor = <psychopy.colors.Color: black, alpha=1.0>
105.3788 	EXP 	unnamed Line: borderColor = <psychopy.colors.Color: black, alpha=1.0>
105.3788 	EXP 	unnamed Line: fillColor = <psychopy.colors.Color: black, alpha=1.0>
105.3788 	EXP 	unnamed ShapeStim: foreColor = <psychopy.colors.Color: black, alpha=1.0>
105.3788 	EXP 	unnamed ShapeStim: borderColor = <psychopy.colors.Color: black, alpha=1.0>
105.3788 	EXP 	unnamed ShapeStim: fillColor = <psychopy.colors.Color: black, alpha=1.0>
105.3788 	EXP 	unnamed Line: foreColor = <psychopy.colors.Color: black, alpha=1.0>
105.3788 	EXP 	unnamed Line: borderColor = <psychopy.colors.Color: black, alpha=1.0>
105.3788 	EXP 	unnamed Line: fillColor = <psychopy.colors.Color: black, alpha=1.0>
105.3788 	EXP 	unnamed ShapeStim: foreColor = <psychopy.colors.Color: black, alpha=1.0>
105.3788 	EXP 	unnamed ShapeStim: borderColor = <psychopy.colors.Color: black, alpha=1.0>
105.3788 	EXP 	unnamed ShapeStim: fillColor = <psychopy.colors.Color: black, alpha=1.0>
105.3788 	EXP 	unnamed Line: foreColor = <psychopy.colors.Color: black, alpha=1.0>
105.3788 	EXP 	unnamed Line: borderColor = <psychopy.colors.Color: black, alpha=1.0>
105.3788 	EXP 	unnamed Line: fillColor = <psychopy.colors.Color: black, alpha=1.0>
105.3788 	EXP 	unnamed ShapeStim: foreColor = <psychopy.colors.Color: black, alpha=1.0>
105.3788 	EXP 	unnamed ShapeStim: borderColor = <psychopy.colors.Color: black, alpha=1.0>
105.3788 	EXP 	unnamed ShapeStim: fillColor = <psychopy.colors.Color: black, alpha=1.0>
105.3788 	EXP 	unnamed Line: foreColor = <psychopy.colors.Color: black, alpha=1.0>
105.3788 	EXP 	unnamed Line: borderColor = <psychopy.colors.Color: black, alpha=1.0>
105.3788 	EXP 	unnamed Line: fillColor = <psychopy.colors.Color: black, alpha=1.0>
105.3788 	EXP 	unnamed ShapeStim: foreColor = <psychopy.colors.Color: black, alpha=1.0>
105.3788 	EXP 	unnamed ShapeStim: borderColor = <psychopy.colors.Color: black, alpha=1.0>
105.3788 	EXP 	unnamed ShapeStim: fillColor = <psychopy.colors.Color: black, alpha=1.0>
105.3788 	EXP 	unnamed Line: foreColor = <psychopy.colors.Color: black, alpha=1.0>
105.3788 	EXP 	unnamed Line: borderColor = <psychopy.colors.Color: black, alpha=1.0>
105.3788 	EXP 	unnamed Line: fillColor = <psychopy.colors.Color: black, alpha=1.0>
105.3788 	EXP 	unnamed ShapeStim: foreColor = <psychopy.colors.Color: black, alpha=1.0>
105.3788 	EXP 	unnamed ShapeStim: borderColor = <psychopy.colors.Color: black, alpha=1.0>
105.3788 	EXP 	unnamed ShapeStim: fillColor = <psychopy.colors.Color: black, alpha=1.0>
105.3788 	EXP 	unnamed Line: foreColor = <psychopy.colors.Color: black, alpha=1.0>
105.3788 	EXP 	unnamed Line: borderColor = <psychopy.colors.Color: black, alpha=1.0>
105.3788 	EXP 	unnamed Line: fillColor = <psychopy.colors.Color: black, alpha=1.0>
105.3788 	EXP 	unnamed ShapeStim: foreColor = <psychopy.colors.Color: black, alpha=1.0>
105.3788 	EXP 	unnamed ShapeStim: borderColor = <psychopy.colors.Color: black, alpha=1.0>
105.3788 	EXP 	unnamed ShapeStim: fillColor = <psychopy.colors.Color: black, alpha=1.0>
105.3788 	EXP 	unnamed Line: foreColor = <psychopy.colors.Color: (1.0, 0.58, -0.87, 1.0)>
105.3788 	EXP 	unnamed Line: borderColor = <psychopy.colors.Color: (1.0, 0.58, -0.87, 1.0)>
105.3788 	EXP 	unnamed Line: fillColor = <psychopy.colors.Color: (1.0, 0.58, -0.87, 1.0)>
105.3788 	EXP 	unnamed ShapeStim: foreColor = <psychopy.colors.Color: (1.0, 0.58, -0.87, 1.0)>
105.3788 	EXP 	unnamed ShapeStim: borderColor = <psychopy.colors.Color: (1.0, 0.58, -0.87, 1.0)>
105.3788 	EXP 	unnamed ShapeStim: fillColor = <psychopy.colors.Color: (1.0, 0.58, -0.87, 1.0)>
107.7000 	DATA 	Keypress: f
107.7064 	EXP 	unnamed Line: foreColor = <psychopy.colors.Color: black, alpha=1.0>
107.7064 	EXP 	unnamed Line: borderColor = <psychopy.colors.Color: black, alpha=1.0>
107.7064 	EXP 	unnamed Line: fillColor = <psychopy.colors.Color: black, alpha=1.0>
107.7064 	EXP 	unnamed ShapeStim: foreColor = <psychopy.colors.Color: black, alpha=1.0>
107.7064 	EXP 	unnamed ShapeStim: borderColor = <psychopy.colors.Color: black, alpha=1.0>
107.7064 	EXP 	unnamed ShapeStim: fillColor = <psychopy.colors.Color: black, alpha=1.0>
107.7064 	EXP 	unnamed Line: foreColor = <psychopy.colors.Color: (1.0, 0.58, -0.87, 1.0)>
107.7064 	EXP 	unnamed Line: borderColor = <psychopy.colors.Color: (1.0, 0.58, -0.87, 1.0)>
107.7064 	EXP 	unnamed Line: fillColor = <psychopy.colors.Color: (1.0, 0.58, -0.87, 1.0)>
107.7064 	EXP 	unnamed ShapeStim: foreColor = <psychopy.colors.Color: (1.0, 0.58, -0.87, 1.0)>
107.7064 	EXP 	unnamed ShapeStim: borderColor = <psychopy.colors.Color: (1.0, 0.58, -0.87, 1.0)>
107.7064 	EXP 	unnamed ShapeStim: fillColor = <psychopy.colors.Color: (1.0, 0.58, -0.87, 1.0)>
108.9719 	DATA 	Keypress: j
108.9755 	EXP 	node3: fillColor = '#126DEF'
108.9755 	EXP 	node0: fillColor = 'white'
108.9755 	EXP 	unnamed Line: autoDraw = False
108.9755 	EXP 	unnamed Line: autoDraw = False
108.9755 	EXP 	unnamed Line: autoDraw = False
108.9755 	EXP 	unnamed Line: autoDraw = False
108.9755 	EXP 	unnamed Line: autoDraw = False
108.9755 	EXP 	unnamed Line: autoDraw = False
108.9755 	EXP 	unnamed Line: autoDraw = False
108.9755 	EXP 	unnamed Line: autoDraw = False
108.9755 	EXP 	unnamed Line: autoDraw = False
108.9755 	EXP 	unnamed Line: autoDraw = False
108.9755 	EXP 	unnamed Line: autoDraw = False
108.9755 	EXP 	unnamed Line: autoDraw = False
108.9755 	EXP 	unnamed Line: autoDraw = False
108.9755 	EXP 	unnamed Line: autoDraw = False
108.9755 	EXP 	unnamed Line: autoDraw = False
108.9755 	EXP 	unnamed Line: autoDraw = False
108.9755 	EXP 	unnamed Rect: autoDraw = False
108.9755 	EXP 	node0: autoDraw = False
108.9755 	EXP 	node1: autoDraw = False
108.9755 	EXP 	node2: autoDraw = False
108.9755 	EXP 	node3: autoDraw = False
108.9755 	EXP 	node4: autoDraw = False
108.9755 	EXP 	node5: autoDraw = False
108.9755 	EXP 	node6: autoDraw = False
108.9755 	EXP 	node7: autoDraw = False
108.9755 	EXP 	node8: autoDraw = False
108.9755 	EXP 	node9: autoDraw = False
108.9755 	EXP 	node10: autoDraw = False
108.9755 	EXP 	unnamed ShapeStim: autoDraw = False
108.9755 	EXP 	unnamed ShapeStim: autoDraw = False
108.9755 	EXP 	unnamed ShapeStim: autoDraw = False
108.9755 	EXP 	unnamed ShapeStim: autoDraw = False
108.9755 	EXP 	unnamed ShapeStim: autoDraw = False
108.9755 	EXP 	unnamed ShapeStim: autoDraw = False
108.9755 	EXP 	unnamed ShapeStim: autoDraw = False
108.9755 	EXP 	unnamed ShapeStim: autoDraw = False
108.9755 	EXP 	unnamed ShapeStim: autoDraw = False
108.9755 	EXP 	unnamed ShapeStim: autoDraw = False
108.9755 	EXP 	unnamed ShapeStim: autoDraw = False
108.9755 	EXP 	unnamed ShapeStim: autoDraw = False
108.9755 	EXP 	unnamed ShapeStim: autoDraw = False
108.9755 	EXP 	unnamed ShapeStim: autoDraw = False
108.9755 	EXP 	unnamed Rect: autoDraw = False
108.9755 	EXP 	unnamed Rect: autoDraw = False
108.9755 	EXP 	unnamed ShapeStim: autoDraw = False
108.9755 	EXP 	unnamed ShapeStim: autoDraw = False
108.9757 	INFO 	Mouse: using default window
108.9757 	EXP 	window1: mouseVisible = True
108.9758 	EXP 	window1: mouseVisible = True
108.9762 	EXP 	Created unnamed Rect = Rect(__class__=<class 'psychopy.visual.rect.Rect'>, anchor=('center', 'center'), autoDraw=False, autoLog=True, closeShape=True, color=method-wrapper(...), colorSpace='rgb', contrast=None, depth=0, draggable=False, fillColor=array([0.00392157, 0.00392157, 0.00392157]), fillColorSpace='rgb', fillRGB=array([0.00392157, 0.00392157, 0.00392157]), interpolate=True, lineColor=array([0, 0, 0]), lineColorSpace='rgb', lineRGB=array([0, 0, 0]), lineWidth=0, name='unnamed Rect', opacity=0.5, ori=0.0, pos=array([-0.65,  0.45]), size=array([0.1, 0.1]), units='height', vertices=ndarray(...), win=Window(...))
108.9773 	EXP 	window1: mouseVisible = True
108.9793 	EXP 	Created node0 = Circle(__class__=<class 'psychopy.visual.circle.Circle'>, anchor=('center', 'center'), autoDraw=False, autoLog=True, closeShape=True, color=method-wrapper(...), colorSpace='rgb', contrast=None, depth=0, draggable=False, fillColor=array([1, 1, 1]), fillColorSpace='rgb', fillRGB=array([1, 1, 1]), interpolate=True, lineColor=array([-1, -1, -1]), lineColorSpace='rgb', lineRGB=array([-1, -1, -1]), lineWidth=2, name='node0', opacity=1.0, ori=0.0, pos=array([0.  , 0.35]), size=array([1., 1.]), units='height', vertices=ndarray(...), win=Window(...))
108.9794 	EXP 	window1: mouseVisible = True
109.0155 	EXP 	Created unnamed ImageStim = ImageStim(__class__=<class 'psychopy.visual.image.ImageStim'>, anchor=('center', 'center'), autoLog=True, color=array([1., 1., 1.]), colorSpace='rgb', contrast=1.0, depth=0, draggable=False, flipHoriz=False, flipVert=False, image='images/pattern_6.png', interpolate=False, mask=None, maskParams=None, name='unnamed ImageStim', opacity=1.0, ori=0.0, pos=array([0.  , 0.35]), size=array([0.12, 0.12]), texRes=128, units='height', win=Window(...))
109.0166 	EXP 	window1: mouseVisible = True
109.0186 	EXP 	Created node1 = Circle(__class__=<class 'psychopy.visual.circle.Circle'>, anchor=('center', 'center'), autoDraw=False, autoLog=True, closeShape=True, color=method-wrapper(...), colorSpace='rgb', contrast=None, depth=0, draggable=False, fillColor=array([1, 1, 1]), fillColorSpace='rgb', fillRGB=array([1, 1, 1]), interpolate=True, lineColor=array([-1, -1, -1]), lineColorSpace='rgb', lineRGB=array([-1, -1, -1]), lineWidth=2, name='node1', opacity=1.0, ori=0.0, pos=array([-0.18922429,  0.29443874]), size=array([1., 1.]), units='height', vertices=ndarray(...), win=Window(...))
109.0186 	EXP 	window1: mouseVisible = True
109.0373 	EXP 	Created unnamed ImageStim = ImageStim(__class__=<class 'psychopy.visual.image.ImageStim'>, anchor=('center', 'center'), autoLog=True, color=array([1., 1., 1.]), colorSpace='rgb', contrast=1.0, depth=0, draggable=False, flipHoriz=False, flipVert=False, image='images/pattern_7.png', interpolate=False, mask=None, maskParams=None, name='unnamed ImageStim', opacity=1.0, ori=0.0, pos=array([-0.18922429,  0.29443874]), size=array([0.12, 0.12]), texRes=128, units='height', win=Window(...))
109.0383 	EXP 	window1: mouseVisible = True
109.0403 	EXP 	Created node2 = Circle(__class__=<class 'psychopy.visual.circle.Circle'>, anchor=('center', 'center'), autoDraw=False, autoLog=True, closeShape=True, color=method-wrapper(...), colorSpace='rgb', contrast=None, depth=0, draggable=False, fillColor=array([1, 1, 1]), fillColorSpace='rgb', fillRGB=array([1, 1, 1]), interpolate=True, lineColor=array([-1, -1, -1]), lineColorSpace='rgb', lineRGB=array([-1, -1, -1]), lineWidth=2, name='node2', opacity=1.0, ori=0.0, pos=array([-0.3183712 ,  0.14539525]), size=array([1., 1.]), units='height', vertices=ndarray(...), win=Window(...))
109.0403 	EXP 	window1: mouseVisible = True
109.0592 	EXP 	Created unnamed ImageStim = ImageStim(__class__=<class 'psychopy.visual.image.ImageStim'>, anchor=('center', 'center'), autoLog=True, color=array([1., 1., 1.]), colorSpace='rgb', contrast=1.0, depth=0, draggable=False, flipHoriz=False, flipVert=False, image='images/pattern_8.png', interpolate=False, mask=None, maskParams=None, name='unnamed ImageStim', opacity=1.0, ori=0.0, pos=array([-0.3183712 ,  0.14539525]), size=array([0.12, 0.12]), texRes=128, units='height', win=Window(...))
109.0602 	EXP 	window1: mouseVisible = True
109.0622 	EXP 	Created node3 = Circle(__class__=<class 'psychopy.visual.circle.Circle'>, anchor=('center', 'center'), autoDraw=False, autoLog=True, closeShape=True, color=method-wrapper(...), colorSpace='rgb', contrast=None, depth=0, draggable=False, fillColor=array([1, 1, 1]), fillColorSpace='rgb', fillRGB=array([1, 1, 1]), interpolate=True, lineColor=array([-1, -1, -1]), lineColorSpace='rgb', lineRGB=array([-1, -1, -1]), lineWidth=2, name='node3', opacity=1.0, ori=0.0, pos=array([-0.3464375 , -0.04981019]), size=array([1., 1.]), units='height', vertices=ndarray(...), win=Window(...))
109.0622 	EXP 	window1: mouseVisible = True
109.0810 	EXP 	Created unnamed ImageStim = ImageStim(__class__=<class 'psychopy.visual.image.ImageStim'>, anchor=('center', 'center'), autoLog=True, color=array([1., 1., 1.]), colorSpace='rgb', contrast=1.0, depth=0, draggable=False, flipHoriz=False, flipVert=False, image='images/pattern_9.png', interpolate=False, mask=None, maskParams=None, name='unnamed ImageStim', opacity=1.0, ori=0.0, pos=array([-0.3464375 , -0.04981019]), size=array([0.12, 0.12]), texRes=128, units='height', win=Window(...))
109.0820 	EXP 	window1: mouseVisible = True
109.0839 	EXP 	Created node4 = Circle(__class__=<class 'psychopy.visual.circle.Circle'>, anchor=('center', 'center'), autoDraw=False, autoLog=True, closeShape=True, color=method-wrapper(...), colorSpace='rgb', contrast=None, depth=0, draggable=False, fillColor=array([1, 1, 1]), fillColorSpace='rgb', fillRGB=array([1, 1, 1]), interpolate=True, lineColor=array([-1, -1, -1]), lineColorSpace='rgb', lineRGB=array([-1, -1, -1]), lineWidth=2, name='node4', opacity=1.0, ori=0.0, pos=array([-0.26451235, -0.22920126]), size=array([1., 1.]), units='height', vertices=ndarray(...), win=Window(...))
109.0840 	EXP 	window1: mouseVisible = True
109.1011 	EXP 	Created unnamed ImageStim = ImageStim(__class__=<class 'psychopy.visual.image.ImageStim'>, anchor=('center', 'center'), autoLog=True, color=array([1., 1., 1.]), colorSpace='rgb', contrast=1.0, depth=0, draggable=False, flipHoriz=False, flipVert=False, image='images/pattern_4.png', interpolate=False, mask=None, maskParams=None, name='unnamed ImageStim', opacity=1.0, ori=0.0, pos=array([-0.26451235, -0.22920126]), size=array([0.12, 0.12]), texRes=128, units='height', win=Window(...))
109.1022 	EXP 	window1: mouseVisible = True
109.1041 	EXP 	Created node5 = Circle(__class__=<class 'psychopy.visual.circle.Circle'>, anchor=('center', 'center'), autoDraw=False, autoLog=True, closeShape=True, color=method-wrapper(...), colorSpace='rgb', contrast=None, depth=0, draggable=False, fillColor=array([1, 1, 1]), fillColorSpace='rgb', fillRGB=array([1, 1, 1]), interpolate=True, lineColor=array([-1, -1, -1]), lineColorSpace='rgb', lineRGB=array([-1, -1, -1]), lineWidth=2, name='node5', opacity=1.0, ori=0.0, pos=array([-0.09860639, -0.33582254]), size=array([1., 1.]), units='height', vertices=ndarray(...), win=Window(...))
109.1041 	EXP 	window1: mouseVisible = True
109.1211 	EXP 	Created unnamed ImageStim = ImageStim(__class__=<class 'psychopy.visual.image.ImageStim'>, anchor=('center', 'center'), autoLog=True, color=array([1., 1., 1.]), colorSpace='rgb', contrast=1.0, depth=0, draggable=False, flipHoriz=False, flipVert=False, image='images/pattern_3.png', interpolate=False, mask=None, maskParams=None, name='unnamed ImageStim', opacity=1.0, ori=0.0, pos=array([-0.09860639, -0.33582254]), size=array([0.12, 0.12]), texRes=128, units='height', win=Window(...))
109.1221 	EXP 	window1: mouseVisible = True
109.1241 	EXP 	Created node6 = Circle(__class__=<class 'psychopy.visual.circle.Circle'>, anchor=('center', 'center'), autoDraw=False, autoLog=True, closeShape=True, color=method-wrapper(...), colorSpace='rgb', contrast=None, depth=0, draggable=False, fillColor=array([1, 1, 1]), fillColorSpace='rgb', fillRGB=array([1, 1, 1]), interpolate=True, lineColor=array([-1, -1, -1]), lineColorSpace='rgb', lineRGB=array([-1, -1, -1]), lineWidth=2, name='node6', opacity=1.0, ori=0.0, pos=array([ 0.09860639, -0.33582254]), size=array([1., 1.]), units='height', vertices=ndarray(...), win=Window(...))
109.1241 	EXP 	window1: mouseVisible = True
109.1410 	EXP 	Created unnamed ImageStim = ImageStim(__class__=<class 'psychopy.visual.image.ImageStim'>, anchor=('center', 'center'), autoLog=True, color=array([1., 1., 1.]), colorSpace='rgb', contrast=1.0, depth=0, draggable=False, flipHoriz=False, flipVert=False, image='images/pattern_2.png', interpolate=False, mask=None, maskParams=None, name='unnamed ImageStim', opacity=1.0, ori=0.0, pos=array([ 0.09860639, -0.33582254]), size=array([0.12, 0.12]), texRes=128, units='height', win=Window(...))
109.1421 	EXP 	window1: mouseVisible = True
109.1440 	EXP 	Created node7 = Circle(__class__=<class 'psychopy.visual.circle.Circle'>, anchor=('center', 'center'), autoDraw=False, autoLog=True, closeShape=True, color=method-wrapper(...), colorSpace='rgb', contrast=None, depth=0, draggable=False, fillColor=array([1, 1, 1]), fillColorSpace='rgb', fillRGB=array([1, 1, 1]), interpolate=True, lineColor=array([-1, -1, -1]), lineColorSpace='rgb', lineRGB=array([-1, -1, -1]), lineWidth=2, name='node7', opacity=1.0, ori=0.0, pos=array([ 0.26451235, -0.22920126]), size=array([1., 1.]), units='height', vertices=ndarray(...), win=Window(...))
109.1440 	EXP 	window1: mouseVisible = True
109.1609 	EXP 	Created unnamed ImageStim = ImageStim(__class__=<class 'psychopy.visual.image.ImageStim'>, anchor=('center', 'center'), autoLog=True, color=array([1., 1., 1.]), colorSpace='rgb', contrast=1.0, depth=0, draggable=False, flipHoriz=False, flipVert=False, image='images/pattern_1.png', interpolate=False, mask=None, maskParams=None, name='unnamed ImageStim', opacity=1.0, ori=0.0, pos=array([ 0.26451235, -0.22920126]), size=array([0.12, 0.12]), texRes=128, units='height', win=Window(...))
109.1620 	EXP 	window1: mouseVisible = True
109.1639 	EXP 	Created node8 = Circle(__class__=<class 'psychopy.visual.circle.Circle'>, anchor=('center', 'center'), autoDraw=False, autoLog=True, closeShape=True, color=method-wrapper(...), colorSpace='rgb', contrast=None, depth=0, draggable=False, fillColor=array([1, 1, 1]), fillColorSpace='rgb', fillRGB=array([1, 1, 1]), interpolate=True, lineColor=array([-1, -1, -1]), lineColorSpace='rgb', lineRGB=array([-1, -1, -1]), lineWidth=2, name='node8', opacity=1.0, ori=0.0, pos=array([ 0.3464375 , -0.04981019]), size=array([1., 1.]), units='height', vertices=ndarray(...), win=Window(...))
109.1639 	EXP 	window1: mouseVisible = True
109.1810 	EXP 	Created unnamed ImageStim = ImageStim(__class__=<class 'psychopy.visual.image.ImageStim'>, anchor=('center', 'center'), autoLog=True, color=array([1., 1., 1.]), colorSpace='rgb', contrast=1.0, depth=0, draggable=False, flipHoriz=False, flipVert=False, image='images/pattern_5.png', interpolate=False, mask=None, maskParams=None, name='unnamed ImageStim', opacity=1.0, ori=0.0, pos=array([ 0.3464375 , -0.04981019]), size=array([0.12, 0.12]), texRes=128, units='height', win=Window(...))
109.1820 	EXP 	window1: mouseVisible = True
109.1839 	EXP 	Created node9 = Circle(__class__=<class 'psychopy.visual.circle.Circle'>, anchor=('center', 'center'), autoDraw=False, autoLog=True, closeShape=True, color=method-wrapper(...), colorSpace='rgb', contrast=None, depth=0, draggable=False, fillColor=array([1, 1, 1]), fillColorSpace='rgb', fillRGB=array([1, 1, 1]), interpolate=True, lineColor=array([-1, -1, -1]), lineColorSpace='rgb', lineRGB=array([-1, -1, -1]), lineWidth=2, name='node9', opacity=1.0, ori=0.0, pos=array([0.3183712 , 0.14539525]), size=array([1., 1.]), units='height', vertices=ndarray(...), win=Window(...))
109.1840 	EXP 	window1: mouseVisible = True
109.2007 	EXP 	Created unnamed ImageStim = ImageStim(__class__=<class 'psychopy.visual.image.ImageStim'>, anchor=('center', 'center'), autoLog=True, color=array([1., 1., 1.]), colorSpace='rgb', contrast=1.0, depth=0, draggable=False, flipHoriz=False, flipVert=False, image='images/pattern_5.png', interpolate=False, mask=None, maskParams=None, name='unnamed ImageStim', opacity=1.0, ori=0.0, pos=array([0.3183712 , 0.14539525]), size=array([0.12, 0.12]), texRes=128, units='height', win=Window(...))
109.2017 	EXP 	window1: mouseVisible = True
109.2036 	EXP 	Created node10 = Circle(__class__=<class 'psychopy.visual.circle.Circle'>, anchor=('center', 'center'), autoDraw=False, autoLog=True, closeShape=True, color=method-wrapper(...), colorSpace='rgb', contrast=None, depth=0, draggable=False, fillColor=array([1, 1, 1]), fillColorSpace='rgb', fillRGB=array([1, 1, 1]), interpolate=True, lineColor=array([-1, -1, -1]), lineColorSpace='rgb', lineRGB=array([-1, -1, -1]), lineWidth=2, name='node10', opacity=1.0, ori=0.0, pos=array([0.18922429, 0.29443874]), size=array([1., 1.]), units='height', vertices=ndarray(...), win=Window(...))
109.2037 	EXP 	window1: mouseVisible = True
109.2204 	EXP 	Created unnamed ImageStim = ImageStim(__class__=<class 'psychopy.visual.image.ImageStim'>, anchor=('center', 'center'), autoLog=True, color=array([1., 1., 1.]), colorSpace='rgb', contrast=1.0, depth=0, draggable=False, flipHoriz=False, flipVert=False, image='images/pattern_5.png', interpolate=False, mask=None, maskParams=None, name='unnamed ImageStim', opacity=1.0, ori=0.0, pos=array([0.18922429, 0.29443874]), size=array([0.12, 0.12]), texRes=128, units='height', win=Window(...))
109.2204 	EXP 	window1: mouseVisible = True
109.2208 	EXP 	Created unnamed Rect = Rect(__class__=<class 'psychopy.visual.rect.Rect'>, anchor=('center', 'center'), autoDraw=False, autoLog=True, closeShape=True, color=method-wrapper(...), colorSpace='rgb', contrast=None, depth=0, draggable=False, fillColor=array([0.00392157, 0.00392157, 0.00392157]), fillColorSpace='rgb', fillRGB=array([0.00392157, 0.00392157, 0.00392157]), interpolate=True, lineColor=array([0, 0, 0]), lineColorSpace='rgb', lineRGB=array([0, 0, 0]), lineWidth=0, name='unnamed Rect', opacity=0.0, ori=0.0, pos=array([0.1, 0. ]), size=array([1.1, 1. ]), units='height', vertices=ndarray(...), win=Window(...))
109.2285 	EXP 	unnamed Rect: autoDraw = True
109.2285 	EXP 	node0: autoDraw = True
109.2285 	EXP 	unnamed ImageStim: autoDraw = True
109.2285 	EXP 	node1: autoDraw = True
109.2285 	EXP 	unnamed ImageStim: autoDraw = True
109.2285 	EXP 	node2: autoDraw = True
109.2285 	EXP 	unnamed ImageStim: autoDraw = True
109.2285 	EXP 	node3: autoDraw = True
109.2285 	EXP 	unnamed ImageStim: autoDraw = True
109.2285 	EXP 	node4: autoDraw = True
109.2285 	EXP 	unnamed ImageStim: autoDraw = True
109.2285 	EXP 	node5: autoDraw = True
109.2285 	EXP 	unnamed ImageStim: autoDraw = True
109.2285 	EXP 	node6: autoDraw = True
109.2285 	EXP 	unnamed ImageStim: autoDraw = True
109.2285 	EXP 	node7: autoDraw = True
109.2285 	EXP 	unnamed ImageStim: autoDraw = True
109.2285 	EXP 	node8: autoDraw = True
109.2285 	EXP 	unnamed ImageStim: autoDraw = True
109.2285 	EXP 	node9: autoDraw = True
109.2285 	EXP 	unnamed ImageStim: autoDraw = True
109.2285 	EXP 	node10: autoDraw = True
109.2285 	EXP 	unnamed ImageStim: autoDraw = True
109.2285 	EXP 	unnamed Rect: autoDraw = True
123.2922 	DATA 	Keypress: space
123.2928 	EXP 	window1: mouseVisible = True
123.2946 	EXP 	Created unnamed TextStim = TextStim(__class__=<class 'psychopy.visual.text.TextStim'>, alignHoriz=method-wrapper(...), alignText='center', alignVert=method-wrapper(...), anchorHoriz='center', anchorVert='center', antialias=True, autoDraw=False, autoLog=True, bold=True, color=array([-0.78823529,  0.65490196, -0.90588235]), colorSpace='rgb', contrast=1.0, depth=0, draggable=False, flipHoriz=False, flipVert=False, font='', fontFiles=[], height=0.04, italic=False, languageStyle='LTR', name='unnamed TextStim', opacity=1.0, ori=0.0, pos=array([0.06, 0.41]), rgb=UNKNOWN, text='+1', units='height', win=Window(...), wrapWidth=1)
123.2948 	EXP 	window1: mouseVisible = True
123.2957 	EXP 	Created unnamed TextStim = TextStim(__class__=<class 'psychopy.visual.text.TextStim'>, alignHoriz=method-wrapper(...), alignText='center', alignVert=method-wrapper(...), anchorHoriz='center', anchorVert='center', antialias=True, autoDraw=False, autoLog=True, bold=True, color=array([-0.78823529,  0.65490196, -0.90588235]), colorSpace='rgb', contrast=1.0, depth=0, draggable=False, flipHoriz=False, flipVert=False, font='', fontFiles=[], height=0.04, italic=False, languageStyle='LTR', name='unnamed TextStim', opacity=1.0, ori=0.0, pos=array([-0.12922429,  0.35443874]), rgb=UNKNOWN, text='+2', units='height', win=Window(...), wrapWidth=1)
123.2958 	EXP 	window1: mouseVisible = True
123.2966 	EXP 	Created unnamed TextStim = TextStim(__class__=<class 'psychopy.visual.text.TextStim'>, alignHoriz=method-wrapper(...), alignText='center', alignVert=method-wrapper(...), anchorHoriz='center', anchorVert='center', antialias=True, autoDraw=False, autoLog=True, bold=True, color=array([-0.78823529,  0.65490196, -0.90588235]), colorSpace='rgb', contrast=1.0, depth=0, draggable=False, flipHoriz=False, flipVert=False, font='', fontFiles=[], height=0.04, italic=False, languageStyle='LTR', name='unnamed TextStim', opacity=1.0, ori=0.0, pos=array([-0.2583712 ,  0.20539525]), rgb=UNKNOWN, text='+3', units='height', win=Window(...), wrapWidth=1)
123.2968 	EXP 	window1: mouseVisible = True
123.2975 	EXP 	Created unnamed TextStim = TextStim(__class__=<class 'psychopy.visual.text.TextStim'>, alignHoriz=method-wrapper(...), alignText='center', alignVert=method-wrapper(...), anchorHoriz='center', anchorVert='center', antialias=True, autoDraw=False, autoLog=True, bold=True, color=array([-0.78823529,  0.65490196, -0.90588235]), colorSpace='rgb', contrast=1.0, depth=0, draggable=False, flipHoriz=False, flipVert=False, font='', fontFiles=[], height=0.04, italic=False, languageStyle='LTR', name='unnamed TextStim', opacity=1.0, ori=0.0, pos=array([-0.2864375 ,  0.01018981]), rgb=UNKNOWN, text='+4', units='height', win=Window(...), wrapWidth=1)
123.3096 	EXP 	node0: borderColor = <psychopy.colors.Color: (-0.79, 0.65, -0.91, 1.0)>
123.3096 	EXP 	unnamed TextStim: autoDraw = True
123.3096 	EXP 	node1: borderColor = <psychopy.colors.Color: (-0.79, 0.65, -0.91, 1.0)>
123.3096 	EXP 	unnamed TextStim: autoDraw = True
123.3096 	EXP 	node2: borderColor = <psychopy.colors.Color: (-0.79, 0.65, -0.91, 1.0)>
123.3096 	EXP 	unnamed TextStim: autoDraw = True
123.3096 	EXP 	node3: borderColor = <psychopy.colors.Color: (-0.79, 0.65, -0.91, 1.0)>
123.3096 	EXP 	unnamed TextStim: autoDraw = True
123.3096 	EXP 	node4: borderColor = <psychopy.colors.Color: black, alpha=1.0>
123.3096 	EXP 	node5: borderColor = <psychopy.colors.Color: black, alpha=1.0>
123.3096 	EXP 	node6: borderColor = <psychopy.colors.Color: black, alpha=1.0>
123.3096 	EXP 	node7: borderColor = <psychopy.colors.Color: black, alpha=1.0>
123.3096 	EXP 	node8: borderColor = <psychopy.colors.Color: black, alpha=1.0>
123.3096 	EXP 	node9: borderColor = <psychopy.colors.Color: black, alpha=1.0>
123.3096 	EXP 	node10: borderColor = <psychopy.colors.Color: black, alpha=1.0>
129.9482 	DATA 	Keypress: space
129.9489 	EXP 	window1: mouseVisible = True
129.9498 	EXP 	Created unnamed TextStim = TextStim(__class__=<class 'psychopy.visual.text.TextStim'>, alignHoriz=method-wrapper(...), alignText='center', alignVert=method-wrapper(...), anchorHoriz='center', anchorVert='center', antialias=True, autoDraw=False, autoLog=True, bold=True, color=array([ 0.78039216, -1.        , -0.92156863]), colorSpace='rgb', contrast=1.0, depth=0, draggable=False, flipHoriz=False, flipVert=False, font='', fontFiles=[], height=0.04, italic=False, languageStyle='LTR', name='unnamed TextStim', opacity=1.0, ori=0.0, pos=array([-0.20451235, -0.16920126]), rgb=UNKNOWN, text='-1', units='height', win=Window(...), wrapWidth=1)
129.9500 	EXP 	window1: mouseVisible = True
129.9507 	EXP 	Created unnamed TextStim = TextStim(__class__=<class 'psychopy.visual.text.TextStim'>, alignHoriz=method-wrapper(...), alignText='center', alignVert=method-wrapper(...), anchorHoriz='center', anchorVert='center', antialias=True, autoDraw=False, autoLog=True, bold=True, color=array([ 0.78039216, -1.        , -0.92156863]), colorSpace='rgb', contrast=1.0, depth=0, draggable=False, flipHoriz=False, flipVert=False, font='', fontFiles=[], height=0.04, italic=False, languageStyle='LTR', name='unnamed TextStim', opacity=1.0, ori=0.0, pos=array([-0.03860639, -0.27582254]), rgb=UNKNOWN, text='-2', units='height', win=Window(...), wrapWidth=1)
129.9508 	EXP 	window1: mouseVisible = True
129.9514 	EXP 	Created unnamed TextStim = TextStim(__class__=<class 'psychopy.visual.text.TextStim'>, alignHoriz=method-wrapper(...), alignText='center', alignVert=method-wrapper(...), anchorHoriz='center', anchorVert='center', antialias=True, autoDraw=False, autoLog=True, bold=True, color=array([ 0.78039216, -1.        , -0.92156863]), colorSpace='rgb', contrast=1.0, depth=0, draggable=False, flipHoriz=False, flipVert=False, font='', fontFiles=[], height=0.04, italic=False, languageStyle='LTR', name='unnamed TextStim', opacity=1.0, ori=0.0, pos=array([ 0.15860639, -0.27582254]), rgb=UNKNOWN, text='-3', units='height', win=Window(...), wrapWidth=1)
129.9515 	EXP 	window1: mouseVisible = True
129.9521 	EXP 	Created unnamed TextStim = TextStim(__class__=<class 'psychopy.visual.text.TextStim'>, alignHoriz=method-wrapper(...), alignText='center', alignVert=method-wrapper(...), anchorHoriz='center', anchorVert='center', antialias=True, autoDraw=False, autoLog=True, bold=True, color=array([ 0.78039216, -1.        , -0.92156863]), colorSpace='rgb', contrast=1.0, depth=0, draggable=False, flipHoriz=False, flipVert=False, font='', fontFiles=[], height=0.04, italic=False, languageStyle='LTR', name='unnamed TextStim', opacity=1.0, ori=0.0, pos=array([ 0.32451235, -0.16920126]), rgb=UNKNOWN, text='-4', units='height', win=Window(...), wrapWidth=1)
129.9588 	EXP 	node0: borderColor = <psychopy.colors.Color: black, alpha=1.0>
129.9588 	EXP 	node1: borderColor = <psychopy.colors.Color: black, alpha=1.0>
129.9588 	EXP 	node2: borderColor = <psychopy.colors.Color: black, alpha=1.0>
129.9588 	EXP 	node3: borderColor = <psychopy.colors.Color: black, alpha=1.0>
129.9588 	EXP 	node4: borderColor = <psychopy.colors.Color: (0.78, -1.0, -0.92, 1.0)>
129.9588 	EXP 	unnamed TextStim: autoDraw = True
129.9588 	EXP 	node5: borderColor = <psychopy.colors.Color: (0.78, -1.0, -0.92, 1.0)>
129.9588 	EXP 	unnamed TextStim: autoDraw = True
129.9588 	EXP 	node6: borderColor = <psychopy.colors.Color: (0.78, -1.0, -0.92, 1.0)>
129.9588 	EXP 	unnamed TextStim: autoDraw = True
129.9588 	EXP 	node7: borderColor = <psychopy.colors.Color: (0.78, -1.0, -0.92, 1.0)>
129.9588 	EXP 	unnamed TextStim: autoDraw = True
129.9588 	EXP 	node8: borderColor = <psychopy.colors.Color: black, alpha=1.0>
129.9588 	EXP 	node9: borderColor = <psychopy.colors.Color: black, alpha=1.0>
129.9588 	EXP 	node10: borderColor = <psychopy.colors.Color: black, alpha=1.0>
140.9961 	DATA 	Keypress: space
140.9968 	EXP 	window1: mouseVisible = True
140.9977 	EXP 	Created unnamed TextStim = TextStim(__class__=<class 'psychopy.visual.text.TextStim'>, alignHoriz=method-wrapper(...), alignText='center', alignVert=method-wrapper(...), anchorHoriz='center', anchorVert='center', antialias=True, autoDraw=False, autoLog=True, bold=True, color=array([ 1,  1, -1]), colorSpace='rgb', contrast=1.0, depth=0, draggable=False, flipHoriz=False, flipVert=False, font='', fontFiles=[], height=0.04, italic=False, languageStyle='LTR', name='unnamed TextStim', opacity=1.0, ori=0.0, pos=array([0.4064375 , 0.01018981]), rgb=UNKNOWN, text='+0', units='height', win=Window(...), wrapWidth=1)
140.9978 	EXP 	window1: mouseVisible = True
140.9984 	EXP 	Created unnamed TextStim = TextStim(__class__=<class 'psychopy.visual.text.TextStim'>, alignHoriz=method-wrapper(...), alignText='center', alignVert=method-wrapper(...), anchorHoriz='center', anchorVert='center', antialias=True, autoDraw=False, autoLog=True, bold=True, color=array([ 1,  1, -1]), colorSpace='rgb', contrast=1.0, depth=0, draggable=False, flipHoriz=False, flipVert=False, font='', fontFiles=[], height=0.04, italic=False, languageStyle='LTR', name='unnamed TextStim', opacity=1.0, ori=0.0, pos=array([0.3783712 , 0.20539525]), rgb=UNKNOWN, text='+0', units='height', win=Window(...), wrapWidth=1)
140.9985 	EXP 	window1: mouseVisible = True
140.9991 	EXP 	Created unnamed TextStim = TextStim(__class__=<class 'psychopy.visual.text.TextStim'>, alignHoriz=method-wrapper(...), alignText='center', alignVert=method-wrapper(...), anchorHoriz='center', anchorVert='center', antialias=True, autoDraw=False, autoLog=True, bold=True, color=array([ 1,  1, -1]), colorSpace='rgb', contrast=1.0, depth=0, draggable=False, flipHoriz=False, flipVert=False, font='', fontFiles=[], height=0.04, italic=False, languageStyle='LTR', name='unnamed TextStim', opacity=1.0, ori=0.0, pos=array([0.24922429, 0.35443874]), rgb=UNKNOWN, text='+0', units='height', win=Window(...), wrapWidth=1)
141.0058 	EXP 	node0: borderColor = <psychopy.colors.Color: black, alpha=1.0>
141.0058 	EXP 	node1: borderColor = <psychopy.colors.Color: black, alpha=1.0>
141.0058 	EXP 	node2: borderColor = <psychopy.colors.Color: black, alpha=1.0>
141.0058 	EXP 	node3: borderColor = <psychopy.colors.Color: black, alpha=1.0>
141.0058 	EXP 	node4: borderColor = <psychopy.colors.Color: black, alpha=1.0>
141.0058 	EXP 	node5: borderColor = <psychopy.colors.Color: black, alpha=1.0>
141.0058 	EXP 	node6: borderColor = <psychopy.colors.Color: black, alpha=1.0>
141.0058 	EXP 	node7: borderColor = <psychopy.colors.Color: black, alpha=1.0>
141.0058 	EXP 	node8: borderColor = <psychopy.colors.Color: yellow, alpha=1.0>
141.0058 	EXP 	unnamed TextStim: autoDraw = True
141.0058 	EXP 	node9: borderColor = <psychopy.colors.Color: yellow, alpha=1.0>
141.0058 	EXP 	unnamed TextStim: autoDraw = True
141.0058 	EXP 	node10: borderColor = <psychopy.colors.Color: yellow, alpha=1.0>
141.0058 	EXP 	unnamed TextStim: autoDraw = True
155.7242 	DATA 	Keypress: space
195.6283 	DATA 	Keypress: space
195.6337 	EXP 	unnamed Rect: autoDraw = False
195.6337 	EXP 	node0: autoDraw = False
195.6337 	EXP 	unnamed ImageStim: autoDraw = False
195.6337 	EXP 	node1: autoDraw = False
195.6337 	EXP 	unnamed ImageStim: autoDraw = False
195.6337 	EXP 	node2: autoDraw = False
195.6337 	EXP 	unnamed ImageStim: autoDraw = False
195.6337 	EXP 	node3: autoDraw = False
195.6337 	EXP 	unnamed ImageStim: autoDraw = False
195.6337 	EXP 	node4: autoDraw = False
195.6337 	EXP 	unnamed ImageStim: autoDraw = False
195.6337 	EXP 	node5: autoDraw = False
195.6337 	EXP 	unnamed ImageStim: autoDraw = False
195.6337 	EXP 	node6: autoDraw = False
195.6337 	EXP 	unnamed ImageStim: autoDraw = False
195.6337 	EXP 	node7: autoDraw = False
195.6337 	EXP 	unnamed ImageStim: autoDraw = False
195.6337 	EXP 	node8: autoDraw = False
195.6337 	EXP 	unnamed ImageStim: autoDraw = False
195.6337 	EXP 	node9: autoDraw = False
195.6337 	EXP 	unnamed ImageStim: autoDraw = False
195.6337 	EXP 	node10: autoDraw = False
195.6337 	EXP 	unnamed ImageStim: autoDraw = False
195.6337 	EXP 	unnamed Rect: autoDraw = False
195.6337 	EXP 	unnamed TextStim: autoDraw = False
195.6337 	EXP 	unnamed TextStim: autoDraw = False
195.6337 	EXP 	unnamed TextStim: autoDraw = False
195.6337 	EXP 	unnamed TextStim: autoDraw = False
195.6337 	EXP 	unnamed TextStim: autoDraw = False
195.6337 	EXP 	unnamed TextStim: autoDraw = False
195.6337 	EXP 	unnamed TextStim: autoDraw = False
195.6337 	EXP 	unnamed TextStim: autoDraw = False
195.6337 	EXP 	unnamed TextStim: autoDraw = False
195.6337 	EXP 	unnamed TextStim: autoDraw = False
195.6337 	EXP 	unnamed TextStim: autoDraw = False
197.6360 	DATA 	Keypress: space
199.7560 	DATA 	Keypress: space
199.7564 	INFO 	Mouse: using default window
199.7565 	EXP 	window1: mouseVisible = True
199.7565 	EXP 	window1: mouseVisible = True
199.7594 	EXP 	Created unnamed TextStim = TextStim(__class__=<class 'psychopy.visual.text.TextStim'>, alignHoriz=method-wrapper(...), alignText='center', alignVert=method-wrapper(...), anchorHoriz='center', anchorVert='center', antialias=True, autoDraw=False, autoLog=True, bold=False, color=array([1, 1, 1]), colorSpace='rgb', contrast=1.0, depth=0, draggable=False, flipHoriz=False, flipVert=False, font='', fontFiles=[], height=0.035, italic=False, languageStyle='LTR', name='unnamed TextStim', opacity=1.0, ori=0.0, pos=array([0., 0.]), rgb=UNKNOWN, text='press Space to start', units='height', win=Window(...), wrapWidth=1)
200.3878 	DATA 	Keypress: space
200.3882 	EXP 	window1: mouseVisible = True
200.3887 	EXP 	Created unnamed Rect = Rect(__class__=<class 'psychopy.visual.rect.Rect'>, anchor=('center', 'center'), autoDraw=False, autoLog=True, closeShape=True, color=method-wrapper(...), colorSpace='rgb', contrast=None, depth=0, draggable=False, fillColor=array([0.00392157, 0.00392157, 0.00392157]), fillColorSpace='rgb', fillRGB=array([0.00392157, 0.00392157, 0.00392157]), interpolate=True, lineColor=array([0, 0, 0]), lineColorSpace='rgb', lineRGB=array([0, 0, 0]), lineWidth=0, name='unnamed Rect', opacity=0.5, ori=0.0, pos=array([-0.65,  0.45]), size=array([0.1, 0.1]), units='height', vertices=ndarray(...), win=Window(...))
200.3897 	EXP 	window1: mouseVisible = True
200.3920 	EXP 	Created node0 = Circle(__class__=<class 'psychopy.visual.circle.Circle'>, anchor=('center', 'center'), autoDraw=False, autoLog=True, closeShape=True, color=method-wrapper(...), colorSpace='rgb', contrast=None, depth=0, draggable=False, fillColor=array([1, 1, 1]), fillColorSpace='rgb', fillRGB=array([1, 1, 1]), interpolate=True, lineColor=array([-1, -1, -1]), lineColorSpace='rgb', lineRGB=array([-1, -1, -1]), lineWidth=2, name='node0', opacity=1.0, ori=0.0, pos=array([0.  , 0.35]), size=array([1., 1.]), units='height', vertices=ndarray(...), win=Window(...))
200.3931 	EXP 	window1: mouseVisible = True
200.3949 	EXP 	Created node1 = Circle(__class__=<class 'psychopy.visual.circle.Circle'>, anchor=('center', 'center'), autoDraw=False, autoLog=True, closeShape=True, color=method-wrapper(...), colorSpace='rgb', contrast=None, depth=0, draggable=False, fillColor=array([1, 1, 1]), fillColorSpace='rgb', fillRGB=array([1, 1, 1]), interpolate=True, lineColor=array([-1, -1, -1]), lineColorSpace='rgb', lineRGB=array([-1, -1, -1]), lineWidth=2, name='node1', opacity=1.0, ori=0.0, pos=array([-0.18922429,  0.29443874]), size=array([1., 1.]), units='height', vertices=ndarray(...), win=Window(...))
200.3960 	EXP 	window1: mouseVisible = True
200.3978 	EXP 	Created node2 = Circle(__class__=<class 'psychopy.visual.circle.Circle'>, anchor=('center', 'center'), autoDraw=False, autoLog=True, closeShape=True, color=method-wrapper(...), colorSpace='rgb', contrast=None, depth=0, draggable=False, fillColor=array([1, 1, 1]), fillColorSpace='rgb', fillRGB=array([1, 1, 1]), interpolate=True, lineColor=array([-1, -1, -1]), lineColorSpace='rgb', lineRGB=array([-1, -1, -1]), lineWidth=2, name='node2', opacity=1.0, ori=0.0, pos=array([-0.3183712 ,  0.14539525]), size=array([1., 1.]), units='height', vertices=ndarray(...), win=Window(...))
200.3979 	EXP 	window1: mouseVisible = True
200.4158 	EXP 	Created unnamed ImageStim = ImageStim(__class__=<class 'psychopy.visual.image.ImageStim'>, anchor=('center', 'center'), autoLog=True, color=array([1., 1., 1.]), colorSpace='rgb', contrast=1.0, depth=0, draggable=False, flipHoriz=False, flipVert=False, image='images/pattern_7.png', interpolate=False, mask=None, maskParams=None, name='unnamed ImageStim', opacity=1.0, ori=0.0, pos=array([-0.3183712 ,  0.14539525]), size=array([0.12, 0.12]), texRes=128, units='height', win=Window(...))
200.4168 	EXP 	window1: mouseVisible = True
200.4187 	EXP 	Created node3 = Circle(__class__=<class 'psychopy.visual.circle.Circle'>, anchor=('center', 'center'), autoDraw=False, autoLog=True, closeShape=True, color=method-wrapper(...), colorSpace='rgb', contrast=None, depth=0, draggable=False, fillColor=array([1, 1, 1]), fillColorSpace='rgb', fillRGB=array([1, 1, 1]), interpolate=True, lineColor=array([-1, -1, -1]), lineColorSpace='rgb', lineRGB=array([-1, -1, -1]), lineWidth=2, name='node3', opacity=1.0, ori=0.0, pos=array([-0.3464375 , -0.04981019]), size=array([1., 1.]), units='height', vertices=ndarray(...), win=Window(...))
200.4197 	EXP 	window1: mouseVisible = True
200.4216 	EXP 	Created node4 = Circle(__class__=<class 'psychopy.visual.circle.Circle'>, anchor=('center', 'center'), autoDraw=False, autoLog=True, closeShape=True, color=method-wrapper(...), colorSpace='rgb', contrast=None, depth=0, draggable=False, fillColor=array([1, 1, 1]), fillColorSpace='rgb', fillRGB=array([1, 1, 1]), interpolate=True, lineColor=array([-1, -1, -1]), lineColorSpace='rgb', lineRGB=array([-1, -1, -1]), lineWidth=2, name='node4', opacity=1.0, ori=0.0, pos=array([-0.26451235, -0.22920126]), size=array([1., 1.]), units='height', vertices=ndarray(...), win=Window(...))
200.4226 	EXP 	window1: mouseVisible = True
200.4245 	EXP 	Created node5 = Circle(__class__=<class 'psychopy.visual.circle.Circle'>, anchor=('center', 'center'), autoDraw=False, autoLog=True, closeShape=True, color=method-wrapper(...), colorSpace='rgb', contrast=None, depth=0, draggable=False, fillColor=array([1, 1, 1]), fillColorSpace='rgb', fillRGB=array([1, 1, 1]), interpolate=True, lineColor=array([-1, -1, -1]), lineColorSpace='rgb', lineRGB=array([-1, -1, -1]), lineWidth=2, name='node5', opacity=1.0, ori=0.0, pos=array([-0.09860639, -0.33582254]), size=array([1., 1.]), units='height', vertices=ndarray(...), win=Window(...))
200.4255 	EXP 	window1: mouseVisible = True
200.4274 	EXP 	Created node6 = Circle(__class__=<class 'psychopy.visual.circle.Circle'>, anchor=('center', 'center'), autoDraw=False, autoLog=True, closeShape=True, color=method-wrapper(...), colorSpace='rgb', contrast=None, depth=0, draggable=False, fillColor=array([1, 1, 1]), fillColorSpace='rgb', fillRGB=array([1, 1, 1]), interpolate=True, lineColor=array([-1, -1, -1]), lineColorSpace='rgb', lineRGB=array([-1, -1, -1]), lineWidth=2, name='node6', opacity=1.0, ori=0.0, pos=array([ 0.09860639, -0.33582254]), size=array([1., 1.]), units='height', vertices=ndarray(...), win=Window(...))
200.4284 	EXP 	window1: mouseVisible = True
200.4303 	EXP 	Created node7 = Circle(__class__=<class 'psychopy.visual.circle.Circle'>, anchor=('center', 'center'), autoDraw=False, autoLog=True, closeShape=True, color=method-wrapper(...), colorSpace='rgb', contrast=None, depth=0, draggable=False, fillColor=array([1, 1, 1]), fillColorSpace='rgb', fillRGB=array([1, 1, 1]), interpolate=True, lineColor=array([-1, -1, -1]), lineColorSpace='rgb', lineRGB=array([-1, -1, -1]), lineWidth=2, name='node7', opacity=1.0, ori=0.0, pos=array([ 0.26451235, -0.22920126]), size=array([1., 1.]), units='height', vertices=ndarray(...), win=Window(...))
200.4313 	EXP 	window1: mouseVisible = True
200.4332 	EXP 	Created node8 = Circle(__class__=<class 'psychopy.visual.circle.Circle'>, anchor=('center', 'center'), autoDraw=False, autoLog=True, closeShape=True, color=method-wrapper(...), colorSpace='rgb', contrast=None, depth=0, draggable=False, fillColor=array([1, 1, 1]), fillColorSpace='rgb', fillRGB=array([1, 1, 1]), interpolate=True, lineColor=array([-1, -1, -1]), lineColorSpace='rgb', lineRGB=array([-1, -1, -1]), lineWidth=2, name='node8', opacity=1.0, ori=0.0, pos=array([ 0.3464375 , -0.04981019]), size=array([1., 1.]), units='height', vertices=ndarray(...), win=Window(...))
200.4342 	EXP 	window1: mouseVisible = True
200.4360 	EXP 	Created node9 = Circle(__class__=<class 'psychopy.visual.circle.Circle'>, anchor=('center', 'center'), autoDraw=False, autoLog=True, closeShape=True, color=method-wrapper(...), colorSpace='rgb', contrast=None, depth=0, draggable=False, fillColor=array([1, 1, 1]), fillColorSpace='rgb', fillRGB=array([1, 1, 1]), interpolate=True, lineColor=array([-1, -1, -1]), lineColorSpace='rgb', lineRGB=array([-1, -1, -1]), lineWidth=2, name='node9', opacity=1.0, ori=0.0, pos=array([0.3183712 , 0.14539525]), size=array([1., 1.]), units='height', vertices=ndarray(...), win=Window(...))
200.4370 	EXP 	window1: mouseVisible = True
200.4389 	EXP 	Created node10 = Circle(__class__=<class 'psychopy.visual.circle.Circle'>, anchor=('center', 'center'), autoDraw=False, autoLog=True, closeShape=True, color=method-wrapper(...), colorSpace='rgb', contrast=None, depth=0, draggable=False, fillColor=array([1, 1, 1]), fillColorSpace='rgb', fillRGB=array([1, 1, 1]), interpolate=True, lineColor=array([-1, -1, -1]), lineColorSpace='rgb', lineRGB=array([-1, -1, -1]), lineWidth=2, name='node10', opacity=1.0, ori=0.0, pos=array([0.18922429, 0.29443874]), size=array([1., 1.]), units='height', vertices=ndarray(...), win=Window(...))
200.4389 	EXP 	window1: mouseVisible = True
200.4571 	EXP 	Created unnamed ImageStim = ImageStim(__class__=<class 'psychopy.visual.image.ImageStim'>, anchor=('center', 'center'), autoLog=True, color=array([1., 1., 1.]), colorSpace='rgb', contrast=1.0, depth=0, draggable=False, flipHoriz=False, flipVert=False, image='images/pattern_9.png', interpolate=False, mask=None, maskParams=None, name='unnamed ImageStim', opacity=1.0, ori=0.0, pos=array([0.18922429, 0.29443874]), size=array([0.12, 0.12]), texRes=128, units='height', win=Window(...))
200.4572 	EXP 	window1: mouseVisible = True
200.4576 	EXP 	Created unnamed Line = Line(__class__=<class 'psychopy.visual.line.Line'>, anchor=('center', 'center'), autoDraw=False, autoLog=True, closeShape=False, color=array([-1, -1, -1]), colorSpace='rgb', contrast=None, depth=2, draggable=False, fillColor=array([0, 0, 0]), fillColorSpace='rgb', fillRGB=array([0, 0, 0]), interpolate=True, lineColor=array([-1, -1, -1]), lineColorSpace='rgb', lineRGB=array([-1, -1, -1]), lineWidth=4, name='unnamed Line', opacity=0.5, ori=0.0, pos=array([0., 0.]), size=array([1., 1.]), units='height', vertices=ndarray(...), win=Window(...), windingRule=None)
200.4577 	EXP 	window1: mouseVisible = True
200.4581 	EXP 	Created unnamed ShapeStim = ShapeStim(__class__=<class 'psychopy.visual.shape.ShapeStim'>, anchor=('center', 'center'), autoDraw=False, autoLog=True, closeShape=True, color=method-wrapper(...), colorSpace='rgb', contrast=None, depth=0, draggable=False, fillColor=array([-1, -1, -1]), fillColorSpace='rgb', fillRGB=array([-1, -1, -1]), interpolate=True, lineColor=array([-1, -1, -1]), lineColorSpace='rgb', lineRGB=array([-1, -1, -1]), lineWidth=1.5, name='unnamed ShapeStim', opacity=1.0, ori=8.181818181818187, pos=array([0.18210854, 0.24494766]), size=array([1., 1.]), units='height', vertices=ndarray(...), win=Window(...), windingRule=None)
200.4581 	EXP 	window1: mouseVisible = True
200.4585 	EXP 	Created unnamed Line = Line(__class__=<class 'psychopy.visual.line.Line'>, anchor=('center', 'center'), autoDraw=False, autoLog=True, closeShape=False, color=array([-1, -1, -1]), colorSpace='rgb', contrast=None, depth=2, draggable=False, fillColor=array([0, 0, 0]), fillColorSpace='rgb', fillRGB=array([0, 0, 0]), interpolate=True, lineColor=array([-1, -1, -1]), lineColorSpace='rgb', lineRGB=array([-1, -1, -1]), lineWidth=4, name='unnamed Line', opacity=0.5, ori=0.0, pos=array([0., 0.]), size=array([1., 1.]), units='height', vertices=ndarray(...), win=Window(...), windingRule=None)
200.4585 	EXP 	window1: mouseVisible = True
200.4589 	EXP 	Created unnamed ShapeStim = ShapeStim(__class__=<class 'psychopy.visual.shape.ShapeStim'>, anchor=('center', 'center'), autoDraw=False, autoLog=True, closeShape=True, color=method-wrapper(...), colorSpace='rgb', contrast=None, depth=0, draggable=False, fillColor=array([-1, -1, -1]), fillColorSpace='rgb', fillRGB=array([-1, -1, -1]), interpolate=True, lineColor=array([-1, -1, -1]), lineColorSpace='rgb', lineRGB=array([-1, -1, -1]), lineWidth=1.5, name='unnamed ShapeStim', opacity=1.0, ori=-40.90909090909091, pos=array([-0.28562816,  0.10760778]), size=array([1., 1.]), units='height', vertices=ndarray(...), win=Window(...), windingRule=None)
200.4589 	EXP 	window1: mouseVisible = True
200.4593 	EXP 	Created unnamed Rect = Rect(__class__=<class 'psychopy.visual.rect.Rect'>, anchor=('center', 'center'), autoDraw=False, autoLog=True, closeShape=True, color=method-wrapper(...), colorSpace='rgb', contrast=None, depth=0, draggable=False, fillColor=array([0.00392157, 0.00392157, 0.00392157]), fillColorSpace='rgb', fillRGB=array([0.00392157, 0.00392157, 0.00392157]), interpolate=True, lineColor=array([0, 0, 0]), lineColorSpace='rgb', lineRGB=array([0, 0, 0]), lineWidth=0, name='unnamed Rect', opacity=0.0, ori=0.0, pos=array([0.1, 0. ]), size=array([1.1, 1. ]), units='height', vertices=ndarray(...), win=Window(...))
200.4633 	EXP 	unnamed Rect: autoDraw = True
200.4633 	EXP 	node0: autoDraw = True
200.4633 	EXP 	node1: autoDraw = True
200.4633 	EXP 	node2: autoDraw = True
200.4633 	EXP 	unnamed ImageStim: autoDraw = True
200.4633 	EXP 	node3: autoDraw = True
200.4633 	EXP 	node4: autoDraw = True
200.4633 	EXP 	node5: autoDraw = True
200.4633 	EXP 	node6: autoDraw = True
200.4633 	EXP 	node7: autoDraw = True
200.4633 	EXP 	node8: autoDraw = True
200.4633 	EXP 	node9: autoDraw = True
200.4633 	EXP 	node10: autoDraw = True
200.4633 	EXP 	unnamed ImageStim: autoDraw = True
200.4633 	EXP 	unnamed Line: autoDraw = True
200.4633 	EXP 	unnamed Line: autoDraw = True
200.4633 	EXP 	unnamed ShapeStim: autoDraw = True
200.4633 	EXP 	unnamed Line: autoDraw = True
200.4633 	EXP 	unnamed Line: autoDraw = True
200.4633 	EXP 	unnamed ShapeStim: autoDraw = True
200.4633 	EXP 	unnamed Rect: autoDraw = True
200.4633 	EXP 	node6: fillColor = '#126DEF'
200.4682 	EXP 	node6: fillColor = '#126DEF'
200.4682 	EXP 	unnamed Line: autoDraw = False
200.4682 	EXP 	unnamed ShapeStim: autoDraw = False
200.4682 	EXP 	unnamed Line: autoDraw = True
200.4682 	EXP 	unnamed ShapeStim: autoDraw = True
200.4682 	EXP 	unnamed Line: autoDraw = False
200.4682 	EXP 	unnamed ShapeStim: autoDraw = False
200.4682 	EXP 	unnamed Line: autoDraw = True
200.4682 	EXP 	unnamed ShapeStim: autoDraw = True
200.4682 	EXP 	unnamed Line: foreColor = <psychopy.colors.Color: (1.0, 0.58, -0.87, 1.0)>
200.4682 	EXP 	unnamed Line: borderColor = <psychopy.colors.Color: (1.0, 0.58, -0.87, 1.0)>
200.4682 	EXP 	unnamed Line: fillColor = <psychopy.colors.Color: (1.0, 0.58, -0.87, 1.0)>
200.4682 	EXP 	unnamed ShapeStim: foreColor = <psychopy.colors.Color: (1.0, 0.58, -0.87, 1.0)>
200.4682 	EXP 	unnamed ShapeStim: borderColor = <psychopy.colors.Color: (1.0, 0.58, -0.87, 1.0)>
200.4682 	EXP 	unnamed ShapeStim: fillColor = <psychopy.colors.Color: (1.0, 0.58, -0.87, 1.0)>
204.8441 	DATA 	Keypress: j
204.8504 	EXP 	node2: fillColor = '#126DEF'
204.8504 	EXP 	node6: fillColor = 'white'
205.5507 	EXP 	window1: mouseVisible = True
205.5522 	EXP 	Created unnamed TextStim = TextStim(__class__=<class 'psychopy.visual.text.TextStim'>, alignHoriz=method-wrapper(...), alignText='center', alignVert=method-wrapper(...), anchorHoriz='center', anchorVert='center', antialias=True, autoDraw=False, autoLog=True, bold=True, color=array([-0.88235294, -0.12156863, -0.97647059]), colorSpace='rgb', contrast=1.0, depth=0, draggable=False, flipHoriz=False, flipVert=False, font='', fontFiles=[], height=0.04, italic=False, languageStyle='LTR', name='unnamed TextStim', opacity=1.0, ori=0.0, pos=array([-0.2583712 ,  0.20539525]), rgb=UNKNOWN, text='+2', units='height', win=Window(...), wrapWidth=1)
205.5565 	EXP 	node2: fillColor = 'white'
205.5565 	EXP 	unnamed ImageStim: autoDraw = True
206.5650 	EXP 	unnamed ImageStim: autoDraw = False
206.5650 	EXP 	unnamed Rect: autoDraw = False
206.5650 	EXP 	unnamed Rect: autoDraw = True
206.7289 	EXP 	unnamed Rect: autoDraw = False
206.7289 	EXP 	node0: autoDraw = False
206.7289 	EXP 	node1: autoDraw = False
206.7289 	EXP 	node2: autoDraw = False
206.7289 	EXP 	unnamed ImageStim: autoDraw = False
206.7289 	EXP 	node3: autoDraw = False
206.7289 	EXP 	node4: autoDraw = False
206.7289 	EXP 	node5: autoDraw = False
206.7289 	EXP 	node6: autoDraw = False
206.7289 	EXP 	node7: autoDraw = False
206.7289 	EXP 	node8: autoDraw = False
206.7289 	EXP 	node9: autoDraw = False
206.7289 	EXP 	node10: autoDraw = False
206.7289 	EXP 	unnamed ImageStim: autoDraw = False
206.7289 	EXP 	unnamed Line: autoDraw = False
206.7289 	EXP 	unnamed ShapeStim: autoDraw = False
206.7289 	EXP 	unnamed Line: autoDraw = False
206.7289 	EXP 	unnamed ShapeStim: autoDraw = False
206.7289 	EXP 	unnamed Rect: autoDraw = False
206.7336 	INFO 	Mouse: using default window
206.7337 	EXP 	window1: mouseVisible = True
206.7338 	EXP 	window1: mouseVisible = True
206.7383 	EXP 	Created unnamed TextStim = TextStim(__class__=<class 'psychopy.visual.text.TextStim'>, alignHoriz=method-wrapper(...), alignText='center', alignVert=method-wrapper(...), anchorHoriz='center', anchorVert='center', antialias=True, autoDraw=False, autoLog=True, bold=False, color=array([1, 1, 1]), colorSpace='rgb', contrast=1.0, depth=0, draggable=False, flipHoriz=False, flipVert=False, font='', fontFiles=[], height=0.035, italic=False, languageStyle='LTR', name='unnamed TextStim', opacity=1.0, ori=0.0, pos=array([0., 0.]), rgb=UNKNOWN, text='press Space to start', units='height', win=Window(...), wrapWidth=1)
208.4521 	DATA 	Keypress: space
208.4526 	EXP 	window1: mouseVisible = True
208.4531 	EXP 	Created unnamed Rect = Rect(__class__=<class 'psychopy.visual.rect.Rect'>, anchor=('center', 'center'), autoDraw=False, autoLog=True, closeShape=True, color=method-wrapper(...), colorSpace='rgb', contrast=None, depth=0, draggable=False, fillColor=array([0.00392157, 0.00392157, 0.00392157]), fillColorSpace='rgb', fillRGB=array([0.00392157, 0.00392157, 0.00392157]), interpolate=True, lineColor=array([0, 0, 0]), lineColorSpace='rgb', lineRGB=array([0, 0, 0]), lineWidth=0, name='unnamed Rect', opacity=0.5, ori=0.0, pos=array([-0.65,  0.45]), size=array([0.1, 0.1]), units='height', vertices=ndarray(...), win=Window(...))
208.4541 	EXP 	window1: mouseVisible = True
208.4561 	EXP 	Created node0 = Circle(__class__=<class 'psychopy.visual.circle.Circle'>, anchor=('center', 'center'), autoDraw=False, autoLog=True, closeShape=True, color=method-wrapper(...), colorSpace='rgb', contrast=None, depth=0, draggable=False, fillColor=array([1, 1, 1]), fillColorSpace='rgb', fillRGB=array([1, 1, 1]), interpolate=True, lineColor=array([-1, -1, -1]), lineColorSpace='rgb', lineRGB=array([-1, -1, -1]), lineWidth=2, name='node0', opacity=1.0, ori=0.0, pos=array([0.  , 0.35]), size=array([1., 1.]), units='height', vertices=ndarray(...), win=Window(...))
208.4571 	EXP 	window1: mouseVisible = True
208.4590 	EXP 	Created node1 = Circle(__class__=<class 'psychopy.visual.circle.Circle'>, anchor=('center', 'center'), autoDraw=False, autoLog=True, closeShape=True, color=method-wrapper(...), colorSpace='rgb', contrast=None, depth=0, draggable=False, fillColor=array([1, 1, 1]), fillColorSpace='rgb', fillRGB=array([1, 1, 1]), interpolate=True, lineColor=array([-1, -1, -1]), lineColorSpace='rgb', lineRGB=array([-1, -1, -1]), lineWidth=2, name='node1', opacity=1.0, ori=0.0, pos=array([-0.18922429,  0.29443874]), size=array([1., 1.]), units='height', vertices=ndarray(...), win=Window(...))
208.4591 	EXP 	window1: mouseVisible = True
208.4784 	EXP 	Created unnamed ImageStim = ImageStim(__class__=<class 'psychopy.visual.image.ImageStim'>, anchor=('center', 'center'), autoLog=True, color=array([1., 1., 1.]), colorSpace='rgb', contrast=1.0, depth=0, draggable=False, flipHoriz=False, flipVert=False, image='images/pattern_9.png', interpolate=False, mask=None, maskParams=None, name='unnamed ImageStim', opacity=1.0, ori=0.0, pos=array([-0.18922429,  0.29443874]), size=array([0.12, 0.12]), texRes=128, units='height', win=Window(...))
208.4794 	EXP 	window1: mouseVisible = True
208.4813 	EXP 	Created node2 = Circle(__class__=<class 'psychopy.visual.circle.Circle'>, anchor=('center', 'center'), autoDraw=False, autoLog=True, closeShape=True, color=method-wrapper(...), colorSpace='rgb', contrast=None, depth=0, draggable=False, fillColor=array([1, 1, 1]), fillColorSpace='rgb', fillRGB=array([1, 1, 1]), interpolate=True, lineColor=array([-1, -1, -1]), lineColorSpace='rgb', lineRGB=array([-1, -1, -1]), lineWidth=2, name='node2', opacity=1.0, ori=0.0, pos=array([-0.3183712 ,  0.14539525]), size=array([1., 1.]), units='height', vertices=ndarray(...), win=Window(...))
208.4824 	EXP 	window1: mouseVisible = True
208.4843 	EXP 	Created node3 = Circle(__class__=<class 'psychopy.visual.circle.Circle'>, anchor=('center', 'center'), autoDraw=False, autoLog=True, closeShape=True, color=method-wrapper(...), colorSpace='rgb', contrast=None, depth=0, draggable=False, fillColor=array([1, 1, 1]), fillColorSpace='rgb', fillRGB=array([1, 1, 1]), interpolate=True, lineColor=array([-1, -1, -1]), lineColorSpace='rgb', lineRGB=array([-1, -1, -1]), lineWidth=2, name='node3', opacity=1.0, ori=0.0, pos=array([-0.3464375 , -0.04981019]), size=array([1., 1.]), units='height', vertices=ndarray(...), win=Window(...))
208.4853 	EXP 	window1: mouseVisible = True
208.4872 	EXP 	Created node4 = Circle(__class__=<class 'psychopy.visual.circle.Circle'>, anchor=('center', 'center'), autoDraw=False, autoLog=True, closeShape=True, color=method-wrapper(...), colorSpace='rgb', contrast=None, depth=0, draggable=False, fillColor=array([1, 1, 1]), fillColorSpace='rgb', fillRGB=array([1, 1, 1]), interpolate=True, lineColor=array([-1, -1, -1]), lineColorSpace='rgb', lineRGB=array([-1, -1, -1]), lineWidth=2, name='node4', opacity=1.0, ori=0.0, pos=array([-0.26451235, -0.22920126]), size=array([1., 1.]), units='height', vertices=ndarray(...), win=Window(...))
208.4882 	EXP 	window1: mouseVisible = True
208.4900 	EXP 	Created node5 = Circle(__class__=<class 'psychopy.visual.circle.Circle'>, anchor=('center', 'center'), autoDraw=False, autoLog=True, closeShape=True, color=method-wrapper(...), colorSpace='rgb', contrast=None, depth=0, draggable=False, fillColor=array([1, 1, 1]), fillColorSpace='rgb', fillRGB=array([1, 1, 1]), interpolate=True, lineColor=array([-1, -1, -1]), lineColorSpace='rgb', lineRGB=array([-1, -1, -1]), lineWidth=2, name='node5', opacity=1.0, ori=0.0, pos=array([-0.09860639, -0.33582254]), size=array([1., 1.]), units='height', vertices=ndarray(...), win=Window(...))
208.4911 	EXP 	window1: mouseVisible = True
208.4929 	EXP 	Created node6 = Circle(__class__=<class 'psychopy.visual.circle.Circle'>, anchor=('center', 'center'), autoDraw=False, autoLog=True, closeShape=True, color=method-wrapper(...), colorSpace='rgb', contrast=None, depth=0, draggable=False, fillColor=array([1, 1, 1]), fillColorSpace='rgb', fillRGB=array([1, 1, 1]), interpolate=True, lineColor=array([-1, -1, -1]), lineColorSpace='rgb', lineRGB=array([-1, -1, -1]), lineWidth=2, name='node6', opacity=1.0, ori=0.0, pos=array([ 0.09860639, -0.33582254]), size=array([1., 1.]), units='height', vertices=ndarray(...), win=Window(...))
208.4939 	EXP 	window1: mouseVisible = True
208.4958 	EXP 	Created node7 = Circle(__class__=<class 'psychopy.visual.circle.Circle'>, anchor=('center', 'center'), autoDraw=False, autoLog=True, closeShape=True, color=method-wrapper(...), colorSpace='rgb', contrast=None, depth=0, draggable=False, fillColor=array([1, 1, 1]), fillColorSpace='rgb', fillRGB=array([1, 1, 1]), interpolate=True, lineColor=array([-1, -1, -1]), lineColorSpace='rgb', lineRGB=array([-1, -1, -1]), lineWidth=2, name='node7', opacity=1.0, ori=0.0, pos=array([ 0.26451235, -0.22920126]), size=array([1., 1.]), units='height', vertices=ndarray(...), win=Window(...))
208.4958 	EXP 	window1: mouseVisible = True
208.5128 	EXP 	Created unnamed ImageStim = ImageStim(__class__=<class 'psychopy.visual.image.ImageStim'>, anchor=('center', 'center'), autoLog=True, color=array([1., 1., 1.]), colorSpace='rgb', contrast=1.0, depth=0, draggable=False, flipHoriz=False, flipVert=False, image='images/pattern_5.png', interpolate=False, mask=None, maskParams=None, name='unnamed ImageStim', opacity=1.0, ori=0.0, pos=array([ 0.26451235, -0.22920126]), size=array([0.12, 0.12]), texRes=128, units='height', win=Window(...))
208.5139 	EXP 	window1: mouseVisible = True
208.5158 	EXP 	Created node8 = Circle(__class__=<class 'psychopy.visual.circle.Circle'>, anchor=('center', 'center'), autoDraw=False, autoLog=True, closeShape=True, color=method-wrapper(...), colorSpace='rgb', contrast=None, depth=0, draggable=False, fillColor=array([1, 1, 1]), fillColorSpace='rgb', fillRGB=array([1, 1, 1]), interpolate=True, lineColor=array([-1, -1, -1]), lineColorSpace='rgb', lineRGB=array([-1, -1, -1]), lineWidth=2, name='node8', opacity=1.0, ori=0.0, pos=array([ 0.3464375 , -0.04981019]), size=array([1., 1.]), units='height', vertices=ndarray(...), win=Window(...))
208.5168 	EXP 	window1: mouseVisible = True
208.5187 	EXP 	Created node9 = Circle(__class__=<class 'psychopy.visual.circle.Circle'>, anchor=('center', 'center'), autoDraw=False, autoLog=True, closeShape=True, color=method-wrapper(...), colorSpace='rgb', contrast=None, depth=0, draggable=False, fillColor=array([1, 1, 1]), fillColorSpace='rgb', fillRGB=array([1, 1, 1]), interpolate=True, lineColor=array([-1, -1, -1]), lineColorSpace='rgb', lineRGB=array([-1, -1, -1]), lineWidth=2, name='node9', opacity=1.0, ori=0.0, pos=array([0.3183712 , 0.14539525]), size=array([1., 1.]), units='height', vertices=ndarray(...), win=Window(...))
208.5197 	EXP 	window1: mouseVisible = True
208.5215 	EXP 	Created node10 = Circle(__class__=<class 'psychopy.visual.circle.Circle'>, anchor=('center', 'center'), autoDraw=False, autoLog=True, closeShape=True, color=method-wrapper(...), colorSpace='rgb', contrast=None, depth=0, draggable=False, fillColor=array([1, 1, 1]), fillColorSpace='rgb', fillRGB=array([1, 1, 1]), interpolate=True, lineColor=array([-1, -1, -1]), lineColorSpace='rgb', lineRGB=array([-1, -1, -1]), lineWidth=2, name='node10', opacity=1.0, ori=0.0, pos=array([0.18922429, 0.29443874]), size=array([1., 1.]), units='height', vertices=ndarray(...), win=Window(...))
208.5216 	EXP 	window1: mouseVisible = True
208.5220 	EXP 	Created unnamed Line = Line(__class__=<class 'psychopy.visual.line.Line'>, anchor=('center', 'center'), autoDraw=False, autoLog=True, closeShape=False, color=array([-1, -1, -1]), colorSpace='rgb', contrast=None, depth=2, draggable=False, fillColor=array([0, 0, 0]), fillColorSpace='rgb', fillRGB=array([0, 0, 0]), interpolate=True, lineColor=array([-1, -1, -1]), lineColorSpace='rgb', lineRGB=array([-1, -1, -1]), lineWidth=4, name='unnamed Line', opacity=0.5, ori=0.0, pos=array([0., 0.]), size=array([1., 1.]), units='height', vertices=ndarray(...), win=Window(...), windingRule=None)
208.5221 	EXP 	window1: mouseVisible = True
208.5225 	EXP 	Created unnamed ShapeStim = ShapeStim(__class__=<class 'psychopy.visual.shape.ShapeStim'>, anchor=('center', 'center'), autoDraw=False, autoLog=True, closeShape=True, color=method-wrapper(...), colorSpace='rgb', contrast=None, depth=0, draggable=False, fillColor=array([-1, -1, -1]), fillColorSpace='rgb', fillRGB=array([-1, -1, -1]), interpolate=True, lineColor=array([-1, -1, -1]), lineColorSpace='rgb', lineRGB=array([-1, -1, -1]), lineWidth=1.5, name='unnamed ShapeStim', opacity=1.0, ori=204.5454545454546, pos=array([ 0.2852831 , -0.18371966]), size=array([1., 1.]), units='height', vertices=ndarray(...), win=Window(...), windingRule=None)
208.5225 	EXP 	window1: mouseVisible = True
208.5229 	EXP 	Created unnamed Line = Line(__class__=<class 'psychopy.visual.line.Line'>, anchor=('center', 'center'), autoDraw=False, autoLog=True, closeShape=False, color=array([-1, -1, -1]), colorSpace='rgb', contrast=None, depth=2, draggable=False, fillColor=array([0, 0, 0]), fillColorSpace='rgb', fillRGB=array([0, 0, 0]), interpolate=True, lineColor=array([-1, -1, -1]), lineColorSpace='rgb', lineRGB=array([-1, -1, -1]), lineWidth=4, name='unnamed Line', opacity=0.5, ori=0.0, pos=array([0., 0.]), size=array([1., 1.]), units='height', vertices=ndarray(...), win=Window(...), windingRule=None)
208.5229 	EXP 	window1: mouseVisible = True
208.5233 	EXP 	Created unnamed ShapeStim = ShapeStim(__class__=<class 'psychopy.visual.shape.ShapeStim'>, anchor=('center', 'center'), autoDraw=False, autoLog=True, closeShape=True, color=method-wrapper(...), colorSpace='rgb', contrast=None, depth=0, draggable=False, fillColor=array([-1, -1, -1]), fillColorSpace='rgb', fillRGB=array([-1, -1, -1]), interpolate=True, lineColor=array([-1, -1, -1]), lineColorSpace='rgb', lineRGB=array([-1, -1, -1]), lineWidth=1.5, name='unnamed ShapeStim', opacity=1.0, ori=-57.27272727272728, pos=array([-0.14716161,  0.2674067 ]), size=array([1., 1.]), units='height', vertices=ndarray(...), win=Window(...), windingRule=None)
208.5233 	EXP 	window1: mouseVisible = True
208.5237 	EXP 	Created unnamed Rect = Rect(__class__=<class 'psychopy.visual.rect.Rect'>, anchor=('center', 'center'), autoDraw=False, autoLog=True, closeShape=True, color=method-wrapper(...), colorSpace='rgb', contrast=None, depth=0, draggable=False, fillColor=array([0.00392157, 0.00392157, 0.00392157]), fillColorSpace='rgb', fillRGB=array([0.00392157, 0.00392157, 0.00392157]), interpolate=True, lineColor=array([0, 0, 0]), lineColorSpace='rgb', lineRGB=array([0, 0, 0]), lineWidth=0, name='unnamed Rect', opacity=0.0, ori=0.0, pos=array([0.1, 0. ]), size=array([1.1, 1. ]), units='height', vertices=ndarray(...), win=Window(...))
208.5298 	EXP 	unnamed Rect: autoDraw = True
208.5298 	EXP 	node0: autoDraw = True
208.5298 	EXP 	node1: autoDraw = True
208.5298 	EXP 	unnamed ImageStim: autoDraw = True
208.5298 	EXP 	node2: autoDraw = True
208.5298 	EXP 	node3: autoDraw = True
208.5298 	EXP 	node4: autoDraw = True
208.5298 	EXP 	node5: autoDraw = True
208.5298 	EXP 	node6: autoDraw = True
208.5298 	EXP 	node7: autoDraw = True
208.5298 	EXP 	unnamed ImageStim: autoDraw = True
208.5298 	EXP 	node8: autoDraw = True
208.5298 	EXP 	node9: autoDraw = True
208.5298 	EXP 	node10: autoDraw = True
208.5298 	EXP 	unnamed Line: autoDraw = True
208.5298 	EXP 	unnamed Line: autoDraw = True
208.5298 	EXP 	unnamed ShapeStim: autoDraw = True
208.5298 	EXP 	unnamed Line: autoDraw = True
208.5298 	EXP 	unnamed Line: autoDraw = True
208.5298 	EXP 	unnamed ShapeStim: autoDraw = True
208.5298 	EXP 	unnamed Rect: autoDraw = True
208.5298 	EXP 	node8: fillColor = '#126DEF'
208.5345 	EXP 	node8: fillColor = '#126DEF'
208.5345 	EXP 	unnamed Line: autoDraw = False
208.5345 	EXP 	unnamed ShapeStim: autoDraw = False
208.5345 	EXP 	unnamed Line: autoDraw = True
208.5345 	EXP 	unnamed ShapeStim: autoDraw = True
208.5345 	EXP 	unnamed Line: autoDraw = False
208.5345 	EXP 	unnamed ShapeStim: autoDraw = False
208.5345 	EXP 	unnamed Line: autoDraw = True
208.5345 	EXP 	unnamed ShapeStim: autoDraw = True
208.5345 	EXP 	unnamed Line: foreColor = <psychopy.colors.Color: (1.0, 0.58, -0.87, 1.0)>
208.5345 	EXP 	unnamed Line: borderColor = <psychopy.colors.Color: (1.0, 0.58, -0.87, 1.0)>
208.5345 	EXP 	unnamed Line: fillColor = <psychopy.colors.Color: (1.0, 0.58, -0.87, 1.0)>
208.5345 	EXP 	unnamed ShapeStim: foreColor = <psychopy.colors.Color: (1.0, 0.58, -0.87, 1.0)>
208.5345 	EXP 	unnamed ShapeStim: borderColor = <psychopy.colors.Color: (1.0, 0.58, -0.87, 1.0)>
208.5345 	EXP 	unnamed ShapeStim: fillColor = <psychopy.colors.Color: (1.0, 0.58, -0.87, 1.0)>
240.3083 	DATA 	Keypress: f
240.3164 	EXP 	unnamed Line: foreColor = <psychopy.colors.Color: black, alpha=1.0>
240.3164 	EXP 	unnamed Line: borderColor = <psychopy.colors.Color: black, alpha=1.0>
240.3164 	EXP 	unnamed Line: fillColor = <psychopy.colors.Color: black, alpha=1.0>
240.3164 	EXP 	unnamed ShapeStim: foreColor = <psychopy.colors.Color: black, alpha=1.0>
240.3164 	EXP 	unnamed ShapeStim: borderColor = <psychopy.colors.Color: black, alpha=1.0>
240.3164 	EXP 	unnamed ShapeStim: fillColor = <psychopy.colors.Color: black, alpha=1.0>
240.3164 	EXP 	unnamed Line: foreColor = <psychopy.colors.Color: (1.0, 0.58, -0.87, 1.0)>
240.3164 	EXP 	unnamed Line: borderColor = <psychopy.colors.Color: (1.0, 0.58, -0.87, 1.0)>
240.3164 	EXP 	unnamed Line: fillColor = <psychopy.colors.Color: (1.0, 0.58, -0.87, 1.0)>
240.3164 	EXP 	unnamed ShapeStim: foreColor = <psychopy.colors.Color: (1.0, 0.58, -0.87, 1.0)>
240.3164 	EXP 	unnamed ShapeStim: borderColor = <psychopy.colors.Color: (1.0, 0.58, -0.87, 1.0)>
240.3164 	EXP 	unnamed ShapeStim: fillColor = <psychopy.colors.Color: (1.0, 0.58, -0.87, 1.0)>
242.4600 	DATA 	Keypress: j
242.4663 	EXP 	node7: fillColor = '#126DEF'
242.4663 	EXP 	node8: fillColor = 'white'
243.1665 	EXP 	window1: mouseVisible = True
243.1681 	EXP 	Created unnamed TextStim = TextStim(__class__=<class 'psychopy.visual.text.TextStim'>, alignHoriz=method-wrapper(...), alignText='center', alignVert=method-wrapper(...), anchorHoriz='center', anchorVert='center', antialias=True, autoDraw=False, autoLog=True, bold=True, color=array([0.68627451, 0.68627451, 0.68627451]), colorSpace='rgb', contrast=1.0, depth=0, draggable=False, flipHoriz=False, flipVert=False, font='', fontFiles=[], height=0.04, italic=False, languageStyle='LTR', name='unnamed TextStim', opacity=1.0, ori=0.0, pos=array([ 0.32451235, -0.16920126]), rgb=UNKNOWN, text='+0', units='height', win=Window(...), wrapWidth=1)
243.1710 	EXP 	node7: fillColor = 'white'
243.1710 	EXP 	unnamed ImageStim: autoDraw = True
244.1793 	EXP 	unnamed ImageStim: autoDraw = False
244.1793 	EXP 	unnamed Rect: autoDraw = False
244.1793 	EXP 	unnamed Rect: autoDraw = True
244.3317 	EXP 	unnamed Rect: autoDraw = False
244.3317 	EXP 	node0: autoDraw = False
244.3317 	EXP 	node1: autoDraw = False
244.3317 	EXP 	unnamed ImageStim: autoDraw = False
244.3317 	EXP 	node2: autoDraw = False
244.3317 	EXP 	node3: autoDraw = False
244.3317 	EXP 	node4: autoDraw = False
244.3317 	EXP 	node5: autoDraw = False
244.3317 	EXP 	node6: autoDraw = False
244.3317 	EXP 	node7: autoDraw = False
244.3317 	EXP 	unnamed ImageStim: autoDraw = False
244.3317 	EXP 	node8: autoDraw = False
244.3317 	EXP 	node9: autoDraw = False
244.3317 	EXP 	node10: autoDraw = False
244.3317 	EXP 	unnamed Line: autoDraw = False
244.3317 	EXP 	unnamed ShapeStim: autoDraw = False
244.3317 	EXP 	unnamed Line: autoDraw = False
244.3317 	EXP 	unnamed ShapeStim: autoDraw = False
244.3317 	EXP 	unnamed Rect: autoDraw = False
244.3444 	INFO 	Mouse: using default window
244.3445 	EXP 	window1: mouseVisible = True
244.3447 	EXP 	window1: mouseVisible = True
244.3498 	EXP 	Created unnamed TextStim = TextStim(__class__=<class 'psychopy.visual.text.TextStim'>, alignHoriz=method-wrapper(...), alignText='center', alignVert=method-wrapper(...), anchorHoriz='center', anchorVert='center', antialias=True, autoDraw=False, autoLog=True, bold=False, color=array([1, 1, 1]), colorSpace='rgb', contrast=1.0, depth=0, draggable=False, flipHoriz=False, flipVert=False, font='', fontFiles=[], height=0.035, italic=False, languageStyle='LTR', name='unnamed TextStim', opacity=1.0, ori=0.0, pos=array([0., 0.]), rgb=UNKNOWN, text='press Space to start', units='height', win=Window(...), wrapWidth=1)
247.6843 	DATA 	Keypress: space
247.6848 	EXP 	window1: mouseVisible = True
247.6852 	EXP 	Created unnamed Rect = Rect(__class__=<class 'psychopy.visual.rect.Rect'>, anchor=('center', 'center'), autoDraw=False, autoLog=True, closeShape=True, color=method-wrapper(...), colorSpace='rgb', contrast=None, depth=0, draggable=False, fillColor=array([0.00392157, 0.00392157, 0.00392157]), fillColorSpace='rgb', fillRGB=array([0.00392157, 0.00392157, 0.00392157]), interpolate=True, lineColor=array([0, 0, 0]), lineColorSpace='rgb', lineRGB=array([0, 0, 0]), lineWidth=0, name='unnamed Rect', opacity=0.5, ori=0.0, pos=array([-0.65,  0.45]), size=array([0.1, 0.1]), units='height', vertices=ndarray(...), win=Window(...))
247.6862 	EXP 	window1: mouseVisible = True
247.6882 	EXP 	Created node0 = Circle(__class__=<class 'psychopy.visual.circle.Circle'>, anchor=('center', 'center'), autoDraw=False, autoLog=True, closeShape=True, color=method-wrapper(...), colorSpace='rgb', contrast=None, depth=0, draggable=False, fillColor=array([1, 1, 1]), fillColorSpace='rgb', fillRGB=array([1, 1, 1]), interpolate=True, lineColor=array([-1, -1, -1]), lineColorSpace='rgb', lineRGB=array([-1, -1, -1]), lineWidth=2, name='node0', opacity=1.0, ori=0.0, pos=array([0.  , 0.35]), size=array([1., 1.]), units='height', vertices=ndarray(...), win=Window(...))
247.6892 	EXP 	window1: mouseVisible = True
247.6911 	EXP 	Created node1 = Circle(__class__=<class 'psychopy.visual.circle.Circle'>, anchor=('center', 'center'), autoDraw=False, autoLog=True, closeShape=True, color=method-wrapper(...), colorSpace='rgb', contrast=None, depth=0, draggable=False, fillColor=array([1, 1, 1]), fillColorSpace='rgb', fillRGB=array([1, 1, 1]), interpolate=True, lineColor=array([-1, -1, -1]), lineColorSpace='rgb', lineRGB=array([-1, -1, -1]), lineWidth=2, name='node1', opacity=1.0, ori=0.0, pos=array([-0.18922429,  0.29443874]), size=array([1., 1.]), units='height', vertices=ndarray(...), win=Window(...))
247.6921 	EXP 	window1: mouseVisible = True
247.6940 	EXP 	Created node2 = Circle(__class__=<class 'psychopy.visual.circle.Circle'>, anchor=('center', 'center'), autoDraw=False, autoLog=True, closeShape=True, color=method-wrapper(...), colorSpace='rgb', contrast=None, depth=0, draggable=False, fillColor=array([1, 1, 1]), fillColorSpace='rgb', fillRGB=array([1, 1, 1]), interpolate=True, lineColor=array([-1, -1, -1]), lineColorSpace='rgb', lineRGB=array([-1, -1, -1]), lineWidth=2, name='node2', opacity=1.0, ori=0.0, pos=array([-0.3183712 ,  0.14539525]), size=array([1., 1.]), units='height', vertices=ndarray(...), win=Window(...))
247.6940 	EXP 	window1: mouseVisible = True
247.7130 	EXP 	Created unnamed ImageStim = ImageStim(__class__=<class 'psychopy.visual.image.ImageStim'>, anchor=('center', 'center'), autoLog=True, color=array([1., 1., 1.]), colorSpace='rgb', contrast=1.0, depth=0, draggable=False, flipHoriz=False, flipVert=False, image='images/pattern_8.png', interpolate=False, mask=None, maskParams=None, name='unnamed ImageStim', opacity=1.0, ori=0.0, pos=array([-0.3183712 ,  0.14539525]), size=array([0.12, 0.12]), texRes=128, units='height', win=Window(...))
247.7140 	EXP 	window1: mouseVisible = True
247.7160 	EXP 	Created node3 = Circle(__class__=<class 'psychopy.visual.circle.Circle'>, anchor=('center', 'center'), autoDraw=False, autoLog=True, closeShape=True, color=method-wrapper(...), colorSpace='rgb', contrast=None, depth=0, draggable=False, fillColor=array([1, 1, 1]), fillColorSpace='rgb', fillRGB=array([1, 1, 1]), interpolate=True, lineColor=array([-1, -1, -1]), lineColorSpace='rgb', lineRGB=array([-1, -1, -1]), lineWidth=2, name='node3', opacity=1.0, ori=0.0, pos=array([-0.3464375 , -0.04981019]), size=array([1., 1.]), units='height', vertices=ndarray(...), win=Window(...))
247.7170 	EXP 	window1: mouseVisible = True
247.7189 	EXP 	Created node4 = Circle(__class__=<class 'psychopy.visual.circle.Circle'>, anchor=('center', 'center'), autoDraw=False, autoLog=True, closeShape=True, color=method-wrapper(...), colorSpace='rgb', contrast=None, depth=0, draggable=False, fillColor=array([1, 1, 1]), fillColorSpace='rgb', fillRGB=array([1, 1, 1]), interpolate=True, lineColor=array([-1, -1, -1]), lineColorSpace='rgb', lineRGB=array([-1, -1, -1]), lineWidth=2, name='node4', opacity=1.0, ori=0.0, pos=array([-0.26451235, -0.22920126]), size=array([1., 1.]), units='height', vertices=ndarray(...), win=Window(...))
247.7199 	EXP 	window1: mouseVisible = True
247.7218 	EXP 	Created node5 = Circle(__class__=<class 'psychopy.visual.circle.Circle'>, anchor=('center', 'center'), autoDraw=False, autoLog=True, closeShape=True, color=method-wrapper(...), colorSpace='rgb', contrast=None, depth=0, draggable=False, fillColor=array([1, 1, 1]), fillColorSpace='rgb', fillRGB=array([1, 1, 1]), interpolate=True, lineColor=array([-1, -1, -1]), lineColorSpace='rgb', lineRGB=array([-1, -1, -1]), lineWidth=2, name='node5', opacity=1.0, ori=0.0, pos=array([-0.09860639, -0.33582254]), size=array([1., 1.]), units='height', vertices=ndarray(...), win=Window(...))
247.7228 	EXP 	window1: mouseVisible = True
247.7247 	EXP 	Created node6 = Circle(__class__=<class 'psychopy.visual.circle.Circle'>, anchor=('center', 'center'), autoDraw=False, autoLog=True, closeShape=True, color=method-wrapper(...), colorSpace='rgb', contrast=None, depth=0, draggable=False, fillColor=array([1, 1, 1]), fillColorSpace='rgb', fillRGB=array([1, 1, 1]), interpolate=True, lineColor=array([-1, -1, -1]), lineColorSpace='rgb', lineRGB=array([-1, -1, -1]), lineWidth=2, name='node6', opacity=1.0, ori=0.0, pos=array([ 0.09860639, -0.33582254]), size=array([1., 1.]), units='height', vertices=ndarray(...), win=Window(...))
247.7247 	EXP 	window1: mouseVisible = True
247.7412 	EXP 	Created unnamed ImageStim = ImageStim(__class__=<class 'psychopy.visual.image.ImageStim'>, anchor=('center', 'center'), autoLog=True, color=array([1., 1., 1.]), colorSpace='rgb', contrast=1.0, depth=0, draggable=False, flipHoriz=False, flipVert=False, image='images/pattern_4.png', interpolate=False, mask=None, maskParams=None, name='unnamed ImageStim', opacity=1.0, ori=0.0, pos=array([ 0.09860639, -0.33582254]), size=array([0.12, 0.12]), texRes=128, units='height', win=Window(...))
247.7423 	EXP 	window1: mouseVisible = True
247.7442 	EXP 	Created node7 = Circle(__class__=<class 'psychopy.visual.circle.Circle'>, anchor=('center', 'center'), autoDraw=False, autoLog=True, closeShape=True, color=method-wrapper(...), colorSpace='rgb', contrast=None, depth=0, draggable=False, fillColor=array([1, 1, 1]), fillColorSpace='rgb', fillRGB=array([1, 1, 1]), interpolate=True, lineColor=array([-1, -1, -1]), lineColorSpace='rgb', lineRGB=array([-1, -1, -1]), lineWidth=2, name='node7', opacity=1.0, ori=0.0, pos=array([ 0.26451235, -0.22920126]), size=array([1., 1.]), units='height', vertices=ndarray(...), win=Window(...))
247.7452 	EXP 	window1: mouseVisible = True
247.7471 	EXP 	Created node8 = Circle(__class__=<class 'psychopy.visual.circle.Circle'>, anchor=('center', 'center'), autoDraw=False, autoLog=True, closeShape=True, color=method-wrapper(...), colorSpace='rgb', contrast=None, depth=0, draggable=False, fillColor=array([1, 1, 1]), fillColorSpace='rgb', fillRGB=array([1, 1, 1]), interpolate=True, lineColor=array([-1, -1, -1]), lineColorSpace='rgb', lineRGB=array([-1, -1, -1]), lineWidth=2, name='node8', opacity=1.0, ori=0.0, pos=array([ 0.3464375 , -0.04981019]), size=array([1., 1.]), units='height', vertices=ndarray(...), win=Window(...))
247.7481 	EXP 	window1: mouseVisible = True
247.7500 	EXP 	Created node9 = Circle(__class__=<class 'psychopy.visual.circle.Circle'>, anchor=('center', 'center'), autoDraw=False, autoLog=True, closeShape=True, color=method-wrapper(...), colorSpace='rgb', contrast=None, depth=0, draggable=False, fillColor=array([1, 1, 1]), fillColorSpace='rgb', fillRGB=array([1, 1, 1]), interpolate=True, lineColor=array([-1, -1, -1]), lineColorSpace='rgb', lineRGB=array([-1, -1, -1]), lineWidth=2, name='node9', opacity=1.0, ori=0.0, pos=array([0.3183712 , 0.14539525]), size=array([1., 1.]), units='height', vertices=ndarray(...), win=Window(...))
247.7510 	EXP 	window1: mouseVisible = True
247.7528 	EXP 	Created node10 = Circle(__class__=<class 'psychopy.visual.circle.Circle'>, anchor=('center', 'center'), autoDraw=False, autoLog=True, closeShape=True, color=method-wrapper(...), colorSpace='rgb', contrast=None, depth=0, draggable=False, fillColor=array([1, 1, 1]), fillColorSpace='rgb', fillRGB=array([1, 1, 1]), interpolate=True, lineColor=array([-1, -1, -1]), lineColorSpace='rgb', lineRGB=array([-1, -1, -1]), lineWidth=2, name='node10', opacity=1.0, ori=0.0, pos=array([0.18922429, 0.29443874]), size=array([1., 1.]), units='height', vertices=ndarray(...), win=Window(...))
247.7529 	EXP 	window1: mouseVisible = True
247.7533 	EXP 	Created unnamed Line = Line(__class__=<class 'psychopy.visual.line.Line'>, anchor=('center', 'center'), autoDraw=False, autoLog=True, closeShape=False, color=array([-1, -1, -1]), colorSpace='rgb', contrast=None, depth=2, draggable=False, fillColor=array([0, 0, 0]), fillColorSpace='rgb', fillRGB=array([0, 0, 0]), interpolate=True, lineColor=array([-1, -1, -1]), lineColorSpace='rgb', lineRGB=array([-1, -1, -1]), lineWidth=4, name='unnamed Line', opacity=0.5, ori=0.0, pos=array([0., 0.]), size=array([1., 1.]), units='height', vertices=ndarray(...), win=Window(...), windingRule=None)
247.7534 	EXP 	window1: mouseVisible = True
247.7537 	EXP 	Created unnamed ShapeStim = ShapeStim(__class__=<class 'psychopy.visual.shape.ShapeStim'>, anchor=('center', 'center'), autoDraw=False, autoLog=True, closeShape=True, color=method-wrapper(...), colorSpace='rgb', contrast=None, depth=0, draggable=False, fillColor=array([-1, -1, -1]), fillColorSpace='rgb', fillRGB=array([-1, -1, -1]), interpolate=True, lineColor=array([-1, -1, -1]), lineColorSpace='rgb', lineRGB=array([-1, -1, -1]), lineWidth=1.5, name='unnamed ShapeStim', opacity=1.0, ori=-73.63636363636365, pos=array([-0.27039655,  0.13130863]), size=array([1., 1.]), units='height', vertices=ndarray(...), win=Window(...), windingRule=None)
247.7538 	EXP 	window1: mouseVisible = True
247.7542 	EXP 	Created unnamed Line = Line(__class__=<class 'psychopy.visual.line.Line'>, anchor=('center', 'center'), autoDraw=False, autoLog=True, closeShape=False, color=array([-1, -1, -1]), colorSpace='rgb', contrast=None, depth=2, draggable=False, fillColor=array([0, 0, 0]), fillColorSpace='rgb', fillRGB=array([0, 0, 0]), interpolate=True, lineColor=array([-1, -1, -1]), lineColorSpace='rgb', lineRGB=array([-1, -1, -1]), lineWidth=4, name='unnamed Line', opacity=0.5, ori=0.0, pos=array([0., 0.]), size=array([1., 1.]), units='height', vertices=ndarray(...), win=Window(...), windingRule=None)
247.7542 	EXP 	window1: mouseVisible = True
247.7546 	EXP 	Created unnamed ShapeStim = ShapeStim(__class__=<class 'psychopy.visual.shape.ShapeStim'>, anchor=('center', 'center'), autoDraw=False, autoLog=True, closeShape=True, color=method-wrapper(...), colorSpace='rgb', contrast=None, depth=0, draggable=False, fillColor=array([-1, -1, -1]), fillColorSpace='rgb', fillRGB=array([-1, -1, -1]), interpolate=True, lineColor=array([-1, -1, -1]), lineColorSpace='rgb', lineRGB=array([-1, -1, -1]), lineWidth=1.5, name='unnamed ShapeStim', opacity=1.0, ori=220.90909090909093, pos=array([ 0.13134943, -0.29803506]), size=array([1., 1.]), units='height', vertices=ndarray(...), win=Window(...), windingRule=None)
247.7546 	EXP 	window1: mouseVisible = True
247.7550 	EXP 	Created unnamed Rect = Rect(__class__=<class 'psychopy.visual.rect.Rect'>, anchor=('center', 'center'), autoDraw=False, autoLog=True, closeShape=True, color=method-wrapper(...), colorSpace='rgb', contrast=None, depth=0, draggable=False, fillColor=array([0.00392157, 0.00392157, 0.00392157]), fillColorSpace='rgb', fillRGB=array([0.00392157, 0.00392157, 0.00392157]), interpolate=True, lineColor=array([0, 0, 0]), lineColorSpace='rgb', lineRGB=array([0, 0, 0]), lineWidth=0, name='unnamed Rect', opacity=0.0, ori=0.0, pos=array([0.1, 0. ]), size=array([1.1, 1. ]), units='height', vertices=ndarray(...), win=Window(...))
247.7621 	EXP 	unnamed Rect: autoDraw = True
247.7621 	EXP 	node0: autoDraw = True
247.7621 	EXP 	node1: autoDraw = True
247.7621 	EXP 	node2: autoDraw = True
247.7621 	EXP 	unnamed ImageStim: autoDraw = True
247.7621 	EXP 	node3: autoDraw = True
247.7621 	EXP 	node4: autoDraw = True
247.7621 	EXP 	node5: autoDraw = True
247.7621 	EXP 	node6: autoDraw = True
247.7621 	EXP 	unnamed ImageStim: autoDraw = True
247.7621 	EXP 	node7: autoDraw = True
247.7621 	EXP 	node8: autoDraw = True
247.7621 	EXP 	node9: autoDraw = True
247.7621 	EXP 	node10: autoDraw = True
247.7621 	EXP 	unnamed Line: autoDraw = True
247.7621 	EXP 	unnamed Line: autoDraw = True
247.7621 	EXP 	unnamed ShapeStim: autoDraw = True
247.7621 	EXP 	unnamed Line: autoDraw = True
247.7621 	EXP 	unnamed Line: autoDraw = True
247.7621 	EXP 	unnamed ShapeStim: autoDraw = True
247.7621 	EXP 	unnamed Rect: autoDraw = True
247.7621 	EXP 	node8: fillColor = '#126DEF'
247.7668 	EXP 	node8: fillColor = '#126DEF'
247.7668 	EXP 	unnamed Line: autoDraw = False
247.7668 	EXP 	unnamed ShapeStim: autoDraw = False
247.7668 	EXP 	unnamed Line: autoDraw = True
247.7668 	EXP 	unnamed ShapeStim: autoDraw = True
247.7668 	EXP 	unnamed Line: autoDraw = False
247.7668 	EXP 	unnamed ShapeStim: autoDraw = False
247.7668 	EXP 	unnamed Line: autoDraw = True
247.7668 	EXP 	unnamed ShapeStim: autoDraw = True
247.7668 	EXP 	unnamed Line: foreColor = <psychopy.colors.Color: (1.0, 0.58, -0.87, 1.0)>
247.7668 	EXP 	unnamed Line: borderColor = <psychopy.colors.Color: (1.0, 0.58, -0.87, 1.0)>
247.7668 	EXP 	unnamed Line: fillColor = <psychopy.colors.Color: (1.0, 0.58, -0.87, 1.0)>
247.7668 	EXP 	unnamed ShapeStim: foreColor = <psychopy.colors.Color: (1.0, 0.58, -0.87, 1.0)>
247.7668 	EXP 	unnamed ShapeStim: borderColor = <psychopy.colors.Color: (1.0, 0.58, -0.87, 1.0)>
247.7668 	EXP 	unnamed ShapeStim: fillColor = <psychopy.colors.Color: (1.0, 0.58, -0.87, 1.0)>
255.8682 	DATA 	Keypress: f
255.8752 	EXP 	unnamed Line: foreColor = <psychopy.colors.Color: black, alpha=1.0>
255.8752 	EXP 	unnamed Line: borderColor = <psychopy.colors.Color: black, alpha=1.0>
255.8752 	EXP 	unnamed Line: fillColor = <psychopy.colors.Color: black, alpha=1.0>
255.8752 	EXP 	unnamed ShapeStim: foreColor = <psychopy.colors.Color: black, alpha=1.0>
255.8752 	EXP 	unnamed ShapeStim: borderColor = <psychopy.colors.Color: black, alpha=1.0>
255.8752 	EXP 	unnamed ShapeStim: fillColor = <psychopy.colors.Color: black, alpha=1.0>
255.8752 	EXP 	unnamed Line: foreColor = <psychopy.colors.Color: (1.0, 0.58, -0.87, 1.0)>
255.8752 	EXP 	unnamed Line: borderColor = <psychopy.colors.Color: (1.0, 0.58, -0.87, 1.0)>
255.8752 	EXP 	unnamed Line: fillColor = <psychopy.colors.Color: (1.0, 0.58, -0.87, 1.0)>
255.8752 	EXP 	unnamed ShapeStim: foreColor = <psychopy.colors.Color: (1.0, 0.58, -0.87, 1.0)>
255.8752 	EXP 	unnamed ShapeStim: borderColor = <psychopy.colors.Color: (1.0, 0.58, -0.87, 1.0)>
255.8752 	EXP 	unnamed ShapeStim: fillColor = <psychopy.colors.Color: (1.0, 0.58, -0.87, 1.0)>
256.3477 	DATA 	Keypress: f
256.3529 	EXP 	unnamed Line: foreColor = <psychopy.colors.Color: black, alpha=1.0>
256.3529 	EXP 	unnamed Line: borderColor = <psychopy.colors.Color: black, alpha=1.0>
256.3529 	EXP 	unnamed Line: fillColor = <psychopy.colors.Color: black, alpha=1.0>
256.3529 	EXP 	unnamed ShapeStim: foreColor = <psychopy.colors.Color: black, alpha=1.0>
256.3529 	EXP 	unnamed ShapeStim: borderColor = <psychopy.colors.Color: black, alpha=1.0>
256.3529 	EXP 	unnamed ShapeStim: fillColor = <psychopy.colors.Color: black, alpha=1.0>
256.3529 	EXP 	unnamed Line: foreColor = <psychopy.colors.Color: (1.0, 0.58, -0.87, 1.0)>
256.3529 	EXP 	unnamed Line: borderColor = <psychopy.colors.Color: (1.0, 0.58, -0.87, 1.0)>
256.3529 	EXP 	unnamed Line: fillColor = <psychopy.colors.Color: (1.0, 0.58, -0.87, 1.0)>
256.3529 	EXP 	unnamed ShapeStim: foreColor = <psychopy.colors.Color: (1.0, 0.58, -0.87, 1.0)>
256.3529 	EXP 	unnamed ShapeStim: borderColor = <psychopy.colors.Color: (1.0, 0.58, -0.87, 1.0)>
256.3529 	EXP 	unnamed ShapeStim: fillColor = <psychopy.colors.Color: (1.0, 0.58, -0.87, 1.0)>
256.6516 	DATA 	Keypress: f
256.6554 	EXP 	unnamed Line: foreColor = <psychopy.colors.Color: black, alpha=1.0>
256.6554 	EXP 	unnamed Line: borderColor = <psychopy.colors.Color: black, alpha=1.0>
256.6554 	EXP 	unnamed Line: fillColor = <psychopy.colors.Color: black, alpha=1.0>
256.6554 	EXP 	unnamed ShapeStim: foreColor = <psychopy.colors.Color: black, alpha=1.0>
256.6554 	EXP 	unnamed ShapeStim: borderColor = <psychopy.colors.Color: black, alpha=1.0>
256.6554 	EXP 	unnamed ShapeStim: fillColor = <psychopy.colors.Color: black, alpha=1.0>
256.6554 	EXP 	unnamed Line: foreColor = <psychopy.colors.Color: (1.0, 0.58, -0.87, 1.0)>
256.6554 	EXP 	unnamed Line: borderColor = <psychopy.colors.Color: (1.0, 0.58, -0.87, 1.0)>
256.6554 	EXP 	unnamed Line: fillColor = <psychopy.colors.Color: (1.0, 0.58, -0.87, 1.0)>
256.6554 	EXP 	unnamed ShapeStim: foreColor = <psychopy.colors.Color: (1.0, 0.58, -0.87, 1.0)>
256.6554 	EXP 	unnamed ShapeStim: borderColor = <psychopy.colors.Color: (1.0, 0.58, -0.87, 1.0)>
256.6554 	EXP 	unnamed ShapeStim: fillColor = <psychopy.colors.Color: (1.0, 0.58, -0.87, 1.0)>
256.8114 	DATA 	Keypress: f
256.8151 	EXP 	unnamed Line: foreColor = <psychopy.colors.Color: black, alpha=1.0>
256.8151 	EXP 	unnamed Line: borderColor = <psychopy.colors.Color: black, alpha=1.0>
256.8151 	EXP 	unnamed Line: fillColor = <psychopy.colors.Color: black, alpha=1.0>
256.8151 	EXP 	unnamed ShapeStim: foreColor = <psychopy.colors.Color: black, alpha=1.0>
256.8151 	EXP 	unnamed ShapeStim: borderColor = <psychopy.colors.Color: black, alpha=1.0>
256.8151 	EXP 	unnamed ShapeStim: fillColor = <psychopy.colors.Color: black, alpha=1.0>
256.8151 	EXP 	unnamed Line: foreColor = <psychopy.colors.Color: (1.0, 0.58, -0.87, 1.0)>
256.8151 	EXP 	unnamed Line: borderColor = <psychopy.colors.Color: (1.0, 0.58, -0.87, 1.0)>
256.8151 	EXP 	unnamed Line: fillColor = <psychopy.colors.Color: (1.0, 0.58, -0.87, 1.0)>
256.8151 	EXP 	unnamed ShapeStim: foreColor = <psychopy.colors.Color: (1.0, 0.58, -0.87, 1.0)>
256.8151 	EXP 	unnamed ShapeStim: borderColor = <psychopy.colors.Color: (1.0, 0.58, -0.87, 1.0)>
256.8151 	EXP 	unnamed ShapeStim: fillColor = <psychopy.colors.Color: (1.0, 0.58, -0.87, 1.0)>
256.9636 	DATA 	Keypress: f
256.9674 	EXP 	unnamed Line: foreColor = <psychopy.colors.Color: black, alpha=1.0>
256.9674 	EXP 	unnamed Line: borderColor = <psychopy.colors.Color: black, alpha=1.0>
256.9674 	EXP 	unnamed Line: fillColor = <psychopy.colors.Color: black, alpha=1.0>
256.9674 	EXP 	unnamed ShapeStim: foreColor = <psychopy.colors.Color: black, alpha=1.0>
256.9674 	EXP 	unnamed ShapeStim: borderColor = <psychopy.colors.Color: black, alpha=1.0>
256.9674 	EXP 	unnamed ShapeStim: fillColor = <psychopy.colors.Color: black, alpha=1.0>
256.9674 	EXP 	unnamed Line: foreColor = <psychopy.colors.Color: (1.0, 0.58, -0.87, 1.0)>
256.9674 	EXP 	unnamed Line: borderColor = <psychopy.colors.Color: (1.0, 0.58, -0.87, 1.0)>
256.9674 	EXP 	unnamed Line: fillColor = <psychopy.colors.Color: (1.0, 0.58, -0.87, 1.0)>
256.9674 	EXP 	unnamed ShapeStim: foreColor = <psychopy.colors.Color: (1.0, 0.58, -0.87, 1.0)>
256.9674 	EXP 	unnamed ShapeStim: borderColor = <psychopy.colors.Color: (1.0, 0.58, -0.87, 1.0)>
256.9674 	EXP 	unnamed ShapeStim: fillColor = <psychopy.colors.Color: (1.0, 0.58, -0.87, 1.0)>
257.0998 	DATA 	Keypress: f
257.1035 	EXP 	unnamed Line: foreColor = <psychopy.colors.Color: black, alpha=1.0>
257.1035 	EXP 	unnamed Line: borderColor = <psychopy.colors.Color: black, alpha=1.0>
257.1035 	EXP 	unnamed Line: fillColor = <psychopy.colors.Color: black, alpha=1.0>
257.1035 	EXP 	unnamed ShapeStim: foreColor = <psychopy.colors.Color: black, alpha=1.0>
257.1035 	EXP 	unnamed ShapeStim: borderColor = <psychopy.colors.Color: black, alpha=1.0>
257.1035 	EXP 	unnamed ShapeStim: fillColor = <psychopy.colors.Color: black, alpha=1.0>
257.1035 	EXP 	unnamed Line: foreColor = <psychopy.colors.Color: (1.0, 0.58, -0.87, 1.0)>
257.1035 	EXP 	unnamed Line: borderColor = <psychopy.colors.Color: (1.0, 0.58, -0.87, 1.0)>
257.1035 	EXP 	unnamed Line: fillColor = <psychopy.colors.Color: (1.0, 0.58, -0.87, 1.0)>
257.1035 	EXP 	unnamed ShapeStim: foreColor = <psychopy.colors.Color: (1.0, 0.58, -0.87, 1.0)>
257.1035 	EXP 	unnamed ShapeStim: borderColor = <psychopy.colors.Color: (1.0, 0.58, -0.87, 1.0)>
257.1035 	EXP 	unnamed ShapeStim: fillColor = <psychopy.colors.Color: (1.0, 0.58, -0.87, 1.0)>
258.1239 	DATA 	Keypress: f
258.1312 	EXP 	unnamed Line: foreColor = <psychopy.colors.Color: black, alpha=1.0>
258.1312 	EXP 	unnamed Line: borderColor = <psychopy.colors.Color: black, alpha=1.0>
258.1312 	EXP 	unnamed Line: fillColor = <psychopy.colors.Color: black, alpha=1.0>
258.1312 	EXP 	unnamed ShapeStim: foreColor = <psychopy.colors.Color: black, alpha=1.0>
258.1312 	EXP 	unnamed ShapeStim: borderColor = <psychopy.colors.Color: black, alpha=1.0>
258.1312 	EXP 	unnamed ShapeStim: fillColor = <psychopy.colors.Color: black, alpha=1.0>
258.1312 	EXP 	unnamed Line: foreColor = <psychopy.colors.Color: (1.0, 0.58, -0.87, 1.0)>
258.1312 	EXP 	unnamed Line: borderColor = <psychopy.colors.Color: (1.0, 0.58, -0.87, 1.0)>
258.1312 	EXP 	unnamed Line: fillColor = <psychopy.colors.Color: (1.0, 0.58, -0.87, 1.0)>
258.1312 	EXP 	unnamed ShapeStim: foreColor = <psychopy.colors.Color: (1.0, 0.58, -0.87, 1.0)>
258.1312 	EXP 	unnamed ShapeStim: borderColor = <psychopy.colors.Color: (1.0, 0.58, -0.87, 1.0)>
258.1312 	EXP 	unnamed ShapeStim: fillColor = <psychopy.colors.Color: (1.0, 0.58, -0.87, 1.0)>
258.2915 	DATA 	Keypress: f
258.2957 	EXP 	unnamed Line: foreColor = <psychopy.colors.Color: black, alpha=1.0>
258.2957 	EXP 	unnamed Line: borderColor = <psychopy.colors.Color: black, alpha=1.0>
258.2957 	EXP 	unnamed Line: fillColor = <psychopy.colors.Color: black, alpha=1.0>
258.2957 	EXP 	unnamed ShapeStim: foreColor = <psychopy.colors.Color: black, alpha=1.0>
258.2957 	EXP 	unnamed ShapeStim: borderColor = <psychopy.colors.Color: black, alpha=1.0>
258.2957 	EXP 	unnamed ShapeStim: fillColor = <psychopy.colors.Color: black, alpha=1.0>
258.2957 	EXP 	unnamed Line: foreColor = <psychopy.colors.Color: (1.0, 0.58, -0.87, 1.0)>
258.2957 	EXP 	unnamed Line: borderColor = <psychopy.colors.Color: (1.0, 0.58, -0.87, 1.0)>
258.2957 	EXP 	unnamed Line: fillColor = <psychopy.colors.Color: (1.0, 0.58, -0.87, 1.0)>
258.2957 	EXP 	unnamed ShapeStim: foreColor = <psychopy.colors.Color: (1.0, 0.58, -0.87, 1.0)>
258.2957 	EXP 	unnamed ShapeStim: borderColor = <psychopy.colors.Color: (1.0, 0.58, -0.87, 1.0)>
258.2957 	EXP 	unnamed ShapeStim: fillColor = <psychopy.colors.Color: (1.0, 0.58, -0.87, 1.0)>
258.4354 	DATA 	Keypress: f
258.4391 	EXP 	unnamed Line: foreColor = <psychopy.colors.Color: black, alpha=1.0>
258.4391 	EXP 	unnamed Line: borderColor = <psychopy.colors.Color: black, alpha=1.0>
258.4391 	EXP 	unnamed Line: fillColor = <psychopy.colors.Color: black, alpha=1.0>
258.4391 	EXP 	unnamed ShapeStim: foreColor = <psychopy.colors.Color: black, alpha=1.0>
258.4391 	EXP 	unnamed ShapeStim: borderColor = <psychopy.colors.Color: black, alpha=1.0>
258.4391 	EXP 	unnamed ShapeStim: fillColor = <psychopy.colors.Color: black, alpha=1.0>
258.4391 	EXP 	unnamed Line: foreColor = <psychopy.colors.Color: (1.0, 0.58, -0.87, 1.0)>
258.4391 	EXP 	unnamed Line: borderColor = <psychopy.colors.Color: (1.0, 0.58, -0.87, 1.0)>
258.4391 	EXP 	unnamed Line: fillColor = <psychopy.colors.Color: (1.0, 0.58, -0.87, 1.0)>
258.4391 	EXP 	unnamed ShapeStim: foreColor = <psychopy.colors.Color: (1.0, 0.58, -0.87, 1.0)>
258.4391 	EXP 	unnamed ShapeStim: borderColor = <psychopy.colors.Color: (1.0, 0.58, -0.87, 1.0)>
258.4391 	EXP 	unnamed ShapeStim: fillColor = <psychopy.colors.Color: (1.0, 0.58, -0.87, 1.0)>
258.8596 	DATA 	Keypress: f
258.8634 	EXP 	unnamed Line: foreColor = <psychopy.colors.Color: black, alpha=1.0>
258.8634 	EXP 	unnamed Line: borderColor = <psychopy.colors.Color: black, alpha=1.0>
258.8634 	EXP 	unnamed Line: fillColor = <psychopy.colors.Color: black, alpha=1.0>
258.8634 	EXP 	unnamed ShapeStim: foreColor = <psychopy.colors.Color: black, alpha=1.0>
258.8634 	EXP 	unnamed ShapeStim: borderColor = <psychopy.colors.Color: black, alpha=1.0>
258.8634 	EXP 	unnamed ShapeStim: fillColor = <psychopy.colors.Color: black, alpha=1.0>
258.8634 	EXP 	unnamed Line: foreColor = <psychopy.colors.Color: (1.0, 0.58, -0.87, 1.0)>
258.8634 	EXP 	unnamed Line: borderColor = <psychopy.colors.Color: (1.0, 0.58, -0.87, 1.0)>
258.8634 	EXP 	unnamed Line: fillColor = <psychopy.colors.Color: (1.0, 0.58, -0.87, 1.0)>
258.8634 	EXP 	unnamed ShapeStim: foreColor = <psychopy.colors.Color: (1.0, 0.58, -0.87, 1.0)>
258.8634 	EXP 	unnamed ShapeStim: borderColor = <psychopy.colors.Color: (1.0, 0.58, -0.87, 1.0)>
258.8634 	EXP 	unnamed ShapeStim: fillColor = <psychopy.colors.Color: (1.0, 0.58, -0.87, 1.0)>
260.4361 	DATA 	Keypress: f
260.4416 	EXP 	unnamed Line: foreColor = <psychopy.colors.Color: black, alpha=1.0>
260.4416 	EXP 	unnamed Line: borderColor = <psychopy.colors.Color: black, alpha=1.0>
260.4416 	EXP 	unnamed Line: fillColor = <psychopy.colors.Color: black, alpha=1.0>
260.4416 	EXP 	unnamed ShapeStim: foreColor = <psychopy.colors.Color: black, alpha=1.0>
260.4416 	EXP 	unnamed ShapeStim: borderColor = <psychopy.colors.Color: black, alpha=1.0>
260.4416 	EXP 	unnamed ShapeStim: fillColor = <psychopy.colors.Color: black, alpha=1.0>
260.4416 	EXP 	unnamed Line: foreColor = <psychopy.colors.Color: (1.0, 0.58, -0.87, 1.0)>
260.4416 	EXP 	unnamed Line: borderColor = <psychopy.colors.Color: (1.0, 0.58, -0.87, 1.0)>
260.4416 	EXP 	unnamed Line: fillColor = <psychopy.colors.Color: (1.0, 0.58, -0.87, 1.0)>
260.4416 	EXP 	unnamed ShapeStim: foreColor = <psychopy.colors.Color: (1.0, 0.58, -0.87, 1.0)>
260.4416 	EXP 	unnamed ShapeStim: borderColor = <psychopy.colors.Color: (1.0, 0.58, -0.87, 1.0)>
260.4416 	EXP 	unnamed ShapeStim: fillColor = <psychopy.colors.Color: (1.0, 0.58, -0.87, 1.0)>
260.6117 	DATA 	Keypress: f
260.6166 	EXP 	unnamed Line: foreColor = <psychopy.colors.Color: black, alpha=1.0>
260.6166 	EXP 	unnamed Line: borderColor = <psychopy.colors.Color: black, alpha=1.0>
260.6166 	EXP 	unnamed Line: fillColor = <psychopy.colors.Color: black, alpha=1.0>
260.6166 	EXP 	unnamed ShapeStim: foreColor = <psychopy.colors.Color: black, alpha=1.0>
260.6166 	EXP 	unnamed ShapeStim: borderColor = <psychopy.colors.Color: black, alpha=1.0>
260.6166 	EXP 	unnamed ShapeStim: fillColor = <psychopy.colors.Color: black, alpha=1.0>
260.6166 	EXP 	unnamed Line: foreColor = <psychopy.colors.Color: (1.0, 0.58, -0.87, 1.0)>
260.6166 	EXP 	unnamed Line: borderColor = <psychopy.colors.Color: (1.0, 0.58, -0.87, 1.0)>
260.6166 	EXP 	unnamed Line: fillColor = <psychopy.colors.Color: (1.0, 0.58, -0.87, 1.0)>
260.6166 	EXP 	unnamed ShapeStim: foreColor = <psychopy.colors.Color: (1.0, 0.58, -0.87, 1.0)>
260.6166 	EXP 	unnamed ShapeStim: borderColor = <psychopy.colors.Color: (1.0, 0.58, -0.87, 1.0)>
260.6166 	EXP 	unnamed ShapeStim: fillColor = <psychopy.colors.Color: (1.0, 0.58, -0.87, 1.0)>
260.7557 	DATA 	Keypress: f
260.7596 	EXP 	unnamed Line: foreColor = <psychopy.colors.Color: black, alpha=1.0>
260.7596 	EXP 	unnamed Line: borderColor = <psychopy.colors.Color: black, alpha=1.0>
260.7596 	EXP 	unnamed Line: fillColor = <psychopy.colors.Color: black, alpha=1.0>
260.7596 	EXP 	unnamed ShapeStim: foreColor = <psychopy.colors.Color: black, alpha=1.0>
260.7596 	EXP 	unnamed ShapeStim: borderColor = <psychopy.colors.Color: black, alpha=1.0>
260.7596 	EXP 	unnamed ShapeStim: fillColor = <psychopy.colors.Color: black, alpha=1.0>
260.7596 	EXP 	unnamed Line: foreColor = <psychopy.colors.Color: (1.0, 0.58, -0.87, 1.0)>
260.7596 	EXP 	unnamed Line: borderColor = <psychopy.colors.Color: (1.0, 0.58, -0.87, 1.0)>
260.7596 	EXP 	unnamed Line: fillColor = <psychopy.colors.Color: (1.0, 0.58, -0.87, 1.0)>
260.7596 	EXP 	unnamed ShapeStim: foreColor = <psychopy.colors.Color: (1.0, 0.58, -0.87, 1.0)>
260.7596 	EXP 	unnamed ShapeStim: borderColor = <psychopy.colors.Color: (1.0, 0.58, -0.87, 1.0)>
260.7596 	EXP 	unnamed ShapeStim: fillColor = <psychopy.colors.Color: (1.0, 0.58, -0.87, 1.0)>
260.9154 	DATA 	Keypress: f
260.9192 	EXP 	unnamed Line: foreColor = <psychopy.colors.Color: black, alpha=1.0>
260.9192 	EXP 	unnamed Line: borderColor = <psychopy.colors.Color: black, alpha=1.0>
260.9192 	EXP 	unnamed Line: fillColor = <psychopy.colors.Color: black, alpha=1.0>
260.9192 	EXP 	unnamed ShapeStim: foreColor = <psychopy.colors.Color: black, alpha=1.0>
260.9192 	EXP 	unnamed ShapeStim: borderColor = <psychopy.colors.Color: black, alpha=1.0>
260.9192 	EXP 	unnamed ShapeStim: fillColor = <psychopy.colors.Color: black, alpha=1.0>
260.9192 	EXP 	unnamed Line: foreColor = <psychopy.colors.Color: (1.0, 0.58, -0.87, 1.0)>
260.9192 	EXP 	unnamed Line: borderColor = <psychopy.colors.Color: (1.0, 0.58, -0.87, 1.0)>
260.9192 	EXP 	unnamed Line: fillColor = <psychopy.colors.Color: (1.0, 0.58, -0.87, 1.0)>
260.9192 	EXP 	unnamed ShapeStim: foreColor = <psychopy.colors.Color: (1.0, 0.58, -0.87, 1.0)>
260.9192 	EXP 	unnamed ShapeStim: borderColor = <psychopy.colors.Color: (1.0, 0.58, -0.87, 1.0)>
260.9192 	EXP 	unnamed ShapeStim: fillColor = <psychopy.colors.Color: (1.0, 0.58, -0.87, 1.0)>
263.5001 	DATA 	Keypress: f
263.5066 	EXP 	unnamed Line: foreColor = <psychopy.colors.Color: black, alpha=1.0>
263.5066 	EXP 	unnamed Line: borderColor = <psychopy.colors.Color: black, alpha=1.0>
263.5066 	EXP 	unnamed Line: fillColor = <psychopy.colors.Color: black, alpha=1.0>
263.5066 	EXP 	unnamed ShapeStim: foreColor = <psychopy.colors.Color: black, alpha=1.0>
263.5066 	EXP 	unnamed ShapeStim: borderColor = <psychopy.colors.Color: black, alpha=1.0>
263.5066 	EXP 	unnamed ShapeStim: fillColor = <psychopy.colors.Color: black, alpha=1.0>
263.5066 	EXP 	unnamed Line: foreColor = <psychopy.colors.Color: (1.0, 0.58, -0.87, 1.0)>
263.5066 	EXP 	unnamed Line: borderColor = <psychopy.colors.Color: (1.0, 0.58, -0.87, 1.0)>
263.5066 	EXP 	unnamed Line: fillColor = <psychopy.colors.Color: (1.0, 0.58, -0.87, 1.0)>
263.5066 	EXP 	unnamed ShapeStim: foreColor = <psychopy.colors.Color: (1.0, 0.58, -0.87, 1.0)>
263.5066 	EXP 	unnamed ShapeStim: borderColor = <psychopy.colors.Color: (1.0, 0.58, -0.87, 1.0)>
263.5066 	EXP 	unnamed ShapeStim: fillColor = <psychopy.colors.Color: (1.0, 0.58, -0.87, 1.0)>
263.6676 	DATA 	Keypress: f
263.6714 	EXP 	unnamed Line: foreColor = <psychopy.colors.Color: black, alpha=1.0>
263.6714 	EXP 	unnamed Line: borderColor = <psychopy.colors.Color: black, alpha=1.0>
263.6714 	EXP 	unnamed Line: fillColor = <psychopy.colors.Color: black, alpha=1.0>
263.6714 	EXP 	unnamed ShapeStim: foreColor = <psychopy.colors.Color: black, alpha=1.0>
263.6714 	EXP 	unnamed ShapeStim: borderColor = <psychopy.colors.Color: black, alpha=1.0>
263.6714 	EXP 	unnamed ShapeStim: fillColor = <psychopy.colors.Color: black, alpha=1.0>
263.6714 	EXP 	unnamed Line: foreColor = <psychopy.colors.Color: (1.0, 0.58, -0.87, 1.0)>
263.6714 	EXP 	unnamed Line: borderColor = <psychopy.colors.Color: (1.0, 0.58, -0.87, 1.0)>
263.6714 	EXP 	unnamed Line: fillColor = <psychopy.colors.Color: (1.0, 0.58, -0.87, 1.0)>
263.6714 	EXP 	unnamed ShapeStim: foreColor = <psychopy.colors.Color: (1.0, 0.58, -0.87, 1.0)>
263.6714 	EXP 	unnamed ShapeStim: borderColor = <psychopy.colors.Color: (1.0, 0.58, -0.87, 1.0)>
263.6714 	EXP 	unnamed ShapeStim: fillColor = <psychopy.colors.Color: (1.0, 0.58, -0.87, 1.0)>
264.3079 	DATA 	Keypress: j
264.3110 	EXP 	node2: fillColor = '#126DEF'
264.3110 	EXP 	node8: fillColor = 'white'
265.0111 	EXP 	window1: mouseVisible = True
265.0127 	EXP 	Created unnamed TextStim = TextStim(__class__=<class 'psychopy.visual.text.TextStim'>, alignHoriz=method-wrapper(...), alignText='center', alignVert=method-wrapper(...), anchorHoriz='center', anchorVert='center', antialias=True, autoDraw=False, autoLog=True, bold=True, color=array([-0.88235294, -0.12156863, -0.97647059]), colorSpace='rgb', contrast=1.0, depth=0, draggable=False, flipHoriz=False, flipVert=False, font='', fontFiles=[], height=0.04, italic=False, languageStyle='LTR', name='unnamed TextStim', opacity=1.0, ori=0.0, pos=array([-0.2583712 ,  0.20539525]), rgb=UNKNOWN, text='+3', units='height', win=Window(...), wrapWidth=1)
265.0167 	EXP 	node2: fillColor = 'white'
265.0167 	EXP 	unnamed ImageStim: autoDraw = True
266.0246 	EXP 	unnamed ImageStim: autoDraw = False
266.0246 	EXP 	unnamed Rect: autoDraw = False
266.0246 	EXP 	unnamed Rect: autoDraw = True
266.1646 	EXP 	unnamed Rect: autoDraw = False
266.1646 	EXP 	node0: autoDraw = False
266.1646 	EXP 	node1: autoDraw = False
266.1646 	EXP 	node2: autoDraw = False
266.1646 	EXP 	unnamed ImageStim: autoDraw = False
266.1646 	EXP 	node3: autoDraw = False
266.1646 	EXP 	node4: autoDraw = False
266.1646 	EXP 	node5: autoDraw = False
266.1646 	EXP 	node6: autoDraw = False
266.1646 	EXP 	unnamed ImageStim: autoDraw = False
266.1646 	EXP 	node7: autoDraw = False
266.1646 	EXP 	node8: autoDraw = False
266.1646 	EXP 	node9: autoDraw = False
266.1646 	EXP 	node10: autoDraw = False
266.1646 	EXP 	unnamed Line: autoDraw = False
266.1646 	EXP 	unnamed ShapeStim: autoDraw = False
266.1646 	EXP 	unnamed Line: autoDraw = False
266.1646 	EXP 	unnamed ShapeStim: autoDraw = False
266.1646 	EXP 	unnamed Rect: autoDraw = False
266.1787 	INFO 	Mouse: using default window
266.1788 	EXP 	window1: mouseVisible = True
266.1789 	EXP 	window1: mouseVisible = True
266.1837 	EXP 	Created unnamed TextStim = TextStim(__class__=<class 'psychopy.visual.text.TextStim'>, alignHoriz=method-wrapper(...), alignText='center', alignVert=method-wrapper(...), anchorHoriz='center', anchorVert='center', antialias=True, autoDraw=False, autoLog=True, bold=False, color=array([1, 1, 1]), colorSpace='rgb', contrast=1.0, depth=0, draggable=False, flipHoriz=False, flipVert=False, font='', fontFiles=[], height=0.035, italic=False, languageStyle='LTR', name='unnamed TextStim', opacity=1.0, ori=0.0, pos=array([0., 0.]), rgb=UNKNOWN, text='press Space to start', units='height', win=Window(...), wrapWidth=1)
267.3483 	DATA 	Keypress: space
267.3488 	EXP 	window1: mouseVisible = True
267.3492 	EXP 	Created unnamed Rect = Rect(__class__=<class 'psychopy.visual.rect.Rect'>, anchor=('center', 'center'), autoDraw=False, autoLog=True, closeShape=True, color=method-wrapper(...), colorSpace='rgb', contrast=None, depth=0, draggable=False, fillColor=array([0.00392157, 0.00392157, 0.00392157]), fillColorSpace='rgb', fillRGB=array([0.00392157, 0.00392157, 0.00392157]), interpolate=True, lineColor=array([0, 0, 0]), lineColorSpace='rgb', lineRGB=array([0, 0, 0]), lineWidth=0, name='unnamed Rect', opacity=0.5, ori=0.0, pos=array([-0.65,  0.45]), size=array([0.1, 0.1]), units='height', vertices=ndarray(...), win=Window(...))
267.3503 	EXP 	window1: mouseVisible = True
267.3522 	EXP 	Created node0 = Circle(__class__=<class 'psychopy.visual.circle.Circle'>, anchor=('center', 'center'), autoDraw=False, autoLog=True, closeShape=True, color=method-wrapper(...), colorSpace='rgb', contrast=None, depth=0, draggable=False, fillColor=array([1, 1, 1]), fillColorSpace='rgb', fillRGB=array([1, 1, 1]), interpolate=True, lineColor=array([-1, -1, -1]), lineColorSpace='rgb', lineRGB=array([-1, -1, -1]), lineWidth=2, name='node0', opacity=1.0, ori=0.0, pos=array([0.  , 0.35]), size=array([1., 1.]), units='height', vertices=ndarray(...), win=Window(...))
267.3532 	EXP 	window1: mouseVisible = True
267.3552 	EXP 	Created node1 = Circle(__class__=<class 'psychopy.visual.circle.Circle'>, anchor=('center', 'center'), autoDraw=False, autoLog=True, closeShape=True, color=method-wrapper(...), colorSpace='rgb', contrast=None, depth=0, draggable=False, fillColor=array([1, 1, 1]), fillColorSpace='rgb', fillRGB=array([1, 1, 1]), interpolate=True, lineColor=array([-1, -1, -1]), lineColorSpace='rgb', lineRGB=array([-1, -1, -1]), lineWidth=2, name='node1', opacity=1.0, ori=0.0, pos=array([-0.18922429,  0.29443874]), size=array([1., 1.]), units='height', vertices=ndarray(...), win=Window(...))
267.3562 	EXP 	window1: mouseVisible = True
267.3581 	EXP 	Created node2 = Circle(__class__=<class 'psychopy.visual.circle.Circle'>, anchor=('center', 'center'), autoDraw=False, autoLog=True, closeShape=True, color=method-wrapper(...), colorSpace='rgb', contrast=None, depth=0, draggable=False, fillColor=array([1, 1, 1]), fillColorSpace='rgb', fillRGB=array([1, 1, 1]), interpolate=True, lineColor=array([-1, -1, -1]), lineColorSpace='rgb', lineRGB=array([-1, -1, -1]), lineWidth=2, name='node2', opacity=1.0, ori=0.0, pos=array([-0.3183712 ,  0.14539525]), size=array([1., 1.]), units='height', vertices=ndarray(...), win=Window(...))
267.3591 	EXP 	window1: mouseVisible = True
267.3610 	EXP 	Created node3 = Circle(__class__=<class 'psychopy.visual.circle.Circle'>, anchor=('center', 'center'), autoDraw=False, autoLog=True, closeShape=True, color=method-wrapper(...), colorSpace='rgb', contrast=None, depth=0, draggable=False, fillColor=array([1, 1, 1]), fillColorSpace='rgb', fillRGB=array([1, 1, 1]), interpolate=True, lineColor=array([-1, -1, -1]), lineColorSpace='rgb', lineRGB=array([-1, -1, -1]), lineWidth=2, name='node3', opacity=1.0, ori=0.0, pos=array([-0.3464375 , -0.04981019]), size=array([1., 1.]), units='height', vertices=ndarray(...), win=Window(...))
267.3610 	EXP 	window1: mouseVisible = True
267.3780 	EXP 	Created unnamed ImageStim = ImageStim(__class__=<class 'psychopy.visual.image.ImageStim'>, anchor=('center', 'center'), autoLog=True, color=array([1., 1., 1.]), colorSpace='rgb', contrast=1.0, depth=0, draggable=False, flipHoriz=False, flipVert=False, image='images/pattern_4.png', interpolate=False, mask=None, maskParams=None, name='unnamed ImageStim', opacity=1.0, ori=0.0, pos=array([-0.3464375 , -0.04981019]), size=array([0.12, 0.12]), texRes=128, units='height', win=Window(...))
267.3790 	EXP 	window1: mouseVisible = True
267.3809 	EXP 	Created node4 = Circle(__class__=<class 'psychopy.visual.circle.Circle'>, anchor=('center', 'center'), autoDraw=False, autoLog=True, closeShape=True, color=method-wrapper(...), colorSpace='rgb', contrast=None, depth=0, draggable=False, fillColor=array([1, 1, 1]), fillColorSpace='rgb', fillRGB=array([1, 1, 1]), interpolate=True, lineColor=array([-1, -1, -1]), lineColorSpace='rgb', lineRGB=array([-1, -1, -1]), lineWidth=2, name='node4', opacity=1.0, ori=0.0, pos=array([-0.26451235, -0.22920126]), size=array([1., 1.]), units='height', vertices=ndarray(...), win=Window(...))
267.3820 	EXP 	window1: mouseVisible = True
267.3838 	EXP 	Created node5 = Circle(__class__=<class 'psychopy.visual.circle.Circle'>, anchor=('center', 'center'), autoDraw=False, autoLog=True, closeShape=True, color=method-wrapper(...), colorSpace='rgb', contrast=None, depth=0, draggable=False, fillColor=array([1, 1, 1]), fillColorSpace='rgb', fillRGB=array([1, 1, 1]), interpolate=True, lineColor=array([-1, -1, -1]), lineColorSpace='rgb', lineRGB=array([-1, -1, -1]), lineWidth=2, name='node5', opacity=1.0, ori=0.0, pos=array([-0.09860639, -0.33582254]), size=array([1., 1.]), units='height', vertices=ndarray(...), win=Window(...))
267.3849 	EXP 	window1: mouseVisible = True
267.3867 	EXP 	Created node6 = Circle(__class__=<class 'psychopy.visual.circle.Circle'>, anchor=('center', 'center'), autoDraw=False, autoLog=True, closeShape=True, color=method-wrapper(...), colorSpace='rgb', contrast=None, depth=0, draggable=False, fillColor=array([1, 1, 1]), fillColorSpace='rgb', fillRGB=array([1, 1, 1]), interpolate=True, lineColor=array([-1, -1, -1]), lineColorSpace='rgb', lineRGB=array([-1, -1, -1]), lineWidth=2, name='node6', opacity=1.0, ori=0.0, pos=array([ 0.09860639, -0.33582254]), size=array([1., 1.]), units='height', vertices=ndarray(...), win=Window(...))
267.3877 	EXP 	window1: mouseVisible = True
267.3896 	EXP 	Created node7 = Circle(__class__=<class 'psychopy.visual.circle.Circle'>, anchor=('center', 'center'), autoDraw=False, autoLog=True, closeShape=True, color=method-wrapper(...), colorSpace='rgb', contrast=None, depth=0, draggable=False, fillColor=array([1, 1, 1]), fillColorSpace='rgb', fillRGB=array([1, 1, 1]), interpolate=True, lineColor=array([-1, -1, -1]), lineColorSpace='rgb', lineRGB=array([-1, -1, -1]), lineWidth=2, name='node7', opacity=1.0, ori=0.0, pos=array([ 0.26451235, -0.22920126]), size=array([1., 1.]), units='height', vertices=ndarray(...), win=Window(...))
267.3906 	EXP 	window1: mouseVisible = True
267.3925 	EXP 	Created node8 = Circle(__class__=<class 'psychopy.visual.circle.Circle'>, anchor=('center', 'center'), autoDraw=False, autoLog=True, closeShape=True, color=method-wrapper(...), colorSpace='rgb', contrast=None, depth=0, draggable=False, fillColor=array([1, 1, 1]), fillColorSpace='rgb', fillRGB=array([1, 1, 1]), interpolate=True, lineColor=array([-1, -1, -1]), lineColorSpace='rgb', lineRGB=array([-1, -1, -1]), lineWidth=2, name='node8', opacity=1.0, ori=0.0, pos=array([ 0.3464375 , -0.04981019]), size=array([1., 1.]), units='height', vertices=ndarray(...), win=Window(...))
267.3935 	EXP 	window1: mouseVisible = True
267.3954 	EXP 	Created node9 = Circle(__class__=<class 'psychopy.visual.circle.Circle'>, anchor=('center', 'center'), autoDraw=False, autoLog=True, closeShape=True, color=method-wrapper(...), colorSpace='rgb', contrast=None, depth=0, draggable=False, fillColor=array([1, 1, 1]), fillColorSpace='rgb', fillRGB=array([1, 1, 1]), interpolate=True, lineColor=array([-1, -1, -1]), lineColorSpace='rgb', lineRGB=array([-1, -1, -1]), lineWidth=2, name='node9', opacity=1.0, ori=0.0, pos=array([0.3183712 , 0.14539525]), size=array([1., 1.]), units='height', vertices=ndarray(...), win=Window(...))
267.3964 	EXP 	window1: mouseVisible = True
267.3982 	EXP 	Created node10 = Circle(__class__=<class 'psychopy.visual.circle.Circle'>, anchor=('center', 'center'), autoDraw=False, autoLog=True, closeShape=True, color=method-wrapper(...), colorSpace='rgb', contrast=None, depth=0, draggable=False, fillColor=array([1, 1, 1]), fillColorSpace='rgb', fillRGB=array([1, 1, 1]), interpolate=True, lineColor=array([-1, -1, -1]), lineColorSpace='rgb', lineRGB=array([-1, -1, -1]), lineWidth=2, name='node10', opacity=1.0, ori=0.0, pos=array([0.18922429, 0.29443874]), size=array([1., 1.]), units='height', vertices=ndarray(...), win=Window(...))
267.3982 	EXP 	window1: mouseVisible = True
267.4151 	EXP 	Created unnamed ImageStim = ImageStim(__class__=<class 'psychopy.visual.image.ImageStim'>, anchor=('center', 'center'), autoLog=True, color=array([1., 1., 1.]), colorSpace='rgb', contrast=1.0, depth=0, draggable=False, flipHoriz=False, flipVert=False, image='images/pattern_1.png', interpolate=False, mask=None, maskParams=None, name='unnamed ImageStim', opacity=1.0, ori=0.0, pos=array([0.18922429, 0.29443874]), size=array([0.12, 0.12]), texRes=128, units='height', win=Window(...))
267.4152 	EXP 	window1: mouseVisible = True
267.4156 	EXP 	Created unnamed Line = Line(__class__=<class 'psychopy.visual.line.Line'>, anchor=('center', 'center'), autoDraw=False, autoLog=True, closeShape=False, color=array([-1, -1, -1]), colorSpace='rgb', contrast=None, depth=2, draggable=False, fillColor=array([0, 0, 0]), fillColorSpace='rgb', fillRGB=array([0, 0, 0]), interpolate=True, lineColor=array([-1, -1, -1]), lineColorSpace='rgb', lineRGB=array([-1, -1, -1]), lineWidth=4, name='unnamed Line', opacity=0.5, ori=0.0, pos=array([0., 0.]), size=array([1., 1.]), units='height', vertices=ndarray(...), win=Window(...), windingRule=None)
267.4157 	EXP 	window1: mouseVisible = True
267.4161 	EXP 	Created unnamed ShapeStim = ShapeStim(__class__=<class 'psychopy.visual.shape.ShapeStim'>, anchor=('center', 'center'), autoDraw=False, autoLog=True, closeShape=True, color=method-wrapper(...), colorSpace='rgb', contrast=None, depth=0, draggable=False, fillColor=array([-1, -1, -1]), fillColorSpace='rgb', fillRGB=array([-1, -1, -1]), interpolate=True, lineColor=array([-1, -1, -1]), lineColorSpace='rgb', lineRGB=array([-1, -1, -1]), lineWidth=1.5, name='unnamed ShapeStim', opacity=1.0, ori=106.36363636363636, pos=array([0.14124964, 0.30852536]), size=array([1., 1.]), units='height', vertices=ndarray(...), win=Window(...), windingRule=None)
267.4161 	EXP 	window1: mouseVisible = True
267.4165 	EXP 	Created unnamed Line = Line(__class__=<class 'psychopy.visual.line.Line'>, anchor=('center', 'center'), autoDraw=False, autoLog=True, closeShape=False, color=array([-1, -1, -1]), colorSpace='rgb', contrast=None, depth=2, draggable=False, fillColor=array([0, 0, 0]), fillColorSpace='rgb', fillRGB=array([0, 0, 0]), interpolate=True, lineColor=array([-1, -1, -1]), lineColorSpace='rgb', lineRGB=array([-1, -1, -1]), lineWidth=4, name='unnamed Line', opacity=0.5, ori=0.0, pos=array([0., 0.]), size=array([1., 1.]), units='height', vertices=ndarray(...), win=Window(...), windingRule=None)
267.4166 	EXP 	window1: mouseVisible = True
267.4169 	EXP 	Created unnamed ShapeStim = ShapeStim(__class__=<class 'psychopy.visual.shape.ShapeStim'>, anchor=('center', 'center'), autoDraw=False, autoLog=True, closeShape=True, color=method-wrapper(...), colorSpace='rgb', contrast=None, depth=0, draggable=False, fillColor=array([-1, -1, -1]), fillColorSpace='rgb', fillRGB=array([-1, -1, -1]), interpolate=True, lineColor=array([-1, -1, -1]), lineColorSpace='rgb', lineRGB=array([-1, -1, -1]), lineWidth=1.5, name='unnamed ShapeStim', opacity=1.0, ori=220.9090909090909, pos=array([-0.31369447, -0.01202271]), size=array([1., 1.]), units='height', vertices=ndarray(...), win=Window(...), windingRule=None)
267.4170 	EXP 	window1: mouseVisible = True
267.4173 	EXP 	Created unnamed Rect = Rect(__class__=<class 'psychopy.visual.rect.Rect'>, anchor=('center', 'center'), autoDraw=False, autoLog=True, closeShape=True, color=method-wrapper(...), colorSpace='rgb', contrast=None, depth=0, draggable=False, fillColor=array([0.00392157, 0.00392157, 0.00392157]), fillColorSpace='rgb', fillRGB=array([0.00392157, 0.00392157, 0.00392157]), interpolate=True, lineColor=array([0, 0, 0]), lineColorSpace='rgb', lineRGB=array([0, 0, 0]), lineWidth=0, name='unnamed Rect', opacity=0.0, ori=0.0, pos=array([0.1, 0. ]), size=array([1.1, 1. ]), units='height', vertices=ndarray(...), win=Window(...))
267.4235 	EXP 	unnamed Rect: autoDraw = True
267.4235 	EXP 	node0: autoDraw = True
267.4235 	EXP 	node1: autoDraw = True
267.4235 	EXP 	node2: autoDraw = True
267.4235 	EXP 	node3: autoDraw = True
267.4235 	EXP 	unnamed ImageStim: autoDraw = True
267.4235 	EXP 	node4: autoDraw = True
267.4235 	EXP 	node5: autoDraw = True
267.4235 	EXP 	node6: autoDraw = True
267.4235 	EXP 	node7: autoDraw = True
267.4235 	EXP 	node8: autoDraw = True
267.4235 	EXP 	node9: autoDraw = True
267.4235 	EXP 	node10: autoDraw = True
267.4235 	EXP 	unnamed ImageStim: autoDraw = True
267.4235 	EXP 	unnamed Line: autoDraw = True
267.4235 	EXP 	unnamed Line: autoDraw = True
267.4235 	EXP 	unnamed ShapeStim: autoDraw = True
267.4235 	EXP 	unnamed Line: autoDraw = True
267.4235 	EXP 	unnamed Line: autoDraw = True
267.4235 	EXP 	unnamed ShapeStim: autoDraw = True
267.4235 	EXP 	unnamed Rect: autoDraw = True
267.4235 	EXP 	node0: fillColor = '#126DEF'
267.4287 	EXP 	node0: fillColor = '#126DEF'
267.4287 	EXP 	unnamed Line: autoDraw = False
267.4287 	EXP 	unnamed ShapeStim: autoDraw = False
267.4287 	EXP 	unnamed Line: autoDraw = True
267.4287 	EXP 	unnamed ShapeStim: autoDraw = True
267.4287 	EXP 	unnamed Line: autoDraw = False
267.4287 	EXP 	unnamed ShapeStim: autoDraw = False
267.4287 	EXP 	unnamed Line: autoDraw = True
267.4287 	EXP 	unnamed ShapeStim: autoDraw = True
267.4287 	EXP 	unnamed Line: foreColor = <psychopy.colors.Color: (1.0, 0.58, -0.87, 1.0)>
267.4287 	EXP 	unnamed Line: borderColor = <psychopy.colors.Color: (1.0, 0.58, -0.87, 1.0)>
267.4287 	EXP 	unnamed Line: fillColor = <psychopy.colors.Color: (1.0, 0.58, -0.87, 1.0)>
267.4287 	EXP 	unnamed ShapeStim: foreColor = <psychopy.colors.Color: (1.0, 0.58, -0.87, 1.0)>
267.4287 	EXP 	unnamed ShapeStim: borderColor = <psychopy.colors.Color: (1.0, 0.58, -0.87, 1.0)>
267.4287 	EXP 	unnamed ShapeStim: fillColor = <psychopy.colors.Color: (1.0, 0.58, -0.87, 1.0)>
269.6923 	DATA 	Keypress: f
269.6986 	EXP 	unnamed Line: foreColor = <psychopy.colors.Color: black, alpha=1.0>
269.6986 	EXP 	unnamed Line: borderColor = <psychopy.colors.Color: black, alpha=1.0>
269.6986 	EXP 	unnamed Line: fillColor = <psychopy.colors.Color: black, alpha=1.0>
269.6986 	EXP 	unnamed ShapeStim: foreColor = <psychopy.colors.Color: black, alpha=1.0>
269.6986 	EXP 	unnamed ShapeStim: borderColor = <psychopy.colors.Color: black, alpha=1.0>
269.6986 	EXP 	unnamed ShapeStim: fillColor = <psychopy.colors.Color: black, alpha=1.0>
269.6986 	EXP 	unnamed Line: foreColor = <psychopy.colors.Color: (1.0, 0.58, -0.87, 1.0)>
269.6986 	EXP 	unnamed Line: borderColor = <psychopy.colors.Color: (1.0, 0.58, -0.87, 1.0)>
269.6986 	EXP 	unnamed Line: fillColor = <psychopy.colors.Color: (1.0, 0.58, -0.87, 1.0)>
269.6986 	EXP 	unnamed ShapeStim: foreColor = <psychopy.colors.Color: (1.0, 0.58, -0.87, 1.0)>
269.6986 	EXP 	unnamed ShapeStim: borderColor = <psychopy.colors.Color: (1.0, 0.58, -0.87, 1.0)>
269.6986 	EXP 	unnamed ShapeStim: fillColor = <psychopy.colors.Color: (1.0, 0.58, -0.87, 1.0)>
272.0760 	DATA 	Keypress: f
272.0821 	EXP 	unnamed Line: foreColor = <psychopy.colors.Color: black, alpha=1.0>
272.0821 	EXP 	unnamed Line: borderColor = <psychopy.colors.Color: black, alpha=1.0>
272.0821 	EXP 	unnamed Line: fillColor = <psychopy.colors.Color: black, alpha=1.0>
272.0821 	EXP 	unnamed ShapeStim: foreColor = <psychopy.colors.Color: black, alpha=1.0>
272.0821 	EXP 	unnamed ShapeStim: borderColor = <psychopy.colors.Color: black, alpha=1.0>
272.0821 	EXP 	unnamed ShapeStim: fillColor = <psychopy.colors.Color: black, alpha=1.0>
272.0821 	EXP 	unnamed Line: foreColor = <psychopy.colors.Color: (1.0, 0.58, -0.87, 1.0)>
272.0821 	EXP 	unnamed Line: borderColor = <psychopy.colors.Color: (1.0, 0.58, -0.87, 1.0)>
272.0821 	EXP 	unnamed Line: fillColor = <psychopy.colors.Color: (1.0, 0.58, -0.87, 1.0)>
272.0821 	EXP 	unnamed ShapeStim: foreColor = <psychopy.colors.Color: (1.0, 0.58, -0.87, 1.0)>
272.0821 	EXP 	unnamed ShapeStim: borderColor = <psychopy.colors.Color: (1.0, 0.58, -0.87, 1.0)>
272.0821 	EXP 	unnamed ShapeStim: fillColor = <psychopy.colors.Color: (1.0, 0.58, -0.87, 1.0)>
274.0440 	DATA 	Keypress: j
274.0489 	EXP 	node3: fillColor = '#126DEF'
274.0489 	EXP 	node0: fillColor = 'white'
274.7490 	EXP 	window1: mouseVisible = True
274.7506 	EXP 	Created unnamed TextStim = TextStim(__class__=<class 'psychopy.visual.text.TextStim'>, alignHoriz=method-wrapper(...), alignText='center', alignVert=method-wrapper(...), anchorHoriz='center', anchorVert='center', antialias=True, autoDraw=False, autoLog=True, bold=True, color=array([ 0.23921569, -1.        , -0.98431373]), colorSpace='rgb', contrast=1.0, depth=0, draggable=False, flipHoriz=False, flipVert=False, font='', fontFiles=[], height=0.04, italic=False, languageStyle='LTR', name='unnamed TextStim', opacity=1.0, ori=0.0, pos=array([-0.2864375 ,  0.01018981]), rgb=UNKNOWN, text='-1', units='height', win=Window(...), wrapWidth=1)
274.7548 	EXP 	node3: fillColor = 'white'
274.7548 	EXP 	unnamed ImageStim: autoDraw = True
275.7654 	EXP 	unnamed ImageStim: autoDraw = False
275.7654 	EXP 	unnamed Rect: autoDraw = False
275.7654 	EXP 	unnamed Rect: autoDraw = True
275.9286 	EXP 	unnamed Rect: autoDraw = False
275.9286 	EXP 	node0: autoDraw = False
275.9286 	EXP 	node1: autoDraw = False
275.9286 	EXP 	node2: autoDraw = False
275.9286 	EXP 	node3: autoDraw = False
275.9286 	EXP 	unnamed ImageStim: autoDraw = False
275.9286 	EXP 	node4: autoDraw = False
275.9286 	EXP 	node5: autoDraw = False
275.9286 	EXP 	node6: autoDraw = False
275.9286 	EXP 	node7: autoDraw = False
275.9286 	EXP 	node8: autoDraw = False
275.9286 	EXP 	node9: autoDraw = False
275.9286 	EXP 	node10: autoDraw = False
275.9286 	EXP 	unnamed ImageStim: autoDraw = False
275.9286 	EXP 	unnamed Line: autoDraw = False
275.9286 	EXP 	unnamed ShapeStim: autoDraw = False
275.9286 	EXP 	unnamed Line: autoDraw = False
275.9286 	EXP 	unnamed ShapeStim: autoDraw = False
275.9286 	EXP 	unnamed Rect: autoDraw = False
275.9386 	INFO 	Mouse: using default window
275.9387 	EXP 	window1: mouseVisible = True
275.9388 	EXP 	window1: mouseVisible = True
275.9431 	EXP 	Created unnamed TextStim = TextStim(__class__=<class 'psychopy.visual.text.TextStim'>, alignHoriz=method-wrapper(...), alignText='center', alignVert=method-wrapper(...), anchorHoriz='center', anchorVert='center', antialias=True, autoDraw=False, autoLog=True, bold=False, color=array([1, 1, 1]), colorSpace='rgb', contrast=1.0, depth=0, draggable=False, flipHoriz=False, flipVert=False, font='', fontFiles=[], height=0.035, italic=False, languageStyle='LTR', name='unnamed TextStim', opacity=1.0, ori=0.0, pos=array([0., 0.]), rgb=UNKNOWN, text='press Space to start', units='height', win=Window(...), wrapWidth=1)
276.7162 	DATA 	Keypress: space
276.7167 	EXP 	window1: mouseVisible = True
276.7171 	EXP 	Created unnamed Rect = Rect(__class__=<class 'psychopy.visual.rect.Rect'>, anchor=('center', 'center'), autoDraw=False, autoLog=True, closeShape=True, color=method-wrapper(...), colorSpace='rgb', contrast=None, depth=0, draggable=False, fillColor=array([0.00392157, 0.00392157, 0.00392157]), fillColorSpace='rgb', fillRGB=array([0.00392157, 0.00392157, 0.00392157]), interpolate=True, lineColor=array([0, 0, 0]), lineColorSpace='rgb', lineRGB=array([0, 0, 0]), lineWidth=0, name='unnamed Rect', opacity=0.5, ori=0.0, pos=array([-0.65,  0.45]), size=array([0.1, 0.1]), units='height', vertices=ndarray(...), win=Window(...))
276.7181 	EXP 	window1: mouseVisible = True
276.7201 	EXP 	Created node0 = Circle(__class__=<class 'psychopy.visual.circle.Circle'>, anchor=('center', 'center'), autoDraw=False, autoLog=True, closeShape=True, color=method-wrapper(...), colorSpace='rgb', contrast=None, depth=0, draggable=False, fillColor=array([1, 1, 1]), fillColorSpace='rgb', fillRGB=array([1, 1, 1]), interpolate=True, lineColor=array([-1, -1, -1]), lineColorSpace='rgb', lineRGB=array([-1, -1, -1]), lineWidth=2, name='node0', opacity=1.0, ori=0.0, pos=array([0.  , 0.35]), size=array([1., 1.]), units='height', vertices=ndarray(...), win=Window(...))
276.7211 	EXP 	window1: mouseVisible = True
276.7231 	EXP 	Created node1 = Circle(__class__=<class 'psychopy.visual.circle.Circle'>, anchor=('center', 'center'), autoDraw=False, autoLog=True, closeShape=True, color=method-wrapper(...), colorSpace='rgb', contrast=None, depth=0, draggable=False, fillColor=array([1, 1, 1]), fillColorSpace='rgb', fillRGB=array([1, 1, 1]), interpolate=True, lineColor=array([-1, -1, -1]), lineColorSpace='rgb', lineRGB=array([-1, -1, -1]), lineWidth=2, name='node1', opacity=1.0, ori=0.0, pos=array([-0.18922429,  0.29443874]), size=array([1., 1.]), units='height', vertices=ndarray(...), win=Window(...))
276.7241 	EXP 	window1: mouseVisible = True
276.7260 	EXP 	Created node2 = Circle(__class__=<class 'psychopy.visual.circle.Circle'>, anchor=('center', 'center'), autoDraw=False, autoLog=True, closeShape=True, color=method-wrapper(...), colorSpace='rgb', contrast=None, depth=0, draggable=False, fillColor=array([1, 1, 1]), fillColorSpace='rgb', fillRGB=array([1, 1, 1]), interpolate=True, lineColor=array([-1, -1, -1]), lineColorSpace='rgb', lineRGB=array([-1, -1, -1]), lineWidth=2, name='node2', opacity=1.0, ori=0.0, pos=array([-0.3183712 ,  0.14539525]), size=array([1., 1.]), units='height', vertices=ndarray(...), win=Window(...))
276.7270 	EXP 	window1: mouseVisible = True
276.7289 	EXP 	Created node3 = Circle(__class__=<class 'psychopy.visual.circle.Circle'>, anchor=('center', 'center'), autoDraw=False, autoLog=True, closeShape=True, color=method-wrapper(...), colorSpace='rgb', contrast=None, depth=0, draggable=False, fillColor=array([1, 1, 1]), fillColorSpace='rgb', fillRGB=array([1, 1, 1]), interpolate=True, lineColor=array([-1, -1, -1]), lineColorSpace='rgb', lineRGB=array([-1, -1, -1]), lineWidth=2, name='node3', opacity=1.0, ori=0.0, pos=array([-0.3464375 , -0.04981019]), size=array([1., 1.]), units='height', vertices=ndarray(...), win=Window(...))
276.7299 	EXP 	window1: mouseVisible = True
276.7318 	EXP 	Created node4 = Circle(__class__=<class 'psychopy.visual.circle.Circle'>, anchor=('center', 'center'), autoDraw=False, autoLog=True, closeShape=True, color=method-wrapper(...), colorSpace='rgb', contrast=None, depth=0, draggable=False, fillColor=array([1, 1, 1]), fillColorSpace='rgb', fillRGB=array([1, 1, 1]), interpolate=True, lineColor=array([-1, -1, -1]), lineColorSpace='rgb', lineRGB=array([-1, -1, -1]), lineWidth=2, name='node4', opacity=1.0, ori=0.0, pos=array([-0.26451235, -0.22920126]), size=array([1., 1.]), units='height', vertices=ndarray(...), win=Window(...))
276.7328 	EXP 	window1: mouseVisible = True
276.7346 	EXP 	Created node5 = Circle(__class__=<class 'psychopy.visual.circle.Circle'>, anchor=('center', 'center'), autoDraw=False, autoLog=True, closeShape=True, color=method-wrapper(...), colorSpace='rgb', contrast=None, depth=0, draggable=False, fillColor=array([1, 1, 1]), fillColorSpace='rgb', fillRGB=array([1, 1, 1]), interpolate=True, lineColor=array([-1, -1, -1]), lineColorSpace='rgb', lineRGB=array([-1, -1, -1]), lineWidth=2, name='node5', opacity=1.0, ori=0.0, pos=array([-0.09860639, -0.33582254]), size=array([1., 1.]), units='height', vertices=ndarray(...), win=Window(...))
276.7356 	EXP 	window1: mouseVisible = True
276.7375 	EXP 	Created node6 = Circle(__class__=<class 'psychopy.visual.circle.Circle'>, anchor=('center', 'center'), autoDraw=False, autoLog=True, closeShape=True, color=method-wrapper(...), colorSpace='rgb', contrast=None, depth=0, draggable=False, fillColor=array([1, 1, 1]), fillColorSpace='rgb', fillRGB=array([1, 1, 1]), interpolate=True, lineColor=array([-1, -1, -1]), lineColorSpace='rgb', lineRGB=array([-1, -1, -1]), lineWidth=2, name='node6', opacity=1.0, ori=0.0, pos=array([ 0.09860639, -0.33582254]), size=array([1., 1.]), units='height', vertices=ndarray(...), win=Window(...))
276.7385 	EXP 	window1: mouseVisible = True
276.7404 	EXP 	Created node7 = Circle(__class__=<class 'psychopy.visual.circle.Circle'>, anchor=('center', 'center'), autoDraw=False, autoLog=True, closeShape=True, color=method-wrapper(...), colorSpace='rgb', contrast=None, depth=0, draggable=False, fillColor=array([1, 1, 1]), fillColorSpace='rgb', fillRGB=array([1, 1, 1]), interpolate=True, lineColor=array([-1, -1, -1]), lineColorSpace='rgb', lineRGB=array([-1, -1, -1]), lineWidth=2, name='node7', opacity=1.0, ori=0.0, pos=array([ 0.26451235, -0.22920126]), size=array([1., 1.]), units='height', vertices=ndarray(...), win=Window(...))
276.7414 	EXP 	window1: mouseVisible = True
276.7433 	EXP 	Created node8 = Circle(__class__=<class 'psychopy.visual.circle.Circle'>, anchor=('center', 'center'), autoDraw=False, autoLog=True, closeShape=True, color=method-wrapper(...), colorSpace='rgb', contrast=None, depth=0, draggable=False, fillColor=array([1, 1, 1]), fillColorSpace='rgb', fillRGB=array([1, 1, 1]), interpolate=True, lineColor=array([-1, -1, -1]), lineColorSpace='rgb', lineRGB=array([-1, -1, -1]), lineWidth=2, name='node8', opacity=1.0, ori=0.0, pos=array([ 0.3464375 , -0.04981019]), size=array([1., 1.]), units='height', vertices=ndarray(...), win=Window(...))
276.7433 	EXP 	window1: mouseVisible = True
276.7601 	EXP 	Created unnamed ImageStim = ImageStim(__class__=<class 'psychopy.visual.image.ImageStim'>, anchor=('center', 'center'), autoLog=True, color=array([1., 1., 1.]), colorSpace='rgb', contrast=1.0, depth=0, draggable=False, flipHoriz=False, flipVert=False, image='images/pattern_4.png', interpolate=False, mask=None, maskParams=None, name='unnamed ImageStim', opacity=1.0, ori=0.0, pos=array([ 0.3464375 , -0.04981019]), size=array([0.12, 0.12]), texRes=128, units='height', win=Window(...))
276.7611 	EXP 	window1: mouseVisible = True
276.7631 	EXP 	Created node9 = Circle(__class__=<class 'psychopy.visual.circle.Circle'>, anchor=('center', 'center'), autoDraw=False, autoLog=True, closeShape=True, color=method-wrapper(...), colorSpace='rgb', contrast=None, depth=0, draggable=False, fillColor=array([1, 1, 1]), fillColorSpace='rgb', fillRGB=array([1, 1, 1]), interpolate=True, lineColor=array([-1, -1, -1]), lineColorSpace='rgb', lineRGB=array([-1, -1, -1]), lineWidth=2, name='node9', opacity=1.0, ori=0.0, pos=array([0.3183712 , 0.14539525]), size=array([1., 1.]), units='height', vertices=ndarray(...), win=Window(...))
276.7641 	EXP 	window1: mouseVisible = True
276.7660 	EXP 	Created node10 = Circle(__class__=<class 'psychopy.visual.circle.Circle'>, anchor=('center', 'center'), autoDraw=False, autoLog=True, closeShape=True, color=method-wrapper(...), colorSpace='rgb', contrast=None, depth=0, draggable=False, fillColor=array([1, 1, 1]), fillColorSpace='rgb', fillRGB=array([1, 1, 1]), interpolate=True, lineColor=array([-1, -1, -1]), lineColorSpace='rgb', lineRGB=array([-1, -1, -1]), lineWidth=2, name='node10', opacity=1.0, ori=0.0, pos=array([0.18922429, 0.29443874]), size=array([1., 1.]), units='height', vertices=ndarray(...), win=Window(...))
276.7660 	EXP 	window1: mouseVisible = True
276.7841 	EXP 	Created unnamed ImageStim = ImageStim(__class__=<class 'psychopy.visual.image.ImageStim'>, anchor=('center', 'center'), autoLog=True, color=array([1., 1., 1.]), colorSpace='rgb', contrast=1.0, depth=0, draggable=False, flipHoriz=False, flipVert=False, image='images/pattern_9.png', interpolate=False, mask=None, maskParams=None, name='unnamed ImageStim', opacity=1.0, ori=0.0, pos=array([0.18922429, 0.29443874]), size=array([0.12, 0.12]), texRes=128, units='height', win=Window(...))
276.7841 	EXP 	window1: mouseVisible = True
276.7846 	EXP 	Created unnamed Line = Line(__class__=<class 'psychopy.visual.line.Line'>, anchor=('center', 'center'), autoDraw=False, autoLog=True, closeShape=False, color=array([-1, -1, -1]), colorSpace='rgb', contrast=None, depth=2, draggable=False, fillColor=array([0, 0, 0]), fillColorSpace='rgb', fillRGB=array([0, 0, 0]), interpolate=True, lineColor=array([-1, -1, -1]), lineColorSpace='rgb', lineRGB=array([-1, -1, -1]), lineWidth=4, name='unnamed Line', opacity=0.5, ori=0.0, pos=array([0., 0.]), size=array([1., 1.]), units='height', vertices=ndarray(...), win=Window(...), windingRule=None)
276.7846 	EXP 	window1: mouseVisible = True
276.7850 	EXP 	Created unnamed ShapeStim = ShapeStim(__class__=<class 'psychopy.visual.shape.ShapeStim'>, anchor=('center', 'center'), autoDraw=False, autoLog=True, closeShape=True, color=method-wrapper(...), colorSpace='rgb', contrast=None, depth=0, draggable=False, fillColor=array([-1, -1, -1]), fillColorSpace='rgb', fillRGB=array([-1, -1, -1]), interpolate=True, lineColor=array([-1, -1, -1]), lineColorSpace='rgb', lineRGB=array([-1, -1, -1]), lineWidth=1.5, name='unnamed ShapeStim', opacity=1.0, ori=106.36363636363636, pos=array([ 0.29846286, -0.03572357]), size=array([1., 1.]), units='height', vertices=ndarray(...), win=Window(...), windingRule=None)
276.7851 	EXP 	window1: mouseVisible = True
276.7854 	EXP 	Created unnamed Line = Line(__class__=<class 'psychopy.visual.line.Line'>, anchor=('center', 'center'), autoDraw=False, autoLog=True, closeShape=False, color=array([-1, -1, -1]), colorSpace='rgb', contrast=None, depth=2, draggable=False, fillColor=array([0, 0, 0]), fillColorSpace='rgb', fillRGB=array([0, 0, 0]), interpolate=True, lineColor=array([-1, -1, -1]), lineColorSpace='rgb', lineRGB=array([-1, -1, -1]), lineWidth=4, name='unnamed Line', opacity=0.5, ori=0.0, pos=array([0., 0.]), size=array([1., 1.]), units='height', vertices=ndarray(...), win=Window(...), windingRule=None)
276.7855 	EXP 	window1: mouseVisible = True
276.7859 	EXP 	Created unnamed ShapeStim = ShapeStim(__class__=<class 'psychopy.visual.shape.ShapeStim'>, anchor=('center', 'center'), autoDraw=False, autoLog=True, closeShape=True, color=method-wrapper(...), colorSpace='rgb', contrast=None, depth=0, draggable=False, fillColor=array([-1, -1, -1]), fillColorSpace='rgb', fillRGB=array([-1, -1, -1]), interpolate=True, lineColor=array([-1, -1, -1]), lineColorSpace='rgb', lineRGB=array([-1, -1, -1]), lineWidth=1.5, name='unnamed ShapeStim', opacity=1.0, ori=73.63636363636364, pos=array([0.14124964, 0.28035211]), size=array([1., 1.]), units='height', vertices=ndarray(...), win=Window(...), windingRule=None)
276.7859 	EXP 	window1: mouseVisible = True
276.7862 	EXP 	Created unnamed Rect = Rect(__class__=<class 'psychopy.visual.rect.Rect'>, anchor=('center', 'center'), autoDraw=False, autoLog=True, closeShape=True, color=method-wrapper(...), colorSpace='rgb', contrast=None, depth=0, draggable=False, fillColor=array([0.00392157, 0.00392157, 0.00392157]), fillColorSpace='rgb', fillRGB=array([0.00392157, 0.00392157, 0.00392157]), interpolate=True, lineColor=array([0, 0, 0]), lineColorSpace='rgb', lineRGB=array([0, 0, 0]), lineWidth=0, name='unnamed Rect', opacity=0.0, ori=0.0, pos=array([0.1, 0. ]), size=array([1.1, 1. ]), units='height', vertices=ndarray(...), win=Window(...))
276.7903 	EXP 	unnamed Rect: autoDraw = True
276.7903 	EXP 	node0: autoDraw = True
276.7903 	EXP 	node1: autoDraw = True
276.7903 	EXP 	node2: autoDraw = True
276.7903 	EXP 	node3: autoDraw = True
276.7903 	EXP 	node4: autoDraw = True
276.7903 	EXP 	node5: autoDraw = True
276.7903 	EXP 	node6: autoDraw = True
276.7903 	EXP 	node7: autoDraw = True
276.7903 	EXP 	node8: autoDraw = True
276.7903 	EXP 	unnamed ImageStim: autoDraw = True
276.7903 	EXP 	node9: autoDraw = True
276.7903 	EXP 	node10: autoDraw = True
276.7903 	EXP 	unnamed ImageStim: autoDraw = True
276.7903 	EXP 	unnamed Line: autoDraw = True
276.7903 	EXP 	unnamed Line: autoDraw = True
276.7903 	EXP 	unnamed ShapeStim: autoDraw = True
276.7903 	EXP 	unnamed Line: autoDraw = True
276.7903 	EXP 	unnamed Line: autoDraw = True
276.7903 	EXP 	unnamed ShapeStim: autoDraw = True
276.7903 	EXP 	unnamed Rect: autoDraw = True
276.7903 	EXP 	node2: fillColor = '#126DEF'
276.7938 	EXP 	node2: fillColor = '#126DEF'
276.7938 	EXP 	unnamed Line: autoDraw = False
276.7938 	EXP 	unnamed ShapeStim: autoDraw = False
276.7938 	EXP 	unnamed Line: autoDraw = True
276.7938 	EXP 	unnamed ShapeStim: autoDraw = True
276.7938 	EXP 	unnamed Line: autoDraw = False
276.7938 	EXP 	unnamed ShapeStim: autoDraw = False
276.7938 	EXP 	unnamed Line: autoDraw = True
276.7938 	EXP 	unnamed ShapeStim: autoDraw = True
276.7938 	EXP 	unnamed Line: foreColor = <psychopy.colors.Color: (1.0, 0.58, -0.87, 1.0)>
276.7938 	EXP 	unnamed Line: borderColor = <psychopy.colors.Color: (1.0, 0.58, -0.87, 1.0)>
276.7938 	EXP 	unnamed Line: fillColor = <psychopy.colors.Color: (1.0, 0.58, -0.87, 1.0)>
276.7938 	EXP 	unnamed ShapeStim: foreColor = <psychopy.colors.Color: (1.0, 0.58, -0.87, 1.0)>
276.7938 	EXP 	unnamed ShapeStim: borderColor = <psychopy.colors.Color: (1.0, 0.58, -0.87, 1.0)>
276.7938 	EXP 	unnamed ShapeStim: fillColor = <psychopy.colors.Color: (1.0, 0.58, -0.87, 1.0)>
278.3081 	DATA 	Keypress: f
278.3198 	EXP 	unnamed Line: foreColor = <psychopy.colors.Color: black, alpha=1.0>
278.3198 	EXP 	unnamed Line: borderColor = <psychopy.colors.Color: black, alpha=1.0>
278.3198 	EXP 	unnamed Line: fillColor = <psychopy.colors.Color: black, alpha=1.0>
278.3198 	EXP 	unnamed ShapeStim: foreColor = <psychopy.colors.Color: black, alpha=1.0>
278.3198 	EXP 	unnamed ShapeStim: borderColor = <psychopy.colors.Color: black, alpha=1.0>
278.3198 	EXP 	unnamed ShapeStim: fillColor = <psychopy.colors.Color: black, alpha=1.0>
278.3198 	EXP 	unnamed Line: foreColor = <psychopy.colors.Color: (1.0, 0.58, -0.87, 1.0)>
278.3198 	EXP 	unnamed Line: borderColor = <psychopy.colors.Color: (1.0, 0.58, -0.87, 1.0)>
278.3198 	EXP 	unnamed Line: fillColor = <psychopy.colors.Color: (1.0, 0.58, -0.87, 1.0)>
278.3198 	EXP 	unnamed ShapeStim: foreColor = <psychopy.colors.Color: (1.0, 0.58, -0.87, 1.0)>
278.3198 	EXP 	unnamed ShapeStim: borderColor = <psychopy.colors.Color: (1.0, 0.58, -0.87, 1.0)>
278.3198 	EXP 	unnamed ShapeStim: fillColor = <psychopy.colors.Color: (1.0, 0.58, -0.87, 1.0)>
279.5239 	DATA 	Keypress: j
279.5288 	EXP 	node10: fillColor = '#126DEF'
279.5288 	EXP 	node2: fillColor = 'white'
280.2289 	EXP 	window1: mouseVisible = True
280.2304 	EXP 	Created unnamed TextStim = TextStim(__class__=<class 'psychopy.visual.text.TextStim'>, alignHoriz=method-wrapper(...), alignText='center', alignVert=method-wrapper(...), anchorHoriz='center', anchorVert='center', antialias=True, autoDraw=False, autoLog=True, bold=True, color=array([-0.88235294, -0.12156863, -0.97647059]), colorSpace='rgb', contrast=1.0, depth=0, draggable=False, flipHoriz=False, flipVert=False, font='', fontFiles=[], height=0.04, italic=False, languageStyle='LTR', name='unnamed TextStim', opacity=1.0, ori=0.0, pos=array([0.24922429, 0.35443874]), rgb=UNKNOWN, text='+4', units='height', win=Window(...), wrapWidth=1)
280.2344 	EXP 	node10: fillColor = 'white'
280.2344 	EXP 	unnamed ImageStim: autoDraw = True
281.2421 	EXP 	unnamed ImageStim: autoDraw = False
281.2421 	EXP 	unnamed Rect: autoDraw = False
281.2421 	EXP 	unnamed Rect: autoDraw = True
281.3953 	EXP 	unnamed Rect: autoDraw = False
281.3953 	EXP 	node0: autoDraw = False
281.3953 	EXP 	node1: autoDraw = False
281.3953 	EXP 	node2: autoDraw = False
281.3953 	EXP 	node3: autoDraw = False
281.3953 	EXP 	node4: autoDraw = False
281.3953 	EXP 	node5: autoDraw = False
281.3953 	EXP 	node6: autoDraw = False
281.3953 	EXP 	node7: autoDraw = False
281.3953 	EXP 	node8: autoDraw = False
281.3953 	EXP 	unnamed ImageStim: autoDraw = False
281.3953 	EXP 	node9: autoDraw = False
281.3953 	EXP 	node10: autoDraw = False
281.3953 	EXP 	unnamed ImageStim: autoDraw = False
281.3953 	EXP 	unnamed Line: autoDraw = False
281.3953 	EXP 	unnamed ShapeStim: autoDraw = False
281.3953 	EXP 	unnamed Line: autoDraw = False
281.3953 	EXP 	unnamed ShapeStim: autoDraw = False
281.3953 	EXP 	unnamed Rect: autoDraw = False
281.4045 	INFO 	Mouse: using default window
281.4046 	EXP 	window1: mouseVisible = True
281.4047 	EXP 	window1: mouseVisible = True
281.4088 	EXP 	Created unnamed TextStim = TextStim(__class__=<class 'psychopy.visual.text.TextStim'>, alignHoriz=method-wrapper(...), alignText='center', alignVert=method-wrapper(...), anchorHoriz='center', anchorVert='center', antialias=True, autoDraw=False, autoLog=True, bold=False, color=array([1, 1, 1]), colorSpace='rgb', contrast=1.0, depth=0, draggable=False, flipHoriz=False, flipVert=False, font='', fontFiles=[], height=0.035, italic=False, languageStyle='LTR', name='unnamed TextStim', opacity=1.0, ori=0.0, pos=array([0., 0.]), rgb=UNKNOWN, text='press Space to start', units='height', win=Window(...), wrapWidth=1)
281.9082 	DATA 	Keypress: space
281.9087 	EXP 	window1: mouseVisible = True
281.9091 	EXP 	Created unnamed Rect = Rect(__class__=<class 'psychopy.visual.rect.Rect'>, anchor=('center', 'center'), autoDraw=False, autoLog=True, closeShape=True, color=method-wrapper(...), colorSpace='rgb', contrast=None, depth=0, draggable=False, fillColor=array([0.00392157, 0.00392157, 0.00392157]), fillColorSpace='rgb', fillRGB=array([0.00392157, 0.00392157, 0.00392157]), interpolate=True, lineColor=array([0, 0, 0]), lineColorSpace='rgb', lineRGB=array([0, 0, 0]), lineWidth=0, name='unnamed Rect', opacity=0.5, ori=0.0, pos=array([-0.65,  0.45]), size=array([0.1, 0.1]), units='height', vertices=ndarray(...), win=Window(...))
281.9101 	EXP 	window1: mouseVisible = True
281.9123 	EXP 	Created node0 = Circle(__class__=<class 'psychopy.visual.circle.Circle'>, anchor=('center', 'center'), autoDraw=False, autoLog=True, closeShape=True, color=method-wrapper(...), colorSpace='rgb', contrast=None, depth=0, draggable=False, fillColor=array([1, 1, 1]), fillColorSpace='rgb', fillRGB=array([1, 1, 1]), interpolate=True, lineColor=array([-1, -1, -1]), lineColorSpace='rgb', lineRGB=array([-1, -1, -1]), lineWidth=2, name='node0', opacity=1.0, ori=0.0, pos=array([0.  , 0.35]), size=array([1., 1.]), units='height', vertices=ndarray(...), win=Window(...))
281.9133 	EXP 	window1: mouseVisible = True
281.9152 	EXP 	Created node1 = Circle(__class__=<class 'psychopy.visual.circle.Circle'>, anchor=('center', 'center'), autoDraw=False, autoLog=True, closeShape=True, color=method-wrapper(...), colorSpace='rgb', contrast=None, depth=0, draggable=False, fillColor=array([1, 1, 1]), fillColorSpace='rgb', fillRGB=array([1, 1, 1]), interpolate=True, lineColor=array([-1, -1, -1]), lineColorSpace='rgb', lineRGB=array([-1, -1, -1]), lineWidth=2, name='node1', opacity=1.0, ori=0.0, pos=array([-0.18922429,  0.29443874]), size=array([1., 1.]), units='height', vertices=ndarray(...), win=Window(...))
281.9162 	EXP 	window1: mouseVisible = True
281.9181 	EXP 	Created node2 = Circle(__class__=<class 'psychopy.visual.circle.Circle'>, anchor=('center', 'center'), autoDraw=False, autoLog=True, closeShape=True, color=method-wrapper(...), colorSpace='rgb', contrast=None, depth=0, draggable=False, fillColor=array([1, 1, 1]), fillColorSpace='rgb', fillRGB=array([1, 1, 1]), interpolate=True, lineColor=array([-1, -1, -1]), lineColorSpace='rgb', lineRGB=array([-1, -1, -1]), lineWidth=2, name='node2', opacity=1.0, ori=0.0, pos=array([-0.3183712 ,  0.14539525]), size=array([1., 1.]), units='height', vertices=ndarray(...), win=Window(...))
281.9191 	EXP 	window1: mouseVisible = True
281.9210 	EXP 	Created node3 = Circle(__class__=<class 'psychopy.visual.circle.Circle'>, anchor=('center', 'center'), autoDraw=False, autoLog=True, closeShape=True, color=method-wrapper(...), colorSpace='rgb', contrast=None, depth=0, draggable=False, fillColor=array([1, 1, 1]), fillColorSpace='rgb', fillRGB=array([1, 1, 1]), interpolate=True, lineColor=array([-1, -1, -1]), lineColorSpace='rgb', lineRGB=array([-1, -1, -1]), lineWidth=2, name='node3', opacity=1.0, ori=0.0, pos=array([-0.3464375 , -0.04981019]), size=array([1., 1.]), units='height', vertices=ndarray(...), win=Window(...))
281.9210 	EXP 	window1: mouseVisible = True
281.9384 	EXP 	Created unnamed ImageStim = ImageStim(__class__=<class 'psychopy.visual.image.ImageStim'>, anchor=('center', 'center'), autoLog=True, color=array([1., 1., 1.]), colorSpace='rgb', contrast=1.0, depth=0, draggable=False, flipHoriz=False, flipVert=False, image='images/pattern_5.png', interpolate=False, mask=None, maskParams=None, name='unnamed ImageStim', opacity=1.0, ori=0.0, pos=array([-0.3464375 , -0.04981019]), size=array([0.12, 0.12]), texRes=128, units='height', win=Window(...))
281.9394 	EXP 	window1: mouseVisible = True
281.9413 	EXP 	Created node4 = Circle(__class__=<class 'psychopy.visual.circle.Circle'>, anchor=('center', 'center'), autoDraw=False, autoLog=True, closeShape=True, color=method-wrapper(...), colorSpace='rgb', contrast=None, depth=0, draggable=False, fillColor=array([1, 1, 1]), fillColorSpace='rgb', fillRGB=array([1, 1, 1]), interpolate=True, lineColor=array([-1, -1, -1]), lineColorSpace='rgb', lineRGB=array([-1, -1, -1]), lineWidth=2, name='node4', opacity=1.0, ori=0.0, pos=array([-0.26451235, -0.22920126]), size=array([1., 1.]), units='height', vertices=ndarray(...), win=Window(...))
281.9424 	EXP 	window1: mouseVisible = True
281.9442 	EXP 	Created node5 = Circle(__class__=<class 'psychopy.visual.circle.Circle'>, anchor=('center', 'center'), autoDraw=False, autoLog=True, closeShape=True, color=method-wrapper(...), colorSpace='rgb', contrast=None, depth=0, draggable=False, fillColor=array([1, 1, 1]), fillColorSpace='rgb', fillRGB=array([1, 1, 1]), interpolate=True, lineColor=array([-1, -1, -1]), lineColorSpace='rgb', lineRGB=array([-1, -1, -1]), lineWidth=2, name='node5', opacity=1.0, ori=0.0, pos=array([-0.09860639, -0.33582254]), size=array([1., 1.]), units='height', vertices=ndarray(...), win=Window(...))
281.9452 	EXP 	window1: mouseVisible = True
281.9471 	EXP 	Created node6 = Circle(__class__=<class 'psychopy.visual.circle.Circle'>, anchor=('center', 'center'), autoDraw=False, autoLog=True, closeShape=True, color=method-wrapper(...), colorSpace='rgb', contrast=None, depth=0, draggable=False, fillColor=array([1, 1, 1]), fillColorSpace='rgb', fillRGB=array([1, 1, 1]), interpolate=True, lineColor=array([-1, -1, -1]), lineColorSpace='rgb', lineRGB=array([-1, -1, -1]), lineWidth=2, name='node6', opacity=1.0, ori=0.0, pos=array([ 0.09860639, -0.33582254]), size=array([1., 1.]), units='height', vertices=ndarray(...), win=Window(...))
281.9481 	EXP 	window1: mouseVisible = True
281.9500 	EXP 	Created node7 = Circle(__class__=<class 'psychopy.visual.circle.Circle'>, anchor=('center', 'center'), autoDraw=False, autoLog=True, closeShape=True, color=method-wrapper(...), colorSpace='rgb', contrast=None, depth=0, draggable=False, fillColor=array([1, 1, 1]), fillColorSpace='rgb', fillRGB=array([1, 1, 1]), interpolate=True, lineColor=array([-1, -1, -1]), lineColorSpace='rgb', lineRGB=array([-1, -1, -1]), lineWidth=2, name='node7', opacity=1.0, ori=0.0, pos=array([ 0.26451235, -0.22920126]), size=array([1., 1.]), units='height', vertices=ndarray(...), win=Window(...))
281.9510 	EXP 	window1: mouseVisible = True
281.9529 	EXP 	Created node8 = Circle(__class__=<class 'psychopy.visual.circle.Circle'>, anchor=('center', 'center'), autoDraw=False, autoLog=True, closeShape=True, color=method-wrapper(...), colorSpace='rgb', contrast=None, depth=0, draggable=False, fillColor=array([1, 1, 1]), fillColorSpace='rgb', fillRGB=array([1, 1, 1]), interpolate=True, lineColor=array([-1, -1, -1]), lineColorSpace='rgb', lineRGB=array([-1, -1, -1]), lineWidth=2, name='node8', opacity=1.0, ori=0.0, pos=array([ 0.3464375 , -0.04981019]), size=array([1., 1.]), units='height', vertices=ndarray(...), win=Window(...))
281.9539 	EXP 	window1: mouseVisible = True
281.9557 	EXP 	Created node9 = Circle(__class__=<class 'psychopy.visual.circle.Circle'>, anchor=('center', 'center'), autoDraw=False, autoLog=True, closeShape=True, color=method-wrapper(...), colorSpace='rgb', contrast=None, depth=0, draggable=False, fillColor=array([1, 1, 1]), fillColorSpace='rgb', fillRGB=array([1, 1, 1]), interpolate=True, lineColor=array([-1, -1, -1]), lineColorSpace='rgb', lineRGB=array([-1, -1, -1]), lineWidth=2, name='node9', opacity=1.0, ori=0.0, pos=array([0.3183712 , 0.14539525]), size=array([1., 1.]), units='height', vertices=ndarray(...), win=Window(...))
281.9558 	EXP 	window1: mouseVisible = True
281.9723 	EXP 	Created unnamed ImageStim = ImageStim(__class__=<class 'psychopy.visual.image.ImageStim'>, anchor=('center', 'center'), autoLog=True, color=array([1., 1., 1.]), colorSpace='rgb', contrast=1.0, depth=0, draggable=False, flipHoriz=False, flipVert=False, image='images/pattern_6.png', interpolate=False, mask=None, maskParams=None, name='unnamed ImageStim', opacity=1.0, ori=0.0, pos=array([0.3183712 , 0.14539525]), size=array([0.12, 0.12]), texRes=128, units='height', win=Window(...))
281.9733 	EXP 	window1: mouseVisible = True
281.9752 	EXP 	Created node10 = Circle(__class__=<class 'psychopy.visual.circle.Circle'>, anchor=('center', 'center'), autoDraw=False, autoLog=True, closeShape=True, color=method-wrapper(...), colorSpace='rgb', contrast=None, depth=0, draggable=False, fillColor=array([1, 1, 1]), fillColorSpace='rgb', fillRGB=array([1, 1, 1]), interpolate=True, lineColor=array([-1, -1, -1]), lineColorSpace='rgb', lineRGB=array([-1, -1, -1]), lineWidth=2, name='node10', opacity=1.0, ori=0.0, pos=array([0.18922429, 0.29443874]), size=array([1., 1.]), units='height', vertices=ndarray(...), win=Window(...))
281.9753 	EXP 	window1: mouseVisible = True
281.9757 	EXP 	Created unnamed Line = Line(__class__=<class 'psychopy.visual.line.Line'>, anchor=('center', 'center'), autoDraw=False, autoLog=True, closeShape=False, color=array([-1, -1, -1]), colorSpace='rgb', contrast=None, depth=2, draggable=False, fillColor=array([0, 0, 0]), fillColorSpace='rgb', fillRGB=array([0, 0, 0]), interpolate=True, lineColor=array([-1, -1, -1]), lineColorSpace='rgb', lineRGB=array([-1, -1, -1]), lineWidth=4, name='unnamed Line', opacity=0.5, ori=0.0, pos=array([0., 0.]), size=array([1., 1.]), units='height', vertices=ndarray(...), win=Window(...), windingRule=None)
281.9758 	EXP 	window1: mouseVisible = True
281.9762 	EXP 	Created unnamed ShapeStim = ShapeStim(__class__=<class 'psychopy.visual.shape.ShapeStim'>, anchor=('center', 'center'), autoDraw=False, autoLog=True, closeShape=True, color=method-wrapper(...), colorSpace='rgb', contrast=None, depth=0, draggable=False, fillColor=array([-1, -1, -1]), fillColorSpace='rgb', fillRGB=array([-1, -1, -1]), interpolate=True, lineColor=array([-1, -1, -1]), lineColorSpace='rgb', lineRGB=array([-1, -1, -1]), lineWidth=1.5, name='unnamed ShapeStim', opacity=1.0, ori=90.00000000000001, pos=array([0.2683712 , 0.14539525]), size=array([1., 1.]), units='height', vertices=ndarray(...), win=Window(...), windingRule=None)
281.9762 	EXP 	window1: mouseVisible = True
281.9766 	EXP 	Created unnamed Line = Line(__class__=<class 'psychopy.visual.line.Line'>, anchor=('center', 'center'), autoDraw=False, autoLog=True, closeShape=False, color=array([-1, -1, -1]), colorSpace='rgb', contrast=None, depth=2, draggable=False, fillColor=array([0, 0, 0]), fillColorSpace='rgb', fillRGB=array([0, 0, 0]), interpolate=True, lineColor=array([-1, -1, -1]), lineColorSpace='rgb', lineRGB=array([-1, -1, -1]), lineWidth=4, name='unnamed Line', opacity=0.5, ori=0.0, pos=array([0., 0.]), size=array([1., 1.]), units='height', vertices=ndarray(...), win=Window(...), windingRule=None)
281.9766 	EXP 	window1: mouseVisible = True
281.9770 	EXP 	Created unnamed ShapeStim = ShapeStim(__class__=<class 'psychopy.visual.shape.ShapeStim'>, anchor=('center', 'center'), autoDraw=False, autoLog=True, closeShape=True, color=method-wrapper(...), colorSpace='rgb', contrast=None, depth=0, draggable=False, fillColor=array([-1, -1, -1]), fillColorSpace='rgb', fillRGB=array([-1, -1, -1]), interpolate=True, lineColor=array([-1, -1, -1]), lineColorSpace='rgb', lineRGB=array([-1, -1, -1]), lineWidth=1.5, name='unnamed ShapeStim', opacity=1.0, ori=188.1818181818182, pos=array([-3.39321763e-01, -3.19121302e-04]), size=array([1., 1.]), units='height', vertices=ndarray(...), win=Window(...), windingRule=None)
281.9770 	EXP 	window1: mouseVisible = True
281.9774 	EXP 	Created unnamed Rect = Rect(__class__=<class 'psychopy.visual.rect.Rect'>, anchor=('center', 'center'), autoDraw=False, autoLog=True, closeShape=True, color=method-wrapper(...), colorSpace='rgb', contrast=None, depth=0, draggable=False, fillColor=array([0.00392157, 0.00392157, 0.00392157]), fillColorSpace='rgb', fillRGB=array([0.00392157, 0.00392157, 0.00392157]), interpolate=True, lineColor=array([0, 0, 0]), lineColorSpace='rgb', lineRGB=array([0, 0, 0]), lineWidth=0, name='unnamed Rect', opacity=0.0, ori=0.0, pos=array([0.1, 0. ]), size=array([1.1, 1. ]), units='height', vertices=ndarray(...), win=Window(...))
281.9816 	EXP 	unnamed Rect: autoDraw = True
281.9816 	EXP 	node0: autoDraw = True
281.9816 	EXP 	node1: autoDraw = True
281.9816 	EXP 	node2: autoDraw = True
281.9816 	EXP 	node3: autoDraw = True
281.9816 	EXP 	unnamed ImageStim: autoDraw = True
281.9816 	EXP 	node4: autoDraw = True
281.9816 	EXP 	node5: autoDraw = True
281.9816 	EXP 	node6: autoDraw = True
281.9816 	EXP 	node7: autoDraw = True
281.9816 	EXP 	node8: autoDraw = True
281.9816 	EXP 	node9: autoDraw = True
281.9816 	EXP 	unnamed ImageStim: autoDraw = True
281.9816 	EXP 	node10: autoDraw = True
281.9816 	EXP 	unnamed Line: autoDraw = True
281.9816 	EXP 	unnamed Line: autoDraw = True
281.9816 	EXP 	unnamed ShapeStim: autoDraw = True
281.9816 	EXP 	unnamed Line: autoDraw = True
281.9816 	EXP 	unnamed Line: autoDraw = True
281.9816 	EXP 	unnamed ShapeStim: autoDraw = True
281.9816 	EXP 	unnamed Rect: autoDraw = True
281.9816 	EXP 	node2: fillColor = '#126DEF'
281.9848 	EXP 	node2: fillColor = '#126DEF'
281.9848 	EXP 	unnamed Line: autoDraw = False
281.9848 	EXP 	unnamed ShapeStim: autoDraw = False
281.9848 	EXP 	unnamed Line: autoDraw = True
281.9848 	EXP 	unnamed ShapeStim: autoDraw = True
281.9848 	EXP 	unnamed Line: autoDraw = False
281.9848 	EXP 	unnamed ShapeStim: autoDraw = False
281.9848 	EXP 	unnamed Line: autoDraw = True
281.9848 	EXP 	unnamed ShapeStim: autoDraw = True
281.9848 	EXP 	unnamed Line: foreColor = <psychopy.colors.Color: (1.0, 0.58, -0.87, 1.0)>
281.9848 	EXP 	unnamed Line: borderColor = <psychopy.colors.Color: (1.0, 0.58, -0.87, 1.0)>
281.9848 	EXP 	unnamed Line: fillColor = <psychopy.colors.Color: (1.0, 0.58, -0.87, 1.0)>
281.9848 	EXP 	unnamed ShapeStim: foreColor = <psychopy.colors.Color: (1.0, 0.58, -0.87, 1.0)>
281.9848 	EXP 	unnamed ShapeStim: borderColor = <psychopy.colors.Color: (1.0, 0.58, -0.87, 1.0)>
281.9848 	EXP 	unnamed ShapeStim: fillColor = <psychopy.colors.Color: (1.0, 0.58, -0.87, 1.0)>
283.6921 	DATA 	Keypress: f
283.7026 	EXP 	unnamed Line: foreColor = <psychopy.colors.Color: black, alpha=1.0>
283.7026 	EXP 	unnamed Line: borderColor = <psychopy.colors.Color: black, alpha=1.0>
283.7026 	EXP 	unnamed Line: fillColor = <psychopy.colors.Color: black, alpha=1.0>
283.7026 	EXP 	unnamed ShapeStim: foreColor = <psychopy.colors.Color: black, alpha=1.0>
283.7026 	EXP 	unnamed ShapeStim: borderColor = <psychopy.colors.Color: black, alpha=1.0>
283.7026 	EXP 	unnamed ShapeStim: fillColor = <psychopy.colors.Color: black, alpha=1.0>
283.7026 	EXP 	unnamed Line: foreColor = <psychopy.colors.Color: (1.0, 0.58, -0.87, 1.0)>
283.7026 	EXP 	unnamed Line: borderColor = <psychopy.colors.Color: (1.0, 0.58, -0.87, 1.0)>
283.7026 	EXP 	unnamed Line: fillColor = <psychopy.colors.Color: (1.0, 0.58, -0.87, 1.0)>
283.7026 	EXP 	unnamed ShapeStim: foreColor = <psychopy.colors.Color: (1.0, 0.58, -0.87, 1.0)>
283.7026 	EXP 	unnamed ShapeStim: borderColor = <psychopy.colors.Color: (1.0, 0.58, -0.87, 1.0)>
283.7026 	EXP 	unnamed ShapeStim: fillColor = <psychopy.colors.Color: (1.0, 0.58, -0.87, 1.0)>
286.0121 	DATA 	Keypress: j
286.0168 	EXP 	node9: fillColor = '#126DEF'
286.0168 	EXP 	node2: fillColor = 'white'
286.7171 	EXP 	window1: mouseVisible = True
286.7186 	EXP 	Created unnamed TextStim = TextStim(__class__=<class 'psychopy.visual.text.TextStim'>, alignHoriz=method-wrapper(...), alignText='center', alignVert=method-wrapper(...), anchorHoriz='center', anchorVert='center', antialias=True, autoDraw=False, autoLog=True, bold=True, color=array([-0.88235294, -0.12156863, -0.97647059]), colorSpace='rgb', contrast=1.0, depth=0, draggable=False, flipHoriz=False, flipVert=False, font='', fontFiles=[], height=0.04, italic=False, languageStyle='LTR', name='unnamed TextStim', opacity=1.0, ori=0.0, pos=array([0.3783712 , 0.20539525]), rgb=UNKNOWN, text='+1', units='height', win=Window(...), wrapWidth=1)
286.7227 	EXP 	node9: fillColor = 'white'
286.7227 	EXP 	unnamed ImageStim: autoDraw = True
287.7310 	EXP 	unnamed ImageStim: autoDraw = False
287.7310 	EXP 	unnamed Rect: autoDraw = False
287.7310 	EXP 	unnamed Rect: autoDraw = True
287.8938 	EXP 	unnamed Rect: autoDraw = False
287.8938 	EXP 	node0: autoDraw = False
287.8938 	EXP 	node1: autoDraw = False
287.8938 	EXP 	node2: autoDraw = False
287.8938 	EXP 	node3: autoDraw = False
287.8938 	EXP 	unnamed ImageStim: autoDraw = False
287.8938 	EXP 	node4: autoDraw = False
287.8938 	EXP 	node5: autoDraw = False
287.8938 	EXP 	node6: autoDraw = False
287.8938 	EXP 	node7: autoDraw = False
287.8938 	EXP 	node8: autoDraw = False
287.8938 	EXP 	node9: autoDraw = False
287.8938 	EXP 	unnamed ImageStim: autoDraw = False
287.8938 	EXP 	node10: autoDraw = False
287.8938 	EXP 	unnamed Line: autoDraw = False
287.8938 	EXP 	unnamed ShapeStim: autoDraw = False
287.8938 	EXP 	unnamed Line: autoDraw = False
287.8938 	EXP 	unnamed ShapeStim: autoDraw = False
287.8938 	EXP 	unnamed Rect: autoDraw = False
287.9033 	INFO 	Mouse: using default window
287.9034 	EXP 	window1: mouseVisible = True
287.9035 	EXP 	window1: mouseVisible = True
287.9081 	EXP 	Created unnamed TextStim = TextStim(__class__=<class 'psychopy.visual.text.TextStim'>, alignHoriz=method-wrapper(...), alignText='center', alignVert=method-wrapper(...), anchorHoriz='center', anchorVert='center', antialias=True, autoDraw=False, autoLog=True, bold=False, color=array([1, 1, 1]), colorSpace='rgb', contrast=1.0, depth=0, draggable=False, flipHoriz=False, flipVert=False, font='', fontFiles=[], height=0.035, italic=False, languageStyle='LTR', name='unnamed TextStim', opacity=1.0, ori=0.0, pos=array([0., 0.]), rgb=UNKNOWN, text='press Space to start', units='height', win=Window(...), wrapWidth=1)
288.3482 	DATA 	Keypress: space
288.3487 	EXP 	window1: mouseVisible = True
288.3492 	EXP 	Created unnamed Rect = Rect(__class__=<class 'psychopy.visual.rect.Rect'>, anchor=('center', 'center'), autoDraw=False, autoLog=True, closeShape=True, color=method-wrapper(...), colorSpace='rgb', contrast=None, depth=0, draggable=False, fillColor=array([0.00392157, 0.00392157, 0.00392157]), fillColorSpace='rgb', fillRGB=array([0.00392157, 0.00392157, 0.00392157]), interpolate=True, lineColor=array([0, 0, 0]), lineColorSpace='rgb', lineRGB=array([0, 0, 0]), lineWidth=0, name='unnamed Rect', opacity=0.5, ori=0.0, pos=array([-0.65,  0.45]), size=array([0.1, 0.1]), units='height', vertices=ndarray(...), win=Window(...))
288.3502 	EXP 	window1: mouseVisible = True
288.3523 	EXP 	Created node0 = Circle(__class__=<class 'psychopy.visual.circle.Circle'>, anchor=('center', 'center'), autoDraw=False, autoLog=True, closeShape=True, color=method-wrapper(...), colorSpace='rgb', contrast=None, depth=0, draggable=False, fillColor=array([1, 1, 1]), fillColorSpace='rgb', fillRGB=array([1, 1, 1]), interpolate=True, lineColor=array([-1, -1, -1]), lineColorSpace='rgb', lineRGB=array([-1, -1, -1]), lineWidth=2, name='node0', opacity=1.0, ori=0.0, pos=array([0.  , 0.35]), size=array([1., 1.]), units='height', vertices=ndarray(...), win=Window(...))
288.3523 	EXP 	window1: mouseVisible = True
288.3701 	EXP 	Created unnamed ImageStim = ImageStim(__class__=<class 'psychopy.visual.image.ImageStim'>, anchor=('center', 'center'), autoLog=True, color=array([1., 1., 1.]), colorSpace='rgb', contrast=1.0, depth=0, draggable=False, flipHoriz=False, flipVert=False, image='images/pattern_7.png', interpolate=False, mask=None, maskParams=None, name='unnamed ImageStim', opacity=1.0, ori=0.0, pos=array([0.  , 0.35]), size=array([0.12, 0.12]), texRes=128, units='height', win=Window(...))
288.3712 	EXP 	window1: mouseVisible = True
288.3731 	EXP 	Created node1 = Circle(__class__=<class 'psychopy.visual.circle.Circle'>, anchor=('center', 'center'), autoDraw=False, autoLog=True, closeShape=True, color=method-wrapper(...), colorSpace='rgb', contrast=None, depth=0, draggable=False, fillColor=array([1, 1, 1]), fillColorSpace='rgb', fillRGB=array([1, 1, 1]), interpolate=True, lineColor=array([-1, -1, -1]), lineColorSpace='rgb', lineRGB=array([-1, -1, -1]), lineWidth=2, name='node1', opacity=1.0, ori=0.0, pos=array([-0.18922429,  0.29443874]), size=array([1., 1.]), units='height', vertices=ndarray(...), win=Window(...))
288.3741 	EXP 	window1: mouseVisible = True
288.3760 	EXP 	Created node2 = Circle(__class__=<class 'psychopy.visual.circle.Circle'>, anchor=('center', 'center'), autoDraw=False, autoLog=True, closeShape=True, color=method-wrapper(...), colorSpace='rgb', contrast=None, depth=0, draggable=False, fillColor=array([1, 1, 1]), fillColorSpace='rgb', fillRGB=array([1, 1, 1]), interpolate=True, lineColor=array([-1, -1, -1]), lineColorSpace='rgb', lineRGB=array([-1, -1, -1]), lineWidth=2, name='node2', opacity=1.0, ori=0.0, pos=array([-0.3183712 ,  0.14539525]), size=array([1., 1.]), units='height', vertices=ndarray(...), win=Window(...))
288.3770 	EXP 	window1: mouseVisible = True
288.3789 	EXP 	Created node3 = Circle(__class__=<class 'psychopy.visual.circle.Circle'>, anchor=('center', 'center'), autoDraw=False, autoLog=True, closeShape=True, color=method-wrapper(...), colorSpace='rgb', contrast=None, depth=0, draggable=False, fillColor=array([1, 1, 1]), fillColorSpace='rgb', fillRGB=array([1, 1, 1]), interpolate=True, lineColor=array([-1, -1, -1]), lineColorSpace='rgb', lineRGB=array([-1, -1, -1]), lineWidth=2, name='node3', opacity=1.0, ori=0.0, pos=array([-0.3464375 , -0.04981019]), size=array([1., 1.]), units='height', vertices=ndarray(...), win=Window(...))
288.3789 	EXP 	window1: mouseVisible = True
288.3953 	EXP 	Created unnamed ImageStim = ImageStim(__class__=<class 'psychopy.visual.image.ImageStim'>, anchor=('center', 'center'), autoLog=True, color=array([1., 1., 1.]), colorSpace='rgb', contrast=1.0, depth=0, draggable=False, flipHoriz=False, flipVert=False, image='images/pattern_4.png', interpolate=False, mask=None, maskParams=None, name='unnamed ImageStim', opacity=1.0, ori=0.0, pos=array([-0.3464375 , -0.04981019]), size=array([0.12, 0.12]), texRes=128, units='height', win=Window(...))
288.3964 	EXP 	window1: mouseVisible = True
288.3983 	EXP 	Created node4 = Circle(__class__=<class 'psychopy.visual.circle.Circle'>, anchor=('center', 'center'), autoDraw=False, autoLog=True, closeShape=True, color=method-wrapper(...), colorSpace='rgb', contrast=None, depth=0, draggable=False, fillColor=array([1, 1, 1]), fillColorSpace='rgb', fillRGB=array([1, 1, 1]), interpolate=True, lineColor=array([-1, -1, -1]), lineColorSpace='rgb', lineRGB=array([-1, -1, -1]), lineWidth=2, name='node4', opacity=1.0, ori=0.0, pos=array([-0.26451235, -0.22920126]), size=array([1., 1.]), units='height', vertices=ndarray(...), win=Window(...))
288.3993 	EXP 	window1: mouseVisible = True
288.4012 	EXP 	Created node5 = Circle(__class__=<class 'psychopy.visual.circle.Circle'>, anchor=('center', 'center'), autoDraw=False, autoLog=True, closeShape=True, color=method-wrapper(...), colorSpace='rgb', contrast=None, depth=0, draggable=False, fillColor=array([1, 1, 1]), fillColorSpace='rgb', fillRGB=array([1, 1, 1]), interpolate=True, lineColor=array([-1, -1, -1]), lineColorSpace='rgb', lineRGB=array([-1, -1, -1]), lineWidth=2, name='node5', opacity=1.0, ori=0.0, pos=array([-0.09860639, -0.33582254]), size=array([1., 1.]), units='height', vertices=ndarray(...), win=Window(...))
288.4022 	EXP 	window1: mouseVisible = True
288.4041 	EXP 	Created node6 = Circle(__class__=<class 'psychopy.visual.circle.Circle'>, anchor=('center', 'center'), autoDraw=False, autoLog=True, closeShape=True, color=method-wrapper(...), colorSpace='rgb', contrast=None, depth=0, draggable=False, fillColor=array([1, 1, 1]), fillColorSpace='rgb', fillRGB=array([1, 1, 1]), interpolate=True, lineColor=array([-1, -1, -1]), lineColorSpace='rgb', lineRGB=array([-1, -1, -1]), lineWidth=2, name='node6', opacity=1.0, ori=0.0, pos=array([ 0.09860639, -0.33582254]), size=array([1., 1.]), units='height', vertices=ndarray(...), win=Window(...))
288.4051 	EXP 	window1: mouseVisible = True
288.4070 	EXP 	Created node7 = Circle(__class__=<class 'psychopy.visual.circle.Circle'>, anchor=('center', 'center'), autoDraw=False, autoLog=True, closeShape=True, color=method-wrapper(...), colorSpace='rgb', contrast=None, depth=0, draggable=False, fillColor=array([1, 1, 1]), fillColorSpace='rgb', fillRGB=array([1, 1, 1]), interpolate=True, lineColor=array([-1, -1, -1]), lineColorSpace='rgb', lineRGB=array([-1, -1, -1]), lineWidth=2, name='node7', opacity=1.0, ori=0.0, pos=array([ 0.26451235, -0.22920126]), size=array([1., 1.]), units='height', vertices=ndarray(...), win=Window(...))
288.4080 	EXP 	window1: mouseVisible = True
288.4098 	EXP 	Created node8 = Circle(__class__=<class 'psychopy.visual.circle.Circle'>, anchor=('center', 'center'), autoDraw=False, autoLog=True, closeShape=True, color=method-wrapper(...), colorSpace='rgb', contrast=None, depth=0, draggable=False, fillColor=array([1, 1, 1]), fillColorSpace='rgb', fillRGB=array([1, 1, 1]), interpolate=True, lineColor=array([-1, -1, -1]), lineColorSpace='rgb', lineRGB=array([-1, -1, -1]), lineWidth=2, name='node8', opacity=1.0, ori=0.0, pos=array([ 0.3464375 , -0.04981019]), size=array([1., 1.]), units='height', vertices=ndarray(...), win=Window(...))
288.4108 	EXP 	window1: mouseVisible = True
288.4127 	EXP 	Created node9 = Circle(__class__=<class 'psychopy.visual.circle.Circle'>, anchor=('center', 'center'), autoDraw=False, autoLog=True, closeShape=True, color=method-wrapper(...), colorSpace='rgb', contrast=None, depth=0, draggable=False, fillColor=array([1, 1, 1]), fillColorSpace='rgb', fillRGB=array([1, 1, 1]), interpolate=True, lineColor=array([-1, -1, -1]), lineColorSpace='rgb', lineRGB=array([-1, -1, -1]), lineWidth=2, name='node9', opacity=1.0, ori=0.0, pos=array([0.3183712 , 0.14539525]), size=array([1., 1.]), units='height', vertices=ndarray(...), win=Window(...))
288.4137 	EXP 	window1: mouseVisible = True
288.4155 	EXP 	Created node10 = Circle(__class__=<class 'psychopy.visual.circle.Circle'>, anchor=('center', 'center'), autoDraw=False, autoLog=True, closeShape=True, color=method-wrapper(...), colorSpace='rgb', contrast=None, depth=0, draggable=False, fillColor=array([1, 1, 1]), fillColorSpace='rgb', fillRGB=array([1, 1, 1]), interpolate=True, lineColor=array([-1, -1, -1]), lineColorSpace='rgb', lineRGB=array([-1, -1, -1]), lineWidth=2, name='node10', opacity=1.0, ori=0.0, pos=array([0.18922429, 0.29443874]), size=array([1., 1.]), units='height', vertices=ndarray(...), win=Window(...))
288.4156 	EXP 	window1: mouseVisible = True
288.4160 	EXP 	Created unnamed Line = Line(__class__=<class 'psychopy.visual.line.Line'>, anchor=('center', 'center'), autoDraw=False, autoLog=True, closeShape=False, color=array([-1, -1, -1]), colorSpace='rgb', contrast=None, depth=2, draggable=False, fillColor=array([0, 0, 0]), fillColorSpace='rgb', fillRGB=array([0, 0, 0]), interpolate=True, lineColor=array([-1, -1, -1]), lineColorSpace='rgb', lineRGB=array([-1, -1, -1]), lineWidth=4, name='unnamed Line', opacity=0.5, ori=0.0, pos=array([0., 0.]), size=array([1., 1.]), units='height', vertices=ndarray(...), win=Window(...), windingRule=None)
288.4161 	EXP 	window1: mouseVisible = True
288.4165 	EXP 	Created unnamed ShapeStim = ShapeStim(__class__=<class 'psychopy.visual.shape.ShapeStim'>, anchor=('center', 'center'), autoDraw=False, autoLog=True, closeShape=True, color=method-wrapper(...), colorSpace='rgb', contrast=None, depth=0, draggable=False, fillColor=array([-1, -1, -1]), fillColorSpace='rgb', fillRGB=array([-1, -1, -1]), interpolate=True, lineColor=array([-1, -1, -1]), lineColorSpace='rgb', lineRGB=array([-1, -1, -1]), lineWidth=1.5, name='unnamed ShapeStim', opacity=1.0, ori=204.54545454545456, pos=array([-0.32566675, -0.00432859]), size=array([1., 1.]), units='height', vertices=ndarray(...), win=Window(...), windingRule=None)
288.4165 	EXP 	window1: mouseVisible = True
288.4169 	EXP 	Created unnamed Line = Line(__class__=<class 'psychopy.visual.line.Line'>, anchor=('center', 'center'), autoDraw=False, autoLog=True, closeShape=False, color=array([-1, -1, -1]), colorSpace='rgb', contrast=None, depth=2, draggable=False, fillColor=array([0, 0, 0]), fillColorSpace='rgb', fillRGB=array([0, 0, 0]), interpolate=True, lineColor=array([-1, -1, -1]), lineColorSpace='rgb', lineRGB=array([-1, -1, -1]), lineWidth=4, name='unnamed Line', opacity=0.5, ori=0.0, pos=array([0., 0.]), size=array([1., 1.]), units='height', vertices=ndarray(...), win=Window(...), windingRule=None)
288.4169 	EXP 	window1: mouseVisible = True
288.4173 	EXP 	Created unnamed ShapeStim = ShapeStim(__class__=<class 'psychopy.visual.shape.ShapeStim'>, anchor=('center', 'center'), autoDraw=False, autoLog=True, closeShape=True, color=method-wrapper(...), colorSpace='rgb', contrast=None, depth=0, draggable=False, fillColor=array([-1, -1, -1]), fillColorSpace='rgb', fillRGB=array([-1, -1, -1]), interpolate=True, lineColor=array([-1, -1, -1]), lineColorSpace='rgb', lineRGB=array([-1, -1, -1]), lineWidth=1.5, name='unnamed ShapeStim', opacity=1.0, ori=73.63636363636363, pos=array([-0.04797465,  0.33591337]), size=array([1., 1.]), units='height', vertices=ndarray(...), win=Window(...), windingRule=None)
288.4173 	EXP 	window1: mouseVisible = True
288.4176 	EXP 	Created unnamed Rect = Rect(__class__=<class 'psychopy.visual.rect.Rect'>, anchor=('center', 'center'), autoDraw=False, autoLog=True, closeShape=True, color=method-wrapper(...), colorSpace='rgb', contrast=None, depth=0, draggable=False, fillColor=array([0.00392157, 0.00392157, 0.00392157]), fillColorSpace='rgb', fillRGB=array([0.00392157, 0.00392157, 0.00392157]), interpolate=True, lineColor=array([0, 0, 0]), lineColorSpace='rgb', lineRGB=array([0, 0, 0]), lineWidth=0, name='unnamed Rect', opacity=0.0, ori=0.0, pos=array([0.1, 0. ]), size=array([1.1, 1. ]), units='height', vertices=ndarray(...), win=Window(...))
288.4218 	EXP 	unnamed Rect: autoDraw = True
288.4218 	EXP 	node0: autoDraw = True
288.4218 	EXP 	unnamed ImageStim: autoDraw = True
288.4218 	EXP 	node1: autoDraw = True
288.4218 	EXP 	node2: autoDraw = True
288.4218 	EXP 	node3: autoDraw = True
288.4218 	EXP 	unnamed ImageStim: autoDraw = True
288.4218 	EXP 	node4: autoDraw = True
288.4218 	EXP 	node5: autoDraw = True
288.4218 	EXP 	node6: autoDraw = True
288.4218 	EXP 	node7: autoDraw = True
288.4218 	EXP 	node8: autoDraw = True
288.4218 	EXP 	node9: autoDraw = True
288.4218 	EXP 	node10: autoDraw = True
288.4218 	EXP 	unnamed Line: autoDraw = True
288.4218 	EXP 	unnamed Line: autoDraw = True
288.4218 	EXP 	unnamed ShapeStim: autoDraw = True
288.4218 	EXP 	unnamed Line: autoDraw = True
288.4218 	EXP 	unnamed Line: autoDraw = True
288.4218 	EXP 	unnamed ShapeStim: autoDraw = True
288.4218 	EXP 	unnamed Rect: autoDraw = True
288.4218 	EXP 	node1: fillColor = '#126DEF'
288.4271 	EXP 	node1: fillColor = '#126DEF'
288.4271 	EXP 	unnamed Line: autoDraw = False
288.4271 	EXP 	unnamed ShapeStim: autoDraw = False
288.4271 	EXP 	unnamed Line: autoDraw = True
288.4271 	EXP 	unnamed ShapeStim: autoDraw = True
288.4271 	EXP 	unnamed Line: autoDraw = False
288.4271 	EXP 	unnamed ShapeStim: autoDraw = False
288.4271 	EXP 	unnamed Line: autoDraw = True
288.4271 	EXP 	unnamed ShapeStim: autoDraw = True
288.4271 	EXP 	unnamed Line: foreColor = <psychopy.colors.Color: (1.0, 0.58, -0.87, 1.0)>
288.4271 	EXP 	unnamed Line: borderColor = <psychopy.colors.Color: (1.0, 0.58, -0.87, 1.0)>
288.4271 	EXP 	unnamed Line: fillColor = <psychopy.colors.Color: (1.0, 0.58, -0.87, 1.0)>
288.4271 	EXP 	unnamed ShapeStim: foreColor = <psychopy.colors.Color: (1.0, 0.58, -0.87, 1.0)>
288.4271 	EXP 	unnamed ShapeStim: borderColor = <psychopy.colors.Color: (1.0, 0.58, -0.87, 1.0)>
288.4271 	EXP 	unnamed ShapeStim: fillColor = <psychopy.colors.Color: (1.0, 0.58, -0.87, 1.0)>
291.4841 	DATA 	Keypress: f
291.4897 	EXP 	unnamed Line: foreColor = <psychopy.colors.Color: black, alpha=1.0>
291.4897 	EXP 	unnamed Line: borderColor = <psychopy.colors.Color: black, alpha=1.0>
291.4897 	EXP 	unnamed Line: fillColor = <psychopy.colors.Color: black, alpha=1.0>
291.4897 	EXP 	unnamed ShapeStim: foreColor = <psychopy.colors.Color: black, alpha=1.0>
291.4897 	EXP 	unnamed ShapeStim: borderColor = <psychopy.colors.Color: black, alpha=1.0>
291.4897 	EXP 	unnamed ShapeStim: fillColor = <psychopy.colors.Color: black, alpha=1.0>
291.4897 	EXP 	unnamed Line: foreColor = <psychopy.colors.Color: (1.0, 0.58, -0.87, 1.0)>
291.4897 	EXP 	unnamed Line: borderColor = <psychopy.colors.Color: (1.0, 0.58, -0.87, 1.0)>
291.4897 	EXP 	unnamed Line: fillColor = <psychopy.colors.Color: (1.0, 0.58, -0.87, 1.0)>
291.4897 	EXP 	unnamed ShapeStim: foreColor = <psychopy.colors.Color: (1.0, 0.58, -0.87, 1.0)>
291.4897 	EXP 	unnamed ShapeStim: borderColor = <psychopy.colors.Color: (1.0, 0.58, -0.87, 1.0)>
291.4897 	EXP 	unnamed ShapeStim: fillColor = <psychopy.colors.Color: (1.0, 0.58, -0.87, 1.0)>
291.7718 	DATA 	Keypress: f
291.7768 	EXP 	unnamed Line: foreColor = <psychopy.colors.Color: black, alpha=1.0>
291.7768 	EXP 	unnamed Line: borderColor = <psychopy.colors.Color: black, alpha=1.0>
291.7768 	EXP 	unnamed Line: fillColor = <psychopy.colors.Color: black, alpha=1.0>
291.7768 	EXP 	unnamed ShapeStim: foreColor = <psychopy.colors.Color: black, alpha=1.0>
291.7768 	EXP 	unnamed ShapeStim: borderColor = <psychopy.colors.Color: black, alpha=1.0>
291.7768 	EXP 	unnamed ShapeStim: fillColor = <psychopy.colors.Color: black, alpha=1.0>
291.7768 	EXP 	unnamed Line: foreColor = <psychopy.colors.Color: (1.0, 0.58, -0.87, 1.0)>
291.7768 	EXP 	unnamed Line: borderColor = <psychopy.colors.Color: (1.0, 0.58, -0.87, 1.0)>
291.7768 	EXP 	unnamed Line: fillColor = <psychopy.colors.Color: (1.0, 0.58, -0.87, 1.0)>
291.7768 	EXP 	unnamed ShapeStim: foreColor = <psychopy.colors.Color: (1.0, 0.58, -0.87, 1.0)>
291.7768 	EXP 	unnamed ShapeStim: borderColor = <psychopy.colors.Color: (1.0, 0.58, -0.87, 1.0)>
291.7768 	EXP 	unnamed ShapeStim: fillColor = <psychopy.colors.Color: (1.0, 0.58, -0.87, 1.0)>
297.0681 	DATA 	Keypress: f
297.0735 	EXP 	unnamed Line: foreColor = <psychopy.colors.Color: black, alpha=1.0>
297.0735 	EXP 	unnamed Line: borderColor = <psychopy.colors.Color: black, alpha=1.0>
297.0735 	EXP 	unnamed Line: fillColor = <psychopy.colors.Color: black, alpha=1.0>
297.0735 	EXP 	unnamed ShapeStim: foreColor = <psychopy.colors.Color: black, alpha=1.0>
297.0735 	EXP 	unnamed ShapeStim: borderColor = <psychopy.colors.Color: black, alpha=1.0>
297.0735 	EXP 	unnamed ShapeStim: fillColor = <psychopy.colors.Color: black, alpha=1.0>
297.0735 	EXP 	unnamed Line: foreColor = <psychopy.colors.Color: (1.0, 0.58, -0.87, 1.0)>
297.0735 	EXP 	unnamed Line: borderColor = <psychopy.colors.Color: (1.0, 0.58, -0.87, 1.0)>
297.0735 	EXP 	unnamed Line: fillColor = <psychopy.colors.Color: (1.0, 0.58, -0.87, 1.0)>
297.0735 	EXP 	unnamed ShapeStim: foreColor = <psychopy.colors.Color: (1.0, 0.58, -0.87, 1.0)>
297.0735 	EXP 	unnamed ShapeStim: borderColor = <psychopy.colors.Color: (1.0, 0.58, -0.87, 1.0)>
297.0735 	EXP 	unnamed ShapeStim: fillColor = <psychopy.colors.Color: (1.0, 0.58, -0.87, 1.0)>
297.2517 	DATA 	Keypress: f
297.2568 	EXP 	unnamed Line: foreColor = <psychopy.colors.Color: black, alpha=1.0>
297.2568 	EXP 	unnamed Line: borderColor = <psychopy.colors.Color: black, alpha=1.0>
297.2568 	EXP 	unnamed Line: fillColor = <psychopy.colors.Color: black, alpha=1.0>
297.2568 	EXP 	unnamed ShapeStim: foreColor = <psychopy.colors.Color: black, alpha=1.0>
297.2568 	EXP 	unnamed ShapeStim: borderColor = <psychopy.colors.Color: black, alpha=1.0>
297.2568 	EXP 	unnamed ShapeStim: fillColor = <psychopy.colors.Color: black, alpha=1.0>
297.2568 	EXP 	unnamed Line: foreColor = <psychopy.colors.Color: (1.0, 0.58, -0.87, 1.0)>
297.2568 	EXP 	unnamed Line: borderColor = <psychopy.colors.Color: (1.0, 0.58, -0.87, 1.0)>
297.2568 	EXP 	unnamed Line: fillColor = <psychopy.colors.Color: (1.0, 0.58, -0.87, 1.0)>
297.2568 	EXP 	unnamed ShapeStim: foreColor = <psychopy.colors.Color: (1.0, 0.58, -0.87, 1.0)>
297.2568 	EXP 	unnamed ShapeStim: borderColor = <psychopy.colors.Color: (1.0, 0.58, -0.87, 1.0)>
297.2568 	EXP 	unnamed ShapeStim: fillColor = <psychopy.colors.Color: (1.0, 0.58, -0.87, 1.0)>
307.9081 	DATA 	Keypress: j
307.9174 	EXP 	node0: fillColor = '#126DEF'
307.9174 	EXP 	node1: fillColor = 'white'
308.6177 	EXP 	window1: mouseVisible = True
308.6192 	EXP 	Created unnamed TextStim = TextStim(__class__=<class 'psychopy.visual.text.TextStim'>, alignHoriz=method-wrapper(...), alignText='center', alignVert=method-wrapper(...), anchorHoriz='center', anchorVert='center', antialias=True, autoDraw=False, autoLog=True, bold=True, color=array([-0.88235294, -0.12156863, -0.97647059]), colorSpace='rgb', contrast=1.0, depth=0, draggable=False, flipHoriz=False, flipVert=False, font='', fontFiles=[], height=0.04, italic=False, languageStyle='LTR', name='unnamed TextStim', opacity=1.0, ori=0.0, pos=array([0.06, 0.41]), rgb=UNKNOWN, text='+2', units='height', win=Window(...), wrapWidth=1)
308.6233 	EXP 	node0: fillColor = 'white'
308.6233 	EXP 	unnamed ImageStim: autoDraw = True
309.6319 	EXP 	unnamed ImageStim: autoDraw = False
309.6319 	EXP 	unnamed Rect: autoDraw = False
309.6319 	EXP 	unnamed Rect: autoDraw = True
309.7954 	EXP 	unnamed Rect: autoDraw = False
309.7954 	EXP 	node0: autoDraw = False
309.7954 	EXP 	unnamed ImageStim: autoDraw = False
309.7954 	EXP 	node1: autoDraw = False
309.7954 	EXP 	node2: autoDraw = False
309.7954 	EXP 	node3: autoDraw = False
309.7954 	EXP 	unnamed ImageStim: autoDraw = False
309.7954 	EXP 	node4: autoDraw = False
309.7954 	EXP 	node5: autoDraw = False
309.7954 	EXP 	node6: autoDraw = False
309.7954 	EXP 	node7: autoDraw = False
309.7954 	EXP 	node8: autoDraw = False
309.7954 	EXP 	node9: autoDraw = False
309.7954 	EXP 	node10: autoDraw = False
309.7954 	EXP 	unnamed Line: autoDraw = False
309.7954 	EXP 	unnamed ShapeStim: autoDraw = False
309.7954 	EXP 	unnamed Line: autoDraw = False
309.7954 	EXP 	unnamed ShapeStim: autoDraw = False
309.7954 	EXP 	unnamed Rect: autoDraw = False
309.8048 	INFO 	Mouse: using default window
309.8048 	EXP 	window1: mouseVisible = True
309.8050 	EXP 	window1: mouseVisible = True
309.8093 	EXP 	Created unnamed TextStim = TextStim(__class__=<class 'psychopy.visual.text.TextStim'>, alignHoriz=method-wrapper(...), alignText='center', alignVert=method-wrapper(...), anchorHoriz='center', anchorVert='center', antialias=True, autoDraw=False, autoLog=True, bold=False, color=array([1, 1, 1]), colorSpace='rgb', contrast=1.0, depth=0, draggable=False, flipHoriz=False, flipVert=False, font='', fontFiles=[], height=0.035, italic=False, languageStyle='LTR', name='unnamed TextStim', opacity=1.0, ori=0.0, pos=array([0., 0.]), rgb=UNKNOWN, text='press Space to start', units='height', win=Window(...), wrapWidth=1)
313.9722 	DATA 	Keypress: space
313.9727 	EXP 	window1: mouseVisible = True
313.9731 	EXP 	Created unnamed Rect = Rect(__class__=<class 'psychopy.visual.rect.Rect'>, anchor=('center', 'center'), autoDraw=False, autoLog=True, closeShape=True, color=method-wrapper(...), colorSpace='rgb', contrast=None, depth=0, draggable=False, fillColor=array([0.00392157, 0.00392157, 0.00392157]), fillColorSpace='rgb', fillRGB=array([0.00392157, 0.00392157, 0.00392157]), interpolate=True, lineColor=array([0, 0, 0]), lineColorSpace='rgb', lineRGB=array([0, 0, 0]), lineWidth=0, name='unnamed Rect', opacity=0.5, ori=0.0, pos=array([-0.65,  0.45]), size=array([0.1, 0.1]), units='height', vertices=ndarray(...), win=Window(...))
313.9742 	EXP 	window1: mouseVisible = True
313.9762 	EXP 	Created node0 = Circle(__class__=<class 'psychopy.visual.circle.Circle'>, anchor=('center', 'center'), autoDraw=False, autoLog=True, closeShape=True, color=method-wrapper(...), colorSpace='rgb', contrast=None, depth=0, draggable=False, fillColor=array([1, 1, 1]), fillColorSpace='rgb', fillRGB=array([1, 1, 1]), interpolate=True, lineColor=array([-1, -1, -1]), lineColorSpace='rgb', lineRGB=array([-1, -1, -1]), lineWidth=2, name='node0', opacity=1.0, ori=0.0, pos=array([0.  , 0.35]), size=array([1., 1.]), units='height', vertices=ndarray(...), win=Window(...))
313.9772 	EXP 	window1: mouseVisible = True
313.9791 	EXP 	Created node1 = Circle(__class__=<class 'psychopy.visual.circle.Circle'>, anchor=('center', 'center'), autoDraw=False, autoLog=True, closeShape=True, color=method-wrapper(...), colorSpace='rgb', contrast=None, depth=0, draggable=False, fillColor=array([1, 1, 1]), fillColorSpace='rgb', fillRGB=array([1, 1, 1]), interpolate=True, lineColor=array([-1, -1, -1]), lineColorSpace='rgb', lineRGB=array([-1, -1, -1]), lineWidth=2, name='node1', opacity=1.0, ori=0.0, pos=array([-0.18922429,  0.29443874]), size=array([1., 1.]), units='height', vertices=ndarray(...), win=Window(...))
313.9801 	EXP 	window1: mouseVisible = True
313.9820 	EXP 	Created node2 = Circle(__class__=<class 'psychopy.visual.circle.Circle'>, anchor=('center', 'center'), autoDraw=False, autoLog=True, closeShape=True, color=method-wrapper(...), colorSpace='rgb', contrast=None, depth=0, draggable=False, fillColor=array([1, 1, 1]), fillColorSpace='rgb', fillRGB=array([1, 1, 1]), interpolate=True, lineColor=array([-1, -1, -1]), lineColorSpace='rgb', lineRGB=array([-1, -1, -1]), lineWidth=2, name='node2', opacity=1.0, ori=0.0, pos=array([-0.3183712 ,  0.14539525]), size=array([1., 1.]), units='height', vertices=ndarray(...), win=Window(...))
313.9820 	EXP 	window1: mouseVisible = True
313.9997 	EXP 	Created unnamed ImageStim = ImageStim(__class__=<class 'psychopy.visual.image.ImageStim'>, anchor=('center', 'center'), autoLog=True, color=array([1., 1., 1.]), colorSpace='rgb', contrast=1.0, depth=0, draggable=False, flipHoriz=False, flipVert=False, image='images/pattern_7.png', interpolate=False, mask=None, maskParams=None, name='unnamed ImageStim', opacity=1.0, ori=0.0, pos=array([-0.3183712 ,  0.14539525]), size=array([0.12, 0.12]), texRes=128, units='height', win=Window(...))
314.0008 	EXP 	window1: mouseVisible = True
314.0027 	EXP 	Created node3 = Circle(__class__=<class 'psychopy.visual.circle.Circle'>, anchor=('center', 'center'), autoDraw=False, autoLog=True, closeShape=True, color=method-wrapper(...), colorSpace='rgb', contrast=None, depth=0, draggable=False, fillColor=array([1, 1, 1]), fillColorSpace='rgb', fillRGB=array([1, 1, 1]), interpolate=True, lineColor=array([-1, -1, -1]), lineColorSpace='rgb', lineRGB=array([-1, -1, -1]), lineWidth=2, name='node3', opacity=1.0, ori=0.0, pos=array([-0.3464375 , -0.04981019]), size=array([1., 1.]), units='height', vertices=ndarray(...), win=Window(...))
314.0037 	EXP 	window1: mouseVisible = True
314.0056 	EXP 	Created node4 = Circle(__class__=<class 'psychopy.visual.circle.Circle'>, anchor=('center', 'center'), autoDraw=False, autoLog=True, closeShape=True, color=method-wrapper(...), colorSpace='rgb', contrast=None, depth=0, draggable=False, fillColor=array([1, 1, 1]), fillColorSpace='rgb', fillRGB=array([1, 1, 1]), interpolate=True, lineColor=array([-1, -1, -1]), lineColorSpace='rgb', lineRGB=array([-1, -1, -1]), lineWidth=2, name='node4', opacity=1.0, ori=0.0, pos=array([-0.26451235, -0.22920126]), size=array([1., 1.]), units='height', vertices=ndarray(...), win=Window(...))
314.0056 	EXP 	window1: mouseVisible = True
314.0223 	EXP 	Created unnamed ImageStim = ImageStim(__class__=<class 'psychopy.visual.image.ImageStim'>, anchor=('center', 'center'), autoLog=True, color=array([1., 1., 1.]), colorSpace='rgb', contrast=1.0, depth=0, draggable=False, flipHoriz=False, flipVert=False, image='images/pattern_2.png', interpolate=False, mask=None, maskParams=None, name='unnamed ImageStim', opacity=1.0, ori=0.0, pos=array([-0.26451235, -0.22920126]), size=array([0.12, 0.12]), texRes=128, units='height', win=Window(...))
314.0233 	EXP 	window1: mouseVisible = True
314.0252 	EXP 	Created node5 = Circle(__class__=<class 'psychopy.visual.circle.Circle'>, anchor=('center', 'center'), autoDraw=False, autoLog=True, closeShape=True, color=method-wrapper(...), colorSpace='rgb', contrast=None, depth=0, draggable=False, fillColor=array([1, 1, 1]), fillColorSpace='rgb', fillRGB=array([1, 1, 1]), interpolate=True, lineColor=array([-1, -1, -1]), lineColorSpace='rgb', lineRGB=array([-1, -1, -1]), lineWidth=2, name='node5', opacity=1.0, ori=0.0, pos=array([-0.09860639, -0.33582254]), size=array([1., 1.]), units='height', vertices=ndarray(...), win=Window(...))
314.0262 	EXP 	window1: mouseVisible = True
314.0281 	EXP 	Created node6 = Circle(__class__=<class 'psychopy.visual.circle.Circle'>, anchor=('center', 'center'), autoDraw=False, autoLog=True, closeShape=True, color=method-wrapper(...), colorSpace='rgb', contrast=None, depth=0, draggable=False, fillColor=array([1, 1, 1]), fillColorSpace='rgb', fillRGB=array([1, 1, 1]), interpolate=True, lineColor=array([-1, -1, -1]), lineColorSpace='rgb', lineRGB=array([-1, -1, -1]), lineWidth=2, name='node6', opacity=1.0, ori=0.0, pos=array([ 0.09860639, -0.33582254]), size=array([1., 1.]), units='height', vertices=ndarray(...), win=Window(...))
314.0291 	EXP 	window1: mouseVisible = True
314.0310 	EXP 	Created node7 = Circle(__class__=<class 'psychopy.visual.circle.Circle'>, anchor=('center', 'center'), autoDraw=False, autoLog=True, closeShape=True, color=method-wrapper(...), colorSpace='rgb', contrast=None, depth=0, draggable=False, fillColor=array([1, 1, 1]), fillColorSpace='rgb', fillRGB=array([1, 1, 1]), interpolate=True, lineColor=array([-1, -1, -1]), lineColorSpace='rgb', lineRGB=array([-1, -1, -1]), lineWidth=2, name='node7', opacity=1.0, ori=0.0, pos=array([ 0.26451235, -0.22920126]), size=array([1., 1.]), units='height', vertices=ndarray(...), win=Window(...))
314.0320 	EXP 	window1: mouseVisible = True
314.0339 	EXP 	Created node8 = Circle(__class__=<class 'psychopy.visual.circle.Circle'>, anchor=('center', 'center'), autoDraw=False, autoLog=True, closeShape=True, color=method-wrapper(...), colorSpace='rgb', contrast=None, depth=0, draggable=False, fillColor=array([1, 1, 1]), fillColorSpace='rgb', fillRGB=array([1, 1, 1]), interpolate=True, lineColor=array([-1, -1, -1]), lineColorSpace='rgb', lineRGB=array([-1, -1, -1]), lineWidth=2, name='node8', opacity=1.0, ori=0.0, pos=array([ 0.3464375 , -0.04981019]), size=array([1., 1.]), units='height', vertices=ndarray(...), win=Window(...))
314.0349 	EXP 	window1: mouseVisible = True
314.0367 	EXP 	Created node9 = Circle(__class__=<class 'psychopy.visual.circle.Circle'>, anchor=('center', 'center'), autoDraw=False, autoLog=True, closeShape=True, color=method-wrapper(...), colorSpace='rgb', contrast=None, depth=0, draggable=False, fillColor=array([1, 1, 1]), fillColorSpace='rgb', fillRGB=array([1, 1, 1]), interpolate=True, lineColor=array([-1, -1, -1]), lineColorSpace='rgb', lineRGB=array([-1, -1, -1]), lineWidth=2, name='node9', opacity=1.0, ori=0.0, pos=array([0.3183712 , 0.14539525]), size=array([1., 1.]), units='height', vertices=ndarray(...), win=Window(...))
314.0378 	EXP 	window1: mouseVisible = True
314.0396 	EXP 	Created node10 = Circle(__class__=<class 'psychopy.visual.circle.Circle'>, anchor=('center', 'center'), autoDraw=False, autoLog=True, closeShape=True, color=method-wrapper(...), colorSpace='rgb', contrast=None, depth=0, draggable=False, fillColor=array([1, 1, 1]), fillColorSpace='rgb', fillRGB=array([1, 1, 1]), interpolate=True, lineColor=array([-1, -1, -1]), lineColorSpace='rgb', lineRGB=array([-1, -1, -1]), lineWidth=2, name='node10', opacity=1.0, ori=0.0, pos=array([0.18922429, 0.29443874]), size=array([1., 1.]), units='height', vertices=ndarray(...), win=Window(...))
314.0397 	EXP 	window1: mouseVisible = True
314.0401 	EXP 	Created unnamed Line = Line(__class__=<class 'psychopy.visual.line.Line'>, anchor=('center', 'center'), autoDraw=False, autoLog=True, closeShape=False, color=array([-1, -1, -1]), colorSpace='rgb', contrast=None, depth=2, draggable=False, fillColor=array([0, 0, 0]), fillColorSpace='rgb', fillRGB=array([0, 0, 0]), interpolate=True, lineColor=array([-1, -1, -1]), lineColorSpace='rgb', lineRGB=array([-1, -1, -1]), lineWidth=4, name='unnamed Line', opacity=0.5, ori=0.0, pos=array([0., 0.]), size=array([1., 1.]), units='height', vertices=ndarray(...), win=Window(...), windingRule=None)
314.0402 	EXP 	window1: mouseVisible = True
314.0405 	EXP 	Created unnamed ShapeStim = ShapeStim(__class__=<class 'psychopy.visual.shape.ShapeStim'>, anchor=('center', 'center'), autoDraw=False, autoLog=True, closeShape=True, color=method-wrapper(...), colorSpace='rgb', contrast=None, depth=0, draggable=False, fillColor=array([-1, -1, -1]), fillColorSpace='rgb', fillRGB=array([-1, -1, -1]), interpolate=True, lineColor=array([-1, -1, -1]), lineColorSpace='rgb', lineRGB=array([-1, -1, -1]), lineWidth=1.5, name='unnamed ShapeStim', opacity=1.0, ori=220.9090909090909, pos=array([-0.23176931, -0.19141378]), size=array([1., 1.]), units='height', vertices=ndarray(...), win=Window(...), windingRule=None)
314.0406 	EXP 	window1: mouseVisible = True
314.0409 	EXP 	Created unnamed Line = Line(__class__=<class 'psychopy.visual.line.Line'>, anchor=('center', 'center'), autoDraw=False, autoLog=True, closeShape=False, color=array([-1, -1, -1]), colorSpace='rgb', contrast=None, depth=2, draggable=False, fillColor=array([0, 0, 0]), fillColorSpace='rgb', fillRGB=array([0, 0, 0]), interpolate=True, lineColor=array([-1, -1, -1]), lineColorSpace='rgb', lineRGB=array([-1, -1, -1]), lineWidth=4, name='unnamed Line', opacity=0.5, ori=0.0, pos=array([0., 0.]), size=array([1., 1.]), units='height', vertices=ndarray(...), win=Window(...), windingRule=None)
314.0410 	EXP 	window1: mouseVisible = True
314.0414 	EXP 	Created unnamed ShapeStim = ShapeStim(__class__=<class 'psychopy.visual.shape.ShapeStim'>, anchor=('center', 'center'), autoDraw=False, autoLog=True, closeShape=True, color=method-wrapper(...), colorSpace='rgb', contrast=None, depth=0, draggable=False, fillColor=array([-1, -1, -1]), fillColorSpace='rgb', fillRGB=array([-1, -1, -1]), interpolate=True, lineColor=array([-1, -1, -1]), lineColorSpace='rgb', lineRGB=array([-1, -1, -1]), lineWidth=1.5, name='unnamed ShapeStim', opacity=1.0, ori=253.63636363636365, pos=array([-0.27039655,  0.15948188]), size=array([1., 1.]), units='height', vertices=ndarray(...), win=Window(...), windingRule=None)
314.0414 	EXP 	window1: mouseVisible = True
314.0417 	EXP 	Created unnamed Rect = Rect(__class__=<class 'psychopy.visual.rect.Rect'>, anchor=('center', 'center'), autoDraw=False, autoLog=True, closeShape=True, color=method-wrapper(...), colorSpace='rgb', contrast=None, depth=0, draggable=False, fillColor=array([0.00392157, 0.00392157, 0.00392157]), fillColorSpace='rgb', fillRGB=array([0.00392157, 0.00392157, 0.00392157]), interpolate=True, lineColor=array([0, 0, 0]), lineColorSpace='rgb', lineRGB=array([0, 0, 0]), lineWidth=0, name='unnamed Rect', opacity=0.0, ori=0.0, pos=array([0.1, 0. ]), size=array([1.1, 1. ]), units='height', vertices=ndarray(...), win=Window(...))
314.0489 	EXP 	unnamed Rect: autoDraw = True
314.0489 	EXP 	node0: autoDraw = True
314.0489 	EXP 	node1: autoDraw = True
314.0489 	EXP 	node2: autoDraw = True
314.0489 	EXP 	unnamed ImageStim: autoDraw = True
314.0489 	EXP 	node3: autoDraw = True
314.0489 	EXP 	node4: autoDraw = True
314.0489 	EXP 	unnamed ImageStim: autoDraw = True
314.0489 	EXP 	node5: autoDraw = True
314.0489 	EXP 	node6: autoDraw = True
314.0489 	EXP 	node7: autoDraw = True
314.0489 	EXP 	node8: autoDraw = True
314.0489 	EXP 	node9: autoDraw = True
314.0489 	EXP 	node10: autoDraw = True
314.0489 	EXP 	unnamed Line: autoDraw = True
314.0489 	EXP 	unnamed Line: autoDraw = True
314.0489 	EXP 	unnamed ShapeStim: autoDraw = True
314.0489 	EXP 	unnamed Line: autoDraw = True
314.0489 	EXP 	unnamed Line: autoDraw = True
314.0489 	EXP 	unnamed ShapeStim: autoDraw = True
314.0489 	EXP 	unnamed Rect: autoDraw = True
314.0489 	EXP 	node10: fillColor = '#126DEF'
314.0535 	EXP 	node10: fillColor = '#126DEF'
314.0535 	EXP 	unnamed Line: autoDraw = False
314.0535 	EXP 	unnamed ShapeStim: autoDraw = False
314.0535 	EXP 	unnamed Line: autoDraw = True
314.0535 	EXP 	unnamed ShapeStim: autoDraw = True
314.0535 	EXP 	unnamed Line: autoDraw = False
314.0535 	EXP 	unnamed ShapeStim: autoDraw = False
314.0535 	EXP 	unnamed Line: autoDraw = True
314.0535 	EXP 	unnamed ShapeStim: autoDraw = True
314.0535 	EXP 	unnamed Line: foreColor = <psychopy.colors.Color: (1.0, 0.58, -0.87, 1.0)>
314.0535 	EXP 	unnamed Line: borderColor = <psychopy.colors.Color: (1.0, 0.58, -0.87, 1.0)>
314.0535 	EXP 	unnamed Line: fillColor = <psychopy.colors.Color: (1.0, 0.58, -0.87, 1.0)>
314.0535 	EXP 	unnamed ShapeStim: foreColor = <psychopy.colors.Color: (1.0, 0.58, -0.87, 1.0)>
314.0535 	EXP 	unnamed ShapeStim: borderColor = <psychopy.colors.Color: (1.0, 0.58, -0.87, 1.0)>
314.0535 	EXP 	unnamed ShapeStim: fillColor = <psychopy.colors.Color: (1.0, 0.58, -0.87, 1.0)>
323.5722 	DATA 	Keypress: f
323.5793 	EXP 	unnamed Line: foreColor = <psychopy.colors.Color: black, alpha=1.0>
323.5793 	EXP 	unnamed Line: borderColor = <psychopy.colors.Color: black, alpha=1.0>
323.5793 	EXP 	unnamed Line: fillColor = <psychopy.colors.Color: black, alpha=1.0>
323.5793 	EXP 	unnamed ShapeStim: foreColor = <psychopy.colors.Color: black, alpha=1.0>
323.5793 	EXP 	unnamed ShapeStim: borderColor = <psychopy.colors.Color: black, alpha=1.0>
323.5793 	EXP 	unnamed ShapeStim: fillColor = <psychopy.colors.Color: black, alpha=1.0>
323.5793 	EXP 	unnamed Line: foreColor = <psychopy.colors.Color: (1.0, 0.58, -0.87, 1.0)>
323.5793 	EXP 	unnamed Line: borderColor = <psychopy.colors.Color: (1.0, 0.58, -0.87, 1.0)>
323.5793 	EXP 	unnamed Line: fillColor = <psychopy.colors.Color: (1.0, 0.58, -0.87, 1.0)>
323.5793 	EXP 	unnamed ShapeStim: foreColor = <psychopy.colors.Color: (1.0, 0.58, -0.87, 1.0)>
323.5793 	EXP 	unnamed ShapeStim: borderColor = <psychopy.colors.Color: (1.0, 0.58, -0.87, 1.0)>
323.5793 	EXP 	unnamed ShapeStim: fillColor = <psychopy.colors.Color: (1.0, 0.58, -0.87, 1.0)>
325.3801 	DATA 	Keypress: j
325.3853 	EXP 	node2: fillColor = '#126DEF'
325.3853 	EXP 	node10: fillColor = 'white'
326.0855 	EXP 	window1: mouseVisible = True
326.0871 	EXP 	Created unnamed TextStim = TextStim(__class__=<class 'psychopy.visual.text.TextStim'>, alignHoriz=method-wrapper(...), alignText='center', alignVert=method-wrapper(...), anchorHoriz='center', anchorVert='center', antialias=True, autoDraw=False, autoLog=True, bold=True, color=array([-0.88235294, -0.12156863, -0.97647059]), colorSpace='rgb', contrast=1.0, depth=0, draggable=False, flipHoriz=False, flipVert=False, font='', fontFiles=[], height=0.04, italic=False, languageStyle='LTR', name='unnamed TextStim', opacity=1.0, ori=0.0, pos=array([-0.2583712 ,  0.20539525]), rgb=UNKNOWN, text='+2', units='height', win=Window(...), wrapWidth=1)
326.0912 	EXP 	node2: fillColor = 'white'
326.0912 	EXP 	unnamed ImageStim: autoDraw = True
327.0989 	EXP 	unnamed ImageStim: autoDraw = False
327.0989 	EXP 	unnamed Rect: autoDraw = False
327.0989 	EXP 	unnamed Rect: autoDraw = True
327.2144 	EXP 	unnamed Rect: autoDraw = False
327.2144 	EXP 	node0: autoDraw = False
327.2144 	EXP 	node1: autoDraw = False
327.2144 	EXP 	node2: autoDraw = False
327.2144 	EXP 	unnamed ImageStim: autoDraw = False
327.2144 	EXP 	node3: autoDraw = False
327.2144 	EXP 	node4: autoDraw = False
327.2144 	EXP 	unnamed ImageStim: autoDraw = False
327.2144 	EXP 	node5: autoDraw = False
327.2144 	EXP 	node6: autoDraw = False
327.2144 	EXP 	node7: autoDraw = False
327.2144 	EXP 	node8: autoDraw = False
327.2144 	EXP 	node9: autoDraw = False
327.2144 	EXP 	node10: autoDraw = False
327.2144 	EXP 	unnamed Line: autoDraw = False
327.2144 	EXP 	unnamed ShapeStim: autoDraw = False
327.2144 	EXP 	unnamed Line: autoDraw = False
327.2144 	EXP 	unnamed ShapeStim: autoDraw = False
327.2144 	EXP 	unnamed Rect: autoDraw = False
327.2287 	INFO 	Mouse: using default window
327.2288 	EXP 	window1: mouseVisible = True
327.2289 	EXP 	window1: mouseVisible = True
327.2328 	EXP 	Created unnamed TextStim = TextStim(__class__=<class 'psychopy.visual.text.TextStim'>, alignHoriz=method-wrapper(...), alignText='center', alignVert=method-wrapper(...), anchorHoriz='center', anchorVert='center', antialias=True, autoDraw=False, autoLog=True, bold=False, color=array([1, 1, 1]), colorSpace='rgb', contrast=1.0, depth=0, draggable=False, flipHoriz=False, flipVert=False, font='', fontFiles=[], height=0.035, italic=False, languageStyle='LTR', name='unnamed TextStim', opacity=1.0, ori=0.0, pos=array([0., 0.]), rgb=UNKNOWN, text='press Space to start', units='height', win=Window(...), wrapWidth=1)
327.9162 	DATA 	Keypress: space
327.9167 	EXP 	window1: mouseVisible = True
327.9171 	EXP 	Created unnamed Rect = Rect(__class__=<class 'psychopy.visual.rect.Rect'>, anchor=('center', 'center'), autoDraw=False, autoLog=True, closeShape=True, color=method-wrapper(...), colorSpace='rgb', contrast=None, depth=0, draggable=False, fillColor=array([0.00392157, 0.00392157, 0.00392157]), fillColorSpace='rgb', fillRGB=array([0.00392157, 0.00392157, 0.00392157]), interpolate=True, lineColor=array([0, 0, 0]), lineColorSpace='rgb', lineRGB=array([0, 0, 0]), lineWidth=0, name='unnamed Rect', opacity=0.5, ori=0.0, pos=array([-0.65,  0.45]), size=array([0.1, 0.1]), units='height', vertices=ndarray(...), win=Window(...))
327.9182 	EXP 	window1: mouseVisible = True
327.9202 	EXP 	Created node0 = Circle(__class__=<class 'psychopy.visual.circle.Circle'>, anchor=('center', 'center'), autoDraw=False, autoLog=True, closeShape=True, color=method-wrapper(...), colorSpace='rgb', contrast=None, depth=0, draggable=False, fillColor=array([1, 1, 1]), fillColorSpace='rgb', fillRGB=array([1, 1, 1]), interpolate=True, lineColor=array([-1, -1, -1]), lineColorSpace='rgb', lineRGB=array([-1, -1, -1]), lineWidth=2, name='node0', opacity=1.0, ori=0.0, pos=array([0.  , 0.35]), size=array([1., 1.]), units='height', vertices=ndarray(...), win=Window(...))
327.9212 	EXP 	window1: mouseVisible = True
327.9231 	EXP 	Created node1 = Circle(__class__=<class 'psychopy.visual.circle.Circle'>, anchor=('center', 'center'), autoDraw=False, autoLog=True, closeShape=True, color=method-wrapper(...), colorSpace='rgb', contrast=None, depth=0, draggable=False, fillColor=array([1, 1, 1]), fillColorSpace='rgb', fillRGB=array([1, 1, 1]), interpolate=True, lineColor=array([-1, -1, -1]), lineColorSpace='rgb', lineRGB=array([-1, -1, -1]), lineWidth=2, name='node1', opacity=1.0, ori=0.0, pos=array([-0.18922429,  0.29443874]), size=array([1., 1.]), units='height', vertices=ndarray(...), win=Window(...))
327.9241 	EXP 	window1: mouseVisible = True
327.9259 	EXP 	Created node2 = Circle(__class__=<class 'psychopy.visual.circle.Circle'>, anchor=('center', 'center'), autoDraw=False, autoLog=True, closeShape=True, color=method-wrapper(...), colorSpace='rgb', contrast=None, depth=0, draggable=False, fillColor=array([1, 1, 1]), fillColorSpace='rgb', fillRGB=array([1, 1, 1]), interpolate=True, lineColor=array([-1, -1, -1]), lineColorSpace='rgb', lineRGB=array([-1, -1, -1]), lineWidth=2, name='node2', opacity=1.0, ori=0.0, pos=array([-0.3183712 ,  0.14539525]), size=array([1., 1.]), units='height', vertices=ndarray(...), win=Window(...))
327.9270 	EXP 	window1: mouseVisible = True
327.9288 	EXP 	Created node3 = Circle(__class__=<class 'psychopy.visual.circle.Circle'>, anchor=('center', 'center'), autoDraw=False, autoLog=True, closeShape=True, color=method-wrapper(...), colorSpace='rgb', contrast=None, depth=0, draggable=False, fillColor=array([1, 1, 1]), fillColorSpace='rgb', fillRGB=array([1, 1, 1]), interpolate=True, lineColor=array([-1, -1, -1]), lineColorSpace='rgb', lineRGB=array([-1, -1, -1]), lineWidth=2, name='node3', opacity=1.0, ori=0.0, pos=array([-0.3464375 , -0.04981019]), size=array([1., 1.]), units='height', vertices=ndarray(...), win=Window(...))
327.9298 	EXP 	window1: mouseVisible = True
327.9317 	EXP 	Created node4 = Circle(__class__=<class 'psychopy.visual.circle.Circle'>, anchor=('center', 'center'), autoDraw=False, autoLog=True, closeShape=True, color=method-wrapper(...), colorSpace='rgb', contrast=None, depth=0, draggable=False, fillColor=array([1, 1, 1]), fillColorSpace='rgb', fillRGB=array([1, 1, 1]), interpolate=True, lineColor=array([-1, -1, -1]), lineColorSpace='rgb', lineRGB=array([-1, -1, -1]), lineWidth=2, name='node4', opacity=1.0, ori=0.0, pos=array([-0.26451235, -0.22920126]), size=array([1., 1.]), units='height', vertices=ndarray(...), win=Window(...))
327.9317 	EXP 	window1: mouseVisible = True
327.9488 	EXP 	Created unnamed ImageStim = ImageStim(__class__=<class 'psychopy.visual.image.ImageStim'>, anchor=('center', 'center'), autoLog=True, color=array([1., 1., 1.]), colorSpace='rgb', contrast=1.0, depth=0, draggable=False, flipHoriz=False, flipVert=False, image='images/pattern_6.png', interpolate=False, mask=None, maskParams=None, name='unnamed ImageStim', opacity=1.0, ori=0.0, pos=array([-0.26451235, -0.22920126]), size=array([0.12, 0.12]), texRes=128, units='height', win=Window(...))
327.9499 	EXP 	window1: mouseVisible = True
327.9518 	EXP 	Created node5 = Circle(__class__=<class 'psychopy.visual.circle.Circle'>, anchor=('center', 'center'), autoDraw=False, autoLog=True, closeShape=True, color=method-wrapper(...), colorSpace='rgb', contrast=None, depth=0, draggable=False, fillColor=array([1, 1, 1]), fillColorSpace='rgb', fillRGB=array([1, 1, 1]), interpolate=True, lineColor=array([-1, -1, -1]), lineColorSpace='rgb', lineRGB=array([-1, -1, -1]), lineWidth=2, name='node5', opacity=1.0, ori=0.0, pos=array([-0.09860639, -0.33582254]), size=array([1., 1.]), units='height', vertices=ndarray(...), win=Window(...))
327.9528 	EXP 	window1: mouseVisible = True
327.9547 	EXP 	Created node6 = Circle(__class__=<class 'psychopy.visual.circle.Circle'>, anchor=('center', 'center'), autoDraw=False, autoLog=True, closeShape=True, color=method-wrapper(...), colorSpace='rgb', contrast=None, depth=0, draggable=False, fillColor=array([1, 1, 1]), fillColorSpace='rgb', fillRGB=array([1, 1, 1]), interpolate=True, lineColor=array([-1, -1, -1]), lineColorSpace='rgb', lineRGB=array([-1, -1, -1]), lineWidth=2, name='node6', opacity=1.0, ori=0.0, pos=array([ 0.09860639, -0.33582254]), size=array([1., 1.]), units='height', vertices=ndarray(...), win=Window(...))
327.9557 	EXP 	window1: mouseVisible = True
327.9576 	EXP 	Created node7 = Circle(__class__=<class 'psychopy.visual.circle.Circle'>, anchor=('center', 'center'), autoDraw=False, autoLog=True, closeShape=True, color=method-wrapper(...), colorSpace='rgb', contrast=None, depth=0, draggable=False, fillColor=array([1, 1, 1]), fillColorSpace='rgb', fillRGB=array([1, 1, 1]), interpolate=True, lineColor=array([-1, -1, -1]), lineColorSpace='rgb', lineRGB=array([-1, -1, -1]), lineWidth=2, name='node7', opacity=1.0, ori=0.0, pos=array([ 0.26451235, -0.22920126]), size=array([1., 1.]), units='height', vertices=ndarray(...), win=Window(...))
327.9586 	EXP 	window1: mouseVisible = True
327.9605 	EXP 	Created node8 = Circle(__class__=<class 'psychopy.visual.circle.Circle'>, anchor=('center', 'center'), autoDraw=False, autoLog=True, closeShape=True, color=method-wrapper(...), colorSpace='rgb', contrast=None, depth=0, draggable=False, fillColor=array([1, 1, 1]), fillColorSpace='rgb', fillRGB=array([1, 1, 1]), interpolate=True, lineColor=array([-1, -1, -1]), lineColorSpace='rgb', lineRGB=array([-1, -1, -1]), lineWidth=2, name='node8', opacity=1.0, ori=0.0, pos=array([ 0.3464375 , -0.04981019]), size=array([1., 1.]), units='height', vertices=ndarray(...), win=Window(...))
327.9615 	EXP 	window1: mouseVisible = True
327.9633 	EXP 	Created node9 = Circle(__class__=<class 'psychopy.visual.circle.Circle'>, anchor=('center', 'center'), autoDraw=False, autoLog=True, closeShape=True, color=method-wrapper(...), colorSpace='rgb', contrast=None, depth=0, draggable=False, fillColor=array([1, 1, 1]), fillColorSpace='rgb', fillRGB=array([1, 1, 1]), interpolate=True, lineColor=array([-1, -1, -1]), lineColorSpace='rgb', lineRGB=array([-1, -1, -1]), lineWidth=2, name='node9', opacity=1.0, ori=0.0, pos=array([0.3183712 , 0.14539525]), size=array([1., 1.]), units='height', vertices=ndarray(...), win=Window(...))
327.9643 	EXP 	window1: mouseVisible = True
327.9662 	EXP 	Created node10 = Circle(__class__=<class 'psychopy.visual.circle.Circle'>, anchor=('center', 'center'), autoDraw=False, autoLog=True, closeShape=True, color=method-wrapper(...), colorSpace='rgb', contrast=None, depth=0, draggable=False, fillColor=array([1, 1, 1]), fillColorSpace='rgb', fillRGB=array([1, 1, 1]), interpolate=True, lineColor=array([-1, -1, -1]), lineColorSpace='rgb', lineRGB=array([-1, -1, -1]), lineWidth=2, name='node10', opacity=1.0, ori=0.0, pos=array([0.18922429, 0.29443874]), size=array([1., 1.]), units='height', vertices=ndarray(...), win=Window(...))
327.9663 	EXP 	window1: mouseVisible = True
327.9832 	EXP 	Created unnamed ImageStim = ImageStim(__class__=<class 'psychopy.visual.image.ImageStim'>, anchor=('center', 'center'), autoLog=True, color=array([1., 1., 1.]), colorSpace='rgb', contrast=1.0, depth=0, draggable=False, flipHoriz=False, flipVert=False, image='images/pattern_5.png', interpolate=False, mask=None, maskParams=None, name='unnamed ImageStim', opacity=1.0, ori=0.0, pos=array([0.18922429, 0.29443874]), size=array([0.12, 0.12]), texRes=128, units='height', win=Window(...))
327.9833 	EXP 	window1: mouseVisible = True
327.9837 	EXP 	Created unnamed Line = Line(__class__=<class 'psychopy.visual.line.Line'>, anchor=('center', 'center'), autoDraw=False, autoLog=True, closeShape=False, color=array([-1, -1, -1]), colorSpace='rgb', contrast=None, depth=2, draggable=False, fillColor=array([0, 0, 0]), fillColorSpace='rgb', fillRGB=array([0, 0, 0]), interpolate=True, lineColor=array([-1, -1, -1]), lineColorSpace='rgb', lineRGB=array([-1, -1, -1]), lineWidth=4, name='unnamed Line', opacity=0.5, ori=0.0, pos=array([0., 0.]), size=array([1., 1.]), units='height', vertices=ndarray(...), win=Window(...), windingRule=None)
327.9838 	EXP 	window1: mouseVisible = True
327.9842 	EXP 	Created unnamed ShapeStim = ShapeStim(__class__=<class 'psychopy.visual.shape.ShapeStim'>, anchor=('center', 'center'), autoDraw=False, autoLog=True, closeShape=True, color=method-wrapper(...), colorSpace='rgb', contrast=None, depth=0, draggable=False, fillColor=array([-1, -1, -1]), fillColorSpace='rgb', fillRGB=array([-1, -1, -1]), interpolate=True, lineColor=array([-1, -1, -1]), lineColorSpace='rgb', lineRGB=array([-1, -1, -1]), lineWidth=1.5, name='unnamed ShapeStim', opacity=1.0, ori=253.63636363636365, pos=array([-0.2165377 , -0.21511463]), size=array([1., 1.]), units='height', vertices=ndarray(...), win=Window(...), windingRule=None)
327.9842 	EXP 	window1: mouseVisible = True
327.9846 	EXP 	Created unnamed Line = Line(__class__=<class 'psychopy.visual.line.Line'>, anchor=('center', 'center'), autoDraw=False, autoLog=True, closeShape=False, color=array([-1, -1, -1]), colorSpace='rgb', contrast=None, depth=2, draggable=False, fillColor=array([0, 0, 0]), fillColorSpace='rgb', fillRGB=array([0, 0, 0]), interpolate=True, lineColor=array([-1, -1, -1]), lineColorSpace='rgb', lineRGB=array([-1, -1, -1]), lineWidth=4, name='unnamed Line', opacity=0.5, ori=0.0, pos=array([0., 0.]), size=array([1., 1.]), units='height', vertices=ndarray(...), win=Window(...), windingRule=None)
327.9846 	EXP 	window1: mouseVisible = True
327.9850 	EXP 	Created unnamed ShapeStim = ShapeStim(__class__=<class 'psychopy.visual.shape.ShapeStim'>, anchor=('center', 'center'), autoDraw=False, autoLog=True, closeShape=True, color=method-wrapper(...), colorSpace='rgb', contrast=None, depth=0, draggable=False, fillColor=array([-1, -1, -1]), fillColorSpace='rgb', fillRGB=array([-1, -1, -1]), interpolate=True, lineColor=array([-1, -1, -1]), lineColorSpace='rgb', lineRGB=array([-1, -1, -1]), lineWidth=1.5, name='unnamed ShapeStim', opacity=1.0, ori=-24.545454545454547, pos=array([0.20999504, 0.24895714]), size=array([1., 1.]), units='height', vertices=ndarray(...), win=Window(...), windingRule=None)
327.9851 	EXP 	window1: mouseVisible = True
327.9854 	EXP 	Created unnamed Rect = Rect(__class__=<class 'psychopy.visual.rect.Rect'>, anchor=('center', 'center'), autoDraw=False, autoLog=True, closeShape=True, color=method-wrapper(...), colorSpace='rgb', contrast=None, depth=0, draggable=False, fillColor=array([0.00392157, 0.00392157, 0.00392157]), fillColorSpace='rgb', fillRGB=array([0.00392157, 0.00392157, 0.00392157]), interpolate=True, lineColor=array([0, 0, 0]), lineColorSpace='rgb', lineRGB=array([0, 0, 0]), lineWidth=0, name='unnamed Rect', opacity=0.0, ori=0.0, pos=array([0.1, 0. ]), size=array([1.1, 1. ]), units='height', vertices=ndarray(...), win=Window(...))
327.9895 	EXP 	unnamed Rect: autoDraw = True
327.9895 	EXP 	node0: autoDraw = True
327.9895 	EXP 	node1: autoDraw = True
327.9895 	EXP 	node2: autoDraw = True
327.9895 	EXP 	node3: autoDraw = True
327.9895 	EXP 	node4: autoDraw = True
327.9895 	EXP 	unnamed ImageStim: autoDraw = True
327.9895 	EXP 	node5: autoDraw = True
327.9895 	EXP 	node6: autoDraw = True
327.9895 	EXP 	node7: autoDraw = True
327.9895 	EXP 	node8: autoDraw = True
327.9895 	EXP 	node9: autoDraw = True
327.9895 	EXP 	node10: autoDraw = True
327.9895 	EXP 	unnamed ImageStim: autoDraw = True
327.9895 	EXP 	unnamed Line: autoDraw = True
327.9895 	EXP 	unnamed Line: autoDraw = True
327.9895 	EXP 	unnamed ShapeStim: autoDraw = True
327.9895 	EXP 	unnamed Line: autoDraw = True
327.9895 	EXP 	unnamed Line: autoDraw = True
327.9895 	EXP 	unnamed ShapeStim: autoDraw = True
327.9895 	EXP 	unnamed Rect: autoDraw = True
327.9895 	EXP 	node8: fillColor = '#126DEF'
327.9942 	EXP 	node8: fillColor = '#126DEF'
327.9942 	EXP 	unnamed Line: autoDraw = False
327.9942 	EXP 	unnamed ShapeStim: autoDraw = False
327.9942 	EXP 	unnamed Line: autoDraw = True
327.9942 	EXP 	unnamed ShapeStim: autoDraw = True
327.9942 	EXP 	unnamed Line: autoDraw = False
327.9942 	EXP 	unnamed ShapeStim: autoDraw = False
327.9942 	EXP 	unnamed Line: autoDraw = True
327.9942 	EXP 	unnamed ShapeStim: autoDraw = True
327.9942 	EXP 	unnamed Line: foreColor = <psychopy.colors.Color: (1.0, 0.58, -0.87, 1.0)>
327.9942 	EXP 	unnamed Line: borderColor = <psychopy.colors.Color: (1.0, 0.58, -0.87, 1.0)>
327.9942 	EXP 	unnamed Line: fillColor = <psychopy.colors.Color: (1.0, 0.58, -0.87, 1.0)>
327.9942 	EXP 	unnamed ShapeStim: foreColor = <psychopy.colors.Color: (1.0, 0.58, -0.87, 1.0)>
327.9942 	EXP 	unnamed ShapeStim: borderColor = <psychopy.colors.Color: (1.0, 0.58, -0.87, 1.0)>
327.9942 	EXP 	unnamed ShapeStim: fillColor = <psychopy.colors.Color: (1.0, 0.58, -0.87, 1.0)>
332.4841 	DATA 	Keypress: f
332.4912 	EXP 	unnamed Line: foreColor = <psychopy.colors.Color: black, alpha=1.0>
332.4912 	EXP 	unnamed Line: borderColor = <psychopy.colors.Color: black, alpha=1.0>
332.4912 	EXP 	unnamed Line: fillColor = <psychopy.colors.Color: black, alpha=1.0>
332.4912 	EXP 	unnamed ShapeStim: foreColor = <psychopy.colors.Color: black, alpha=1.0>
332.4912 	EXP 	unnamed ShapeStim: borderColor = <psychopy.colors.Color: black, alpha=1.0>
332.4912 	EXP 	unnamed ShapeStim: fillColor = <psychopy.colors.Color: black, alpha=1.0>
332.4912 	EXP 	unnamed Line: foreColor = <psychopy.colors.Color: (1.0, 0.58, -0.87, 1.0)>
332.4912 	EXP 	unnamed Line: borderColor = <psychopy.colors.Color: (1.0, 0.58, -0.87, 1.0)>
332.4912 	EXP 	unnamed Line: fillColor = <psychopy.colors.Color: (1.0, 0.58, -0.87, 1.0)>
332.4912 	EXP 	unnamed ShapeStim: foreColor = <psychopy.colors.Color: (1.0, 0.58, -0.87, 1.0)>
332.4912 	EXP 	unnamed ShapeStim: borderColor = <psychopy.colors.Color: (1.0, 0.58, -0.87, 1.0)>
332.4912 	EXP 	unnamed ShapeStim: fillColor = <psychopy.colors.Color: (1.0, 0.58, -0.87, 1.0)>
333.4199 	DATA 	Keypress: j
333.4244 	EXP 	node4: fillColor = '#126DEF'
333.4244 	EXP 	node8: fillColor = 'white'
334.1247 	EXP 	window1: mouseVisible = True
334.1262 	EXP 	Created unnamed TextStim = TextStim(__class__=<class 'psychopy.visual.text.TextStim'>, alignHoriz=method-wrapper(...), alignText='center', alignVert=method-wrapper(...), anchorHoriz='center', anchorVert='center', antialias=True, autoDraw=False, autoLog=True, bold=True, color=array([-0.88235294, -0.12156863, -0.97647059]), colorSpace='rgb', contrast=1.0, depth=0, draggable=False, flipHoriz=False, flipVert=False, font='', fontFiles=[], height=0.04, italic=False, languageStyle='LTR', name='unnamed TextStim', opacity=1.0, ori=0.0, pos=array([-0.20451235, -0.16920126]), rgb=UNKNOWN, text='+1', units='height', win=Window(...), wrapWidth=1)
334.1303 	EXP 	node4: fillColor = 'white'
334.1303 	EXP 	unnamed ImageStim: autoDraw = True
335.1379 	EXP 	unnamed ImageStim: autoDraw = False
335.1379 	EXP 	unnamed Rect: autoDraw = False
335.1379 	EXP 	unnamed Rect: autoDraw = True
335.2785 	EXP 	unnamed Rect: autoDraw = False
335.2785 	EXP 	node0: autoDraw = False
335.2785 	EXP 	node1: autoDraw = False
335.2785 	EXP 	node2: autoDraw = False
335.2785 	EXP 	node3: autoDraw = False
335.2785 	EXP 	node4: autoDraw = False
335.2785 	EXP 	unnamed ImageStim: autoDraw = False
335.2785 	EXP 	node5: autoDraw = False
335.2785 	EXP 	node6: autoDraw = False
335.2785 	EXP 	node7: autoDraw = False
335.2785 	EXP 	node8: autoDraw = False
335.2785 	EXP 	node9: autoDraw = False
335.2785 	EXP 	node10: autoDraw = False
335.2785 	EXP 	unnamed ImageStim: autoDraw = False
335.2785 	EXP 	unnamed Line: autoDraw = False
335.2785 	EXP 	unnamed ShapeStim: autoDraw = False
335.2785 	EXP 	unnamed Line: autoDraw = False
335.2785 	EXP 	unnamed ShapeStim: autoDraw = False
335.2785 	EXP 	unnamed Rect: autoDraw = False
335.2877 	INFO 	Mouse: using default window
335.2877 	EXP 	window1: mouseVisible = True
335.2878 	EXP 	window1: mouseVisible = True
335.2919 	EXP 	Created unnamed TextStim = TextStim(__class__=<class 'psychopy.visual.text.TextStim'>, alignHoriz=method-wrapper(...), alignText='center', alignVert=method-wrapper(...), anchorHoriz='center', anchorVert='center', antialias=True, autoDraw=False, autoLog=True, bold=False, color=array([1, 1, 1]), colorSpace='rgb', contrast=1.0, depth=0, draggable=False, flipHoriz=False, flipVert=False, font='', fontFiles=[], height=0.035, italic=False, languageStyle='LTR', name='unnamed TextStim', opacity=1.0, ori=0.0, pos=array([0., 0.]), rgb=UNKNOWN, text='press Space to start', units='height', win=Window(...), wrapWidth=1)
336.3083 	DATA 	Keypress: space
336.3088 	EXP 	window1: mouseVisible = True
336.3092 	EXP 	Created unnamed Rect = Rect(__class__=<class 'psychopy.visual.rect.Rect'>, anchor=('center', 'center'), autoDraw=False, autoLog=True, closeShape=True, color=method-wrapper(...), colorSpace='rgb', contrast=None, depth=0, draggable=False, fillColor=array([0.00392157, 0.00392157, 0.00392157]), fillColorSpace='rgb', fillRGB=array([0.00392157, 0.00392157, 0.00392157]), interpolate=True, lineColor=array([0, 0, 0]), lineColorSpace='rgb', lineRGB=array([0, 0, 0]), lineWidth=0, name='unnamed Rect', opacity=0.5, ori=0.0, pos=array([-0.65,  0.45]), size=array([0.1, 0.1]), units='height', vertices=ndarray(...), win=Window(...))
336.3102 	EXP 	window1: mouseVisible = True
336.3122 	EXP 	Created node0 = Circle(__class__=<class 'psychopy.visual.circle.Circle'>, anchor=('center', 'center'), autoDraw=False, autoLog=True, closeShape=True, color=method-wrapper(...), colorSpace='rgb', contrast=None, depth=0, draggable=False, fillColor=array([1, 1, 1]), fillColorSpace='rgb', fillRGB=array([1, 1, 1]), interpolate=True, lineColor=array([-1, -1, -1]), lineColorSpace='rgb', lineRGB=array([-1, -1, -1]), lineWidth=2, name='node0', opacity=1.0, ori=0.0, pos=array([0.  , 0.35]), size=array([1., 1.]), units='height', vertices=ndarray(...), win=Window(...))
336.3133 	EXP 	window1: mouseVisible = True
336.3152 	EXP 	Created node1 = Circle(__class__=<class 'psychopy.visual.circle.Circle'>, anchor=('center', 'center'), autoDraw=False, autoLog=True, closeShape=True, color=method-wrapper(...), colorSpace='rgb', contrast=None, depth=0, draggable=False, fillColor=array([1, 1, 1]), fillColorSpace='rgb', fillRGB=array([1, 1, 1]), interpolate=True, lineColor=array([-1, -1, -1]), lineColorSpace='rgb', lineRGB=array([-1, -1, -1]), lineWidth=2, name='node1', opacity=1.0, ori=0.0, pos=array([-0.18922429,  0.29443874]), size=array([1., 1.]), units='height', vertices=ndarray(...), win=Window(...))
336.3152 	EXP 	window1: mouseVisible = True
336.3322 	EXP 	Created unnamed ImageStim = ImageStim(__class__=<class 'psychopy.visual.image.ImageStim'>, anchor=('center', 'center'), autoLog=True, color=array([1., 1., 1.]), colorSpace='rgb', contrast=1.0, depth=0, draggable=False, flipHoriz=False, flipVert=False, image='images/pattern_6.png', interpolate=False, mask=None, maskParams=None, name='unnamed ImageStim', opacity=1.0, ori=0.0, pos=array([-0.18922429,  0.29443874]), size=array([0.12, 0.12]), texRes=128, units='height', win=Window(...))
336.3333 	EXP 	window1: mouseVisible = True
336.3352 	EXP 	Created node2 = Circle(__class__=<class 'psychopy.visual.circle.Circle'>, anchor=('center', 'center'), autoDraw=False, autoLog=True, closeShape=True, color=method-wrapper(...), colorSpace='rgb', contrast=None, depth=0, draggable=False, fillColor=array([1, 1, 1]), fillColorSpace='rgb', fillRGB=array([1, 1, 1]), interpolate=True, lineColor=array([-1, -1, -1]), lineColorSpace='rgb', lineRGB=array([-1, -1, -1]), lineWidth=2, name='node2', opacity=1.0, ori=0.0, pos=array([-0.3183712 ,  0.14539525]), size=array([1., 1.]), units='height', vertices=ndarray(...), win=Window(...))
336.3362 	EXP 	window1: mouseVisible = True
336.3381 	EXP 	Created node3 = Circle(__class__=<class 'psychopy.visual.circle.Circle'>, anchor=('center', 'center'), autoDraw=False, autoLog=True, closeShape=True, color=method-wrapper(...), colorSpace='rgb', contrast=None, depth=0, draggable=False, fillColor=array([1, 1, 1]), fillColorSpace='rgb', fillRGB=array([1, 1, 1]), interpolate=True, lineColor=array([-1, -1, -1]), lineColorSpace='rgb', lineRGB=array([-1, -1, -1]), lineWidth=2, name='node3', opacity=1.0, ori=0.0, pos=array([-0.3464375 , -0.04981019]), size=array([1., 1.]), units='height', vertices=ndarray(...), win=Window(...))
336.3391 	EXP 	window1: mouseVisible = True
336.3410 	EXP 	Created node4 = Circle(__class__=<class 'psychopy.visual.circle.Circle'>, anchor=('center', 'center'), autoDraw=False, autoLog=True, closeShape=True, color=method-wrapper(...), colorSpace='rgb', contrast=None, depth=0, draggable=False, fillColor=array([1, 1, 1]), fillColorSpace='rgb', fillRGB=array([1, 1, 1]), interpolate=True, lineColor=array([-1, -1, -1]), lineColorSpace='rgb', lineRGB=array([-1, -1, -1]), lineWidth=2, name='node4', opacity=1.0, ori=0.0, pos=array([-0.26451235, -0.22920126]), size=array([1., 1.]), units='height', vertices=ndarray(...), win=Window(...))
336.3411 	EXP 	window1: mouseVisible = True
336.3577 	EXP 	Created unnamed ImageStim = ImageStim(__class__=<class 'psychopy.visual.image.ImageStim'>, anchor=('center', 'center'), autoLog=True, color=array([1., 1., 1.]), colorSpace='rgb', contrast=1.0, depth=0, draggable=False, flipHoriz=False, flipVert=False, image='images/pattern_2.png', interpolate=False, mask=None, maskParams=None, name='unnamed ImageStim', opacity=1.0, ori=0.0, pos=array([-0.26451235, -0.22920126]), size=array([0.12, 0.12]), texRes=128, units='height', win=Window(...))
336.3587 	EXP 	window1: mouseVisible = True
336.3606 	EXP 	Created node5 = Circle(__class__=<class 'psychopy.visual.circle.Circle'>, anchor=('center', 'center'), autoDraw=False, autoLog=True, closeShape=True, color=method-wrapper(...), colorSpace='rgb', contrast=None, depth=0, draggable=False, fillColor=array([1, 1, 1]), fillColorSpace='rgb', fillRGB=array([1, 1, 1]), interpolate=True, lineColor=array([-1, -1, -1]), lineColorSpace='rgb', lineRGB=array([-1, -1, -1]), lineWidth=2, name='node5', opacity=1.0, ori=0.0, pos=array([-0.09860639, -0.33582254]), size=array([1., 1.]), units='height', vertices=ndarray(...), win=Window(...))
336.3616 	EXP 	window1: mouseVisible = True
336.3635 	EXP 	Created node6 = Circle(__class__=<class 'psychopy.visual.circle.Circle'>, anchor=('center', 'center'), autoDraw=False, autoLog=True, closeShape=True, color=method-wrapper(...), colorSpace='rgb', contrast=None, depth=0, draggable=False, fillColor=array([1, 1, 1]), fillColorSpace='rgb', fillRGB=array([1, 1, 1]), interpolate=True, lineColor=array([-1, -1, -1]), lineColorSpace='rgb', lineRGB=array([-1, -1, -1]), lineWidth=2, name='node6', opacity=1.0, ori=0.0, pos=array([ 0.09860639, -0.33582254]), size=array([1., 1.]), units='height', vertices=ndarray(...), win=Window(...))
336.3645 	EXP 	window1: mouseVisible = True
336.3664 	EXP 	Created node7 = Circle(__class__=<class 'psychopy.visual.circle.Circle'>, anchor=('center', 'center'), autoDraw=False, autoLog=True, closeShape=True, color=method-wrapper(...), colorSpace='rgb', contrast=None, depth=0, draggable=False, fillColor=array([1, 1, 1]), fillColorSpace='rgb', fillRGB=array([1, 1, 1]), interpolate=True, lineColor=array([-1, -1, -1]), lineColorSpace='rgb', lineRGB=array([-1, -1, -1]), lineWidth=2, name='node7', opacity=1.0, ori=0.0, pos=array([ 0.26451235, -0.22920126]), size=array([1., 1.]), units='height', vertices=ndarray(...), win=Window(...))
336.3674 	EXP 	window1: mouseVisible = True
336.3693 	EXP 	Created node8 = Circle(__class__=<class 'psychopy.visual.circle.Circle'>, anchor=('center', 'center'), autoDraw=False, autoLog=True, closeShape=True, color=method-wrapper(...), colorSpace='rgb', contrast=None, depth=0, draggable=False, fillColor=array([1, 1, 1]), fillColorSpace='rgb', fillRGB=array([1, 1, 1]), interpolate=True, lineColor=array([-1, -1, -1]), lineColorSpace='rgb', lineRGB=array([-1, -1, -1]), lineWidth=2, name='node8', opacity=1.0, ori=0.0, pos=array([ 0.3464375 , -0.04981019]), size=array([1., 1.]), units='height', vertices=ndarray(...), win=Window(...))
336.3703 	EXP 	window1: mouseVisible = True
336.3721 	EXP 	Created node9 = Circle(__class__=<class 'psychopy.visual.circle.Circle'>, anchor=('center', 'center'), autoDraw=False, autoLog=True, closeShape=True, color=method-wrapper(...), colorSpace='rgb', contrast=None, depth=0, draggable=False, fillColor=array([1, 1, 1]), fillColorSpace='rgb', fillRGB=array([1, 1, 1]), interpolate=True, lineColor=array([-1, -1, -1]), lineColorSpace='rgb', lineRGB=array([-1, -1, -1]), lineWidth=2, name='node9', opacity=1.0, ori=0.0, pos=array([0.3183712 , 0.14539525]), size=array([1., 1.]), units='height', vertices=ndarray(...), win=Window(...))
336.3731 	EXP 	window1: mouseVisible = True
336.3750 	EXP 	Created node10 = Circle(__class__=<class 'psychopy.visual.circle.Circle'>, anchor=('center', 'center'), autoDraw=False, autoLog=True, closeShape=True, color=method-wrapper(...), colorSpace='rgb', contrast=None, depth=0, draggable=False, fillColor=array([1, 1, 1]), fillColorSpace='rgb', fillRGB=array([1, 1, 1]), interpolate=True, lineColor=array([-1, -1, -1]), lineColorSpace='rgb', lineRGB=array([-1, -1, -1]), lineWidth=2, name='node10', opacity=1.0, ori=0.0, pos=array([0.18922429, 0.29443874]), size=array([1., 1.]), units='height', vertices=ndarray(...), win=Window(...))
336.3751 	EXP 	window1: mouseVisible = True
336.3755 	EXP 	Created unnamed Line = Line(__class__=<class 'psychopy.visual.line.Line'>, anchor=('center', 'center'), autoDraw=False, autoLog=True, closeShape=False, color=array([-1, -1, -1]), colorSpace='rgb', contrast=None, depth=2, draggable=False, fillColor=array([0, 0, 0]), fillColorSpace='rgb', fillRGB=array([0, 0, 0]), interpolate=True, lineColor=array([-1, -1, -1]), lineColorSpace='rgb', lineRGB=array([-1, -1, -1]), lineWidth=4, name='unnamed Line', opacity=0.5, ori=0.0, pos=array([0., 0.]), size=array([1., 1.]), units='height', vertices=ndarray(...), win=Window(...), windingRule=None)
336.3755 	EXP 	window1: mouseVisible = True
336.3759 	EXP 	Created unnamed ShapeStim = ShapeStim(__class__=<class 'psychopy.visual.shape.ShapeStim'>, anchor=('center', 'center'), autoDraw=False, autoLog=True, closeShape=True, color=method-wrapper(...), colorSpace='rgb', contrast=None, depth=0, draggable=False, fillColor=array([-1, -1, -1]), fillColorSpace='rgb', fillRGB=array([-1, -1, -1]), interpolate=True, lineColor=array([-1, -1, -1]), lineColorSpace='rgb', lineRGB=array([-1, -1, -1]), lineWidth=1.5, name='unnamed ShapeStim', opacity=1.0, ori=-8.181818181818201, pos=array([-0.18210854,  0.24494766]), size=array([1., 1.]), units='height', vertices=ndarray(...), win=Window(...), windingRule=None)
336.3760 	EXP 	window1: mouseVisible = True
336.3763 	EXP 	Created unnamed Line = Line(__class__=<class 'psychopy.visual.line.Line'>, anchor=('center', 'center'), autoDraw=False, autoLog=True, closeShape=False, color=array([-1, -1, -1]), colorSpace='rgb', contrast=None, depth=2, draggable=False, fillColor=array([0, 0, 0]), fillColorSpace='rgb', fillRGB=array([0, 0, 0]), interpolate=True, lineColor=array([-1, -1, -1]), lineColorSpace='rgb', lineRGB=array([-1, -1, -1]), lineWidth=4, name='unnamed Line', opacity=0.5, ori=0.0, pos=array([0., 0.]), size=array([1., 1.]), units='height', vertices=ndarray(...), win=Window(...), windingRule=None)
336.3764 	EXP 	window1: mouseVisible = True
336.3767 	EXP 	Created unnamed ShapeStim = ShapeStim(__class__=<class 'psychopy.visual.shape.ShapeStim'>, anchor=('center', 'center'), autoDraw=False, autoLog=True, closeShape=True, color=method-wrapper(...), colorSpace='rgb', contrast=None, depth=0, draggable=False, fillColor=array([-1, -1, -1]), fillColorSpace='rgb', fillRGB=array([-1, -1, -1]), interpolate=True, lineColor=array([-1, -1, -1]), lineColorSpace='rgb', lineRGB=array([-1, -1, -1]), lineWidth=1.5, name='unnamed ShapeStim', opacity=1.0, ori=-57.27272727272728, pos=array([-0.22244967, -0.2562333 ]), size=array([1., 1.]), units='height', vertices=ndarray(...), win=Window(...), windingRule=None)
336.3768 	EXP 	window1: mouseVisible = True
336.3771 	EXP 	Created unnamed Rect = Rect(__class__=<class 'psychopy.visual.rect.Rect'>, anchor=('center', 'center'), autoDraw=False, autoLog=True, closeShape=True, color=method-wrapper(...), colorSpace='rgb', contrast=None, depth=0, draggable=False, fillColor=array([0.00392157, 0.00392157, 0.00392157]), fillColorSpace='rgb', fillRGB=array([0.00392157, 0.00392157, 0.00392157]), interpolate=True, lineColor=array([0, 0, 0]), lineColorSpace='rgb', lineRGB=array([0, 0, 0]), lineWidth=0, name='unnamed Rect', opacity=0.0, ori=0.0, pos=array([0.1, 0. ]), size=array([1.1, 1. ]), units='height', vertices=ndarray(...), win=Window(...))
336.3812 	EXP 	unnamed Rect: autoDraw = True
336.3812 	EXP 	node0: autoDraw = True
336.3812 	EXP 	node1: autoDraw = True
336.3812 	EXP 	unnamed ImageStim: autoDraw = True
336.3812 	EXP 	node2: autoDraw = True
336.3812 	EXP 	node3: autoDraw = True
336.3812 	EXP 	node4: autoDraw = True
336.3812 	EXP 	unnamed ImageStim: autoDraw = True
336.3812 	EXP 	node5: autoDraw = True
336.3812 	EXP 	node6: autoDraw = True
336.3812 	EXP 	node7: autoDraw = True
336.3812 	EXP 	node8: autoDraw = True
336.3812 	EXP 	node9: autoDraw = True
336.3812 	EXP 	node10: autoDraw = True
336.3812 	EXP 	unnamed Line: autoDraw = True
336.3812 	EXP 	unnamed Line: autoDraw = True
336.3812 	EXP 	unnamed ShapeStim: autoDraw = True
336.3812 	EXP 	unnamed Line: autoDraw = True
336.3812 	EXP 	unnamed Line: autoDraw = True
336.3812 	EXP 	unnamed ShapeStim: autoDraw = True
336.3812 	EXP 	unnamed Rect: autoDraw = True
336.3812 	EXP 	node5: fillColor = '#126DEF'
336.3846 	EXP 	node5: fillColor = '#126DEF'
336.3846 	EXP 	unnamed Line: autoDraw = False
336.3846 	EXP 	unnamed ShapeStim: autoDraw = False
336.3846 	EXP 	unnamed Line: autoDraw = True
336.3846 	EXP 	unnamed ShapeStim: autoDraw = True
336.3846 	EXP 	unnamed Line: autoDraw = False
336.3846 	EXP 	unnamed ShapeStim: autoDraw = False
336.3846 	EXP 	unnamed Line: autoDraw = True
336.3846 	EXP 	unnamed ShapeStim: autoDraw = True
336.3846 	EXP 	unnamed Line: foreColor = <psychopy.colors.Color: (1.0, 0.58, -0.87, 1.0)>
336.3846 	EXP 	unnamed Line: borderColor = <psychopy.colors.Color: (1.0, 0.58, -0.87, 1.0)>
336.3846 	EXP 	unnamed Line: fillColor = <psychopy.colors.Color: (1.0, 0.58, -0.87, 1.0)>
336.3846 	EXP 	unnamed ShapeStim: foreColor = <psychopy.colors.Color: (1.0, 0.58, -0.87, 1.0)>
336.3846 	EXP 	unnamed ShapeStim: borderColor = <psychopy.colors.Color: (1.0, 0.58, -0.87, 1.0)>
336.3846 	EXP 	unnamed ShapeStim: fillColor = <psychopy.colors.Color: (1.0, 0.58, -0.87, 1.0)>
337.4841 	DATA 	Keypress: f
337.4882 	EXP 	unnamed Line: foreColor = <psychopy.colors.Color: black, alpha=1.0>
337.4882 	EXP 	unnamed Line: borderColor = <psychopy.colors.Color: black, alpha=1.0>
337.4882 	EXP 	unnamed Line: fillColor = <psychopy.colors.Color: black, alpha=1.0>
337.4882 	EXP 	unnamed ShapeStim: foreColor = <psychopy.colors.Color: black, alpha=1.0>
337.4882 	EXP 	unnamed ShapeStim: borderColor = <psychopy.colors.Color: black, alpha=1.0>
337.4882 	EXP 	unnamed ShapeStim: fillColor = <psychopy.colors.Color: black, alpha=1.0>
337.4882 	EXP 	unnamed Line: foreColor = <psychopy.colors.Color: (1.0, 0.58, -0.87, 1.0)>
337.4882 	EXP 	unnamed Line: borderColor = <psychopy.colors.Color: (1.0, 0.58, -0.87, 1.0)>
337.4882 	EXP 	unnamed Line: fillColor = <psychopy.colors.Color: (1.0, 0.58, -0.87, 1.0)>
337.4882 	EXP 	unnamed ShapeStim: foreColor = <psychopy.colors.Color: (1.0, 0.58, -0.87, 1.0)>
337.4882 	EXP 	unnamed ShapeStim: borderColor = <psychopy.colors.Color: (1.0, 0.58, -0.87, 1.0)>
337.4882 	EXP 	unnamed ShapeStim: fillColor = <psychopy.colors.Color: (1.0, 0.58, -0.87, 1.0)>
338.4279 	DATA 	Keypress: f
338.4330 	EXP 	unnamed Line: foreColor = <psychopy.colors.Color: black, alpha=1.0>
338.4330 	EXP 	unnamed Line: borderColor = <psychopy.colors.Color: black, alpha=1.0>
338.4330 	EXP 	unnamed Line: fillColor = <psychopy.colors.Color: black, alpha=1.0>
338.4330 	EXP 	unnamed ShapeStim: foreColor = <psychopy.colors.Color: black, alpha=1.0>
338.4330 	EXP 	unnamed ShapeStim: borderColor = <psychopy.colors.Color: black, alpha=1.0>
338.4330 	EXP 	unnamed ShapeStim: fillColor = <psychopy.colors.Color: black, alpha=1.0>
338.4330 	EXP 	unnamed Line: foreColor = <psychopy.colors.Color: (1.0, 0.58, -0.87, 1.0)>
338.4330 	EXP 	unnamed Line: borderColor = <psychopy.colors.Color: (1.0, 0.58, -0.87, 1.0)>
338.4330 	EXP 	unnamed Line: fillColor = <psychopy.colors.Color: (1.0, 0.58, -0.87, 1.0)>
338.4330 	EXP 	unnamed ShapeStim: foreColor = <psychopy.colors.Color: (1.0, 0.58, -0.87, 1.0)>
338.4330 	EXP 	unnamed ShapeStim: borderColor = <psychopy.colors.Color: (1.0, 0.58, -0.87, 1.0)>
338.4330 	EXP 	unnamed ShapeStim: fillColor = <psychopy.colors.Color: (1.0, 0.58, -0.87, 1.0)>
343.8521 	DATA 	Keypress: f
343.8591 	EXP 	unnamed Line: foreColor = <psychopy.colors.Color: black, alpha=1.0>
343.8591 	EXP 	unnamed Line: borderColor = <psychopy.colors.Color: black, alpha=1.0>
343.8591 	EXP 	unnamed Line: fillColor = <psychopy.colors.Color: black, alpha=1.0>
343.8591 	EXP 	unnamed ShapeStim: foreColor = <psychopy.colors.Color: black, alpha=1.0>
343.8591 	EXP 	unnamed ShapeStim: borderColor = <psychopy.colors.Color: black, alpha=1.0>
343.8591 	EXP 	unnamed ShapeStim: fillColor = <psychopy.colors.Color: black, alpha=1.0>
343.8591 	EXP 	unnamed Line: foreColor = <psychopy.colors.Color: (1.0, 0.58, -0.87, 1.0)>
343.8591 	EXP 	unnamed Line: borderColor = <psychopy.colors.Color: (1.0, 0.58, -0.87, 1.0)>
343.8591 	EXP 	unnamed Line: fillColor = <psychopy.colors.Color: (1.0, 0.58, -0.87, 1.0)>
343.8591 	EXP 	unnamed ShapeStim: foreColor = <psychopy.colors.Color: (1.0, 0.58, -0.87, 1.0)>
343.8591 	EXP 	unnamed ShapeStim: borderColor = <psychopy.colors.Color: (1.0, 0.58, -0.87, 1.0)>
343.8591 	EXP 	unnamed ShapeStim: fillColor = <psychopy.colors.Color: (1.0, 0.58, -0.87, 1.0)>
344.2360 	DATA 	Keypress: f
344.2408 	EXP 	unnamed Line: foreColor = <psychopy.colors.Color: black, alpha=1.0>
344.2408 	EXP 	unnamed Line: borderColor = <psychopy.colors.Color: black, alpha=1.0>
344.2408 	EXP 	unnamed Line: fillColor = <psychopy.colors.Color: black, alpha=1.0>
344.2408 	EXP 	unnamed ShapeStim: foreColor = <psychopy.colors.Color: black, alpha=1.0>
344.2408 	EXP 	unnamed ShapeStim: borderColor = <psychopy.colors.Color: black, alpha=1.0>
344.2408 	EXP 	unnamed ShapeStim: fillColor = <psychopy.colors.Color: black, alpha=1.0>
344.2408 	EXP 	unnamed Line: foreColor = <psychopy.colors.Color: (1.0, 0.58, -0.87, 1.0)>
344.2408 	EXP 	unnamed Line: borderColor = <psychopy.colors.Color: (1.0, 0.58, -0.87, 1.0)>
344.2408 	EXP 	unnamed Line: fillColor = <psychopy.colors.Color: (1.0, 0.58, -0.87, 1.0)>
344.2408 	EXP 	unnamed ShapeStim: foreColor = <psychopy.colors.Color: (1.0, 0.58, -0.87, 1.0)>
344.2408 	EXP 	unnamed ShapeStim: borderColor = <psychopy.colors.Color: (1.0, 0.58, -0.87, 1.0)>
344.2408 	EXP 	unnamed ShapeStim: fillColor = <psychopy.colors.Color: (1.0, 0.58, -0.87, 1.0)>
345.2040 	DATA 	Keypress: j
345.2081 	EXP 	node1: fillColor = '#126DEF'
345.2081 	EXP 	node5: fillColor = 'white'
345.9082 	EXP 	window1: mouseVisible = True
345.9097 	EXP 	Created unnamed TextStim = TextStim(__class__=<class 'psychopy.visual.text.TextStim'>, alignHoriz=method-wrapper(...), alignText='center', alignVert=method-wrapper(...), anchorHoriz='center', anchorVert='center', antialias=True, autoDraw=False, autoLog=True, bold=True, color=array([-0.88235294, -0.12156863, -0.97647059]), colorSpace='rgb', contrast=1.0, depth=0, draggable=False, flipHoriz=False, flipVert=False, font='', fontFiles=[], height=0.04, italic=False, languageStyle='LTR', name='unnamed TextStim', opacity=1.0, ori=0.0, pos=array([-0.12922429,  0.35443874]), rgb=UNKNOWN, text='+1', units='height', win=Window(...), wrapWidth=1)
345.9138 	EXP 	node1: fillColor = 'white'
345.9138 	EXP 	unnamed ImageStim: autoDraw = True
346.9216 	EXP 	unnamed ImageStim: autoDraw = False
346.9216 	EXP 	unnamed Rect: autoDraw = False
346.9216 	EXP 	unnamed Rect: autoDraw = True
347.0619 	EXP 	unnamed Rect: autoDraw = False
347.0619 	EXP 	node0: autoDraw = False
347.0619 	EXP 	node1: autoDraw = False
347.0619 	EXP 	unnamed ImageStim: autoDraw = False
347.0619 	EXP 	node2: autoDraw = False
347.0619 	EXP 	node3: autoDraw = False
347.0619 	EXP 	node4: autoDraw = False
347.0619 	EXP 	unnamed ImageStim: autoDraw = False
347.0619 	EXP 	node5: autoDraw = False
347.0619 	EXP 	node6: autoDraw = False
347.0619 	EXP 	node7: autoDraw = False
347.0619 	EXP 	node8: autoDraw = False
347.0619 	EXP 	node9: autoDraw = False
347.0619 	EXP 	node10: autoDraw = False
347.0619 	EXP 	unnamed Line: autoDraw = False
347.0619 	EXP 	unnamed ShapeStim: autoDraw = False
347.0619 	EXP 	unnamed Line: autoDraw = False
347.0619 	EXP 	unnamed ShapeStim: autoDraw = False
347.0619 	EXP 	unnamed Rect: autoDraw = False
357.0685 	DATA 	Keypress: space
357.0868 	INFO 	Mouse: using default window
357.0869 	EXP 	window1: mouseVisible = True
357.0870 	EXP 	window1: mouseVisible = True
357.0898 	EXP 	Created unnamed TextStim = TextStim(__class__=<class 'psychopy.visual.text.TextStim'>, alignHoriz=method-wrapper(...), alignText='center', alignVert=method-wrapper(...), anchorHoriz='center', anchorVert='center', antialias=True, autoDraw=False, autoLog=True, bold=False, color=array([1, 1, 1]), colorSpace='rgb', contrast=1.0, depth=0, draggable=False, flipHoriz=False, flipVert=False, font='', fontFiles=[], height=0.035, italic=False, languageStyle='LTR', name='unnamed TextStim', opacity=1.0, ori=0.0, pos=array([0., 0.]), rgb=UNKNOWN, text='press Space to start', units='height', win=Window(...), wrapWidth=1)
367.1803 	DATA 	Keypress: space
367.1807 	EXP 	window1: mouseVisible = True
367.1812 	EXP 	Created unnamed Rect = Rect(__class__=<class 'psychopy.visual.rect.Rect'>, anchor=('center', 'center'), autoDraw=False, autoLog=True, closeShape=True, color=method-wrapper(...), colorSpace='rgb', contrast=None, depth=0, draggable=False, fillColor=array([0.00392157, 0.00392157, 0.00392157]), fillColorSpace='rgb', fillRGB=array([0.00392157, 0.00392157, 0.00392157]), interpolate=True, lineColor=array([0, 0, 0]), lineColorSpace='rgb', lineRGB=array([0, 0, 0]), lineWidth=0, name='unnamed Rect', opacity=0.5, ori=0.0, pos=array([-0.65,  0.45]), size=array([0.1, 0.1]), units='height', vertices=ndarray(...), win=Window(...))
367.1822 	EXP 	window1: mouseVisible = True
367.1843 	EXP 	Created node0 = Circle(__class__=<class 'psychopy.visual.circle.Circle'>, anchor=('center', 'center'), autoDraw=False, autoLog=True, closeShape=True, color=method-wrapper(...), colorSpace='rgb', contrast=None, depth=0, draggable=False, fillColor=array([1, 1, 1]), fillColorSpace='rgb', fillRGB=array([1, 1, 1]), interpolate=True, lineColor=array([-1, -1, -1]), lineColorSpace='rgb', lineRGB=array([-1, -1, -1]), lineWidth=2, name='node0', opacity=1.0, ori=0.0, pos=array([0.  , 0.35]), size=array([1., 1.]), units='height', vertices=ndarray(...), win=Window(...))
367.1843 	EXP 	window1: mouseVisible = True
367.2013 	EXP 	Created unnamed ImageStim = ImageStim(__class__=<class 'psychopy.visual.image.ImageStim'>, anchor=('center', 'center'), autoLog=True, color=array([1., 1., 1.]), colorSpace='rgb', contrast=1.0, depth=0, draggable=False, flipHoriz=False, flipVert=False, image='images/pattern_3.png', interpolate=False, mask=None, maskParams=None, name='unnamed ImageStim', opacity=1.0, ori=0.0, pos=array([0.  , 0.35]), size=array([0.12, 0.12]), texRes=128, units='height', win=Window(...))
367.2023 	EXP 	window1: mouseVisible = True
367.2043 	EXP 	Created node1 = Circle(__class__=<class 'psychopy.visual.circle.Circle'>, anchor=('center', 'center'), autoDraw=False, autoLog=True, closeShape=True, color=method-wrapper(...), colorSpace='rgb', contrast=None, depth=0, draggable=False, fillColor=array([1, 1, 1]), fillColorSpace='rgb', fillRGB=array([1, 1, 1]), interpolate=True, lineColor=array([-1, -1, -1]), lineColorSpace='rgb', lineRGB=array([-1, -1, -1]), lineWidth=2, name='node1', opacity=1.0, ori=0.0, pos=array([-0.18922429,  0.29443874]), size=array([1., 1.]), units='height', vertices=ndarray(...), win=Window(...))
367.2043 	EXP 	window1: mouseVisible = True
367.2206 	EXP 	Created unnamed ImageStim = ImageStim(__class__=<class 'psychopy.visual.image.ImageStim'>, anchor=('center', 'center'), autoLog=True, color=array([1., 1., 1.]), colorSpace='rgb', contrast=1.0, depth=0, draggable=False, flipHoriz=False, flipVert=False, image='images/pattern_4.png', interpolate=False, mask=None, maskParams=None, name='unnamed ImageStim', opacity=1.0, ori=0.0, pos=array([-0.18922429,  0.29443874]), size=array([0.12, 0.12]), texRes=128, units='height', win=Window(...))
367.2217 	EXP 	window1: mouseVisible = True
367.2236 	EXP 	Created node2 = Circle(__class__=<class 'psychopy.visual.circle.Circle'>, anchor=('center', 'center'), autoDraw=False, autoLog=True, closeShape=True, color=method-wrapper(...), colorSpace='rgb', contrast=None, depth=0, draggable=False, fillColor=array([1, 1, 1]), fillColorSpace='rgb', fillRGB=array([1, 1, 1]), interpolate=True, lineColor=array([-1, -1, -1]), lineColorSpace='rgb', lineRGB=array([-1, -1, -1]), lineWidth=2, name='node2', opacity=1.0, ori=0.0, pos=array([-0.3183712 ,  0.14539525]), size=array([1., 1.]), units='height', vertices=ndarray(...), win=Window(...))
367.2236 	EXP 	window1: mouseVisible = True
367.2416 	EXP 	Created unnamed ImageStim = ImageStim(__class__=<class 'psychopy.visual.image.ImageStim'>, anchor=('center', 'center'), autoLog=True, color=array([1., 1., 1.]), colorSpace='rgb', contrast=1.0, depth=0, draggable=False, flipHoriz=False, flipVert=False, image='images/pattern_8.png', interpolate=False, mask=None, maskParams=None, name='unnamed ImageStim', opacity=1.0, ori=0.0, pos=array([-0.3183712 ,  0.14539525]), size=array([0.12, 0.12]), texRes=128, units='height', win=Window(...))
367.2426 	EXP 	window1: mouseVisible = True
367.2445 	EXP 	Created node3 = Circle(__class__=<class 'psychopy.visual.circle.Circle'>, anchor=('center', 'center'), autoDraw=False, autoLog=True, closeShape=True, color=method-wrapper(...), colorSpace='rgb', contrast=None, depth=0, draggable=False, fillColor=array([1, 1, 1]), fillColorSpace='rgb', fillRGB=array([1, 1, 1]), interpolate=True, lineColor=array([-1, -1, -1]), lineColorSpace='rgb', lineRGB=array([-1, -1, -1]), lineWidth=2, name='node3', opacity=1.0, ori=0.0, pos=array([-0.3464375 , -0.04981019]), size=array([1., 1.]), units='height', vertices=ndarray(...), win=Window(...))
367.2455 	EXP 	window1: mouseVisible = True
367.2474 	EXP 	Created node4 = Circle(__class__=<class 'psychopy.visual.circle.Circle'>, anchor=('center', 'center'), autoDraw=False, autoLog=True, closeShape=True, color=method-wrapper(...), colorSpace='rgb', contrast=None, depth=0, draggable=False, fillColor=array([1, 1, 1]), fillColorSpace='rgb', fillRGB=array([1, 1, 1]), interpolate=True, lineColor=array([-1, -1, -1]), lineColorSpace='rgb', lineRGB=array([-1, -1, -1]), lineWidth=2, name='node4', opacity=1.0, ori=0.0, pos=array([-0.26451235, -0.22920126]), size=array([1., 1.]), units='height', vertices=ndarray(...), win=Window(...))
367.2475 	EXP 	window1: mouseVisible = True
367.2639 	EXP 	Created unnamed ImageStim = ImageStim(__class__=<class 'psychopy.visual.image.ImageStim'>, anchor=('center', 'center'), autoLog=True, color=array([1., 1., 1.]), colorSpace='rgb', contrast=1.0, depth=0, draggable=False, flipHoriz=False, flipVert=False, image='images/pattern_3.png', interpolate=False, mask=None, maskParams=None, name='unnamed ImageStim', opacity=1.0, ori=0.0, pos=array([-0.26451235, -0.22920126]), size=array([0.12, 0.12]), texRes=128, units='height', win=Window(...))
367.2650 	EXP 	window1: mouseVisible = True
367.2669 	EXP 	Created node5 = Circle(__class__=<class 'psychopy.visual.circle.Circle'>, anchor=('center', 'center'), autoDraw=False, autoLog=True, closeShape=True, color=method-wrapper(...), colorSpace='rgb', contrast=None, depth=0, draggable=False, fillColor=array([1, 1, 1]), fillColorSpace='rgb', fillRGB=array([1, 1, 1]), interpolate=True, lineColor=array([-1, -1, -1]), lineColorSpace='rgb', lineRGB=array([-1, -1, -1]), lineWidth=2, name='node5', opacity=1.0, ori=0.0, pos=array([-0.09860639, -0.33582254]), size=array([1., 1.]), units='height', vertices=ndarray(...), win=Window(...))
367.2669 	EXP 	window1: mouseVisible = True
367.2849 	EXP 	Created unnamed ImageStim = ImageStim(__class__=<class 'psychopy.visual.image.ImageStim'>, anchor=('center', 'center'), autoLog=True, color=array([1., 1., 1.]), colorSpace='rgb', contrast=1.0, depth=0, draggable=False, flipHoriz=False, flipVert=False, image='images/pattern_9.png', interpolate=False, mask=None, maskParams=None, name='unnamed ImageStim', opacity=1.0, ori=0.0, pos=array([-0.09860639, -0.33582254]), size=array([0.12, 0.12]), texRes=128, units='height', win=Window(...))
367.2859 	EXP 	window1: mouseVisible = True
367.2878 	EXP 	Created node6 = Circle(__class__=<class 'psychopy.visual.circle.Circle'>, anchor=('center', 'center'), autoDraw=False, autoLog=True, closeShape=True, color=method-wrapper(...), colorSpace='rgb', contrast=None, depth=0, draggable=False, fillColor=array([1, 1, 1]), fillColorSpace='rgb', fillRGB=array([1, 1, 1]), interpolate=True, lineColor=array([-1, -1, -1]), lineColorSpace='rgb', lineRGB=array([-1, -1, -1]), lineWidth=2, name='node6', opacity=1.0, ori=0.0, pos=array([ 0.09860639, -0.33582254]), size=array([1., 1.]), units='height', vertices=ndarray(...), win=Window(...))
367.2879 	EXP 	window1: mouseVisible = True
367.3044 	EXP 	Created unnamed ImageStim = ImageStim(__class__=<class 'psychopy.visual.image.ImageStim'>, anchor=('center', 'center'), autoLog=True, color=array([1., 1., 1.]), colorSpace='rgb', contrast=1.0, depth=0, draggable=False, flipHoriz=False, flipVert=False, image='images/pattern_1.png', interpolate=False, mask=None, maskParams=None, name='unnamed ImageStim', opacity=1.0, ori=0.0, pos=array([ 0.09860639, -0.33582254]), size=array([0.12, 0.12]), texRes=128, units='height', win=Window(...))
367.3054 	EXP 	window1: mouseVisible = True
367.3073 	EXP 	Created node7 = Circle(__class__=<class 'psychopy.visual.circle.Circle'>, anchor=('center', 'center'), autoDraw=False, autoLog=True, closeShape=True, color=method-wrapper(...), colorSpace='rgb', contrast=None, depth=0, draggable=False, fillColor=array([1, 1, 1]), fillColorSpace='rgb', fillRGB=array([1, 1, 1]), interpolate=True, lineColor=array([-1, -1, -1]), lineColorSpace='rgb', lineRGB=array([-1, -1, -1]), lineWidth=2, name='node7', opacity=1.0, ori=0.0, pos=array([ 0.26451235, -0.22920126]), size=array([1., 1.]), units='height', vertices=ndarray(...), win=Window(...))
367.3074 	EXP 	window1: mouseVisible = True
367.3236 	EXP 	Created unnamed ImageStim = ImageStim(__class__=<class 'psychopy.visual.image.ImageStim'>, anchor=('center', 'center'), autoLog=True, color=array([1., 1., 1.]), colorSpace='rgb', contrast=1.0, depth=0, draggable=False, flipHoriz=False, flipVert=False, image='images/pattern_4.png', interpolate=False, mask=None, maskParams=None, name='unnamed ImageStim', opacity=1.0, ori=0.0, pos=array([ 0.26451235, -0.22920126]), size=array([0.12, 0.12]), texRes=128, units='height', win=Window(...))
367.3247 	EXP 	window1: mouseVisible = True
367.3266 	EXP 	Created node8 = Circle(__class__=<class 'psychopy.visual.circle.Circle'>, anchor=('center', 'center'), autoDraw=False, autoLog=True, closeShape=True, color=method-wrapper(...), colorSpace='rgb', contrast=None, depth=0, draggable=False, fillColor=array([1, 1, 1]), fillColorSpace='rgb', fillRGB=array([1, 1, 1]), interpolate=True, lineColor=array([-1, -1, -1]), lineColorSpace='rgb', lineRGB=array([-1, -1, -1]), lineWidth=2, name='node8', opacity=1.0, ori=0.0, pos=array([ 0.3464375 , -0.04981019]), size=array([1., 1.]), units='height', vertices=ndarray(...), win=Window(...))
367.3266 	EXP 	window1: mouseVisible = True
367.3430 	EXP 	Created unnamed ImageStim = ImageStim(__class__=<class 'psychopy.visual.image.ImageStim'>, anchor=('center', 'center'), autoLog=True, color=array([1., 1., 1.]), colorSpace='rgb', contrast=1.0, depth=0, draggable=False, flipHoriz=False, flipVert=False, image='images/pattern_6.png', interpolate=False, mask=None, maskParams=None, name='unnamed ImageStim', opacity=1.0, ori=0.0, pos=array([ 0.3464375 , -0.04981019]), size=array([0.12, 0.12]), texRes=128, units='height', win=Window(...))
367.3441 	EXP 	window1: mouseVisible = True
367.3460 	EXP 	Created node9 = Circle(__class__=<class 'psychopy.visual.circle.Circle'>, anchor=('center', 'center'), autoDraw=False, autoLog=True, closeShape=True, color=method-wrapper(...), colorSpace='rgb', contrast=None, depth=0, draggable=False, fillColor=array([1, 1, 1]), fillColorSpace='rgb', fillRGB=array([1, 1, 1]), interpolate=True, lineColor=array([-1, -1, -1]), lineColorSpace='rgb', lineRGB=array([-1, -1, -1]), lineWidth=2, name='node9', opacity=1.0, ori=0.0, pos=array([0.3183712 , 0.14539525]), size=array([1., 1.]), units='height', vertices=ndarray(...), win=Window(...))
367.3460 	EXP 	window1: mouseVisible = True
367.3638 	EXP 	Created unnamed ImageStim = ImageStim(__class__=<class 'psychopy.visual.image.ImageStim'>, anchor=('center', 'center'), autoLog=True, color=array([1., 1., 1.]), colorSpace='rgb', contrast=1.0, depth=0, draggable=False, flipHoriz=False, flipVert=False, image='images/pattern_8.png', interpolate=False, mask=None, maskParams=None, name='unnamed ImageStim', opacity=1.0, ori=0.0, pos=array([0.3183712 , 0.14539525]), size=array([0.12, 0.12]), texRes=128, units='height', win=Window(...))
367.3648 	EXP 	window1: mouseVisible = True
367.3667 	EXP 	Created node10 = Circle(__class__=<class 'psychopy.visual.circle.Circle'>, anchor=('center', 'center'), autoDraw=False, autoLog=True, closeShape=True, color=method-wrapper(...), colorSpace='rgb', contrast=None, depth=0, draggable=False, fillColor=array([1, 1, 1]), fillColorSpace='rgb', fillRGB=array([1, 1, 1]), interpolate=True, lineColor=array([-1, -1, -1]), lineColorSpace='rgb', lineRGB=array([-1, -1, -1]), lineWidth=2, name='node10', opacity=1.0, ori=0.0, pos=array([0.18922429, 0.29443874]), size=array([1., 1.]), units='height', vertices=ndarray(...), win=Window(...))
367.3668 	EXP 	window1: mouseVisible = True
367.3846 	EXP 	Created unnamed ImageStim = ImageStim(__class__=<class 'psychopy.visual.image.ImageStim'>, anchor=('center', 'center'), autoLog=True, color=array([1., 1., 1.]), colorSpace='rgb', contrast=1.0, depth=0, draggable=False, flipHoriz=False, flipVert=False, image='images/pattern_8.png', interpolate=False, mask=None, maskParams=None, name='unnamed ImageStim', opacity=1.0, ori=0.0, pos=array([0.18922429, 0.29443874]), size=array([0.12, 0.12]), texRes=128, units='height', win=Window(...))
367.3847 	EXP 	window1: mouseVisible = True
367.3851 	EXP 	Created unnamed Line = Line(__class__=<class 'psychopy.visual.line.Line'>, anchor=('center', 'center'), autoDraw=False, autoLog=True, closeShape=False, color=array([-1, -1, -1]), colorSpace='rgb', contrast=None, depth=2, draggable=False, fillColor=array([0, 0, 0]), fillColorSpace='rgb', fillRGB=array([0, 0, 0]), interpolate=True, lineColor=array([-1, -1, -1]), lineColorSpace='rgb', lineRGB=array([-1, -1, -1]), lineWidth=4, name='unnamed Line', opacity=0.5, ori=0.0, pos=array([0., 0.]), size=array([1., 1.]), units='height', vertices=ndarray(...), win=Window(...), windingRule=None)
367.3852 	EXP 	window1: mouseVisible = True
367.3856 	EXP 	Created unnamed ShapeStim = ShapeStim(__class__=<class 'psychopy.visual.shape.ShapeStim'>, anchor=('center', 'center'), autoDraw=False, autoLog=True, closeShape=True, color=method-wrapper(...), colorSpace='rgb', contrast=None, depth=0, draggable=False, fillColor=array([-1, -1, -1]), fillColorSpace='rgb', fillRGB=array([-1, -1, -1]), interpolate=True, lineColor=array([-1, -1, -1]), lineColorSpace='rgb', lineRGB=array([-1, -1, -1]), lineWidth=1.5, name='unnamed ShapeStim', opacity=1.0, ori=90.00000000000001, pos=array([0.2683712 , 0.14539525]), size=array([1., 1.]), units='height', vertices=ndarray(...), win=Window(...), windingRule=None)
367.3856 	EXP 	window1: mouseVisible = True
367.3860 	EXP 	Created unnamed Line = Line(__class__=<class 'psychopy.visual.line.Line'>, anchor=('center', 'center'), autoDraw=False, autoLog=True, closeShape=False, color=array([-1, -1, -1]), colorSpace='rgb', contrast=None, depth=2, draggable=False, fillColor=array([0, 0, 0]), fillColorSpace='rgb', fillRGB=array([0, 0, 0]), interpolate=True, lineColor=array([-1, -1, -1]), lineColorSpace='rgb', lineRGB=array([-1, -1, -1]), lineWidth=4, name='unnamed Line', opacity=0.5, ori=0.0, pos=array([0., 0.]), size=array([1., 1.]), units='height', vertices=ndarray(...), win=Window(...), windingRule=None)
367.3860 	EXP 	window1: mouseVisible = True
367.3864 	EXP 	Created unnamed ShapeStim = ShapeStim(__class__=<class 'psychopy.visual.shape.ShapeStim'>, anchor=('center', 'center'), autoDraw=False, autoLog=True, closeShape=True, color=method-wrapper(...), colorSpace='rgb', contrast=None, depth=0, draggable=False, fillColor=array([-1, -1, -1]), fillColorSpace='rgb', fillRGB=array([-1, -1, -1]), interpolate=True, lineColor=array([-1, -1, -1]), lineColorSpace='rgb', lineRGB=array([-1, -1, -1]), lineWidth=1.5, name='unnamed ShapeStim', opacity=1.0, ori=171.8181818181818, pos=array([-0.27162809, -0.17971018]), size=array([1., 1.]), units='height', vertices=ndarray(...), win=Window(...), windingRule=None)
367.3865 	EXP 	window1: mouseVisible = True
367.3868 	EXP 	Created unnamed Line = Line(__class__=<class 'psychopy.visual.line.Line'>, anchor=('center', 'center'), autoDraw=False, autoLog=True, closeShape=False, color=array([-1, -1, -1]), colorSpace='rgb', contrast=None, depth=2, draggable=False, fillColor=array([0, 0, 0]), fillColorSpace='rgb', fillRGB=array([0, 0, 0]), interpolate=True, lineColor=array([-1, -1, -1]), lineColorSpace='rgb', lineRGB=array([-1, -1, -1]), lineWidth=4, name='unnamed Line', opacity=0.5, ori=0.0, pos=array([0., 0.]), size=array([1., 1.]), units='height', vertices=ndarray(...), win=Window(...), windingRule=None)
367.3869 	EXP 	window1: mouseVisible = True
367.3872 	EXP 	Created unnamed ShapeStim = ShapeStim(__class__=<class 'psychopy.visual.shape.ShapeStim'>, anchor=('center', 'center'), autoDraw=False, autoLog=True, closeShape=True, color=method-wrapper(...), colorSpace='rgb', contrast=None, depth=0, draggable=False, fillColor=array([-1, -1, -1]), fillColorSpace='rgb', fillRGB=array([-1, -1, -1]), interpolate=True, lineColor=array([-1, -1, -1]), lineColorSpace='rgb', lineRGB=array([-1, -1, -1]), lineWidth=1.5, name='unnamed ShapeStim', opacity=1.0, ori=90.00000000000001, pos=array([ 0.2964375 , -0.04981019]), size=array([1., 1.]), units='height', vertices=ndarray(...), win=Window(...), windingRule=None)
367.3873 	EXP 	window1: mouseVisible = True
367.3876 	EXP 	Created unnamed Line = Line(__class__=<class 'psychopy.visual.line.Line'>, anchor=('center', 'center'), autoDraw=False, autoLog=True, closeShape=False, color=array([-1, -1, -1]), colorSpace='rgb', contrast=None, depth=2, draggable=False, fillColor=array([0, 0, 0]), fillColorSpace='rgb', fillRGB=array([0, 0, 0]), interpolate=True, lineColor=array([-1, -1, -1]), lineColorSpace='rgb', lineRGB=array([-1, -1, -1]), lineWidth=4, name='unnamed Line', opacity=0.5, ori=0.0, pos=array([0., 0.]), size=array([1., 1.]), units='height', vertices=ndarray(...), win=Window(...), windingRule=None)
367.3877 	EXP 	window1: mouseVisible = True
367.3880 	EXP 	Created unnamed ShapeStim = ShapeStim(__class__=<class 'psychopy.visual.shape.ShapeStim'>, anchor=('center', 'center'), autoDraw=False, autoLog=True, closeShape=True, color=method-wrapper(...), colorSpace='rgb', contrast=None, depth=0, draggable=False, fillColor=array([-1, -1, -1]), fillColorSpace='rgb', fillRGB=array([-1, -1, -1]), interpolate=True, lineColor=array([-1, -1, -1]), lineColorSpace='rgb', lineRGB=array([-1, -1, -1]), lineWidth=1.5, name='unnamed ShapeStim', opacity=1.0, ori=122.72727272727275, pos=array([ 0.05654372, -0.3087905 ]), size=array([1., 1.]), units='height', vertices=ndarray(...), win=Window(...), windingRule=None)
367.3881 	EXP 	window1: mouseVisible = True
367.3885 	EXP 	Created unnamed Line = Line(__class__=<class 'psychopy.visual.line.Line'>, anchor=('center', 'center'), autoDraw=False, autoLog=True, closeShape=False, color=array([-1, -1, -1]), colorSpace='rgb', contrast=None, depth=2, draggable=False, fillColor=array([0, 0, 0]), fillColorSpace='rgb', fillRGB=array([0, 0, 0]), interpolate=True, lineColor=array([-1, -1, -1]), lineColorSpace='rgb', lineRGB=array([-1, -1, -1]), lineWidth=4, name='unnamed Line', opacity=0.5, ori=0.0, pos=array([0., 0.]), size=array([1., 1.]), units='height', vertices=ndarray(...), win=Window(...), windingRule=None)
367.3886 	EXP 	window1: mouseVisible = True
367.3889 	EXP 	Created unnamed ShapeStim = ShapeStim(__class__=<class 'psychopy.visual.shape.ShapeStim'>, anchor=('center', 'center'), autoDraw=False, autoLog=True, closeShape=True, color=method-wrapper(...), colorSpace='rgb', contrast=None, depth=0, draggable=False, fillColor=array([-1, -1, -1]), fillColorSpace='rgb', fillRGB=array([-1, -1, -1]), interpolate=True, lineColor=array([-1, -1, -1]), lineColorSpace='rgb', lineRGB=array([-1, -1, -1]), lineWidth=1.5, name='unnamed ShapeStim', opacity=1.0, ori=8.181818181818187, pos=array([0.18210854, 0.24494766]), size=array([1., 1.]), units='height', vertices=ndarray(...), win=Window(...), windingRule=None)
367.3890 	EXP 	window1: mouseVisible = True
367.3893 	EXP 	Created unnamed Line = Line(__class__=<class 'psychopy.visual.line.Line'>, anchor=('center', 'center'), autoDraw=False, autoLog=True, closeShape=False, color=array([-1, -1, -1]), colorSpace='rgb', contrast=None, depth=2, draggable=False, fillColor=array([0, 0, 0]), fillColorSpace='rgb', fillRGB=array([0, 0, 0]), interpolate=True, lineColor=array([-1, -1, -1]), lineColorSpace='rgb', lineRGB=array([-1, -1, -1]), lineWidth=4, name='unnamed Line', opacity=0.5, ori=0.0, pos=array([0., 0.]), size=array([1., 1.]), units='height', vertices=ndarray(...), win=Window(...), windingRule=None)
367.3894 	EXP 	window1: mouseVisible = True
367.3898 	EXP 	Created unnamed ShapeStim = ShapeStim(__class__=<class 'psychopy.visual.shape.ShapeStim'>, anchor=('center', 'center'), autoDraw=False, autoLog=True, closeShape=True, color=method-wrapper(...), colorSpace='rgb', contrast=None, depth=0, draggable=False, fillColor=array([-1, -1, -1]), fillColorSpace='rgb', fillRGB=array([-1, -1, -1]), interpolate=True, lineColor=array([-1, -1, -1]), lineColorSpace='rgb', lineRGB=array([-1, -1, -1]), lineWidth=1.5, name='unnamed ShapeStim', opacity=1.0, ori=57.2727272727273, pos=array([ 0.22244967, -0.2562333 ]), size=array([1., 1.]), units='height', vertices=ndarray(...), win=Window(...), windingRule=None)
367.3898 	EXP 	window1: mouseVisible = True
367.3901 	EXP 	Created unnamed Line = Line(__class__=<class 'psychopy.visual.line.Line'>, anchor=('center', 'center'), autoDraw=False, autoLog=True, closeShape=False, color=array([-1, -1, -1]), colorSpace='rgb', contrast=None, depth=2, draggable=False, fillColor=array([0, 0, 0]), fillColorSpace='rgb', fillRGB=array([0, 0, 0]), interpolate=True, lineColor=array([-1, -1, -1]), lineColorSpace='rgb', lineRGB=array([-1, -1, -1]), lineWidth=4, name='unnamed Line', opacity=0.5, ori=0.0, pos=array([0., 0.]), size=array([1., 1.]), units='height', vertices=ndarray(...), win=Window(...), windingRule=None)
367.3902 	EXP 	window1: mouseVisible = True
367.3906 	EXP 	Created unnamed ShapeStim = ShapeStim(__class__=<class 'psychopy.visual.shape.ShapeStim'>, anchor=('center', 'center'), autoDraw=False, autoLog=True, closeShape=True, color=method-wrapper(...), colorSpace='rgb', contrast=None, depth=0, draggable=False, fillColor=array([-1, -1, -1]), fillColorSpace='rgb', fillRGB=array([-1, -1, -1]), interpolate=True, lineColor=array([-1, -1, -1]), lineColorSpace='rgb', lineRGB=array([-1, -1, -1]), lineWidth=1.5, name='unnamed ShapeStim', opacity=1.0, ori=237.27272727272728, pos=array([-0.05654372, -0.3087905 ]), size=array([1., 1.]), units='height', vertices=ndarray(...), win=Window(...), windingRule=None)
367.3906 	EXP 	window1: mouseVisible = True
367.3910 	EXP 	Created unnamed Line = Line(__class__=<class 'psychopy.visual.line.Line'>, anchor=('center', 'center'), autoDraw=False, autoLog=True, closeShape=False, color=array([-1, -1, -1]), colorSpace='rgb', contrast=None, depth=2, draggable=False, fillColor=array([0, 0, 0]), fillColorSpace='rgb', fillRGB=array([0, 0, 0]), interpolate=True, lineColor=array([-1, -1, -1]), lineColorSpace='rgb', lineRGB=array([-1, -1, -1]), lineWidth=4, name='unnamed Line', opacity=0.5, ori=0.0, pos=array([0., 0.]), size=array([1., 1.]), units='height', vertices=ndarray(...), win=Window(...), windingRule=None)
367.3910 	EXP 	window1: mouseVisible = True
367.3914 	EXP 	Created unnamed ShapeStim = ShapeStim(__class__=<class 'psychopy.visual.shape.ShapeStim'>, anchor=('center', 'center'), autoDraw=False, autoLog=True, closeShape=True, color=method-wrapper(...), colorSpace='rgb', contrast=None, depth=0, draggable=False, fillColor=array([-1, -1, -1]), fillColorSpace='rgb', fillRGB=array([-1, -1, -1]), interpolate=True, lineColor=array([-1, -1, -1]), lineColorSpace='rgb', lineRGB=array([-1, -1, -1]), lineWidth=1.5, name='unnamed ShapeStim', opacity=1.0, ori=-57.27272727272728, pos=array([-0.14716161,  0.2674067 ]), size=array([1., 1.]), units='height', vertices=ndarray(...), win=Window(...), windingRule=None)
367.3914 	EXP 	window1: mouseVisible = True
367.3919 	EXP 	Created unnamed Line = Line(__class__=<class 'psychopy.visual.line.Line'>, anchor=('center', 'center'), autoDraw=False, autoLog=True, closeShape=False, color=array([-1, -1, -1]), colorSpace='rgb', contrast=None, depth=2, draggable=False, fillColor=array([0, 0, 0]), fillColorSpace='rgb', fillRGB=array([0, 0, 0]), interpolate=True, lineColor=array([-1, -1, -1]), lineColorSpace='rgb', lineRGB=array([-1, -1, -1]), lineWidth=4, name='unnamed Line', opacity=0.5, ori=0.0, pos=array([0., 0.]), size=array([1., 1.]), units='height', vertices=ndarray(...), win=Window(...), windingRule=None)
367.3919 	EXP 	window1: mouseVisible = True
367.3924 	EXP 	Created unnamed ShapeStim = ShapeStim(__class__=<class 'psychopy.visual.shape.ShapeStim'>, anchor=('center', 'center'), autoDraw=False, autoLog=True, closeShape=True, color=method-wrapper(...), colorSpace='rgb', contrast=None, depth=0, draggable=False, fillColor=array([-1, -1, -1]), fillColorSpace='rgb', fillRGB=array([-1, -1, -1]), interpolate=True, lineColor=array([-1, -1, -1]), lineColorSpace='rgb', lineRGB=array([-1, -1, -1]), lineWidth=1.5, name='unnamed ShapeStim', opacity=1.0, ori=237.27272727272728, pos=array([-0.22244967, -0.20216922]), size=array([1., 1.]), units='height', vertices=ndarray(...), win=Window(...), windingRule=None)
367.3924 	EXP 	window1: mouseVisible = True
367.3928 	EXP 	Created unnamed Line = Line(__class__=<class 'psychopy.visual.line.Line'>, anchor=('center', 'center'), autoDraw=False, autoLog=True, closeShape=False, color=array([-1, -1, -1]), colorSpace='rgb', contrast=None, depth=2, draggable=False, fillColor=array([0, 0, 0]), fillColorSpace='rgb', fillRGB=array([0, 0, 0]), interpolate=True, lineColor=array([-1, -1, -1]), lineColorSpace='rgb', lineRGB=array([-1, -1, -1]), lineWidth=4, name='unnamed Line', opacity=0.5, ori=0.0, pos=array([0., 0.]), size=array([1., 1.]), units='height', vertices=ndarray(...), win=Window(...), windingRule=None)
367.3928 	EXP 	window1: mouseVisible = True
367.3932 	EXP 	Created unnamed ShapeStim = ShapeStim(__class__=<class 'psychopy.visual.shape.ShapeStim'>, anchor=('center', 'center'), autoDraw=False, autoLog=True, closeShape=True, color=method-wrapper(...), colorSpace='rgb', contrast=None, depth=0, draggable=False, fillColor=array([-1, -1, -1]), fillColorSpace='rgb', fillRGB=array([-1, -1, -1]), interpolate=True, lineColor=array([-1, -1, -1]), lineColorSpace='rgb', lineRGB=array([-1, -1, -1]), lineWidth=1.5, name='unnamed ShapeStim', opacity=1.0, ori=-57.27272727272728, pos=array([0.04206268, 0.32296796]), size=array([1., 1.]), units='height', vertices=ndarray(...), win=Window(...), windingRule=None)
367.3933 	EXP 	window1: mouseVisible = True
367.3936 	EXP 	Created unnamed Rect = Rect(__class__=<class 'psychopy.visual.rect.Rect'>, anchor=('center', 'center'), autoDraw=False, autoLog=True, closeShape=True, color=method-wrapper(...), colorSpace='rgb', contrast=None, depth=0, draggable=False, fillColor=array([0.00392157, 0.00392157, 0.00392157]), fillColorSpace='rgb', fillRGB=array([0.00392157, 0.00392157, 0.00392157]), interpolate=True, lineColor=array([0, 0, 0]), lineColorSpace='rgb', lineRGB=array([0, 0, 0]), lineWidth=0, name='unnamed Rect', opacity=0.0, ori=0.0, pos=array([0.1, 0. ]), size=array([1.1, 1. ]), units='height', vertices=ndarray(...), win=Window(...))
367.4030 	EXP 	unnamed Rect: autoDraw = True
367.4030 	EXP 	node0: autoDraw = True
367.4030 	EXP 	unnamed ImageStim: autoDraw = True
367.4030 	EXP 	node1: autoDraw = True
367.4030 	EXP 	unnamed ImageStim: autoDraw = True
367.4030 	EXP 	node2: autoDraw = True
367.4030 	EXP 	unnamed ImageStim: autoDraw = True
367.4030 	EXP 	node3: autoDraw = True
367.4030 	EXP 	node4: autoDraw = True
367.4030 	EXP 	unnamed ImageStim: autoDraw = True
367.4030 	EXP 	node5: autoDraw = True
367.4030 	EXP 	unnamed ImageStim: autoDraw = True
367.4030 	EXP 	node6: autoDraw = True
367.4030 	EXP 	unnamed ImageStim: autoDraw = True
367.4030 	EXP 	node7: autoDraw = True
367.4030 	EXP 	unnamed ImageStim: autoDraw = True
367.4030 	EXP 	node8: autoDraw = True
367.4030 	EXP 	unnamed ImageStim: autoDraw = True
367.4030 	EXP 	node9: autoDraw = True
367.4030 	EXP 	unnamed ImageStim: autoDraw = True
367.4030 	EXP 	node10: autoDraw = True
367.4030 	EXP 	unnamed ImageStim: autoDraw = True
367.4030 	EXP 	unnamed Line: autoDraw = True
367.4030 	EXP 	unnamed Line: autoDraw = True
367.4030 	EXP 	unnamed ShapeStim: autoDraw = True
367.4030 	EXP 	unnamed Line: autoDraw = True
367.4030 	EXP 	unnamed Line: autoDraw = True
367.4030 	EXP 	unnamed ShapeStim: autoDraw = True
367.4030 	EXP 	unnamed Line: autoDraw = True
367.4030 	EXP 	unnamed Line: autoDraw = True
367.4030 	EXP 	unnamed ShapeStim: autoDraw = True
367.4030 	EXP 	unnamed Line: autoDraw = True
367.4030 	EXP 	unnamed Line: autoDraw = True
367.4030 	EXP 	unnamed ShapeStim: autoDraw = True
367.4030 	EXP 	unnamed Line: autoDraw = True
367.4030 	EXP 	unnamed Line: autoDraw = True
367.4030 	EXP 	unnamed ShapeStim: autoDraw = True
367.4030 	EXP 	unnamed Line: autoDraw = True
367.4030 	EXP 	unnamed Line: autoDraw = True
367.4030 	EXP 	unnamed ShapeStim: autoDraw = True
367.4030 	EXP 	unnamed Line: autoDraw = True
367.4030 	EXP 	unnamed Line: autoDraw = True
367.4030 	EXP 	unnamed ShapeStim: autoDraw = True
367.4030 	EXP 	unnamed Line: autoDraw = True
367.4030 	EXP 	unnamed Line: autoDraw = True
367.4030 	EXP 	unnamed ShapeStim: autoDraw = True
367.4030 	EXP 	unnamed Line: autoDraw = True
367.4030 	EXP 	unnamed Line: autoDraw = True
367.4030 	EXP 	unnamed ShapeStim: autoDraw = True
367.4030 	EXP 	unnamed Line: autoDraw = True
367.4030 	EXP 	unnamed Line: autoDraw = True
367.4030 	EXP 	unnamed ShapeStim: autoDraw = True
367.4030 	EXP 	unnamed Rect: autoDraw = True
367.4030 	EXP 	node3: fillColor = '#126DEF'
367.4103 	EXP 	node3: fillColor = '#126DEF'
367.4103 	EXP 	unnamed Line: foreColor = <psychopy.colors.Color: black, alpha=1.0>
367.4103 	EXP 	unnamed Line: borderColor = <psychopy.colors.Color: black, alpha=1.0>
367.4103 	EXP 	unnamed Line: fillColor = <psychopy.colors.Color: black, alpha=1.0>
367.4103 	EXP 	unnamed ShapeStim: foreColor = <psychopy.colors.Color: black, alpha=1.0>
367.4103 	EXP 	unnamed ShapeStim: borderColor = <psychopy.colors.Color: black, alpha=1.0>
367.4103 	EXP 	unnamed ShapeStim: fillColor = <psychopy.colors.Color: black, alpha=1.0>
367.4103 	EXP 	unnamed Line: foreColor = <psychopy.colors.Color: black, alpha=1.0>
367.4103 	EXP 	unnamed Line: borderColor = <psychopy.colors.Color: black, alpha=1.0>
367.4103 	EXP 	unnamed Line: fillColor = <psychopy.colors.Color: black, alpha=1.0>
367.4103 	EXP 	unnamed ShapeStim: foreColor = <psychopy.colors.Color: black, alpha=1.0>
367.4103 	EXP 	unnamed ShapeStim: borderColor = <psychopy.colors.Color: black, alpha=1.0>
367.4103 	EXP 	unnamed ShapeStim: fillColor = <psychopy.colors.Color: black, alpha=1.0>
367.4103 	EXP 	unnamed Line: autoDraw = False
367.4103 	EXP 	unnamed ShapeStim: autoDraw = False
367.4103 	EXP 	unnamed Line: autoDraw = True
367.4103 	EXP 	unnamed ShapeStim: autoDraw = True
367.4103 	EXP 	unnamed Line: autoDraw = False
367.4103 	EXP 	unnamed ShapeStim: autoDraw = False
367.4103 	EXP 	unnamed Line: autoDraw = True
367.4103 	EXP 	unnamed ShapeStim: autoDraw = True
367.4103 	EXP 	unnamed Line: foreColor = <psychopy.colors.Color: black, alpha=1.0>
367.4103 	EXP 	unnamed Line: borderColor = <psychopy.colors.Color: black, alpha=1.0>
367.4103 	EXP 	unnamed Line: fillColor = <psychopy.colors.Color: black, alpha=1.0>
367.4103 	EXP 	unnamed ShapeStim: foreColor = <psychopy.colors.Color: black, alpha=1.0>
367.4103 	EXP 	unnamed ShapeStim: borderColor = <psychopy.colors.Color: black, alpha=1.0>
367.4103 	EXP 	unnamed ShapeStim: fillColor = <psychopy.colors.Color: black, alpha=1.0>
367.4103 	EXP 	unnamed Line: foreColor = <psychopy.colors.Color: black, alpha=1.0>
367.4103 	EXP 	unnamed Line: borderColor = <psychopy.colors.Color: black, alpha=1.0>
367.4103 	EXP 	unnamed Line: fillColor = <psychopy.colors.Color: black, alpha=1.0>
367.4103 	EXP 	unnamed ShapeStim: foreColor = <psychopy.colors.Color: black, alpha=1.0>
367.4103 	EXP 	unnamed ShapeStim: borderColor = <psychopy.colors.Color: black, alpha=1.0>
367.4103 	EXP 	unnamed ShapeStim: fillColor = <psychopy.colors.Color: black, alpha=1.0>
367.4103 	EXP 	unnamed Line: foreColor = <psychopy.colors.Color: black, alpha=1.0>
367.4103 	EXP 	unnamed Line: borderColor = <psychopy.colors.Color: black, alpha=1.0>
367.4103 	EXP 	unnamed Line: fillColor = <psychopy.colors.Color: black, alpha=1.0>
367.4103 	EXP 	unnamed ShapeStim: foreColor = <psychopy.colors.Color: black, alpha=1.0>
367.4103 	EXP 	unnamed ShapeStim: borderColor = <psychopy.colors.Color: black, alpha=1.0>
367.4103 	EXP 	unnamed ShapeStim: fillColor = <psychopy.colors.Color: black, alpha=1.0>
367.4103 	EXP 	unnamed Line: foreColor = <psychopy.colors.Color: black, alpha=1.0>
367.4103 	EXP 	unnamed Line: borderColor = <psychopy.colors.Color: black, alpha=1.0>
367.4103 	EXP 	unnamed Line: fillColor = <psychopy.colors.Color: black, alpha=1.0>
367.4103 	EXP 	unnamed ShapeStim: foreColor = <psychopy.colors.Color: black, alpha=1.0>
367.4103 	EXP 	unnamed ShapeStim: borderColor = <psychopy.colors.Color: black, alpha=1.0>
367.4103 	EXP 	unnamed ShapeStim: fillColor = <psychopy.colors.Color: black, alpha=1.0>
367.4103 	EXP 	unnamed Line: foreColor = <psychopy.colors.Color: black, alpha=1.0>
367.4103 	EXP 	unnamed Line: borderColor = <psychopy.colors.Color: black, alpha=1.0>
367.4103 	EXP 	unnamed Line: fillColor = <psychopy.colors.Color: black, alpha=1.0>
367.4103 	EXP 	unnamed ShapeStim: foreColor = <psychopy.colors.Color: black, alpha=1.0>
367.4103 	EXP 	unnamed ShapeStim: borderColor = <psychopy.colors.Color: black, alpha=1.0>
367.4103 	EXP 	unnamed ShapeStim: fillColor = <psychopy.colors.Color: black, alpha=1.0>
367.4103 	EXP 	unnamed Line: foreColor = <psychopy.colors.Color: black, alpha=1.0>
367.4103 	EXP 	unnamed Line: borderColor = <psychopy.colors.Color: black, alpha=1.0>
367.4103 	EXP 	unnamed Line: fillColor = <psychopy.colors.Color: black, alpha=1.0>
367.4103 	EXP 	unnamed ShapeStim: foreColor = <psychopy.colors.Color: black, alpha=1.0>
367.4103 	EXP 	unnamed ShapeStim: borderColor = <psychopy.colors.Color: black, alpha=1.0>
367.4103 	EXP 	unnamed ShapeStim: fillColor = <psychopy.colors.Color: black, alpha=1.0>
367.4103 	EXP 	unnamed Line: foreColor = <psychopy.colors.Color: (1.0, 0.58, -0.87, 1.0)>
367.4103 	EXP 	unnamed Line: borderColor = <psychopy.colors.Color: (1.0, 0.58, -0.87, 1.0)>
367.4103 	EXP 	unnamed Line: fillColor = <psychopy.colors.Color: (1.0, 0.58, -0.87, 1.0)>
367.4103 	EXP 	unnamed ShapeStim: foreColor = <psychopy.colors.Color: (1.0, 0.58, -0.87, 1.0)>
367.4103 	EXP 	unnamed ShapeStim: borderColor = <psychopy.colors.Color: (1.0, 0.58, -0.87, 1.0)>
367.4103 	EXP 	unnamed ShapeStim: fillColor = <psychopy.colors.Color: (1.0, 0.58, -0.87, 1.0)>
368.3483 	DATA 	Keypress: f
368.3530 	EXP 	unnamed Line: foreColor = <psychopy.colors.Color: black, alpha=1.0>
368.3530 	EXP 	unnamed Line: borderColor = <psychopy.colors.Color: black, alpha=1.0>
368.3530 	EXP 	unnamed Line: fillColor = <psychopy.colors.Color: black, alpha=1.0>
368.3530 	EXP 	unnamed ShapeStim: foreColor = <psychopy.colors.Color: black, alpha=1.0>
368.3530 	EXP 	unnamed ShapeStim: borderColor = <psychopy.colors.Color: black, alpha=1.0>
368.3530 	EXP 	unnamed ShapeStim: fillColor = <psychopy.colors.Color: black, alpha=1.0>
368.3530 	EXP 	unnamed Line: foreColor = <psychopy.colors.Color: (1.0, 0.58, -0.87, 1.0)>
368.3530 	EXP 	unnamed Line: borderColor = <psychopy.colors.Color: (1.0, 0.58, -0.87, 1.0)>
368.3530 	EXP 	unnamed Line: fillColor = <psychopy.colors.Color: (1.0, 0.58, -0.87, 1.0)>
368.3530 	EXP 	unnamed ShapeStim: foreColor = <psychopy.colors.Color: (1.0, 0.58, -0.87, 1.0)>
368.3530 	EXP 	unnamed ShapeStim: borderColor = <psychopy.colors.Color: (1.0, 0.58, -0.87, 1.0)>
368.3530 	EXP 	unnamed ShapeStim: fillColor = <psychopy.colors.Color: (1.0, 0.58, -0.87, 1.0)>
368.9320 	DATA 	Keypress: f
368.9375 	EXP 	unnamed Line: foreColor = <psychopy.colors.Color: black, alpha=1.0>
368.9375 	EXP 	unnamed Line: borderColor = <psychopy.colors.Color: black, alpha=1.0>
368.9375 	EXP 	unnamed Line: fillColor = <psychopy.colors.Color: black, alpha=1.0>
368.9375 	EXP 	unnamed ShapeStim: foreColor = <psychopy.colors.Color: black, alpha=1.0>
368.9375 	EXP 	unnamed ShapeStim: borderColor = <psychopy.colors.Color: black, alpha=1.0>
368.9375 	EXP 	unnamed ShapeStim: fillColor = <psychopy.colors.Color: black, alpha=1.0>
368.9375 	EXP 	unnamed Line: foreColor = <psychopy.colors.Color: (1.0, 0.58, -0.87, 1.0)>
368.9375 	EXP 	unnamed Line: borderColor = <psychopy.colors.Color: (1.0, 0.58, -0.87, 1.0)>
368.9375 	EXP 	unnamed Line: fillColor = <psychopy.colors.Color: (1.0, 0.58, -0.87, 1.0)>
368.9375 	EXP 	unnamed ShapeStim: foreColor = <psychopy.colors.Color: (1.0, 0.58, -0.87, 1.0)>
368.9375 	EXP 	unnamed ShapeStim: borderColor = <psychopy.colors.Color: (1.0, 0.58, -0.87, 1.0)>
368.9375 	EXP 	unnamed ShapeStim: fillColor = <psychopy.colors.Color: (1.0, 0.58, -0.87, 1.0)>
369.2918 	DATA 	Keypress: f
369.2963 	EXP 	unnamed Line: foreColor = <psychopy.colors.Color: black, alpha=1.0>
369.2963 	EXP 	unnamed Line: borderColor = <psychopy.colors.Color: black, alpha=1.0>
369.2963 	EXP 	unnamed Line: fillColor = <psychopy.colors.Color: black, alpha=1.0>
369.2963 	EXP 	unnamed ShapeStim: foreColor = <psychopy.colors.Color: black, alpha=1.0>
369.2963 	EXP 	unnamed ShapeStim: borderColor = <psychopy.colors.Color: black, alpha=1.0>
369.2963 	EXP 	unnamed ShapeStim: fillColor = <psychopy.colors.Color: black, alpha=1.0>
369.2963 	EXP 	unnamed Line: foreColor = <psychopy.colors.Color: (1.0, 0.58, -0.87, 1.0)>
369.2963 	EXP 	unnamed Line: borderColor = <psychopy.colors.Color: (1.0, 0.58, -0.87, 1.0)>
369.2963 	EXP 	unnamed Line: fillColor = <psychopy.colors.Color: (1.0, 0.58, -0.87, 1.0)>
369.2963 	EXP 	unnamed ShapeStim: foreColor = <psychopy.colors.Color: (1.0, 0.58, -0.87, 1.0)>
369.2963 	EXP 	unnamed ShapeStim: borderColor = <psychopy.colors.Color: (1.0, 0.58, -0.87, 1.0)>
369.2963 	EXP 	unnamed ShapeStim: fillColor = <psychopy.colors.Color: (1.0, 0.58, -0.87, 1.0)>
369.5158 	DATA 	Keypress: f
369.5202 	EXP 	unnamed Line: foreColor = <psychopy.colors.Color: black, alpha=1.0>
369.5202 	EXP 	unnamed Line: borderColor = <psychopy.colors.Color: black, alpha=1.0>
369.5202 	EXP 	unnamed Line: fillColor = <psychopy.colors.Color: black, alpha=1.0>
369.5202 	EXP 	unnamed ShapeStim: foreColor = <psychopy.colors.Color: black, alpha=1.0>
369.5202 	EXP 	unnamed ShapeStim: borderColor = <psychopy.colors.Color: black, alpha=1.0>
369.5202 	EXP 	unnamed ShapeStim: fillColor = <psychopy.colors.Color: black, alpha=1.0>
369.5202 	EXP 	unnamed Line: foreColor = <psychopy.colors.Color: (1.0, 0.58, -0.87, 1.0)>
369.5202 	EXP 	unnamed Line: borderColor = <psychopy.colors.Color: (1.0, 0.58, -0.87, 1.0)>
369.5202 	EXP 	unnamed Line: fillColor = <psychopy.colors.Color: (1.0, 0.58, -0.87, 1.0)>
369.5202 	EXP 	unnamed ShapeStim: foreColor = <psychopy.colors.Color: (1.0, 0.58, -0.87, 1.0)>
369.5202 	EXP 	unnamed ShapeStim: borderColor = <psychopy.colors.Color: (1.0, 0.58, -0.87, 1.0)>
369.5202 	EXP 	unnamed ShapeStim: fillColor = <psychopy.colors.Color: (1.0, 0.58, -0.87, 1.0)>
369.6996 	DATA 	Keypress: f
369.7040 	EXP 	unnamed Line: foreColor = <psychopy.colors.Color: black, alpha=1.0>
369.7040 	EXP 	unnamed Line: borderColor = <psychopy.colors.Color: black, alpha=1.0>
369.7040 	EXP 	unnamed Line: fillColor = <psychopy.colors.Color: black, alpha=1.0>
369.7040 	EXP 	unnamed ShapeStim: foreColor = <psychopy.colors.Color: black, alpha=1.0>
369.7040 	EXP 	unnamed ShapeStim: borderColor = <psychopy.colors.Color: black, alpha=1.0>
369.7040 	EXP 	unnamed ShapeStim: fillColor = <psychopy.colors.Color: black, alpha=1.0>
369.7040 	EXP 	unnamed Line: foreColor = <psychopy.colors.Color: (1.0, 0.58, -0.87, 1.0)>
369.7040 	EXP 	unnamed Line: borderColor = <psychopy.colors.Color: (1.0, 0.58, -0.87, 1.0)>
369.7040 	EXP 	unnamed Line: fillColor = <psychopy.colors.Color: (1.0, 0.58, -0.87, 1.0)>
369.7040 	EXP 	unnamed ShapeStim: foreColor = <psychopy.colors.Color: (1.0, 0.58, -0.87, 1.0)>
369.7040 	EXP 	unnamed ShapeStim: borderColor = <psychopy.colors.Color: (1.0, 0.58, -0.87, 1.0)>
369.7040 	EXP 	unnamed ShapeStim: fillColor = <psychopy.colors.Color: (1.0, 0.58, -0.87, 1.0)>
373.4025 	DATA 	Keypress: f
373.4120 	EXP 	unnamed Line: foreColor = <psychopy.colors.Color: black, alpha=1.0>
373.4120 	EXP 	unnamed Line: borderColor = <psychopy.colors.Color: black, alpha=1.0>
373.4120 	EXP 	unnamed Line: fillColor = <psychopy.colors.Color: black, alpha=1.0>
373.4120 	EXP 	unnamed ShapeStim: foreColor = <psychopy.colors.Color: black, alpha=1.0>
373.4120 	EXP 	unnamed ShapeStim: borderColor = <psychopy.colors.Color: black, alpha=1.0>
373.4120 	EXP 	unnamed ShapeStim: fillColor = <psychopy.colors.Color: black, alpha=1.0>
373.4120 	EXP 	unnamed Line: foreColor = <psychopy.colors.Color: (1.0, 0.58, -0.87, 1.0)>
373.4120 	EXP 	unnamed Line: borderColor = <psychopy.colors.Color: (1.0, 0.58, -0.87, 1.0)>
373.4120 	EXP 	unnamed Line: fillColor = <psychopy.colors.Color: (1.0, 0.58, -0.87, 1.0)>
373.4120 	EXP 	unnamed ShapeStim: foreColor = <psychopy.colors.Color: (1.0, 0.58, -0.87, 1.0)>
373.4120 	EXP 	unnamed ShapeStim: borderColor = <psychopy.colors.Color: (1.0, 0.58, -0.87, 1.0)>
373.4120 	EXP 	unnamed ShapeStim: fillColor = <psychopy.colors.Color: (1.0, 0.58, -0.87, 1.0)>
373.8763 	DATA 	Keypress: f
373.8825 	EXP 	unnamed Line: foreColor = <psychopy.colors.Color: black, alpha=1.0>
373.8825 	EXP 	unnamed Line: borderColor = <psychopy.colors.Color: black, alpha=1.0>
373.8825 	EXP 	unnamed Line: fillColor = <psychopy.colors.Color: black, alpha=1.0>
373.8825 	EXP 	unnamed ShapeStim: foreColor = <psychopy.colors.Color: black, alpha=1.0>
373.8825 	EXP 	unnamed ShapeStim: borderColor = <psychopy.colors.Color: black, alpha=1.0>
373.8825 	EXP 	unnamed ShapeStim: fillColor = <psychopy.colors.Color: black, alpha=1.0>
373.8825 	EXP 	unnamed Line: foreColor = <psychopy.colors.Color: (1.0, 0.58, -0.87, 1.0)>
373.8825 	EXP 	unnamed Line: borderColor = <psychopy.colors.Color: (1.0, 0.58, -0.87, 1.0)>
373.8825 	EXP 	unnamed Line: fillColor = <psychopy.colors.Color: (1.0, 0.58, -0.87, 1.0)>
373.8825 	EXP 	unnamed ShapeStim: foreColor = <psychopy.colors.Color: (1.0, 0.58, -0.87, 1.0)>
373.8825 	EXP 	unnamed ShapeStim: borderColor = <psychopy.colors.Color: (1.0, 0.58, -0.87, 1.0)>
373.8825 	EXP 	unnamed ShapeStim: fillColor = <psychopy.colors.Color: (1.0, 0.58, -0.87, 1.0)>
375.1322 	DATA 	Keypress: f
375.1384 	EXP 	unnamed Line: foreColor = <psychopy.colors.Color: black, alpha=1.0>
375.1384 	EXP 	unnamed Line: borderColor = <psychopy.colors.Color: black, alpha=1.0>
375.1384 	EXP 	unnamed Line: fillColor = <psychopy.colors.Color: black, alpha=1.0>
375.1384 	EXP 	unnamed ShapeStim: foreColor = <psychopy.colors.Color: black, alpha=1.0>
375.1384 	EXP 	unnamed ShapeStim: borderColor = <psychopy.colors.Color: black, alpha=1.0>
375.1384 	EXP 	unnamed ShapeStim: fillColor = <psychopy.colors.Color: black, alpha=1.0>
375.1384 	EXP 	unnamed Line: foreColor = <psychopy.colors.Color: (1.0, 0.58, -0.87, 1.0)>
375.1384 	EXP 	unnamed Line: borderColor = <psychopy.colors.Color: (1.0, 0.58, -0.87, 1.0)>
375.1384 	EXP 	unnamed Line: fillColor = <psychopy.colors.Color: (1.0, 0.58, -0.87, 1.0)>
375.1384 	EXP 	unnamed ShapeStim: foreColor = <psychopy.colors.Color: (1.0, 0.58, -0.87, 1.0)>
375.1384 	EXP 	unnamed ShapeStim: borderColor = <psychopy.colors.Color: (1.0, 0.58, -0.87, 1.0)>
375.1384 	EXP 	unnamed ShapeStim: fillColor = <psychopy.colors.Color: (1.0, 0.58, -0.87, 1.0)>
390.9002 	DATA 	Keypress: f
390.9076 	EXP 	unnamed Line: foreColor = <psychopy.colors.Color: black, alpha=1.0>
390.9076 	EXP 	unnamed Line: borderColor = <psychopy.colors.Color: black, alpha=1.0>
390.9076 	EXP 	unnamed Line: fillColor = <psychopy.colors.Color: black, alpha=1.0>
390.9076 	EXP 	unnamed ShapeStim: foreColor = <psychopy.colors.Color: black, alpha=1.0>
390.9076 	EXP 	unnamed ShapeStim: borderColor = <psychopy.colors.Color: black, alpha=1.0>
390.9076 	EXP 	unnamed ShapeStim: fillColor = <psychopy.colors.Color: black, alpha=1.0>
390.9076 	EXP 	unnamed Line: foreColor = <psychopy.colors.Color: (1.0, 0.58, -0.87, 1.0)>
390.9076 	EXP 	unnamed Line: borderColor = <psychopy.colors.Color: (1.0, 0.58, -0.87, 1.0)>
390.9076 	EXP 	unnamed Line: fillColor = <psychopy.colors.Color: (1.0, 0.58, -0.87, 1.0)>
390.9076 	EXP 	unnamed ShapeStim: foreColor = <psychopy.colors.Color: (1.0, 0.58, -0.87, 1.0)>
390.9076 	EXP 	unnamed ShapeStim: borderColor = <psychopy.colors.Color: (1.0, 0.58, -0.87, 1.0)>
390.9076 	EXP 	unnamed ShapeStim: fillColor = <psychopy.colors.Color: (1.0, 0.58, -0.87, 1.0)>
391.3321 	DATA 	Keypress: f
391.3376 	EXP 	unnamed Line: foreColor = <psychopy.colors.Color: black, alpha=1.0>
391.3376 	EXP 	unnamed Line: borderColor = <psychopy.colors.Color: black, alpha=1.0>
391.3376 	EXP 	unnamed Line: fillColor = <psychopy.colors.Color: black, alpha=1.0>
391.3376 	EXP 	unnamed ShapeStim: foreColor = <psychopy.colors.Color: black, alpha=1.0>
391.3376 	EXP 	unnamed ShapeStim: borderColor = <psychopy.colors.Color: black, alpha=1.0>
391.3376 	EXP 	unnamed ShapeStim: fillColor = <psychopy.colors.Color: black, alpha=1.0>
391.3376 	EXP 	unnamed Line: foreColor = <psychopy.colors.Color: (1.0, 0.58, -0.87, 1.0)>
391.3376 	EXP 	unnamed Line: borderColor = <psychopy.colors.Color: (1.0, 0.58, -0.87, 1.0)>
391.3376 	EXP 	unnamed Line: fillColor = <psychopy.colors.Color: (1.0, 0.58, -0.87, 1.0)>
391.3376 	EXP 	unnamed ShapeStim: foreColor = <psychopy.colors.Color: (1.0, 0.58, -0.87, 1.0)>
391.3376 	EXP 	unnamed ShapeStim: borderColor = <psychopy.colors.Color: (1.0, 0.58, -0.87, 1.0)>
391.3376 	EXP 	unnamed ShapeStim: fillColor = <psychopy.colors.Color: (1.0, 0.58, -0.87, 1.0)>
392.0841 	DATA 	Keypress: j
392.0879 	EXP 	node8: fillColor = '#126DEF'
392.0879 	EXP 	node3: fillColor = 'white'
392.0945 	EXP 	unnamed Line: foreColor = <psychopy.colors.Color: black, alpha=1.0>
392.0945 	EXP 	unnamed Line: borderColor = <psychopy.colors.Color: black, alpha=1.0>
392.0945 	EXP 	unnamed Line: fillColor = <psychopy.colors.Color: black, alpha=1.0>
392.0945 	EXP 	unnamed ShapeStim: foreColor = <psychopy.colors.Color: black, alpha=1.0>
392.0945 	EXP 	unnamed ShapeStim: borderColor = <psychopy.colors.Color: black, alpha=1.0>
392.0945 	EXP 	unnamed ShapeStim: fillColor = <psychopy.colors.Color: black, alpha=1.0>
392.0945 	EXP 	unnamed Line: foreColor = <psychopy.colors.Color: black, alpha=1.0>
392.0945 	EXP 	unnamed Line: borderColor = <psychopy.colors.Color: black, alpha=1.0>
392.0945 	EXP 	unnamed Line: fillColor = <psychopy.colors.Color: black, alpha=1.0>
392.0945 	EXP 	unnamed ShapeStim: foreColor = <psychopy.colors.Color: black, alpha=1.0>
392.0945 	EXP 	unnamed ShapeStim: borderColor = <psychopy.colors.Color: black, alpha=1.0>
392.0945 	EXP 	unnamed ShapeStim: fillColor = <psychopy.colors.Color: black, alpha=1.0>
392.0945 	EXP 	unnamed Line: foreColor = <psychopy.colors.Color: black, alpha=1.0>
392.0945 	EXP 	unnamed Line: borderColor = <psychopy.colors.Color: black, alpha=1.0>
392.0945 	EXP 	unnamed Line: fillColor = <psychopy.colors.Color: black, alpha=1.0>
392.0945 	EXP 	unnamed ShapeStim: foreColor = <psychopy.colors.Color: black, alpha=1.0>
392.0945 	EXP 	unnamed ShapeStim: borderColor = <psychopy.colors.Color: black, alpha=1.0>
392.0945 	EXP 	unnamed ShapeStim: fillColor = <psychopy.colors.Color: black, alpha=1.0>
392.0945 	EXP 	unnamed Line: foreColor = <psychopy.colors.Color: black, alpha=1.0>
392.0945 	EXP 	unnamed Line: borderColor = <psychopy.colors.Color: black, alpha=1.0>
392.0945 	EXP 	unnamed Line: fillColor = <psychopy.colors.Color: black, alpha=1.0>
392.0945 	EXP 	unnamed ShapeStim: foreColor = <psychopy.colors.Color: black, alpha=1.0>
392.0945 	EXP 	unnamed ShapeStim: borderColor = <psychopy.colors.Color: black, alpha=1.0>
392.0945 	EXP 	unnamed ShapeStim: fillColor = <psychopy.colors.Color: black, alpha=1.0>
392.0945 	EXP 	unnamed Line: foreColor = <psychopy.colors.Color: black, alpha=1.0>
392.0945 	EXP 	unnamed Line: borderColor = <psychopy.colors.Color: black, alpha=1.0>
392.0945 	EXP 	unnamed Line: fillColor = <psychopy.colors.Color: black, alpha=1.0>
392.0945 	EXP 	unnamed ShapeStim: foreColor = <psychopy.colors.Color: black, alpha=1.0>
392.0945 	EXP 	unnamed ShapeStim: borderColor = <psychopy.colors.Color: black, alpha=1.0>
392.0945 	EXP 	unnamed ShapeStim: fillColor = <psychopy.colors.Color: black, alpha=1.0>
392.0945 	EXP 	unnamed Line: foreColor = <psychopy.colors.Color: black, alpha=1.0>
392.0945 	EXP 	unnamed Line: borderColor = <psychopy.colors.Color: black, alpha=1.0>
392.0945 	EXP 	unnamed Line: fillColor = <psychopy.colors.Color: black, alpha=1.0>
392.0945 	EXP 	unnamed ShapeStim: foreColor = <psychopy.colors.Color: black, alpha=1.0>
392.0945 	EXP 	unnamed ShapeStim: borderColor = <psychopy.colors.Color: black, alpha=1.0>
392.0945 	EXP 	unnamed ShapeStim: fillColor = <psychopy.colors.Color: black, alpha=1.0>
392.0945 	EXP 	unnamed Line: autoDraw = False
392.0945 	EXP 	unnamed ShapeStim: autoDraw = False
392.0945 	EXP 	unnamed Line: autoDraw = True
392.0945 	EXP 	unnamed ShapeStim: autoDraw = True
392.0945 	EXP 	unnamed Line: autoDraw = False
392.0945 	EXP 	unnamed ShapeStim: autoDraw = False
392.0945 	EXP 	unnamed Line: autoDraw = True
392.0945 	EXP 	unnamed ShapeStim: autoDraw = True
392.0945 	EXP 	unnamed Line: foreColor = <psychopy.colors.Color: black, alpha=1.0>
392.0945 	EXP 	unnamed Line: borderColor = <psychopy.colors.Color: black, alpha=1.0>
392.0945 	EXP 	unnamed Line: fillColor = <psychopy.colors.Color: black, alpha=1.0>
392.0945 	EXP 	unnamed ShapeStim: foreColor = <psychopy.colors.Color: black, alpha=1.0>
392.0945 	EXP 	unnamed ShapeStim: borderColor = <psychopy.colors.Color: black, alpha=1.0>
392.0945 	EXP 	unnamed ShapeStim: fillColor = <psychopy.colors.Color: black, alpha=1.0>
392.0945 	EXP 	unnamed Line: foreColor = <psychopy.colors.Color: black, alpha=1.0>
392.0945 	EXP 	unnamed Line: borderColor = <psychopy.colors.Color: black, alpha=1.0>
392.0945 	EXP 	unnamed Line: fillColor = <psychopy.colors.Color: black, alpha=1.0>
392.0945 	EXP 	unnamed ShapeStim: foreColor = <psychopy.colors.Color: black, alpha=1.0>
392.0945 	EXP 	unnamed ShapeStim: borderColor = <psychopy.colors.Color: black, alpha=1.0>
392.0945 	EXP 	unnamed ShapeStim: fillColor = <psychopy.colors.Color: black, alpha=1.0>
392.0945 	EXP 	unnamed Line: foreColor = <psychopy.colors.Color: (1.0, 0.58, -0.87, 1.0)>
392.0945 	EXP 	unnamed Line: borderColor = <psychopy.colors.Color: (1.0, 0.58, -0.87, 1.0)>
392.0945 	EXP 	unnamed Line: fillColor = <psychopy.colors.Color: (1.0, 0.58, -0.87, 1.0)>
392.0945 	EXP 	unnamed ShapeStim: foreColor = <psychopy.colors.Color: (1.0, 0.58, -0.87, 1.0)>
392.0945 	EXP 	unnamed ShapeStim: borderColor = <psychopy.colors.Color: (1.0, 0.58, -0.87, 1.0)>
392.0945 	EXP 	unnamed ShapeStim: fillColor = <psychopy.colors.Color: (1.0, 0.58, -0.87, 1.0)>
393.0120 	DATA 	Keypress: f
393.0165 	EXP 	unnamed Line: foreColor = <psychopy.colors.Color: black, alpha=1.0>
393.0165 	EXP 	unnamed Line: borderColor = <psychopy.colors.Color: black, alpha=1.0>
393.0165 	EXP 	unnamed Line: fillColor = <psychopy.colors.Color: black, alpha=1.0>
393.0165 	EXP 	unnamed ShapeStim: foreColor = <psychopy.colors.Color: black, alpha=1.0>
393.0165 	EXP 	unnamed ShapeStim: borderColor = <psychopy.colors.Color: black, alpha=1.0>
393.0165 	EXP 	unnamed ShapeStim: fillColor = <psychopy.colors.Color: black, alpha=1.0>
393.0165 	EXP 	unnamed Line: foreColor = <psychopy.colors.Color: (1.0, 0.58, -0.87, 1.0)>
393.0165 	EXP 	unnamed Line: borderColor = <psychopy.colors.Color: (1.0, 0.58, -0.87, 1.0)>
393.0165 	EXP 	unnamed Line: fillColor = <psychopy.colors.Color: (1.0, 0.58, -0.87, 1.0)>
393.0165 	EXP 	unnamed ShapeStim: foreColor = <psychopy.colors.Color: (1.0, 0.58, -0.87, 1.0)>
393.0165 	EXP 	unnamed ShapeStim: borderColor = <psychopy.colors.Color: (1.0, 0.58, -0.87, 1.0)>
393.0165 	EXP 	unnamed ShapeStim: fillColor = <psychopy.colors.Color: (1.0, 0.58, -0.87, 1.0)>
393.3878 	DATA 	Keypress: f
393.3932 	EXP 	unnamed Line: foreColor = <psychopy.colors.Color: black, alpha=1.0>
393.3932 	EXP 	unnamed Line: borderColor = <psychopy.colors.Color: black, alpha=1.0>
393.3932 	EXP 	unnamed Line: fillColor = <psychopy.colors.Color: black, alpha=1.0>
393.3932 	EXP 	unnamed ShapeStim: foreColor = <psychopy.colors.Color: black, alpha=1.0>
393.3932 	EXP 	unnamed ShapeStim: borderColor = <psychopy.colors.Color: black, alpha=1.0>
393.3932 	EXP 	unnamed ShapeStim: fillColor = <psychopy.colors.Color: black, alpha=1.0>
393.3932 	EXP 	unnamed Line: foreColor = <psychopy.colors.Color: (1.0, 0.58, -0.87, 1.0)>
393.3932 	EXP 	unnamed Line: borderColor = <psychopy.colors.Color: (1.0, 0.58, -0.87, 1.0)>
393.3932 	EXP 	unnamed Line: fillColor = <psychopy.colors.Color: (1.0, 0.58, -0.87, 1.0)>
393.3932 	EXP 	unnamed ShapeStim: foreColor = <psychopy.colors.Color: (1.0, 0.58, -0.87, 1.0)>
393.3932 	EXP 	unnamed ShapeStim: borderColor = <psychopy.colors.Color: (1.0, 0.58, -0.87, 1.0)>
393.3932 	EXP 	unnamed ShapeStim: fillColor = <psychopy.colors.Color: (1.0, 0.58, -0.87, 1.0)>
393.8118 	DATA 	Keypress: f
393.8162 	EXP 	unnamed Line: foreColor = <psychopy.colors.Color: black, alpha=1.0>
393.8162 	EXP 	unnamed Line: borderColor = <psychopy.colors.Color: black, alpha=1.0>
393.8162 	EXP 	unnamed Line: fillColor = <psychopy.colors.Color: black, alpha=1.0>
393.8162 	EXP 	unnamed ShapeStim: foreColor = <psychopy.colors.Color: black, alpha=1.0>
393.8162 	EXP 	unnamed ShapeStim: borderColor = <psychopy.colors.Color: black, alpha=1.0>
393.8162 	EXP 	unnamed ShapeStim: fillColor = <psychopy.colors.Color: black, alpha=1.0>
393.8162 	EXP 	unnamed Line: foreColor = <psychopy.colors.Color: (1.0, 0.58, -0.87, 1.0)>
393.8162 	EXP 	unnamed Line: borderColor = <psychopy.colors.Color: (1.0, 0.58, -0.87, 1.0)>
393.8162 	EXP 	unnamed Line: fillColor = <psychopy.colors.Color: (1.0, 0.58, -0.87, 1.0)>
393.8162 	EXP 	unnamed ShapeStim: foreColor = <psychopy.colors.Color: (1.0, 0.58, -0.87, 1.0)>
393.8162 	EXP 	unnamed ShapeStim: borderColor = <psychopy.colors.Color: (1.0, 0.58, -0.87, 1.0)>
393.8162 	EXP 	unnamed ShapeStim: fillColor = <psychopy.colors.Color: (1.0, 0.58, -0.87, 1.0)>
394.3958 	DATA 	Keypress: j
394.3998 	EXP 	node5: fillColor = '#126DEF'
394.3998 	EXP 	node8: fillColor = 'white'
395.0999 	EXP 	window1: mouseVisible = True
395.1015 	EXP 	Created unnamed TextStim = TextStim(__class__=<class 'psychopy.visual.text.TextStim'>, alignHoriz=method-wrapper(...), alignText='center', alignVert=method-wrapper(...), anchorHoriz='center', anchorVert='center', antialias=True, autoDraw=False, autoLog=True, bold=True, color=array([-0.88235294, -0.12156863, -0.97647059]), colorSpace='rgb', contrast=1.0, depth=0, draggable=False, flipHoriz=False, flipVert=False, font='', fontFiles=[], height=0.04, italic=False, languageStyle='LTR', name='unnamed TextStim', opacity=1.0, ori=0.0, pos=array([0.4064375 , 0.01018981]), rgb=UNKNOWN, text='+1', units='height', win=Window(...), wrapWidth=1)
395.1018 	EXP 	window1: mouseVisible = True
395.1029 	EXP 	Created unnamed TextStim = TextStim(__class__=<class 'psychopy.visual.text.TextStim'>, alignHoriz=method-wrapper(...), alignText='center', alignVert=method-wrapper(...), anchorHoriz='center', anchorVert='center', antialias=True, autoDraw=False, autoLog=True, bold=True, color=array([-0.88235294, -0.12156863, -0.97647059]), colorSpace='rgb', contrast=1.0, depth=0, draggable=False, flipHoriz=False, flipVert=False, font='', fontFiles=[], height=0.04, italic=False, languageStyle='LTR', name='unnamed TextStim', opacity=1.0, ori=0.0, pos=array([-0.03860639, -0.27582254]), rgb=UNKNOWN, text='+4', units='height', win=Window(...), wrapWidth=1)
395.1075 	EXP 	node5: fillColor = 'white'
395.1075 	EXP 	unnamed ImageStim: autoDraw = True
395.1075 	EXP 	unnamed ImageStim: autoDraw = True
396.1161 	EXP 	unnamed ImageStim: autoDraw = False
396.1161 	EXP 	unnamed ImageStim: autoDraw = False
396.1161 	EXP 	unnamed Rect: autoDraw = False
396.1161 	EXP 	unnamed Rect: autoDraw = True
396.2475 	EXP 	unnamed Rect: autoDraw = False
396.2475 	EXP 	node0: autoDraw = False
396.2475 	EXP 	unnamed ImageStim: autoDraw = False
396.2475 	EXP 	node1: autoDraw = False
396.2475 	EXP 	unnamed ImageStim: autoDraw = False
396.2475 	EXP 	node2: autoDraw = False
396.2475 	EXP 	unnamed ImageStim: autoDraw = False
396.2475 	EXP 	node3: autoDraw = False
396.2475 	EXP 	node4: autoDraw = False
396.2475 	EXP 	unnamed ImageStim: autoDraw = False
396.2475 	EXP 	node5: autoDraw = False
396.2475 	EXP 	unnamed ImageStim: autoDraw = False
396.2475 	EXP 	node6: autoDraw = False
396.2475 	EXP 	unnamed ImageStim: autoDraw = False
396.2475 	EXP 	node7: autoDraw = False
396.2475 	EXP 	unnamed ImageStim: autoDraw = False
396.2475 	EXP 	node8: autoDraw = False
396.2475 	EXP 	unnamed ImageStim: autoDraw = False
396.2475 	EXP 	node9: autoDraw = False
396.2475 	EXP 	unnamed ImageStim: autoDraw = False
396.2475 	EXP 	node10: autoDraw = False
396.2475 	EXP 	unnamed ImageStim: autoDraw = False
396.2475 	EXP 	unnamed Line: autoDraw = False
396.2475 	EXP 	unnamed ShapeStim: autoDraw = False
396.2475 	EXP 	unnamed Line: autoDraw = False
396.2475 	EXP 	unnamed ShapeStim: autoDraw = False
396.2475 	EXP 	unnamed Line: autoDraw = False
396.2475 	EXP 	unnamed ShapeStim: autoDraw = False
396.2475 	EXP 	unnamed Line: autoDraw = False
396.2475 	EXP 	unnamed ShapeStim: autoDraw = False
396.2475 	EXP 	unnamed Line: autoDraw = False
396.2475 	EXP 	unnamed ShapeStim: autoDraw = False
396.2475 	EXP 	unnamed Line: autoDraw = False
396.2475 	EXP 	unnamed ShapeStim: autoDraw = False
396.2475 	EXP 	unnamed Line: autoDraw = False
396.2475 	EXP 	unnamed ShapeStim: autoDraw = False
396.2475 	EXP 	unnamed Line: autoDraw = False
396.2475 	EXP 	unnamed ShapeStim: autoDraw = False
396.2475 	EXP 	unnamed Line: autoDraw = False
396.2475 	EXP 	unnamed ShapeStim: autoDraw = False
396.2475 	EXP 	unnamed Line: autoDraw = False
396.2475 	EXP 	unnamed ShapeStim: autoDraw = False
396.2475 	EXP 	unnamed Rect: autoDraw = False
396.2616 	INFO 	Mouse: using default window
396.2616 	EXP 	window1: mouseVisible = True
396.2617 	EXP 	window1: mouseVisible = True
396.2654 	EXP 	Created unnamed TextStim = TextStim(__class__=<class 'psychopy.visual.text.TextStim'>, alignHoriz=method-wrapper(...), alignText='center', alignVert=method-wrapper(...), anchorHoriz='center', anchorVert='center', antialias=True, autoDraw=False, autoLog=True, bold=False, color=array([1, 1, 1]), colorSpace='rgb', contrast=1.0, depth=0, draggable=False, flipHoriz=False, flipVert=False, font='', fontFiles=[], height=0.035, italic=False, languageStyle='LTR', name='unnamed TextStim', opacity=1.0, ori=0.0, pos=array([0., 0.]), rgb=UNKNOWN, text='press Space to start', units='height', win=Window(...), wrapWidth=1)
397.0123 	DATA 	Keypress: space
397.0128 	EXP 	window1: mouseVisible = True
397.0132 	EXP 	Created unnamed Rect = Rect(__class__=<class 'psychopy.visual.rect.Rect'>, anchor=('center', 'center'), autoDraw=False, autoLog=True, closeShape=True, color=method-wrapper(...), colorSpace='rgb', contrast=None, depth=0, draggable=False, fillColor=array([0.00392157, 0.00392157, 0.00392157]), fillColorSpace='rgb', fillRGB=array([0.00392157, 0.00392157, 0.00392157]), interpolate=True, lineColor=array([0, 0, 0]), lineColorSpace='rgb', lineRGB=array([0, 0, 0]), lineWidth=0, name='unnamed Rect', opacity=0.5, ori=0.0, pos=array([-0.65,  0.45]), size=array([0.1, 0.1]), units='height', vertices=ndarray(...), win=Window(...))
397.0143 	EXP 	window1: mouseVisible = True
397.0165 	EXP 	Created node0 = Circle(__class__=<class 'psychopy.visual.circle.Circle'>, anchor=('center', 'center'), autoDraw=False, autoLog=True, closeShape=True, color=method-wrapper(...), colorSpace='rgb', contrast=None, depth=0, draggable=False, fillColor=array([1, 1, 1]), fillColorSpace='rgb', fillRGB=array([1, 1, 1]), interpolate=True, lineColor=array([-1, -1, -1]), lineColorSpace='rgb', lineRGB=array([-1, -1, -1]), lineWidth=2, name='node0', opacity=1.0, ori=0.0, pos=array([0.  , 0.35]), size=array([1., 1.]), units='height', vertices=ndarray(...), win=Window(...))
397.0175 	EXP 	window1: mouseVisible = True
397.0194 	EXP 	Created node1 = Circle(__class__=<class 'psychopy.visual.circle.Circle'>, anchor=('center', 'center'), autoDraw=False, autoLog=True, closeShape=True, color=method-wrapper(...), colorSpace='rgb', contrast=None, depth=0, draggable=False, fillColor=array([1, 1, 1]), fillColorSpace='rgb', fillRGB=array([1, 1, 1]), interpolate=True, lineColor=array([-1, -1, -1]), lineColorSpace='rgb', lineRGB=array([-1, -1, -1]), lineWidth=2, name='node1', opacity=1.0, ori=0.0, pos=array([-0.18922429,  0.29443874]), size=array([1., 1.]), units='height', vertices=ndarray(...), win=Window(...))
397.0194 	EXP 	window1: mouseVisible = True
397.0377 	EXP 	Created unnamed ImageStim = ImageStim(__class__=<class 'psychopy.visual.image.ImageStim'>, anchor=('center', 'center'), autoLog=True, color=array([1., 1., 1.]), colorSpace='rgb', contrast=1.0, depth=0, draggable=False, flipHoriz=False, flipVert=False, image='images/pattern_2.png', interpolate=False, mask=None, maskParams=None, name='unnamed ImageStim', opacity=1.0, ori=0.0, pos=array([-0.18922429,  0.29443874]), size=array([0.12, 0.12]), texRes=128, units='height', win=Window(...))
397.0387 	EXP 	window1: mouseVisible = True
397.0406 	EXP 	Created node2 = Circle(__class__=<class 'psychopy.visual.circle.Circle'>, anchor=('center', 'center'), autoDraw=False, autoLog=True, closeShape=True, color=method-wrapper(...), colorSpace='rgb', contrast=None, depth=0, draggable=False, fillColor=array([1, 1, 1]), fillColorSpace='rgb', fillRGB=array([1, 1, 1]), interpolate=True, lineColor=array([-1, -1, -1]), lineColorSpace='rgb', lineRGB=array([-1, -1, -1]), lineWidth=2, name='node2', opacity=1.0, ori=0.0, pos=array([-0.3183712 ,  0.14539525]), size=array([1., 1.]), units='height', vertices=ndarray(...), win=Window(...))
397.0407 	EXP 	window1: mouseVisible = True
397.0573 	EXP 	Created unnamed ImageStim = ImageStim(__class__=<class 'psychopy.visual.image.ImageStim'>, anchor=('center', 'center'), autoLog=True, color=array([1., 1., 1.]), colorSpace='rgb', contrast=1.0, depth=0, draggable=False, flipHoriz=False, flipVert=False, image='images/pattern_2.png', interpolate=False, mask=None, maskParams=None, name='unnamed ImageStim', opacity=1.0, ori=0.0, pos=array([-0.3183712 ,  0.14539525]), size=array([0.12, 0.12]), texRes=128, units='height', win=Window(...))
397.0583 	EXP 	window1: mouseVisible = True
397.0602 	EXP 	Created node3 = Circle(__class__=<class 'psychopy.visual.circle.Circle'>, anchor=('center', 'center'), autoDraw=False, autoLog=True, closeShape=True, color=method-wrapper(...), colorSpace='rgb', contrast=None, depth=0, draggable=False, fillColor=array([1, 1, 1]), fillColorSpace='rgb', fillRGB=array([1, 1, 1]), interpolate=True, lineColor=array([-1, -1, -1]), lineColorSpace='rgb', lineRGB=array([-1, -1, -1]), lineWidth=2, name='node3', opacity=1.0, ori=0.0, pos=array([-0.3464375 , -0.04981019]), size=array([1., 1.]), units='height', vertices=ndarray(...), win=Window(...))
397.0603 	EXP 	window1: mouseVisible = True
397.0768 	EXP 	Created unnamed ImageStim = ImageStim(__class__=<class 'psychopy.visual.image.ImageStim'>, anchor=('center', 'center'), autoLog=True, color=array([1., 1., 1.]), colorSpace='rgb', contrast=1.0, depth=0, draggable=False, flipHoriz=False, flipVert=False, image='images/pattern_6.png', interpolate=False, mask=None, maskParams=None, name='unnamed ImageStim', opacity=1.0, ori=0.0, pos=array([-0.3464375 , -0.04981019]), size=array([0.12, 0.12]), texRes=128, units='height', win=Window(...))
397.0778 	EXP 	window1: mouseVisible = True
397.0798 	EXP 	Created node4 = Circle(__class__=<class 'psychopy.visual.circle.Circle'>, anchor=('center', 'center'), autoDraw=False, autoLog=True, closeShape=True, color=method-wrapper(...), colorSpace='rgb', contrast=None, depth=0, draggable=False, fillColor=array([1, 1, 1]), fillColorSpace='rgb', fillRGB=array([1, 1, 1]), interpolate=True, lineColor=array([-1, -1, -1]), lineColorSpace='rgb', lineRGB=array([-1, -1, -1]), lineWidth=2, name='node4', opacity=1.0, ori=0.0, pos=array([-0.26451235, -0.22920126]), size=array([1., 1.]), units='height', vertices=ndarray(...), win=Window(...))
397.0798 	EXP 	window1: mouseVisible = True
397.0976 	EXP 	Created unnamed ImageStim = ImageStim(__class__=<class 'psychopy.visual.image.ImageStim'>, anchor=('center', 'center'), autoLog=True, color=array([1., 1., 1.]), colorSpace='rgb', contrast=1.0, depth=0, draggable=False, flipHoriz=False, flipVert=False, image='images/pattern_8.png', interpolate=False, mask=None, maskParams=None, name='unnamed ImageStim', opacity=1.0, ori=0.0, pos=array([-0.26451235, -0.22920126]), size=array([0.12, 0.12]), texRes=128, units='height', win=Window(...))
397.0987 	EXP 	window1: mouseVisible = True
397.1006 	EXP 	Created node5 = Circle(__class__=<class 'psychopy.visual.circle.Circle'>, anchor=('center', 'center'), autoDraw=False, autoLog=True, closeShape=True, color=method-wrapper(...), colorSpace='rgb', contrast=None, depth=0, draggable=False, fillColor=array([1, 1, 1]), fillColorSpace='rgb', fillRGB=array([1, 1, 1]), interpolate=True, lineColor=array([-1, -1, -1]), lineColorSpace='rgb', lineRGB=array([-1, -1, -1]), lineWidth=2, name='node5', opacity=1.0, ori=0.0, pos=array([-0.09860639, -0.33582254]), size=array([1., 1.]), units='height', vertices=ndarray(...), win=Window(...))
397.1006 	EXP 	window1: mouseVisible = True
397.1185 	EXP 	Created unnamed ImageStim = ImageStim(__class__=<class 'psychopy.visual.image.ImageStim'>, anchor=('center', 'center'), autoLog=True, color=array([1., 1., 1.]), colorSpace='rgb', contrast=1.0, depth=0, draggable=False, flipHoriz=False, flipVert=False, image='images/pattern_8.png', interpolate=False, mask=None, maskParams=None, name='unnamed ImageStim', opacity=1.0, ori=0.0, pos=array([-0.09860639, -0.33582254]), size=array([0.12, 0.12]), texRes=128, units='height', win=Window(...))
397.1195 	EXP 	window1: mouseVisible = True
397.1214 	EXP 	Created node6 = Circle(__class__=<class 'psychopy.visual.circle.Circle'>, anchor=('center', 'center'), autoDraw=False, autoLog=True, closeShape=True, color=method-wrapper(...), colorSpace='rgb', contrast=None, depth=0, draggable=False, fillColor=array([1, 1, 1]), fillColorSpace='rgb', fillRGB=array([1, 1, 1]), interpolate=True, lineColor=array([-1, -1, -1]), lineColorSpace='rgb', lineRGB=array([-1, -1, -1]), lineWidth=2, name='node6', opacity=1.0, ori=0.0, pos=array([ 0.09860639, -0.33582254]), size=array([1., 1.]), units='height', vertices=ndarray(...), win=Window(...))
397.1215 	EXP 	window1: mouseVisible = True
397.1393 	EXP 	Created unnamed ImageStim = ImageStim(__class__=<class 'psychopy.visual.image.ImageStim'>, anchor=('center', 'center'), autoLog=True, color=array([1., 1., 1.]), colorSpace='rgb', contrast=1.0, depth=0, draggable=False, flipHoriz=False, flipVert=False, image='images/pattern_8.png', interpolate=False, mask=None, maskParams=None, name='unnamed ImageStim', opacity=1.0, ori=0.0, pos=array([ 0.09860639, -0.33582254]), size=array([0.12, 0.12]), texRes=128, units='height', win=Window(...))
397.1403 	EXP 	window1: mouseVisible = True
397.1422 	EXP 	Created node7 = Circle(__class__=<class 'psychopy.visual.circle.Circle'>, anchor=('center', 'center'), autoDraw=False, autoLog=True, closeShape=True, color=method-wrapper(...), colorSpace='rgb', contrast=None, depth=0, draggable=False, fillColor=array([1, 1, 1]), fillColorSpace='rgb', fillRGB=array([1, 1, 1]), interpolate=True, lineColor=array([-1, -1, -1]), lineColorSpace='rgb', lineRGB=array([-1, -1, -1]), lineWidth=2, name='node7', opacity=1.0, ori=0.0, pos=array([ 0.26451235, -0.22920126]), size=array([1., 1.]), units='height', vertices=ndarray(...), win=Window(...))
397.1422 	EXP 	window1: mouseVisible = True
397.1602 	EXP 	Created unnamed ImageStim = ImageStim(__class__=<class 'psychopy.visual.image.ImageStim'>, anchor=('center', 'center'), autoLog=True, color=array([1., 1., 1.]), colorSpace='rgb', contrast=1.0, depth=0, draggable=False, flipHoriz=False, flipVert=False, image='images/pattern_9.png', interpolate=False, mask=None, maskParams=None, name='unnamed ImageStim', opacity=1.0, ori=0.0, pos=array([ 0.26451235, -0.22920126]), size=array([0.12, 0.12]), texRes=128, units='height', win=Window(...))
397.1612 	EXP 	window1: mouseVisible = True
397.1631 	EXP 	Created node8 = Circle(__class__=<class 'psychopy.visual.circle.Circle'>, anchor=('center', 'center'), autoDraw=False, autoLog=True, closeShape=True, color=method-wrapper(...), colorSpace='rgb', contrast=None, depth=0, draggable=False, fillColor=array([1, 1, 1]), fillColorSpace='rgb', fillRGB=array([1, 1, 1]), interpolate=True, lineColor=array([-1, -1, -1]), lineColorSpace='rgb', lineRGB=array([-1, -1, -1]), lineWidth=2, name='node8', opacity=1.0, ori=0.0, pos=array([ 0.3464375 , -0.04981019]), size=array([1., 1.]), units='height', vertices=ndarray(...), win=Window(...))
397.1631 	EXP 	window1: mouseVisible = True
397.1810 	EXP 	Created unnamed ImageStim = ImageStim(__class__=<class 'psychopy.visual.image.ImageStim'>, anchor=('center', 'center'), autoLog=True, color=array([1., 1., 1.]), colorSpace='rgb', contrast=1.0, depth=0, draggable=False, flipHoriz=False, flipVert=False, image='images/pattern_8.png', interpolate=False, mask=None, maskParams=None, name='unnamed ImageStim', opacity=1.0, ori=0.0, pos=array([ 0.3464375 , -0.04981019]), size=array([0.12, 0.12]), texRes=128, units='height', win=Window(...))
397.1820 	EXP 	window1: mouseVisible = True
397.1839 	EXP 	Created node9 = Circle(__class__=<class 'psychopy.visual.circle.Circle'>, anchor=('center', 'center'), autoDraw=False, autoLog=True, closeShape=True, color=method-wrapper(...), colorSpace='rgb', contrast=None, depth=0, draggable=False, fillColor=array([1, 1, 1]), fillColorSpace='rgb', fillRGB=array([1, 1, 1]), interpolate=True, lineColor=array([-1, -1, -1]), lineColorSpace='rgb', lineRGB=array([-1, -1, -1]), lineWidth=2, name='node9', opacity=1.0, ori=0.0, pos=array([0.3183712 , 0.14539525]), size=array([1., 1.]), units='height', vertices=ndarray(...), win=Window(...))
397.1839 	EXP 	window1: mouseVisible = True
397.2004 	EXP 	Created unnamed ImageStim = ImageStim(__class__=<class 'psychopy.visual.image.ImageStim'>, anchor=('center', 'center'), autoLog=True, color=array([1., 1., 1.]), colorSpace='rgb', contrast=1.0, depth=0, draggable=False, flipHoriz=False, flipVert=False, image='images/pattern_6.png', interpolate=False, mask=None, maskParams=None, name='unnamed ImageStim', opacity=1.0, ori=0.0, pos=array([0.3183712 , 0.14539525]), size=array([0.12, 0.12]), texRes=128, units='height', win=Window(...))
397.2014 	EXP 	window1: mouseVisible = True
397.2033 	EXP 	Created node10 = Circle(__class__=<class 'psychopy.visual.circle.Circle'>, anchor=('center', 'center'), autoDraw=False, autoLog=True, closeShape=True, color=method-wrapper(...), colorSpace='rgb', contrast=None, depth=0, draggable=False, fillColor=array([1, 1, 1]), fillColorSpace='rgb', fillRGB=array([1, 1, 1]), interpolate=True, lineColor=array([-1, -1, -1]), lineColorSpace='rgb', lineRGB=array([-1, -1, -1]), lineWidth=2, name='node10', opacity=1.0, ori=0.0, pos=array([0.18922429, 0.29443874]), size=array([1., 1.]), units='height', vertices=ndarray(...), win=Window(...))
397.2034 	EXP 	window1: mouseVisible = True
397.2199 	EXP 	Created unnamed ImageStim = ImageStim(__class__=<class 'psychopy.visual.image.ImageStim'>, anchor=('center', 'center'), autoLog=True, color=array([1., 1., 1.]), colorSpace='rgb', contrast=1.0, depth=0, draggable=False, flipHoriz=False, flipVert=False, image='images/pattern_2.png', interpolate=False, mask=None, maskParams=None, name='unnamed ImageStim', opacity=1.0, ori=0.0, pos=array([0.18922429, 0.29443874]), size=array([0.12, 0.12]), texRes=128, units='height', win=Window(...))
397.2200 	EXP 	window1: mouseVisible = True
397.2204 	EXP 	Created unnamed Line = Line(__class__=<class 'psychopy.visual.line.Line'>, anchor=('center', 'center'), autoDraw=False, autoLog=True, closeShape=False, color=array([-1, -1, -1]), colorSpace='rgb', contrast=None, depth=2, draggable=False, fillColor=array([0, 0, 0]), fillColorSpace='rgb', fillRGB=array([0, 0, 0]), interpolate=True, lineColor=array([-1, -1, -1]), lineColorSpace='rgb', lineRGB=array([-1, -1, -1]), lineWidth=4, name='unnamed Line', opacity=0.5, ori=0.0, pos=array([0., 0.]), size=array([1., 1.]), units='height', vertices=ndarray(...), win=Window(...), windingRule=None)
397.2205 	EXP 	window1: mouseVisible = True
397.2209 	EXP 	Created unnamed ShapeStim = ShapeStim(__class__=<class 'psychopy.visual.shape.ShapeStim'>, anchor=('center', 'center'), autoDraw=False, autoLog=True, closeShape=True, color=method-wrapper(...), colorSpace='rgb', contrast=None, depth=0, draggable=False, fillColor=array([-1, -1, -1]), fillColorSpace='rgb', fillRGB=array([-1, -1, -1]), interpolate=True, lineColor=array([-1, -1, -1]), lineColorSpace='rgb', lineRGB=array([-1, -1, -1]), lineWidth=1.5, name='unnamed ShapeStim', opacity=1.0, ori=204.54545454545456, pos=array([-0.2437416 , -0.18371966]), size=array([1., 1.]), units='height', vertices=ndarray(...), win=Window(...), windingRule=None)
397.2209 	EXP 	window1: mouseVisible = True
397.2213 	EXP 	Created unnamed Line = Line(__class__=<class 'psychopy.visual.line.Line'>, anchor=('center', 'center'), autoDraw=False, autoLog=True, closeShape=False, color=array([-1, -1, -1]), colorSpace='rgb', contrast=None, depth=2, draggable=False, fillColor=array([0, 0, 0]), fillColorSpace='rgb', fillRGB=array([0, 0, 0]), interpolate=True, lineColor=array([-1, -1, -1]), lineColorSpace='rgb', lineRGB=array([-1, -1, -1]), lineWidth=4, name='unnamed Line', opacity=0.5, ori=0.0, pos=array([0., 0.]), size=array([1., 1.]), units='height', vertices=ndarray(...), win=Window(...), windingRule=None)
397.2213 	EXP 	window1: mouseVisible = True
397.2217 	EXP 	Created unnamed ShapeStim = ShapeStim(__class__=<class 'psychopy.visual.shape.ShapeStim'>, anchor=('center', 'center'), autoDraw=False, autoLog=True, closeShape=True, color=method-wrapper(...), colorSpace='rgb', contrast=None, depth=0, draggable=False, fillColor=array([-1, -1, -1]), fillColorSpace='rgb', fillRGB=array([-1, -1, -1]), interpolate=True, lineColor=array([-1, -1, -1]), lineColorSpace='rgb', lineRGB=array([-1, -1, -1]), lineWidth=1.5, name='unnamed ShapeStim', opacity=1.0, ori=122.72727272727275, pos=array([0.27630852, 0.1724273 ]), size=array([1., 1.]), units='height', vertices=ndarray(...), win=Window(...), windingRule=None)
397.2218 	EXP 	window1: mouseVisible = True
397.2221 	EXP 	Created unnamed Line = Line(__class__=<class 'psychopy.visual.line.Line'>, anchor=('center', 'center'), autoDraw=False, autoLog=True, closeShape=False, color=array([-1, -1, -1]), colorSpace='rgb', contrast=None, depth=2, draggable=False, fillColor=array([0, 0, 0]), fillColorSpace='rgb', fillRGB=array([0, 0, 0]), interpolate=True, lineColor=array([-1, -1, -1]), lineColorSpace='rgb', lineRGB=array([-1, -1, -1]), lineWidth=4, name='unnamed Line', opacity=0.5, ori=0.0, pos=array([0., 0.]), size=array([1., 1.]), units='height', vertices=ndarray(...), win=Window(...), windingRule=None)
397.2222 	EXP 	window1: mouseVisible = True
397.2225 	EXP 	Created unnamed ShapeStim = ShapeStim(__class__=<class 'psychopy.visual.shape.ShapeStim'>, anchor=('center', 'center'), autoDraw=False, autoLog=True, closeShape=True, color=method-wrapper(...), colorSpace='rgb', contrast=None, depth=0, draggable=False, fillColor=array([-1, -1, -1]), fillColorSpace='rgb', fillRGB=array([-1, -1, -1]), interpolate=True, lineColor=array([-1, -1, -1]), lineColorSpace='rgb', lineRGB=array([-1, -1, -1]), lineWidth=1.5, name='unnamed ShapeStim', opacity=1.0, ori=40.909090909090914, pos=array([-0.22196732,  0.25665126]), size=array([1., 1.]), units='height', vertices=ndarray(...), win=Window(...), windingRule=None)
397.2226 	EXP 	window1: mouseVisible = True
397.2229 	EXP 	Created unnamed Line = Line(__class__=<class 'psychopy.visual.line.Line'>, anchor=('center', 'center'), autoDraw=False, autoLog=True, closeShape=False, color=array([-1, -1, -1]), colorSpace='rgb', contrast=None, depth=2, draggable=False, fillColor=array([0, 0, 0]), fillColorSpace='rgb', fillRGB=array([0, 0, 0]), interpolate=True, lineColor=array([-1, -1, -1]), lineColorSpace='rgb', lineRGB=array([-1, -1, -1]), lineWidth=4, name='unnamed Line', opacity=0.5, ori=0.0, pos=array([0., 0.]), size=array([1., 1.]), units='height', vertices=ndarray(...), win=Window(...), windingRule=None)
397.2230 	EXP 	window1: mouseVisible = True
397.2233 	EXP 	Created unnamed ShapeStim = ShapeStim(__class__=<class 'psychopy.visual.shape.ShapeStim'>, anchor=('center', 'center'), autoDraw=False, autoLog=True, closeShape=True, color=method-wrapper(...), colorSpace='rgb', contrast=None, depth=0, draggable=False, fillColor=array([-1, -1, -1]), fillColorSpace='rgb', fillRGB=array([-1, -1, -1]), interpolate=True, lineColor=array([-1, -1, -1]), lineColorSpace='rgb', lineRGB=array([-1, -1, -1]), lineWidth=1.5, name='unnamed ShapeStim', opacity=1.0, ori=106.36363636363636, pos=array([ 0.29846286, -0.03572357]), size=array([1., 1.]), units='height', vertices=ndarray(...), win=Window(...), windingRule=None)
397.2234 	EXP 	window1: mouseVisible = True
397.2238 	EXP 	Created unnamed Line = Line(__class__=<class 'psychopy.visual.line.Line'>, anchor=('center', 'center'), autoDraw=False, autoLog=True, closeShape=False, color=array([-1, -1, -1]), colorSpace='rgb', contrast=None, depth=2, draggable=False, fillColor=array([0, 0, 0]), fillColorSpace='rgb', fillRGB=array([0, 0, 0]), interpolate=True, lineColor=array([-1, -1, -1]), lineColorSpace='rgb', lineRGB=array([-1, -1, -1]), lineWidth=4, name='unnamed Line', opacity=0.5, ori=0.0, pos=array([0., 0.]), size=array([1., 1.]), units='height', vertices=ndarray(...), win=Window(...), windingRule=None)
397.2238 	EXP 	window1: mouseVisible = True
397.2242 	EXP 	Created unnamed ShapeStim = ShapeStim(__class__=<class 'psychopy.visual.shape.ShapeStim'>, anchor=('center', 'center'), autoDraw=False, autoLog=True, closeShape=True, color=method-wrapper(...), colorSpace='rgb', contrast=None, depth=0, draggable=False, fillColor=array([-1, -1, -1]), fillColorSpace='rgb', fillRGB=array([-1, -1, -1]), interpolate=True, lineColor=array([-1, -1, -1]), lineColorSpace='rgb', lineRGB=array([-1, -1, -1]), lineWidth=1.5, name='unnamed ShapeStim', opacity=1.0, ori=90.00000000000003, pos=array([ 0.21451235, -0.22920126]), size=array([1., 1.]), units='height', vertices=ndarray(...), win=Window(...), windingRule=None)
397.2242 	EXP 	window1: mouseVisible = True
397.2246 	EXP 	Created unnamed Line = Line(__class__=<class 'psychopy.visual.line.Line'>, anchor=('center', 'center'), autoDraw=False, autoLog=True, closeShape=False, color=array([-1, -1, -1]), colorSpace='rgb', contrast=None, depth=2, draggable=False, fillColor=array([0, 0, 0]), fillColorSpace='rgb', fillRGB=array([0, 0, 0]), interpolate=True, lineColor=array([-1, -1, -1]), lineColorSpace='rgb', lineRGB=array([-1, -1, -1]), lineWidth=4, name='unnamed Line', opacity=0.5, ori=0.0, pos=array([0., 0.]), size=array([1., 1.]), units='height', vertices=ndarray(...), win=Window(...), windingRule=None)
397.2246 	EXP 	window1: mouseVisible = True
397.2250 	EXP 	Created unnamed ShapeStim = ShapeStim(__class__=<class 'psychopy.visual.shape.ShapeStim'>, anchor=('center', 'center'), autoDraw=False, autoLog=True, closeShape=True, color=method-wrapper(...), colorSpace='rgb', contrast=None, depth=0, draggable=False, fillColor=array([-1, -1, -1]), fillColorSpace='rgb', fillRGB=array([-1, -1, -1]), interpolate=True, lineColor=array([-1, -1, -1]), lineColorSpace='rgb', lineRGB=array([-1, -1, -1]), lineWidth=1.5, name='unnamed ShapeStim', opacity=1.0, ori=106.36363636363639, pos=array([ 0.05063175, -0.32173591]), size=array([1., 1.]), units='height', vertices=ndarray(...), win=Window(...), windingRule=None)
397.2250 	EXP 	window1: mouseVisible = True
397.2254 	EXP 	Created unnamed Line = Line(__class__=<class 'psychopy.visual.line.Line'>, anchor=('center', 'center'), autoDraw=False, autoLog=True, closeShape=False, color=array([-1, -1, -1]), colorSpace='rgb', contrast=None, depth=2, draggable=False, fillColor=array([0, 0, 0]), fillColorSpace='rgb', fillRGB=array([0, 0, 0]), interpolate=True, lineColor=array([-1, -1, -1]), lineColorSpace='rgb', lineRGB=array([-1, -1, -1]), lineWidth=4, name='unnamed Line', opacity=0.5, ori=0.0, pos=array([0., 0.]), size=array([1., 1.]), units='height', vertices=ndarray(...), win=Window(...), windingRule=None)
397.2254 	EXP 	window1: mouseVisible = True
397.2258 	EXP 	Created unnamed ShapeStim = ShapeStim(__class__=<class 'psychopy.visual.shape.ShapeStim'>, anchor=('center', 'center'), autoDraw=False, autoLog=True, closeShape=True, color=method-wrapper(...), colorSpace='rgb', contrast=None, depth=0, draggable=False, fillColor=array([-1, -1, -1]), fillColorSpace='rgb', fillRGB=array([-1, -1, -1]), interpolate=True, lineColor=array([-1, -1, -1]), lineColorSpace='rgb', lineRGB=array([-1, -1, -1]), lineWidth=1.5, name='unnamed ShapeStim', opacity=1.0, ori=253.63636363636365, pos=array([-0.29846286, -0.03572357]), size=array([1., 1.]), units='height', vertices=ndarray(...), win=Window(...), windingRule=None)
397.2258 	EXP 	window1: mouseVisible = True
397.2262 	EXP 	Created unnamed Line = Line(__class__=<class 'psychopy.visual.line.Line'>, anchor=('center', 'center'), autoDraw=False, autoLog=True, closeShape=False, color=array([-1, -1, -1]), colorSpace='rgb', contrast=None, depth=2, draggable=False, fillColor=array([0, 0, 0]), fillColorSpace='rgb', fillRGB=array([0, 0, 0]), interpolate=True, lineColor=array([-1, -1, -1]), lineColorSpace='rgb', lineRGB=array([-1, -1, -1]), lineWidth=4, name='unnamed Line', opacity=0.5, ori=0.0, pos=array([0., 0.]), size=array([1., 1.]), units='height', vertices=ndarray(...), win=Window(...), windingRule=None)
397.2263 	EXP 	window1: mouseVisible = True
397.2266 	EXP 	Created unnamed ShapeStim = ShapeStim(__class__=<class 'psychopy.visual.shape.ShapeStim'>, anchor=('center', 'center'), autoDraw=False, autoLog=True, closeShape=True, color=method-wrapper(...), colorSpace='rgb', contrast=None, depth=0, draggable=False, fillColor=array([-1, -1, -1]), fillColorSpace='rgb', fillRGB=array([-1, -1, -1]), interpolate=True, lineColor=array([-1, -1, -1]), lineColorSpace='rgb', lineRGB=array([-1, -1, -1]), lineWidth=1.5, name='unnamed ShapeStim', opacity=1.0, ori=220.90909090909093, pos=array([-0.06586336, -0.29803506]), size=array([1., 1.]), units='height', vertices=ndarray(...), win=Window(...), windingRule=None)
397.2267 	EXP 	window1: mouseVisible = True
397.2270 	EXP 	Created unnamed Line = Line(__class__=<class 'psychopy.visual.line.Line'>, anchor=('center', 'center'), autoDraw=False, autoLog=True, closeShape=False, color=array([-1, -1, -1]), colorSpace='rgb', contrast=None, depth=2, draggable=False, fillColor=array([0, 0, 0]), fillColorSpace='rgb', fillRGB=array([0, 0, 0]), interpolate=True, lineColor=array([-1, -1, -1]), lineColorSpace='rgb', lineRGB=array([-1, -1, -1]), lineWidth=4, name='unnamed Line', opacity=0.5, ori=0.0, pos=array([0., 0.]), size=array([1., 1.]), units='height', vertices=ndarray(...), win=Window(...), windingRule=None)
397.2271 	EXP 	window1: mouseVisible = True
397.2274 	EXP 	Created unnamed ShapeStim = ShapeStim(__class__=<class 'psychopy.visual.shape.ShapeStim'>, anchor=('center', 'center'), autoDraw=False, autoLog=True, closeShape=True, color=method-wrapper(...), colorSpace='rgb', contrast=None, depth=0, draggable=False, fillColor=array([-1, -1, -1]), fillColorSpace='rgb', fillRGB=array([-1, -1, -1]), interpolate=True, lineColor=array([-1, -1, -1]), lineColorSpace='rgb', lineRGB=array([-1, -1, -1]), lineWidth=1.5, name='unnamed ShapeStim', opacity=1.0, ori=253.63636363636365, pos=array([-0.27039655,  0.15948188]), size=array([1., 1.]), units='height', vertices=ndarray(...), win=Window(...), windingRule=None)
397.2275 	EXP 	window1: mouseVisible = True
397.2278 	EXP 	Created unnamed Line = Line(__class__=<class 'psychopy.visual.line.Line'>, anchor=('center', 'center'), autoDraw=False, autoLog=True, closeShape=False, color=array([-1, -1, -1]), colorSpace='rgb', contrast=None, depth=2, draggable=False, fillColor=array([0, 0, 0]), fillColorSpace='rgb', fillRGB=array([0, 0, 0]), interpolate=True, lineColor=array([-1, -1, -1]), lineColorSpace='rgb', lineRGB=array([-1, -1, -1]), lineWidth=4, name='unnamed Line', opacity=0.5, ori=0.0, pos=array([0., 0.]), size=array([1., 1.]), units='height', vertices=ndarray(...), win=Window(...), windingRule=None)
397.2278 	EXP 	window1: mouseVisible = True
397.2283 	EXP 	Created unnamed ShapeStim = ShapeStim(__class__=<class 'psychopy.visual.shape.ShapeStim'>, anchor=('center', 'center'), autoDraw=False, autoLog=True, closeShape=True, color=method-wrapper(...), colorSpace='rgb', contrast=None, depth=0, draggable=False, fillColor=array([-1, -1, -1]), fillColorSpace='rgb', fillRGB=array([-1, -1, -1]), interpolate=True, lineColor=array([-1, -1, -1]), lineColorSpace='rgb', lineRGB=array([-1, -1, -1]), lineWidth=1.5, name='unnamed ShapeStim', opacity=1.0, ori=270.0, pos=array([-0.13922429,  0.29443874]), size=array([1., 1.]), units='height', vertices=ndarray(...), win=Window(...), windingRule=None)
397.2283 	EXP 	window1: mouseVisible = True
397.2286 	EXP 	Created unnamed Rect = Rect(__class__=<class 'psychopy.visual.rect.Rect'>, anchor=('center', 'center'), autoDraw=False, autoLog=True, closeShape=True, color=method-wrapper(...), colorSpace='rgb', contrast=None, depth=0, draggable=False, fillColor=array([0.00392157, 0.00392157, 0.00392157]), fillColorSpace='rgb', fillRGB=array([0.00392157, 0.00392157, 0.00392157]), interpolate=True, lineColor=array([0, 0, 0]), lineColorSpace='rgb', lineRGB=array([0, 0, 0]), lineWidth=0, name='unnamed Rect', opacity=0.0, ori=0.0, pos=array([0.1, 0. ]), size=array([1.1, 1. ]), units='height', vertices=ndarray(...), win=Window(...))
397.2353 	EXP 	unnamed Rect: autoDraw = True
397.2353 	EXP 	node0: autoDraw = True
397.2353 	EXP 	node1: autoDraw = True
397.2353 	EXP 	unnamed ImageStim: autoDraw = True
397.2353 	EXP 	node2: autoDraw = True
397.2353 	EXP 	unnamed ImageStim: autoDraw = True
397.2353 	EXP 	node3: autoDraw = True
397.2353 	EXP 	unnamed ImageStim: autoDraw = True
397.2353 	EXP 	node4: autoDraw = True
397.2353 	EXP 	unnamed ImageStim: autoDraw = True
397.2353 	EXP 	node5: autoDraw = True
397.2353 	EXP 	unnamed ImageStim: autoDraw = True
397.2353 	EXP 	node6: autoDraw = True
397.2353 	EXP 	unnamed ImageStim: autoDraw = True
397.2353 	EXP 	node7: autoDraw = True
397.2353 	EXP 	unnamed ImageStim: autoDraw = True
397.2353 	EXP 	node8: autoDraw = True
397.2353 	EXP 	unnamed ImageStim: autoDraw = True
397.2353 	EXP 	node9: autoDraw = True
397.2353 	EXP 	unnamed ImageStim: autoDraw = True
397.2353 	EXP 	node10: autoDraw = True
397.2353 	EXP 	unnamed ImageStim: autoDraw = True
397.2353 	EXP 	unnamed Line: autoDraw = True
397.2353 	EXP 	unnamed Line: autoDraw = True
397.2353 	EXP 	unnamed ShapeStim: autoDraw = True
397.2353 	EXP 	unnamed Line: autoDraw = True
397.2353 	EXP 	unnamed Line: autoDraw = True
397.2353 	EXP 	unnamed ShapeStim: autoDraw = True
397.2353 	EXP 	unnamed Line: autoDraw = True
397.2353 	EXP 	unnamed Line: autoDraw = True
397.2353 	EXP 	unnamed ShapeStim: autoDraw = True
397.2353 	EXP 	unnamed Line: autoDraw = True
397.2353 	EXP 	unnamed Line: autoDraw = True
397.2353 	EXP 	unnamed ShapeStim: autoDraw = True
397.2353 	EXP 	unnamed Line: autoDraw = True
397.2353 	EXP 	unnamed Line: autoDraw = True
397.2353 	EXP 	unnamed ShapeStim: autoDraw = True
397.2353 	EXP 	unnamed Line: autoDraw = True
397.2353 	EXP 	unnamed Line: autoDraw = True
397.2353 	EXP 	unnamed ShapeStim: autoDraw = True
397.2353 	EXP 	unnamed Line: autoDraw = True
397.2353 	EXP 	unnamed Line: autoDraw = True
397.2353 	EXP 	unnamed ShapeStim: autoDraw = True
397.2353 	EXP 	unnamed Line: autoDraw = True
397.2353 	EXP 	unnamed Line: autoDraw = True
397.2353 	EXP 	unnamed ShapeStim: autoDraw = True
397.2353 	EXP 	unnamed Line: autoDraw = True
397.2353 	EXP 	unnamed Line: autoDraw = True
397.2353 	EXP 	unnamed ShapeStim: autoDraw = True
397.2353 	EXP 	unnamed Line: autoDraw = True
397.2353 	EXP 	unnamed Line: autoDraw = True
397.2353 	EXP 	unnamed ShapeStim: autoDraw = True
397.2353 	EXP 	unnamed Rect: autoDraw = True
397.2353 	EXP 	node0: fillColor = '#126DEF'
397.2411 	EXP 	node0: fillColor = '#126DEF'
397.2411 	EXP 	unnamed Line: autoDraw = False
397.2411 	EXP 	unnamed ShapeStim: autoDraw = False
397.2411 	EXP 	unnamed Line: autoDraw = True
397.2411 	EXP 	unnamed ShapeStim: autoDraw = True
397.2411 	EXP 	unnamed Line: autoDraw = False
397.2411 	EXP 	unnamed ShapeStim: autoDraw = False
397.2411 	EXP 	unnamed Line: autoDraw = True
397.2411 	EXP 	unnamed ShapeStim: autoDraw = True
397.2411 	EXP 	unnamed Line: foreColor = <psychopy.colors.Color: black, alpha=1.0>
397.2411 	EXP 	unnamed Line: borderColor = <psychopy.colors.Color: black, alpha=1.0>
397.2411 	EXP 	unnamed Line: fillColor = <psychopy.colors.Color: black, alpha=1.0>
397.2411 	EXP 	unnamed ShapeStim: foreColor = <psychopy.colors.Color: black, alpha=1.0>
397.2411 	EXP 	unnamed ShapeStim: borderColor = <psychopy.colors.Color: black, alpha=1.0>
397.2411 	EXP 	unnamed ShapeStim: fillColor = <psychopy.colors.Color: black, alpha=1.0>
397.2411 	EXP 	unnamed Line: foreColor = <psychopy.colors.Color: black, alpha=1.0>
397.2411 	EXP 	unnamed Line: borderColor = <psychopy.colors.Color: black, alpha=1.0>
397.2411 	EXP 	unnamed Line: fillColor = <psychopy.colors.Color: black, alpha=1.0>
397.2411 	EXP 	unnamed ShapeStim: foreColor = <psychopy.colors.Color: black, alpha=1.0>
397.2411 	EXP 	unnamed ShapeStim: borderColor = <psychopy.colors.Color: black, alpha=1.0>
397.2411 	EXP 	unnamed ShapeStim: fillColor = <psychopy.colors.Color: black, alpha=1.0>
397.2411 	EXP 	unnamed Line: foreColor = <psychopy.colors.Color: black, alpha=1.0>
397.2411 	EXP 	unnamed Line: borderColor = <psychopy.colors.Color: black, alpha=1.0>
397.2411 	EXP 	unnamed Line: fillColor = <psychopy.colors.Color: black, alpha=1.0>
397.2411 	EXP 	unnamed ShapeStim: foreColor = <psychopy.colors.Color: black, alpha=1.0>
397.2411 	EXP 	unnamed ShapeStim: borderColor = <psychopy.colors.Color: black, alpha=1.0>
397.2411 	EXP 	unnamed ShapeStim: fillColor = <psychopy.colors.Color: black, alpha=1.0>
397.2411 	EXP 	unnamed Line: foreColor = <psychopy.colors.Color: black, alpha=1.0>
397.2411 	EXP 	unnamed Line: borderColor = <psychopy.colors.Color: black, alpha=1.0>
397.2411 	EXP 	unnamed Line: fillColor = <psychopy.colors.Color: black, alpha=1.0>
397.2411 	EXP 	unnamed ShapeStim: foreColor = <psychopy.colors.Color: black, alpha=1.0>
397.2411 	EXP 	unnamed ShapeStim: borderColor = <psychopy.colors.Color: black, alpha=1.0>
397.2411 	EXP 	unnamed ShapeStim: fillColor = <psychopy.colors.Color: black, alpha=1.0>
397.2411 	EXP 	unnamed Line: foreColor = <psychopy.colors.Color: black, alpha=1.0>
397.2411 	EXP 	unnamed Line: borderColor = <psychopy.colors.Color: black, alpha=1.0>
397.2411 	EXP 	unnamed Line: fillColor = <psychopy.colors.Color: black, alpha=1.0>
397.2411 	EXP 	unnamed ShapeStim: foreColor = <psychopy.colors.Color: black, alpha=1.0>
397.2411 	EXP 	unnamed ShapeStim: borderColor = <psychopy.colors.Color: black, alpha=1.0>
397.2411 	EXP 	unnamed ShapeStim: fillColor = <psychopy.colors.Color: black, alpha=1.0>
397.2411 	EXP 	unnamed Line: foreColor = <psychopy.colors.Color: black, alpha=1.0>
397.2411 	EXP 	unnamed Line: borderColor = <psychopy.colors.Color: black, alpha=1.0>
397.2411 	EXP 	unnamed Line: fillColor = <psychopy.colors.Color: black, alpha=1.0>
397.2411 	EXP 	unnamed ShapeStim: foreColor = <psychopy.colors.Color: black, alpha=1.0>
397.2411 	EXP 	unnamed ShapeStim: borderColor = <psychopy.colors.Color: black, alpha=1.0>
397.2411 	EXP 	unnamed ShapeStim: fillColor = <psychopy.colors.Color: black, alpha=1.0>
397.2411 	EXP 	unnamed Line: foreColor = <psychopy.colors.Color: black, alpha=1.0>
397.2411 	EXP 	unnamed Line: borderColor = <psychopy.colors.Color: black, alpha=1.0>
397.2411 	EXP 	unnamed Line: fillColor = <psychopy.colors.Color: black, alpha=1.0>
397.2411 	EXP 	unnamed ShapeStim: foreColor = <psychopy.colors.Color: black, alpha=1.0>
397.2411 	EXP 	unnamed ShapeStim: borderColor = <psychopy.colors.Color: black, alpha=1.0>
397.2411 	EXP 	unnamed ShapeStim: fillColor = <psychopy.colors.Color: black, alpha=1.0>
397.2411 	EXP 	unnamed Line: foreColor = <psychopy.colors.Color: black, alpha=1.0>
397.2411 	EXP 	unnamed Line: borderColor = <psychopy.colors.Color: black, alpha=1.0>
397.2411 	EXP 	unnamed Line: fillColor = <psychopy.colors.Color: black, alpha=1.0>
397.2411 	EXP 	unnamed ShapeStim: foreColor = <psychopy.colors.Color: black, alpha=1.0>
397.2411 	EXP 	unnamed ShapeStim: borderColor = <psychopy.colors.Color: black, alpha=1.0>
397.2411 	EXP 	unnamed ShapeStim: fillColor = <psychopy.colors.Color: black, alpha=1.0>
397.2411 	EXP 	unnamed Line: foreColor = <psychopy.colors.Color: (1.0, 0.58, -0.87, 1.0)>
397.2411 	EXP 	unnamed Line: borderColor = <psychopy.colors.Color: (1.0, 0.58, -0.87, 1.0)>
397.2411 	EXP 	unnamed Line: fillColor = <psychopy.colors.Color: (1.0, 0.58, -0.87, 1.0)>
397.2411 	EXP 	unnamed ShapeStim: foreColor = <psychopy.colors.Color: (1.0, 0.58, -0.87, 1.0)>
397.2411 	EXP 	unnamed ShapeStim: borderColor = <psychopy.colors.Color: (1.0, 0.58, -0.87, 1.0)>
397.2411 	EXP 	unnamed ShapeStim: fillColor = <psychopy.colors.Color: (1.0, 0.58, -0.87, 1.0)>
398.6763 	DATA 	Keypress: f
398.6828 	EXP 	unnamed Line: foreColor = <psychopy.colors.Color: black, alpha=1.0>
398.6828 	EXP 	unnamed Line: borderColor = <psychopy.colors.Color: black, alpha=1.0>
398.6828 	EXP 	unnamed Line: fillColor = <psychopy.colors.Color: black, alpha=1.0>
398.6828 	EXP 	unnamed ShapeStim: foreColor = <psychopy.colors.Color: black, alpha=1.0>
398.6828 	EXP 	unnamed ShapeStim: borderColor = <psychopy.colors.Color: black, alpha=1.0>
398.6828 	EXP 	unnamed ShapeStim: fillColor = <psychopy.colors.Color: black, alpha=1.0>
398.6828 	EXP 	unnamed Line: foreColor = <psychopy.colors.Color: (1.0, 0.58, -0.87, 1.0)>
398.6828 	EXP 	unnamed Line: borderColor = <psychopy.colors.Color: (1.0, 0.58, -0.87, 1.0)>
398.6828 	EXP 	unnamed Line: fillColor = <psychopy.colors.Color: (1.0, 0.58, -0.87, 1.0)>
398.6828 	EXP 	unnamed ShapeStim: foreColor = <psychopy.colors.Color: (1.0, 0.58, -0.87, 1.0)>
398.6828 	EXP 	unnamed ShapeStim: borderColor = <psychopy.colors.Color: (1.0, 0.58, -0.87, 1.0)>
398.6828 	EXP 	unnamed ShapeStim: fillColor = <psychopy.colors.Color: (1.0, 0.58, -0.87, 1.0)>
399.1719 	DATA 	Keypress: f
399.1775 	EXP 	unnamed Line: foreColor = <psychopy.colors.Color: black, alpha=1.0>
399.1775 	EXP 	unnamed Line: borderColor = <psychopy.colors.Color: black, alpha=1.0>
399.1775 	EXP 	unnamed Line: fillColor = <psychopy.colors.Color: black, alpha=1.0>
399.1775 	EXP 	unnamed ShapeStim: foreColor = <psychopy.colors.Color: black, alpha=1.0>
399.1775 	EXP 	unnamed ShapeStim: borderColor = <psychopy.colors.Color: black, alpha=1.0>
399.1775 	EXP 	unnamed ShapeStim: fillColor = <psychopy.colors.Color: black, alpha=1.0>
399.1775 	EXP 	unnamed Line: foreColor = <psychopy.colors.Color: (1.0, 0.58, -0.87, 1.0)>
399.1775 	EXP 	unnamed Line: borderColor = <psychopy.colors.Color: (1.0, 0.58, -0.87, 1.0)>
399.1775 	EXP 	unnamed Line: fillColor = <psychopy.colors.Color: (1.0, 0.58, -0.87, 1.0)>
399.1775 	EXP 	unnamed ShapeStim: foreColor = <psychopy.colors.Color: (1.0, 0.58, -0.87, 1.0)>
399.1775 	EXP 	unnamed ShapeStim: borderColor = <psychopy.colors.Color: (1.0, 0.58, -0.87, 1.0)>
399.1775 	EXP 	unnamed ShapeStim: fillColor = <psychopy.colors.Color: (1.0, 0.58, -0.87, 1.0)>
400.6841 	DATA 	Keypress: f
400.6905 	EXP 	unnamed Line: foreColor = <psychopy.colors.Color: black, alpha=1.0>
400.6905 	EXP 	unnamed Line: borderColor = <psychopy.colors.Color: black, alpha=1.0>
400.6905 	EXP 	unnamed Line: fillColor = <psychopy.colors.Color: black, alpha=1.0>
400.6905 	EXP 	unnamed ShapeStim: foreColor = <psychopy.colors.Color: black, alpha=1.0>
400.6905 	EXP 	unnamed ShapeStim: borderColor = <psychopy.colors.Color: black, alpha=1.0>
400.6905 	EXP 	unnamed ShapeStim: fillColor = <psychopy.colors.Color: black, alpha=1.0>
400.6905 	EXP 	unnamed Line: foreColor = <psychopy.colors.Color: (1.0, 0.58, -0.87, 1.0)>
400.6905 	EXP 	unnamed Line: borderColor = <psychopy.colors.Color: (1.0, 0.58, -0.87, 1.0)>
400.6905 	EXP 	unnamed Line: fillColor = <psychopy.colors.Color: (1.0, 0.58, -0.87, 1.0)>
400.6905 	EXP 	unnamed ShapeStim: foreColor = <psychopy.colors.Color: (1.0, 0.58, -0.87, 1.0)>
400.6905 	EXP 	unnamed ShapeStim: borderColor = <psychopy.colors.Color: (1.0, 0.58, -0.87, 1.0)>
400.6905 	EXP 	unnamed ShapeStim: fillColor = <psychopy.colors.Color: (1.0, 0.58, -0.87, 1.0)>
400.9077 	DATA 	Keypress: f
400.9130 	EXP 	unnamed Line: foreColor = <psychopy.colors.Color: black, alpha=1.0>
400.9130 	EXP 	unnamed Line: borderColor = <psychopy.colors.Color: black, alpha=1.0>
400.9130 	EXP 	unnamed Line: fillColor = <psychopy.colors.Color: black, alpha=1.0>
400.9130 	EXP 	unnamed ShapeStim: foreColor = <psychopy.colors.Color: black, alpha=1.0>
400.9130 	EXP 	unnamed ShapeStim: borderColor = <psychopy.colors.Color: black, alpha=1.0>
400.9130 	EXP 	unnamed ShapeStim: fillColor = <psychopy.colors.Color: black, alpha=1.0>
400.9130 	EXP 	unnamed Line: foreColor = <psychopy.colors.Color: (1.0, 0.58, -0.87, 1.0)>
400.9130 	EXP 	unnamed Line: borderColor = <psychopy.colors.Color: (1.0, 0.58, -0.87, 1.0)>
400.9130 	EXP 	unnamed Line: fillColor = <psychopy.colors.Color: (1.0, 0.58, -0.87, 1.0)>
400.9130 	EXP 	unnamed ShapeStim: foreColor = <psychopy.colors.Color: (1.0, 0.58, -0.87, 1.0)>
400.9130 	EXP 	unnamed ShapeStim: borderColor = <psychopy.colors.Color: (1.0, 0.58, -0.87, 1.0)>
400.9130 	EXP 	unnamed ShapeStim: fillColor = <psychopy.colors.Color: (1.0, 0.58, -0.87, 1.0)>
401.4840 	DATA 	Keypress: j
401.4877 	EXP 	node4: fillColor = '#126DEF'
401.4877 	EXP 	node0: fillColor = 'white'
401.4941 	EXP 	unnamed Line: foreColor = <psychopy.colors.Color: black, alpha=1.0>
401.4941 	EXP 	unnamed Line: borderColor = <psychopy.colors.Color: black, alpha=1.0>
401.4941 	EXP 	unnamed Line: fillColor = <psychopy.colors.Color: black, alpha=1.0>
401.4941 	EXP 	unnamed ShapeStim: foreColor = <psychopy.colors.Color: black, alpha=1.0>
401.4941 	EXP 	unnamed ShapeStim: borderColor = <psychopy.colors.Color: black, alpha=1.0>
401.4941 	EXP 	unnamed ShapeStim: fillColor = <psychopy.colors.Color: black, alpha=1.0>
401.4941 	EXP 	unnamed Line: foreColor = <psychopy.colors.Color: black, alpha=1.0>
401.4941 	EXP 	unnamed Line: borderColor = <psychopy.colors.Color: black, alpha=1.0>
401.4941 	EXP 	unnamed Line: fillColor = <psychopy.colors.Color: black, alpha=1.0>
401.4941 	EXP 	unnamed ShapeStim: foreColor = <psychopy.colors.Color: black, alpha=1.0>
401.4941 	EXP 	unnamed ShapeStim: borderColor = <psychopy.colors.Color: black, alpha=1.0>
401.4941 	EXP 	unnamed ShapeStim: fillColor = <psychopy.colors.Color: black, alpha=1.0>
401.4941 	EXP 	unnamed Line: foreColor = <psychopy.colors.Color: black, alpha=1.0>
401.4941 	EXP 	unnamed Line: borderColor = <psychopy.colors.Color: black, alpha=1.0>
401.4941 	EXP 	unnamed Line: fillColor = <psychopy.colors.Color: black, alpha=1.0>
401.4941 	EXP 	unnamed ShapeStim: foreColor = <psychopy.colors.Color: black, alpha=1.0>
401.4941 	EXP 	unnamed ShapeStim: borderColor = <psychopy.colors.Color: black, alpha=1.0>
401.4941 	EXP 	unnamed ShapeStim: fillColor = <psychopy.colors.Color: black, alpha=1.0>
401.4941 	EXP 	unnamed Line: foreColor = <psychopy.colors.Color: black, alpha=1.0>
401.4941 	EXP 	unnamed Line: borderColor = <psychopy.colors.Color: black, alpha=1.0>
401.4941 	EXP 	unnamed Line: fillColor = <psychopy.colors.Color: black, alpha=1.0>
401.4941 	EXP 	unnamed ShapeStim: foreColor = <psychopy.colors.Color: black, alpha=1.0>
401.4941 	EXP 	unnamed ShapeStim: borderColor = <psychopy.colors.Color: black, alpha=1.0>
401.4941 	EXP 	unnamed ShapeStim: fillColor = <psychopy.colors.Color: black, alpha=1.0>
401.4941 	EXP 	unnamed Line: autoDraw = False
401.4941 	EXP 	unnamed ShapeStim: autoDraw = False
401.4941 	EXP 	unnamed Line: autoDraw = True
401.4941 	EXP 	unnamed ShapeStim: autoDraw = True
401.4941 	EXP 	unnamed Line: autoDraw = False
401.4941 	EXP 	unnamed ShapeStim: autoDraw = False
401.4941 	EXP 	unnamed Line: autoDraw = True
401.4941 	EXP 	unnamed ShapeStim: autoDraw = True
401.4941 	EXP 	unnamed Line: foreColor = <psychopy.colors.Color: black, alpha=1.0>
401.4941 	EXP 	unnamed Line: borderColor = <psychopy.colors.Color: black, alpha=1.0>
401.4941 	EXP 	unnamed Line: fillColor = <psychopy.colors.Color: black, alpha=1.0>
401.4941 	EXP 	unnamed ShapeStim: foreColor = <psychopy.colors.Color: black, alpha=1.0>
401.4941 	EXP 	unnamed ShapeStim: borderColor = <psychopy.colors.Color: black, alpha=1.0>
401.4941 	EXP 	unnamed ShapeStim: fillColor = <psychopy.colors.Color: black, alpha=1.0>
401.4941 	EXP 	unnamed Line: foreColor = <psychopy.colors.Color: black, alpha=1.0>
401.4941 	EXP 	unnamed Line: borderColor = <psychopy.colors.Color: black, alpha=1.0>
401.4941 	EXP 	unnamed Line: fillColor = <psychopy.colors.Color: black, alpha=1.0>
401.4941 	EXP 	unnamed ShapeStim: foreColor = <psychopy.colors.Color: black, alpha=1.0>
401.4941 	EXP 	unnamed ShapeStim: borderColor = <psychopy.colors.Color: black, alpha=1.0>
401.4941 	EXP 	unnamed ShapeStim: fillColor = <psychopy.colors.Color: black, alpha=1.0>
401.4941 	EXP 	unnamed Line: foreColor = <psychopy.colors.Color: black, alpha=1.0>
401.4941 	EXP 	unnamed Line: borderColor = <psychopy.colors.Color: black, alpha=1.0>
401.4941 	EXP 	unnamed Line: fillColor = <psychopy.colors.Color: black, alpha=1.0>
401.4941 	EXP 	unnamed ShapeStim: foreColor = <psychopy.colors.Color: black, alpha=1.0>
401.4941 	EXP 	unnamed ShapeStim: borderColor = <psychopy.colors.Color: black, alpha=1.0>
401.4941 	EXP 	unnamed ShapeStim: fillColor = <psychopy.colors.Color: black, alpha=1.0>
401.4941 	EXP 	unnamed Line: foreColor = <psychopy.colors.Color: black, alpha=1.0>
401.4941 	EXP 	unnamed Line: borderColor = <psychopy.colors.Color: black, alpha=1.0>
401.4941 	EXP 	unnamed Line: fillColor = <psychopy.colors.Color: black, alpha=1.0>
401.4941 	EXP 	unnamed ShapeStim: foreColor = <psychopy.colors.Color: black, alpha=1.0>
401.4941 	EXP 	unnamed ShapeStim: borderColor = <psychopy.colors.Color: black, alpha=1.0>
401.4941 	EXP 	unnamed ShapeStim: fillColor = <psychopy.colors.Color: black, alpha=1.0>
401.4941 	EXP 	unnamed Line: foreColor = <psychopy.colors.Color: (1.0, 0.58, -0.87, 1.0)>
401.4941 	EXP 	unnamed Line: borderColor = <psychopy.colors.Color: (1.0, 0.58, -0.87, 1.0)>
401.4941 	EXP 	unnamed Line: fillColor = <psychopy.colors.Color: (1.0, 0.58, -0.87, 1.0)>
401.4941 	EXP 	unnamed ShapeStim: foreColor = <psychopy.colors.Color: (1.0, 0.58, -0.87, 1.0)>
401.4941 	EXP 	unnamed ShapeStim: borderColor = <psychopy.colors.Color: (1.0, 0.58, -0.87, 1.0)>
401.4941 	EXP 	unnamed ShapeStim: fillColor = <psychopy.colors.Color: (1.0, 0.58, -0.87, 1.0)>
402.1641 	DATA 	Keypress: f
402.1684 	EXP 	unnamed Line: foreColor = <psychopy.colors.Color: black, alpha=1.0>
402.1684 	EXP 	unnamed Line: borderColor = <psychopy.colors.Color: black, alpha=1.0>
402.1684 	EXP 	unnamed Line: fillColor = <psychopy.colors.Color: black, alpha=1.0>
402.1684 	EXP 	unnamed ShapeStim: foreColor = <psychopy.colors.Color: black, alpha=1.0>
402.1684 	EXP 	unnamed ShapeStim: borderColor = <psychopy.colors.Color: black, alpha=1.0>
402.1684 	EXP 	unnamed ShapeStim: fillColor = <psychopy.colors.Color: black, alpha=1.0>
402.1684 	EXP 	unnamed Line: foreColor = <psychopy.colors.Color: (1.0, 0.58, -0.87, 1.0)>
402.1684 	EXP 	unnamed Line: borderColor = <psychopy.colors.Color: (1.0, 0.58, -0.87, 1.0)>
402.1684 	EXP 	unnamed Line: fillColor = <psychopy.colors.Color: (1.0, 0.58, -0.87, 1.0)>
402.1684 	EXP 	unnamed ShapeStim: foreColor = <psychopy.colors.Color: (1.0, 0.58, -0.87, 1.0)>
402.1684 	EXP 	unnamed ShapeStim: borderColor = <psychopy.colors.Color: (1.0, 0.58, -0.87, 1.0)>
402.1684 	EXP 	unnamed ShapeStim: fillColor = <psychopy.colors.Color: (1.0, 0.58, -0.87, 1.0)>
403.0280 	DATA 	Keypress: j
403.0328 	EXP 	node7: fillColor = '#126DEF'
403.0328 	EXP 	node4: fillColor = 'white'
403.7329 	EXP 	window1: mouseVisible = True
403.7344 	EXP 	Created unnamed TextStim = TextStim(__class__=<class 'psychopy.visual.text.TextStim'>, alignHoriz=method-wrapper(...), alignText='center', alignVert=method-wrapper(...), anchorHoriz='center', anchorVert='center', antialias=True, autoDraw=False, autoLog=True, bold=True, color=array([-0.88235294, -0.12156863, -0.97647059]), colorSpace='rgb', contrast=1.0, depth=0, draggable=False, flipHoriz=False, flipVert=False, font='', fontFiles=[], height=0.04, italic=False, languageStyle='LTR', name='unnamed TextStim', opacity=1.0, ori=0.0, pos=array([-0.20451235, -0.16920126]), rgb=UNKNOWN, text='+3', units='height', win=Window(...), wrapWidth=1)
403.7346 	EXP 	window1: mouseVisible = True
403.7357 	EXP 	Created unnamed TextStim = TextStim(__class__=<class 'psychopy.visual.text.TextStim'>, alignHoriz=method-wrapper(...), alignText='center', alignVert=method-wrapper(...), anchorHoriz='center', anchorVert='center', antialias=True, autoDraw=False, autoLog=True, bold=True, color=array([-0.88235294, -0.12156863, -0.97647059]), colorSpace='rgb', contrast=1.0, depth=0, draggable=False, flipHoriz=False, flipVert=False, font='', fontFiles=[], height=0.04, italic=False, languageStyle='LTR', name='unnamed TextStim', opacity=1.0, ori=0.0, pos=array([ 0.32451235, -0.16920126]), rgb=UNKNOWN, text='+4', units='height', win=Window(...), wrapWidth=1)
403.7403 	EXP 	node7: fillColor = 'white'
403.7403 	EXP 	unnamed ImageStim: autoDraw = True
403.7403 	EXP 	unnamed ImageStim: autoDraw = True
404.7815 	EXP 	unnamed ImageStim: autoDraw = False
404.7815 	EXP 	unnamed ImageStim: autoDraw = False
404.7815 	EXP 	unnamed Rect: autoDraw = False
404.7815 	EXP 	unnamed Rect: autoDraw = True
404.9447 	EXP 	unnamed Rect: autoDraw = False
404.9447 	EXP 	node0: autoDraw = False
404.9447 	EXP 	node1: autoDraw = False
404.9447 	EXP 	unnamed ImageStim: autoDraw = False
404.9447 	EXP 	node2: autoDraw = False
404.9447 	EXP 	unnamed ImageStim: autoDraw = False
404.9447 	EXP 	node3: autoDraw = False
404.9447 	EXP 	unnamed ImageStim: autoDraw = False
404.9447 	EXP 	node4: autoDraw = False
404.9447 	EXP 	unnamed ImageStim: autoDraw = False
404.9447 	EXP 	node5: autoDraw = False
404.9447 	EXP 	unnamed ImageStim: autoDraw = False
404.9447 	EXP 	node6: autoDraw = False
404.9447 	EXP 	unnamed ImageStim: autoDraw = False
404.9447 	EXP 	node7: autoDraw = False
404.9447 	EXP 	unnamed ImageStim: autoDraw = False
404.9447 	EXP 	node8: autoDraw = False
404.9447 	EXP 	unnamed ImageStim: autoDraw = False
404.9447 	EXP 	node9: autoDraw = False
404.9447 	EXP 	unnamed ImageStim: autoDraw = False
404.9447 	EXP 	node10: autoDraw = False
404.9447 	EXP 	unnamed ImageStim: autoDraw = False
404.9447 	EXP 	unnamed Line: autoDraw = False
404.9447 	EXP 	unnamed ShapeStim: autoDraw = False
404.9447 	EXP 	unnamed Line: autoDraw = False
404.9447 	EXP 	unnamed ShapeStim: autoDraw = False
404.9447 	EXP 	unnamed Line: autoDraw = False
404.9447 	EXP 	unnamed ShapeStim: autoDraw = False
404.9447 	EXP 	unnamed Line: autoDraw = False
404.9447 	EXP 	unnamed ShapeStim: autoDraw = False
404.9447 	EXP 	unnamed Line: autoDraw = False
404.9447 	EXP 	unnamed ShapeStim: autoDraw = False
404.9447 	EXP 	unnamed Line: autoDraw = False
404.9447 	EXP 	unnamed ShapeStim: autoDraw = False
404.9447 	EXP 	unnamed Line: autoDraw = False
404.9447 	EXP 	unnamed ShapeStim: autoDraw = False
404.9447 	EXP 	unnamed Line: autoDraw = False
404.9447 	EXP 	unnamed ShapeStim: autoDraw = False
404.9447 	EXP 	unnamed Line: autoDraw = False
404.9447 	EXP 	unnamed ShapeStim: autoDraw = False
404.9447 	EXP 	unnamed Line: autoDraw = False
404.9447 	EXP 	unnamed ShapeStim: autoDraw = False
404.9447 	EXP 	unnamed Rect: autoDraw = False
406.0844 	DATA 	Keypress: space
409.6823 	DATA 	Keypress: space
410.4086 	EXP 	window1: mouseVisible = False
410.4087 	EXP 	window1: units = 'pix'
410.4087 	INFO 	Mouse: using default window
410.5269 	INFO 	Mouse: using default window
410.5380 	DATA 	Keypress: return
411.9548 	DATA 	Keypress: return
500.7235 	EXP 	window1: units = 'pix'
579.0895 	EXP 	window1: units = 'pix'
580.5450 	EXP 	window1: units = 'pix'
580.5479 	EXP 	window1: units = 'pix'
620.5368 	DATA 	Keypress: space
620.5968 	EXP 	window1: units = 'pix'
631.3269 	DATA 	Keypress: space
636.5964 	DATA 	Keypress: space
642.3644 	DATA 	Keypress: space
646.6362 	DATA 	Keypress: space
658.4447 	DATA 	Keypress: space
668.5407 	DATA 	Keypress: space
674.7487 	DATA 	Keypress: space
682.5247 	DATA 	Keypress: space
682.5253 	INFO 	Mouse: using default window
685.9603 	DATA 	Keypress: space
686.0144 	EXP 	window1: units = 'pix'
688.2207 	DATA 	Keypress: f
689.0604 	DATA 	Keypress: f
690.3244 	DATA 	Keypress: f
690.5475 	DATA 	Keypress: f
690.7479 	DATA 	Keypress: f
695.0686 	DATA 	Keypress: f
695.7402 	DATA 	Keypress: j
696.1483 	DATA 	Keypress: f
697.1964 	DATA 	Keypress: j
700.8286 	DATA 	Keypress: space
700.8292 	INFO 	Mouse: using default window
701.8154 	DATA 	Keypress: space
701.8611 	EXP 	window1: units = 'pix'
716.5968 	DATA 	Keypress: j
720.3886 	DATA 	Keypress: j
723.0525 	DATA 	Keypress: space
723.0529 	INFO 	Mouse: using default window
725.2583 	DATA 	Keypress: space
728.4211 	DATA 	Keypress: space
728.4804 	EXP 	window1: units = 'pix'
732.9009 	DATA 	Keypress: f
733.5644 	DATA 	Keypress: f
733.8521 	DATA 	Keypress: f
735.8209 	DATA 	Keypress: j
736.5244 	DATA 	Keypress: j
739.3642 	DATA 	Keypress: space
739.3648 	INFO 	Mouse: using default window
741.2407 	DATA 	Keypress: space
741.2978 	EXP 	window1: units = 'pix'
742.9646 	DATA 	Keypress: f
743.5563 	DATA 	Keypress: f
744.8526 	DATA 	Keypress: f
745.6524 	DATA 	Keypress: j
746.1641 	DATA 	Keypress: j
750.2125 	DATA 	Keypress: space
750.2130 	INFO 	Mouse: using default window
751.9787 	DATA 	Keypress: space
752.0299 	EXP 	window1: units = 'pix'
761.3088 	DATA 	Keypress: f
761.8363 	DATA 	Keypress: j
762.3562 	DATA 	Keypress: f
762.6924 	DATA 	Keypress: j
770.1487 	DATA 	Keypress: space
770.1493 	INFO 	Mouse: using default window
770.5603 	DATA 	Keypress: space
770.5959 	EXP 	window1: units = 'pix'
777.4033 	DATA 	Keypress: j
777.9325 	DATA 	Keypress: f
778.2042 	DATA 	Keypress: j
780.7648 	DATA 	Keypress: space
780.7654 	INFO 	Mouse: using default window
781.7460 	DATA 	Keypress: space
781.7943 	EXP 	window1: units = 'pix'
784.8207 	DATA 	Keypress: j
785.2683 	DATA 	Keypress: f
785.6520 	DATA 	Keypress: j
788.1005 	DATA 	Keypress: space
788.1011 	INFO 	Mouse: using default window
789.1734 	DATA 	Keypress: space
789.2275 	EXP 	window1: units = 'pix'
793.4928 	DATA 	Keypress: j
794.3724 	DATA 	Keypress: j
796.8685 	DATA 	Keypress: space
796.8690 	INFO 	Mouse: using default window
799.6349 	DATA 	Keypress: space
799.6807 	EXP 	window1: units = 'pix'
802.3326 	DATA 	Keypress: f
802.9885 	DATA 	Keypress: j
803.3241 	DATA 	Keypress: j
805.8445 	DATA 	Keypress: j
806.1800 	DATA 	Keypress: space
806.1804 	INFO 	Mouse: using default window
808.0914 	DATA 	Keypress: space
808.1468 	EXP 	window1: units = 'pix'
813.6029 	DATA 	Keypress: f
813.9882 	DATA 	Keypress: j
814.4362 	DATA 	Keypress: j
815.2342 	DATA 	Keypress: j
817.0206 	DATA 	Keypress: j
817.4683 	DATA 	Keypress: space
817.4688 	INFO 	Mouse: using default window
818.5206 	DATA 	Keypress: space
818.5631 	EXP 	window1: units = 'pix'
824.0928 	DATA 	Keypress: f
824.5802 	DATA 	Keypress: j
824.8761 	DATA 	Keypress: j
826.8525 	DATA 	Keypress: space
826.8531 	INFO 	Mouse: using default window
827.7452 	DATA 	Keypress: space
827.7783 	EXP 	window1: units = 'pix'
830.2927 	DATA 	Keypress: j
830.5161 	DATA 	Keypress: j
832.8366 	DATA 	Keypress: space
832.8371 	INFO 	Mouse: using default window
833.8059 	DATA 	Keypress: space
833.8442 	EXP 	window1: units = 'pix'
836.5166 	DATA 	Keypress: f
836.9161 	DATA 	Keypress: j
837.6915 	DATA 	Keypress: j
838.2605 	DATA 	Keypress: j
840.1725 	DATA 	Keypress: space
840.1729 	INFO 	Mouse: using default window
841.2489 	DATA 	Keypress: space
841.2988 	EXP 	window1: units = 'pix'
844.2767 	DATA 	Keypress: j
844.8443 	DATA 	Keypress: j
845.4524 	DATA 	Keypress: j
847.1006 	DATA 	Keypress: j
847.3961 	DATA 	Keypress: space
847.3965 	INFO 	Mouse: using default window
848.1228 	DATA 	Keypress: space
848.1656 	EXP 	window1: units = 'pix'
851.1887 	DATA 	Keypress: f
851.6604 	DATA 	Keypress: j
852.5724 	DATA 	Keypress: j
852.9549 	DATA 	Keypress: j
854.7326 	DATA 	Keypress: space
854.7332 	INFO 	Mouse: using default window
855.8030 	DATA 	Keypress: space
855.8455 	EXP 	window1: units = 'pix'
863.8448 	DATA 	Keypress: f
864.2362 	DATA 	Keypress: j
864.5716 	DATA 	Keypress: j
866.8605 	DATA 	Keypress: space
866.8610 	INFO 	Mouse: using default window
867.6146 	DATA 	Keypress: space
867.6612 	EXP 	window1: units = 'pix'
872.6127 	DATA 	Keypress: j
872.9322 	DATA 	Keypress: f
873.2360 	DATA 	Keypress: j
875.7639 	DATA 	Keypress: space
875.7644 	INFO 	Mouse: using default window
876.6197 	DATA 	Keypress: space
876.6628 	EXP 	window1: units = 'pix'
880.7649 	DATA 	Keypress: j
881.6445 	DATA 	Keypress: j
882.2846 	DATA 	Keypress: j
884.1406 	DATA 	Keypress: space
884.1412 	INFO 	Mouse: using default window
885.0447 	DATA 	Keypress: space
885.9111 	DATA 	Keypress: space
885.9626 	EXP 	window1: units = 'pix'
889.3488 	DATA 	Keypress: j
892.1806 	DATA 	Keypress: j
892.8125 	DATA 	Keypress: j
894.7722 	DATA 	Keypress: space
894.7728 	INFO 	Mouse: using default window
895.8583 	DATA 	Keypress: space
895.8962 	EXP 	window1: units = 'pix'
897.7389 	DATA 	Keypress: f
898.1397 	DATA 	Keypress: f
900.7628 	DATA 	Keypress: f
901.4844 	DATA 	Keypress: f
901.7642 	DATA 	Keypress: f
905.1006 	DATA 	Keypress: f
906.0045 	DATA 	Keypress: j
906.8847 	DATA 	Keypress: j
909.2126 	DATA 	Keypress: space
909.2131 	INFO 	Mouse: using default window
910.2440 	DATA 	Keypress: space
910.3001 	EXP 	window1: units = 'pix'
913.1488 	DATA 	Keypress: f
915.1485 	DATA 	Keypress: j
915.5163 	DATA 	Keypress: f
915.7717 	DATA 	Keypress: j
918.0366 	DATA 	Keypress: space
918.0371 	INFO 	Mouse: using default window
918.7233 	DATA 	Keypress: space
918.7599 	EXP 	window1: units = 'pix'
929.0526 	DATA 	Keypress: j
929.7084 	DATA 	Keypress: f
930.3403 	DATA 	Keypress: j
930.7709 	DATA 	Keypress: j
932.5966 	DATA 	Keypress: space
932.5972 	INFO 	Mouse: using default window
933.5263 	DATA 	Keypress: space
933.5777 	EXP 	window1: units = 'pix'
937.3409 	DATA 	Keypress: j
937.7083 	DATA 	Keypress: f
938.2923 	DATA 	Keypress: j
938.7647 	DATA 	Keypress: j
939.8134 	DATA 	Keypress: space
940.9727 	DATA 	Keypress: space
940.9732 	INFO 	Mouse: using default window
941.8722 	DATA 	Keypress: space
941.9130 	EXP 	window1: units = 'pix'
943.5169 	DATA 	Keypress: f
944.6765 	DATA 	Keypress: j
945.3324 	DATA 	Keypress: j
947.5808 	DATA 	Keypress: space
947.5813 	INFO 	Mouse: using default window
948.5108 	DATA 	Keypress: space
948.5611 	EXP 	window1: units = 'pix'
951.4688 	DATA 	Keypress: j
952.1168 	DATA 	Keypress: j
954.2606 	DATA 	Keypress: space
954.2611 	INFO 	Mouse: using default window
954.7084 	DATA 	Keypress: space
954.8293 	EXP 	window1: units = 'pix'
957.1888 	DATA 	Keypress: j
957.7245 	DATA 	Keypress: j
959.9247 	DATA 	Keypress: space
959.9252 	INFO 	Mouse: using default window
960.3851 	DATA 	Keypress: space
960.4439 	EXP 	window1: units = 'pix'
962.2928 	DATA 	Keypress: j
962.8682 	DATA 	Keypress: f
963.2683 	DATA 	Keypress: j
966.8991 	DATA 	Keypress: space
966.8996 	INFO 	Mouse: using default window
967.7590 	DATA 	Keypress: space
967.8010 	EXP 	window1: units = 'pix'
970.9728 	DATA 	Keypress: f
973.0428 	DATA 	Keypress: j
973.7567 	DATA 	Keypress: f
974.0442 	DATA 	Keypress: f
974.5562 	DATA 	Keypress: j
976.8207 	DATA 	Keypress: space
976.8212 	INFO 	Mouse: using default window
977.8028 	DATA 	Keypress: space
977.9179 	EXP 	window1: units = 'pix'
981.2770 	DATA 	Keypress: f
981.5565 	DATA 	Keypress: f
981.9638 	DATA 	Keypress: j
982.3402 	DATA 	Keypress: j
982.6681 	DATA 	Keypress: j
984.5726 	DATA 	Keypress: space
984.5731 	INFO 	Mouse: using default window
985.7717 	DATA 	Keypress: space
985.8920 	EXP 	window1: units = 'pix'
987.4848 	DATA 	Keypress: f
990.4847 	DATA 	Keypress: j
990.8608 	DATA 	Keypress: f
991.1164 	DATA 	Keypress: j
994.3568 	DATA 	Keypress: space
994.3574 	INFO 	Mouse: using default window
995.2107 	DATA 	Keypress: space
995.2456 	EXP 	window1: units = 'pix'
996.8448 	DATA 	Keypress: j
997.8208 	DATA 	Keypress: j
1000.6447 	DATA 	Keypress: space
1000.6453 	INFO 	Mouse: using default window
1001.5753 	DATA 	Keypress: space
1001.6134 	EXP 	window1: units = 'pix'
1003.7648 	DATA 	Keypress: j
1004.4045 	DATA 	Keypress: j
1006.6848 	DATA 	Keypress: space
1006.6854 	INFO 	Mouse: using default window
1008.1650 	DATA 	Keypress: space
1008.2142 	EXP 	window1: units = 'pix'
1009.6368 	DATA 	Keypress: f
1011.2927 	DATA 	Keypress: f
1012.5488 	DATA 	Keypress: j
1012.9244 	DATA 	Keypress: f
1013.6364 	DATA 	Keypress: j
1016.3327 	DATA 	Keypress: space
1016.3333 	INFO 	Mouse: using default window
1017.3024 	DATA 	Keypress: space
1017.3436 	EXP 	window1: units = 'pix'
1019.3008 	DATA 	Keypress: f
1020.0286 	DATA 	Keypress: j
1020.3723 	DATA 	Keypress: f
1021.4927 	DATA 	Keypress: j
1023.7155 	DATA 	Keypress: space
1023.7159 	INFO 	Mouse: using default window
1024.4199 	DATA 	Keypress: space
1024.4607 	EXP 	window1: units = 'pix'
1026.2527 	DATA 	Keypress: f
1027.0849 	DATA 	Keypress: j
1027.5246 	DATA 	Keypress: f
1028.5006 	DATA 	Keypress: j
1030.7647 	DATA 	Keypress: space
1030.7652 	INFO 	Mouse: using default window
1031.6109 	DATA 	Keypress: space
1031.6653 	EXP 	window1: units = 'pix'
1035.1809 	DATA 	Keypress: f
1036.8208 	DATA 	Keypress: j
1037.3484 	DATA 	Keypress: f
1037.6522 	DATA 	Keypress: j
1039.9728 	DATA 	Keypress: space
1039.9733 	INFO 	Mouse: using default window
1040.9454 	DATA 	Keypress: space
1040.9785 	EXP 	window1: units = 'pix'
1042.3728 	DATA 	Keypress: f
1042.9806 	DATA 	Keypress: j
1044.3565 	DATA 	Keypress: j
1046.6207 	DATA 	Keypress: space
1046.6213 	INFO 	Mouse: using default window
1047.5106 	DATA 	Keypress: space
1047.5481 	EXP 	window1: units = 'pix'
1049.6208 	DATA 	Keypress: f
1050.7965 	DATA 	Keypress: f
1051.3806 	DATA 	Keypress: j
1051.8445 	DATA 	Keypress: j
1054.7329 	DATA 	Keypress: space
1054.7334 	INFO 	Mouse: using default window
1055.5609 	DATA 	Keypress: space
1057.1376 	DATA 	Keypress: space
1062.1546 	DATA 	Keypress: space
1062.1995 	EXP 	window1: units = 'pix'
1063.5088 	DATA 	Keypress: f
1064.0445 	DATA 	Keypress: f
1064.6365 	DATA 	Keypress: j
1066.5088 	DATA 	Keypress: j
1067.8455 	DATA 	Keypress: space
1068.9406 	DATA 	Keypress: space
1068.9411 	INFO 	Mouse: using default window
1069.9619 	DATA 	Keypress: space
1070.0104 	EXP 	window1: units = 'pix'
1071.4927 	DATA 	Keypress: f
1073.7808 	DATA 	Keypress: j
1075.4288 	DATA 	Keypress: j
1077.7327 	DATA 	Keypress: space
1077.7332 	INFO 	Mouse: using default window
1078.7648 	DATA 	Keypress: space
1078.8101 	EXP 	window1: units = 'pix'
1082.2209 	DATA 	Keypress: f
1082.7164 	DATA 	Keypress: f
1083.1723 	DATA 	Keypress: j
1084.3007 	DATA 	Keypress: f
1085.4688 	DATA 	Keypress: f
1085.8283 	DATA 	Keypress: j
1086.6707 	DATA 	Keypress: j
1106.1507 	DATA 	Keypress: space
1106.1513 	INFO 	Mouse: using default window
1108.8910 	EXP 	window1: units = 'pix'
1136.4693 	EXP 	window1: units = 'pix'
1136.9301 	EXP 	window1: units = 'pix'
1138.8048 	DATA 	Keypress: c
1140.7652 	DATA 	Keypress: space
1140.8138 	EXP 	window1: units = 'pix'
1142.5811 	DATA 	Keypress: f
1143.1806 	DATA 	Keypress: j
1143.6924 	DATA 	Keypress: f
1143.9804 	DATA 	Keypress: f
1144.2363 	DATA 	Keypress: j
1146.5568 	DATA 	Keypress: space
1146.5574 	INFO 	Mouse: using default window
1147.1030 	DATA 	Keypress: space
1147.1426 	EXP 	window1: units = 'pix'
1150.1090 	DATA 	Keypress: j
1151.0127 	DATA 	Keypress: j
1153.5727 	DATA 	Keypress: space
1153.5732 	INFO 	Mouse: using default window
1154.9772 	DATA 	Keypress: space
1155.0294 	EXP 	window1: units = 'pix'
1156.9889 	DATA 	Keypress: f
1157.6126 	DATA 	Keypress: f
1157.9644 	DATA 	Keypress: f
1158.1724 	DATA 	Keypress: f
1160.4208 	DATA 	Keypress: j
1161.8687 	DATA 	Keypress: j
1164.1808 	DATA 	Keypress: space
1164.1812 	INFO 	Mouse: using default window
1164.9466 	DATA 	Keypress: space
1164.9934 	EXP 	window1: units = 'pix'
1165.9088 	DATA 	Keypress: f
1168.9889 	DATA 	Keypress: j
1169.4768 	DATA 	Keypress: j
1171.9088 	DATA 	Keypress: space
1171.9094 	INFO 	Mouse: using default window
1172.7769 	DATA 	Keypress: space
1172.8260 	EXP 	window1: units = 'pix'
1173.8608 	DATA 	Keypress: f
1174.7566 	DATA 	Keypress: f
1175.9486 	DATA 	Keypress: f
1177.4686 	DATA 	Keypress: j
1177.8606 	DATA 	Keypress: f
1178.1643 	DATA 	Keypress: j
1180.9728 	DATA 	Keypress: space
1180.9732 	INFO 	Mouse: using default window
1182.0202 	DATA 	Keypress: space
1182.0635 	EXP 	window1: units = 'pix'
1183.2610 	DATA 	Keypress: f
1184.1967 	DATA 	Keypress: f
1185.3407 	DATA 	Keypress: j
1185.7484 	DATA 	Keypress: f
1186.0524 	DATA 	Keypress: j
1188.7808 	DATA 	Keypress: space
1188.7812 	INFO 	Mouse: using default window
1189.7221 	DATA 	Keypress: space
1189.7630 	EXP 	window1: units = 'pix'
1190.8449 	DATA 	Keypress: f
1192.3886 	DATA 	Keypress: j
1192.9967 	DATA 	Keypress: j
1195.1648 	DATA 	Keypress: space
1195.1653 	INFO 	Mouse: using default window
1195.8284 	DATA 	Keypress: space
1195.8613 	EXP 	window1: units = 'pix'
1198.0609 	DATA 	Keypress: j
1198.6445 	DATA 	Keypress: j
1200.6049 	DATA 	Keypress: space
1200.6054 	INFO 	Mouse: using default window
1201.3633 	DATA 	Keypress: space
1201.4099 	EXP 	window1: units = 'pix'
1204.0689 	DATA 	Keypress: f
1204.5164 	DATA 	Keypress: j
1205.0286 	DATA 	Keypress: j
1207.7728 	DATA 	Keypress: space
1207.7732 	INFO 	Mouse: using default window
1208.6037 	DATA 	Keypress: space
1208.6429 	EXP 	window1: units = 'pix'
1210.3649 	DATA 	Keypress: f
1211.1807 	DATA 	Keypress: f
1213.2928 	DATA 	Keypress: f
1213.9166 	DATA 	Keypress: f
1215.2608 	DATA 	Keypress: j
1215.5805 	DATA 	Keypress: f
1215.8364 	DATA 	Keypress: j
1218.4609 	DATA 	Keypress: space
1218.4614 	INFO 	Mouse: using default window
1219.2180 	DATA 	Keypress: space
1219.2627 	EXP 	window1: units = 'pix'
1221.2130 	DATA 	Keypress: f
1224.1570 	DATA 	Keypress: j
1224.9168 	DATA 	Keypress: j
1229.0047 	DATA 	Keypress: space
1229.0052 	INFO 	Mouse: using default window
1229.4413 	DATA 	Keypress: space
1229.4933 	EXP 	window1: units = 'pix'
1232.8289 	DATA 	Keypress: j
1233.2847 	DATA 	Keypress: j
1235.6449 	DATA 	Keypress: space
1235.6454 	INFO 	Mouse: using default window
1236.4385 	DATA 	Keypress: space
1236.4793 	EXP 	window1: units = 'pix'
1238.2289 	DATA 	Keypress: f
1241.0848 	DATA 	Keypress: f
1241.9646 	DATA 	Keypress: j
1242.5406 	DATA 	Keypress: j
1245.2848 	DATA 	Keypress: space
1245.2853 	INFO 	Mouse: using default window
1246.1300 	DATA 	Keypress: space
1246.1790 	EXP 	window1: units = 'pix'
1247.5329 	DATA 	Keypress: f
1249.7807 	DATA 	Keypress: j
1250.4846 	DATA 	Keypress: j
1253.4288 	DATA 	Keypress: space
1253.4293 	INFO 	Mouse: using default window
1254.2347 	DATA 	Keypress: space
1254.2757 	EXP 	window1: units = 'pix'
1255.8129 	DATA 	Keypress: f
1259.3408 	DATA 	Keypress: j
1260.5328 	DATA 	Keypress: f
1260.9325 	DATA 	Keypress: j
1263.5568 	DATA 	Keypress: space
1263.5573 	INFO 	Mouse: using default window
1264.2937 	DATA 	Keypress: space
1264.3329 	EXP 	window1: units = 'pix'
1265.7729 	DATA 	Keypress: f
1269.0368 	DATA 	Keypress: j
1269.5406 	DATA 	Keypress: j
1271.8848 	DATA 	Keypress: space
1271.8853 	INFO 	Mouse: using default window
1272.6723 	DATA 	Keypress: space
1272.7116 	EXP 	window1: units = 'pix'
1275.5249 	DATA 	Keypress: j
1275.8285 	DATA 	Keypress: j
1278.0769 	DATA 	Keypress: space
1278.0774 	INFO 	Mouse: using default window
1278.6101 	DATA 	Keypress: space
1279.8629 	DATA 	Keypress: space
1279.9123 	EXP 	window1: units = 'pix'
1281.0290 	DATA 	Keypress: f
1284.8528 	DATA 	Keypress: j
1285.1885 	DATA 	Keypress: j
1287.8369 	DATA 	Keypress: space
1287.8373 	INFO 	Mouse: using default window
1288.6430 	DATA 	Keypress: space
1288.6932 	EXP 	window1: units = 'pix'
1289.8850 	DATA 	Keypress: f
1290.7567 	DATA 	Keypress: f
1295.1968 	DATA 	Keypress: j
1295.5005 	DATA 	Keypress: j
1297.8769 	DATA 	Keypress: space
1297.8774 	INFO 	Mouse: using default window
1298.4668 	DATA 	Keypress: space
1299.1457 	DATA 	Keypress: space
1299.1945 	EXP 	window1: units = 'pix'
1300.3170 	DATA 	Keypress: f
1302.3088 	DATA 	Keypress: j
1302.7807 	DATA 	Keypress: j
1305.8289 	DATA 	Keypress: space
1305.8293 	INFO 	Mouse: using default window
1306.6566 	DATA 	Keypress: space
1306.6965 	EXP 	window1: units = 'pix'
1308.2610 	DATA 	Keypress: f
1309.1809 	DATA 	Keypress: f
1309.4685 	DATA 	Keypress: j
1309.9006 	DATA 	Keypress: j
1313.0449 	DATA 	Keypress: space
1313.0453 	INFO 	Mouse: using default window
1313.8411 	DATA 	Keypress: space
1313.8797 	EXP 	window1: units = 'pix'
1315.0209 	DATA 	Keypress: f
1315.8688 	DATA 	Keypress: f
1317.2208 	DATA 	Keypress: f
1317.4603 	DATA 	Keypress: j
1318.1247 	DATA 	Keypress: j
1322.4289 	DATA 	Keypress: space
1322.4294 	INFO 	Mouse: using default window
1323.2713 	DATA 	Keypress: space
1323.3087 	EXP 	window1: units = 'pix'
1324.2531 	DATA 	Keypress: f
1325.2688 	DATA 	Keypress: f
1326.0928 	DATA 	Keypress: j
1326.5806 	DATA 	Keypress: f
1327.4608 	DATA 	Keypress: f
1327.7564 	DATA 	Keypress: f
1328.1725 	DATA 	Keypress: j
1330.4529 	DATA 	Keypress: f
1330.8606 	DATA 	Keypress: space
1330.8610 	INFO 	Mouse: using default window
1331.6886 	DATA 	Keypress: space
1331.7306 	EXP 	window1: units = 'pix'
1333.4530 	DATA 	Keypress: f
1334.1166 	DATA 	Keypress: f
1337.3488 	DATA 	Keypress: f
1337.6445 	DATA 	Keypress: j
1337.9965 	DATA 	Keypress: f
1338.1803 	DATA 	Keypress: j
1340.6129 	DATA 	Keypress: space
1340.6133 	INFO 	Mouse: using default window
1341.6329 	DATA 	Keypress: space
1341.6811 	EXP 	window1: units = 'pix'
1343.2530 	DATA 	Keypress: f
1345.8849 	DATA 	Keypress: f
1346.2125 	DATA 	Keypress: j
1346.5247 	DATA 	Keypress: f
1346.8284 	DATA 	Keypress: f
1347.0446 	DATA 	Keypress: j
1349.8929 	DATA 	Keypress: space
1349.8933 	INFO 	Mouse: using default window
1350.7707 	DATA 	Keypress: space
1350.8123 	EXP 	window1: units = 'pix'
1352.0610 	DATA 	Keypress: f
1356.5328 	DATA 	Keypress: j
1356.8445 	DATA 	Keypress: j
1359.5248 	DATA 	Keypress: space
1359.5253 	INFO 	Mouse: using default window
1360.3634 	DATA 	Keypress: space
1360.4124 	EXP 	window1: units = 'pix'
1362.0771 	DATA 	Keypress: f
1363.6528 	DATA 	Keypress: j
1364.1247 	DATA 	Keypress: f
1364.3724 	DATA 	Keypress: j
1365.8469 	DATA 	Keypress: space
1366.6369 	DATA 	Keypress: space
1366.6373 	INFO 	Mouse: using default window
1367.2210 	DATA 	Keypress: space
1367.2599 	EXP 	window1: units = 'pix'
1379.2851 	DATA 	Keypress: j
1380.2448 	DATA 	Keypress: f
1380.4525 	DATA 	Keypress: f
1380.9086 	DATA 	Keypress: j
1383.4531 	DATA 	Keypress: space
1383.4536 	INFO 	Mouse: using default window
1384.4954 	DATA 	Keypress: space
1384.5429 	EXP 	window1: units = 'pix'
1385.8291 	DATA 	Keypress: f
1386.8849 	DATA 	Keypress: f
1389.2130 	DATA 	Keypress: f
1389.5006 	DATA 	Keypress: j
1389.8285 	DATA 	Keypress: f
1390.0845 	DATA 	Keypress: j
1392.7490 	DATA 	Keypress: space
1392.7495 	INFO 	Mouse: using default window
1393.5039 	DATA 	Keypress: space
1393.5456 	EXP 	window1: units = 'pix'
1394.3490 	DATA 	Keypress: f
1394.8768 	DATA 	Keypress: f
1395.6688 	DATA 	Keypress: j
1396.0766 	DATA 	Keypress: j
1398.7171 	DATA 	Keypress: space
1398.7175 	INFO 	Mouse: using default window
1399.6244 	DATA 	Keypress: space
1399.6754 	EXP 	window1: units = 'pix'
1401.1491 	DATA 	Keypress: f
1403.2849 	DATA 	Keypress: j
1403.6206 	DATA 	Keypress: f
1403.8605 	DATA 	Keypress: j
1406.1650 	DATA 	Keypress: space
1406.1655 	INFO 	Mouse: using default window
1407.0329 	DATA 	Keypress: space
1407.0769 	EXP 	window1: units = 'pix'
1410.6211 	DATA 	Keypress: f
1411.2127 	DATA 	Keypress: f
1415.8209 	DATA 	Keypress: j
1416.3087 	DATA 	Keypress: f
1416.5244 	DATA 	Keypress: j
1418.8851 	DATA 	Keypress: space
1418.8855 	INFO 	Mouse: using default window
1419.5996 	DATA 	Keypress: space
1420.4333 	DATA 	Keypress: space
1420.4817 	EXP 	window1: units = 'pix'
1422.0851 	DATA 	Keypress: f
1422.7408 	DATA 	Keypress: f
1424.1488 	DATA 	Keypress: j
1424.5967 	DATA 	Keypress: j
1425.7427 	DATA 	Keypress: space
1426.9328 	DATA 	Keypress: space
1426.9333 	INFO 	Mouse: using default window
1427.9527 	DATA 	Keypress: space
1427.9959 	EXP 	window1: units = 'pix'
1429.5811 	DATA 	Keypress: f
1433.5090 	DATA 	Keypress: j
1433.8127 	DATA 	Keypress: j
1436.0290 	DATA 	Keypress: space
1436.0294 	INFO 	Mouse: using default window
1436.8347 	DATA 	Keypress: space
1436.8787 	EXP 	window1: units = 'pix'
1439.0371 	DATA 	Keypress: f
1439.3168 	DATA 	Keypress: j
1439.6449 	DATA 	Keypress: j
1442.1492 	DATA 	Keypress: space
1442.1498 	INFO 	Mouse: using default window
1443.0953 	DATA 	Keypress: space
1443.1428 	EXP 	window1: units = 'pix'
1444.7971 	DATA 	Keypress: f
1448.4529 	DATA 	Keypress: j
1448.7327 	DATA 	Keypress: f
1448.9085 	DATA 	Keypress: j
1451.1889 	DATA 	Keypress: space
1451.1894 	INFO 	Mouse: using default window
1452.2010 	DATA 	Keypress: space
1452.2497 	EXP 	window1: units = 'pix'
1453.9971 	DATA 	Keypress: f
1454.5809 	DATA 	Keypress: f
1458.1169 	DATA 	Keypress: j
1458.6288 	DATA 	Keypress: j
1461.2291 	DATA 	Keypress: space
1461.2296 	INFO 	Mouse: using default window
1462.1477 	DATA 	Keypress: space
1462.1932 	EXP 	window1: units = 'pix'
1464.5651 	DATA 	Keypress: f
1466.8930 	DATA 	Keypress: f
1467.1809 	DATA 	Keypress: j
1467.4686 	DATA 	Keypress: j
1469.9171 	DATA 	Keypress: space
1469.9176 	INFO 	Mouse: using default window
1470.8466 	DATA 	Keypress: space
1470.8954 	EXP 	window1: units = 'pix'
1473.8853 	DATA 	Keypress: j
1474.6609 	DATA 	Keypress: j
1477.0050 	DATA 	Keypress: space
1477.0056 	INFO 	Mouse: using default window
1477.8873 	DATA 	Keypress: space
1477.9288 	EXP 	window1: units = 'pix'
1480.2291 	DATA 	Keypress: f
1481.1009 	DATA 	Keypress: j
1481.5569 	DATA 	Keypress: j
1483.7171 	DATA 	Keypress: space
1483.7176 	INFO 	Mouse: using default window
1484.6071 	DATA 	Keypress: space
1484.6461 	EXP 	window1: units = 'pix'
1485.9172 	DATA 	Keypress: f
1487.5090 	DATA 	Keypress: j
1487.8286 	DATA 	Keypress: f
1488.0845 	DATA 	Keypress: j
1490.4770 	DATA 	Keypress: space
1490.4775 	INFO 	Mouse: using default window
1491.2544 	DATA 	Keypress: space
1491.2955 	EXP 	window1: units = 'pix'
1492.7651 	DATA 	Keypress: f
1493.6449 	DATA 	Keypress: f
1494.8049 	DATA 	Keypress: j
1495.1567 	DATA 	Keypress: f
1495.3483 	DATA 	Keypress: j
1497.5811 	DATA 	Keypress: space
1497.5816 	INFO 	Mouse: using default window
1498.6521 	DATA 	Keypress: space
1498.6957 	EXP 	window1: units = 'pix'
1502.9332 	DATA 	Keypress: j
1503.3809 	DATA 	Keypress: j
1505.6604 	DATA 	Keypress: space
1505.6608 	INFO 	Mouse: using default window
1506.7030 	DATA 	Keypress: space
1506.7474 	EXP 	window1: units = 'pix'
1509.0452 	DATA 	Keypress: f
1509.5168 	DATA 	Keypress: f
1509.6910 	DATA 	Keypress: j
1510.9490 	DATA 	Keypress: j
1520.7493 	DATA 	Keypress: space
1520.7507 	INFO 	Mouse: using default window
1524.0199 	DATA 	Keypress: space
1524.0783 	EXP 	window1: units = 'pix'
1526.2612 	DATA 	Keypress: f
1527.4451 	DATA 	Keypress: j
1528.7331 	DATA 	Keypress: j
1530.9576 	DATA 	Keypress: space
1530.9581 	INFO 	Mouse: using default window
1531.7860 	DATA 	Keypress: space
1531.8264 	EXP 	window1: units = 'pix'
1532.9812 	DATA 	Keypress: f
1533.4768 	DATA 	Keypress: j
1535.8450 	DATA 	Keypress: j
1538.0611 	DATA 	Keypress: space
1538.0616 	INFO 	Mouse: using default window
1538.9286 	DATA 	Keypress: space
1538.9636 	EXP 	window1: units = 'pix'
1540.3011 	DATA 	Keypress: f
1540.6928 	DATA 	Keypress: f
1541.3649 	DATA 	Keypress: j
1541.6286 	DATA 	Keypress: f
1541.7969 	DATA 	Keypress: j
1544.2131 	DATA 	Keypress: space
1544.2136 	INFO 	Mouse: using default window
1544.8473 	DATA 	Keypress: space
1544.8927 	EXP 	window1: units = 'pix'
1546.4933 	DATA 	Keypress: f
1546.9728 	DATA 	Keypress: f
1547.2526 	DATA 	Keypress: j
1547.8449 	DATA 	Keypress: j
1550.0691 	DATA 	Keypress: space
1550.0695 	INFO 	Mouse: using default window
1550.7726 	DATA 	Keypress: space
1550.8112 	EXP 	window1: units = 'pix'
1553.9412 	DATA 	Keypress: f
1555.2051 	DATA 	Keypress: f
1555.7167 	DATA 	Keypress: f
1555.9806 	DATA 	Keypress: j
1556.4126 	DATA 	Keypress: f
1556.6445 	DATA 	Keypress: j
1558.9411 	DATA 	Keypress: space
1558.9416 	INFO 	Mouse: using default window
1559.8594 	DATA 	Keypress: space
1559.8942 	EXP 	window1: units = 'pix'
1561.5332 	DATA 	Keypress: f
1561.9728 	DATA 	Keypress: f
1562.2770 	DATA 	Keypress: j
1563.2369 	DATA 	Keypress: f
1563.4126 	DATA 	Keypress: j
1565.5891 	DATA 	Keypress: space
1565.5896 	INFO 	Mouse: using default window
1566.3294 	DATA 	Keypress: space
1567.0089 	DATA 	Keypress: space
1567.0616 	EXP 	window1: units = 'pix'
1568.3492 	DATA 	Keypress: f
1569.5490 	DATA 	Keypress: j
1570.1007 	DATA 	Keypress: j
1572.3651 	DATA 	Keypress: space
1572.3656 	INFO 	Mouse: using default window
1573.3348 	DATA 	Keypress: space
1573.3758 	EXP 	window1: units = 'pix'
1574.8052 	DATA 	Keypress: f
1579.1171 	DATA 	Keypress: f
1582.6690 	DATA 	Keypress: f
1583.3649 	DATA 	Keypress: j
1583.7568 	DATA 	Keypress: f
1583.9488 	DATA 	Keypress: j
1586.1331 	DATA 	Keypress: space
1586.1335 	INFO 	Mouse: using default window
1586.9381 	DATA 	Keypress: space
1586.9749 	EXP 	window1: units = 'pix'
1587.9494 	DATA 	Keypress: f
1589.5971 	DATA 	Keypress: j
1589.7967 	DATA 	Keypress: f
1590.1087 	DATA 	Keypress: f
1590.2846 	DATA 	Keypress: j
1592.6052 	DATA 	Keypress: space
1592.6056 	INFO 	Mouse: using default window
1593.4979 	DATA 	Keypress: space
1593.5453 	EXP 	window1: units = 'pix'
1595.2293 	DATA 	Keypress: f
1596.0689 	DATA 	Keypress: f
1597.7090 	DATA 	Keypress: f
1600.3891 	DATA 	Keypress: j
1600.8529 	DATA 	Keypress: f
1601.0528 	DATA 	Keypress: j
1603.3012 	DATA 	Keypress: space
1603.3016 	INFO 	Mouse: using default window
1604.0952 	DATA 	Keypress: space
1604.8591 	DATA 	Keypress: space
1604.9117 	EXP 	window1: units = 'pix'
1606.8443 	DATA 	Keypress: j
1607.3328 	DATA 	Keypress: f
1607.8448 	DATA 	Keypress: j
1610.0931 	DATA 	Keypress: f
1610.3647 	DATA 	Keypress: space
1610.3651 	INFO 	Mouse: using default window
1610.9264 	DATA 	Keypress: f
1611.2820 	DATA 	Keypress: space
1611.3300 	EXP 	window1: units = 'pix'
1612.3653 	DATA 	Keypress: f
1613.7891 	DATA 	Keypress: j
1614.8531 	DATA 	Keypress: j
1617.1092 	DATA 	Keypress: space
1617.1097 	INFO 	Mouse: using default window
1618.1678 	DATA 	Keypress: space
1618.2091 	EXP 	window1: units = 'pix'
1620.2933 	DATA 	Keypress: f
1621.2451 	DATA 	Keypress: j
1621.9571 	DATA 	Keypress: j
1624.2452 	DATA 	Keypress: space
1624.2456 	INFO 	Mouse: using default window
1625.2543 	DATA 	Keypress: space
1625.2921 	EXP 	window1: units = 'pix'
1627.6053 	DATA 	Keypress: f
1628.1010 	DATA 	Keypress: f
1628.9411 	DATA 	Keypress: f
1631.9971 	DATA 	Keypress: j
1632.3970 	DATA 	Keypress: f
1632.6127 	DATA 	Keypress: j
1634.8851 	DATA 	Keypress: space
1634.8856 	INFO 	Mouse: using default window
1635.7011 	DATA 	Keypress: space
1635.7428 	EXP 	window1: units = 'pix'
1636.8532 	DATA 	Keypress: f
1639.2691 	DATA 	Keypress: j
1639.6770 	DATA 	Keypress: j
1641.8533 	DATA 	Keypress: space
1641.8537 	INFO 	Mouse: using default window
1642.6950 	DATA 	Keypress: space
1642.7443 	EXP 	window1: units = 'pix'
1643.8052 	DATA 	Keypress: f
1644.1088 	DATA 	Keypress: f
1645.0530 	DATA 	Keypress: j
1645.6848 	DATA 	Keypress: j
1647.8532 	DATA 	Keypress: space
1647.8537 	INFO 	Mouse: using default window
1648.5907 	DATA 	Keypress: space
1648.6288 	EXP 	window1: units = 'pix'
1650.0213 	DATA 	Keypress: f
1650.5088 	DATA 	Keypress: f
1653.3891 	DATA 	Keypress: j
1653.8929 	DATA 	Keypress: j
1656.0212 	DATA 	Keypress: space
1656.0217 	INFO 	Mouse: using default window
1656.8513 	DATA 	Keypress: space
1656.8928 	EXP 	window1: units = 'pix'
1657.9573 	DATA 	Keypress: f
1658.8130 	DATA 	Keypress: j
1659.2289 	DATA 	Keypress: j
1661.4521 	DATA 	Keypress: space
1661.4531 	INFO 	Mouse: using default window
1662.2744 	DATA 	Keypress: space
1662.3112 	EXP 	window1: units = 'pix'
1663.6692 	DATA 	Keypress: f
1665.1491 	DATA 	Keypress: j
1665.6370 	DATA 	Keypress: j
1667.8852 	DATA 	Keypress: space
1667.8857 	INFO 	Mouse: using default window
1668.6728 	DATA 	Keypress: space
1668.7081 	EXP 	window1: units = 'pix'
1669.9015 	DATA 	Keypress: f
1670.6215 	DATA 	Keypress: f
1670.9489 	DATA 	Keypress: j
1671.3731 	DATA 	Keypress: j
1673.5252 	DATA 	Keypress: space
1673.5256 	INFO 	Mouse: using default window
1674.3302 	DATA 	Keypress: space
1674.3759 	EXP 	window1: units = 'pix'
1675.7973 	DATA 	Keypress: f
1676.9972 	DATA 	Keypress: j
1677.6049 	DATA 	Keypress: j
1680.1492 	DATA 	Keypress: space
1680.1497 	INFO 	Mouse: using default window
1681.4649 	DATA 	Keypress: space
1682.7249 	DATA 	Keypress: space
1682.7779 	EXP 	window1: units = 'pix'
1683.9254 	DATA 	Keypress: f
1684.3969 	DATA 	Keypress: f
1684.9248 	DATA 	Keypress: j
1685.5489 	DATA 	Keypress: f
1686.1491 	DATA 	Keypress: j
1688.3972 	DATA 	Keypress: space
1688.3977 	INFO 	Mouse: using default window
1689.2870 	DATA 	Keypress: space
1689.3279 	EXP 	window1: units = 'pix'
1690.8292 	DATA 	Keypress: f
1691.5811 	DATA 	Keypress: j
1692.1410 	DATA 	Keypress: f
1693.2212 	DATA 	Keypress: j
1695.4373 	DATA 	Keypress: space
1695.4377 	INFO 	Mouse: using default window
1696.2971 	DATA 	Keypress: space
1696.3453 	EXP 	window1: units = 'pix'
1697.3973 	DATA 	Keypress: f
1698.6932 	DATA 	Keypress: f
1698.9728 	DATA 	Keypress: f
1699.6289 	DATA 	Keypress: j
1700.3492 	DATA 	Keypress: j
1702.5973 	DATA 	Keypress: space
1702.5978 	INFO 	Mouse: using default window
1703.4651 	DATA 	Keypress: space
1703.5110 	EXP 	window1: units = 'pix'
1704.8214 	DATA 	Keypress: f
1706.3571 	DATA 	Keypress: f
1706.5888 	DATA 	Keypress: f
1707.1172 	DATA 	Keypress: j
1707.5968 	DATA 	Keypress: f
1708.3330 	DATA 	Keypress: j
1710.4852 	DATA 	Keypress: space
1710.4857 	INFO 	Mouse: using default window
1711.3418 	DATA 	Keypress: space
1711.3957 	EXP 	window1: units = 'pix'
1712.5494 	DATA 	Keypress: f
1713.4054 	DATA 	Keypress: j
1713.7889 	DATA 	Keypress: f
1714.0449 	DATA 	Keypress: j
1716.3412 	DATA 	Keypress: space
1716.3416 	INFO 	Mouse: using default window
1717.1289 	DATA 	Keypress: space
1717.1758 	EXP 	window1: units = 'pix'
1718.4133 	DATA 	Keypress: f
1718.8132 	DATA 	Keypress: f
1719.3169 	DATA 	Keypress: j
1719.7889 	DATA 	Keypress: f
1720.3553 	DATA 	Keypress: j
1722.5333 	DATA 	Keypress: space
1722.5337 	INFO 	Mouse: using default window
1723.2991 	DATA 	Keypress: space
1723.3429 	EXP 	window1: units = 'pix'
1724.3655 	DATA 	Keypress: f
1725.1413 	DATA 	Keypress: j
1725.4932 	DATA 	Keypress: f
1725.7396 	DATA 	Keypress: j
1728.1234 	DATA 	Keypress: space
1728.1239 	INFO 	Mouse: using default window
1728.8100 	DATA 	Keypress: space
1728.8488 	EXP 	window1: units = 'pix'
1729.6214 	DATA 	Keypress: f
1730.1570 	DATA 	Keypress: f
1730.4768 	DATA 	Keypress: f
1730.7649 	DATA 	Keypress: j
1731.0689 	DATA 	Keypress: f
1731.3971 	DATA 	Keypress: j
1733.2130 	DATA 	Keypress: space
1733.9810 	DATA 	Keypress: space
1733.9814 	INFO 	Mouse: using default window
1734.7233 	DATA 	Keypress: space
1734.7614 	EXP 	window1: units = 'pix'
1735.8213 	DATA 	Keypress: f
1736.5572 	DATA 	Keypress: f
1736.8050 	DATA 	Keypress: j
1737.2612 	DATA 	Keypress: j
1739.4934 	DATA 	Keypress: space
1739.4938 	INFO 	Mouse: using default window
1740.1973 	DATA 	Keypress: space
1740.2424 	EXP 	window1: units = 'pix'
1741.3494 	DATA 	Keypress: f
1742.0691 	DATA 	Keypress: f
1742.2847 	DATA 	Keypress: j
1742.7491 	DATA 	Keypress: f
1743.1479 	DATA 	Keypress: f
1743.5088 	DATA 	Keypress: j
1745.8213 	DATA 	Keypress: space
1745.8218 	INFO 	Mouse: using default window
1746.5159 	DATA 	Keypress: space
1746.5592 	EXP 	window1: units = 'pix'
1747.4534 	DATA 	Keypress: f
1748.7012 	DATA 	Keypress: f
1749.1489 	DATA 	Keypress: j
1751.3412 	DATA 	Keypress: j
1753.5573 	DATA 	Keypress: space
1753.5577 	INFO 	Mouse: using default window
1754.2596 	DATA 	Keypress: space
1754.2934 	EXP 	window1: units = 'pix'
1755.2934 	DATA 	Keypress: f
1756.4612 	DATA 	Keypress: j
1756.9249 	DATA 	Keypress: j
1759.1413 	DATA 	Keypress: space
1759.1418 	INFO 	Mouse: using default window
1759.9290 	DATA 	Keypress: space
1759.9757 	EXP 	window1: units = 'pix'
1760.7574 	DATA 	Keypress: f
1761.4213 	DATA 	Keypress: j
1762.4134 	DATA 	Keypress: f
1762.8211 	DATA 	Keypress: f
1762.9808 	DATA 	Keypress: j
1765.1813 	DATA 	Keypress: space
1765.1818 	INFO 	Mouse: using default window
1765.8331 	DATA 	Keypress: space
1765.8780 	EXP 	window1: units = 'pix'
1767.3335 	DATA 	Keypress: j
1767.8132 	DATA 	Keypress: j
1769.8454 	DATA 	Keypress: space
1769.8458 	INFO 	Mouse: using default window
1770.6513 	DATA 	Keypress: space
1770.7646 	EXP 	window1: units = 'pix'
1771.5734 	DATA 	Keypress: f
1772.3493 	DATA 	Keypress: f
1772.9411 	DATA 	Keypress: f
1775.2931 	DATA 	Keypress: j
1775.7010 	DATA 	Keypress: j
1777.8693 	DATA 	Keypress: space
1777.8698 	INFO 	Mouse: using default window
1778.5837 	DATA 	Keypress: space
1779.0707 	DATA 	Keypress: space
1779.1139 	EXP 	window1: units = 'pix'
1779.8693 	DATA 	Keypress: f
1780.9333 	DATA 	Keypress: j
1781.4052 	DATA 	Keypress: f
1781.7009 	DATA 	Keypress: f
1781.9328 	DATA 	Keypress: j
1784.1334 	DATA 	Keypress: space
1784.1338 	INFO 	Mouse: using default window
1784.8875 	DATA 	Keypress: space
1784.9271 	EXP 	window1: units = 'pix'
1785.8934 	DATA 	Keypress: f
1786.7092 	DATA 	Keypress: j
1787.2533 	DATA 	Keypress: f
1787.5489 	DATA 	Keypress: j
1789.7413 	DATA 	Keypress: space
1789.7417 	INFO 	Mouse: using default window
1790.4556 	DATA 	Keypress: space
1790.4923 	EXP 	window1: units = 'pix'
1791.3573 	DATA 	Keypress: f
1791.9572 	DATA 	Keypress: j
1792.5892 	DATA 	Keypress: j
1794.5493 	DATA 	Keypress: space
1794.5498 	INFO 	Mouse: using default window
1795.4418 	DATA 	Keypress: space
1795.5270 	EXP 	window1: units = 'pix'
1796.3015 	DATA 	Keypress: f
1796.7252 	DATA 	Keypress: f
1797.3972 	DATA 	Keypress: j
1797.8130 	DATA 	Keypress: j
1799.9813 	DATA 	Keypress: space
1799.9818 	INFO 	Mouse: using default window
1800.6451 	DATA 	Keypress: space
1800.6926 	EXP 	window1: units = 'pix'
1801.5335 	DATA 	Keypress: f
1802.5092 	DATA 	Keypress: j
1803.0372 	DATA 	Keypress: f
1803.3569 	DATA 	Keypress: j
1805.6373 	DATA 	Keypress: space
1805.6378 	INFO 	Mouse: using default window
1806.4055 	DATA 	Keypress: space
1806.4445 	EXP 	window1: units = 'pix'
1807.3174 	DATA 	Keypress: f
1808.0452 	DATA 	Keypress: j
1808.4292 	DATA 	Keypress: f
1808.7249 	DATA 	Keypress: j
1810.9734 	DATA 	Keypress: space
1810.9738 	INFO 	Mouse: using default window
1811.6985 	DATA 	Keypress: space
1811.7422 	EXP 	window1: units = 'pix'
1812.5974 	DATA 	Keypress: f
1813.0770 	DATA 	Keypress: f
1813.3550 	DATA 	Keypress: j
1813.8451 	DATA 	Keypress: j
1816.2293 	DATA 	Keypress: space
1816.2298 	INFO 	Mouse: using default window
1816.8630 	DATA 	Keypress: space
1816.9114 	EXP 	window1: units = 'pix'
1817.5804 	DATA 	Keypress: f
1818.9492 	DATA 	Keypress: j
1819.3971 	DATA 	Keypress: j
1821.5814 	DATA 	Keypress: space
1821.5818 	INFO 	Mouse: using default window
1822.3183 	DATA 	Keypress: space
1822.3590 	EXP 	window1: units = 'pix'
1823.2135 	DATA 	Keypress: f
1824.2294 	DATA 	Keypress: f
1824.5491 	DATA 	Keypress: f
1824.7489 	DATA 	Keypress: f
1826.4132 	DATA 	Keypress: j
1826.6930 	DATA 	Keypress: f
1826.8139 	DATA 	Keypress: j
1828.9494 	DATA 	Keypress: space
1828.9498 	INFO 	Mouse: using default window
1829.6233 	DATA 	Keypress: space
1830.5626 	DATA 	Keypress: space
1830.6098 	EXP 	window1: units = 'pix'
1831.4054 	DATA 	Keypress: f
1832.9094 	DATA 	Keypress: j
1833.2292 	DATA 	Keypress: f
1833.4528 	DATA 	Keypress: j
1835.5974 	DATA 	Keypress: space
1835.5978 	INFO 	Mouse: using default window
1836.3621 	DATA 	Keypress: space
1836.4087 	EXP 	window1: units = 'pix'
1837.2855 	DATA 	Keypress: f
1838.1493 	DATA 	Keypress: f
1838.4371 	DATA 	Keypress: j
1838.7970 	DATA 	Keypress: f
1838.9649 	DATA 	Keypress: j
1841.0693 	DATA 	Keypress: space
1841.0698 	INFO 	Mouse: using default window
1841.7948 	DATA 	Keypress: space
1841.8273 	EXP 	window1: units = 'pix'
1843.8535 	DATA 	Keypress: f
1846.5413 	DATA 	Keypress: j
1846.9811 	DATA 	Keypress: j
1849.1014 	DATA 	Keypress: space
1849.1018 	INFO 	Mouse: using default window
1849.8267 	DATA 	Keypress: space
1850.5895 	DATA 	Keypress: space
1850.6444 	EXP 	window1: units = 'pix'
1851.5654 	DATA 	Keypress: f
1852.1494 	DATA 	Keypress: f
1853.4693 	DATA 	Keypress: j
1853.9010 	DATA 	Keypress: f
1854.1809 	DATA 	Keypress: j
1855.2800 	DATA 	Keypress: space
1856.2373 	DATA 	Keypress: space
1856.2377 	INFO 	Mouse: using default window
1856.9655 	DATA 	Keypress: space
1857.0086 	EXP 	window1: units = 'pix'
1858.0375 	DATA 	Keypress: f
1859.2853 	DATA 	Keypress: j
1859.7251 	DATA 	Keypress: j
1861.9167 	DATA 	Keypress: space
1861.9172 	INFO 	Mouse: using default window
1862.7840 	DATA 	Keypress: space
1862.8258 	EXP 	window1: units = 'pix'
1863.8375 	DATA 	Keypress: f
1864.6932 	DATA 	Keypress: j
1865.8454 	DATA 	Keypress: j
1867.9174 	DATA 	Keypress: space
1867.9178 	INFO 	Mouse: using default window
1868.7848 	DATA 	Keypress: space
1868.8254 	EXP 	window1: units = 'pix'
1869.8055 	DATA 	Keypress: f
1870.2850 	DATA 	Keypress: f
1870.6450 	DATA 	Keypress: f
1870.9971 	DATA 	Keypress: j
1871.5732 	DATA 	Keypress: j
1873.2453 	DATA 	Keypress: space
1874.0453 	DATA 	Keypress: space
1874.0457 	INFO 	Mouse: using default window
1874.5841 	DATA 	Keypress: space
1874.6255 	EXP 	window1: units = 'pix'
1875.6134 	DATA 	Keypress: f
1876.2133 	DATA 	Keypress: j
1877.1253 	DATA 	Keypress: f
1877.3409 	DATA 	Keypress: f
1877.6370 	DATA 	Keypress: j
1879.7655 	DATA 	Keypress: space
1879.7659 	INFO 	Mouse: using default window
1880.5821 	DATA 	Keypress: space
1880.6259 	EXP 	window1: units = 'pix'
1881.4216 	DATA 	Keypress: f
1883.3814 	DATA 	Keypress: j
1883.8291 	DATA 	Keypress: j
1886.0135 	DATA 	Keypress: space
1886.0139 	INFO 	Mouse: using default window
1886.7791 	DATA 	Keypress: space
1886.8258 	EXP 	window1: units = 'pix'
1887.6455 	DATA 	Keypress: f
1889.4373 	DATA 	Keypress: j
1889.9003 	DATA 	Keypress: j
1892.1974 	DATA 	Keypress: space
1892.1978 	INFO 	Mouse: using default window
1892.9626 	DATA 	Keypress: space
1893.0114 	EXP 	window1: units = 'pix'
1893.6295 	DATA 	Keypress: f
1894.0771 	DATA 	Keypress: f
1894.5973 	DATA 	Keypress: j
1895.1251 	DATA 	Keypress: f
1895.6050 	DATA 	Keypress: j
1897.8054 	DATA 	Keypress: space
1897.8058 	INFO 	Mouse: using default window
1898.5734 	DATA 	Keypress: space
1898.6086 	EXP 	window1: units = 'pix'
1899.3495 	DATA 	Keypress: f
1900.4454 	DATA 	Keypress: f
1900.8851 	DATA 	Keypress: f
1901.1089 	DATA 	Keypress: j
1901.6453 	DATA 	Keypress: f
1902.3013 	DATA 	Keypress: f
1902.7251 	DATA 	Keypress: j
1904.9974 	DATA 	Keypress: space
1904.9979 	INFO 	Mouse: using default window
1905.8531 	DATA 	Keypress: space
1905.8917 	EXP 	window1: units = 'pix'
1906.9415 	DATA 	Keypress: f
1907.6452 	DATA 	Keypress: f
1907.9891 	DATA 	Keypress: j
1908.5250 	DATA 	Keypress: f
1909.0611 	DATA 	Keypress: f
1909.4850 	DATA 	Keypress: j
1911.7974 	DATA 	Keypress: space
1911.7978 	INFO 	Mouse: using default window
1912.6437 	DATA 	Keypress: space
1913.3461 	DATA 	Keypress: space
1914.0770 	DATA 	Keypress: space
1914.1274 	EXP 	window1: units = 'pix'
1914.9976 	DATA 	Keypress: f
1915.8373 	DATA 	Keypress: f
1916.2051 	DATA 	Keypress: f
1916.8611 	DATA 	Keypress: j
1918.2213 	DATA 	Keypress: j
1922.8136 	DATA 	Keypress: space
1922.8142 	INFO 	Mouse: using default window
1925.3631 	EXP 	window1: units = 'pix'
1954.0478 	EXP 	window1: units = 'pix'
1954.9000 	EXP 	window1: units = 'pix'
1957.3089 	DATA 	Keypress: c
1958.9458 	DATA 	Keypress: space
1958.9940 	EXP 	window1: units = 'pix'
1960.1416 	DATA 	Keypress: f
1962.3173 	DATA 	Keypress: j
1963.1413 	DATA 	Keypress: j
1965.3894 	DATA 	Keypress: space
1965.3899 	INFO 	Mouse: using default window
1965.9108 	DATA 	Keypress: space
1966.0299 	EXP 	window1: units = 'pix'
1967.0776 	DATA 	Keypress: f
1968.0534 	DATA 	Keypress: j
1968.8373 	DATA 	Keypress: f
1969.2371 	DATA 	Keypress: j
1971.5256 	DATA 	Keypress: space
1971.5261 	INFO 	Mouse: using default window
1972.6700 	DATA 	Keypress: space
1972.7275 	EXP 	window1: units = 'pix'
1973.6936 	DATA 	Keypress: f
1974.5814 	DATA 	Keypress: f
1975.0773 	DATA 	Keypress: f
1975.3250 	DATA 	Keypress: f
1975.8532 	DATA 	Keypress: f
1976.7653 	DATA 	Keypress: f
1977.0934 	DATA 	Keypress: f
1977.2690 	DATA 	Keypress: f
1979.3334 	DATA 	Keypress: f
1979.6611 	DATA 	Keypress: j
1980.0611 	DATA 	Keypress: j
1982.5815 	DATA 	Keypress: space
1982.5820 	INFO 	Mouse: using default window
1983.4201 	DATA 	Keypress: space
1983.4749 	EXP 	window1: units = 'pix'
1984.2857 	DATA 	Keypress: f
1985.3735 	DATA 	Keypress: f
1985.9651 	DATA 	Keypress: j
1986.3571 	DATA 	Keypress: j
1988.5975 	DATA 	Keypress: space
1988.5980 	INFO 	Mouse: using default window
1989.5268 	DATA 	Keypress: space
1989.5752 	EXP 	window1: units = 'pix'
1990.3656 	DATA 	Keypress: f
1991.4134 	DATA 	Keypress: j
1991.7651 	DATA 	Keypress: j
1994.0296 	DATA 	Keypress: space
1994.0301 	INFO 	Mouse: using default window
1994.8575 	DATA 	Keypress: space
1994.9598 	EXP 	window1: units = 'pix'
1996.1016 	DATA 	Keypress: f
1997.6455 	DATA 	Keypress: f
2000.2134 	DATA 	Keypress: f
2000.4771 	DATA 	Keypress: j
2000.8052 	DATA 	Keypress: f
2000.9650 	DATA 	Keypress: j
2003.2376 	DATA 	Keypress: space
2003.2380 	INFO 	Mouse: using default window
2004.2091 	DATA 	Keypress: space
2004.2431 	EXP 	window1: units = 'pix'
2005.0856 	DATA 	Keypress: f
2006.0375 	DATA 	Keypress: f
2006.5413 	DATA 	Keypress: j
2006.9011 	DATA 	Keypress: f
2007.1494 	DATA 	Keypress: j
2009.5415 	DATA 	Keypress: space
2009.5420 	INFO 	Mouse: using default window
2010.4894 	DATA 	Keypress: space
2010.5417 	EXP 	window1: units = 'pix'
2011.5401 	DATA 	Keypress: f
2012.4454 	DATA 	Keypress: f
2013.3335 	DATA 	Keypress: j
2013.5730 	DATA 	Keypress: f
2013.8610 	DATA 	Keypress: j
2016.3176 	DATA 	Keypress: space
2016.3180 	INFO 	Mouse: using default window
2017.3660 	DATA 	Keypress: space
2017.4082 	EXP 	window1: units = 'pix'
2018.2376 	DATA 	Keypress: f
2019.0614 	DATA 	Keypress: j
2019.4454 	DATA 	Keypress: f
2019.6691 	DATA 	Keypress: j
2021.9095 	DATA 	Keypress: space
2021.9100 	INFO 	Mouse: using default window
2022.7659 	DATA 	Keypress: space
2022.8082 	EXP 	window1: units = 'pix'
2023.6136 	DATA 	Keypress: f
2024.5254 	DATA 	Keypress: j
2025.1733 	DATA 	Keypress: f
2025.6775 	DATA 	Keypress: j
2027.8455 	DATA 	Keypress: space
2027.8460 	INFO 	Mouse: using default window
2028.7637 	DATA 	Keypress: space
2029.7797 	DATA 	Keypress: space
2029.8269 	EXP 	window1: units = 'pix'
2031.8377 	DATA 	Keypress: f
2032.7736 	DATA 	Keypress: f
2033.6454 	DATA 	Keypress: j
2034.0452 	DATA 	Keypress: j
2036.2375 	DATA 	Keypress: space
2036.2379 	INFO 	Mouse: using default window
2037.1191 	DATA 	Keypress: space
2037.1603 	EXP 	window1: units = 'pix'
2038.1576 	DATA 	Keypress: f
2038.5575 	DATA 	Keypress: f
2038.9573 	DATA 	Keypress: j
2039.5574 	DATA 	Keypress: f
2040.1093 	DATA 	Keypress: j
2042.3736 	DATA 	Keypress: space
2042.3741 	INFO 	Mouse: using default window
2043.3720 	DATA 	Keypress: space
2043.4139 	EXP 	window1: units = 'pix'
2044.3657 	DATA 	Keypress: f
2045.0054 	DATA 	Keypress: f
2045.3652 	DATA 	Keypress: j
2045.7652 	DATA 	Keypress: f
2046.2373 	DATA 	Keypress: f
2046.3890 	DATA 	Keypress: j
2048.9415 	DATA 	Keypress: space
2048.9420 	INFO 	Mouse: using default window
2049.7689 	DATA 	Keypress: space
2049.8106 	EXP 	window1: units = 'pix'
2050.5816 	DATA 	Keypress: f
2051.3895 	DATA 	Keypress: f
2052.1175 	DATA 	Keypress: f
2054.1734 	DATA 	Keypress: j
2054.6853 	DATA 	Keypress: f
2055.5495 	DATA 	Keypress: j
2058.0536 	DATA 	Keypress: space
2058.0541 	INFO 	Mouse: using default window
2058.9866 	DATA 	Keypress: space
2059.0270 	EXP 	window1: units = 'pix'
2060.7257 	DATA 	Keypress: f
2062.2935 	DATA 	Keypress: f
2065.7736 	DATA 	Keypress: j
2066.3575 	DATA 	Keypress: j
2068.7097 	DATA 	Keypress: space
2068.7101 	INFO 	Mouse: using default window
2069.6679 	DATA 	Keypress: space
2069.7072 	EXP 	window1: units = 'pix'
2070.5736 	DATA 	Keypress: f
2071.3655 	DATA 	Keypress: j
2072.0216 	DATA 	Keypress: j
2074.2696 	DATA 	Keypress: space
2074.2701 	INFO 	Mouse: using default window
2075.1298 	DATA 	Keypress: space
2075.1772 	EXP 	window1: units = 'pix'
2076.0616 	DATA 	Keypress: f
2076.9096 	DATA 	Keypress: j
2077.5654 	DATA 	Keypress: j
2079.7817 	DATA 	Keypress: space
2079.7822 	INFO 	Mouse: using default window
2080.8134 	DATA 	Keypress: space
2080.8614 	EXP 	window1: units = 'pix'
2081.8136 	DATA 	Keypress: f
2082.6055 	DATA 	Keypress: j
2083.0934 	DATA 	Keypress: j
2085.3416 	DATA 	Keypress: space
2085.3421 	INFO 	Mouse: using default window
2086.1295 	DATA 	Keypress: space
2086.1751 	EXP 	window1: units = 'pix'
2087.5257 	DATA 	Keypress: f
2088.0212 	DATA 	Keypress: f
2090.6135 	DATA 	Keypress: f
2090.8932 	DATA 	Keypress: j
2091.2372 	DATA 	Keypress: f
2091.3812 	DATA 	Keypress: j
2093.7176 	DATA 	Keypress: space
2093.7180 	INFO 	Mouse: using default window
2094.9120 	DATA 	Keypress: space
2094.9622 	EXP 	window1: units = 'pix'
2096.6618 	DATA 	Keypress: f
2097.1975 	DATA 	Keypress: f
2097.6451 	DATA 	Keypress: f
2098.9575 	DATA 	Keypress: j
2099.3813 	DATA 	Keypress: j
2101.7096 	DATA 	Keypress: space
2101.7100 	INFO 	Mouse: using default window
2102.5997 	DATA 	Keypress: space
2102.6420 	EXP 	window1: units = 'pix'
2104.6216 	DATA 	Keypress: f
2106.2375 	DATA 	Keypress: j
2106.6293 	DATA 	Keypress: f
2106.8291 	DATA 	Keypress: j
2109.1337 	DATA 	Keypress: space
2109.1341 	INFO 	Mouse: using default window
2110.0410 	DATA 	Keypress: space
2110.0776 	EXP 	window1: units = 'pix'
2110.9817 	DATA 	Keypress: f
2112.2296 	DATA 	Keypress: f
2114.5098 	DATA 	Keypress: j
2115.0694 	DATA 	Keypress: j
2117.3897 	DATA 	Keypress: space
2117.3902 	INFO 	Mouse: using default window
2118.2457 	DATA 	Keypress: space
2118.2940 	EXP 	window1: units = 'pix'
2119.4137 	DATA 	Keypress: f
2123.5737 	DATA 	Keypress: f
2123.8292 	DATA 	Keypress: j
2124.0852 	DATA 	Keypress: f
2124.3972 	DATA 	Keypress: f
2124.5652 	DATA 	Keypress: j
2126.8217 	DATA 	Keypress: space
2126.8221 	INFO 	Mouse: using default window
2127.7534 	DATA 	Keypress: space
2127.7931 	EXP 	window1: units = 'pix'
2128.6217 	DATA 	Keypress: f
2129.5575 	DATA 	Keypress: j
2129.9173 	DATA 	Keypress: f
2130.0771 	DATA 	Keypress: j
2132.4216 	DATA 	Keypress: space
2132.4221 	INFO 	Mouse: using default window
2133.2002 	DATA 	Keypress: space
2133.2407 	EXP 	window1: units = 'pix'
2134.4457 	DATA 	Keypress: f
2135.0854 	DATA 	Keypress: f
2137.6696 	DATA 	Keypress: j
2138.4854 	DATA 	Keypress: f
2139.9975 	DATA 	Keypress: j
2142.5096 	DATA 	Keypress: space
2142.5101 	INFO 	Mouse: using default window
2143.2350 	DATA 	Keypress: space
2144.0977 	DATA 	Keypress: space
2146.0017 	DATA 	Keypress: space
2146.0593 	EXP 	window1: units = 'pix'
2146.9817 	DATA 	Keypress: f
2149.3576 	DATA 	Keypress: j
2149.9495 	DATA 	Keypress: j
2152.1496 	DATA 	Keypress: space
2152.1501 	INFO 	Mouse: using default window
2153.0567 	DATA 	Keypress: space
2153.0930 	EXP 	window1: units = 'pix'
2154.0376 	DATA 	Keypress: f
2154.8856 	DATA 	Keypress: j
2155.3013 	DATA 	Keypress: f
2155.5252 	DATA 	Keypress: j
2158.0297 	DATA 	Keypress: space
2158.0301 	INFO 	Mouse: using default window
2158.9591 	DATA 	Keypress: space
2159.0080 	EXP 	window1: units = 'pix'
2159.8617 	DATA 	Keypress: f
2160.7656 	DATA 	Keypress: f
2161.4775 	DATA 	Keypress: f
2163.3176 	DATA 	Keypress: j
2163.8294 	DATA 	Keypress: j
2166.1177 	DATA 	Keypress: space
2166.1181 	INFO 	Mouse: using default window
2167.0580 	DATA 	Keypress: space
2167.0978 	EXP 	window1: units = 'pix'
2167.9897 	DATA 	Keypress: f
2170.3803 	DATA 	Keypress: j
2170.7658 	DATA 	Keypress: j
2173.1898 	DATA 	Keypress: space
2173.1902 	INFO 	Mouse: using default window
2174.0574 	DATA 	Keypress: space
2174.1124 	EXP 	window1: units = 'pix'
2174.9417 	DATA 	Keypress: f
2176.0615 	DATA 	Keypress: f
2176.3893 	DATA 	Keypress: f
2177.9015 	DATA 	Keypress: j
2179.5256 	DATA 	Keypress: f
2179.7653 	DATA 	Keypress: j
2182.1576 	DATA 	Keypress: space
2182.1581 	INFO 	Mouse: using default window
2183.1492 	DATA 	Keypress: space
2183.1912 	EXP 	window1: units = 'pix'
2184.4377 	DATA 	Keypress: f
2185.2455 	DATA 	Keypress: j
2185.6533 	DATA 	Keypress: f
2185.9813 	DATA 	Keypress: j
2188.2617 	DATA 	Keypress: space
2188.2621 	INFO 	Mouse: using default window
2188.9242 	DATA 	Keypress: space
2188.9577 	EXP 	window1: units = 'pix'
2190.2058 	DATA 	Keypress: j
2190.8615 	DATA 	Keypress: f
2192.7336 	DATA 	Keypress: j
2194.9578 	DATA 	Keypress: space
2194.9582 	INFO 	Mouse: using default window
2195.9897 	DATA 	Keypress: space
2196.0438 	EXP 	window1: units = 'pix'
2197.1098 	DATA 	Keypress: f
2197.4854 	DATA 	Keypress: f
2197.7653 	DATA 	Keypress: j
2198.1413 	DATA 	Keypress: j
2200.6058 	DATA 	Keypress: space
2298.4860 	DATA 	Keypress: space
2299.4056 	DATA 	Keypress: space
