3.4961 	WARNING 	The 'psychtoolbox' library cannot be loaded but is required for audio capture (use `pip install psychtoolbox` to get it). Microphone recording will be unavailable this session. Note that opening a microphone stream will raise an error.
3.4992 	ERROR 	Support for the `sounddevice` audio backend is not available this session. Please install `psychopy-sounddevice` and restart the session to enable support.
3.4993 	ERROR 	Support for the `pyo` audio backend is not available this session. Please install `psychopy-pyo` and restart the session to enable support.
3.4995 	WARNING 	We strongly recommend you activate the PTB sound engine in PsychoPy prefs as the preferred audio engine. Its timing is vastly superior. Your prefs are currently set to use ['PTB', 'sounddevice', 'pyo', 'pygame'] (in that order).
3.5168 	INFO 	time is 2024-09-10 11:25:06,240446
3.5403 	WARNING 	Monitor specification not found. Creating a temporary one...
3.5431 	WARNING 	User requested fullscreen with size [1350  750], but screen is actually [1920, 1080]. Using actual size
4.7146 	WARNING 	Couldn't measure a consistent frame rate!
  - Is your graphics card set to sync to vertical blank?
  - Are you running other processes on your computer?

4.7152 	EXP 	Created window1 = Window(allowGUI=True, allowStencil=False, autoLog=True, backendConf=UNKNOWN, backgroundFit=<method-wrapper '__getattribute__' of attributeSetter object at 0x16db88130>, backgroundImage=<method-wrapper '__getattribute__' of attributeSetter object at 0x16db880d0>, bitsMode=UNKNOWN, blendMode='avg', bpc=(8, 8, 8), color=array([0, 0, 0]), colorSpace='rgb', depthBits=8, fullscr=<method-wrapper '__getattribute__' of attributeSetter object at 0x16db78f10>, gamma=None, gammaErrorPolicy='raise', lms=UNKNOWN, monitor=<psychopy.monitors.calibTools.Monitor object at 0x3072867c0>, multiSample=False, name='window1', numSamples=2, pos=[480.0, 270.0], screen=0, size=array([3840, 2160]), stencilBits=0, stereo=False, title='PsychoPy', units='height', useFBO=False, useRetina=True, viewOri=0.0, viewPos=None, viewScale=None, waitBlanking=True, winType='pyglet')
4.7155 	EXP 	window1: mouseVisible = True
4.7155 	EXP 	window1: backgroundImage = None
4.7155 	EXP 	window1: backgroundFit = 'cover'
4.7199 	EXP 	window1: mouseVisible = True
4.7202 	EXP 	window1: mouseVisible = True
4.7211 	EXP 	window1: mouseVisible = True
4.7217 	EXP 	window1: mouseVisible = True
4.7306 	EXP 	window1: mouseVisible = True
4.7308 	EXP 	window1: mouseVisible = True
4.7315 	EXP 	window1: mouseVisible = True
4.7323 	EXP 	window1: mouseVisible = True
4.7516 	EXP 	window1: mouseVisible = True
4.7518 	EXP 	window1: mouseVisible = True
4.7521 	EXP 	window1: mouseVisible = True
4.7524 	EXP 	window1: mouseVisible = True
4.7560 	EXP 	window1: mouseVisible = True
4.7561 	EXP 	window1: mouseVisible = True
4.7564 	EXP 	window1: mouseVisible = True
4.7566 	EXP 	window1: mouseVisible = True
4.7859 	WARNING 	t of last frame was 66.47ms (=1/15)
11.6644 	DATA 	Keypress: space
11.6651 	INFO 	Mouse: using default window
11.6651 	EXP 	window1: mouseVisible = True
11.6652 	EXP 	window1: mouseVisible = True
11.6657 	EXP 	Created unnamed Rect = Rect(__class__=<class 'psychopy.visual.rect.Rect'>, anchor=('center', 'center'), autoDraw=False, autoLog=True, closeShape=True, color=method-wrapper(...), colorSpace='rgb', contrast=None, depth=0, draggable=False, fillColor=array([0.00392157, 0.00392157, 0.00392157]), fillColorSpace='rgb', fillRGB=array([0.00392157, 0.00392157, 0.00392157]), interpolate=True, lineColor=array([0, 0, 0]), lineColorSpace='rgb', lineRGB=array([0, 0, 0]), lineWidth=0, name='unnamed Rect', opacity=0.5, ori=0.0, pos=array([-0.65,  0.45]), size=array([0.1, 0.1]), units='height', vertices=ndarray(...), win=Window(...))
11.6676 	EXP 	window1: mouseVisible = True
11.6700 	EXP 	Created node0 = Circle(__class__=<class 'psychopy.visual.circle.Circle'>, anchor=('center', 'center'), autoDraw=False, autoLog=True, closeShape=True, color=method-wrapper(...), colorSpace='rgb', contrast=None, depth=0, draggable=False, fillColor=array([1, 1, 1]), fillColorSpace='rgb', fillRGB=array([1, 1, 1]), interpolate=True, lineColor=array([-1, -1, -1]), lineColorSpace='rgb', lineRGB=array([-1, -1, -1]), lineWidth=2, name='node0', opacity=1.0, ori=0.0, pos=array([0.  , 0.35]), size=array([1., 1.]), units='height', vertices=ndarray(...), win=Window(...))
11.6710 	EXP 	window1: mouseVisible = True
11.6729 	EXP 	Created node1 = Circle(__class__=<class 'psychopy.visual.circle.Circle'>, anchor=('center', 'center'), autoDraw=False, autoLog=True, closeShape=True, color=method-wrapper(...), colorSpace='rgb', contrast=None, depth=0, draggable=False, fillColor=array([1, 1, 1]), fillColorSpace='rgb', fillRGB=array([1, 1, 1]), interpolate=True, lineColor=array([-1, -1, -1]), lineColorSpace='rgb', lineRGB=array([-1, -1, -1]), lineWidth=2, name='node1', opacity=1.0, ori=0.0, pos=array([-0.18922429,  0.29443874]), size=array([1., 1.]), units='height', vertices=ndarray(...), win=Window(...))
11.6739 	EXP 	window1: mouseVisible = True
11.6758 	EXP 	Created node2 = Circle(__class__=<class 'psychopy.visual.circle.Circle'>, anchor=('center', 'center'), autoDraw=False, autoLog=True, closeShape=True, color=method-wrapper(...), colorSpace='rgb', contrast=None, depth=0, draggable=False, fillColor=array([1, 1, 1]), fillColorSpace='rgb', fillRGB=array([1, 1, 1]), interpolate=True, lineColor=array([-1, -1, -1]), lineColorSpace='rgb', lineRGB=array([-1, -1, -1]), lineWidth=2, name='node2', opacity=1.0, ori=0.0, pos=array([-0.3183712 ,  0.14539525]), size=array([1., 1.]), units='height', vertices=ndarray(...), win=Window(...))
11.6768 	EXP 	window1: mouseVisible = True
11.6787 	EXP 	Created node3 = Circle(__class__=<class 'psychopy.visual.circle.Circle'>, anchor=('center', 'center'), autoDraw=False, autoLog=True, closeShape=True, color=method-wrapper(...), colorSpace='rgb', contrast=None, depth=0, draggable=False, fillColor=array([1, 1, 1]), fillColorSpace='rgb', fillRGB=array([1, 1, 1]), interpolate=True, lineColor=array([-1, -1, -1]), lineColorSpace='rgb', lineRGB=array([-1, -1, -1]), lineWidth=2, name='node3', opacity=1.0, ori=0.0, pos=array([-0.3464375 , -0.04981019]), size=array([1., 1.]), units='height', vertices=ndarray(...), win=Window(...))
11.6797 	EXP 	window1: mouseVisible = True
11.6815 	EXP 	Created node4 = Circle(__class__=<class 'psychopy.visual.circle.Circle'>, anchor=('center', 'center'), autoDraw=False, autoLog=True, closeShape=True, color=method-wrapper(...), colorSpace='rgb', contrast=None, depth=0, draggable=False, fillColor=array([1, 1, 1]), fillColorSpace='rgb', fillRGB=array([1, 1, 1]), interpolate=True, lineColor=array([-1, -1, -1]), lineColorSpace='rgb', lineRGB=array([-1, -1, -1]), lineWidth=2, name='node4', opacity=1.0, ori=0.0, pos=array([-0.26451235, -0.22920126]), size=array([1., 1.]), units='height', vertices=ndarray(...), win=Window(...))
11.6825 	EXP 	window1: mouseVisible = True
11.6844 	EXP 	Created node5 = Circle(__class__=<class 'psychopy.visual.circle.Circle'>, anchor=('center', 'center'), autoDraw=False, autoLog=True, closeShape=True, color=method-wrapper(...), colorSpace='rgb', contrast=None, depth=0, draggable=False, fillColor=array([1, 1, 1]), fillColorSpace='rgb', fillRGB=array([1, 1, 1]), interpolate=True, lineColor=array([-1, -1, -1]), lineColorSpace='rgb', lineRGB=array([-1, -1, -1]), lineWidth=2, name='node5', opacity=1.0, ori=0.0, pos=array([-0.09860639, -0.33582254]), size=array([1., 1.]), units='height', vertices=ndarray(...), win=Window(...))
11.6854 	EXP 	window1: mouseVisible = True
11.6872 	EXP 	Created node6 = Circle(__class__=<class 'psychopy.visual.circle.Circle'>, anchor=('center', 'center'), autoDraw=False, autoLog=True, closeShape=True, color=method-wrapper(...), colorSpace='rgb', contrast=None, depth=0, draggable=False, fillColor=array([1, 1, 1]), fillColorSpace='rgb', fillRGB=array([1, 1, 1]), interpolate=True, lineColor=array([-1, -1, -1]), lineColorSpace='rgb', lineRGB=array([-1, -1, -1]), lineWidth=2, name='node6', opacity=1.0, ori=0.0, pos=array([ 0.09860639, -0.33582254]), size=array([1., 1.]), units='height', vertices=ndarray(...), win=Window(...))
11.6882 	EXP 	window1: mouseVisible = True
11.6901 	EXP 	Created node7 = Circle(__class__=<class 'psychopy.visual.circle.Circle'>, anchor=('center', 'center'), autoDraw=False, autoLog=True, closeShape=True, color=method-wrapper(...), colorSpace='rgb', contrast=None, depth=0, draggable=False, fillColor=array([1, 1, 1]), fillColorSpace='rgb', fillRGB=array([1, 1, 1]), interpolate=True, lineColor=array([-1, -1, -1]), lineColorSpace='rgb', lineRGB=array([-1, -1, -1]), lineWidth=2, name='node7', opacity=1.0, ori=0.0, pos=array([ 0.26451235, -0.22920126]), size=array([1., 1.]), units='height', vertices=ndarray(...), win=Window(...))
11.6911 	EXP 	window1: mouseVisible = True
11.6929 	EXP 	Created node8 = Circle(__class__=<class 'psychopy.visual.circle.Circle'>, anchor=('center', 'center'), autoDraw=False, autoLog=True, closeShape=True, color=method-wrapper(...), colorSpace='rgb', contrast=None, depth=0, draggable=False, fillColor=array([1, 1, 1]), fillColorSpace='rgb', fillRGB=array([1, 1, 1]), interpolate=True, lineColor=array([-1, -1, -1]), lineColorSpace='rgb', lineRGB=array([-1, -1, -1]), lineWidth=2, name='node8', opacity=1.0, ori=0.0, pos=array([ 0.3464375 , -0.04981019]), size=array([1., 1.]), units='height', vertices=ndarray(...), win=Window(...))
11.6939 	EXP 	window1: mouseVisible = True
11.6957 	EXP 	Created node9 = Circle(__class__=<class 'psychopy.visual.circle.Circle'>, anchor=('center', 'center'), autoDraw=False, autoLog=True, closeShape=True, color=method-wrapper(...), colorSpace='rgb', contrast=None, depth=0, draggable=False, fillColor=array([1, 1, 1]), fillColorSpace='rgb', fillRGB=array([1, 1, 1]), interpolate=True, lineColor=array([-1, -1, -1]), lineColorSpace='rgb', lineRGB=array([-1, -1, -1]), lineWidth=2, name='node9', opacity=1.0, ori=0.0, pos=array([0.3183712 , 0.14539525]), size=array([1., 1.]), units='height', vertices=ndarray(...), win=Window(...))
11.6967 	EXP 	window1: mouseVisible = True
11.6986 	EXP 	Created node10 = Circle(__class__=<class 'psychopy.visual.circle.Circle'>, anchor=('center', 'center'), autoDraw=False, autoLog=True, closeShape=True, color=method-wrapper(...), colorSpace='rgb', contrast=None, depth=0, draggable=False, fillColor=array([1, 1, 1]), fillColorSpace='rgb', fillRGB=array([1, 1, 1]), interpolate=True, lineColor=array([-1, -1, -1]), lineColorSpace='rgb', lineRGB=array([-1, -1, -1]), lineWidth=2, name='node10', opacity=1.0, ori=0.0, pos=array([0.18922429, 0.29443874]), size=array([1., 1.]), units='height', vertices=ndarray(...), win=Window(...))
11.6987 	EXP 	window1: mouseVisible = True
11.6991 	EXP 	Created unnamed Line = Line(__class__=<class 'psychopy.visual.line.Line'>, anchor=('center', 'center'), autoDraw=False, autoLog=True, closeShape=False, color=array([-1, -1, -1]), colorSpace='rgb', contrast=None, depth=2, draggable=False, fillColor=array([0, 0, 0]), fillColorSpace='rgb', fillRGB=array([0, 0, 0]), interpolate=True, lineColor=array([-1, -1, -1]), lineColorSpace='rgb', lineRGB=array([-1, -1, -1]), lineWidth=4, name='unnamed Line', opacity=0.5, ori=0.0, pos=array([0., 0.]), size=array([1., 1.]), units='height', vertices=ndarray(...), win=Window(...), windingRule=None)
11.6992 	EXP 	window1: mouseVisible = True
11.6996 	EXP 	Created unnamed ShapeStim = ShapeStim(__class__=<class 'psychopy.visual.shape.ShapeStim'>, anchor=('center', 'center'), autoDraw=False, autoLog=True, closeShape=True, color=method-wrapper(...), colorSpace='rgb', contrast=None, depth=0, draggable=False, fillColor=array([-1, -1, -1]), fillColorSpace='rgb', fillRGB=array([-1, -1, -1]), interpolate=True, lineColor=array([-1, -1, -1]), lineColorSpace='rgb', lineRGB=array([-1, -1, -1]), lineWidth=1.5, name='unnamed ShapeStim', opacity=1.0, ori=253.63636363636365, pos=array([-0.14124964,  0.30852536]), size=array([1., 1.]), units='height', vertices=ndarray(...), win=Window(...), windingRule=None)
11.6997 	EXP 	window1: mouseVisible = True
11.7001 	EXP 	Created unnamed Line = Line(__class__=<class 'psychopy.visual.line.Line'>, anchor=('center', 'center'), autoDraw=False, autoLog=True, closeShape=False, color=array([-1, -1, -1]), colorSpace='rgb', contrast=None, depth=2, draggable=False, fillColor=array([0, 0, 0]), fillColorSpace='rgb', fillRGB=array([0, 0, 0]), interpolate=True, lineColor=array([-1, -1, -1]), lineColorSpace='rgb', lineRGB=array([-1, -1, -1]), lineWidth=4, name='unnamed Line', opacity=0.5, ori=0.0, pos=array([0., 0.]), size=array([1., 1.]), units='height', vertices=ndarray(...), win=Window(...), windingRule=None)
11.7001 	EXP 	window1: mouseVisible = True
11.7005 	EXP 	Created unnamed ShapeStim = ShapeStim(__class__=<class 'psychopy.visual.shape.ShapeStim'>, anchor=('center', 'center'), autoDraw=False, autoLog=True, closeShape=True, color=method-wrapper(...), colorSpace='rgb', contrast=None, depth=0, draggable=False, fillColor=array([-1, -1, -1]), fillColorSpace='rgb', fillRGB=array([-1, -1, -1]), interpolate=True, lineColor=array([-1, -1, -1]), lineColorSpace='rgb', lineRGB=array([-1, -1, -1]), lineWidth=1.5, name='unnamed ShapeStim', opacity=1.0, ori=220.9090909090909, pos=array([-0.31369447, -0.01202271]), size=array([1., 1.]), units='height', vertices=ndarray(...), win=Window(...), windingRule=None)
11.7006 	EXP 	window1: mouseVisible = True
11.7010 	EXP 	Created unnamed Line = Line(__class__=<class 'psychopy.visual.line.Line'>, anchor=('center', 'center'), autoDraw=False, autoLog=True, closeShape=False, color=array([-1, -1, -1]), colorSpace='rgb', contrast=None, depth=2, draggable=False, fillColor=array([0, 0, 0]), fillColorSpace='rgb', fillRGB=array([0, 0, 0]), interpolate=True, lineColor=array([-1, -1, -1]), lineColorSpace='rgb', lineRGB=array([-1, -1, -1]), lineWidth=4, name='unnamed Line', opacity=0.5, ori=0.0, pos=array([0., 0.]), size=array([1., 1.]), units='height', vertices=ndarray(...), win=Window(...), windingRule=None)
11.7010 	EXP 	window1: mouseVisible = True
11.7014 	EXP 	Created unnamed ShapeStim = ShapeStim(__class__=<class 'psychopy.visual.shape.ShapeStim'>, anchor=('center', 'center'), autoDraw=False, autoLog=True, closeShape=True, color=method-wrapper(...), colorSpace='rgb', contrast=None, depth=0, draggable=False, fillColor=array([-1, -1, -1]), fillColorSpace='rgb', fillRGB=array([-1, -1, -1]), interpolate=True, lineColor=array([-1, -1, -1]), lineColorSpace='rgb', lineRGB=array([-1, -1, -1]), lineWidth=1.5, name='unnamed ShapeStim', opacity=1.0, ori=220.9090909090909, pos=array([-0.28562816,  0.18318273]), size=array([1., 1.]), units='height', vertices=ndarray(...), win=Window(...), windingRule=None)
11.7015 	EXP 	window1: mouseVisible = True
11.7018 	EXP 	Created unnamed Line = Line(__class__=<class 'psychopy.visual.line.Line'>, anchor=('center', 'center'), autoDraw=False, autoLog=True, closeShape=False, color=array([-1, -1, -1]), colorSpace='rgb', contrast=None, depth=2, draggable=False, fillColor=array([0, 0, 0]), fillColorSpace='rgb', fillRGB=array([0, 0, 0]), interpolate=True, lineColor=array([-1, -1, -1]), lineColorSpace='rgb', lineRGB=array([-1, -1, -1]), lineWidth=4, name='unnamed Line', opacity=0.5, ori=0.0, pos=array([0., 0.]), size=array([1., 1.]), units='height', vertices=ndarray(...), win=Window(...), windingRule=None)
11.7019 	EXP 	window1: mouseVisible = True
11.7022 	EXP 	Created unnamed ShapeStim = ShapeStim(__class__=<class 'psychopy.visual.shape.ShapeStim'>, anchor=('center', 'center'), autoDraw=False, autoLog=True, closeShape=True, color=method-wrapper(...), colorSpace='rgb', contrast=None, depth=0, draggable=False, fillColor=array([-1, -1, -1]), fillColorSpace='rgb', fillRGB=array([-1, -1, -1]), interpolate=True, lineColor=array([-1, -1, -1]), lineColorSpace='rgb', lineRGB=array([-1, -1, -1]), lineWidth=1.5, name='unnamed ShapeStim', opacity=1.0, ori=188.1818181818182, pos=array([-0.25739661, -0.17971018]), size=array([1., 1.]), units='height', vertices=ndarray(...), win=Window(...), windingRule=None)
11.7023 	EXP 	window1: mouseVisible = True
11.7027 	EXP 	Created unnamed Line = Line(__class__=<class 'psychopy.visual.line.Line'>, anchor=('center', 'center'), autoDraw=False, autoLog=True, closeShape=False, color=array([-1, -1, -1]), colorSpace='rgb', contrast=None, depth=2, draggable=False, fillColor=array([0, 0, 0]), fillColorSpace='rgb', fillRGB=array([0, 0, 0]), interpolate=True, lineColor=array([-1, -1, -1]), lineColorSpace='rgb', lineRGB=array([-1, -1, -1]), lineWidth=4, name='unnamed Line', opacity=0.5, ori=0.0, pos=array([0., 0.]), size=array([1., 1.]), units='height', vertices=ndarray(...), win=Window(...), windingRule=None)
11.7027 	EXP 	window1: mouseVisible = True
11.7031 	EXP 	Created unnamed ShapeStim = ShapeStim(__class__=<class 'psychopy.visual.shape.ShapeStim'>, anchor=('center', 'center'), autoDraw=False, autoLog=True, closeShape=True, color=method-wrapper(...), colorSpace='rgb', contrast=None, depth=0, draggable=False, fillColor=array([-1, -1, -1]), fillColorSpace='rgb', fillRGB=array([-1, -1, -1]), interpolate=True, lineColor=array([-1, -1, -1]), lineColorSpace='rgb', lineRGB=array([-1, -1, -1]), lineWidth=1.5, name='unnamed ShapeStim', opacity=1.0, ori=188.1818181818182, pos=array([-3.39321763e-01, -3.19121302e-04]), size=array([1., 1.]), units='height', vertices=ndarray(...), win=Window(...), windingRule=None)
11.7031 	EXP 	window1: mouseVisible = True
11.7035 	EXP 	Created unnamed Line = Line(__class__=<class 'psychopy.visual.line.Line'>, anchor=('center', 'center'), autoDraw=False, autoLog=True, closeShape=False, color=array([-1, -1, -1]), colorSpace='rgb', contrast=None, depth=2, draggable=False, fillColor=array([0, 0, 0]), fillColorSpace='rgb', fillRGB=array([0, 0, 0]), interpolate=True, lineColor=array([-1, -1, -1]), lineColorSpace='rgb', lineRGB=array([-1, -1, -1]), lineWidth=4, name='unnamed Line', opacity=0.5, ori=0.0, pos=array([0., 0.]), size=array([1., 1.]), units='height', vertices=ndarray(...), win=Window(...), windingRule=None)
11.7036 	EXP 	window1: mouseVisible = True
11.7039 	EXP 	Created unnamed ShapeStim = ShapeStim(__class__=<class 'psychopy.visual.shape.ShapeStim'>, anchor=('center', 'center'), autoDraw=False, autoLog=True, closeShape=True, color=method-wrapper(...), colorSpace='rgb', contrast=None, depth=0, draggable=False, fillColor=array([-1, -1, -1]), fillColorSpace='rgb', fillRGB=array([-1, -1, -1]), interpolate=True, lineColor=array([-1, -1, -1]), lineColorSpace='rgb', lineRGB=array([-1, -1, -1]), lineWidth=1.5, name='unnamed ShapeStim', opacity=1.0, ori=155.45454545454544, pos=array([-0.11937715, -0.29034094]), size=array([1., 1.]), units='height', vertices=ndarray(...), win=Window(...), windingRule=None)
11.7040 	EXP 	window1: mouseVisible = True
11.7043 	EXP 	Created unnamed Line = Line(__class__=<class 'psychopy.visual.line.Line'>, anchor=('center', 'center'), autoDraw=False, autoLog=True, closeShape=False, color=array([-1, -1, -1]), colorSpace='rgb', contrast=None, depth=2, draggable=False, fillColor=array([0, 0, 0]), fillColorSpace='rgb', fillRGB=array([0, 0, 0]), interpolate=True, lineColor=array([-1, -1, -1]), lineColorSpace='rgb', lineRGB=array([-1, -1, -1]), lineWidth=4, name='unnamed Line', opacity=0.5, ori=0.0, pos=array([0., 0.]), size=array([1., 1.]), units='height', vertices=ndarray(...), win=Window(...), windingRule=None)
11.7044 	EXP 	window1: mouseVisible = True
11.7047 	EXP 	Created unnamed ShapeStim = ShapeStim(__class__=<class 'psychopy.visual.shape.ShapeStim'>, anchor=('center', 'center'), autoDraw=False, autoLog=True, closeShape=True, color=method-wrapper(...), colorSpace='rgb', contrast=None, depth=0, draggable=False, fillColor=array([-1, -1, -1]), fillColorSpace='rgb', fillRGB=array([-1, -1, -1]), interpolate=True, lineColor=array([-1, -1, -1]), lineColorSpace='rgb', lineRGB=array([-1, -1, -1]), lineWidth=1.5, name='unnamed ShapeStim', opacity=1.0, ori=155.45454545454544, pos=array([-0.2852831 , -0.18371966]), size=array([1., 1.]), units='height', vertices=ndarray(...), win=Window(...), windingRule=None)
11.7048 	EXP 	window1: mouseVisible = True
11.7051 	EXP 	Created unnamed Line = Line(__class__=<class 'psychopy.visual.line.Line'>, anchor=('center', 'center'), autoDraw=False, autoLog=True, closeShape=False, color=array([-1, -1, -1]), colorSpace='rgb', contrast=None, depth=2, draggable=False, fillColor=array([0, 0, 0]), fillColorSpace='rgb', fillRGB=array([0, 0, 0]), interpolate=True, lineColor=array([-1, -1, -1]), lineColorSpace='rgb', lineRGB=array([-1, -1, -1]), lineWidth=4, name='unnamed Line', opacity=0.5, ori=0.0, pos=array([0., 0.]), size=array([1., 1.]), units='height', vertices=ndarray(...), win=Window(...), windingRule=None)
11.7052 	EXP 	window1: mouseVisible = True
11.7055 	EXP 	Created unnamed ShapeStim = ShapeStim(__class__=<class 'psychopy.visual.shape.ShapeStim'>, anchor=('center', 'center'), autoDraw=False, autoLog=True, closeShape=True, color=method-wrapper(...), colorSpace='rgb', contrast=None, depth=0, draggable=False, fillColor=array([-1, -1, -1]), fillColorSpace='rgb', fillRGB=array([-1, -1, -1]), interpolate=True, lineColor=array([-1, -1, -1]), lineColorSpace='rgb', lineRGB=array([-1, -1, -1]), lineWidth=1.5, name='unnamed ShapeStim', opacity=1.0, ori=122.72727272727275, pos=array([ 0.05654372, -0.3087905 ]), size=array([1., 1.]), units='height', vertices=ndarray(...), win=Window(...), windingRule=None)
11.7056 	EXP 	window1: mouseVisible = True
11.7059 	EXP 	Created unnamed Line = Line(__class__=<class 'psychopy.visual.line.Line'>, anchor=('center', 'center'), autoDraw=False, autoLog=True, closeShape=False, color=array([-1, -1, -1]), colorSpace='rgb', contrast=None, depth=2, draggable=False, fillColor=array([0, 0, 0]), fillColorSpace='rgb', fillRGB=array([0, 0, 0]), interpolate=True, lineColor=array([-1, -1, -1]), lineColorSpace='rgb', lineRGB=array([-1, -1, -1]), lineWidth=4, name='unnamed Line', opacity=0.5, ori=0.0, pos=array([0., 0.]), size=array([1., 1.]), units='height', vertices=ndarray(...), win=Window(...), windingRule=None)
11.7060 	EXP 	window1: mouseVisible = True
11.7064 	EXP 	Created unnamed ShapeStim = ShapeStim(__class__=<class 'psychopy.visual.shape.ShapeStim'>, anchor=('center', 'center'), autoDraw=False, autoLog=True, closeShape=True, color=method-wrapper(...), colorSpace='rgb', contrast=None, depth=0, draggable=False, fillColor=array([-1, -1, -1]), fillColorSpace='rgb', fillRGB=array([-1, -1, -1]), interpolate=True, lineColor=array([-1, -1, -1]), lineColorSpace='rgb', lineRGB=array([-1, -1, -1]), lineWidth=1.5, name='unnamed ShapeStim', opacity=1.0, ori=122.72727272727273, pos=array([-0.14066907, -0.3087905 ]), size=array([1., 1.]), units='height', vertices=ndarray(...), win=Window(...), windingRule=None)
11.7064 	EXP 	window1: mouseVisible = True
11.7068 	EXP 	Created unnamed Line = Line(__class__=<class 'psychopy.visual.line.Line'>, anchor=('center', 'center'), autoDraw=False, autoLog=True, closeShape=False, color=array([-1, -1, -1]), colorSpace='rgb', contrast=None, depth=2, draggable=False, fillColor=array([0, 0, 0]), fillColorSpace='rgb', fillRGB=array([0, 0, 0]), interpolate=True, lineColor=array([-1, -1, -1]), lineColorSpace='rgb', lineRGB=array([-1, -1, -1]), lineWidth=4, name='unnamed Line', opacity=0.5, ori=0.0, pos=array([0., 0.]), size=array([1., 1.]), units='height', vertices=ndarray(...), win=Window(...), windingRule=None)
11.7069 	EXP 	window1: mouseVisible = True
11.7073 	EXP 	Created unnamed ShapeStim = ShapeStim(__class__=<class 'psychopy.visual.shape.ShapeStim'>, anchor=('center', 'center'), autoDraw=False, autoLog=True, closeShape=True, color=method-wrapper(...), colorSpace='rgb', contrast=None, depth=0, draggable=False, fillColor=array([-1, -1, -1]), fillColorSpace='rgb', fillRGB=array([-1, -1, -1]), interpolate=True, lineColor=array([-1, -1, -1]), lineColorSpace='rgb', lineRGB=array([-1, -1, -1]), lineWidth=1.5, name='unnamed ShapeStim', opacity=1.0, ori=90.00000000000003, pos=array([ 0.21451235, -0.22920126]), size=array([1., 1.]), units='height', vertices=ndarray(...), win=Window(...), windingRule=None)
11.7073 	EXP 	window1: mouseVisible = True
11.7077 	EXP 	Created unnamed Line = Line(__class__=<class 'psychopy.visual.line.Line'>, anchor=('center', 'center'), autoDraw=False, autoLog=True, closeShape=False, color=array([-1, -1, -1]), colorSpace='rgb', contrast=None, depth=2, draggable=False, fillColor=array([0, 0, 0]), fillColorSpace='rgb', fillRGB=array([0, 0, 0]), interpolate=True, lineColor=array([-1, -1, -1]), lineColorSpace='rgb', lineRGB=array([-1, -1, -1]), lineWidth=4, name='unnamed Line', opacity=0.5, ori=0.0, pos=array([0., 0.]), size=array([1., 1.]), units='height', vertices=ndarray(...), win=Window(...), windingRule=None)
11.7077 	EXP 	window1: mouseVisible = True
11.7081 	EXP 	Created unnamed ShapeStim = ShapeStim(__class__=<class 'psychopy.visual.shape.ShapeStim'>, anchor=('center', 'center'), autoDraw=False, autoLog=True, closeShape=True, color=method-wrapper(...), colorSpace='rgb', contrast=None, depth=0, draggable=False, fillColor=array([-1, -1, -1]), fillColorSpace='rgb', fillRGB=array([-1, -1, -1]), interpolate=True, lineColor=array([-1, -1, -1]), lineColorSpace='rgb', lineRGB=array([-1, -1, -1]), lineWidth=1.5, name='unnamed ShapeStim', opacity=1.0, ori=90.00000000000001, pos=array([ 0.04860639, -0.33582254]), size=array([1., 1.]), units='height', vertices=ndarray(...), win=Window(...), windingRule=None)
11.7081 	EXP 	window1: mouseVisible = True
11.7085 	EXP 	Created unnamed Line = Line(__class__=<class 'psychopy.visual.line.Line'>, anchor=('center', 'center'), autoDraw=False, autoLog=True, closeShape=False, color=array([-1, -1, -1]), colorSpace='rgb', contrast=None, depth=2, draggable=False, fillColor=array([0, 0, 0]), fillColorSpace='rgb', fillRGB=array([0, 0, 0]), interpolate=True, lineColor=array([-1, -1, -1]), lineColorSpace='rgb', lineRGB=array([-1, -1, -1]), lineWidth=4, name='unnamed Line', opacity=0.5, ori=0.0, pos=array([0., 0.]), size=array([1., 1.]), units='height', vertices=ndarray(...), win=Window(...), windingRule=None)
11.7085 	EXP 	window1: mouseVisible = True
11.7089 	EXP 	Created unnamed ShapeStim = ShapeStim(__class__=<class 'psychopy.visual.shape.ShapeStim'>, anchor=('center', 'center'), autoDraw=False, autoLog=True, closeShape=True, color=method-wrapper(...), colorSpace='rgb', contrast=None, depth=0, draggable=False, fillColor=array([-1, -1, -1]), fillColorSpace='rgb', fillRGB=array([-1, -1, -1]), interpolate=True, lineColor=array([-1, -1, -1]), lineColorSpace='rgb', lineRGB=array([-1, -1, -1]), lineWidth=1.5, name='unnamed ShapeStim', opacity=1.0, ori=57.27272727272728, pos=array([ 0.30437483, -0.07684223]), size=array([1., 1.]), units='height', vertices=ndarray(...), win=Window(...), windingRule=None)
11.7089 	EXP 	window1: mouseVisible = True
11.7093 	EXP 	Created unnamed Line = Line(__class__=<class 'psychopy.visual.line.Line'>, anchor=('center', 'center'), autoDraw=False, autoLog=True, closeShape=False, color=array([-1, -1, -1]), colorSpace='rgb', contrast=None, depth=2, draggable=False, fillColor=array([0, 0, 0]), fillColorSpace='rgb', fillRGB=array([0, 0, 0]), interpolate=True, lineColor=array([-1, -1, -1]), lineColorSpace='rgb', lineRGB=array([-1, -1, -1]), lineWidth=4, name='unnamed Line', opacity=0.5, ori=0.0, pos=array([0., 0.]), size=array([1., 1.]), units='height', vertices=ndarray(...), win=Window(...), windingRule=None)
11.7093 	EXP 	window1: mouseVisible = True
11.7097 	EXP 	Created unnamed ShapeStim = ShapeStim(__class__=<class 'psychopy.visual.shape.ShapeStim'>, anchor=('center', 'center'), autoDraw=False, autoLog=True, closeShape=True, color=method-wrapper(...), colorSpace='rgb', contrast=None, depth=0, draggable=False, fillColor=array([-1, -1, -1]), fillColorSpace='rgb', fillRGB=array([-1, -1, -1]), interpolate=True, lineColor=array([-1, -1, -1]), lineColorSpace='rgb', lineRGB=array([-1, -1, -1]), lineWidth=1.5, name='unnamed ShapeStim', opacity=1.0, ori=57.2727272727273, pos=array([ 0.22244967, -0.2562333 ]), size=array([1., 1.]), units='height', vertices=ndarray(...), win=Window(...), windingRule=None)
11.7098 	EXP 	window1: mouseVisible = True
11.7101 	EXP 	Created unnamed Line = Line(__class__=<class 'psychopy.visual.line.Line'>, anchor=('center', 'center'), autoDraw=False, autoLog=True, closeShape=False, color=array([-1, -1, -1]), colorSpace='rgb', contrast=None, depth=2, draggable=False, fillColor=array([0, 0, 0]), fillColorSpace='rgb', fillRGB=array([0, 0, 0]), interpolate=True, lineColor=array([-1, -1, -1]), lineColorSpace='rgb', lineRGB=array([-1, -1, -1]), lineWidth=4, name='unnamed Line', opacity=0.5, ori=0.0, pos=array([0., 0.]), size=array([1., 1.]), units='height', vertices=ndarray(...), win=Window(...), windingRule=None)
11.7102 	EXP 	window1: mouseVisible = True
11.7105 	EXP 	Created unnamed ShapeStim = ShapeStim(__class__=<class 'psychopy.visual.shape.ShapeStim'>, anchor=('center', 'center'), autoDraw=False, autoLog=True, closeShape=True, color=method-wrapper(...), colorSpace='rgb', contrast=None, depth=0, draggable=False, fillColor=array([-1, -1, -1]), fillColorSpace='rgb', fillRGB=array([-1, -1, -1]), interpolate=True, lineColor=array([-1, -1, -1]), lineColorSpace='rgb', lineRGB=array([-1, -1, -1]), lineWidth=1.5, name='unnamed ShapeStim', opacity=1.0, ori=24.545454545454575, pos=array([0.29760045, 0.09991365]), size=array([1., 1.]), units='height', vertices=ndarray(...), win=Window(...), windingRule=None)
11.7106 	EXP 	window1: mouseVisible = True
11.7109 	EXP 	Created unnamed Line = Line(__class__=<class 'psychopy.visual.line.Line'>, anchor=('center', 'center'), autoDraw=False, autoLog=True, closeShape=False, color=array([-1, -1, -1]), colorSpace='rgb', contrast=None, depth=2, draggable=False, fillColor=array([0, 0, 0]), fillColorSpace='rgb', fillRGB=array([0, 0, 0]), interpolate=True, lineColor=array([-1, -1, -1]), lineColorSpace='rgb', lineRGB=array([-1, -1, -1]), lineWidth=4, name='unnamed Line', opacity=0.5, ori=0.0, pos=array([0., 0.]), size=array([1., 1.]), units='height', vertices=ndarray(...), win=Window(...), windingRule=None)
11.7110 	EXP 	window1: mouseVisible = True
11.7114 	EXP 	Created unnamed ShapeStim = ShapeStim(__class__=<class 'psychopy.visual.shape.ShapeStim'>, anchor=('center', 'center'), autoDraw=False, autoLog=True, closeShape=True, color=method-wrapper(...), colorSpace='rgb', contrast=None, depth=0, draggable=False, fillColor=array([-1, -1, -1]), fillColorSpace='rgb', fillRGB=array([-1, -1, -1]), interpolate=True, lineColor=array([-1, -1, -1]), lineColorSpace='rgb', lineRGB=array([-1, -1, -1]), lineWidth=1.5, name='unnamed ShapeStim', opacity=1.0, ori=24.54545454545459, pos=array([ 0.32566675, -0.09529179]), size=array([1., 1.]), units='height', vertices=ndarray(...), win=Window(...), windingRule=None)
11.7114 	EXP 	window1: mouseVisible = True
11.7118 	EXP 	Created unnamed Line = Line(__class__=<class 'psychopy.visual.line.Line'>, anchor=('center', 'center'), autoDraw=False, autoLog=True, closeShape=False, color=array([-1, -1, -1]), colorSpace='rgb', contrast=None, depth=2, draggable=False, fillColor=array([0, 0, 0]), fillColorSpace='rgb', fillRGB=array([0, 0, 0]), interpolate=True, lineColor=array([-1, -1, -1]), lineColorSpace='rgb', lineRGB=array([-1, -1, -1]), lineWidth=4, name='unnamed Line', opacity=0.5, ori=0.0, pos=array([0., 0.]), size=array([1., 1.]), units='height', vertices=ndarray(...), win=Window(...), windingRule=None)
11.7118 	EXP 	window1: mouseVisible = True
11.7122 	EXP 	Created unnamed ShapeStim = ShapeStim(__class__=<class 'psychopy.visual.shape.ShapeStim'>, anchor=('center', 'center'), autoDraw=False, autoLog=True, closeShape=True, color=method-wrapper(...), colorSpace='rgb', contrast=None, depth=0, draggable=False, fillColor=array([-1, -1, -1]), fillColorSpace='rgb', fillRGB=array([-1, -1, -1]), interpolate=True, lineColor=array([-1, -1, -1]), lineColorSpace='rgb', lineRGB=array([-1, -1, -1]), lineWidth=1.5, name='unnamed ShapeStim', opacity=1.0, ori=-8.181818181818159, pos=array([0.19634003, 0.24494766]), size=array([1., 1.]), units='height', vertices=ndarray(...), win=Window(...), windingRule=None)
11.7123 	EXP 	window1: mouseVisible = True
11.7126 	EXP 	Created unnamed Rect = Rect(__class__=<class 'psychopy.visual.rect.Rect'>, anchor=('center', 'center'), autoDraw=False, autoLog=True, closeShape=True, color=method-wrapper(...), colorSpace='rgb', contrast=None, depth=0, draggable=False, fillColor=array([0.00392157, 0.00392157, 0.00392157]), fillColorSpace='rgb', fillRGB=array([0.00392157, 0.00392157, 0.00392157]), interpolate=True, lineColor=array([0, 0, 0]), lineColorSpace='rgb', lineRGB=array([0, 0, 0]), lineWidth=0, name='unnamed Rect', opacity=0.0, ori=0.0, pos=array([0.1, 0. ]), size=array([1.1, 1. ]), units='height', vertices=ndarray(...), win=Window(...))
11.7351 	WARNING 	t of last frame was 6949.18ms (=1/0)
11.7351 	EXP 	unnamed Rect: autoDraw = True
11.7351 	EXP 	node0: autoDraw = True
11.7351 	EXP 	node1: autoDraw = True
11.7351 	EXP 	node2: autoDraw = True
11.7351 	EXP 	node3: autoDraw = True
11.7351 	EXP 	node4: autoDraw = True
11.7351 	EXP 	node5: autoDraw = True
11.7351 	EXP 	node6: autoDraw = True
11.7351 	EXP 	node7: autoDraw = True
11.7351 	EXP 	node8: autoDraw = True
11.7351 	EXP 	node9: autoDraw = True
11.7351 	EXP 	node10: autoDraw = True
11.7351 	EXP 	unnamed Line: autoDraw = True
11.7351 	EXP 	unnamed Line: autoDraw = True
11.7351 	EXP 	unnamed ShapeStim: autoDraw = True
11.7351 	EXP 	unnamed Line: autoDraw = True
11.7351 	EXP 	unnamed Line: autoDraw = True
11.7351 	EXP 	unnamed ShapeStim: autoDraw = True
11.7351 	EXP 	unnamed Line: autoDraw = True
11.7351 	EXP 	unnamed Line: autoDraw = True
11.7351 	EXP 	unnamed ShapeStim: autoDraw = True
11.7351 	EXP 	unnamed Line: autoDraw = True
11.7351 	EXP 	unnamed Line: autoDraw = True
11.7351 	EXP 	unnamed ShapeStim: autoDraw = True
11.7351 	EXP 	unnamed Line: autoDraw = True
11.7351 	EXP 	unnamed Line: autoDraw = True
11.7351 	EXP 	unnamed ShapeStim: autoDraw = True
11.7351 	EXP 	unnamed Line: autoDraw = True
11.7351 	EXP 	unnamed Line: autoDraw = True
11.7351 	EXP 	unnamed ShapeStim: autoDraw = True
11.7351 	EXP 	unnamed Line: autoDraw = True
11.7351 	EXP 	unnamed Line: autoDraw = True
11.7351 	EXP 	unnamed ShapeStim: autoDraw = True
11.7351 	EXP 	unnamed Line: autoDraw = True
11.7351 	EXP 	unnamed Line: autoDraw = True
11.7351 	EXP 	unnamed ShapeStim: autoDraw = True
11.7351 	EXP 	unnamed Line: autoDraw = True
11.7351 	EXP 	unnamed Line: autoDraw = True
11.7351 	EXP 	unnamed ShapeStim: autoDraw = True
11.7351 	EXP 	unnamed Line: autoDraw = True
11.7351 	EXP 	unnamed Line: autoDraw = True
11.7351 	EXP 	unnamed ShapeStim: autoDraw = True
11.7351 	EXP 	unnamed Line: autoDraw = True
11.7351 	EXP 	unnamed Line: autoDraw = True
11.7351 	EXP 	unnamed ShapeStim: autoDraw = True
11.7351 	EXP 	unnamed Line: autoDraw = True
11.7351 	EXP 	unnamed Line: autoDraw = True
11.7351 	EXP 	unnamed ShapeStim: autoDraw = True
11.7351 	EXP 	unnamed Line: autoDraw = True
11.7351 	EXP 	unnamed Line: autoDraw = True
11.7351 	EXP 	unnamed ShapeStim: autoDraw = True
11.7351 	EXP 	unnamed Line: autoDraw = True
11.7351 	EXP 	unnamed Line: autoDraw = True
11.7351 	EXP 	unnamed ShapeStim: autoDraw = True
11.7351 	EXP 	unnamed Line: autoDraw = True
11.7351 	EXP 	unnamed Line: autoDraw = True
11.7351 	EXP 	unnamed ShapeStim: autoDraw = True
11.7351 	EXP 	unnamed Line: autoDraw = True
11.7351 	EXP 	unnamed Line: autoDraw = True
11.7351 	EXP 	unnamed ShapeStim: autoDraw = True
11.7351 	EXP 	unnamed Rect: autoDraw = True
18.8344 	DATA 	Keypress: space
18.8454 	WARNING 	t of last frame was 7110.31ms (=1/0)
18.8454 	EXP 	node0: fillColor = '#126DEF'
22.2957 	DATA 	Keypress: space
22.3055 	WARNING 	t of last frame was 3460.04ms (=1/0)
25.0477 	DATA 	Keypress: space
25.0569 	WARNING 	Multiple dropped frames have occurred - I'll stop bothering you about them!
27.1517 	DATA 	Keypress: space
41.2158 	DATA 	Keypress: f
48.2557 	DATA 	Keypress: j
48.2665 	EXP 	window1: mouseVisible = True
48.2860 	EXP 	Created unnamed TextStim = TextStim(__class__=<class 'psychopy.visual.text.TextStim'>, alignHoriz=method-wrapper(...), alignText='center', alignVert=method-wrapper(...), anchorHoriz='center', anchorVert='center', antialias=True, autoDraw=False, autoLog=True, bold=False, color=array([1, 1, 1]), colorSpace='rgb', contrast=1.0, depth=0, draggable=False, flipHoriz=False, flipVert=False, font='', fontFiles=[], height=0.035, italic=False, languageStyle='LTR', name='unnamed TextStim', opacity=1.0, ori=0.0, pos=array([0., 0.]), rgb=UNKNOWN, text='press Space to start', units='height', win=Window(...), wrapWidth=1)
55.4799 	DATA 	Keypress: space
55.4805 	EXP 	window1: mouseVisible = True
55.4810 	EXP 	Created unnamed Rect = Rect(__class__=<class 'psychopy.visual.rect.Rect'>, anchor=('center', 'center'), autoDraw=False, autoLog=True, closeShape=True, color=method-wrapper(...), colorSpace='rgb', contrast=None, depth=0, draggable=False, fillColor=array([0.00392157, 0.00392157, 0.00392157]), fillColorSpace='rgb', fillRGB=array([0.00392157, 0.00392157, 0.00392157]), interpolate=True, lineColor=array([0, 0, 0]), lineColorSpace='rgb', lineRGB=array([0, 0, 0]), lineWidth=0, name='unnamed Rect', opacity=0.5, ori=0.0, pos=array([-0.65,  0.45]), size=array([0.1, 0.1]), units='height', vertices=ndarray(...), win=Window(...))
55.4868 	EXP 	unnamed Rect: autoDraw = True
55.4868 	EXP 	unnamed Rect: autoDraw = True
55.4868 	EXP 	node0: autoDraw = True
55.4868 	EXP 	node1: autoDraw = True
55.4868 	EXP 	node2: autoDraw = True
55.4868 	EXP 	node3: autoDraw = True
55.4868 	EXP 	node4: autoDraw = True
55.4868 	EXP 	node5: autoDraw = True
55.4868 	EXP 	node6: autoDraw = True
55.4868 	EXP 	node7: autoDraw = True
55.4868 	EXP 	node8: autoDraw = True
55.4868 	EXP 	node9: autoDraw = True
55.4868 	EXP 	node10: autoDraw = True
55.4868 	EXP 	unnamed Line: autoDraw = True
55.4868 	EXP 	unnamed ShapeStim: autoDraw = True
55.4868 	EXP 	unnamed Line: autoDraw = True
55.4868 	EXP 	unnamed ShapeStim: autoDraw = True
55.4868 	EXP 	unnamed Line: autoDraw = True
55.4868 	EXP 	unnamed ShapeStim: autoDraw = True
55.4868 	EXP 	unnamed Line: autoDraw = True
55.4868 	EXP 	unnamed ShapeStim: autoDraw = True
55.4868 	EXP 	unnamed Line: autoDraw = True
55.4868 	EXP 	unnamed ShapeStim: autoDraw = True
55.4868 	EXP 	unnamed Line: autoDraw = True
55.4868 	EXP 	unnamed ShapeStim: autoDraw = True
55.4868 	EXP 	unnamed Line: autoDraw = True
55.4868 	EXP 	unnamed ShapeStim: autoDraw = True
55.4868 	EXP 	unnamed Line: autoDraw = True
55.4868 	EXP 	unnamed ShapeStim: autoDraw = True
55.4868 	EXP 	unnamed Line: autoDraw = True
55.4868 	EXP 	unnamed ShapeStim: autoDraw = True
55.4868 	EXP 	unnamed Line: autoDraw = True
55.4868 	EXP 	unnamed ShapeStim: autoDraw = True
55.4868 	EXP 	unnamed Line: autoDraw = True
55.4868 	EXP 	unnamed ShapeStim: autoDraw = True
55.4868 	EXP 	unnamed Line: autoDraw = True
55.4868 	EXP 	unnamed ShapeStim: autoDraw = True
55.4868 	EXP 	unnamed Line: autoDraw = True
55.4868 	EXP 	unnamed ShapeStim: autoDraw = True
55.4868 	EXP 	unnamed Line: autoDraw = True
55.4868 	EXP 	unnamed ShapeStim: autoDraw = True
55.4868 	EXP 	unnamed Line: autoDraw = True
55.4868 	EXP 	unnamed ShapeStim: autoDraw = True
55.4868 	EXP 	unnamed Line: autoDraw = True
55.4868 	EXP 	unnamed ShapeStim: autoDraw = True
55.4868 	EXP 	unnamed Rect: autoDraw = True
55.4868 	EXP 	unnamed Rect: autoDraw = True
55.4949 	EXP 	node0: fillColor = '#126DEF'
55.4949 	EXP 	unnamed Line: autoDraw = False
55.4949 	EXP 	unnamed ShapeStim: autoDraw = False
55.4949 	EXP 	unnamed Line: autoDraw = True
55.4949 	EXP 	unnamed ShapeStim: autoDraw = True
55.4949 	EXP 	unnamed Line: autoDraw = False
55.4949 	EXP 	unnamed ShapeStim: autoDraw = False
55.4949 	EXP 	unnamed Line: autoDraw = True
55.4949 	EXP 	unnamed ShapeStim: autoDraw = True
55.4949 	EXP 	unnamed Line: foreColor = <psychopy.colors.Color: black, alpha=1.0>
55.4949 	EXP 	unnamed Line: borderColor = <psychopy.colors.Color: black, alpha=1.0>
55.4949 	EXP 	unnamed Line: fillColor = <psychopy.colors.Color: black, alpha=1.0>
55.4949 	EXP 	unnamed ShapeStim: foreColor = <psychopy.colors.Color: black, alpha=1.0>
55.4949 	EXP 	unnamed ShapeStim: borderColor = <psychopy.colors.Color: black, alpha=1.0>
55.4949 	EXP 	unnamed ShapeStim: fillColor = <psychopy.colors.Color: black, alpha=1.0>
55.4949 	EXP 	unnamed Line: foreColor = <psychopy.colors.Color: black, alpha=1.0>
55.4949 	EXP 	unnamed Line: borderColor = <psychopy.colors.Color: black, alpha=1.0>
55.4949 	EXP 	unnamed Line: fillColor = <psychopy.colors.Color: black, alpha=1.0>
55.4949 	EXP 	unnamed ShapeStim: foreColor = <psychopy.colors.Color: black, alpha=1.0>
55.4949 	EXP 	unnamed ShapeStim: borderColor = <psychopy.colors.Color: black, alpha=1.0>
55.4949 	EXP 	unnamed ShapeStim: fillColor = <psychopy.colors.Color: black, alpha=1.0>
55.4949 	EXP 	unnamed Line: foreColor = <psychopy.colors.Color: black, alpha=1.0>
55.4949 	EXP 	unnamed Line: borderColor = <psychopy.colors.Color: black, alpha=1.0>
55.4949 	EXP 	unnamed Line: fillColor = <psychopy.colors.Color: black, alpha=1.0>
55.4949 	EXP 	unnamed ShapeStim: foreColor = <psychopy.colors.Color: black, alpha=1.0>
55.4949 	EXP 	unnamed ShapeStim: borderColor = <psychopy.colors.Color: black, alpha=1.0>
55.4949 	EXP 	unnamed ShapeStim: fillColor = <psychopy.colors.Color: black, alpha=1.0>
55.4949 	EXP 	unnamed Line: foreColor = <psychopy.colors.Color: black, alpha=1.0>
55.4949 	EXP 	unnamed Line: borderColor = <psychopy.colors.Color: black, alpha=1.0>
55.4949 	EXP 	unnamed Line: fillColor = <psychopy.colors.Color: black, alpha=1.0>
55.4949 	EXP 	unnamed ShapeStim: foreColor = <psychopy.colors.Color: black, alpha=1.0>
55.4949 	EXP 	unnamed ShapeStim: borderColor = <psychopy.colors.Color: black, alpha=1.0>
55.4949 	EXP 	unnamed ShapeStim: fillColor = <psychopy.colors.Color: black, alpha=1.0>
55.4949 	EXP 	unnamed Line: foreColor = <psychopy.colors.Color: black, alpha=1.0>
55.4949 	EXP 	unnamed Line: borderColor = <psychopy.colors.Color: black, alpha=1.0>
55.4949 	EXP 	unnamed Line: fillColor = <psychopy.colors.Color: black, alpha=1.0>
55.4949 	EXP 	unnamed ShapeStim: foreColor = <psychopy.colors.Color: black, alpha=1.0>
55.4949 	EXP 	unnamed ShapeStim: borderColor = <psychopy.colors.Color: black, alpha=1.0>
55.4949 	EXP 	unnamed ShapeStim: fillColor = <psychopy.colors.Color: black, alpha=1.0>
55.4949 	EXP 	unnamed Line: foreColor = <psychopy.colors.Color: black, alpha=1.0>
55.4949 	EXP 	unnamed Line: borderColor = <psychopy.colors.Color: black, alpha=1.0>
55.4949 	EXP 	unnamed Line: fillColor = <psychopy.colors.Color: black, alpha=1.0>
55.4949 	EXP 	unnamed ShapeStim: foreColor = <psychopy.colors.Color: black, alpha=1.0>
55.4949 	EXP 	unnamed ShapeStim: borderColor = <psychopy.colors.Color: black, alpha=1.0>
55.4949 	EXP 	unnamed ShapeStim: fillColor = <psychopy.colors.Color: black, alpha=1.0>
55.4949 	EXP 	unnamed Line: foreColor = <psychopy.colors.Color: black, alpha=1.0>
55.4949 	EXP 	unnamed Line: borderColor = <psychopy.colors.Color: black, alpha=1.0>
55.4949 	EXP 	unnamed Line: fillColor = <psychopy.colors.Color: black, alpha=1.0>
55.4949 	EXP 	unnamed ShapeStim: foreColor = <psychopy.colors.Color: black, alpha=1.0>
55.4949 	EXP 	unnamed ShapeStim: borderColor = <psychopy.colors.Color: black, alpha=1.0>
55.4949 	EXP 	unnamed ShapeStim: fillColor = <psychopy.colors.Color: black, alpha=1.0>
55.4949 	EXP 	unnamed Line: foreColor = <psychopy.colors.Color: black, alpha=1.0>
55.4949 	EXP 	unnamed Line: borderColor = <psychopy.colors.Color: black, alpha=1.0>
55.4949 	EXP 	unnamed Line: fillColor = <psychopy.colors.Color: black, alpha=1.0>
55.4949 	EXP 	unnamed ShapeStim: foreColor = <psychopy.colors.Color: black, alpha=1.0>
55.4949 	EXP 	unnamed ShapeStim: borderColor = <psychopy.colors.Color: black, alpha=1.0>
55.4949 	EXP 	unnamed ShapeStim: fillColor = <psychopy.colors.Color: black, alpha=1.0>
55.4949 	EXP 	unnamed Line: foreColor = <psychopy.colors.Color: black, alpha=1.0>
55.4949 	EXP 	unnamed Line: borderColor = <psychopy.colors.Color: black, alpha=1.0>
55.4949 	EXP 	unnamed Line: fillColor = <psychopy.colors.Color: black, alpha=1.0>
55.4949 	EXP 	unnamed ShapeStim: foreColor = <psychopy.colors.Color: black, alpha=1.0>
55.4949 	EXP 	unnamed ShapeStim: borderColor = <psychopy.colors.Color: black, alpha=1.0>
55.4949 	EXP 	unnamed ShapeStim: fillColor = <psychopy.colors.Color: black, alpha=1.0>
55.4949 	EXP 	unnamed Line: foreColor = <psychopy.colors.Color: black, alpha=1.0>
55.4949 	EXP 	unnamed Line: borderColor = <psychopy.colors.Color: black, alpha=1.0>
55.4949 	EXP 	unnamed Line: fillColor = <psychopy.colors.Color: black, alpha=1.0>
55.4949 	EXP 	unnamed ShapeStim: foreColor = <psychopy.colors.Color: black, alpha=1.0>
55.4949 	EXP 	unnamed ShapeStim: borderColor = <psychopy.colors.Color: black, alpha=1.0>
55.4949 	EXP 	unnamed ShapeStim: fillColor = <psychopy.colors.Color: black, alpha=1.0>
55.4949 	EXP 	unnamed Line: foreColor = <psychopy.colors.Color: black, alpha=1.0>
55.4949 	EXP 	unnamed Line: borderColor = <psychopy.colors.Color: black, alpha=1.0>
55.4949 	EXP 	unnamed Line: fillColor = <psychopy.colors.Color: black, alpha=1.0>
55.4949 	EXP 	unnamed ShapeStim: foreColor = <psychopy.colors.Color: black, alpha=1.0>
55.4949 	EXP 	unnamed ShapeStim: borderColor = <psychopy.colors.Color: black, alpha=1.0>
55.4949 	EXP 	unnamed ShapeStim: fillColor = <psychopy.colors.Color: black, alpha=1.0>
55.4949 	EXP 	unnamed Line: foreColor = <psychopy.colors.Color: black, alpha=1.0>
55.4949 	EXP 	unnamed Line: borderColor = <psychopy.colors.Color: black, alpha=1.0>
55.4949 	EXP 	unnamed Line: fillColor = <psychopy.colors.Color: black, alpha=1.0>
55.4949 	EXP 	unnamed ShapeStim: foreColor = <psychopy.colors.Color: black, alpha=1.0>
55.4949 	EXP 	unnamed ShapeStim: borderColor = <psychopy.colors.Color: black, alpha=1.0>
55.4949 	EXP 	unnamed ShapeStim: fillColor = <psychopy.colors.Color: black, alpha=1.0>
55.4949 	EXP 	unnamed Line: foreColor = <psychopy.colors.Color: black, alpha=1.0>
55.4949 	EXP 	unnamed Line: borderColor = <psychopy.colors.Color: black, alpha=1.0>
55.4949 	EXP 	unnamed Line: fillColor = <psychopy.colors.Color: black, alpha=1.0>
55.4949 	EXP 	unnamed ShapeStim: foreColor = <psychopy.colors.Color: black, alpha=1.0>
55.4949 	EXP 	unnamed ShapeStim: borderColor = <psychopy.colors.Color: black, alpha=1.0>
55.4949 	EXP 	unnamed ShapeStim: fillColor = <psychopy.colors.Color: black, alpha=1.0>
55.4949 	EXP 	unnamed Line: foreColor = <psychopy.colors.Color: black, alpha=1.0>
55.4949 	EXP 	unnamed Line: borderColor = <psychopy.colors.Color: black, alpha=1.0>
55.4949 	EXP 	unnamed Line: fillColor = <psychopy.colors.Color: black, alpha=1.0>
55.4949 	EXP 	unnamed ShapeStim: foreColor = <psychopy.colors.Color: black, alpha=1.0>
55.4949 	EXP 	unnamed ShapeStim: borderColor = <psychopy.colors.Color: black, alpha=1.0>
55.4949 	EXP 	unnamed ShapeStim: fillColor = <psychopy.colors.Color: black, alpha=1.0>
55.4949 	EXP 	unnamed Line: foreColor = <psychopy.colors.Color: (1.0, 0.58, -0.87, 1.0)>
55.4949 	EXP 	unnamed Line: borderColor = <psychopy.colors.Color: (1.0, 0.58, -0.87, 1.0)>
55.4949 	EXP 	unnamed Line: fillColor = <psychopy.colors.Color: (1.0, 0.58, -0.87, 1.0)>
55.4949 	EXP 	unnamed ShapeStim: foreColor = <psychopy.colors.Color: (1.0, 0.58, -0.87, 1.0)>
55.4949 	EXP 	unnamed ShapeStim: borderColor = <psychopy.colors.Color: (1.0, 0.58, -0.87, 1.0)>
55.4949 	EXP 	unnamed ShapeStim: fillColor = <psychopy.colors.Color: (1.0, 0.58, -0.87, 1.0)>
62.3357 	DATA 	Keypress: f
62.3424 	EXP 	unnamed Line: foreColor = <psychopy.colors.Color: black, alpha=1.0>
62.3424 	EXP 	unnamed Line: borderColor = <psychopy.colors.Color: black, alpha=1.0>
62.3424 	EXP 	unnamed Line: fillColor = <psychopy.colors.Color: black, alpha=1.0>
62.3424 	EXP 	unnamed ShapeStim: foreColor = <psychopy.colors.Color: black, alpha=1.0>
62.3424 	EXP 	unnamed ShapeStim: borderColor = <psychopy.colors.Color: black, alpha=1.0>
62.3424 	EXP 	unnamed ShapeStim: fillColor = <psychopy.colors.Color: black, alpha=1.0>
62.3424 	EXP 	unnamed Line: foreColor = <psychopy.colors.Color: (1.0, 0.58, -0.87, 1.0)>
62.3424 	EXP 	unnamed Line: borderColor = <psychopy.colors.Color: (1.0, 0.58, -0.87, 1.0)>
62.3424 	EXP 	unnamed Line: fillColor = <psychopy.colors.Color: (1.0, 0.58, -0.87, 1.0)>
62.3424 	EXP 	unnamed ShapeStim: foreColor = <psychopy.colors.Color: (1.0, 0.58, -0.87, 1.0)>
62.3424 	EXP 	unnamed ShapeStim: borderColor = <psychopy.colors.Color: (1.0, 0.58, -0.87, 1.0)>
62.3424 	EXP 	unnamed ShapeStim: fillColor = <psychopy.colors.Color: (1.0, 0.58, -0.87, 1.0)>
64.6956 	DATA 	Keypress: j
64.6989 	EXP 	node1: fillColor = '#126DEF'
64.6989 	EXP 	node0: fillColor = 'white'
64.6989 	EXP 	unnamed Line: autoDraw = False
64.6989 	EXP 	unnamed Line: autoDraw = False
64.6989 	EXP 	unnamed Line: autoDraw = False
64.6989 	EXP 	unnamed Line: autoDraw = False
64.6989 	EXP 	unnamed Line: autoDraw = False
64.6989 	EXP 	unnamed Line: autoDraw = False
64.6989 	EXP 	unnamed Line: autoDraw = False
64.6989 	EXP 	unnamed Line: autoDraw = False
64.6989 	EXP 	unnamed Line: autoDraw = False
64.6989 	EXP 	unnamed Line: autoDraw = False
64.6989 	EXP 	unnamed Line: autoDraw = False
64.6989 	EXP 	unnamed Line: autoDraw = False
64.6989 	EXP 	unnamed Line: autoDraw = False
64.6989 	EXP 	unnamed Line: autoDraw = False
64.6989 	EXP 	unnamed Line: autoDraw = False
64.6989 	EXP 	unnamed Line: autoDraw = False
64.6989 	EXP 	unnamed Rect: autoDraw = False
64.6989 	EXP 	node0: autoDraw = False
64.6989 	EXP 	node1: autoDraw = False
64.6989 	EXP 	node2: autoDraw = False
64.6989 	EXP 	node3: autoDraw = False
64.6989 	EXP 	node4: autoDraw = False
64.6989 	EXP 	node5: autoDraw = False
64.6989 	EXP 	node6: autoDraw = False
64.6989 	EXP 	node7: autoDraw = False
64.6989 	EXP 	node8: autoDraw = False
64.6989 	EXP 	node9: autoDraw = False
64.6989 	EXP 	node10: autoDraw = False
64.6989 	EXP 	unnamed ShapeStim: autoDraw = False
64.6989 	EXP 	unnamed ShapeStim: autoDraw = False
64.6989 	EXP 	unnamed ShapeStim: autoDraw = False
64.6989 	EXP 	unnamed ShapeStim: autoDraw = False
64.6989 	EXP 	unnamed ShapeStim: autoDraw = False
64.6989 	EXP 	unnamed ShapeStim: autoDraw = False
64.6989 	EXP 	unnamed ShapeStim: autoDraw = False
64.6989 	EXP 	unnamed ShapeStim: autoDraw = False
64.6989 	EXP 	unnamed ShapeStim: autoDraw = False
64.6989 	EXP 	unnamed ShapeStim: autoDraw = False
64.6989 	EXP 	unnamed ShapeStim: autoDraw = False
64.6989 	EXP 	unnamed ShapeStim: autoDraw = False
64.6989 	EXP 	unnamed ShapeStim: autoDraw = False
64.6989 	EXP 	unnamed ShapeStim: autoDraw = False
64.6989 	EXP 	unnamed Rect: autoDraw = False
64.6989 	EXP 	unnamed Rect: autoDraw = False
64.6989 	EXP 	unnamed ShapeStim: autoDraw = False
64.6989 	EXP 	unnamed ShapeStim: autoDraw = False
64.6990 	INFO 	Mouse: using default window
64.6991 	EXP 	window1: mouseVisible = True
64.6991 	EXP 	window1: mouseVisible = True
64.6996 	EXP 	Created unnamed Rect = Rect(__class__=<class 'psychopy.visual.rect.Rect'>, anchor=('center', 'center'), autoDraw=False, autoLog=True, closeShape=True, color=method-wrapper(...), colorSpace='rgb', contrast=None, depth=0, draggable=False, fillColor=array([0.00392157, 0.00392157, 0.00392157]), fillColorSpace='rgb', fillRGB=array([0.00392157, 0.00392157, 0.00392157]), interpolate=True, lineColor=array([0, 0, 0]), lineColorSpace='rgb', lineRGB=array([0, 0, 0]), lineWidth=0, name='unnamed Rect', opacity=0.5, ori=0.0, pos=array([-0.65,  0.45]), size=array([0.1, 0.1]), units='height', vertices=ndarray(...), win=Window(...))
64.7006 	EXP 	window1: mouseVisible = True
64.7026 	EXP 	Created node0 = Circle(__class__=<class 'psychopy.visual.circle.Circle'>, anchor=('center', 'center'), autoDraw=False, autoLog=True, closeShape=True, color=method-wrapper(...), colorSpace='rgb', contrast=None, depth=0, draggable=False, fillColor=array([1, 1, 1]), fillColorSpace='rgb', fillRGB=array([1, 1, 1]), interpolate=True, lineColor=array([-1, -1, -1]), lineColorSpace='rgb', lineRGB=array([-1, -1, -1]), lineWidth=2, name='node0', opacity=1.0, ori=0.0, pos=array([0.  , 0.35]), size=array([1., 1.]), units='height', vertices=ndarray(...), win=Window(...))
64.7027 	EXP 	window1: mouseVisible = True
64.7377 	EXP 	Created unnamed ImageStim = ImageStim(__class__=<class 'psychopy.visual.image.ImageStim'>, anchor=('center', 'center'), autoLog=True, color=array([1., 1., 1.]), colorSpace='rgb', contrast=1.0, depth=0, draggable=False, flipHoriz=False, flipVert=False, image='images/pattern_6.png', interpolate=False, mask=None, maskParams=None, name='unnamed ImageStim', opacity=1.0, ori=0.0, pos=array([0.  , 0.35]), size=array([0.12, 0.12]), texRes=128, units='height', win=Window(...))
64.7387 	EXP 	window1: mouseVisible = True
64.7407 	EXP 	Created node1 = Circle(__class__=<class 'psychopy.visual.circle.Circle'>, anchor=('center', 'center'), autoDraw=False, autoLog=True, closeShape=True, color=method-wrapper(...), colorSpace='rgb', contrast=None, depth=0, draggable=False, fillColor=array([1, 1, 1]), fillColorSpace='rgb', fillRGB=array([1, 1, 1]), interpolate=True, lineColor=array([-1, -1, -1]), lineColorSpace='rgb', lineRGB=array([-1, -1, -1]), lineWidth=2, name='node1', opacity=1.0, ori=0.0, pos=array([-0.18922429,  0.29443874]), size=array([1., 1.]), units='height', vertices=ndarray(...), win=Window(...))
64.7407 	EXP 	window1: mouseVisible = True
64.7586 	EXP 	Created unnamed ImageStim = ImageStim(__class__=<class 'psychopy.visual.image.ImageStim'>, anchor=('center', 'center'), autoLog=True, color=array([1., 1., 1.]), colorSpace='rgb', contrast=1.0, depth=0, draggable=False, flipHoriz=False, flipVert=False, image='images/pattern_7.png', interpolate=False, mask=None, maskParams=None, name='unnamed ImageStim', opacity=1.0, ori=0.0, pos=array([-0.18922429,  0.29443874]), size=array([0.12, 0.12]), texRes=128, units='height', win=Window(...))
64.7597 	EXP 	window1: mouseVisible = True
64.7616 	EXP 	Created node2 = Circle(__class__=<class 'psychopy.visual.circle.Circle'>, anchor=('center', 'center'), autoDraw=False, autoLog=True, closeShape=True, color=method-wrapper(...), colorSpace='rgb', contrast=None, depth=0, draggable=False, fillColor=array([1, 1, 1]), fillColorSpace='rgb', fillRGB=array([1, 1, 1]), interpolate=True, lineColor=array([-1, -1, -1]), lineColorSpace='rgb', lineRGB=array([-1, -1, -1]), lineWidth=2, name='node2', opacity=1.0, ori=0.0, pos=array([-0.3183712 ,  0.14539525]), size=array([1., 1.]), units='height', vertices=ndarray(...), win=Window(...))
64.7617 	EXP 	window1: mouseVisible = True
64.7802 	EXP 	Created unnamed ImageStim = ImageStim(__class__=<class 'psychopy.visual.image.ImageStim'>, anchor=('center', 'center'), autoLog=True, color=array([1., 1., 1.]), colorSpace='rgb', contrast=1.0, depth=0, draggable=False, flipHoriz=False, flipVert=False, image='images/pattern_8.png', interpolate=False, mask=None, maskParams=None, name='unnamed ImageStim', opacity=1.0, ori=0.0, pos=array([-0.3183712 ,  0.14539525]), size=array([0.12, 0.12]), texRes=128, units='height', win=Window(...))
64.7812 	EXP 	window1: mouseVisible = True
64.7831 	EXP 	Created node3 = Circle(__class__=<class 'psychopy.visual.circle.Circle'>, anchor=('center', 'center'), autoDraw=False, autoLog=True, closeShape=True, color=method-wrapper(...), colorSpace='rgb', contrast=None, depth=0, draggable=False, fillColor=array([1, 1, 1]), fillColorSpace='rgb', fillRGB=array([1, 1, 1]), interpolate=True, lineColor=array([-1, -1, -1]), lineColorSpace='rgb', lineRGB=array([-1, -1, -1]), lineWidth=2, name='node3', opacity=1.0, ori=0.0, pos=array([-0.3464375 , -0.04981019]), size=array([1., 1.]), units='height', vertices=ndarray(...), win=Window(...))
64.7832 	EXP 	window1: mouseVisible = True
64.8018 	EXP 	Created unnamed ImageStim = ImageStim(__class__=<class 'psychopy.visual.image.ImageStim'>, anchor=('center', 'center'), autoLog=True, color=array([1., 1., 1.]), colorSpace='rgb', contrast=1.0, depth=0, draggable=False, flipHoriz=False, flipVert=False, image='images/pattern_9.png', interpolate=False, mask=None, maskParams=None, name='unnamed ImageStim', opacity=1.0, ori=0.0, pos=array([-0.3464375 , -0.04981019]), size=array([0.12, 0.12]), texRes=128, units='height', win=Window(...))
64.8028 	EXP 	window1: mouseVisible = True
64.8047 	EXP 	Created node4 = Circle(__class__=<class 'psychopy.visual.circle.Circle'>, anchor=('center', 'center'), autoDraw=False, autoLog=True, closeShape=True, color=method-wrapper(...), colorSpace='rgb', contrast=None, depth=0, draggable=False, fillColor=array([1, 1, 1]), fillColorSpace='rgb', fillRGB=array([1, 1, 1]), interpolate=True, lineColor=array([-1, -1, -1]), lineColorSpace='rgb', lineRGB=array([-1, -1, -1]), lineWidth=2, name='node4', opacity=1.0, ori=0.0, pos=array([-0.26451235, -0.22920126]), size=array([1., 1.]), units='height', vertices=ndarray(...), win=Window(...))
64.8048 	EXP 	window1: mouseVisible = True
64.8218 	EXP 	Created unnamed ImageStim = ImageStim(__class__=<class 'psychopy.visual.image.ImageStim'>, anchor=('center', 'center'), autoLog=True, color=array([1., 1., 1.]), colorSpace='rgb', contrast=1.0, depth=0, draggable=False, flipHoriz=False, flipVert=False, image='images/pattern_4.png', interpolate=False, mask=None, maskParams=None, name='unnamed ImageStim', opacity=1.0, ori=0.0, pos=array([-0.26451235, -0.22920126]), size=array([0.12, 0.12]), texRes=128, units='height', win=Window(...))
64.8229 	EXP 	window1: mouseVisible = True
64.8248 	EXP 	Created node5 = Circle(__class__=<class 'psychopy.visual.circle.Circle'>, anchor=('center', 'center'), autoDraw=False, autoLog=True, closeShape=True, color=method-wrapper(...), colorSpace='rgb', contrast=None, depth=0, draggable=False, fillColor=array([1, 1, 1]), fillColorSpace='rgb', fillRGB=array([1, 1, 1]), interpolate=True, lineColor=array([-1, -1, -1]), lineColorSpace='rgb', lineRGB=array([-1, -1, -1]), lineWidth=2, name='node5', opacity=1.0, ori=0.0, pos=array([-0.09860639, -0.33582254]), size=array([1., 1.]), units='height', vertices=ndarray(...), win=Window(...))
64.8248 	EXP 	window1: mouseVisible = True
64.8416 	EXP 	Created unnamed ImageStim = ImageStim(__class__=<class 'psychopy.visual.image.ImageStim'>, anchor=('center', 'center'), autoLog=True, color=array([1., 1., 1.]), colorSpace='rgb', contrast=1.0, depth=0, draggable=False, flipHoriz=False, flipVert=False, image='images/pattern_3.png', interpolate=False, mask=None, maskParams=None, name='unnamed ImageStim', opacity=1.0, ori=0.0, pos=array([-0.09860639, -0.33582254]), size=array([0.12, 0.12]), texRes=128, units='height', win=Window(...))
64.8426 	EXP 	window1: mouseVisible = True
64.8445 	EXP 	Created node6 = Circle(__class__=<class 'psychopy.visual.circle.Circle'>, anchor=('center', 'center'), autoDraw=False, autoLog=True, closeShape=True, color=method-wrapper(...), colorSpace='rgb', contrast=None, depth=0, draggable=False, fillColor=array([1, 1, 1]), fillColorSpace='rgb', fillRGB=array([1, 1, 1]), interpolate=True, lineColor=array([-1, -1, -1]), lineColorSpace='rgb', lineRGB=array([-1, -1, -1]), lineWidth=2, name='node6', opacity=1.0, ori=0.0, pos=array([ 0.09860639, -0.33582254]), size=array([1., 1.]), units='height', vertices=ndarray(...), win=Window(...))
64.8446 	EXP 	window1: mouseVisible = True
64.8611 	EXP 	Created unnamed ImageStim = ImageStim(__class__=<class 'psychopy.visual.image.ImageStim'>, anchor=('center', 'center'), autoLog=True, color=array([1., 1., 1.]), colorSpace='rgb', contrast=1.0, depth=0, draggable=False, flipHoriz=False, flipVert=False, image='images/pattern_2.png', interpolate=False, mask=None, maskParams=None, name='unnamed ImageStim', opacity=1.0, ori=0.0, pos=array([ 0.09860639, -0.33582254]), size=array([0.12, 0.12]), texRes=128, units='height', win=Window(...))
64.8621 	EXP 	window1: mouseVisible = True
64.8640 	EXP 	Created node7 = Circle(__class__=<class 'psychopy.visual.circle.Circle'>, anchor=('center', 'center'), autoDraw=False, autoLog=True, closeShape=True, color=method-wrapper(...), colorSpace='rgb', contrast=None, depth=0, draggable=False, fillColor=array([1, 1, 1]), fillColorSpace='rgb', fillRGB=array([1, 1, 1]), interpolate=True, lineColor=array([-1, -1, -1]), lineColorSpace='rgb', lineRGB=array([-1, -1, -1]), lineWidth=2, name='node7', opacity=1.0, ori=0.0, pos=array([ 0.26451235, -0.22920126]), size=array([1., 1.]), units='height', vertices=ndarray(...), win=Window(...))
64.8641 	EXP 	window1: mouseVisible = True
64.8807 	EXP 	Created unnamed ImageStim = ImageStim(__class__=<class 'psychopy.visual.image.ImageStim'>, anchor=('center', 'center'), autoLog=True, color=array([1., 1., 1.]), colorSpace='rgb', contrast=1.0, depth=0, draggable=False, flipHoriz=False, flipVert=False, image='images/pattern_1.png', interpolate=False, mask=None, maskParams=None, name='unnamed ImageStim', opacity=1.0, ori=0.0, pos=array([ 0.26451235, -0.22920126]), size=array([0.12, 0.12]), texRes=128, units='height', win=Window(...))
64.8817 	EXP 	window1: mouseVisible = True
64.8836 	EXP 	Created node8 = Circle(__class__=<class 'psychopy.visual.circle.Circle'>, anchor=('center', 'center'), autoDraw=False, autoLog=True, closeShape=True, color=method-wrapper(...), colorSpace='rgb', contrast=None, depth=0, draggable=False, fillColor=array([1, 1, 1]), fillColorSpace='rgb', fillRGB=array([1, 1, 1]), interpolate=True, lineColor=array([-1, -1, -1]), lineColorSpace='rgb', lineRGB=array([-1, -1, -1]), lineWidth=2, name='node8', opacity=1.0, ori=0.0, pos=array([ 0.3464375 , -0.04981019]), size=array([1., 1.]), units='height', vertices=ndarray(...), win=Window(...))
64.8837 	EXP 	window1: mouseVisible = True
64.9005 	EXP 	Created unnamed ImageStim = ImageStim(__class__=<class 'psychopy.visual.image.ImageStim'>, anchor=('center', 'center'), autoLog=True, color=array([1., 1., 1.]), colorSpace='rgb', contrast=1.0, depth=0, draggable=False, flipHoriz=False, flipVert=False, image='images/pattern_5.png', interpolate=False, mask=None, maskParams=None, name='unnamed ImageStim', opacity=1.0, ori=0.0, pos=array([ 0.3464375 , -0.04981019]), size=array([0.12, 0.12]), texRes=128, units='height', win=Window(...))
64.9015 	EXP 	window1: mouseVisible = True
64.9034 	EXP 	Created node9 = Circle(__class__=<class 'psychopy.visual.circle.Circle'>, anchor=('center', 'center'), autoDraw=False, autoLog=True, closeShape=True, color=method-wrapper(...), colorSpace='rgb', contrast=None, depth=0, draggable=False, fillColor=array([1, 1, 1]), fillColorSpace='rgb', fillRGB=array([1, 1, 1]), interpolate=True, lineColor=array([-1, -1, -1]), lineColorSpace='rgb', lineRGB=array([-1, -1, -1]), lineWidth=2, name='node9', opacity=1.0, ori=0.0, pos=array([0.3183712 , 0.14539525]), size=array([1., 1.]), units='height', vertices=ndarray(...), win=Window(...))
64.9034 	EXP 	window1: mouseVisible = True
64.9199 	EXP 	Created unnamed ImageStim = ImageStim(__class__=<class 'psychopy.visual.image.ImageStim'>, anchor=('center', 'center'), autoLog=True, color=array([1., 1., 1.]), colorSpace='rgb', contrast=1.0, depth=0, draggable=False, flipHoriz=False, flipVert=False, image='images/pattern_5.png', interpolate=False, mask=None, maskParams=None, name='unnamed ImageStim', opacity=1.0, ori=0.0, pos=array([0.3183712 , 0.14539525]), size=array([0.12, 0.12]), texRes=128, units='height', win=Window(...))
64.9209 	EXP 	window1: mouseVisible = True
64.9228 	EXP 	Created node10 = Circle(__class__=<class 'psychopy.visual.circle.Circle'>, anchor=('center', 'center'), autoDraw=False, autoLog=True, closeShape=True, color=method-wrapper(...), colorSpace='rgb', contrast=None, depth=0, draggable=False, fillColor=array([1, 1, 1]), fillColorSpace='rgb', fillRGB=array([1, 1, 1]), interpolate=True, lineColor=array([-1, -1, -1]), lineColorSpace='rgb', lineRGB=array([-1, -1, -1]), lineWidth=2, name='node10', opacity=1.0, ori=0.0, pos=array([0.18922429, 0.29443874]), size=array([1., 1.]), units='height', vertices=ndarray(...), win=Window(...))
64.9229 	EXP 	window1: mouseVisible = True
64.9394 	EXP 	Created unnamed ImageStim = ImageStim(__class__=<class 'psychopy.visual.image.ImageStim'>, anchor=('center', 'center'), autoLog=True, color=array([1., 1., 1.]), colorSpace='rgb', contrast=1.0, depth=0, draggable=False, flipHoriz=False, flipVert=False, image='images/pattern_5.png', interpolate=False, mask=None, maskParams=None, name='unnamed ImageStim', opacity=1.0, ori=0.0, pos=array([0.18922429, 0.29443874]), size=array([0.12, 0.12]), texRes=128, units='height', win=Window(...))
64.9395 	EXP 	window1: mouseVisible = True
64.9399 	EXP 	Created unnamed Rect = Rect(__class__=<class 'psychopy.visual.rect.Rect'>, anchor=('center', 'center'), autoDraw=False, autoLog=True, closeShape=True, color=method-wrapper(...), colorSpace='rgb', contrast=None, depth=0, draggable=False, fillColor=array([0.00392157, 0.00392157, 0.00392157]), fillColorSpace='rgb', fillRGB=array([0.00392157, 0.00392157, 0.00392157]), interpolate=True, lineColor=array([0, 0, 0]), lineColorSpace='rgb', lineRGB=array([0, 0, 0]), lineWidth=0, name='unnamed Rect', opacity=0.0, ori=0.0, pos=array([0.1, 0. ]), size=array([1.1, 1. ]), units='height', vertices=ndarray(...), win=Window(...))
64.9475 	EXP 	unnamed Rect: autoDraw = True
64.9475 	EXP 	node0: autoDraw = True
64.9475 	EXP 	unnamed ImageStim: autoDraw = True
64.9475 	EXP 	node1: autoDraw = True
64.9475 	EXP 	unnamed ImageStim: autoDraw = True
64.9475 	EXP 	node2: autoDraw = True
64.9475 	EXP 	unnamed ImageStim: autoDraw = True
64.9475 	EXP 	node3: autoDraw = True
64.9475 	EXP 	unnamed ImageStim: autoDraw = True
64.9475 	EXP 	node4: autoDraw = True
64.9475 	EXP 	unnamed ImageStim: autoDraw = True
64.9475 	EXP 	node5: autoDraw = True
64.9475 	EXP 	unnamed ImageStim: autoDraw = True
64.9475 	EXP 	node6: autoDraw = True
64.9475 	EXP 	unnamed ImageStim: autoDraw = True
64.9475 	EXP 	node7: autoDraw = True
64.9475 	EXP 	unnamed ImageStim: autoDraw = True
64.9475 	EXP 	node8: autoDraw = True
64.9475 	EXP 	unnamed ImageStim: autoDraw = True
64.9475 	EXP 	node9: autoDraw = True
64.9475 	EXP 	unnamed ImageStim: autoDraw = True
64.9475 	EXP 	node10: autoDraw = True
64.9475 	EXP 	unnamed ImageStim: autoDraw = True
64.9475 	EXP 	unnamed Rect: autoDraw = True
71.8319 	DATA 	Keypress: space
71.8325 	EXP 	window1: mouseVisible = True
71.8343 	EXP 	Created unnamed TextStim = TextStim(__class__=<class 'psychopy.visual.text.TextStim'>, alignHoriz=method-wrapper(...), alignText='center', alignVert=method-wrapper(...), anchorHoriz='center', anchorVert='center', antialias=True, autoDraw=False, autoLog=True, bold=True, color=array([-0.78823529,  0.65490196, -0.90588235]), colorSpace='rgb', contrast=1.0, depth=0, draggable=False, flipHoriz=False, flipVert=False, font='', fontFiles=[], height=0.04, italic=False, languageStyle='LTR', name='unnamed TextStim', opacity=1.0, ori=0.0, pos=array([0.06, 0.41]), rgb=UNKNOWN, text='+1', units='height', win=Window(...), wrapWidth=1)
71.8345 	EXP 	window1: mouseVisible = True
71.8354 	EXP 	Created unnamed TextStim = TextStim(__class__=<class 'psychopy.visual.text.TextStim'>, alignHoriz=method-wrapper(...), alignText='center', alignVert=method-wrapper(...), anchorHoriz='center', anchorVert='center', antialias=True, autoDraw=False, autoLog=True, bold=True, color=array([-0.78823529,  0.65490196, -0.90588235]), colorSpace='rgb', contrast=1.0, depth=0, draggable=False, flipHoriz=False, flipVert=False, font='', fontFiles=[], height=0.04, italic=False, languageStyle='LTR', name='unnamed TextStim', opacity=1.0, ori=0.0, pos=array([-0.12922429,  0.35443874]), rgb=UNKNOWN, text='+2', units='height', win=Window(...), wrapWidth=1)
71.8356 	EXP 	window1: mouseVisible = True
71.8364 	EXP 	Created unnamed TextStim = TextStim(__class__=<class 'psychopy.visual.text.TextStim'>, alignHoriz=method-wrapper(...), alignText='center', alignVert=method-wrapper(...), anchorHoriz='center', anchorVert='center', antialias=True, autoDraw=False, autoLog=True, bold=True, color=array([-0.78823529,  0.65490196, -0.90588235]), colorSpace='rgb', contrast=1.0, depth=0, draggable=False, flipHoriz=False, flipVert=False, font='', fontFiles=[], height=0.04, italic=False, languageStyle='LTR', name='unnamed TextStim', opacity=1.0, ori=0.0, pos=array([-0.2583712 ,  0.20539525]), rgb=UNKNOWN, text='+3', units='height', win=Window(...), wrapWidth=1)
71.8366 	EXP 	window1: mouseVisible = True
71.8373 	EXP 	Created unnamed TextStim = TextStim(__class__=<class 'psychopy.visual.text.TextStim'>, alignHoriz=method-wrapper(...), alignText='center', alignVert=method-wrapper(...), anchorHoriz='center', anchorVert='center', antialias=True, autoDraw=False, autoLog=True, bold=True, color=array([-0.78823529,  0.65490196, -0.90588235]), colorSpace='rgb', contrast=1.0, depth=0, draggable=False, flipHoriz=False, flipVert=False, font='', fontFiles=[], height=0.04, italic=False, languageStyle='LTR', name='unnamed TextStim', opacity=1.0, ori=0.0, pos=array([-0.2864375 ,  0.01018981]), rgb=UNKNOWN, text='+4', units='height', win=Window(...), wrapWidth=1)
71.8556 	EXP 	node0: borderColor = <psychopy.colors.Color: (-0.79, 0.65, -0.91, 1.0)>
71.8556 	EXP 	unnamed TextStim: autoDraw = True
71.8556 	EXP 	node1: borderColor = <psychopy.colors.Color: (-0.79, 0.65, -0.91, 1.0)>
71.8556 	EXP 	unnamed TextStim: autoDraw = True
71.8556 	EXP 	node2: borderColor = <psychopy.colors.Color: (-0.79, 0.65, -0.91, 1.0)>
71.8556 	EXP 	unnamed TextStim: autoDraw = True
71.8556 	EXP 	node3: borderColor = <psychopy.colors.Color: (-0.79, 0.65, -0.91, 1.0)>
71.8556 	EXP 	unnamed TextStim: autoDraw = True
71.8556 	EXP 	node4: borderColor = <psychopy.colors.Color: black, alpha=1.0>
71.8556 	EXP 	node5: borderColor = <psychopy.colors.Color: black, alpha=1.0>
71.8556 	EXP 	node6: borderColor = <psychopy.colors.Color: black, alpha=1.0>
71.8556 	EXP 	node7: borderColor = <psychopy.colors.Color: black, alpha=1.0>
71.8556 	EXP 	node8: borderColor = <psychopy.colors.Color: black, alpha=1.0>
71.8556 	EXP 	node9: borderColor = <psychopy.colors.Color: black, alpha=1.0>
71.8556 	EXP 	node10: borderColor = <psychopy.colors.Color: black, alpha=1.0>
87.6880 	DATA 	Keypress: space
87.6889 	EXP 	window1: mouseVisible = True
87.6900 	EXP 	Created unnamed TextStim = TextStim(__class__=<class 'psychopy.visual.text.TextStim'>, alignHoriz=method-wrapper(...), alignText='center', alignVert=method-wrapper(...), anchorHoriz='center', anchorVert='center', antialias=True, autoDraw=False, autoLog=True, bold=True, color=array([ 0.78039216, -1.        , -0.92156863]), colorSpace='rgb', contrast=1.0, depth=0, draggable=False, flipHoriz=False, flipVert=False, font='', fontFiles=[], height=0.04, italic=False, languageStyle='LTR', name='unnamed TextStim', opacity=1.0, ori=0.0, pos=array([-0.20451235, -0.16920126]), rgb=UNKNOWN, text='-1', units='height', win=Window(...), wrapWidth=1)
87.6902 	EXP 	window1: mouseVisible = True
87.6909 	EXP 	Created unnamed TextStim = TextStim(__class__=<class 'psychopy.visual.text.TextStim'>, alignHoriz=method-wrapper(...), alignText='center', alignVert=method-wrapper(...), anchorHoriz='center', anchorVert='center', antialias=True, autoDraw=False, autoLog=True, bold=True, color=array([ 0.78039216, -1.        , -0.92156863]), colorSpace='rgb', contrast=1.0, depth=0, draggable=False, flipHoriz=False, flipVert=False, font='', fontFiles=[], height=0.04, italic=False, languageStyle='LTR', name='unnamed TextStim', opacity=1.0, ori=0.0, pos=array([-0.03860639, -0.27582254]), rgb=UNKNOWN, text='-2', units='height', win=Window(...), wrapWidth=1)
87.6910 	EXP 	window1: mouseVisible = True
87.6916 	EXP 	Created unnamed TextStim = TextStim(__class__=<class 'psychopy.visual.text.TextStim'>, alignHoriz=method-wrapper(...), alignText='center', alignVert=method-wrapper(...), anchorHoriz='center', anchorVert='center', antialias=True, autoDraw=False, autoLog=True, bold=True, color=array([ 0.78039216, -1.        , -0.92156863]), colorSpace='rgb', contrast=1.0, depth=0, draggable=False, flipHoriz=False, flipVert=False, font='', fontFiles=[], height=0.04, italic=False, languageStyle='LTR', name='unnamed TextStim', opacity=1.0, ori=0.0, pos=array([ 0.15860639, -0.27582254]), rgb=UNKNOWN, text='-3', units='height', win=Window(...), wrapWidth=1)
87.6917 	EXP 	window1: mouseVisible = True
87.6923 	EXP 	Created unnamed TextStim = TextStim(__class__=<class 'psychopy.visual.text.TextStim'>, alignHoriz=method-wrapper(...), alignText='center', alignVert=method-wrapper(...), anchorHoriz='center', anchorVert='center', antialias=True, autoDraw=False, autoLog=True, bold=True, color=array([ 0.78039216, -1.        , -0.92156863]), colorSpace='rgb', contrast=1.0, depth=0, draggable=False, flipHoriz=False, flipVert=False, font='', fontFiles=[], height=0.04, italic=False, languageStyle='LTR', name='unnamed TextStim', opacity=1.0, ori=0.0, pos=array([ 0.32451235, -0.16920126]), rgb=UNKNOWN, text='-4', units='height', win=Window(...), wrapWidth=1)
87.7010 	EXP 	node0: borderColor = <psychopy.colors.Color: black, alpha=1.0>
87.7010 	EXP 	node1: borderColor = <psychopy.colors.Color: black, alpha=1.0>
87.7010 	EXP 	node2: borderColor = <psychopy.colors.Color: black, alpha=1.0>
87.7010 	EXP 	node3: borderColor = <psychopy.colors.Color: black, alpha=1.0>
87.7010 	EXP 	node4: borderColor = <psychopy.colors.Color: (0.78, -1.0, -0.92, 1.0)>
87.7010 	EXP 	unnamed TextStim: autoDraw = True
87.7010 	EXP 	node5: borderColor = <psychopy.colors.Color: (0.78, -1.0, -0.92, 1.0)>
87.7010 	EXP 	unnamed TextStim: autoDraw = True
87.7010 	EXP 	node6: borderColor = <psychopy.colors.Color: (0.78, -1.0, -0.92, 1.0)>
87.7010 	EXP 	unnamed TextStim: autoDraw = True
87.7010 	EXP 	node7: borderColor = <psychopy.colors.Color: (0.78, -1.0, -0.92, 1.0)>
87.7010 	EXP 	unnamed TextStim: autoDraw = True
87.7010 	EXP 	node8: borderColor = <psychopy.colors.Color: black, alpha=1.0>
87.7010 	EXP 	node9: borderColor = <psychopy.colors.Color: black, alpha=1.0>
87.7010 	EXP 	node10: borderColor = <psychopy.colors.Color: black, alpha=1.0>
91.9437 	DATA 	Keypress: space
91.9444 	EXP 	window1: mouseVisible = True
91.9454 	EXP 	Created unnamed TextStim = TextStim(__class__=<class 'psychopy.visual.text.TextStim'>, alignHoriz=method-wrapper(...), alignText='center', alignVert=method-wrapper(...), anchorHoriz='center', anchorVert='center', antialias=True, autoDraw=False, autoLog=True, bold=True, color=array([ 1,  1, -1]), colorSpace='rgb', contrast=1.0, depth=0, draggable=False, flipHoriz=False, flipVert=False, font='', fontFiles=[], height=0.04, italic=False, languageStyle='LTR', name='unnamed TextStim', opacity=1.0, ori=0.0, pos=array([0.4064375 , 0.01018981]), rgb=UNKNOWN, text='+0', units='height', win=Window(...), wrapWidth=1)
91.9455 	EXP 	window1: mouseVisible = True
91.9461 	EXP 	Created unnamed TextStim = TextStim(__class__=<class 'psychopy.visual.text.TextStim'>, alignHoriz=method-wrapper(...), alignText='center', alignVert=method-wrapper(...), anchorHoriz='center', anchorVert='center', antialias=True, autoDraw=False, autoLog=True, bold=True, color=array([ 1,  1, -1]), colorSpace='rgb', contrast=1.0, depth=0, draggable=False, flipHoriz=False, flipVert=False, font='', fontFiles=[], height=0.04, italic=False, languageStyle='LTR', name='unnamed TextStim', opacity=1.0, ori=0.0, pos=array([0.3783712 , 0.20539525]), rgb=UNKNOWN, text='+0', units='height', win=Window(...), wrapWidth=1)
91.9462 	EXP 	window1: mouseVisible = True
91.9467 	EXP 	Created unnamed TextStim = TextStim(__class__=<class 'psychopy.visual.text.TextStim'>, alignHoriz=method-wrapper(...), alignText='center', alignVert=method-wrapper(...), anchorHoriz='center', anchorVert='center', antialias=True, autoDraw=False, autoLog=True, bold=True, color=array([ 1,  1, -1]), colorSpace='rgb', contrast=1.0, depth=0, draggable=False, flipHoriz=False, flipVert=False, font='', fontFiles=[], height=0.04, italic=False, languageStyle='LTR', name='unnamed TextStim', opacity=1.0, ori=0.0, pos=array([0.24922429, 0.35443874]), rgb=UNKNOWN, text='+0', units='height', win=Window(...), wrapWidth=1)
91.9586 	EXP 	node0: borderColor = <psychopy.colors.Color: black, alpha=1.0>
91.9586 	EXP 	node1: borderColor = <psychopy.colors.Color: black, alpha=1.0>
91.9586 	EXP 	node2: borderColor = <psychopy.colors.Color: black, alpha=1.0>
91.9586 	EXP 	node3: borderColor = <psychopy.colors.Color: black, alpha=1.0>
91.9586 	EXP 	node4: borderColor = <psychopy.colors.Color: black, alpha=1.0>
91.9586 	EXP 	node5: borderColor = <psychopy.colors.Color: black, alpha=1.0>
91.9586 	EXP 	node6: borderColor = <psychopy.colors.Color: black, alpha=1.0>
91.9586 	EXP 	node7: borderColor = <psychopy.colors.Color: black, alpha=1.0>
91.9586 	EXP 	node8: borderColor = <psychopy.colors.Color: yellow, alpha=1.0>
91.9586 	EXP 	unnamed TextStim: autoDraw = True
91.9586 	EXP 	node9: borderColor = <psychopy.colors.Color: yellow, alpha=1.0>
91.9586 	EXP 	unnamed TextStim: autoDraw = True
91.9586 	EXP 	node10: borderColor = <psychopy.colors.Color: yellow, alpha=1.0>
91.9586 	EXP 	unnamed TextStim: autoDraw = True
93.5757 	DATA 	Keypress: space
94.8317 	DATA 	Keypress: space
94.8340 	EXP 	unnamed Rect: autoDraw = False
94.8340 	EXP 	node0: autoDraw = False
94.8340 	EXP 	unnamed ImageStim: autoDraw = False
94.8340 	EXP 	node1: autoDraw = False
94.8340 	EXP 	unnamed ImageStim: autoDraw = False
94.8340 	EXP 	node2: autoDraw = False
94.8340 	EXP 	unnamed ImageStim: autoDraw = False
94.8340 	EXP 	node3: autoDraw = False
94.8340 	EXP 	unnamed ImageStim: autoDraw = False
94.8340 	EXP 	node4: autoDraw = False
94.8340 	EXP 	unnamed ImageStim: autoDraw = False
94.8340 	EXP 	node5: autoDraw = False
94.8340 	EXP 	unnamed ImageStim: autoDraw = False
94.8340 	EXP 	node6: autoDraw = False
94.8340 	EXP 	unnamed ImageStim: autoDraw = False
94.8340 	EXP 	node7: autoDraw = False
94.8340 	EXP 	unnamed ImageStim: autoDraw = False
94.8340 	EXP 	node8: autoDraw = False
94.8340 	EXP 	unnamed ImageStim: autoDraw = False
94.8340 	EXP 	node9: autoDraw = False
94.8340 	EXP 	unnamed ImageStim: autoDraw = False
94.8340 	EXP 	node10: autoDraw = False
94.8340 	EXP 	unnamed ImageStim: autoDraw = False
94.8340 	EXP 	unnamed Rect: autoDraw = False
94.8340 	EXP 	unnamed TextStim: autoDraw = False
94.8340 	EXP 	unnamed TextStim: autoDraw = False
94.8340 	EXP 	unnamed TextStim: autoDraw = False
94.8340 	EXP 	unnamed TextStim: autoDraw = False
94.8340 	EXP 	unnamed TextStim: autoDraw = False
94.8340 	EXP 	unnamed TextStim: autoDraw = False
94.8340 	EXP 	unnamed TextStim: autoDraw = False
94.8340 	EXP 	unnamed TextStim: autoDraw = False
94.8340 	EXP 	unnamed TextStim: autoDraw = False
94.8340 	EXP 	unnamed TextStim: autoDraw = False
94.8340 	EXP 	unnamed TextStim: autoDraw = False
94.8634 	DATA 	Keypress: space
101.8237 	DATA 	Keypress: space
101.8241 	INFO 	Mouse: using default window
101.8241 	EXP 	window1: mouseVisible = True
101.8242 	EXP 	window1: mouseVisible = True
101.8270 	EXP 	Created unnamed TextStim = TextStim(__class__=<class 'psychopy.visual.text.TextStim'>, alignHoriz=method-wrapper(...), alignText='center', alignVert=method-wrapper(...), anchorHoriz='center', anchorVert='center', antialias=True, autoDraw=False, autoLog=True, bold=False, color=array([1, 1, 1]), colorSpace='rgb', contrast=1.0, depth=0, draggable=False, flipHoriz=False, flipVert=False, font='', fontFiles=[], height=0.035, italic=False, languageStyle='LTR', name='unnamed TextStim', opacity=1.0, ori=0.0, pos=array([0., 0.]), rgb=UNKNOWN, text='press Space to start', units='height', win=Window(...), wrapWidth=1)
102.7354 	DATA 	Keypress: space
102.7359 	EXP 	window1: mouseVisible = True
102.7363 	EXP 	Created unnamed Rect = Rect(__class__=<class 'psychopy.visual.rect.Rect'>, anchor=('center', 'center'), autoDraw=False, autoLog=True, closeShape=True, color=method-wrapper(...), colorSpace='rgb', contrast=None, depth=0, draggable=False, fillColor=array([0.00392157, 0.00392157, 0.00392157]), fillColorSpace='rgb', fillRGB=array([0.00392157, 0.00392157, 0.00392157]), interpolate=True, lineColor=array([0, 0, 0]), lineColorSpace='rgb', lineRGB=array([0, 0, 0]), lineWidth=0, name='unnamed Rect', opacity=0.5, ori=0.0, pos=array([-0.65,  0.45]), size=array([0.1, 0.1]), units='height', vertices=ndarray(...), win=Window(...))
102.7374 	EXP 	window1: mouseVisible = True
102.7396 	EXP 	Created node0 = Circle(__class__=<class 'psychopy.visual.circle.Circle'>, anchor=('center', 'center'), autoDraw=False, autoLog=True, closeShape=True, color=method-wrapper(...), colorSpace='rgb', contrast=None, depth=0, draggable=False, fillColor=array([1, 1, 1]), fillColorSpace='rgb', fillRGB=array([1, 1, 1]), interpolate=True, lineColor=array([-1, -1, -1]), lineColorSpace='rgb', lineRGB=array([-1, -1, -1]), lineWidth=2, name='node0', opacity=1.0, ori=0.0, pos=array([0.  , 0.35]), size=array([1., 1.]), units='height', vertices=ndarray(...), win=Window(...))
102.7406 	EXP 	window1: mouseVisible = True
102.7425 	EXP 	Created node1 = Circle(__class__=<class 'psychopy.visual.circle.Circle'>, anchor=('center', 'center'), autoDraw=False, autoLog=True, closeShape=True, color=method-wrapper(...), colorSpace='rgb', contrast=None, depth=0, draggable=False, fillColor=array([1, 1, 1]), fillColorSpace='rgb', fillRGB=array([1, 1, 1]), interpolate=True, lineColor=array([-1, -1, -1]), lineColorSpace='rgb', lineRGB=array([-1, -1, -1]), lineWidth=2, name='node1', opacity=1.0, ori=0.0, pos=array([-0.18922429,  0.29443874]), size=array([1., 1.]), units='height', vertices=ndarray(...), win=Window(...))
102.7426 	EXP 	window1: mouseVisible = True
102.7610 	EXP 	Created unnamed ImageStim = ImageStim(__class__=<class 'psychopy.visual.image.ImageStim'>, anchor=('center', 'center'), autoLog=True, color=array([1., 1., 1.]), colorSpace='rgb', contrast=1.0, depth=0, draggable=False, flipHoriz=False, flipVert=False, image='images/pattern_9.png', interpolate=False, mask=None, maskParams=None, name='unnamed ImageStim', opacity=1.0, ori=0.0, pos=array([-0.18922429,  0.29443874]), size=array([0.12, 0.12]), texRes=128, units='height', win=Window(...))
102.7620 	EXP 	window1: mouseVisible = True
102.7639 	EXP 	Created node2 = Circle(__class__=<class 'psychopy.visual.circle.Circle'>, anchor=('center', 'center'), autoDraw=False, autoLog=True, closeShape=True, color=method-wrapper(...), colorSpace='rgb', contrast=None, depth=0, draggable=False, fillColor=array([1, 1, 1]), fillColorSpace='rgb', fillRGB=array([1, 1, 1]), interpolate=True, lineColor=array([-1, -1, -1]), lineColorSpace='rgb', lineRGB=array([-1, -1, -1]), lineWidth=2, name='node2', opacity=1.0, ori=0.0, pos=array([-0.3183712 ,  0.14539525]), size=array([1., 1.]), units='height', vertices=ndarray(...), win=Window(...))
102.7649 	EXP 	window1: mouseVisible = True
102.7668 	EXP 	Created node3 = Circle(__class__=<class 'psychopy.visual.circle.Circle'>, anchor=('center', 'center'), autoDraw=False, autoLog=True, closeShape=True, color=method-wrapper(...), colorSpace='rgb', contrast=None, depth=0, draggable=False, fillColor=array([1, 1, 1]), fillColorSpace='rgb', fillRGB=array([1, 1, 1]), interpolate=True, lineColor=array([-1, -1, -1]), lineColorSpace='rgb', lineRGB=array([-1, -1, -1]), lineWidth=2, name='node3', opacity=1.0, ori=0.0, pos=array([-0.3464375 , -0.04981019]), size=array([1., 1.]), units='height', vertices=ndarray(...), win=Window(...))
102.7668 	EXP 	window1: mouseVisible = True
102.7835 	EXP 	Created unnamed ImageStim = ImageStim(__class__=<class 'psychopy.visual.image.ImageStim'>, anchor=('center', 'center'), autoLog=True, color=array([1., 1., 1.]), colorSpace='rgb', contrast=1.0, depth=0, draggable=False, flipHoriz=False, flipVert=False, image='images/pattern_5.png', interpolate=False, mask=None, maskParams=None, name='unnamed ImageStim', opacity=1.0, ori=0.0, pos=array([-0.3464375 , -0.04981019]), size=array([0.12, 0.12]), texRes=128, units='height', win=Window(...))
102.7845 	EXP 	window1: mouseVisible = True
102.7864 	EXP 	Created node4 = Circle(__class__=<class 'psychopy.visual.circle.Circle'>, anchor=('center', 'center'), autoDraw=False, autoLog=True, closeShape=True, color=method-wrapper(...), colorSpace='rgb', contrast=None, depth=0, draggable=False, fillColor=array([1, 1, 1]), fillColorSpace='rgb', fillRGB=array([1, 1, 1]), interpolate=True, lineColor=array([-1, -1, -1]), lineColorSpace='rgb', lineRGB=array([-1, -1, -1]), lineWidth=2, name='node4', opacity=1.0, ori=0.0, pos=array([-0.26451235, -0.22920126]), size=array([1., 1.]), units='height', vertices=ndarray(...), win=Window(...))
102.7874 	EXP 	window1: mouseVisible = True
102.7893 	EXP 	Created node5 = Circle(__class__=<class 'psychopy.visual.circle.Circle'>, anchor=('center', 'center'), autoDraw=False, autoLog=True, closeShape=True, color=method-wrapper(...), colorSpace='rgb', contrast=None, depth=0, draggable=False, fillColor=array([1, 1, 1]), fillColorSpace='rgb', fillRGB=array([1, 1, 1]), interpolate=True, lineColor=array([-1, -1, -1]), lineColorSpace='rgb', lineRGB=array([-1, -1, -1]), lineWidth=2, name='node5', opacity=1.0, ori=0.0, pos=array([-0.09860639, -0.33582254]), size=array([1., 1.]), units='height', vertices=ndarray(...), win=Window(...))
102.7903 	EXP 	window1: mouseVisible = True
102.7921 	EXP 	Created node6 = Circle(__class__=<class 'psychopy.visual.circle.Circle'>, anchor=('center', 'center'), autoDraw=False, autoLog=True, closeShape=True, color=method-wrapper(...), colorSpace='rgb', contrast=None, depth=0, draggable=False, fillColor=array([1, 1, 1]), fillColorSpace='rgb', fillRGB=array([1, 1, 1]), interpolate=True, lineColor=array([-1, -1, -1]), lineColorSpace='rgb', lineRGB=array([-1, -1, -1]), lineWidth=2, name='node6', opacity=1.0, ori=0.0, pos=array([ 0.09860639, -0.33582254]), size=array([1., 1.]), units='height', vertices=ndarray(...), win=Window(...))
102.7931 	EXP 	window1: mouseVisible = True
102.7950 	EXP 	Created node7 = Circle(__class__=<class 'psychopy.visual.circle.Circle'>, anchor=('center', 'center'), autoDraw=False, autoLog=True, closeShape=True, color=method-wrapper(...), colorSpace='rgb', contrast=None, depth=0, draggable=False, fillColor=array([1, 1, 1]), fillColorSpace='rgb', fillRGB=array([1, 1, 1]), interpolate=True, lineColor=array([-1, -1, -1]), lineColorSpace='rgb', lineRGB=array([-1, -1, -1]), lineWidth=2, name='node7', opacity=1.0, ori=0.0, pos=array([ 0.26451235, -0.22920126]), size=array([1., 1.]), units='height', vertices=ndarray(...), win=Window(...))
102.7960 	EXP 	window1: mouseVisible = True
102.7978 	EXP 	Created node8 = Circle(__class__=<class 'psychopy.visual.circle.Circle'>, anchor=('center', 'center'), autoDraw=False, autoLog=True, closeShape=True, color=method-wrapper(...), colorSpace='rgb', contrast=None, depth=0, draggable=False, fillColor=array([1, 1, 1]), fillColorSpace='rgb', fillRGB=array([1, 1, 1]), interpolate=True, lineColor=array([-1, -1, -1]), lineColorSpace='rgb', lineRGB=array([-1, -1, -1]), lineWidth=2, name='node8', opacity=1.0, ori=0.0, pos=array([ 0.3464375 , -0.04981019]), size=array([1., 1.]), units='height', vertices=ndarray(...), win=Window(...))
102.7988 	EXP 	window1: mouseVisible = True
102.8007 	EXP 	Created node9 = Circle(__class__=<class 'psychopy.visual.circle.Circle'>, anchor=('center', 'center'), autoDraw=False, autoLog=True, closeShape=True, color=method-wrapper(...), colorSpace='rgb', contrast=None, depth=0, draggable=False, fillColor=array([1, 1, 1]), fillColorSpace='rgb', fillRGB=array([1, 1, 1]), interpolate=True, lineColor=array([-1, -1, -1]), lineColorSpace='rgb', lineRGB=array([-1, -1, -1]), lineWidth=2, name='node9', opacity=1.0, ori=0.0, pos=array([0.3183712 , 0.14539525]), size=array([1., 1.]), units='height', vertices=ndarray(...), win=Window(...))
102.8017 	EXP 	window1: mouseVisible = True
102.8035 	EXP 	Created node10 = Circle(__class__=<class 'psychopy.visual.circle.Circle'>, anchor=('center', 'center'), autoDraw=False, autoLog=True, closeShape=True, color=method-wrapper(...), colorSpace='rgb', contrast=None, depth=0, draggable=False, fillColor=array([1, 1, 1]), fillColorSpace='rgb', fillRGB=array([1, 1, 1]), interpolate=True, lineColor=array([-1, -1, -1]), lineColorSpace='rgb', lineRGB=array([-1, -1, -1]), lineWidth=2, name='node10', opacity=1.0, ori=0.0, pos=array([0.18922429, 0.29443874]), size=array([1., 1.]), units='height', vertices=ndarray(...), win=Window(...))
102.8036 	EXP 	window1: mouseVisible = True
102.8040 	EXP 	Created unnamed Line = Line(__class__=<class 'psychopy.visual.line.Line'>, anchor=('center', 'center'), autoDraw=False, autoLog=True, closeShape=False, color=array([-1, -1, -1]), colorSpace='rgb', contrast=None, depth=2, draggable=False, fillColor=array([0, 0, 0]), fillColorSpace='rgb', fillRGB=array([0, 0, 0]), interpolate=True, lineColor=array([-1, -1, -1]), lineColorSpace='rgb', lineRGB=array([-1, -1, -1]), lineWidth=4, name='unnamed Line', opacity=0.5, ori=0.0, pos=array([0., 0.]), size=array([1., 1.]), units='height', vertices=ndarray(...), win=Window(...), windingRule=None)
102.8041 	EXP 	window1: mouseVisible = True
102.8044 	EXP 	Created unnamed ShapeStim = ShapeStim(__class__=<class 'psychopy.visual.shape.ShapeStim'>, anchor=('center', 'center'), autoDraw=False, autoLog=True, closeShape=True, color=method-wrapper(...), colorSpace='rgb', contrast=None, depth=0, draggable=False, fillColor=array([-1, -1, -1]), fillColorSpace='rgb', fillRGB=array([-1, -1, -1]), interpolate=True, lineColor=array([-1, -1, -1]), lineColorSpace='rgb', lineRGB=array([-1, -1, -1]), lineWidth=1.5, name='unnamed ShapeStim', opacity=1.0, ori=-24.545454545454547, pos=array([-0.32566675, -0.09529179]), size=array([1., 1.]), units='height', vertices=ndarray(...), win=Window(...), windingRule=None)
102.8045 	EXP 	window1: mouseVisible = True
102.8048 	EXP 	Created unnamed Line = Line(__class__=<class 'psychopy.visual.line.Line'>, anchor=('center', 'center'), autoDraw=False, autoLog=True, closeShape=False, color=array([-1, -1, -1]), colorSpace='rgb', contrast=None, depth=2, draggable=False, fillColor=array([0, 0, 0]), fillColorSpace='rgb', fillRGB=array([0, 0, 0]), interpolate=True, lineColor=array([-1, -1, -1]), lineColorSpace='rgb', lineRGB=array([-1, -1, -1]), lineWidth=4, name='unnamed Line', opacity=0.5, ori=0.0, pos=array([0., 0.]), size=array([1., 1.]), units='height', vertices=ndarray(...), win=Window(...), windingRule=None)
102.8049 	EXP 	window1: mouseVisible = True
102.8053 	EXP 	Created unnamed ShapeStim = ShapeStim(__class__=<class 'psychopy.visual.shape.ShapeStim'>, anchor=('center', 'center'), autoDraw=False, autoLog=True, closeShape=True, color=method-wrapper(...), colorSpace='rgb', contrast=None, depth=0, draggable=False, fillColor=array([-1, -1, -1]), fillColorSpace='rgb', fillRGB=array([-1, -1, -1]), interpolate=True, lineColor=array([-1, -1, -1]), lineColorSpace='rgb', lineRGB=array([-1, -1, -1]), lineWidth=1.5, name='unnamed ShapeStim', opacity=1.0, ori=8.181818181818173, pos=array([-0.19634003,  0.24494766]), size=array([1., 1.]), units='height', vertices=ndarray(...), win=Window(...), windingRule=None)
102.8053 	EXP 	window1: mouseVisible = True
102.8056 	EXP 	Created unnamed Rect = Rect(__class__=<class 'psychopy.visual.rect.Rect'>, anchor=('center', 'center'), autoDraw=False, autoLog=True, closeShape=True, color=method-wrapper(...), colorSpace='rgb', contrast=None, depth=0, draggable=False, fillColor=array([0.00392157, 0.00392157, 0.00392157]), fillColorSpace='rgb', fillRGB=array([0.00392157, 0.00392157, 0.00392157]), interpolate=True, lineColor=array([0, 0, 0]), lineColorSpace='rgb', lineRGB=array([0, 0, 0]), lineWidth=0, name='unnamed Rect', opacity=0.0, ori=0.0, pos=array([0.1, 0. ]), size=array([1.1, 1. ]), units='height', vertices=ndarray(...), win=Window(...))
102.8097 	EXP 	unnamed Rect: autoDraw = True
102.8097 	EXP 	node0: autoDraw = True
102.8097 	EXP 	node1: autoDraw = True
102.8097 	EXP 	unnamed ImageStim: autoDraw = True
102.8097 	EXP 	node2: autoDraw = True
102.8097 	EXP 	node3: autoDraw = True
102.8097 	EXP 	unnamed ImageStim: autoDraw = True
102.8097 	EXP 	node4: autoDraw = True
102.8097 	EXP 	node5: autoDraw = True
102.8097 	EXP 	node6: autoDraw = True
102.8097 	EXP 	node7: autoDraw = True
102.8097 	EXP 	node8: autoDraw = True
102.8097 	EXP 	node9: autoDraw = True
102.8097 	EXP 	node10: autoDraw = True
102.8097 	EXP 	unnamed Line: autoDraw = True
102.8097 	EXP 	unnamed Line: autoDraw = True
102.8097 	EXP 	unnamed ShapeStim: autoDraw = True
102.8097 	EXP 	unnamed Line: autoDraw = True
102.8097 	EXP 	unnamed Line: autoDraw = True
102.8097 	EXP 	unnamed ShapeStim: autoDraw = True
102.8097 	EXP 	unnamed Rect: autoDraw = True
102.8097 	EXP 	node4: fillColor = '#126DEF'
102.8149 	EXP 	node4: fillColor = '#126DEF'
102.8149 	EXP 	unnamed Line: autoDraw = False
102.8149 	EXP 	unnamed ShapeStim: autoDraw = False
102.8149 	EXP 	unnamed Line: autoDraw = True
102.8149 	EXP 	unnamed ShapeStim: autoDraw = True
102.8149 	EXP 	unnamed Line: autoDraw = False
102.8149 	EXP 	unnamed ShapeStim: autoDraw = False
102.8149 	EXP 	unnamed Line: autoDraw = True
102.8149 	EXP 	unnamed ShapeStim: autoDraw = True
102.8149 	EXP 	unnamed Line: foreColor = <psychopy.colors.Color: (1.0, 0.58, -0.87, 1.0)>
102.8149 	EXP 	unnamed Line: borderColor = <psychopy.colors.Color: (1.0, 0.58, -0.87, 1.0)>
102.8149 	EXP 	unnamed Line: fillColor = <psychopy.colors.Color: (1.0, 0.58, -0.87, 1.0)>
102.8149 	EXP 	unnamed ShapeStim: foreColor = <psychopy.colors.Color: (1.0, 0.58, -0.87, 1.0)>
102.8149 	EXP 	unnamed ShapeStim: borderColor = <psychopy.colors.Color: (1.0, 0.58, -0.87, 1.0)>
102.8149 	EXP 	unnamed ShapeStim: fillColor = <psychopy.colors.Color: (1.0, 0.58, -0.87, 1.0)>
105.2237 	DATA 	Keypress: f
105.2299 	EXP 	unnamed Line: foreColor = <psychopy.colors.Color: black, alpha=1.0>
105.2299 	EXP 	unnamed Line: borderColor = <psychopy.colors.Color: black, alpha=1.0>
105.2299 	EXP 	unnamed Line: fillColor = <psychopy.colors.Color: black, alpha=1.0>
105.2299 	EXP 	unnamed ShapeStim: foreColor = <psychopy.colors.Color: black, alpha=1.0>
105.2299 	EXP 	unnamed ShapeStim: borderColor = <psychopy.colors.Color: black, alpha=1.0>
105.2299 	EXP 	unnamed ShapeStim: fillColor = <psychopy.colors.Color: black, alpha=1.0>
105.2299 	EXP 	unnamed Line: foreColor = <psychopy.colors.Color: (1.0, 0.58, -0.87, 1.0)>
105.2299 	EXP 	unnamed Line: borderColor = <psychopy.colors.Color: (1.0, 0.58, -0.87, 1.0)>
105.2299 	EXP 	unnamed Line: fillColor = <psychopy.colors.Color: (1.0, 0.58, -0.87, 1.0)>
105.2299 	EXP 	unnamed ShapeStim: foreColor = <psychopy.colors.Color: (1.0, 0.58, -0.87, 1.0)>
105.2299 	EXP 	unnamed ShapeStim: borderColor = <psychopy.colors.Color: (1.0, 0.58, -0.87, 1.0)>
105.2299 	EXP 	unnamed ShapeStim: fillColor = <psychopy.colors.Color: (1.0, 0.58, -0.87, 1.0)>
105.8476 	DATA 	Keypress: j
105.8519 	EXP 	node1: fillColor = '#126DEF'
105.8519 	EXP 	node4: fillColor = 'white'
106.5521 	EXP 	window1: mouseVisible = True
106.5537 	EXP 	Created unnamed TextStim = TextStim(__class__=<class 'psychopy.visual.text.TextStim'>, alignHoriz=method-wrapper(...), alignText='center', alignVert=method-wrapper(...), anchorHoriz='center', anchorVert='center', antialias=True, autoDraw=False, autoLog=True, bold=True, color=array([-0.88235294, -0.12156863, -0.97647059]), colorSpace='rgb', contrast=1.0, depth=0, draggable=False, flipHoriz=False, flipVert=False, font='', fontFiles=[], height=0.04, italic=False, languageStyle='LTR', name='unnamed TextStim', opacity=1.0, ori=0.0, pos=array([-0.12922429,  0.35443874]), rgb=UNKNOWN, text='+4', units='height', win=Window(...), wrapWidth=1)
106.5577 	EXP 	node1: fillColor = 'white'
106.5577 	EXP 	unnamed ImageStim: autoDraw = True
107.5657 	EXP 	unnamed ImageStim: autoDraw = False
107.5657 	EXP 	unnamed Rect: autoDraw = False
107.5657 	EXP 	unnamed Rect: autoDraw = True
107.7290 	EXP 	unnamed Rect: autoDraw = False
107.7290 	EXP 	node0: autoDraw = False
107.7290 	EXP 	node1: autoDraw = False
107.7290 	EXP 	unnamed ImageStim: autoDraw = False
107.7290 	EXP 	node2: autoDraw = False
107.7290 	EXP 	node3: autoDraw = False
107.7290 	EXP 	unnamed ImageStim: autoDraw = False
107.7290 	EXP 	node4: autoDraw = False
107.7290 	EXP 	node5: autoDraw = False
107.7290 	EXP 	node6: autoDraw = False
107.7290 	EXP 	node7: autoDraw = False
107.7290 	EXP 	node8: autoDraw = False
107.7290 	EXP 	node9: autoDraw = False
107.7290 	EXP 	node10: autoDraw = False
107.7290 	EXP 	unnamed Line: autoDraw = False
107.7290 	EXP 	unnamed ShapeStim: autoDraw = False
107.7290 	EXP 	unnamed Line: autoDraw = False
107.7290 	EXP 	unnamed ShapeStim: autoDraw = False
107.7290 	EXP 	unnamed Rect: autoDraw = False
107.7333 	INFO 	Mouse: using default window
107.7334 	EXP 	window1: mouseVisible = True
107.7335 	EXP 	window1: mouseVisible = True
107.7380 	EXP 	Created unnamed TextStim = TextStim(__class__=<class 'psychopy.visual.text.TextStim'>, alignHoriz=method-wrapper(...), alignText='center', alignVert=method-wrapper(...), anchorHoriz='center', anchorVert='center', antialias=True, autoDraw=False, autoLog=True, bold=False, color=array([1, 1, 1]), colorSpace='rgb', contrast=1.0, depth=0, draggable=False, flipHoriz=False, flipVert=False, font='', fontFiles=[], height=0.035, italic=False, languageStyle='LTR', name='unnamed TextStim', opacity=1.0, ori=0.0, pos=array([0., 0.]), rgb=UNKNOWN, text='press Space to start', units='height', win=Window(...), wrapWidth=1)
110.5198 	DATA 	Keypress: space
110.5203 	EXP 	window1: mouseVisible = True
110.5207 	EXP 	Created unnamed Rect = Rect(__class__=<class 'psychopy.visual.rect.Rect'>, anchor=('center', 'center'), autoDraw=False, autoLog=True, closeShape=True, color=method-wrapper(...), colorSpace='rgb', contrast=None, depth=0, draggable=False, fillColor=array([0.00392157, 0.00392157, 0.00392157]), fillColorSpace='rgb', fillRGB=array([0.00392157, 0.00392157, 0.00392157]), interpolate=True, lineColor=array([0, 0, 0]), lineColorSpace='rgb', lineRGB=array([0, 0, 0]), lineWidth=0, name='unnamed Rect', opacity=0.5, ori=0.0, pos=array([-0.65,  0.45]), size=array([0.1, 0.1]), units='height', vertices=ndarray(...), win=Window(...))
110.5217 	EXP 	window1: mouseVisible = True
110.5237 	EXP 	Created node0 = Circle(__class__=<class 'psychopy.visual.circle.Circle'>, anchor=('center', 'center'), autoDraw=False, autoLog=True, closeShape=True, color=method-wrapper(...), colorSpace='rgb', contrast=None, depth=0, draggable=False, fillColor=array([1, 1, 1]), fillColorSpace='rgb', fillRGB=array([1, 1, 1]), interpolate=True, lineColor=array([-1, -1, -1]), lineColorSpace='rgb', lineRGB=array([-1, -1, -1]), lineWidth=2, name='node0', opacity=1.0, ori=0.0, pos=array([0.  , 0.35]), size=array([1., 1.]), units='height', vertices=ndarray(...), win=Window(...))
110.5247 	EXP 	window1: mouseVisible = True
110.5266 	EXP 	Created node1 = Circle(__class__=<class 'psychopy.visual.circle.Circle'>, anchor=('center', 'center'), autoDraw=False, autoLog=True, closeShape=True, color=method-wrapper(...), colorSpace='rgb', contrast=None, depth=0, draggable=False, fillColor=array([1, 1, 1]), fillColorSpace='rgb', fillRGB=array([1, 1, 1]), interpolate=True, lineColor=array([-1, -1, -1]), lineColorSpace='rgb', lineRGB=array([-1, -1, -1]), lineWidth=2, name='node1', opacity=1.0, ori=0.0, pos=array([-0.18922429,  0.29443874]), size=array([1., 1.]), units='height', vertices=ndarray(...), win=Window(...))
110.5276 	EXP 	window1: mouseVisible = True
110.5295 	EXP 	Created node2 = Circle(__class__=<class 'psychopy.visual.circle.Circle'>, anchor=('center', 'center'), autoDraw=False, autoLog=True, closeShape=True, color=method-wrapper(...), colorSpace='rgb', contrast=None, depth=0, draggable=False, fillColor=array([1, 1, 1]), fillColorSpace='rgb', fillRGB=array([1, 1, 1]), interpolate=True, lineColor=array([-1, -1, -1]), lineColorSpace='rgb', lineRGB=array([-1, -1, -1]), lineWidth=2, name='node2', opacity=1.0, ori=0.0, pos=array([-0.3183712 ,  0.14539525]), size=array([1., 1.]), units='height', vertices=ndarray(...), win=Window(...))
110.5305 	EXP 	window1: mouseVisible = True
110.5323 	EXP 	Created node3 = Circle(__class__=<class 'psychopy.visual.circle.Circle'>, anchor=('center', 'center'), autoDraw=False, autoLog=True, closeShape=True, color=method-wrapper(...), colorSpace='rgb', contrast=None, depth=0, draggable=False, fillColor=array([1, 1, 1]), fillColorSpace='rgb', fillRGB=array([1, 1, 1]), interpolate=True, lineColor=array([-1, -1, -1]), lineColorSpace='rgb', lineRGB=array([-1, -1, -1]), lineWidth=2, name='node3', opacity=1.0, ori=0.0, pos=array([-0.3464375 , -0.04981019]), size=array([1., 1.]), units='height', vertices=ndarray(...), win=Window(...))
110.5333 	EXP 	window1: mouseVisible = True
110.5352 	EXP 	Created node4 = Circle(__class__=<class 'psychopy.visual.circle.Circle'>, anchor=('center', 'center'), autoDraw=False, autoLog=True, closeShape=True, color=method-wrapper(...), colorSpace='rgb', contrast=None, depth=0, draggable=False, fillColor=array([1, 1, 1]), fillColorSpace='rgb', fillRGB=array([1, 1, 1]), interpolate=True, lineColor=array([-1, -1, -1]), lineColorSpace='rgb', lineRGB=array([-1, -1, -1]), lineWidth=2, name='node4', opacity=1.0, ori=0.0, pos=array([-0.26451235, -0.22920126]), size=array([1., 1.]), units='height', vertices=ndarray(...), win=Window(...))
110.5362 	EXP 	window1: mouseVisible = True
110.5380 	EXP 	Created node5 = Circle(__class__=<class 'psychopy.visual.circle.Circle'>, anchor=('center', 'center'), autoDraw=False, autoLog=True, closeShape=True, color=method-wrapper(...), colorSpace='rgb', contrast=None, depth=0, draggable=False, fillColor=array([1, 1, 1]), fillColorSpace='rgb', fillRGB=array([1, 1, 1]), interpolate=True, lineColor=array([-1, -1, -1]), lineColorSpace='rgb', lineRGB=array([-1, -1, -1]), lineWidth=2, name='node5', opacity=1.0, ori=0.0, pos=array([-0.09860639, -0.33582254]), size=array([1., 1.]), units='height', vertices=ndarray(...), win=Window(...))
110.5390 	EXP 	window1: mouseVisible = True
110.5409 	EXP 	Created node6 = Circle(__class__=<class 'psychopy.visual.circle.Circle'>, anchor=('center', 'center'), autoDraw=False, autoLog=True, closeShape=True, color=method-wrapper(...), colorSpace='rgb', contrast=None, depth=0, draggable=False, fillColor=array([1, 1, 1]), fillColorSpace='rgb', fillRGB=array([1, 1, 1]), interpolate=True, lineColor=array([-1, -1, -1]), lineColorSpace='rgb', lineRGB=array([-1, -1, -1]), lineWidth=2, name='node6', opacity=1.0, ori=0.0, pos=array([ 0.09860639, -0.33582254]), size=array([1., 1.]), units='height', vertices=ndarray(...), win=Window(...))
110.5419 	EXP 	window1: mouseVisible = True
110.5437 	EXP 	Created node7 = Circle(__class__=<class 'psychopy.visual.circle.Circle'>, anchor=('center', 'center'), autoDraw=False, autoLog=True, closeShape=True, color=method-wrapper(...), colorSpace='rgb', contrast=None, depth=0, draggable=False, fillColor=array([1, 1, 1]), fillColorSpace='rgb', fillRGB=array([1, 1, 1]), interpolate=True, lineColor=array([-1, -1, -1]), lineColorSpace='rgb', lineRGB=array([-1, -1, -1]), lineWidth=2, name='node7', opacity=1.0, ori=0.0, pos=array([ 0.26451235, -0.22920126]), size=array([1., 1.]), units='height', vertices=ndarray(...), win=Window(...))
110.5438 	EXP 	window1: mouseVisible = True
110.5609 	EXP 	Created unnamed ImageStim = ImageStim(__class__=<class 'psychopy.visual.image.ImageStim'>, anchor=('center', 'center'), autoLog=True, color=array([1., 1., 1.]), colorSpace='rgb', contrast=1.0, depth=0, draggable=False, flipHoriz=False, flipVert=False, image='images/pattern_4.png', interpolate=False, mask=None, maskParams=None, name='unnamed ImageStim', opacity=1.0, ori=0.0, pos=array([ 0.26451235, -0.22920126]), size=array([0.12, 0.12]), texRes=128, units='height', win=Window(...))
110.5619 	EXP 	window1: mouseVisible = True
110.5638 	EXP 	Created node8 = Circle(__class__=<class 'psychopy.visual.circle.Circle'>, anchor=('center', 'center'), autoDraw=False, autoLog=True, closeShape=True, color=method-wrapper(...), colorSpace='rgb', contrast=None, depth=0, draggable=False, fillColor=array([1, 1, 1]), fillColorSpace='rgb', fillRGB=array([1, 1, 1]), interpolate=True, lineColor=array([-1, -1, -1]), lineColorSpace='rgb', lineRGB=array([-1, -1, -1]), lineWidth=2, name='node8', opacity=1.0, ori=0.0, pos=array([ 0.3464375 , -0.04981019]), size=array([1., 1.]), units='height', vertices=ndarray(...), win=Window(...))
110.5648 	EXP 	window1: mouseVisible = True
110.5666 	EXP 	Created node9 = Circle(__class__=<class 'psychopy.visual.circle.Circle'>, anchor=('center', 'center'), autoDraw=False, autoLog=True, closeShape=True, color=method-wrapper(...), colorSpace='rgb', contrast=None, depth=0, draggable=False, fillColor=array([1, 1, 1]), fillColorSpace='rgb', fillRGB=array([1, 1, 1]), interpolate=True, lineColor=array([-1, -1, -1]), lineColorSpace='rgb', lineRGB=array([-1, -1, -1]), lineWidth=2, name='node9', opacity=1.0, ori=0.0, pos=array([0.3183712 , 0.14539525]), size=array([1., 1.]), units='height', vertices=ndarray(...), win=Window(...))
110.5676 	EXP 	window1: mouseVisible = True
110.5695 	EXP 	Created node10 = Circle(__class__=<class 'psychopy.visual.circle.Circle'>, anchor=('center', 'center'), autoDraw=False, autoLog=True, closeShape=True, color=method-wrapper(...), colorSpace='rgb', contrast=None, depth=0, draggable=False, fillColor=array([1, 1, 1]), fillColorSpace='rgb', fillRGB=array([1, 1, 1]), interpolate=True, lineColor=array([-1, -1, -1]), lineColorSpace='rgb', lineRGB=array([-1, -1, -1]), lineWidth=2, name='node10', opacity=1.0, ori=0.0, pos=array([0.18922429, 0.29443874]), size=array([1., 1.]), units='height', vertices=ndarray(...), win=Window(...))
110.5695 	EXP 	window1: mouseVisible = True
110.5867 	EXP 	Created unnamed ImageStim = ImageStim(__class__=<class 'psychopy.visual.image.ImageStim'>, anchor=('center', 'center'), autoLog=True, color=array([1., 1., 1.]), colorSpace='rgb', contrast=1.0, depth=0, draggable=False, flipHoriz=False, flipVert=False, image='images/pattern_7.png', interpolate=False, mask=None, maskParams=None, name='unnamed ImageStim', opacity=1.0, ori=0.0, pos=array([0.18922429, 0.29443874]), size=array([0.12, 0.12]), texRes=128, units='height', win=Window(...))
110.5867 	EXP 	window1: mouseVisible = True
110.5872 	EXP 	Created unnamed Line = Line(__class__=<class 'psychopy.visual.line.Line'>, anchor=('center', 'center'), autoDraw=False, autoLog=True, closeShape=False, color=array([-1, -1, -1]), colorSpace='rgb', contrast=None, depth=2, draggable=False, fillColor=array([0, 0, 0]), fillColorSpace='rgb', fillRGB=array([0, 0, 0]), interpolate=True, lineColor=array([-1, -1, -1]), lineColorSpace='rgb', lineRGB=array([-1, -1, -1]), lineWidth=4, name='unnamed Line', opacity=0.5, ori=0.0, pos=array([0., 0.]), size=array([1., 1.]), units='height', vertices=ndarray(...), win=Window(...), windingRule=None)
110.5872 	EXP 	window1: mouseVisible = True
110.5876 	EXP 	Created unnamed ShapeStim = ShapeStim(__class__=<class 'psychopy.visual.shape.ShapeStim'>, anchor=('center', 'center'), autoDraw=False, autoLog=True, closeShape=True, color=method-wrapper(...), colorSpace='rgb', contrast=None, depth=0, draggable=False, fillColor=array([-1, -1, -1]), fillColorSpace='rgb', fillRGB=array([-1, -1, -1]), interpolate=True, lineColor=array([-1, -1, -1]), lineColorSpace='rgb', lineRGB=array([-1, -1, -1]), lineWidth=1.5, name='unnamed ShapeStim', opacity=1.0, ori=57.2727272727273, pos=array([ 0.22244967, -0.2562333 ]), size=array([1., 1.]), units='height', vertices=ndarray(...), win=Window(...), windingRule=None)
110.5877 	EXP 	window1: mouseVisible = True
110.5880 	EXP 	Created unnamed Line = Line(__class__=<class 'psychopy.visual.line.Line'>, anchor=('center', 'center'), autoDraw=False, autoLog=True, closeShape=False, color=array([-1, -1, -1]), colorSpace='rgb', contrast=None, depth=2, draggable=False, fillColor=array([0, 0, 0]), fillColorSpace='rgb', fillRGB=array([0, 0, 0]), interpolate=True, lineColor=array([-1, -1, -1]), lineColorSpace='rgb', lineRGB=array([-1, -1, -1]), lineWidth=4, name='unnamed Line', opacity=0.5, ori=0.0, pos=array([0., 0.]), size=array([1., 1.]), units='height', vertices=ndarray(...), win=Window(...), windingRule=None)
110.5881 	EXP 	window1: mouseVisible = True
110.5885 	EXP 	Created unnamed ShapeStim = ShapeStim(__class__=<class 'psychopy.visual.shape.ShapeStim'>, anchor=('center', 'center'), autoDraw=False, autoLog=True, closeShape=True, color=method-wrapper(...), colorSpace='rgb', contrast=None, depth=0, draggable=False, fillColor=array([-1, -1, -1]), fillColorSpace='rgb', fillRGB=array([-1, -1, -1]), interpolate=True, lineColor=array([-1, -1, -1]), lineColorSpace='rgb', lineRGB=array([-1, -1, -1]), lineWidth=1.5, name='unnamed ShapeStim', opacity=1.0, ori=8.181818181818187, pos=array([0.18210854, 0.24494766]), size=array([1., 1.]), units='height', vertices=ndarray(...), win=Window(...), windingRule=None)
110.5885 	EXP 	window1: mouseVisible = True
110.5888 	EXP 	Created unnamed Rect = Rect(__class__=<class 'psychopy.visual.rect.Rect'>, anchor=('center', 'center'), autoDraw=False, autoLog=True, closeShape=True, color=method-wrapper(...), colorSpace='rgb', contrast=None, depth=0, draggable=False, fillColor=array([0.00392157, 0.00392157, 0.00392157]), fillColorSpace='rgb', fillRGB=array([0.00392157, 0.00392157, 0.00392157]), interpolate=True, lineColor=array([0, 0, 0]), lineColorSpace='rgb', lineRGB=array([0, 0, 0]), lineWidth=0, name='unnamed Rect', opacity=0.0, ori=0.0, pos=array([0.1, 0. ]), size=array([1.1, 1. ]), units='height', vertices=ndarray(...), win=Window(...))
110.5951 	EXP 	unnamed Rect: autoDraw = True
110.5951 	EXP 	node0: autoDraw = True
110.5951 	EXP 	node1: autoDraw = True
110.5951 	EXP 	node2: autoDraw = True
110.5951 	EXP 	node3: autoDraw = True
110.5951 	EXP 	node4: autoDraw = True
110.5951 	EXP 	node5: autoDraw = True
110.5951 	EXP 	node6: autoDraw = True
110.5951 	EXP 	node7: autoDraw = True
110.5951 	EXP 	unnamed ImageStim: autoDraw = True
110.5951 	EXP 	node8: autoDraw = True
110.5951 	EXP 	node9: autoDraw = True
110.5951 	EXP 	node10: autoDraw = True
110.5951 	EXP 	unnamed ImageStim: autoDraw = True
110.5951 	EXP 	unnamed Line: autoDraw = True
110.5951 	EXP 	unnamed Line: autoDraw = True
110.5951 	EXP 	unnamed ShapeStim: autoDraw = True
110.5951 	EXP 	unnamed Line: autoDraw = True
110.5951 	EXP 	unnamed Line: autoDraw = True
110.5951 	EXP 	unnamed ShapeStim: autoDraw = True
110.5951 	EXP 	unnamed Rect: autoDraw = True
110.5951 	EXP 	node6: fillColor = '#126DEF'
110.6014 	EXP 	node6: fillColor = '#126DEF'
110.6014 	EXP 	unnamed Line: autoDraw = False
110.6014 	EXP 	unnamed ShapeStim: autoDraw = False
110.6014 	EXP 	unnamed Line: autoDraw = True
110.6014 	EXP 	unnamed ShapeStim: autoDraw = True
110.6014 	EXP 	unnamed Line: autoDraw = False
110.6014 	EXP 	unnamed ShapeStim: autoDraw = False
110.6014 	EXP 	unnamed Line: autoDraw = True
110.6014 	EXP 	unnamed ShapeStim: autoDraw = True
110.6014 	EXP 	unnamed Line: foreColor = <psychopy.colors.Color: (1.0, 0.58, -0.87, 1.0)>
110.6014 	EXP 	unnamed Line: borderColor = <psychopy.colors.Color: (1.0, 0.58, -0.87, 1.0)>
110.6014 	EXP 	unnamed Line: fillColor = <psychopy.colors.Color: (1.0, 0.58, -0.87, 1.0)>
110.6014 	EXP 	unnamed ShapeStim: foreColor = <psychopy.colors.Color: (1.0, 0.58, -0.87, 1.0)>
110.6014 	EXP 	unnamed ShapeStim: borderColor = <psychopy.colors.Color: (1.0, 0.58, -0.87, 1.0)>
110.6014 	EXP 	unnamed ShapeStim: fillColor = <psychopy.colors.Color: (1.0, 0.58, -0.87, 1.0)>
114.2157 	DATA 	Keypress: j
114.2212 	EXP 	node10: fillColor = '#126DEF'
114.2212 	EXP 	node6: fillColor = 'white'
114.9215 	EXP 	window1: mouseVisible = True
114.9230 	EXP 	Created unnamed TextStim = TextStim(__class__=<class 'psychopy.visual.text.TextStim'>, alignHoriz=method-wrapper(...), alignText='center', alignVert=method-wrapper(...), anchorHoriz='center', anchorVert='center', antialias=True, autoDraw=False, autoLog=True, bold=True, color=array([-0.88235294, -0.12156863, -0.97647059]), colorSpace='rgb', contrast=1.0, depth=0, draggable=False, flipHoriz=False, flipVert=False, font='', fontFiles=[], height=0.04, italic=False, languageStyle='LTR', name='unnamed TextStim', opacity=1.0, ori=0.0, pos=array([0.24922429, 0.35443874]), rgb=UNKNOWN, text='+2', units='height', win=Window(...), wrapWidth=1)
114.9271 	EXP 	node10: fillColor = 'white'
114.9271 	EXP 	unnamed ImageStim: autoDraw = True
115.9347 	EXP 	unnamed ImageStim: autoDraw = False
115.9347 	EXP 	unnamed Rect: autoDraw = False
115.9347 	EXP 	unnamed Rect: autoDraw = True
116.0635 	EXP 	unnamed Rect: autoDraw = False
116.0635 	EXP 	node0: autoDraw = False
116.0635 	EXP 	node1: autoDraw = False
116.0635 	EXP 	node2: autoDraw = False
116.0635 	EXP 	node3: autoDraw = False
116.0635 	EXP 	node4: autoDraw = False
116.0635 	EXP 	node5: autoDraw = False
116.0635 	EXP 	node6: autoDraw = False
116.0635 	EXP 	node7: autoDraw = False
116.0635 	EXP 	unnamed ImageStim: autoDraw = False
116.0635 	EXP 	node8: autoDraw = False
116.0635 	EXP 	node9: autoDraw = False
116.0635 	EXP 	node10: autoDraw = False
116.0635 	EXP 	unnamed ImageStim: autoDraw = False
116.0635 	EXP 	unnamed Line: autoDraw = False
116.0635 	EXP 	unnamed ShapeStim: autoDraw = False
116.0635 	EXP 	unnamed Line: autoDraw = False
116.0635 	EXP 	unnamed ShapeStim: autoDraw = False
116.0635 	EXP 	unnamed Rect: autoDraw = False
116.0718 	INFO 	Mouse: using default window
116.0719 	EXP 	window1: mouseVisible = True
116.0720 	EXP 	window1: mouseVisible = True
116.0758 	EXP 	Created unnamed TextStim = TextStim(__class__=<class 'psychopy.visual.text.TextStim'>, alignHoriz=method-wrapper(...), alignText='center', alignVert=method-wrapper(...), anchorHoriz='center', anchorVert='center', antialias=True, autoDraw=False, autoLog=True, bold=False, color=array([1, 1, 1]), colorSpace='rgb', contrast=1.0, depth=0, draggable=False, flipHoriz=False, flipVert=False, font='', fontFiles=[], height=0.035, italic=False, languageStyle='LTR', name='unnamed TextStim', opacity=1.0, ori=0.0, pos=array([0., 0.]), rgb=UNKNOWN, text='press Space to start', units='height', win=Window(...), wrapWidth=1)
123.5359 	DATA 	Keypress: space
123.5365 	EXP 	window1: mouseVisible = True
123.5369 	EXP 	Created unnamed Rect = Rect(__class__=<class 'psychopy.visual.rect.Rect'>, anchor=('center', 'center'), autoDraw=False, autoLog=True, closeShape=True, color=method-wrapper(...), colorSpace='rgb', contrast=None, depth=0, draggable=False, fillColor=array([0.00392157, 0.00392157, 0.00392157]), fillColorSpace='rgb', fillRGB=array([0.00392157, 0.00392157, 0.00392157]), interpolate=True, lineColor=array([0, 0, 0]), lineColorSpace='rgb', lineRGB=array([0, 0, 0]), lineWidth=0, name='unnamed Rect', opacity=0.5, ori=0.0, pos=array([-0.65,  0.45]), size=array([0.1, 0.1]), units='height', vertices=ndarray(...), win=Window(...))
123.5379 	EXP 	window1: mouseVisible = True
123.5398 	EXP 	Created node0 = Circle(__class__=<class 'psychopy.visual.circle.Circle'>, anchor=('center', 'center'), autoDraw=False, autoLog=True, closeShape=True, color=method-wrapper(...), colorSpace='rgb', contrast=None, depth=0, draggable=False, fillColor=array([1, 1, 1]), fillColorSpace='rgb', fillRGB=array([1, 1, 1]), interpolate=True, lineColor=array([-1, -1, -1]), lineColorSpace='rgb', lineRGB=array([-1, -1, -1]), lineWidth=2, name='node0', opacity=1.0, ori=0.0, pos=array([0.  , 0.35]), size=array([1., 1.]), units='height', vertices=ndarray(...), win=Window(...))
123.5408 	EXP 	window1: mouseVisible = True
123.5427 	EXP 	Created node1 = Circle(__class__=<class 'psychopy.visual.circle.Circle'>, anchor=('center', 'center'), autoDraw=False, autoLog=True, closeShape=True, color=method-wrapper(...), colorSpace='rgb', contrast=None, depth=0, draggable=False, fillColor=array([1, 1, 1]), fillColorSpace='rgb', fillRGB=array([1, 1, 1]), interpolate=True, lineColor=array([-1, -1, -1]), lineColorSpace='rgb', lineRGB=array([-1, -1, -1]), lineWidth=2, name='node1', opacity=1.0, ori=0.0, pos=array([-0.18922429,  0.29443874]), size=array([1., 1.]), units='height', vertices=ndarray(...), win=Window(...))
123.5437 	EXP 	window1: mouseVisible = True
123.5456 	EXP 	Created node2 = Circle(__class__=<class 'psychopy.visual.circle.Circle'>, anchor=('center', 'center'), autoDraw=False, autoLog=True, closeShape=True, color=method-wrapper(...), colorSpace='rgb', contrast=None, depth=0, draggable=False, fillColor=array([1, 1, 1]), fillColorSpace='rgb', fillRGB=array([1, 1, 1]), interpolate=True, lineColor=array([-1, -1, -1]), lineColorSpace='rgb', lineRGB=array([-1, -1, -1]), lineWidth=2, name='node2', opacity=1.0, ori=0.0, pos=array([-0.3183712 ,  0.14539525]), size=array([1., 1.]), units='height', vertices=ndarray(...), win=Window(...))
123.5466 	EXP 	window1: mouseVisible = True
123.5486 	EXP 	Created node3 = Circle(__class__=<class 'psychopy.visual.circle.Circle'>, anchor=('center', 'center'), autoDraw=False, autoLog=True, closeShape=True, color=method-wrapper(...), colorSpace='rgb', contrast=None, depth=0, draggable=False, fillColor=array([1, 1, 1]), fillColorSpace='rgb', fillRGB=array([1, 1, 1]), interpolate=True, lineColor=array([-1, -1, -1]), lineColorSpace='rgb', lineRGB=array([-1, -1, -1]), lineWidth=2, name='node3', opacity=1.0, ori=0.0, pos=array([-0.3464375 , -0.04981019]), size=array([1., 1.]), units='height', vertices=ndarray(...), win=Window(...))
123.5486 	EXP 	window1: mouseVisible = True
123.5666 	EXP 	Created unnamed ImageStim = ImageStim(__class__=<class 'psychopy.visual.image.ImageStim'>, anchor=('center', 'center'), autoLog=True, color=array([1., 1., 1.]), colorSpace='rgb', contrast=1.0, depth=0, draggable=False, flipHoriz=False, flipVert=False, image='images/pattern_8.png', interpolate=False, mask=None, maskParams=None, name='unnamed ImageStim', opacity=1.0, ori=0.0, pos=array([-0.3464375 , -0.04981019]), size=array([0.12, 0.12]), texRes=128, units='height', win=Window(...))
123.5676 	EXP 	window1: mouseVisible = True
123.5695 	EXP 	Created node4 = Circle(__class__=<class 'psychopy.visual.circle.Circle'>, anchor=('center', 'center'), autoDraw=False, autoLog=True, closeShape=True, color=method-wrapper(...), colorSpace='rgb', contrast=None, depth=0, draggable=False, fillColor=array([1, 1, 1]), fillColorSpace='rgb', fillRGB=array([1, 1, 1]), interpolate=True, lineColor=array([-1, -1, -1]), lineColorSpace='rgb', lineRGB=array([-1, -1, -1]), lineWidth=2, name='node4', opacity=1.0, ori=0.0, pos=array([-0.26451235, -0.22920126]), size=array([1., 1.]), units='height', vertices=ndarray(...), win=Window(...))
123.5705 	EXP 	window1: mouseVisible = True
123.5724 	EXP 	Created node5 = Circle(__class__=<class 'psychopy.visual.circle.Circle'>, anchor=('center', 'center'), autoDraw=False, autoLog=True, closeShape=True, color=method-wrapper(...), colorSpace='rgb', contrast=None, depth=0, draggable=False, fillColor=array([1, 1, 1]), fillColorSpace='rgb', fillRGB=array([1, 1, 1]), interpolate=True, lineColor=array([-1, -1, -1]), lineColorSpace='rgb', lineRGB=array([-1, -1, -1]), lineWidth=2, name='node5', opacity=1.0, ori=0.0, pos=array([-0.09860639, -0.33582254]), size=array([1., 1.]), units='height', vertices=ndarray(...), win=Window(...))
123.5734 	EXP 	window1: mouseVisible = True
123.5753 	EXP 	Created node6 = Circle(__class__=<class 'psychopy.visual.circle.Circle'>, anchor=('center', 'center'), autoDraw=False, autoLog=True, closeShape=True, color=method-wrapper(...), colorSpace='rgb', contrast=None, depth=0, draggable=False, fillColor=array([1, 1, 1]), fillColorSpace='rgb', fillRGB=array([1, 1, 1]), interpolate=True, lineColor=array([-1, -1, -1]), lineColorSpace='rgb', lineRGB=array([-1, -1, -1]), lineWidth=2, name='node6', opacity=1.0, ori=0.0, pos=array([ 0.09860639, -0.33582254]), size=array([1., 1.]), units='height', vertices=ndarray(...), win=Window(...))
123.5763 	EXP 	window1: mouseVisible = True
123.5781 	EXP 	Created node7 = Circle(__class__=<class 'psychopy.visual.circle.Circle'>, anchor=('center', 'center'), autoDraw=False, autoLog=True, closeShape=True, color=method-wrapper(...), colorSpace='rgb', contrast=None, depth=0, draggable=False, fillColor=array([1, 1, 1]), fillColorSpace='rgb', fillRGB=array([1, 1, 1]), interpolate=True, lineColor=array([-1, -1, -1]), lineColorSpace='rgb', lineRGB=array([-1, -1, -1]), lineWidth=2, name='node7', opacity=1.0, ori=0.0, pos=array([ 0.26451235, -0.22920126]), size=array([1., 1.]), units='height', vertices=ndarray(...), win=Window(...))
123.5791 	EXP 	window1: mouseVisible = True
123.5810 	EXP 	Created node8 = Circle(__class__=<class 'psychopy.visual.circle.Circle'>, anchor=('center', 'center'), autoDraw=False, autoLog=True, closeShape=True, color=method-wrapper(...), colorSpace='rgb', contrast=None, depth=0, draggable=False, fillColor=array([1, 1, 1]), fillColorSpace='rgb', fillRGB=array([1, 1, 1]), interpolate=True, lineColor=array([-1, -1, -1]), lineColorSpace='rgb', lineRGB=array([-1, -1, -1]), lineWidth=2, name='node8', opacity=1.0, ori=0.0, pos=array([ 0.3464375 , -0.04981019]), size=array([1., 1.]), units='height', vertices=ndarray(...), win=Window(...))
123.5819 	EXP 	window1: mouseVisible = True
123.5838 	EXP 	Created node9 = Circle(__class__=<class 'psychopy.visual.circle.Circle'>, anchor=('center', 'center'), autoDraw=False, autoLog=True, closeShape=True, color=method-wrapper(...), colorSpace='rgb', contrast=None, depth=0, draggable=False, fillColor=array([1, 1, 1]), fillColorSpace='rgb', fillRGB=array([1, 1, 1]), interpolate=True, lineColor=array([-1, -1, -1]), lineColorSpace='rgb', lineRGB=array([-1, -1, -1]), lineWidth=2, name='node9', opacity=1.0, ori=0.0, pos=array([0.3183712 , 0.14539525]), size=array([1., 1.]), units='height', vertices=ndarray(...), win=Window(...))
123.5848 	EXP 	window1: mouseVisible = True
123.5866 	EXP 	Created node10 = Circle(__class__=<class 'psychopy.visual.circle.Circle'>, anchor=('center', 'center'), autoDraw=False, autoLog=True, closeShape=True, color=method-wrapper(...), colorSpace='rgb', contrast=None, depth=0, draggable=False, fillColor=array([1, 1, 1]), fillColorSpace='rgb', fillRGB=array([1, 1, 1]), interpolate=True, lineColor=array([-1, -1, -1]), lineColorSpace='rgb', lineRGB=array([-1, -1, -1]), lineWidth=2, name='node10', opacity=1.0, ori=0.0, pos=array([0.18922429, 0.29443874]), size=array([1., 1.]), units='height', vertices=ndarray(...), win=Window(...))
123.5867 	EXP 	window1: mouseVisible = True
123.6033 	EXP 	Created unnamed ImageStim = ImageStim(__class__=<class 'psychopy.visual.image.ImageStim'>, anchor=('center', 'center'), autoLog=True, color=array([1., 1., 1.]), colorSpace='rgb', contrast=1.0, depth=0, draggable=False, flipHoriz=False, flipVert=False, image='images/pattern_5.png', interpolate=False, mask=None, maskParams=None, name='unnamed ImageStim', opacity=1.0, ori=0.0, pos=array([0.18922429, 0.29443874]), size=array([0.12, 0.12]), texRes=128, units='height', win=Window(...))
123.6034 	EXP 	window1: mouseVisible = True
123.6038 	EXP 	Created unnamed Line = Line(__class__=<class 'psychopy.visual.line.Line'>, anchor=('center', 'center'), autoDraw=False, autoLog=True, closeShape=False, color=array([-1, -1, -1]), colorSpace='rgb', contrast=None, depth=2, draggable=False, fillColor=array([0, 0, 0]), fillColorSpace='rgb', fillRGB=array([0, 0, 0]), interpolate=True, lineColor=array([-1, -1, -1]), lineColorSpace='rgb', lineRGB=array([-1, -1, -1]), lineWidth=4, name='unnamed Line', opacity=0.5, ori=0.0, pos=array([0., 0.]), size=array([1., 1.]), units='height', vertices=ndarray(...), win=Window(...), windingRule=None)
123.6039 	EXP 	window1: mouseVisible = True
123.6043 	EXP 	Created unnamed ShapeStim = ShapeStim(__class__=<class 'psychopy.visual.shape.ShapeStim'>, anchor=('center', 'center'), autoDraw=False, autoLog=True, closeShape=True, color=method-wrapper(...), colorSpace='rgb', contrast=None, depth=0, draggable=False, fillColor=array([-1, -1, -1]), fillColorSpace='rgb', fillRGB=array([-1, -1, -1]), interpolate=True, lineColor=array([-1, -1, -1]), lineColorSpace='rgb', lineRGB=array([-1, -1, -1]), lineWidth=1.5, name='unnamed ShapeStim', opacity=1.0, ori=-24.545454545454547, pos=array([0.20999504, 0.24895714]), size=array([1., 1.]), units='height', vertices=ndarray(...), win=Window(...), windingRule=None)
123.6043 	EXP 	window1: mouseVisible = True
123.6047 	EXP 	Created unnamed Line = Line(__class__=<class 'psychopy.visual.line.Line'>, anchor=('center', 'center'), autoDraw=False, autoLog=True, closeShape=False, color=array([-1, -1, -1]), colorSpace='rgb', contrast=None, depth=2, draggable=False, fillColor=array([0, 0, 0]), fillColorSpace='rgb', fillRGB=array([0, 0, 0]), interpolate=True, lineColor=array([-1, -1, -1]), lineColorSpace='rgb', lineRGB=array([-1, -1, -1]), lineWidth=4, name='unnamed Line', opacity=0.5, ori=0.0, pos=array([0., 0.]), size=array([1., 1.]), units='height', vertices=ndarray(...), win=Window(...), windingRule=None)
123.6048 	EXP 	window1: mouseVisible = True
123.6051 	EXP 	Created unnamed ShapeStim = ShapeStim(__class__=<class 'psychopy.visual.shape.ShapeStim'>, anchor=('center', 'center'), autoDraw=False, autoLog=True, closeShape=True, color=method-wrapper(...), colorSpace='rgb', contrast=None, depth=0, draggable=False, fillColor=array([-1, -1, -1]), fillColorSpace='rgb', fillRGB=array([-1, -1, -1]), interpolate=True, lineColor=array([-1, -1, -1]), lineColorSpace='rgb', lineRGB=array([-1, -1, -1]), lineWidth=1.5, name='unnamed ShapeStim', opacity=1.0, ori=-90.0, pos=array([-0.2964375 , -0.04981019]), size=array([1., 1.]), units='height', vertices=ndarray(...), win=Window(...), windingRule=None)
123.6052 	EXP 	window1: mouseVisible = True
123.6055 	EXP 	Created unnamed Rect = Rect(__class__=<class 'psychopy.visual.rect.Rect'>, anchor=('center', 'center'), autoDraw=False, autoLog=True, closeShape=True, color=method-wrapper(...), colorSpace='rgb', contrast=None, depth=0, draggable=False, fillColor=array([0.00392157, 0.00392157, 0.00392157]), fillColorSpace='rgb', fillRGB=array([0.00392157, 0.00392157, 0.00392157]), interpolate=True, lineColor=array([0, 0, 0]), lineColorSpace='rgb', lineRGB=array([0, 0, 0]), lineWidth=0, name='unnamed Rect', opacity=0.0, ori=0.0, pos=array([0.1, 0. ]), size=array([1.1, 1. ]), units='height', vertices=ndarray(...), win=Window(...))
123.6127 	EXP 	unnamed Rect: autoDraw = True
123.6127 	EXP 	node0: autoDraw = True
123.6127 	EXP 	node1: autoDraw = True
123.6127 	EXP 	node2: autoDraw = True
123.6127 	EXP 	node3: autoDraw = True
123.6127 	EXP 	unnamed ImageStim: autoDraw = True
123.6127 	EXP 	node4: autoDraw = True
123.6127 	EXP 	node5: autoDraw = True
123.6127 	EXP 	node6: autoDraw = True
123.6127 	EXP 	node7: autoDraw = True
123.6127 	EXP 	node8: autoDraw = True
123.6127 	EXP 	node9: autoDraw = True
123.6127 	EXP 	node10: autoDraw = True
123.6127 	EXP 	unnamed ImageStim: autoDraw = True
123.6127 	EXP 	unnamed Line: autoDraw = True
123.6127 	EXP 	unnamed Line: autoDraw = True
123.6127 	EXP 	unnamed ShapeStim: autoDraw = True
123.6127 	EXP 	unnamed Line: autoDraw = True
123.6127 	EXP 	unnamed Line: autoDraw = True
123.6127 	EXP 	unnamed ShapeStim: autoDraw = True
123.6127 	EXP 	unnamed Rect: autoDraw = True
123.6127 	EXP 	node8: fillColor = '#126DEF'
123.6176 	EXP 	node8: fillColor = '#126DEF'
123.6176 	EXP 	unnamed Line: autoDraw = False
123.6176 	EXP 	unnamed ShapeStim: autoDraw = False
123.6176 	EXP 	unnamed Line: autoDraw = True
123.6176 	EXP 	unnamed ShapeStim: autoDraw = True
123.6176 	EXP 	unnamed Line: autoDraw = False
123.6176 	EXP 	unnamed ShapeStim: autoDraw = False
123.6176 	EXP 	unnamed Line: autoDraw = True
123.6176 	EXP 	unnamed ShapeStim: autoDraw = True
123.6176 	EXP 	unnamed Line: foreColor = <psychopy.colors.Color: (1.0, 0.58, -0.87, 1.0)>
123.6176 	EXP 	unnamed Line: borderColor = <psychopy.colors.Color: (1.0, 0.58, -0.87, 1.0)>
123.6176 	EXP 	unnamed Line: fillColor = <psychopy.colors.Color: (1.0, 0.58, -0.87, 1.0)>
123.6176 	EXP 	unnamed ShapeStim: foreColor = <psychopy.colors.Color: (1.0, 0.58, -0.87, 1.0)>
123.6176 	EXP 	unnamed ShapeStim: borderColor = <psychopy.colors.Color: (1.0, 0.58, -0.87, 1.0)>
123.6176 	EXP 	unnamed ShapeStim: fillColor = <psychopy.colors.Color: (1.0, 0.58, -0.87, 1.0)>
125.1518 	DATA 	Keypress: j
125.1570 	EXP 	node3: fillColor = '#126DEF'
125.1570 	EXP 	node8: fillColor = 'white'
125.8571 	EXP 	window1: mouseVisible = True
125.8587 	EXP 	Created unnamed TextStim = TextStim(__class__=<class 'psychopy.visual.text.TextStim'>, alignHoriz=method-wrapper(...), alignText='center', alignVert=method-wrapper(...), anchorHoriz='center', anchorVert='center', antialias=True, autoDraw=False, autoLog=True, bold=True, color=array([-0.88235294, -0.12156863, -0.97647059]), colorSpace='rgb', contrast=1.0, depth=0, draggable=False, flipHoriz=False, flipVert=False, font='', fontFiles=[], height=0.04, italic=False, languageStyle='LTR', name='unnamed TextStim', opacity=1.0, ori=0.0, pos=array([-0.2864375 ,  0.01018981]), rgb=UNKNOWN, text='+3', units='height', win=Window(...), wrapWidth=1)
125.8627 	EXP 	node3: fillColor = 'white'
125.8627 	EXP 	unnamed ImageStim: autoDraw = True
126.8704 	EXP 	unnamed ImageStim: autoDraw = False
126.8704 	EXP 	unnamed Rect: autoDraw = False
126.8704 	EXP 	unnamed Rect: autoDraw = True
126.9997 	EXP 	unnamed Rect: autoDraw = False
126.9997 	EXP 	node0: autoDraw = False
126.9997 	EXP 	node1: autoDraw = False
126.9997 	EXP 	node2: autoDraw = False
126.9997 	EXP 	node3: autoDraw = False
126.9997 	EXP 	unnamed ImageStim: autoDraw = False
126.9997 	EXP 	node4: autoDraw = False
126.9997 	EXP 	node5: autoDraw = False
126.9997 	EXP 	node6: autoDraw = False
126.9997 	EXP 	node7: autoDraw = False
126.9997 	EXP 	node8: autoDraw = False
126.9997 	EXP 	node9: autoDraw = False
126.9997 	EXP 	node10: autoDraw = False
126.9997 	EXP 	unnamed ImageStim: autoDraw = False
126.9997 	EXP 	unnamed Line: autoDraw = False
126.9997 	EXP 	unnamed ShapeStim: autoDraw = False
126.9997 	EXP 	unnamed Line: autoDraw = False
126.9997 	EXP 	unnamed ShapeStim: autoDraw = False
126.9997 	EXP 	unnamed Rect: autoDraw = False
127.0135 	INFO 	Mouse: using default window
127.0136 	EXP 	window1: mouseVisible = True
127.0137 	EXP 	window1: mouseVisible = True
127.0176 	EXP 	Created unnamed TextStim = TextStim(__class__=<class 'psychopy.visual.text.TextStim'>, alignHoriz=method-wrapper(...), alignText='center', alignVert=method-wrapper(...), anchorHoriz='center', anchorVert='center', antialias=True, autoDraw=False, autoLog=True, bold=False, color=array([1, 1, 1]), colorSpace='rgb', contrast=1.0, depth=0, draggable=False, flipHoriz=False, flipVert=False, font='', fontFiles=[], height=0.035, italic=False, languageStyle='LTR', name='unnamed TextStim', opacity=1.0, ori=0.0, pos=array([0., 0.]), rgb=UNKNOWN, text='press Space to start', units='height', win=Window(...), wrapWidth=1)
128.1677 	DATA 	Keypress: space
128.1682 	EXP 	window1: mouseVisible = True
128.1686 	EXP 	Created unnamed Rect = Rect(__class__=<class 'psychopy.visual.rect.Rect'>, anchor=('center', 'center'), autoDraw=False, autoLog=True, closeShape=True, color=method-wrapper(...), colorSpace='rgb', contrast=None, depth=0, draggable=False, fillColor=array([0.00392157, 0.00392157, 0.00392157]), fillColorSpace='rgb', fillRGB=array([0.00392157, 0.00392157, 0.00392157]), interpolate=True, lineColor=array([0, 0, 0]), lineColorSpace='rgb', lineRGB=array([0, 0, 0]), lineWidth=0, name='unnamed Rect', opacity=0.5, ori=0.0, pos=array([-0.65,  0.45]), size=array([0.1, 0.1]), units='height', vertices=ndarray(...), win=Window(...))
128.1697 	EXP 	window1: mouseVisible = True
128.1716 	EXP 	Created node0 = Circle(__class__=<class 'psychopy.visual.circle.Circle'>, anchor=('center', 'center'), autoDraw=False, autoLog=True, closeShape=True, color=method-wrapper(...), colorSpace='rgb', contrast=None, depth=0, draggable=False, fillColor=array([1, 1, 1]), fillColorSpace='rgb', fillRGB=array([1, 1, 1]), interpolate=True, lineColor=array([-1, -1, -1]), lineColorSpace='rgb', lineRGB=array([-1, -1, -1]), lineWidth=2, name='node0', opacity=1.0, ori=0.0, pos=array([0.  , 0.35]), size=array([1., 1.]), units='height', vertices=ndarray(...), win=Window(...))
128.1717 	EXP 	window1: mouseVisible = True
128.1885 	EXP 	Created unnamed ImageStim = ImageStim(__class__=<class 'psychopy.visual.image.ImageStim'>, anchor=('center', 'center'), autoLog=True, color=array([1., 1., 1.]), colorSpace='rgb', contrast=1.0, depth=0, draggable=False, flipHoriz=False, flipVert=False, image='images/pattern_2.png', interpolate=False, mask=None, maskParams=None, name='unnamed ImageStim', opacity=1.0, ori=0.0, pos=array([0.  , 0.35]), size=array([0.12, 0.12]), texRes=128, units='height', win=Window(...))
128.1895 	EXP 	window1: mouseVisible = True
128.1914 	EXP 	Created node1 = Circle(__class__=<class 'psychopy.visual.circle.Circle'>, anchor=('center', 'center'), autoDraw=False, autoLog=True, closeShape=True, color=method-wrapper(...), colorSpace='rgb', contrast=None, depth=0, draggable=False, fillColor=array([1, 1, 1]), fillColorSpace='rgb', fillRGB=array([1, 1, 1]), interpolate=True, lineColor=array([-1, -1, -1]), lineColorSpace='rgb', lineRGB=array([-1, -1, -1]), lineWidth=2, name='node1', opacity=1.0, ori=0.0, pos=array([-0.18922429,  0.29443874]), size=array([1., 1.]), units='height', vertices=ndarray(...), win=Window(...))
128.1924 	EXP 	window1: mouseVisible = True
128.1944 	EXP 	Created node2 = Circle(__class__=<class 'psychopy.visual.circle.Circle'>, anchor=('center', 'center'), autoDraw=False, autoLog=True, closeShape=True, color=method-wrapper(...), colorSpace='rgb', contrast=None, depth=0, draggable=False, fillColor=array([1, 1, 1]), fillColorSpace='rgb', fillRGB=array([1, 1, 1]), interpolate=True, lineColor=array([-1, -1, -1]), lineColorSpace='rgb', lineRGB=array([-1, -1, -1]), lineWidth=2, name='node2', opacity=1.0, ori=0.0, pos=array([-0.3183712 ,  0.14539525]), size=array([1., 1.]), units='height', vertices=ndarray(...), win=Window(...))
128.1945 	EXP 	window1: mouseVisible = True
128.2112 	EXP 	Created unnamed ImageStim = ImageStim(__class__=<class 'psychopy.visual.image.ImageStim'>, anchor=('center', 'center'), autoLog=True, color=array([1., 1., 1.]), colorSpace='rgb', contrast=1.0, depth=0, draggable=False, flipHoriz=False, flipVert=False, image='images/pattern_5.png', interpolate=False, mask=None, maskParams=None, name='unnamed ImageStim', opacity=1.0, ori=0.0, pos=array([-0.3183712 ,  0.14539525]), size=array([0.12, 0.12]), texRes=128, units='height', win=Window(...))
128.2122 	EXP 	window1: mouseVisible = True
128.2141 	EXP 	Created node3 = Circle(__class__=<class 'psychopy.visual.circle.Circle'>, anchor=('center', 'center'), autoDraw=False, autoLog=True, closeShape=True, color=method-wrapper(...), colorSpace='rgb', contrast=None, depth=0, draggable=False, fillColor=array([1, 1, 1]), fillColorSpace='rgb', fillRGB=array([1, 1, 1]), interpolate=True, lineColor=array([-1, -1, -1]), lineColorSpace='rgb', lineRGB=array([-1, -1, -1]), lineWidth=2, name='node3', opacity=1.0, ori=0.0, pos=array([-0.3464375 , -0.04981019]), size=array([1., 1.]), units='height', vertices=ndarray(...), win=Window(...))
128.2151 	EXP 	window1: mouseVisible = True
128.2170 	EXP 	Created node4 = Circle(__class__=<class 'psychopy.visual.circle.Circle'>, anchor=('center', 'center'), autoDraw=False, autoLog=True, closeShape=True, color=method-wrapper(...), colorSpace='rgb', contrast=None, depth=0, draggable=False, fillColor=array([1, 1, 1]), fillColorSpace='rgb', fillRGB=array([1, 1, 1]), interpolate=True, lineColor=array([-1, -1, -1]), lineColorSpace='rgb', lineRGB=array([-1, -1, -1]), lineWidth=2, name='node4', opacity=1.0, ori=0.0, pos=array([-0.26451235, -0.22920126]), size=array([1., 1.]), units='height', vertices=ndarray(...), win=Window(...))
128.2180 	EXP 	window1: mouseVisible = True
128.2198 	EXP 	Created node5 = Circle(__class__=<class 'psychopy.visual.circle.Circle'>, anchor=('center', 'center'), autoDraw=False, autoLog=True, closeShape=True, color=method-wrapper(...), colorSpace='rgb', contrast=None, depth=0, draggable=False, fillColor=array([1, 1, 1]), fillColorSpace='rgb', fillRGB=array([1, 1, 1]), interpolate=True, lineColor=array([-1, -1, -1]), lineColorSpace='rgb', lineRGB=array([-1, -1, -1]), lineWidth=2, name='node5', opacity=1.0, ori=0.0, pos=array([-0.09860639, -0.33582254]), size=array([1., 1.]), units='height', vertices=ndarray(...), win=Window(...))
128.2208 	EXP 	window1: mouseVisible = True
128.2227 	EXP 	Created node6 = Circle(__class__=<class 'psychopy.visual.circle.Circle'>, anchor=('center', 'center'), autoDraw=False, autoLog=True, closeShape=True, color=method-wrapper(...), colorSpace='rgb', contrast=None, depth=0, draggable=False, fillColor=array([1, 1, 1]), fillColorSpace='rgb', fillRGB=array([1, 1, 1]), interpolate=True, lineColor=array([-1, -1, -1]), lineColorSpace='rgb', lineRGB=array([-1, -1, -1]), lineWidth=2, name='node6', opacity=1.0, ori=0.0, pos=array([ 0.09860639, -0.33582254]), size=array([1., 1.]), units='height', vertices=ndarray(...), win=Window(...))
128.2237 	EXP 	window1: mouseVisible = True
128.2255 	EXP 	Created node7 = Circle(__class__=<class 'psychopy.visual.circle.Circle'>, anchor=('center', 'center'), autoDraw=False, autoLog=True, closeShape=True, color=method-wrapper(...), colorSpace='rgb', contrast=None, depth=0, draggable=False, fillColor=array([1, 1, 1]), fillColorSpace='rgb', fillRGB=array([1, 1, 1]), interpolate=True, lineColor=array([-1, -1, -1]), lineColorSpace='rgb', lineRGB=array([-1, -1, -1]), lineWidth=2, name='node7', opacity=1.0, ori=0.0, pos=array([ 0.26451235, -0.22920126]), size=array([1., 1.]), units='height', vertices=ndarray(...), win=Window(...))
128.2265 	EXP 	window1: mouseVisible = True
128.2284 	EXP 	Created node8 = Circle(__class__=<class 'psychopy.visual.circle.Circle'>, anchor=('center', 'center'), autoDraw=False, autoLog=True, closeShape=True, color=method-wrapper(...), colorSpace='rgb', contrast=None, depth=0, draggable=False, fillColor=array([1, 1, 1]), fillColorSpace='rgb', fillRGB=array([1, 1, 1]), interpolate=True, lineColor=array([-1, -1, -1]), lineColorSpace='rgb', lineRGB=array([-1, -1, -1]), lineWidth=2, name='node8', opacity=1.0, ori=0.0, pos=array([ 0.3464375 , -0.04981019]), size=array([1., 1.]), units='height', vertices=ndarray(...), win=Window(...))
128.2293 	EXP 	window1: mouseVisible = True
128.2312 	EXP 	Created node9 = Circle(__class__=<class 'psychopy.visual.circle.Circle'>, anchor=('center', 'center'), autoDraw=False, autoLog=True, closeShape=True, color=method-wrapper(...), colorSpace='rgb', contrast=None, depth=0, draggable=False, fillColor=array([1, 1, 1]), fillColorSpace='rgb', fillRGB=array([1, 1, 1]), interpolate=True, lineColor=array([-1, -1, -1]), lineColorSpace='rgb', lineRGB=array([-1, -1, -1]), lineWidth=2, name='node9', opacity=1.0, ori=0.0, pos=array([0.3183712 , 0.14539525]), size=array([1., 1.]), units='height', vertices=ndarray(...), win=Window(...))
128.2322 	EXP 	window1: mouseVisible = True
128.2340 	EXP 	Created node10 = Circle(__class__=<class 'psychopy.visual.circle.Circle'>, anchor=('center', 'center'), autoDraw=False, autoLog=True, closeShape=True, color=method-wrapper(...), colorSpace='rgb', contrast=None, depth=0, draggable=False, fillColor=array([1, 1, 1]), fillColorSpace='rgb', fillRGB=array([1, 1, 1]), interpolate=True, lineColor=array([-1, -1, -1]), lineColorSpace='rgb', lineRGB=array([-1, -1, -1]), lineWidth=2, name='node10', opacity=1.0, ori=0.0, pos=array([0.18922429, 0.29443874]), size=array([1., 1.]), units='height', vertices=ndarray(...), win=Window(...))
128.2341 	EXP 	window1: mouseVisible = True
128.2345 	EXP 	Created unnamed Line = Line(__class__=<class 'psychopy.visual.line.Line'>, anchor=('center', 'center'), autoDraw=False, autoLog=True, closeShape=False, color=array([-1, -1, -1]), colorSpace='rgb', contrast=None, depth=2, draggable=False, fillColor=array([0, 0, 0]), fillColorSpace='rgb', fillRGB=array([0, 0, 0]), interpolate=True, lineColor=array([-1, -1, -1]), lineColorSpace='rgb', lineRGB=array([-1, -1, -1]), lineWidth=4, name='unnamed Line', opacity=0.5, ori=0.0, pos=array([0., 0.]), size=array([1., 1.]), units='height', vertices=ndarray(...), win=Window(...), windingRule=None)
128.2346 	EXP 	window1: mouseVisible = True
128.2349 	EXP 	Created unnamed ShapeStim = ShapeStim(__class__=<class 'psychopy.visual.shape.ShapeStim'>, anchor=('center', 'center'), autoDraw=False, autoLog=True, closeShape=True, color=method-wrapper(...), colorSpace='rgb', contrast=None, depth=0, draggable=False, fillColor=array([-1, -1, -1]), fillColorSpace='rgb', fillRGB=array([-1, -1, -1]), interpolate=True, lineColor=array([-1, -1, -1]), lineColorSpace='rgb', lineRGB=array([-1, -1, -1]), lineWidth=1.5, name='unnamed ShapeStim', opacity=1.0, ori=8.181818181818173, pos=array([-0.32548694,  0.09590418]), size=array([1., 1.]), units='height', vertices=ndarray(...), win=Window(...), windingRule=None)
128.2350 	EXP 	window1: mouseVisible = True
128.2353 	EXP 	Created unnamed Line = Line(__class__=<class 'psychopy.visual.line.Line'>, anchor=('center', 'center'), autoDraw=False, autoLog=True, closeShape=False, color=array([-1, -1, -1]), colorSpace='rgb', contrast=None, depth=2, draggable=False, fillColor=array([0, 0, 0]), fillColorSpace='rgb', fillRGB=array([0, 0, 0]), interpolate=True, lineColor=array([-1, -1, -1]), lineColorSpace='rgb', lineRGB=array([-1, -1, -1]), lineWidth=4, name='unnamed Line', opacity=0.5, ori=0.0, pos=array([0., 0.]), size=array([1., 1.]), units='height', vertices=ndarray(...), win=Window(...), windingRule=None)
128.2354 	EXP 	window1: mouseVisible = True
128.2358 	EXP 	Created unnamed ShapeStim = ShapeStim(__class__=<class 'psychopy.visual.shape.ShapeStim'>, anchor=('center', 'center'), autoDraw=False, autoLog=True, closeShape=True, color=method-wrapper(...), colorSpace='rgb', contrast=None, depth=0, draggable=False, fillColor=array([-1, -1, -1]), fillColorSpace='rgb', fillRGB=array([-1, -1, -1]), interpolate=True, lineColor=array([-1, -1, -1]), lineColorSpace='rgb', lineRGB=array([-1, -1, -1]), lineWidth=1.5, name='unnamed ShapeStim', opacity=1.0, ori=40.909090909090914, pos=array([-0.03274304,  0.31221252]), size=array([1., 1.]), units='height', vertices=ndarray(...), win=Window(...), windingRule=None)
128.2358 	EXP 	window1: mouseVisible = True
128.2361 	EXP 	Created unnamed Rect = Rect(__class__=<class 'psychopy.visual.rect.Rect'>, anchor=('center', 'center'), autoDraw=False, autoLog=True, closeShape=True, color=method-wrapper(...), colorSpace='rgb', contrast=None, depth=0, draggable=False, fillColor=array([0.00392157, 0.00392157, 0.00392157]), fillColorSpace='rgb', fillRGB=array([0.00392157, 0.00392157, 0.00392157]), interpolate=True, lineColor=array([0, 0, 0]), lineColorSpace='rgb', lineRGB=array([0, 0, 0]), lineWidth=0, name='unnamed Rect', opacity=0.0, ori=0.0, pos=array([0.1, 0. ]), size=array([1.1, 1. ]), units='height', vertices=ndarray(...), win=Window(...))
128.2427 	EXP 	unnamed Rect: autoDraw = True
128.2427 	EXP 	node0: autoDraw = True
128.2427 	EXP 	unnamed ImageStim: autoDraw = True
128.2427 	EXP 	node1: autoDraw = True
128.2427 	EXP 	node2: autoDraw = True
128.2427 	EXP 	unnamed ImageStim: autoDraw = True
128.2427 	EXP 	node3: autoDraw = True
128.2427 	EXP 	node4: autoDraw = True
128.2427 	EXP 	node5: autoDraw = True
128.2427 	EXP 	node6: autoDraw = True
128.2427 	EXP 	node7: autoDraw = True
128.2427 	EXP 	node8: autoDraw = True
128.2427 	EXP 	node9: autoDraw = True
128.2427 	EXP 	node10: autoDraw = True
128.2427 	EXP 	unnamed Line: autoDraw = True
128.2427 	EXP 	unnamed Line: autoDraw = True
128.2427 	EXP 	unnamed ShapeStim: autoDraw = True
128.2427 	EXP 	unnamed Line: autoDraw = True
128.2427 	EXP 	unnamed Line: autoDraw = True
128.2427 	EXP 	unnamed ShapeStim: autoDraw = True
128.2427 	EXP 	unnamed Rect: autoDraw = True
128.2427 	EXP 	node3: fillColor = '#126DEF'
128.2473 	EXP 	node3: fillColor = '#126DEF'
128.2473 	EXP 	unnamed Line: autoDraw = False
128.2473 	EXP 	unnamed ShapeStim: autoDraw = False
128.2473 	EXP 	unnamed Line: autoDraw = True
128.2473 	EXP 	unnamed ShapeStim: autoDraw = True
128.2473 	EXP 	unnamed Line: autoDraw = False
128.2473 	EXP 	unnamed ShapeStim: autoDraw = False
128.2473 	EXP 	unnamed Line: autoDraw = True
128.2473 	EXP 	unnamed ShapeStim: autoDraw = True
128.2473 	EXP 	unnamed Line: foreColor = <psychopy.colors.Color: (1.0, 0.58, -0.87, 1.0)>
128.2473 	EXP 	unnamed Line: borderColor = <psychopy.colors.Color: (1.0, 0.58, -0.87, 1.0)>
128.2473 	EXP 	unnamed Line: fillColor = <psychopy.colors.Color: (1.0, 0.58, -0.87, 1.0)>
128.2473 	EXP 	unnamed ShapeStim: foreColor = <psychopy.colors.Color: (1.0, 0.58, -0.87, 1.0)>
128.2473 	EXP 	unnamed ShapeStim: borderColor = <psychopy.colors.Color: (1.0, 0.58, -0.87, 1.0)>
128.2473 	EXP 	unnamed ShapeStim: fillColor = <psychopy.colors.Color: (1.0, 0.58, -0.87, 1.0)>
130.6478 	DATA 	Keypress: j
130.6527 	EXP 	node2: fillColor = '#126DEF'
130.6527 	EXP 	node3: fillColor = 'white'
131.3529 	EXP 	window1: mouseVisible = True
131.3544 	EXP 	Created unnamed TextStim = TextStim(__class__=<class 'psychopy.visual.text.TextStim'>, alignHoriz=method-wrapper(...), alignText='center', alignVert=method-wrapper(...), anchorHoriz='center', anchorVert='center', antialias=True, autoDraw=False, autoLog=True, bold=True, color=array([0.68627451, 0.68627451, 0.68627451]), colorSpace='rgb', contrast=1.0, depth=0, draggable=False, flipHoriz=False, flipVert=False, font='', fontFiles=[], height=0.04, italic=False, languageStyle='LTR', name='unnamed TextStim', opacity=1.0, ori=0.0, pos=array([-0.2583712 ,  0.20539525]), rgb=UNKNOWN, text='+0', units='height', win=Window(...), wrapWidth=1)
131.3585 	EXP 	node2: fillColor = 'white'
131.3585 	EXP 	unnamed ImageStim: autoDraw = True
132.3667 	EXP 	unnamed ImageStim: autoDraw = False
132.3667 	EXP 	unnamed Rect: autoDraw = False
132.3667 	EXP 	unnamed Rect: autoDraw = True
132.5303 	EXP 	unnamed Rect: autoDraw = False
132.5303 	EXP 	node0: autoDraw = False
132.5303 	EXP 	unnamed ImageStim: autoDraw = False
132.5303 	EXP 	node1: autoDraw = False
132.5303 	EXP 	node2: autoDraw = False
132.5303 	EXP 	unnamed ImageStim: autoDraw = False
132.5303 	EXP 	node3: autoDraw = False
132.5303 	EXP 	node4: autoDraw = False
132.5303 	EXP 	node5: autoDraw = False
132.5303 	EXP 	node6: autoDraw = False
132.5303 	EXP 	node7: autoDraw = False
132.5303 	EXP 	node8: autoDraw = False
132.5303 	EXP 	node9: autoDraw = False
132.5303 	EXP 	node10: autoDraw = False
132.5303 	EXP 	unnamed Line: autoDraw = False
132.5303 	EXP 	unnamed ShapeStim: autoDraw = False
132.5303 	EXP 	unnamed Line: autoDraw = False
132.5303 	EXP 	unnamed ShapeStim: autoDraw = False
132.5303 	EXP 	unnamed Rect: autoDraw = False
132.5402 	INFO 	Mouse: using default window
132.5402 	EXP 	window1: mouseVisible = True
132.5403 	EXP 	window1: mouseVisible = True
132.5450 	EXP 	Created unnamed TextStim = TextStim(__class__=<class 'psychopy.visual.text.TextStim'>, alignHoriz=method-wrapper(...), alignText='center', alignVert=method-wrapper(...), anchorHoriz='center', anchorVert='center', antialias=True, autoDraw=False, autoLog=True, bold=False, color=array([1, 1, 1]), colorSpace='rgb', contrast=1.0, depth=0, draggable=False, flipHoriz=False, flipVert=False, font='', fontFiles=[], height=0.035, italic=False, languageStyle='LTR', name='unnamed TextStim', opacity=1.0, ori=0.0, pos=array([0., 0.]), rgb=UNKNOWN, text='press Space to start', units='height', win=Window(...), wrapWidth=1)
136.2960 	DATA 	Keypress: space
136.2967 	EXP 	window1: mouseVisible = True
136.2973 	EXP 	Created unnamed Rect = Rect(__class__=<class 'psychopy.visual.rect.Rect'>, anchor=('center', 'center'), autoDraw=False, autoLog=True, closeShape=True, color=method-wrapper(...), colorSpace='rgb', contrast=None, depth=0, draggable=False, fillColor=array([0.00392157, 0.00392157, 0.00392157]), fillColorSpace='rgb', fillRGB=array([0.00392157, 0.00392157, 0.00392157]), interpolate=True, lineColor=array([0, 0, 0]), lineColorSpace='rgb', lineRGB=array([0, 0, 0]), lineWidth=0, name='unnamed Rect', opacity=0.5, ori=0.0, pos=array([-0.65,  0.45]), size=array([0.1, 0.1]), units='height', vertices=ndarray(...), win=Window(...))
136.2983 	EXP 	window1: mouseVisible = True
136.3003 	EXP 	Created node0 = Circle(__class__=<class 'psychopy.visual.circle.Circle'>, anchor=('center', 'center'), autoDraw=False, autoLog=True, closeShape=True, color=method-wrapper(...), colorSpace='rgb', contrast=None, depth=0, draggable=False, fillColor=array([1, 1, 1]), fillColorSpace='rgb', fillRGB=array([1, 1, 1]), interpolate=True, lineColor=array([-1, -1, -1]), lineColorSpace='rgb', lineRGB=array([-1, -1, -1]), lineWidth=2, name='node0', opacity=1.0, ori=0.0, pos=array([0.  , 0.35]), size=array([1., 1.]), units='height', vertices=ndarray(...), win=Window(...))
136.3013 	EXP 	window1: mouseVisible = True
136.3032 	EXP 	Created node1 = Circle(__class__=<class 'psychopy.visual.circle.Circle'>, anchor=('center', 'center'), autoDraw=False, autoLog=True, closeShape=True, color=method-wrapper(...), colorSpace='rgb', contrast=None, depth=0, draggable=False, fillColor=array([1, 1, 1]), fillColorSpace='rgb', fillRGB=array([1, 1, 1]), interpolate=True, lineColor=array([-1, -1, -1]), lineColorSpace='rgb', lineRGB=array([-1, -1, -1]), lineWidth=2, name='node1', opacity=1.0, ori=0.0, pos=array([-0.18922429,  0.29443874]), size=array([1., 1.]), units='height', vertices=ndarray(...), win=Window(...))
136.3042 	EXP 	window1: mouseVisible = True
136.3062 	EXP 	Created node2 = Circle(__class__=<class 'psychopy.visual.circle.Circle'>, anchor=('center', 'center'), autoDraw=False, autoLog=True, closeShape=True, color=method-wrapper(...), colorSpace='rgb', contrast=None, depth=0, draggable=False, fillColor=array([1, 1, 1]), fillColorSpace='rgb', fillRGB=array([1, 1, 1]), interpolate=True, lineColor=array([-1, -1, -1]), lineColorSpace='rgb', lineRGB=array([-1, -1, -1]), lineWidth=2, name='node2', opacity=1.0, ori=0.0, pos=array([-0.3183712 ,  0.14539525]), size=array([1., 1.]), units='height', vertices=ndarray(...), win=Window(...))
136.3072 	EXP 	window1: mouseVisible = True
136.3090 	EXP 	Created node3 = Circle(__class__=<class 'psychopy.visual.circle.Circle'>, anchor=('center', 'center'), autoDraw=False, autoLog=True, closeShape=True, color=method-wrapper(...), colorSpace='rgb', contrast=None, depth=0, draggable=False, fillColor=array([1, 1, 1]), fillColorSpace='rgb', fillRGB=array([1, 1, 1]), interpolate=True, lineColor=array([-1, -1, -1]), lineColorSpace='rgb', lineRGB=array([-1, -1, -1]), lineWidth=2, name='node3', opacity=1.0, ori=0.0, pos=array([-0.3464375 , -0.04981019]), size=array([1., 1.]), units='height', vertices=ndarray(...), win=Window(...))
136.3100 	EXP 	window1: mouseVisible = True
136.3119 	EXP 	Created node4 = Circle(__class__=<class 'psychopy.visual.circle.Circle'>, anchor=('center', 'center'), autoDraw=False, autoLog=True, closeShape=True, color=method-wrapper(...), colorSpace='rgb', contrast=None, depth=0, draggable=False, fillColor=array([1, 1, 1]), fillColorSpace='rgb', fillRGB=array([1, 1, 1]), interpolate=True, lineColor=array([-1, -1, -1]), lineColorSpace='rgb', lineRGB=array([-1, -1, -1]), lineWidth=2, name='node4', opacity=1.0, ori=0.0, pos=array([-0.26451235, -0.22920126]), size=array([1., 1.]), units='height', vertices=ndarray(...), win=Window(...))
136.3119 	EXP 	window1: mouseVisible = True
136.3293 	EXP 	Created unnamed ImageStim = ImageStim(__class__=<class 'psychopy.visual.image.ImageStim'>, anchor=('center', 'center'), autoLog=True, color=array([1., 1., 1.]), colorSpace='rgb', contrast=1.0, depth=0, draggable=False, flipHoriz=False, flipVert=False, image='images/pattern_3.png', interpolate=False, mask=None, maskParams=None, name='unnamed ImageStim', opacity=1.0, ori=0.0, pos=array([-0.26451235, -0.22920126]), size=array([0.12, 0.12]), texRes=128, units='height', win=Window(...))
136.3303 	EXP 	window1: mouseVisible = True
136.3322 	EXP 	Created node5 = Circle(__class__=<class 'psychopy.visual.circle.Circle'>, anchor=('center', 'center'), autoDraw=False, autoLog=True, closeShape=True, color=method-wrapper(...), colorSpace='rgb', contrast=None, depth=0, draggable=False, fillColor=array([1, 1, 1]), fillColorSpace='rgb', fillRGB=array([1, 1, 1]), interpolate=True, lineColor=array([-1, -1, -1]), lineColorSpace='rgb', lineRGB=array([-1, -1, -1]), lineWidth=2, name='node5', opacity=1.0, ori=0.0, pos=array([-0.09860639, -0.33582254]), size=array([1., 1.]), units='height', vertices=ndarray(...), win=Window(...))
136.3323 	EXP 	window1: mouseVisible = True
136.3496 	EXP 	Created unnamed ImageStim = ImageStim(__class__=<class 'psychopy.visual.image.ImageStim'>, anchor=('center', 'center'), autoLog=True, color=array([1., 1., 1.]), colorSpace='rgb', contrast=1.0, depth=0, draggable=False, flipHoriz=False, flipVert=False, image='images/pattern_7.png', interpolate=False, mask=None, maskParams=None, name='unnamed ImageStim', opacity=1.0, ori=0.0, pos=array([-0.09860639, -0.33582254]), size=array([0.12, 0.12]), texRes=128, units='height', win=Window(...))
136.3506 	EXP 	window1: mouseVisible = True
136.3525 	EXP 	Created node6 = Circle(__class__=<class 'psychopy.visual.circle.Circle'>, anchor=('center', 'center'), autoDraw=False, autoLog=True, closeShape=True, color=method-wrapper(...), colorSpace='rgb', contrast=None, depth=0, draggable=False, fillColor=array([1, 1, 1]), fillColorSpace='rgb', fillRGB=array([1, 1, 1]), interpolate=True, lineColor=array([-1, -1, -1]), lineColorSpace='rgb', lineRGB=array([-1, -1, -1]), lineWidth=2, name='node6', opacity=1.0, ori=0.0, pos=array([ 0.09860639, -0.33582254]), size=array([1., 1.]), units='height', vertices=ndarray(...), win=Window(...))
136.3535 	EXP 	window1: mouseVisible = True
136.3553 	EXP 	Created node7 = Circle(__class__=<class 'psychopy.visual.circle.Circle'>, anchor=('center', 'center'), autoDraw=False, autoLog=True, closeShape=True, color=method-wrapper(...), colorSpace='rgb', contrast=None, depth=0, draggable=False, fillColor=array([1, 1, 1]), fillColorSpace='rgb', fillRGB=array([1, 1, 1]), interpolate=True, lineColor=array([-1, -1, -1]), lineColorSpace='rgb', lineRGB=array([-1, -1, -1]), lineWidth=2, name='node7', opacity=1.0, ori=0.0, pos=array([ 0.26451235, -0.22920126]), size=array([1., 1.]), units='height', vertices=ndarray(...), win=Window(...))
136.3564 	EXP 	window1: mouseVisible = True
136.3582 	EXP 	Created node8 = Circle(__class__=<class 'psychopy.visual.circle.Circle'>, anchor=('center', 'center'), autoDraw=False, autoLog=True, closeShape=True, color=method-wrapper(...), colorSpace='rgb', contrast=None, depth=0, draggable=False, fillColor=array([1, 1, 1]), fillColorSpace='rgb', fillRGB=array([1, 1, 1]), interpolate=True, lineColor=array([-1, -1, -1]), lineColorSpace='rgb', lineRGB=array([-1, -1, -1]), lineWidth=2, name='node8', opacity=1.0, ori=0.0, pos=array([ 0.3464375 , -0.04981019]), size=array([1., 1.]), units='height', vertices=ndarray(...), win=Window(...))
136.3592 	EXP 	window1: mouseVisible = True
136.3611 	EXP 	Created node9 = Circle(__class__=<class 'psychopy.visual.circle.Circle'>, anchor=('center', 'center'), autoDraw=False, autoLog=True, closeShape=True, color=method-wrapper(...), colorSpace='rgb', contrast=None, depth=0, draggable=False, fillColor=array([1, 1, 1]), fillColorSpace='rgb', fillRGB=array([1, 1, 1]), interpolate=True, lineColor=array([-1, -1, -1]), lineColorSpace='rgb', lineRGB=array([-1, -1, -1]), lineWidth=2, name='node9', opacity=1.0, ori=0.0, pos=array([0.3183712 , 0.14539525]), size=array([1., 1.]), units='height', vertices=ndarray(...), win=Window(...))
136.3621 	EXP 	window1: mouseVisible = True
136.3639 	EXP 	Created node10 = Circle(__class__=<class 'psychopy.visual.circle.Circle'>, anchor=('center', 'center'), autoDraw=False, autoLog=True, closeShape=True, color=method-wrapper(...), colorSpace='rgb', contrast=None, depth=0, draggable=False, fillColor=array([1, 1, 1]), fillColorSpace='rgb', fillRGB=array([1, 1, 1]), interpolate=True, lineColor=array([-1, -1, -1]), lineColorSpace='rgb', lineRGB=array([-1, -1, -1]), lineWidth=2, name='node10', opacity=1.0, ori=0.0, pos=array([0.18922429, 0.29443874]), size=array([1., 1.]), units='height', vertices=ndarray(...), win=Window(...))
136.3640 	EXP 	window1: mouseVisible = True
136.3644 	EXP 	Created unnamed Line = Line(__class__=<class 'psychopy.visual.line.Line'>, anchor=('center', 'center'), autoDraw=False, autoLog=True, closeShape=False, color=array([-1, -1, -1]), colorSpace='rgb', contrast=None, depth=2, draggable=False, fillColor=array([0, 0, 0]), fillColorSpace='rgb', fillRGB=array([0, 0, 0]), interpolate=True, lineColor=array([-1, -1, -1]), lineColorSpace='rgb', lineRGB=array([-1, -1, -1]), lineWidth=4, name='unnamed Line', opacity=0.5, ori=0.0, pos=array([0., 0.]), size=array([1., 1.]), units='height', vertices=ndarray(...), win=Window(...), windingRule=None)
136.3644 	EXP 	window1: mouseVisible = True
136.3648 	EXP 	Created unnamed ShapeStim = ShapeStim(__class__=<class 'psychopy.visual.shape.ShapeStim'>, anchor=('center', 'center'), autoDraw=False, autoLog=True, closeShape=True, color=method-wrapper(...), colorSpace='rgb', contrast=None, depth=0, draggable=False, fillColor=array([-1, -1, -1]), fillColorSpace='rgb', fillRGB=array([-1, -1, -1]), interpolate=True, lineColor=array([-1, -1, -1]), lineColorSpace='rgb', lineRGB=array([-1, -1, -1]), lineWidth=1.5, name='unnamed ShapeStim', opacity=1.0, ori=237.27272727272728, pos=array([-0.22244967, -0.20216922]), size=array([1., 1.]), units='height', vertices=ndarray(...), win=Window(...), windingRule=None)
136.3649 	EXP 	window1: mouseVisible = True
136.3652 	EXP 	Created unnamed Line = Line(__class__=<class 'psychopy.visual.line.Line'>, anchor=('center', 'center'), autoDraw=False, autoLog=True, closeShape=False, color=array([-1, -1, -1]), colorSpace='rgb', contrast=None, depth=2, draggable=False, fillColor=array([0, 0, 0]), fillColorSpace='rgb', fillRGB=array([0, 0, 0]), interpolate=True, lineColor=array([-1, -1, -1]), lineColorSpace='rgb', lineRGB=array([-1, -1, -1]), lineWidth=4, name='unnamed Line', opacity=0.5, ori=0.0, pos=array([0., 0.]), size=array([1., 1.]), units='height', vertices=ndarray(...), win=Window(...), windingRule=None)
136.3653 	EXP 	window1: mouseVisible = True
136.3656 	EXP 	Created unnamed ShapeStim = ShapeStim(__class__=<class 'psychopy.visual.shape.ShapeStim'>, anchor=('center', 'center'), autoDraw=False, autoLog=True, closeShape=True, color=method-wrapper(...), colorSpace='rgb', contrast=None, depth=0, draggable=False, fillColor=array([-1, -1, -1]), fillColorSpace='rgb', fillRGB=array([-1, -1, -1]), interpolate=True, lineColor=array([-1, -1, -1]), lineColorSpace='rgb', lineRGB=array([-1, -1, -1]), lineWidth=1.5, name='unnamed ShapeStim', opacity=1.0, ori=220.90909090909093, pos=array([-0.06586336, -0.29803506]), size=array([1., 1.]), units='height', vertices=ndarray(...), win=Window(...), windingRule=None)
136.3657 	EXP 	window1: mouseVisible = True
136.3660 	EXP 	Created unnamed Rect = Rect(__class__=<class 'psychopy.visual.rect.Rect'>, anchor=('center', 'center'), autoDraw=False, autoLog=True, closeShape=True, color=method-wrapper(...), colorSpace='rgb', contrast=None, depth=0, draggable=False, fillColor=array([0.00392157, 0.00392157, 0.00392157]), fillColorSpace='rgb', fillRGB=array([0.00392157, 0.00392157, 0.00392157]), interpolate=True, lineColor=array([0, 0, 0]), lineColorSpace='rgb', lineRGB=array([0, 0, 0]), lineWidth=0, name='unnamed Rect', opacity=0.0, ori=0.0, pos=array([0.1, 0. ]), size=array([1.1, 1. ]), units='height', vertices=ndarray(...), win=Window(...))
136.3722 	EXP 	unnamed Rect: autoDraw = True
136.3722 	EXP 	node0: autoDraw = True
136.3722 	EXP 	node1: autoDraw = True
136.3722 	EXP 	node2: autoDraw = True
136.3722 	EXP 	node3: autoDraw = True
136.3722 	EXP 	node4: autoDraw = True
136.3722 	EXP 	unnamed ImageStim: autoDraw = True
136.3722 	EXP 	node5: autoDraw = True
136.3722 	EXP 	unnamed ImageStim: autoDraw = True
136.3722 	EXP 	node6: autoDraw = True
136.3722 	EXP 	node7: autoDraw = True
136.3722 	EXP 	node8: autoDraw = True
136.3722 	EXP 	node9: autoDraw = True
136.3722 	EXP 	node10: autoDraw = True
136.3722 	EXP 	unnamed Line: autoDraw = True
136.3722 	EXP 	unnamed Line: autoDraw = True
136.3722 	EXP 	unnamed ShapeStim: autoDraw = True
136.3722 	EXP 	unnamed Line: autoDraw = True
136.3722 	EXP 	unnamed Line: autoDraw = True
136.3722 	EXP 	unnamed ShapeStim: autoDraw = True
136.3722 	EXP 	unnamed Rect: autoDraw = True
136.3722 	EXP 	node9: fillColor = '#126DEF'
136.3803 	EXP 	node9: fillColor = '#126DEF'
136.3803 	EXP 	unnamed Line: autoDraw = False
136.3803 	EXP 	unnamed ShapeStim: autoDraw = False
136.3803 	EXP 	unnamed Line: autoDraw = True
136.3803 	EXP 	unnamed ShapeStim: autoDraw = True
136.3803 	EXP 	unnamed Line: autoDraw = False
136.3803 	EXP 	unnamed ShapeStim: autoDraw = False
136.3803 	EXP 	unnamed Line: autoDraw = True
136.3803 	EXP 	unnamed ShapeStim: autoDraw = True
136.3803 	EXP 	unnamed Line: foreColor = <psychopy.colors.Color: (1.0, 0.58, -0.87, 1.0)>
136.3803 	EXP 	unnamed Line: borderColor = <psychopy.colors.Color: (1.0, 0.58, -0.87, 1.0)>
136.3803 	EXP 	unnamed Line: fillColor = <psychopy.colors.Color: (1.0, 0.58, -0.87, 1.0)>
136.3803 	EXP 	unnamed ShapeStim: foreColor = <psychopy.colors.Color: (1.0, 0.58, -0.87, 1.0)>
136.3803 	EXP 	unnamed ShapeStim: borderColor = <psychopy.colors.Color: (1.0, 0.58, -0.87, 1.0)>
136.3803 	EXP 	unnamed ShapeStim: fillColor = <psychopy.colors.Color: (1.0, 0.58, -0.87, 1.0)>
138.0478 	DATA 	Keypress: j
138.0530 	EXP 	node5: fillColor = '#126DEF'
138.0530 	EXP 	node9: fillColor = 'white'
138.7532 	EXP 	window1: mouseVisible = True
138.7548 	EXP 	Created unnamed TextStim = TextStim(__class__=<class 'psychopy.visual.text.TextStim'>, alignHoriz=method-wrapper(...), alignText='center', alignVert=method-wrapper(...), anchorHoriz='center', anchorVert='center', antialias=True, autoDraw=False, autoLog=True, bold=True, color=array([-0.88235294, -0.12156863, -0.97647059]), colorSpace='rgb', contrast=1.0, depth=0, draggable=False, flipHoriz=False, flipVert=False, font='', fontFiles=[], height=0.04, italic=False, languageStyle='LTR', name='unnamed TextStim', opacity=1.0, ori=0.0, pos=array([-0.03860639, -0.27582254]), rgb=UNKNOWN, text='+2', units='height', win=Window(...), wrapWidth=1)
138.7589 	EXP 	node5: fillColor = 'white'
138.7589 	EXP 	unnamed ImageStim: autoDraw = True
139.7664 	EXP 	unnamed ImageStim: autoDraw = False
139.7664 	EXP 	unnamed Rect: autoDraw = False
139.7664 	EXP 	unnamed Rect: autoDraw = True
139.8829 	EXP 	unnamed Rect: autoDraw = False
139.8829 	EXP 	node0: autoDraw = False
139.8829 	EXP 	node1: autoDraw = False
139.8829 	EXP 	node2: autoDraw = False
139.8829 	EXP 	node3: autoDraw = False
139.8829 	EXP 	node4: autoDraw = False
139.8829 	EXP 	unnamed ImageStim: autoDraw = False
139.8829 	EXP 	node5: autoDraw = False
139.8829 	EXP 	unnamed ImageStim: autoDraw = False
139.8829 	EXP 	node6: autoDraw = False
139.8829 	EXP 	node7: autoDraw = False
139.8829 	EXP 	node8: autoDraw = False
139.8829 	EXP 	node9: autoDraw = False
139.8829 	EXP 	node10: autoDraw = False
139.8829 	EXP 	unnamed Line: autoDraw = False
139.8829 	EXP 	unnamed ShapeStim: autoDraw = False
139.8829 	EXP 	unnamed Line: autoDraw = False
139.8829 	EXP 	unnamed ShapeStim: autoDraw = False
139.8829 	EXP 	unnamed Rect: autoDraw = False
139.8967 	INFO 	Mouse: using default window
139.8968 	EXP 	window1: mouseVisible = True
139.8969 	EXP 	window1: mouseVisible = True
139.9007 	EXP 	Created unnamed TextStim = TextStim(__class__=<class 'psychopy.visual.text.TextStim'>, alignHoriz=method-wrapper(...), alignText='center', alignVert=method-wrapper(...), anchorHoriz='center', anchorVert='center', antialias=True, autoDraw=False, autoLog=True, bold=False, color=array([1, 1, 1]), colorSpace='rgb', contrast=1.0, depth=0, draggable=False, flipHoriz=False, flipVert=False, font='', fontFiles=[], height=0.035, italic=False, languageStyle='LTR', name='unnamed TextStim', opacity=1.0, ori=0.0, pos=array([0., 0.]), rgb=UNKNOWN, text='press Space to start', units='height', win=Window(...), wrapWidth=1)
140.9199 	DATA 	Keypress: space
140.9204 	EXP 	window1: mouseVisible = True
140.9208 	EXP 	Created unnamed Rect = Rect(__class__=<class 'psychopy.visual.rect.Rect'>, anchor=('center', 'center'), autoDraw=False, autoLog=True, closeShape=True, color=method-wrapper(...), colorSpace='rgb', contrast=None, depth=0, draggable=False, fillColor=array([0.00392157, 0.00392157, 0.00392157]), fillColorSpace='rgb', fillRGB=array([0.00392157, 0.00392157, 0.00392157]), interpolate=True, lineColor=array([0, 0, 0]), lineColorSpace='rgb', lineRGB=array([0, 0, 0]), lineWidth=0, name='unnamed Rect', opacity=0.5, ori=0.0, pos=array([-0.65,  0.45]), size=array([0.1, 0.1]), units='height', vertices=ndarray(...), win=Window(...))
140.9218 	EXP 	window1: mouseVisible = True
140.9238 	EXP 	Created node0 = Circle(__class__=<class 'psychopy.visual.circle.Circle'>, anchor=('center', 'center'), autoDraw=False, autoLog=True, closeShape=True, color=method-wrapper(...), colorSpace='rgb', contrast=None, depth=0, draggable=False, fillColor=array([1, 1, 1]), fillColorSpace='rgb', fillRGB=array([1, 1, 1]), interpolate=True, lineColor=array([-1, -1, -1]), lineColorSpace='rgb', lineRGB=array([-1, -1, -1]), lineWidth=2, name='node0', opacity=1.0, ori=0.0, pos=array([0.  , 0.35]), size=array([1., 1.]), units='height', vertices=ndarray(...), win=Window(...))
140.9248 	EXP 	window1: mouseVisible = True
140.9267 	EXP 	Created node1 = Circle(__class__=<class 'psychopy.visual.circle.Circle'>, anchor=('center', 'center'), autoDraw=False, autoLog=True, closeShape=True, color=method-wrapper(...), colorSpace='rgb', contrast=None, depth=0, draggable=False, fillColor=array([1, 1, 1]), fillColorSpace='rgb', fillRGB=array([1, 1, 1]), interpolate=True, lineColor=array([-1, -1, -1]), lineColorSpace='rgb', lineRGB=array([-1, -1, -1]), lineWidth=2, name='node1', opacity=1.0, ori=0.0, pos=array([-0.18922429,  0.29443874]), size=array([1., 1.]), units='height', vertices=ndarray(...), win=Window(...))
140.9277 	EXP 	window1: mouseVisible = True
140.9296 	EXP 	Created node2 = Circle(__class__=<class 'psychopy.visual.circle.Circle'>, anchor=('center', 'center'), autoDraw=False, autoLog=True, closeShape=True, color=method-wrapper(...), colorSpace='rgb', contrast=None, depth=0, draggable=False, fillColor=array([1, 1, 1]), fillColorSpace='rgb', fillRGB=array([1, 1, 1]), interpolate=True, lineColor=array([-1, -1, -1]), lineColorSpace='rgb', lineRGB=array([-1, -1, -1]), lineWidth=2, name='node2', opacity=1.0, ori=0.0, pos=array([-0.3183712 ,  0.14539525]), size=array([1., 1.]), units='height', vertices=ndarray(...), win=Window(...))
140.9296 	EXP 	window1: mouseVisible = True
140.9466 	EXP 	Created unnamed ImageStim = ImageStim(__class__=<class 'psychopy.visual.image.ImageStim'>, anchor=('center', 'center'), autoLog=True, color=array([1., 1., 1.]), colorSpace='rgb', contrast=1.0, depth=0, draggable=False, flipHoriz=False, flipVert=False, image='images/pattern_1.png', interpolate=False, mask=None, maskParams=None, name='unnamed ImageStim', opacity=1.0, ori=0.0, pos=array([-0.3183712 ,  0.14539525]), size=array([0.12, 0.12]), texRes=128, units='height', win=Window(...))
140.9476 	EXP 	window1: mouseVisible = True
140.9495 	EXP 	Created node3 = Circle(__class__=<class 'psychopy.visual.circle.Circle'>, anchor=('center', 'center'), autoDraw=False, autoLog=True, closeShape=True, color=method-wrapper(...), colorSpace='rgb', contrast=None, depth=0, draggable=False, fillColor=array([1, 1, 1]), fillColorSpace='rgb', fillRGB=array([1, 1, 1]), interpolate=True, lineColor=array([-1, -1, -1]), lineColorSpace='rgb', lineRGB=array([-1, -1, -1]), lineWidth=2, name='node3', opacity=1.0, ori=0.0, pos=array([-0.3464375 , -0.04981019]), size=array([1., 1.]), units='height', vertices=ndarray(...), win=Window(...))
140.9496 	EXP 	window1: mouseVisible = True
140.9663 	EXP 	Created unnamed ImageStim = ImageStim(__class__=<class 'psychopy.visual.image.ImageStim'>, anchor=('center', 'center'), autoLog=True, color=array([1., 1., 1.]), colorSpace='rgb', contrast=1.0, depth=0, draggable=False, flipHoriz=False, flipVert=False, image='images/pattern_5.png', interpolate=False, mask=None, maskParams=None, name='unnamed ImageStim', opacity=1.0, ori=0.0, pos=array([-0.3464375 , -0.04981019]), size=array([0.12, 0.12]), texRes=128, units='height', win=Window(...))
140.9673 	EXP 	window1: mouseVisible = True
140.9692 	EXP 	Created node4 = Circle(__class__=<class 'psychopy.visual.circle.Circle'>, anchor=('center', 'center'), autoDraw=False, autoLog=True, closeShape=True, color=method-wrapper(...), colorSpace='rgb', contrast=None, depth=0, draggable=False, fillColor=array([1, 1, 1]), fillColorSpace='rgb', fillRGB=array([1, 1, 1]), interpolate=True, lineColor=array([-1, -1, -1]), lineColorSpace='rgb', lineRGB=array([-1, -1, -1]), lineWidth=2, name='node4', opacity=1.0, ori=0.0, pos=array([-0.26451235, -0.22920126]), size=array([1., 1.]), units='height', vertices=ndarray(...), win=Window(...))
140.9702 	EXP 	window1: mouseVisible = True
140.9721 	EXP 	Created node5 = Circle(__class__=<class 'psychopy.visual.circle.Circle'>, anchor=('center', 'center'), autoDraw=False, autoLog=True, closeShape=True, color=method-wrapper(...), colorSpace='rgb', contrast=None, depth=0, draggable=False, fillColor=array([1, 1, 1]), fillColorSpace='rgb', fillRGB=array([1, 1, 1]), interpolate=True, lineColor=array([-1, -1, -1]), lineColorSpace='rgb', lineRGB=array([-1, -1, -1]), lineWidth=2, name='node5', opacity=1.0, ori=0.0, pos=array([-0.09860639, -0.33582254]), size=array([1., 1.]), units='height', vertices=ndarray(...), win=Window(...))
140.9731 	EXP 	window1: mouseVisible = True
140.9749 	EXP 	Created node6 = Circle(__class__=<class 'psychopy.visual.circle.Circle'>, anchor=('center', 'center'), autoDraw=False, autoLog=True, closeShape=True, color=method-wrapper(...), colorSpace='rgb', contrast=None, depth=0, draggable=False, fillColor=array([1, 1, 1]), fillColorSpace='rgb', fillRGB=array([1, 1, 1]), interpolate=True, lineColor=array([-1, -1, -1]), lineColorSpace='rgb', lineRGB=array([-1, -1, -1]), lineWidth=2, name='node6', opacity=1.0, ori=0.0, pos=array([ 0.09860639, -0.33582254]), size=array([1., 1.]), units='height', vertices=ndarray(...), win=Window(...))
140.9759 	EXP 	window1: mouseVisible = True
140.9778 	EXP 	Created node7 = Circle(__class__=<class 'psychopy.visual.circle.Circle'>, anchor=('center', 'center'), autoDraw=False, autoLog=True, closeShape=True, color=method-wrapper(...), colorSpace='rgb', contrast=None, depth=0, draggable=False, fillColor=array([1, 1, 1]), fillColorSpace='rgb', fillRGB=array([1, 1, 1]), interpolate=True, lineColor=array([-1, -1, -1]), lineColorSpace='rgb', lineRGB=array([-1, -1, -1]), lineWidth=2, name='node7', opacity=1.0, ori=0.0, pos=array([ 0.26451235, -0.22920126]), size=array([1., 1.]), units='height', vertices=ndarray(...), win=Window(...))
140.9788 	EXP 	window1: mouseVisible = True
140.9806 	EXP 	Created node8 = Circle(__class__=<class 'psychopy.visual.circle.Circle'>, anchor=('center', 'center'), autoDraw=False, autoLog=True, closeShape=True, color=method-wrapper(...), colorSpace='rgb', contrast=None, depth=0, draggable=False, fillColor=array([1, 1, 1]), fillColorSpace='rgb', fillRGB=array([1, 1, 1]), interpolate=True, lineColor=array([-1, -1, -1]), lineColorSpace='rgb', lineRGB=array([-1, -1, -1]), lineWidth=2, name='node8', opacity=1.0, ori=0.0, pos=array([ 0.3464375 , -0.04981019]), size=array([1., 1.]), units='height', vertices=ndarray(...), win=Window(...))
140.9816 	EXP 	window1: mouseVisible = True
140.9834 	EXP 	Created node9 = Circle(__class__=<class 'psychopy.visual.circle.Circle'>, anchor=('center', 'center'), autoDraw=False, autoLog=True, closeShape=True, color=method-wrapper(...), colorSpace='rgb', contrast=None, depth=0, draggable=False, fillColor=array([1, 1, 1]), fillColorSpace='rgb', fillRGB=array([1, 1, 1]), interpolate=True, lineColor=array([-1, -1, -1]), lineColorSpace='rgb', lineRGB=array([-1, -1, -1]), lineWidth=2, name='node9', opacity=1.0, ori=0.0, pos=array([0.3183712 , 0.14539525]), size=array([1., 1.]), units='height', vertices=ndarray(...), win=Window(...))
140.9844 	EXP 	window1: mouseVisible = True
140.9863 	EXP 	Created node10 = Circle(__class__=<class 'psychopy.visual.circle.Circle'>, anchor=('center', 'center'), autoDraw=False, autoLog=True, closeShape=True, color=method-wrapper(...), colorSpace='rgb', contrast=None, depth=0, draggable=False, fillColor=array([1, 1, 1]), fillColorSpace='rgb', fillRGB=array([1, 1, 1]), interpolate=True, lineColor=array([-1, -1, -1]), lineColorSpace='rgb', lineRGB=array([-1, -1, -1]), lineWidth=2, name='node10', opacity=1.0, ori=0.0, pos=array([0.18922429, 0.29443874]), size=array([1., 1.]), units='height', vertices=ndarray(...), win=Window(...))
140.9864 	EXP 	window1: mouseVisible = True
140.9867 	EXP 	Created unnamed Line = Line(__class__=<class 'psychopy.visual.line.Line'>, anchor=('center', 'center'), autoDraw=False, autoLog=True, closeShape=False, color=array([-1, -1, -1]), colorSpace='rgb', contrast=None, depth=2, draggable=False, fillColor=array([0, 0, 0]), fillColorSpace='rgb', fillRGB=array([0, 0, 0]), interpolate=True, lineColor=array([-1, -1, -1]), lineColorSpace='rgb', lineRGB=array([-1, -1, -1]), lineWidth=4, name='unnamed Line', opacity=0.5, ori=0.0, pos=array([0., 0.]), size=array([1., 1.]), units='height', vertices=ndarray(...), win=Window(...), windingRule=None)
140.9868 	EXP 	window1: mouseVisible = True
140.9872 	EXP 	Created unnamed ShapeStim = ShapeStim(__class__=<class 'psychopy.visual.shape.ShapeStim'>, anchor=('center', 'center'), autoDraw=False, autoLog=True, closeShape=True, color=method-wrapper(...), colorSpace='rgb', contrast=None, depth=0, draggable=False, fillColor=array([-1, -1, -1]), fillColorSpace='rgb', fillRGB=array([-1, -1, -1]), interpolate=True, lineColor=array([-1, -1, -1]), lineColorSpace='rgb', lineRGB=array([-1, -1, -1]), lineWidth=1.5, name='unnamed ShapeStim', opacity=1.0, ori=-90.0, pos=array([-0.2964375 , -0.04981019]), size=array([1., 1.]), units='height', vertices=ndarray(...), win=Window(...), windingRule=None)
140.9872 	EXP 	window1: mouseVisible = True
140.9876 	EXP 	Created unnamed Line = Line(__class__=<class 'psychopy.visual.line.Line'>, anchor=('center', 'center'), autoDraw=False, autoLog=True, closeShape=False, color=array([-1, -1, -1]), colorSpace='rgb', contrast=None, depth=2, draggable=False, fillColor=array([0, 0, 0]), fillColorSpace='rgb', fillRGB=array([0, 0, 0]), interpolate=True, lineColor=array([-1, -1, -1]), lineColorSpace='rgb', lineRGB=array([-1, -1, -1]), lineWidth=4, name='unnamed Line', opacity=0.5, ori=0.0, pos=array([0., 0.]), size=array([1., 1.]), units='height', vertices=ndarray(...), win=Window(...), windingRule=None)
140.9877 	EXP 	window1: mouseVisible = True
140.9880 	EXP 	Created unnamed ShapeStim = ShapeStim(__class__=<class 'psychopy.visual.shape.ShapeStim'>, anchor=('center', 'center'), autoDraw=False, autoLog=True, closeShape=True, color=method-wrapper(...), colorSpace='rgb', contrast=None, depth=0, draggable=False, fillColor=array([-1, -1, -1]), fillColorSpace='rgb', fillRGB=array([-1, -1, -1]), interpolate=True, lineColor=array([-1, -1, -1]), lineColorSpace='rgb', lineRGB=array([-1, -1, -1]), lineWidth=1.5, name='unnamed ShapeStim', opacity=1.0, ori=-73.63636363636365, pos=array([-0.27039655,  0.13130863]), size=array([1., 1.]), units='height', vertices=ndarray(...), win=Window(...), windingRule=None)
140.9881 	EXP 	window1: mouseVisible = True
140.9884 	EXP 	Created unnamed Rect = Rect(__class__=<class 'psychopy.visual.rect.Rect'>, anchor=('center', 'center'), autoDraw=False, autoLog=True, closeShape=True, color=method-wrapper(...), colorSpace='rgb', contrast=None, depth=0, draggable=False, fillColor=array([0.00392157, 0.00392157, 0.00392157]), fillColorSpace='rgb', fillRGB=array([0.00392157, 0.00392157, 0.00392157]), interpolate=True, lineColor=array([0, 0, 0]), lineColorSpace='rgb', lineRGB=array([0, 0, 0]), lineWidth=0, name='unnamed Rect', opacity=0.0, ori=0.0, pos=array([0.1, 0. ]), size=array([1.1, 1. ]), units='height', vertices=ndarray(...), win=Window(...))
140.9925 	EXP 	unnamed Rect: autoDraw = True
140.9925 	EXP 	node0: autoDraw = True
140.9925 	EXP 	node1: autoDraw = True
140.9925 	EXP 	node2: autoDraw = True
140.9925 	EXP 	unnamed ImageStim: autoDraw = True
140.9925 	EXP 	node3: autoDraw = True
140.9925 	EXP 	unnamed ImageStim: autoDraw = True
140.9925 	EXP 	node4: autoDraw = True
140.9925 	EXP 	node5: autoDraw = True
140.9925 	EXP 	node6: autoDraw = True
140.9925 	EXP 	node7: autoDraw = True
140.9925 	EXP 	node8: autoDraw = True
140.9925 	EXP 	node9: autoDraw = True
140.9925 	EXP 	node10: autoDraw = True
140.9925 	EXP 	unnamed Line: autoDraw = True
140.9925 	EXP 	unnamed Line: autoDraw = True
140.9925 	EXP 	unnamed ShapeStim: autoDraw = True
140.9925 	EXP 	unnamed Line: autoDraw = True
140.9925 	EXP 	unnamed Line: autoDraw = True
140.9925 	EXP 	unnamed ShapeStim: autoDraw = True
140.9925 	EXP 	unnamed Rect: autoDraw = True
140.9925 	EXP 	node8: fillColor = '#126DEF'
140.9959 	EXP 	node8: fillColor = '#126DEF'
140.9959 	EXP 	unnamed Line: autoDraw = False
140.9959 	EXP 	unnamed ShapeStim: autoDraw = False
140.9959 	EXP 	unnamed Line: autoDraw = True
140.9959 	EXP 	unnamed ShapeStim: autoDraw = True
140.9959 	EXP 	unnamed Line: autoDraw = False
140.9959 	EXP 	unnamed ShapeStim: autoDraw = False
140.9959 	EXP 	unnamed Line: autoDraw = True
140.9959 	EXP 	unnamed ShapeStim: autoDraw = True
140.9959 	EXP 	unnamed Line: foreColor = <psychopy.colors.Color: (1.0, 0.58, -0.87, 1.0)>
140.9959 	EXP 	unnamed Line: borderColor = <psychopy.colors.Color: (1.0, 0.58, -0.87, 1.0)>
140.9959 	EXP 	unnamed Line: fillColor = <psychopy.colors.Color: (1.0, 0.58, -0.87, 1.0)>
140.9959 	EXP 	unnamed ShapeStim: foreColor = <psychopy.colors.Color: (1.0, 0.58, -0.87, 1.0)>
140.9959 	EXP 	unnamed ShapeStim: borderColor = <psychopy.colors.Color: (1.0, 0.58, -0.87, 1.0)>
140.9959 	EXP 	unnamed ShapeStim: fillColor = <psychopy.colors.Color: (1.0, 0.58, -0.87, 1.0)>
142.5277 	DATA 	Keypress: f
142.5333 	EXP 	unnamed Line: foreColor = <psychopy.colors.Color: black, alpha=1.0>
142.5333 	EXP 	unnamed Line: borderColor = <psychopy.colors.Color: black, alpha=1.0>
142.5333 	EXP 	unnamed Line: fillColor = <psychopy.colors.Color: black, alpha=1.0>
142.5333 	EXP 	unnamed ShapeStim: foreColor = <psychopy.colors.Color: black, alpha=1.0>
142.5333 	EXP 	unnamed ShapeStim: borderColor = <psychopy.colors.Color: black, alpha=1.0>
142.5333 	EXP 	unnamed ShapeStim: fillColor = <psychopy.colors.Color: black, alpha=1.0>
142.5333 	EXP 	unnamed Line: foreColor = <psychopy.colors.Color: (1.0, 0.58, -0.87, 1.0)>
142.5333 	EXP 	unnamed Line: borderColor = <psychopy.colors.Color: (1.0, 0.58, -0.87, 1.0)>
142.5333 	EXP 	unnamed Line: fillColor = <psychopy.colors.Color: (1.0, 0.58, -0.87, 1.0)>
142.5333 	EXP 	unnamed ShapeStim: foreColor = <psychopy.colors.Color: (1.0, 0.58, -0.87, 1.0)>
142.5333 	EXP 	unnamed ShapeStim: borderColor = <psychopy.colors.Color: (1.0, 0.58, -0.87, 1.0)>
142.5333 	EXP 	unnamed ShapeStim: fillColor = <psychopy.colors.Color: (1.0, 0.58, -0.87, 1.0)>
142.9514 	DATA 	Keypress: j
142.9558 	EXP 	node3: fillColor = '#126DEF'
142.9558 	EXP 	node8: fillColor = 'white'
143.6559 	EXP 	window1: mouseVisible = True
143.6573 	EXP 	Created unnamed TextStim = TextStim(__class__=<class 'psychopy.visual.text.TextStim'>, alignHoriz=method-wrapper(...), alignText='center', alignVert=method-wrapper(...), anchorHoriz='center', anchorVert='center', antialias=True, autoDraw=False, autoLog=True, bold=True, color=array([0.68627451, 0.68627451, 0.68627451]), colorSpace='rgb', contrast=1.0, depth=0, draggable=False, flipHoriz=False, flipVert=False, font='', fontFiles=[], height=0.04, italic=False, languageStyle='LTR', name='unnamed TextStim', opacity=1.0, ori=0.0, pos=array([-0.2864375 ,  0.01018981]), rgb=UNKNOWN, text='+0', units='height', win=Window(...), wrapWidth=1)
143.6603 	EXP 	node3: fillColor = 'white'
143.6603 	EXP 	unnamed ImageStim: autoDraw = True
144.6679 	EXP 	unnamed ImageStim: autoDraw = False
144.6679 	EXP 	unnamed Rect: autoDraw = False
144.6679 	EXP 	unnamed Rect: autoDraw = True
144.7968 	EXP 	unnamed Rect: autoDraw = False
144.7968 	EXP 	node0: autoDraw = False
144.7968 	EXP 	node1: autoDraw = False
144.7968 	EXP 	node2: autoDraw = False
144.7968 	EXP 	unnamed ImageStim: autoDraw = False
144.7968 	EXP 	node3: autoDraw = False
144.7968 	EXP 	unnamed ImageStim: autoDraw = False
144.7968 	EXP 	node4: autoDraw = False
144.7968 	EXP 	node5: autoDraw = False
144.7968 	EXP 	node6: autoDraw = False
144.7968 	EXP 	node7: autoDraw = False
144.7968 	EXP 	node8: autoDraw = False
144.7968 	EXP 	node9: autoDraw = False
144.7968 	EXP 	node10: autoDraw = False
144.7968 	EXP 	unnamed Line: autoDraw = False
144.7968 	EXP 	unnamed ShapeStim: autoDraw = False
144.7968 	EXP 	unnamed Line: autoDraw = False
144.7968 	EXP 	unnamed ShapeStim: autoDraw = False
144.7968 	EXP 	unnamed Rect: autoDraw = False
144.8048 	INFO 	Mouse: using default window
144.8048 	EXP 	window1: mouseVisible = True
144.8049 	EXP 	window1: mouseVisible = True
144.8085 	EXP 	Created unnamed TextStim = TextStim(__class__=<class 'psychopy.visual.text.TextStim'>, alignHoriz=method-wrapper(...), alignText='center', alignVert=method-wrapper(...), anchorHoriz='center', anchorVert='center', antialias=True, autoDraw=False, autoLog=True, bold=False, color=array([1, 1, 1]), colorSpace='rgb', contrast=1.0, depth=0, draggable=False, flipHoriz=False, flipVert=False, font='', fontFiles=[], height=0.035, italic=False, languageStyle='LTR', name='unnamed TextStim', opacity=1.0, ori=0.0, pos=array([0., 0.]), rgb=UNKNOWN, text='press Space to start', units='height', win=Window(...), wrapWidth=1)
145.9998 	DATA 	Keypress: space
146.0004 	EXP 	window1: mouseVisible = True
146.0008 	EXP 	Created unnamed Rect = Rect(__class__=<class 'psychopy.visual.rect.Rect'>, anchor=('center', 'center'), autoDraw=False, autoLog=True, closeShape=True, color=method-wrapper(...), colorSpace='rgb', contrast=None, depth=0, draggable=False, fillColor=array([0.00392157, 0.00392157, 0.00392157]), fillColorSpace='rgb', fillRGB=array([0.00392157, 0.00392157, 0.00392157]), interpolate=True, lineColor=array([0, 0, 0]), lineColorSpace='rgb', lineRGB=array([0, 0, 0]), lineWidth=0, name='unnamed Rect', opacity=0.5, ori=0.0, pos=array([-0.65,  0.45]), size=array([0.1, 0.1]), units='height', vertices=ndarray(...), win=Window(...))
146.0018 	EXP 	window1: mouseVisible = True
146.0038 	EXP 	Created node0 = Circle(__class__=<class 'psychopy.visual.circle.Circle'>, anchor=('center', 'center'), autoDraw=False, autoLog=True, closeShape=True, color=method-wrapper(...), colorSpace='rgb', contrast=None, depth=0, draggable=False, fillColor=array([1, 1, 1]), fillColorSpace='rgb', fillRGB=array([1, 1, 1]), interpolate=True, lineColor=array([-1, -1, -1]), lineColorSpace='rgb', lineRGB=array([-1, -1, -1]), lineWidth=2, name='node0', opacity=1.0, ori=0.0, pos=array([0.  , 0.35]), size=array([1., 1.]), units='height', vertices=ndarray(...), win=Window(...))
146.0048 	EXP 	window1: mouseVisible = True
146.0067 	EXP 	Created node1 = Circle(__class__=<class 'psychopy.visual.circle.Circle'>, anchor=('center', 'center'), autoDraw=False, autoLog=True, closeShape=True, color=method-wrapper(...), colorSpace='rgb', contrast=None, depth=0, draggable=False, fillColor=array([1, 1, 1]), fillColorSpace='rgb', fillRGB=array([1, 1, 1]), interpolate=True, lineColor=array([-1, -1, -1]), lineColorSpace='rgb', lineRGB=array([-1, -1, -1]), lineWidth=2, name='node1', opacity=1.0, ori=0.0, pos=array([-0.18922429,  0.29443874]), size=array([1., 1.]), units='height', vertices=ndarray(...), win=Window(...))
146.0077 	EXP 	window1: mouseVisible = True
146.0096 	EXP 	Created node2 = Circle(__class__=<class 'psychopy.visual.circle.Circle'>, anchor=('center', 'center'), autoDraw=False, autoLog=True, closeShape=True, color=method-wrapper(...), colorSpace='rgb', contrast=None, depth=0, draggable=False, fillColor=array([1, 1, 1]), fillColorSpace='rgb', fillRGB=array([1, 1, 1]), interpolate=True, lineColor=array([-1, -1, -1]), lineColorSpace='rgb', lineRGB=array([-1, -1, -1]), lineWidth=2, name='node2', opacity=1.0, ori=0.0, pos=array([-0.3183712 ,  0.14539525]), size=array([1., 1.]), units='height', vertices=ndarray(...), win=Window(...))
146.0106 	EXP 	window1: mouseVisible = True
146.0125 	EXP 	Created node3 = Circle(__class__=<class 'psychopy.visual.circle.Circle'>, anchor=('center', 'center'), autoDraw=False, autoLog=True, closeShape=True, color=method-wrapper(...), colorSpace='rgb', contrast=None, depth=0, draggable=False, fillColor=array([1, 1, 1]), fillColorSpace='rgb', fillRGB=array([1, 1, 1]), interpolate=True, lineColor=array([-1, -1, -1]), lineColorSpace='rgb', lineRGB=array([-1, -1, -1]), lineWidth=2, name='node3', opacity=1.0, ori=0.0, pos=array([-0.3464375 , -0.04981019]), size=array([1., 1.]), units='height', vertices=ndarray(...), win=Window(...))
146.0135 	EXP 	window1: mouseVisible = True
146.0154 	EXP 	Created node4 = Circle(__class__=<class 'psychopy.visual.circle.Circle'>, anchor=('center', 'center'), autoDraw=False, autoLog=True, closeShape=True, color=method-wrapper(...), colorSpace='rgb', contrast=None, depth=0, draggable=False, fillColor=array([1, 1, 1]), fillColorSpace='rgb', fillRGB=array([1, 1, 1]), interpolate=True, lineColor=array([-1, -1, -1]), lineColorSpace='rgb', lineRGB=array([-1, -1, -1]), lineWidth=2, name='node4', opacity=1.0, ori=0.0, pos=array([-0.26451235, -0.22920126]), size=array([1., 1.]), units='height', vertices=ndarray(...), win=Window(...))
146.0154 	EXP 	window1: mouseVisible = True
146.0322 	EXP 	Created unnamed ImageStim = ImageStim(__class__=<class 'psychopy.visual.image.ImageStim'>, anchor=('center', 'center'), autoLog=True, color=array([1., 1., 1.]), colorSpace='rgb', contrast=1.0, depth=0, draggable=False, flipHoriz=False, flipVert=False, image='images/pattern_6.png', interpolate=False, mask=None, maskParams=None, name='unnamed ImageStim', opacity=1.0, ori=0.0, pos=array([-0.26451235, -0.22920126]), size=array([0.12, 0.12]), texRes=128, units='height', win=Window(...))
146.0333 	EXP 	window1: mouseVisible = True
146.0351 	EXP 	Created node5 = Circle(__class__=<class 'psychopy.visual.circle.Circle'>, anchor=('center', 'center'), autoDraw=False, autoLog=True, closeShape=True, color=method-wrapper(...), colorSpace='rgb', contrast=None, depth=0, draggable=False, fillColor=array([1, 1, 1]), fillColorSpace='rgb', fillRGB=array([1, 1, 1]), interpolate=True, lineColor=array([-1, -1, -1]), lineColorSpace='rgb', lineRGB=array([-1, -1, -1]), lineWidth=2, name='node5', opacity=1.0, ori=0.0, pos=array([-0.09860639, -0.33582254]), size=array([1., 1.]), units='height', vertices=ndarray(...), win=Window(...))
146.0362 	EXP 	window1: mouseVisible = True
146.0380 	EXP 	Created node6 = Circle(__class__=<class 'psychopy.visual.circle.Circle'>, anchor=('center', 'center'), autoDraw=False, autoLog=True, closeShape=True, color=method-wrapper(...), colorSpace='rgb', contrast=None, depth=0, draggable=False, fillColor=array([1, 1, 1]), fillColorSpace='rgb', fillRGB=array([1, 1, 1]), interpolate=True, lineColor=array([-1, -1, -1]), lineColorSpace='rgb', lineRGB=array([-1, -1, -1]), lineWidth=2, name='node6', opacity=1.0, ori=0.0, pos=array([ 0.09860639, -0.33582254]), size=array([1., 1.]), units='height', vertices=ndarray(...), win=Window(...))
146.0390 	EXP 	window1: mouseVisible = True
146.0409 	EXP 	Created node7 = Circle(__class__=<class 'psychopy.visual.circle.Circle'>, anchor=('center', 'center'), autoDraw=False, autoLog=True, closeShape=True, color=method-wrapper(...), colorSpace='rgb', contrast=None, depth=0, draggable=False, fillColor=array([1, 1, 1]), fillColorSpace='rgb', fillRGB=array([1, 1, 1]), interpolate=True, lineColor=array([-1, -1, -1]), lineColorSpace='rgb', lineRGB=array([-1, -1, -1]), lineWidth=2, name='node7', opacity=1.0, ori=0.0, pos=array([ 0.26451235, -0.22920126]), size=array([1., 1.]), units='height', vertices=ndarray(...), win=Window(...))
146.0409 	EXP 	window1: mouseVisible = True
146.0576 	EXP 	Created unnamed ImageStim = ImageStim(__class__=<class 'psychopy.visual.image.ImageStim'>, anchor=('center', 'center'), autoLog=True, color=array([1., 1., 1.]), colorSpace='rgb', contrast=1.0, depth=0, draggable=False, flipHoriz=False, flipVert=False, image='images/pattern_1.png', interpolate=False, mask=None, maskParams=None, name='unnamed ImageStim', opacity=1.0, ori=0.0, pos=array([ 0.26451235, -0.22920126]), size=array([0.12, 0.12]), texRes=128, units='height', win=Window(...))
146.0586 	EXP 	window1: mouseVisible = True
146.0605 	EXP 	Created node8 = Circle(__class__=<class 'psychopy.visual.circle.Circle'>, anchor=('center', 'center'), autoDraw=False, autoLog=True, closeShape=True, color=method-wrapper(...), colorSpace='rgb', contrast=None, depth=0, draggable=False, fillColor=array([1, 1, 1]), fillColorSpace='rgb', fillRGB=array([1, 1, 1]), interpolate=True, lineColor=array([-1, -1, -1]), lineColorSpace='rgb', lineRGB=array([-1, -1, -1]), lineWidth=2, name='node8', opacity=1.0, ori=0.0, pos=array([ 0.3464375 , -0.04981019]), size=array([1., 1.]), units='height', vertices=ndarray(...), win=Window(...))
146.0615 	EXP 	window1: mouseVisible = True
146.0633 	EXP 	Created node9 = Circle(__class__=<class 'psychopy.visual.circle.Circle'>, anchor=('center', 'center'), autoDraw=False, autoLog=True, closeShape=True, color=method-wrapper(...), colorSpace='rgb', contrast=None, depth=0, draggable=False, fillColor=array([1, 1, 1]), fillColorSpace='rgb', fillRGB=array([1, 1, 1]), interpolate=True, lineColor=array([-1, -1, -1]), lineColorSpace='rgb', lineRGB=array([-1, -1, -1]), lineWidth=2, name='node9', opacity=1.0, ori=0.0, pos=array([0.3183712 , 0.14539525]), size=array([1., 1.]), units='height', vertices=ndarray(...), win=Window(...))
146.0643 	EXP 	window1: mouseVisible = True
146.0662 	EXP 	Created node10 = Circle(__class__=<class 'psychopy.visual.circle.Circle'>, anchor=('center', 'center'), autoDraw=False, autoLog=True, closeShape=True, color=method-wrapper(...), colorSpace='rgb', contrast=None, depth=0, draggable=False, fillColor=array([1, 1, 1]), fillColorSpace='rgb', fillRGB=array([1, 1, 1]), interpolate=True, lineColor=array([-1, -1, -1]), lineColorSpace='rgb', lineRGB=array([-1, -1, -1]), lineWidth=2, name='node10', opacity=1.0, ori=0.0, pos=array([0.18922429, 0.29443874]), size=array([1., 1.]), units='height', vertices=ndarray(...), win=Window(...))
146.0663 	EXP 	window1: mouseVisible = True
146.0667 	EXP 	Created unnamed Line = Line(__class__=<class 'psychopy.visual.line.Line'>, anchor=('center', 'center'), autoDraw=False, autoLog=True, closeShape=False, color=array([-1, -1, -1]), colorSpace='rgb', contrast=None, depth=2, draggable=False, fillColor=array([0, 0, 0]), fillColorSpace='rgb', fillRGB=array([0, 0, 0]), interpolate=True, lineColor=array([-1, -1, -1]), lineColorSpace='rgb', lineRGB=array([-1, -1, -1]), lineWidth=4, name='unnamed Line', opacity=0.5, ori=0.0, pos=array([0., 0.]), size=array([1., 1.]), units='height', vertices=ndarray(...), win=Window(...), windingRule=None)
146.0667 	EXP 	window1: mouseVisible = True
146.0671 	EXP 	Created unnamed ShapeStim = ShapeStim(__class__=<class 'psychopy.visual.shape.ShapeStim'>, anchor=('center', 'center'), autoDraw=False, autoLog=True, closeShape=True, color=method-wrapper(...), colorSpace='rgb', contrast=None, depth=0, draggable=False, fillColor=array([-1, -1, -1]), fillColorSpace='rgb', fillRGB=array([-1, -1, -1]), interpolate=True, lineColor=array([-1, -1, -1]), lineColorSpace='rgb', lineRGB=array([-1, -1, -1]), lineWidth=1.5, name='unnamed ShapeStim', opacity=1.0, ori=155.45454545454544, pos=array([-0.2852831 , -0.18371966]), size=array([1., 1.]), units='height', vertices=ndarray(...), win=Window(...), windingRule=None)
146.0672 	EXP 	window1: mouseVisible = True
146.0675 	EXP 	Created unnamed Line = Line(__class__=<class 'psychopy.visual.line.Line'>, anchor=('center', 'center'), autoDraw=False, autoLog=True, closeShape=False, color=array([-1, -1, -1]), colorSpace='rgb', contrast=None, depth=2, draggable=False, fillColor=array([0, 0, 0]), fillColorSpace='rgb', fillRGB=array([0, 0, 0]), interpolate=True, lineColor=array([-1, -1, -1]), lineColorSpace='rgb', lineRGB=array([-1, -1, -1]), lineWidth=4, name='unnamed Line', opacity=0.5, ori=0.0, pos=array([0., 0.]), size=array([1., 1.]), units='height', vertices=ndarray(...), win=Window(...), windingRule=None)
146.0676 	EXP 	window1: mouseVisible = True
146.0679 	EXP 	Created unnamed ShapeStim = ShapeStim(__class__=<class 'psychopy.visual.shape.ShapeStim'>, anchor=('center', 'center'), autoDraw=False, autoLog=True, closeShape=True, color=method-wrapper(...), colorSpace='rgb', contrast=None, depth=0, draggable=False, fillColor=array([-1, -1, -1]), fillColorSpace='rgb', fillRGB=array([-1, -1, -1]), interpolate=True, lineColor=array([-1, -1, -1]), lineColorSpace='rgb', lineRGB=array([-1, -1, -1]), lineWidth=1.5, name='unnamed ShapeStim', opacity=1.0, ori=106.36363636363639, pos=array([ 0.2165377 , -0.21511463]), size=array([1., 1.]), units='height', vertices=ndarray(...), win=Window(...), windingRule=None)
146.0680 	EXP 	window1: mouseVisible = True
146.0683 	EXP 	Created unnamed Rect = Rect(__class__=<class 'psychopy.visual.rect.Rect'>, anchor=('center', 'center'), autoDraw=False, autoLog=True, closeShape=True, color=method-wrapper(...), colorSpace='rgb', contrast=None, depth=0, draggable=False, fillColor=array([0.00392157, 0.00392157, 0.00392157]), fillColorSpace='rgb', fillRGB=array([0.00392157, 0.00392157, 0.00392157]), interpolate=True, lineColor=array([0, 0, 0]), lineColorSpace='rgb', lineRGB=array([0, 0, 0]), lineWidth=0, name='unnamed Rect', opacity=0.0, ori=0.0, pos=array([0.1, 0. ]), size=array([1.1, 1. ]), units='height', vertices=ndarray(...), win=Window(...))
146.0752 	EXP 	unnamed Rect: autoDraw = True
146.0752 	EXP 	node0: autoDraw = True
146.0752 	EXP 	node1: autoDraw = True
146.0752 	EXP 	node2: autoDraw = True
146.0752 	EXP 	node3: autoDraw = True
146.0752 	EXP 	node4: autoDraw = True
146.0752 	EXP 	unnamed ImageStim: autoDraw = True
146.0752 	EXP 	node5: autoDraw = True
146.0752 	EXP 	node6: autoDraw = True
146.0752 	EXP 	node7: autoDraw = True
146.0752 	EXP 	unnamed ImageStim: autoDraw = True
146.0752 	EXP 	node8: autoDraw = True
146.0752 	EXP 	node9: autoDraw = True
146.0752 	EXP 	node10: autoDraw = True
146.0752 	EXP 	unnamed Line: autoDraw = True
146.0752 	EXP 	unnamed Line: autoDraw = True
146.0752 	EXP 	unnamed ShapeStim: autoDraw = True
146.0752 	EXP 	unnamed Line: autoDraw = True
146.0752 	EXP 	unnamed Line: autoDraw = True
146.0752 	EXP 	unnamed ShapeStim: autoDraw = True
146.0752 	EXP 	unnamed Rect: autoDraw = True
146.0752 	EXP 	node3: fillColor = '#126DEF'
146.0800 	EXP 	node3: fillColor = '#126DEF'
146.0800 	EXP 	unnamed Line: autoDraw = False
146.0800 	EXP 	unnamed ShapeStim: autoDraw = False
146.0800 	EXP 	unnamed Line: autoDraw = True
146.0800 	EXP 	unnamed ShapeStim: autoDraw = True
146.0800 	EXP 	unnamed Line: autoDraw = False
146.0800 	EXP 	unnamed ShapeStim: autoDraw = False
146.0800 	EXP 	unnamed Line: autoDraw = True
146.0800 	EXP 	unnamed ShapeStim: autoDraw = True
146.0800 	EXP 	unnamed Line: foreColor = <psychopy.colors.Color: (1.0, 0.58, -0.87, 1.0)>
146.0800 	EXP 	unnamed Line: borderColor = <psychopy.colors.Color: (1.0, 0.58, -0.87, 1.0)>
146.0800 	EXP 	unnamed Line: fillColor = <psychopy.colors.Color: (1.0, 0.58, -0.87, 1.0)>
146.0800 	EXP 	unnamed ShapeStim: foreColor = <psychopy.colors.Color: (1.0, 0.58, -0.87, 1.0)>
146.0800 	EXP 	unnamed ShapeStim: borderColor = <psychopy.colors.Color: (1.0, 0.58, -0.87, 1.0)>
146.0800 	EXP 	unnamed ShapeStim: fillColor = <psychopy.colors.Color: (1.0, 0.58, -0.87, 1.0)>
147.7118 	DATA 	Keypress: j
147.7178 	EXP 	node4: fillColor = '#126DEF'
147.7178 	EXP 	node3: fillColor = 'white'
148.4181 	EXP 	window1: mouseVisible = True
148.4196 	EXP 	Created unnamed TextStim = TextStim(__class__=<class 'psychopy.visual.text.TextStim'>, alignHoriz=method-wrapper(...), alignText='center', alignVert=method-wrapper(...), anchorHoriz='center', anchorVert='center', antialias=True, autoDraw=False, autoLog=True, bold=True, color=array([-0.88235294, -0.12156863, -0.97647059]), colorSpace='rgb', contrast=1.0, depth=0, draggable=False, flipHoriz=False, flipVert=False, font='', fontFiles=[], height=0.04, italic=False, languageStyle='LTR', name='unnamed TextStim', opacity=1.0, ori=0.0, pos=array([-0.20451235, -0.16920126]), rgb=UNKNOWN, text='+1', units='height', win=Window(...), wrapWidth=1)
148.4235 	EXP 	node4: fillColor = 'white'
148.4235 	EXP 	unnamed ImageStim: autoDraw = True
149.4325 	EXP 	unnamed ImageStim: autoDraw = False
149.4325 	EXP 	unnamed Rect: autoDraw = False
149.4325 	EXP 	unnamed Rect: autoDraw = True
149.5969 	EXP 	unnamed Rect: autoDraw = False
149.5969 	EXP 	node0: autoDraw = False
149.5969 	EXP 	node1: autoDraw = False
149.5969 	EXP 	node2: autoDraw = False
149.5969 	EXP 	node3: autoDraw = False
149.5969 	EXP 	node4: autoDraw = False
149.5969 	EXP 	unnamed ImageStim: autoDraw = False
149.5969 	EXP 	node5: autoDraw = False
149.5969 	EXP 	node6: autoDraw = False
149.5969 	EXP 	node7: autoDraw = False
149.5969 	EXP 	unnamed ImageStim: autoDraw = False
149.5969 	EXP 	node8: autoDraw = False
149.5969 	EXP 	node9: autoDraw = False
149.5969 	EXP 	node10: autoDraw = False
149.5969 	EXP 	unnamed Line: autoDraw = False
149.5969 	EXP 	unnamed ShapeStim: autoDraw = False
149.5969 	EXP 	unnamed Line: autoDraw = False
149.5969 	EXP 	unnamed ShapeStim: autoDraw = False
149.5969 	EXP 	unnamed Rect: autoDraw = False
149.6063 	INFO 	Mouse: using default window
149.6064 	EXP 	window1: mouseVisible = True
149.6065 	EXP 	window1: mouseVisible = True
149.6108 	EXP 	Created unnamed TextStim = TextStim(__class__=<class 'psychopy.visual.text.TextStim'>, alignHoriz=method-wrapper(...), alignText='center', alignVert=method-wrapper(...), anchorHoriz='center', anchorVert='center', antialias=True, autoDraw=False, autoLog=True, bold=False, color=array([1, 1, 1]), colorSpace='rgb', contrast=1.0, depth=0, draggable=False, flipHoriz=False, flipVert=False, font='', fontFiles=[], height=0.035, italic=False, languageStyle='LTR', name='unnamed TextStim', opacity=1.0, ori=0.0, pos=array([0., 0.]), rgb=UNKNOWN, text='press Space to start', units='height', win=Window(...), wrapWidth=1)
150.3198 	DATA 	Keypress: space
150.3203 	EXP 	window1: mouseVisible = True
150.3207 	EXP 	Created unnamed Rect = Rect(__class__=<class 'psychopy.visual.rect.Rect'>, anchor=('center', 'center'), autoDraw=False, autoLog=True, closeShape=True, color=method-wrapper(...), colorSpace='rgb', contrast=None, depth=0, draggable=False, fillColor=array([0.00392157, 0.00392157, 0.00392157]), fillColorSpace='rgb', fillRGB=array([0.00392157, 0.00392157, 0.00392157]), interpolate=True, lineColor=array([0, 0, 0]), lineColorSpace='rgb', lineRGB=array([0, 0, 0]), lineWidth=0, name='unnamed Rect', opacity=0.5, ori=0.0, pos=array([-0.65,  0.45]), size=array([0.1, 0.1]), units='height', vertices=ndarray(...), win=Window(...))
150.3218 	EXP 	window1: mouseVisible = True
150.3238 	EXP 	Created node0 = Circle(__class__=<class 'psychopy.visual.circle.Circle'>, anchor=('center', 'center'), autoDraw=False, autoLog=True, closeShape=True, color=method-wrapper(...), colorSpace='rgb', contrast=None, depth=0, draggable=False, fillColor=array([1, 1, 1]), fillColorSpace='rgb', fillRGB=array([1, 1, 1]), interpolate=True, lineColor=array([-1, -1, -1]), lineColorSpace='rgb', lineRGB=array([-1, -1, -1]), lineWidth=2, name='node0', opacity=1.0, ori=0.0, pos=array([0.  , 0.35]), size=array([1., 1.]), units='height', vertices=ndarray(...), win=Window(...))
150.3239 	EXP 	window1: mouseVisible = True
150.3421 	EXP 	Created unnamed ImageStim = ImageStim(__class__=<class 'psychopy.visual.image.ImageStim'>, anchor=('center', 'center'), autoLog=True, color=array([1., 1., 1.]), colorSpace='rgb', contrast=1.0, depth=0, draggable=False, flipHoriz=False, flipVert=False, image='images/pattern_9.png', interpolate=False, mask=None, maskParams=None, name='unnamed ImageStim', opacity=1.0, ori=0.0, pos=array([0.  , 0.35]), size=array([0.12, 0.12]), texRes=128, units='height', win=Window(...))
150.3431 	EXP 	window1: mouseVisible = True
150.3450 	EXP 	Created node1 = Circle(__class__=<class 'psychopy.visual.circle.Circle'>, anchor=('center', 'center'), autoDraw=False, autoLog=True, closeShape=True, color=method-wrapper(...), colorSpace='rgb', contrast=None, depth=0, draggable=False, fillColor=array([1, 1, 1]), fillColorSpace='rgb', fillRGB=array([1, 1, 1]), interpolate=True, lineColor=array([-1, -1, -1]), lineColorSpace='rgb', lineRGB=array([-1, -1, -1]), lineWidth=2, name='node1', opacity=1.0, ori=0.0, pos=array([-0.18922429,  0.29443874]), size=array([1., 1.]), units='height', vertices=ndarray(...), win=Window(...))
150.3460 	EXP 	window1: mouseVisible = True
150.3479 	EXP 	Created node2 = Circle(__class__=<class 'psychopy.visual.circle.Circle'>, anchor=('center', 'center'), autoDraw=False, autoLog=True, closeShape=True, color=method-wrapper(...), colorSpace='rgb', contrast=None, depth=0, draggable=False, fillColor=array([1, 1, 1]), fillColorSpace='rgb', fillRGB=array([1, 1, 1]), interpolate=True, lineColor=array([-1, -1, -1]), lineColorSpace='rgb', lineRGB=array([-1, -1, -1]), lineWidth=2, name='node2', opacity=1.0, ori=0.0, pos=array([-0.3183712 ,  0.14539525]), size=array([1., 1.]), units='height', vertices=ndarray(...), win=Window(...))
150.3489 	EXP 	window1: mouseVisible = True
150.3507 	EXP 	Created node3 = Circle(__class__=<class 'psychopy.visual.circle.Circle'>, anchor=('center', 'center'), autoDraw=False, autoLog=True, closeShape=True, color=method-wrapper(...), colorSpace='rgb', contrast=None, depth=0, draggable=False, fillColor=array([1, 1, 1]), fillColorSpace='rgb', fillRGB=array([1, 1, 1]), interpolate=True, lineColor=array([-1, -1, -1]), lineColorSpace='rgb', lineRGB=array([-1, -1, -1]), lineWidth=2, name='node3', opacity=1.0, ori=0.0, pos=array([-0.3464375 , -0.04981019]), size=array([1., 1.]), units='height', vertices=ndarray(...), win=Window(...))
150.3518 	EXP 	window1: mouseVisible = True
150.3536 	EXP 	Created node4 = Circle(__class__=<class 'psychopy.visual.circle.Circle'>, anchor=('center', 'center'), autoDraw=False, autoLog=True, closeShape=True, color=method-wrapper(...), colorSpace='rgb', contrast=None, depth=0, draggable=False, fillColor=array([1, 1, 1]), fillColorSpace='rgb', fillRGB=array([1, 1, 1]), interpolate=True, lineColor=array([-1, -1, -1]), lineColorSpace='rgb', lineRGB=array([-1, -1, -1]), lineWidth=2, name='node4', opacity=1.0, ori=0.0, pos=array([-0.26451235, -0.22920126]), size=array([1., 1.]), units='height', vertices=ndarray(...), win=Window(...))
150.3546 	EXP 	window1: mouseVisible = True
150.3565 	EXP 	Created node5 = Circle(__class__=<class 'psychopy.visual.circle.Circle'>, anchor=('center', 'center'), autoDraw=False, autoLog=True, closeShape=True, color=method-wrapper(...), colorSpace='rgb', contrast=None, depth=0, draggable=False, fillColor=array([1, 1, 1]), fillColorSpace='rgb', fillRGB=array([1, 1, 1]), interpolate=True, lineColor=array([-1, -1, -1]), lineColorSpace='rgb', lineRGB=array([-1, -1, -1]), lineWidth=2, name='node5', opacity=1.0, ori=0.0, pos=array([-0.09860639, -0.33582254]), size=array([1., 1.]), units='height', vertices=ndarray(...), win=Window(...))
150.3565 	EXP 	window1: mouseVisible = True
150.3736 	EXP 	Created unnamed ImageStim = ImageStim(__class__=<class 'psychopy.visual.image.ImageStim'>, anchor=('center', 'center'), autoLog=True, color=array([1., 1., 1.]), colorSpace='rgb', contrast=1.0, depth=0, draggable=False, flipHoriz=False, flipVert=False, image='images/pattern_7.png', interpolate=False, mask=None, maskParams=None, name='unnamed ImageStim', opacity=1.0, ori=0.0, pos=array([-0.09860639, -0.33582254]), size=array([0.12, 0.12]), texRes=128, units='height', win=Window(...))
150.3746 	EXP 	window1: mouseVisible = True
150.3765 	EXP 	Created node6 = Circle(__class__=<class 'psychopy.visual.circle.Circle'>, anchor=('center', 'center'), autoDraw=False, autoLog=True, closeShape=True, color=method-wrapper(...), colorSpace='rgb', contrast=None, depth=0, draggable=False, fillColor=array([1, 1, 1]), fillColorSpace='rgb', fillRGB=array([1, 1, 1]), interpolate=True, lineColor=array([-1, -1, -1]), lineColorSpace='rgb', lineRGB=array([-1, -1, -1]), lineWidth=2, name='node6', opacity=1.0, ori=0.0, pos=array([ 0.09860639, -0.33582254]), size=array([1., 1.]), units='height', vertices=ndarray(...), win=Window(...))
150.3775 	EXP 	window1: mouseVisible = True
150.3794 	EXP 	Created node7 = Circle(__class__=<class 'psychopy.visual.circle.Circle'>, anchor=('center', 'center'), autoDraw=False, autoLog=True, closeShape=True, color=method-wrapper(...), colorSpace='rgb', contrast=None, depth=0, draggable=False, fillColor=array([1, 1, 1]), fillColorSpace='rgb', fillRGB=array([1, 1, 1]), interpolate=True, lineColor=array([-1, -1, -1]), lineColorSpace='rgb', lineRGB=array([-1, -1, -1]), lineWidth=2, name='node7', opacity=1.0, ori=0.0, pos=array([ 0.26451235, -0.22920126]), size=array([1., 1.]), units='height', vertices=ndarray(...), win=Window(...))
150.3804 	EXP 	window1: mouseVisible = True
150.3822 	EXP 	Created node8 = Circle(__class__=<class 'psychopy.visual.circle.Circle'>, anchor=('center', 'center'), autoDraw=False, autoLog=True, closeShape=True, color=method-wrapper(...), colorSpace='rgb', contrast=None, depth=0, draggable=False, fillColor=array([1, 1, 1]), fillColorSpace='rgb', fillRGB=array([1, 1, 1]), interpolate=True, lineColor=array([-1, -1, -1]), lineColorSpace='rgb', lineRGB=array([-1, -1, -1]), lineWidth=2, name='node8', opacity=1.0, ori=0.0, pos=array([ 0.3464375 , -0.04981019]), size=array([1., 1.]), units='height', vertices=ndarray(...), win=Window(...))
150.3832 	EXP 	window1: mouseVisible = True
150.3851 	EXP 	Created node9 = Circle(__class__=<class 'psychopy.visual.circle.Circle'>, anchor=('center', 'center'), autoDraw=False, autoLog=True, closeShape=True, color=method-wrapper(...), colorSpace='rgb', contrast=None, depth=0, draggable=False, fillColor=array([1, 1, 1]), fillColorSpace='rgb', fillRGB=array([1, 1, 1]), interpolate=True, lineColor=array([-1, -1, -1]), lineColorSpace='rgb', lineRGB=array([-1, -1, -1]), lineWidth=2, name='node9', opacity=1.0, ori=0.0, pos=array([0.3183712 , 0.14539525]), size=array([1., 1.]), units='height', vertices=ndarray(...), win=Window(...))
150.3861 	EXP 	window1: mouseVisible = True
150.3879 	EXP 	Created node10 = Circle(__class__=<class 'psychopy.visual.circle.Circle'>, anchor=('center', 'center'), autoDraw=False, autoLog=True, closeShape=True, color=method-wrapper(...), colorSpace='rgb', contrast=None, depth=0, draggable=False, fillColor=array([1, 1, 1]), fillColorSpace='rgb', fillRGB=array([1, 1, 1]), interpolate=True, lineColor=array([-1, -1, -1]), lineColorSpace='rgb', lineRGB=array([-1, -1, -1]), lineWidth=2, name='node10', opacity=1.0, ori=0.0, pos=array([0.18922429, 0.29443874]), size=array([1., 1.]), units='height', vertices=ndarray(...), win=Window(...))
150.3880 	EXP 	window1: mouseVisible = True
150.3884 	EXP 	Created unnamed Line = Line(__class__=<class 'psychopy.visual.line.Line'>, anchor=('center', 'center'), autoDraw=False, autoLog=True, closeShape=False, color=array([-1, -1, -1]), colorSpace='rgb', contrast=None, depth=2, draggable=False, fillColor=array([0, 0, 0]), fillColorSpace='rgb', fillRGB=array([0, 0, 0]), interpolate=True, lineColor=array([-1, -1, -1]), lineColorSpace='rgb', lineRGB=array([-1, -1, -1]), lineWidth=4, name='unnamed Line', opacity=0.5, ori=0.0, pos=array([0., 0.]), size=array([1., 1.]), units='height', vertices=ndarray(...), win=Window(...), windingRule=None)
150.3884 	EXP 	window1: mouseVisible = True
150.3888 	EXP 	Created unnamed ShapeStim = ShapeStim(__class__=<class 'psychopy.visual.shape.ShapeStim'>, anchor=('center', 'center'), autoDraw=False, autoLog=True, closeShape=True, color=method-wrapper(...), colorSpace='rgb', contrast=None, depth=0, draggable=False, fillColor=array([-1, -1, -1]), fillColorSpace='rgb', fillRGB=array([-1, -1, -1]), interpolate=True, lineColor=array([-1, -1, -1]), lineColorSpace='rgb', lineRGB=array([-1, -1, -1]), lineWidth=1.5, name='unnamed ShapeStim', opacity=1.0, ori=24.545454545454547, pos=array([-0.02077075,  0.3045184 ]), size=array([1., 1.]), units='height', vertices=ndarray(...), win=Window(...), windingRule=None)
150.3889 	EXP 	window1: mouseVisible = True
150.3892 	EXP 	Created unnamed Line = Line(__class__=<class 'psychopy.visual.line.Line'>, anchor=('center', 'center'), autoDraw=False, autoLog=True, closeShape=False, color=array([-1, -1, -1]), colorSpace='rgb', contrast=None, depth=2, draggable=False, fillColor=array([0, 0, 0]), fillColorSpace='rgb', fillRGB=array([0, 0, 0]), interpolate=True, lineColor=array([-1, -1, -1]), lineColorSpace='rgb', lineRGB=array([-1, -1, -1]), lineWidth=4, name='unnamed Line', opacity=0.5, ori=0.0, pos=array([0., 0.]), size=array([1., 1.]), units='height', vertices=ndarray(...), win=Window(...), windingRule=None)
150.3893 	EXP 	window1: mouseVisible = True
150.3896 	EXP 	Created unnamed ShapeStim = ShapeStim(__class__=<class 'psychopy.visual.shape.ShapeStim'>, anchor=('center', 'center'), autoDraw=False, autoLog=True, closeShape=True, color=method-wrapper(...), colorSpace='rgb', contrast=None, depth=0, draggable=False, fillColor=array([-1, -1, -1]), fillColorSpace='rgb', fillRGB=array([-1, -1, -1]), interpolate=True, lineColor=array([-1, -1, -1]), lineColorSpace='rgb', lineRGB=array([-1, -1, -1]), lineWidth=1.5, name='unnamed ShapeStim', opacity=1.0, ori=122.72727272727273, pos=array([-0.14066907, -0.3087905 ]), size=array([1., 1.]), units='height', vertices=ndarray(...), win=Window(...), windingRule=None)
150.3897 	EXP 	window1: mouseVisible = True
150.3900 	EXP 	Created unnamed Rect = Rect(__class__=<class 'psychopy.visual.rect.Rect'>, anchor=('center', 'center'), autoDraw=False, autoLog=True, closeShape=True, color=method-wrapper(...), colorSpace='rgb', contrast=None, depth=0, draggable=False, fillColor=array([0.00392157, 0.00392157, 0.00392157]), fillColorSpace='rgb', fillRGB=array([0.00392157, 0.00392157, 0.00392157]), interpolate=True, lineColor=array([0, 0, 0]), lineColorSpace='rgb', lineRGB=array([0, 0, 0]), lineWidth=0, name='unnamed Rect', opacity=0.0, ori=0.0, pos=array([0.1, 0. ]), size=array([1.1, 1. ]), units='height', vertices=ndarray(...), win=Window(...))
150.3941 	EXP 	unnamed Rect: autoDraw = True
150.3941 	EXP 	node0: autoDraw = True
150.3941 	EXP 	unnamed ImageStim: autoDraw = True
150.3941 	EXP 	node1: autoDraw = True
150.3941 	EXP 	node2: autoDraw = True
150.3941 	EXP 	node3: autoDraw = True
150.3941 	EXP 	node4: autoDraw = True
150.3941 	EXP 	node5: autoDraw = True
150.3941 	EXP 	unnamed ImageStim: autoDraw = True
150.3941 	EXP 	node6: autoDraw = True
150.3941 	EXP 	node7: autoDraw = True
150.3941 	EXP 	node8: autoDraw = True
150.3941 	EXP 	node9: autoDraw = True
150.3941 	EXP 	node10: autoDraw = True
150.3941 	EXP 	unnamed Line: autoDraw = True
150.3941 	EXP 	unnamed Line: autoDraw = True
150.3941 	EXP 	unnamed ShapeStim: autoDraw = True
150.3941 	EXP 	unnamed Line: autoDraw = True
150.3941 	EXP 	unnamed Line: autoDraw = True
150.3941 	EXP 	unnamed ShapeStim: autoDraw = True
150.3941 	EXP 	unnamed Rect: autoDraw = True
150.3941 	EXP 	node4: fillColor = '#126DEF'
150.3974 	EXP 	node4: fillColor = '#126DEF'
150.3974 	EXP 	unnamed Line: autoDraw = False
150.3974 	EXP 	unnamed ShapeStim: autoDraw = False
150.3974 	EXP 	unnamed Line: autoDraw = True
150.3974 	EXP 	unnamed ShapeStim: autoDraw = True
150.3974 	EXP 	unnamed Line: autoDraw = False
150.3974 	EXP 	unnamed ShapeStim: autoDraw = False
150.3974 	EXP 	unnamed Line: autoDraw = True
150.3974 	EXP 	unnamed ShapeStim: autoDraw = True
150.3974 	EXP 	unnamed Line: foreColor = <psychopy.colors.Color: (1.0, 0.58, -0.87, 1.0)>
150.3974 	EXP 	unnamed Line: borderColor = <psychopy.colors.Color: (1.0, 0.58, -0.87, 1.0)>
150.3974 	EXP 	unnamed Line: fillColor = <psychopy.colors.Color: (1.0, 0.58, -0.87, 1.0)>
150.3974 	EXP 	unnamed ShapeStim: foreColor = <psychopy.colors.Color: (1.0, 0.58, -0.87, 1.0)>
150.3974 	EXP 	unnamed ShapeStim: borderColor = <psychopy.colors.Color: (1.0, 0.58, -0.87, 1.0)>
150.3974 	EXP 	unnamed ShapeStim: fillColor = <psychopy.colors.Color: (1.0, 0.58, -0.87, 1.0)>
151.9748 	DATA 	Keypress: j
151.9797 	EXP 	node0: fillColor = '#126DEF'
151.9797 	EXP 	node4: fillColor = 'white'
152.6798 	EXP 	window1: mouseVisible = True
152.6814 	EXP 	Created unnamed TextStim = TextStim(__class__=<class 'psychopy.visual.text.TextStim'>, alignHoriz=method-wrapper(...), alignText='center', alignVert=method-wrapper(...), anchorHoriz='center', anchorVert='center', antialias=True, autoDraw=False, autoLog=True, bold=True, color=array([-0.88235294, -0.12156863, -0.97647059]), colorSpace='rgb', contrast=1.0, depth=0, draggable=False, flipHoriz=False, flipVert=False, font='', fontFiles=[], height=0.04, italic=False, languageStyle='LTR', name='unnamed TextStim', opacity=1.0, ori=0.0, pos=array([0.06, 0.41]), rgb=UNKNOWN, text='+4', units='height', win=Window(...), wrapWidth=1)
152.6858 	EXP 	node0: fillColor = 'white'
152.6858 	EXP 	unnamed ImageStim: autoDraw = True
153.6932 	EXP 	unnamed ImageStim: autoDraw = False
153.6932 	EXP 	unnamed Rect: autoDraw = False
153.6932 	EXP 	unnamed Rect: autoDraw = True
153.8321 	EXP 	unnamed Rect: autoDraw = False
153.8321 	EXP 	node0: autoDraw = False
153.8321 	EXP 	unnamed ImageStim: autoDraw = False
153.8321 	EXP 	node1: autoDraw = False
153.8321 	EXP 	node2: autoDraw = False
153.8321 	EXP 	node3: autoDraw = False
153.8321 	EXP 	node4: autoDraw = False
153.8321 	EXP 	node5: autoDraw = False
153.8321 	EXP 	unnamed ImageStim: autoDraw = False
153.8321 	EXP 	node6: autoDraw = False
153.8321 	EXP 	node7: autoDraw = False
153.8321 	EXP 	node8: autoDraw = False
153.8321 	EXP 	node9: autoDraw = False
153.8321 	EXP 	node10: autoDraw = False
153.8321 	EXP 	unnamed Line: autoDraw = False
153.8321 	EXP 	unnamed ShapeStim: autoDraw = False
153.8321 	EXP 	unnamed Line: autoDraw = False
153.8321 	EXP 	unnamed ShapeStim: autoDraw = False
153.8321 	EXP 	unnamed Rect: autoDraw = False
155.1839 	DATA 	Keypress: space
155.2045 	INFO 	Mouse: using default window
155.2045 	EXP 	window1: mouseVisible = True
155.2046 	EXP 	window1: mouseVisible = True
155.2076 	EXP 	Created unnamed TextStim = TextStim(__class__=<class 'psychopy.visual.text.TextStim'>, alignHoriz=method-wrapper(...), alignText='center', alignVert=method-wrapper(...), anchorHoriz='center', anchorVert='center', antialias=True, autoDraw=False, autoLog=True, bold=False, color=array([1, 1, 1]), colorSpace='rgb', contrast=1.0, depth=0, draggable=False, flipHoriz=False, flipVert=False, font='', fontFiles=[], height=0.035, italic=False, languageStyle='LTR', name='unnamed TextStim', opacity=1.0, ori=0.0, pos=array([0., 0.]), rgb=UNKNOWN, text='press Space to start', units='height', win=Window(...), wrapWidth=1)
157.2158 	DATA 	Keypress: space
157.2163 	EXP 	window1: mouseVisible = True
157.2168 	EXP 	Created unnamed Rect = Rect(__class__=<class 'psychopy.visual.rect.Rect'>, anchor=('center', 'center'), autoDraw=False, autoLog=True, closeShape=True, color=method-wrapper(...), colorSpace='rgb', contrast=None, depth=0, draggable=False, fillColor=array([0.00392157, 0.00392157, 0.00392157]), fillColorSpace='rgb', fillRGB=array([0.00392157, 0.00392157, 0.00392157]), interpolate=True, lineColor=array([0, 0, 0]), lineColorSpace='rgb', lineRGB=array([0, 0, 0]), lineWidth=0, name='unnamed Rect', opacity=0.5, ori=0.0, pos=array([-0.65,  0.45]), size=array([0.1, 0.1]), units='height', vertices=ndarray(...), win=Window(...))
157.2178 	EXP 	window1: mouseVisible = True
157.2199 	EXP 	Created node0 = Circle(__class__=<class 'psychopy.visual.circle.Circle'>, anchor=('center', 'center'), autoDraw=False, autoLog=True, closeShape=True, color=method-wrapper(...), colorSpace='rgb', contrast=None, depth=0, draggable=False, fillColor=array([1, 1, 1]), fillColorSpace='rgb', fillRGB=array([1, 1, 1]), interpolate=True, lineColor=array([-1, -1, -1]), lineColorSpace='rgb', lineRGB=array([-1, -1, -1]), lineWidth=2, name='node0', opacity=1.0, ori=0.0, pos=array([0.  , 0.35]), size=array([1., 1.]), units='height', vertices=ndarray(...), win=Window(...))
157.2199 	EXP 	window1: mouseVisible = True
157.2382 	EXP 	Created unnamed ImageStim = ImageStim(__class__=<class 'psychopy.visual.image.ImageStim'>, anchor=('center', 'center'), autoLog=True, color=array([1., 1., 1.]), colorSpace='rgb', contrast=1.0, depth=0, draggable=False, flipHoriz=False, flipVert=False, image='images/pattern_9.png', interpolate=False, mask=None, maskParams=None, name='unnamed ImageStim', opacity=1.0, ori=0.0, pos=array([0.  , 0.35]), size=array([0.12, 0.12]), texRes=128, units='height', win=Window(...))
157.2392 	EXP 	window1: mouseVisible = True
157.2412 	EXP 	Created node1 = Circle(__class__=<class 'psychopy.visual.circle.Circle'>, anchor=('center', 'center'), autoDraw=False, autoLog=True, closeShape=True, color=method-wrapper(...), colorSpace='rgb', contrast=None, depth=0, draggable=False, fillColor=array([1, 1, 1]), fillColorSpace='rgb', fillRGB=array([1, 1, 1]), interpolate=True, lineColor=array([-1, -1, -1]), lineColorSpace='rgb', lineRGB=array([-1, -1, -1]), lineWidth=2, name='node1', opacity=1.0, ori=0.0, pos=array([-0.18922429,  0.29443874]), size=array([1., 1.]), units='height', vertices=ndarray(...), win=Window(...))
157.2412 	EXP 	window1: mouseVisible = True
157.2577 	EXP 	Created unnamed ImageStim = ImageStim(__class__=<class 'psychopy.visual.image.ImageStim'>, anchor=('center', 'center'), autoLog=True, color=array([1., 1., 1.]), colorSpace='rgb', contrast=1.0, depth=0, draggable=False, flipHoriz=False, flipVert=False, image='images/pattern_1.png', interpolate=False, mask=None, maskParams=None, name='unnamed ImageStim', opacity=1.0, ori=0.0, pos=array([-0.18922429,  0.29443874]), size=array([0.12, 0.12]), texRes=128, units='height', win=Window(...))
157.2588 	EXP 	window1: mouseVisible = True
157.2607 	EXP 	Created node2 = Circle(__class__=<class 'psychopy.visual.circle.Circle'>, anchor=('center', 'center'), autoDraw=False, autoLog=True, closeShape=True, color=method-wrapper(...), colorSpace='rgb', contrast=None, depth=0, draggable=False, fillColor=array([1, 1, 1]), fillColorSpace='rgb', fillRGB=array([1, 1, 1]), interpolate=True, lineColor=array([-1, -1, -1]), lineColorSpace='rgb', lineRGB=array([-1, -1, -1]), lineWidth=2, name='node2', opacity=1.0, ori=0.0, pos=array([-0.3183712 ,  0.14539525]), size=array([1., 1.]), units='height', vertices=ndarray(...), win=Window(...))
157.2607 	EXP 	window1: mouseVisible = True
157.2771 	EXP 	Created unnamed ImageStim = ImageStim(__class__=<class 'psychopy.visual.image.ImageStim'>, anchor=('center', 'center'), autoLog=True, color=array([1., 1., 1.]), colorSpace='rgb', contrast=1.0, depth=0, draggable=False, flipHoriz=False, flipVert=False, image='images/pattern_2.png', interpolate=False, mask=None, maskParams=None, name='unnamed ImageStim', opacity=1.0, ori=0.0, pos=array([-0.3183712 ,  0.14539525]), size=array([0.12, 0.12]), texRes=128, units='height', win=Window(...))
157.2781 	EXP 	window1: mouseVisible = True
157.2800 	EXP 	Created node3 = Circle(__class__=<class 'psychopy.visual.circle.Circle'>, anchor=('center', 'center'), autoDraw=False, autoLog=True, closeShape=True, color=method-wrapper(...), colorSpace='rgb', contrast=None, depth=0, draggable=False, fillColor=array([1, 1, 1]), fillColorSpace='rgb', fillRGB=array([1, 1, 1]), interpolate=True, lineColor=array([-1, -1, -1]), lineColorSpace='rgb', lineRGB=array([-1, -1, -1]), lineWidth=2, name='node3', opacity=1.0, ori=0.0, pos=array([-0.3464375 , -0.04981019]), size=array([1., 1.]), units='height', vertices=ndarray(...), win=Window(...))
157.2801 	EXP 	window1: mouseVisible = True
157.2963 	EXP 	Created unnamed ImageStim = ImageStim(__class__=<class 'psychopy.visual.image.ImageStim'>, anchor=('center', 'center'), autoLog=True, color=array([1., 1., 1.]), colorSpace='rgb', contrast=1.0, depth=0, draggable=False, flipHoriz=False, flipVert=False, image='images/pattern_6.png', interpolate=False, mask=None, maskParams=None, name='unnamed ImageStim', opacity=1.0, ori=0.0, pos=array([-0.3464375 , -0.04981019]), size=array([0.12, 0.12]), texRes=128, units='height', win=Window(...))
157.2973 	EXP 	window1: mouseVisible = True
157.2992 	EXP 	Created node4 = Circle(__class__=<class 'psychopy.visual.circle.Circle'>, anchor=('center', 'center'), autoDraw=False, autoLog=True, closeShape=True, color=method-wrapper(...), colorSpace='rgb', contrast=None, depth=0, draggable=False, fillColor=array([1, 1, 1]), fillColorSpace='rgb', fillRGB=array([1, 1, 1]), interpolate=True, lineColor=array([-1, -1, -1]), lineColorSpace='rgb', lineRGB=array([-1, -1, -1]), lineWidth=2, name='node4', opacity=1.0, ori=0.0, pos=array([-0.26451235, -0.22920126]), size=array([1., 1.]), units='height', vertices=ndarray(...), win=Window(...))
157.2992 	EXP 	window1: mouseVisible = True
157.3154 	EXP 	Created unnamed ImageStim = ImageStim(__class__=<class 'psychopy.visual.image.ImageStim'>, anchor=('center', 'center'), autoLog=True, color=array([1., 1., 1.]), colorSpace='rgb', contrast=1.0, depth=0, draggable=False, flipHoriz=False, flipVert=False, image='images/pattern_3.png', interpolate=False, mask=None, maskParams=None, name='unnamed ImageStim', opacity=1.0, ori=0.0, pos=array([-0.26451235, -0.22920126]), size=array([0.12, 0.12]), texRes=128, units='height', win=Window(...))
157.3165 	EXP 	window1: mouseVisible = True
157.3183 	EXP 	Created node5 = Circle(__class__=<class 'psychopy.visual.circle.Circle'>, anchor=('center', 'center'), autoDraw=False, autoLog=True, closeShape=True, color=method-wrapper(...), colorSpace='rgb', contrast=None, depth=0, draggable=False, fillColor=array([1, 1, 1]), fillColorSpace='rgb', fillRGB=array([1, 1, 1]), interpolate=True, lineColor=array([-1, -1, -1]), lineColorSpace='rgb', lineRGB=array([-1, -1, -1]), lineWidth=2, name='node5', opacity=1.0, ori=0.0, pos=array([-0.09860639, -0.33582254]), size=array([1., 1.]), units='height', vertices=ndarray(...), win=Window(...))
157.3184 	EXP 	window1: mouseVisible = True
157.3346 	EXP 	Created unnamed ImageStim = ImageStim(__class__=<class 'psychopy.visual.image.ImageStim'>, anchor=('center', 'center'), autoLog=True, color=array([1., 1., 1.]), colorSpace='rgb', contrast=1.0, depth=0, draggable=False, flipHoriz=False, flipVert=False, image='images/pattern_2.png', interpolate=False, mask=None, maskParams=None, name='unnamed ImageStim', opacity=1.0, ori=0.0, pos=array([-0.09860639, -0.33582254]), size=array([0.12, 0.12]), texRes=128, units='height', win=Window(...))
157.3356 	EXP 	window1: mouseVisible = True
157.3375 	EXP 	Created node6 = Circle(__class__=<class 'psychopy.visual.circle.Circle'>, anchor=('center', 'center'), autoDraw=False, autoLog=True, closeShape=True, color=method-wrapper(...), colorSpace='rgb', contrast=None, depth=0, draggable=False, fillColor=array([1, 1, 1]), fillColorSpace='rgb', fillRGB=array([1, 1, 1]), interpolate=True, lineColor=array([-1, -1, -1]), lineColorSpace='rgb', lineRGB=array([-1, -1, -1]), lineWidth=2, name='node6', opacity=1.0, ori=0.0, pos=array([ 0.09860639, -0.33582254]), size=array([1., 1.]), units='height', vertices=ndarray(...), win=Window(...))
157.3376 	EXP 	window1: mouseVisible = True
157.3541 	EXP 	Created unnamed ImageStim = ImageStim(__class__=<class 'psychopy.visual.image.ImageStim'>, anchor=('center', 'center'), autoLog=True, color=array([1., 1., 1.]), colorSpace='rgb', contrast=1.0, depth=0, draggable=False, flipHoriz=False, flipVert=False, image='images/pattern_5.png', interpolate=False, mask=None, maskParams=None, name='unnamed ImageStim', opacity=1.0, ori=0.0, pos=array([ 0.09860639, -0.33582254]), size=array([0.12, 0.12]), texRes=128, units='height', win=Window(...))
157.3551 	EXP 	window1: mouseVisible = True
157.3570 	EXP 	Created node7 = Circle(__class__=<class 'psychopy.visual.circle.Circle'>, anchor=('center', 'center'), autoDraw=False, autoLog=True, closeShape=True, color=method-wrapper(...), colorSpace='rgb', contrast=None, depth=0, draggable=False, fillColor=array([1, 1, 1]), fillColorSpace='rgb', fillRGB=array([1, 1, 1]), interpolate=True, lineColor=array([-1, -1, -1]), lineColorSpace='rgb', lineRGB=array([-1, -1, -1]), lineWidth=2, name='node7', opacity=1.0, ori=0.0, pos=array([ 0.26451235, -0.22920126]), size=array([1., 1.]), units='height', vertices=ndarray(...), win=Window(...))
157.3570 	EXP 	window1: mouseVisible = True
157.3747 	EXP 	Created unnamed ImageStim = ImageStim(__class__=<class 'psychopy.visual.image.ImageStim'>, anchor=('center', 'center'), autoLog=True, color=array([1., 1., 1.]), colorSpace='rgb', contrast=1.0, depth=0, draggable=False, flipHoriz=False, flipVert=False, image='images/pattern_9.png', interpolate=False, mask=None, maskParams=None, name='unnamed ImageStim', opacity=1.0, ori=0.0, pos=array([ 0.26451235, -0.22920126]), size=array([0.12, 0.12]), texRes=128, units='height', win=Window(...))
157.3758 	EXP 	window1: mouseVisible = True
157.3776 	EXP 	Created node8 = Circle(__class__=<class 'psychopy.visual.circle.Circle'>, anchor=('center', 'center'), autoDraw=False, autoLog=True, closeShape=True, color=method-wrapper(...), colorSpace='rgb', contrast=None, depth=0, draggable=False, fillColor=array([1, 1, 1]), fillColorSpace='rgb', fillRGB=array([1, 1, 1]), interpolate=True, lineColor=array([-1, -1, -1]), lineColorSpace='rgb', lineRGB=array([-1, -1, -1]), lineWidth=2, name='node8', opacity=1.0, ori=0.0, pos=array([ 0.3464375 , -0.04981019]), size=array([1., 1.]), units='height', vertices=ndarray(...), win=Window(...))
157.3777 	EXP 	window1: mouseVisible = True
157.3946 	EXP 	Created unnamed ImageStim = ImageStim(__class__=<class 'psychopy.visual.image.ImageStim'>, anchor=('center', 'center'), autoLog=True, color=array([1., 1., 1.]), colorSpace='rgb', contrast=1.0, depth=0, draggable=False, flipHoriz=False, flipVert=False, image='images/pattern_7.png', interpolate=False, mask=None, maskParams=None, name='unnamed ImageStim', opacity=1.0, ori=0.0, pos=array([ 0.3464375 , -0.04981019]), size=array([0.12, 0.12]), texRes=128, units='height', win=Window(...))
157.3956 	EXP 	window1: mouseVisible = True
157.3975 	EXP 	Created node9 = Circle(__class__=<class 'psychopy.visual.circle.Circle'>, anchor=('center', 'center'), autoDraw=False, autoLog=True, closeShape=True, color=method-wrapper(...), colorSpace='rgb', contrast=None, depth=0, draggable=False, fillColor=array([1, 1, 1]), fillColorSpace='rgb', fillRGB=array([1, 1, 1]), interpolate=True, lineColor=array([-1, -1, -1]), lineColorSpace='rgb', lineRGB=array([-1, -1, -1]), lineWidth=2, name='node9', opacity=1.0, ori=0.0, pos=array([0.3183712 , 0.14539525]), size=array([1., 1.]), units='height', vertices=ndarray(...), win=Window(...))
157.3985 	EXP 	window1: mouseVisible = True
157.4003 	EXP 	Created node10 = Circle(__class__=<class 'psychopy.visual.circle.Circle'>, anchor=('center', 'center'), autoDraw=False, autoLog=True, closeShape=True, color=method-wrapper(...), colorSpace='rgb', contrast=None, depth=0, draggable=False, fillColor=array([1, 1, 1]), fillColorSpace='rgb', fillRGB=array([1, 1, 1]), interpolate=True, lineColor=array([-1, -1, -1]), lineColorSpace='rgb', lineRGB=array([-1, -1, -1]), lineWidth=2, name='node10', opacity=1.0, ori=0.0, pos=array([0.18922429, 0.29443874]), size=array([1., 1.]), units='height', vertices=ndarray(...), win=Window(...))
157.4004 	EXP 	window1: mouseVisible = True
157.4167 	EXP 	Created unnamed ImageStim = ImageStim(__class__=<class 'psychopy.visual.image.ImageStim'>, anchor=('center', 'center'), autoLog=True, color=array([1., 1., 1.]), colorSpace='rgb', contrast=1.0, depth=0, draggable=False, flipHoriz=False, flipVert=False, image='images/pattern_1.png', interpolate=False, mask=None, maskParams=None, name='unnamed ImageStim', opacity=1.0, ori=0.0, pos=array([0.18922429, 0.29443874]), size=array([0.12, 0.12]), texRes=128, units='height', win=Window(...))
157.4168 	EXP 	window1: mouseVisible = True
157.4172 	EXP 	Created unnamed Line = Line(__class__=<class 'psychopy.visual.line.Line'>, anchor=('center', 'center'), autoDraw=False, autoLog=True, closeShape=False, color=array([-1, -1, -1]), colorSpace='rgb', contrast=None, depth=2, draggable=False, fillColor=array([0, 0, 0]), fillColorSpace='rgb', fillRGB=array([0, 0, 0]), interpolate=True, lineColor=array([-1, -1, -1]), lineColorSpace='rgb', lineRGB=array([-1, -1, -1]), lineWidth=4, name='unnamed Line', opacity=0.5, ori=0.0, pos=array([0., 0.]), size=array([1., 1.]), units='height', vertices=ndarray(...), win=Window(...), windingRule=None)
157.4173 	EXP 	window1: mouseVisible = True
157.4176 	EXP 	Created unnamed ShapeStim = ShapeStim(__class__=<class 'psychopy.visual.shape.ShapeStim'>, anchor=('center', 'center'), autoDraw=False, autoLog=True, closeShape=True, color=method-wrapper(...), colorSpace='rgb', contrast=None, depth=0, draggable=False, fillColor=array([-1, -1, -1]), fillColorSpace='rgb', fillRGB=array([-1, -1, -1]), interpolate=True, lineColor=array([-1, -1, -1]), lineColorSpace='rgb', lineRGB=array([-1, -1, -1]), lineWidth=1.5, name='unnamed ShapeStim', opacity=1.0, ori=106.36363636363639, pos=array([ 0.2165377 , -0.21511463]), size=array([1., 1.]), units='height', vertices=ndarray(...), win=Window(...), windingRule=None)
157.4177 	EXP 	window1: mouseVisible = True
157.4181 	EXP 	Created unnamed Line = Line(__class__=<class 'psychopy.visual.line.Line'>, anchor=('center', 'center'), autoDraw=False, autoLog=True, closeShape=False, color=array([-1, -1, -1]), colorSpace='rgb', contrast=None, depth=2, draggable=False, fillColor=array([0, 0, 0]), fillColorSpace='rgb', fillRGB=array([0, 0, 0]), interpolate=True, lineColor=array([-1, -1, -1]), lineColorSpace='rgb', lineRGB=array([-1, -1, -1]), lineWidth=4, name='unnamed Line', opacity=0.5, ori=0.0, pos=array([0., 0.]), size=array([1., 1.]), units='height', vertices=ndarray(...), win=Window(...), windingRule=None)
157.4181 	EXP 	window1: mouseVisible = True
157.4185 	EXP 	Created unnamed ShapeStim = ShapeStim(__class__=<class 'psychopy.visual.shape.ShapeStim'>, anchor=('center', 'center'), autoDraw=False, autoLog=True, closeShape=True, color=method-wrapper(...), colorSpace='rgb', contrast=None, depth=0, draggable=False, fillColor=array([-1, -1, -1]), fillColorSpace='rgb', fillRGB=array([-1, -1, -1]), interpolate=True, lineColor=array([-1, -1, -1]), lineColorSpace='rgb', lineRGB=array([-1, -1, -1]), lineWidth=1.5, name='unnamed ShapeStim', opacity=1.0, ori=24.545454545454547, pos=array([-0.20999504,  0.24895714]), size=array([1., 1.]), units='height', vertices=ndarray(...), win=Window(...), windingRule=None)
157.4185 	EXP 	window1: mouseVisible = True
157.4189 	EXP 	Created unnamed Line = Line(__class__=<class 'psychopy.visual.line.Line'>, anchor=('center', 'center'), autoDraw=False, autoLog=True, closeShape=False, color=array([-1, -1, -1]), colorSpace='rgb', contrast=None, depth=2, draggable=False, fillColor=array([0, 0, 0]), fillColorSpace='rgb', fillRGB=array([0, 0, 0]), interpolate=True, lineColor=array([-1, -1, -1]), lineColorSpace='rgb', lineRGB=array([-1, -1, -1]), lineWidth=4, name='unnamed Line', opacity=0.5, ori=0.0, pos=array([0., 0.]), size=array([1., 1.]), units='height', vertices=ndarray(...), win=Window(...), windingRule=None)
157.4189 	EXP 	window1: mouseVisible = True
157.4193 	EXP 	Created unnamed ShapeStim = ShapeStim(__class__=<class 'psychopy.visual.shape.ShapeStim'>, anchor=('center', 'center'), autoDraw=False, autoLog=True, closeShape=True, color=method-wrapper(...), colorSpace='rgb', contrast=None, depth=0, draggable=False, fillColor=array([-1, -1, -1]), fillColorSpace='rgb', fillRGB=array([-1, -1, -1]), interpolate=True, lineColor=array([-1, -1, -1]), lineColorSpace='rgb', lineRGB=array([-1, -1, -1]), lineWidth=1.5, name='unnamed ShapeStim', opacity=1.0, ori=24.545454545454547, pos=array([0.16845354, 0.24895714]), size=array([1., 1.]), units='height', vertices=ndarray(...), win=Window(...), windingRule=None)
157.4193 	EXP 	window1: mouseVisible = True
157.4197 	EXP 	Created unnamed Line = Line(__class__=<class 'psychopy.visual.line.Line'>, anchor=('center', 'center'), autoDraw=False, autoLog=True, closeShape=False, color=array([-1, -1, -1]), colorSpace='rgb', contrast=None, depth=2, draggable=False, fillColor=array([0, 0, 0]), fillColorSpace='rgb', fillRGB=array([0, 0, 0]), interpolate=True, lineColor=array([-1, -1, -1]), lineColorSpace='rgb', lineRGB=array([-1, -1, -1]), lineWidth=4, name='unnamed Line', opacity=0.5, ori=0.0, pos=array([0., 0.]), size=array([1., 1.]), units='height', vertices=ndarray(...), win=Window(...), windingRule=None)
157.4198 	EXP 	window1: mouseVisible = True
157.4201 	EXP 	Created unnamed ShapeStim = ShapeStim(__class__=<class 'psychopy.visual.shape.ShapeStim'>, anchor=('center', 'center'), autoDraw=False, autoLog=True, closeShape=True, color=method-wrapper(...), colorSpace='rgb', contrast=None, depth=0, draggable=False, fillColor=array([-1, -1, -1]), fillColorSpace='rgb', fillRGB=array([-1, -1, -1]), interpolate=True, lineColor=array([-1, -1, -1]), lineColorSpace='rgb', lineRGB=array([-1, -1, -1]), lineWidth=1.5, name='unnamed ShapeStim', opacity=1.0, ori=8.181818181818173, pos=array([-0.00711574,  0.30050893]), size=array([1., 1.]), units='height', vertices=ndarray(...), win=Window(...), windingRule=None)
157.4202 	EXP 	window1: mouseVisible = True
157.4205 	EXP 	Created unnamed Line = Line(__class__=<class 'psychopy.visual.line.Line'>, anchor=('center', 'center'), autoDraw=False, autoLog=True, closeShape=False, color=array([-1, -1, -1]), colorSpace='rgb', contrast=None, depth=2, draggable=False, fillColor=array([0, 0, 0]), fillColorSpace='rgb', fillRGB=array([0, 0, 0]), interpolate=True, lineColor=array([-1, -1, -1]), lineColorSpace='rgb', lineRGB=array([-1, -1, -1]), lineWidth=4, name='unnamed Line', opacity=0.5, ori=0.0, pos=array([0., 0.]), size=array([1., 1.]), units='height', vertices=ndarray(...), win=Window(...), windingRule=None)
157.4206 	EXP 	window1: mouseVisible = True
157.4210 	EXP 	Created unnamed ShapeStim = ShapeStim(__class__=<class 'psychopy.visual.shape.ShapeStim'>, anchor=('center', 'center'), autoDraw=False, autoLog=True, closeShape=True, color=method-wrapper(...), colorSpace='rgb', contrast=None, depth=0, draggable=False, fillColor=array([-1, -1, -1]), fillColorSpace='rgb', fillRGB=array([-1, -1, -1]), interpolate=True, lineColor=array([-1, -1, -1]), lineColorSpace='rgb', lineRGB=array([-1, -1, -1]), lineWidth=1.5, name='unnamed ShapeStim', opacity=1.0, ori=-40.90909090909091, pos=array([-0.28562816,  0.10760778]), size=array([1., 1.]), units='height', vertices=ndarray(...), win=Window(...), windingRule=None)
157.4210 	EXP 	window1: mouseVisible = True
157.4214 	EXP 	Created unnamed Line = Line(__class__=<class 'psychopy.visual.line.Line'>, anchor=('center', 'center'), autoDraw=False, autoLog=True, closeShape=False, color=array([-1, -1, -1]), colorSpace='rgb', contrast=None, depth=2, draggable=False, fillColor=array([0, 0, 0]), fillColorSpace='rgb', fillRGB=array([0, 0, 0]), interpolate=True, lineColor=array([-1, -1, -1]), lineColorSpace='rgb', lineRGB=array([-1, -1, -1]), lineWidth=4, name='unnamed Line', opacity=0.5, ori=0.0, pos=array([0., 0.]), size=array([1., 1.]), units='height', vertices=ndarray(...), win=Window(...), windingRule=None)
157.4214 	EXP 	window1: mouseVisible = True
157.4218 	EXP 	Created unnamed ShapeStim = ShapeStim(__class__=<class 'psychopy.visual.shape.ShapeStim'>, anchor=('center', 'center'), autoDraw=False, autoLog=True, closeShape=True, color=method-wrapper(...), colorSpace='rgb', contrast=None, depth=0, draggable=False, fillColor=array([-1, -1, -1]), fillColorSpace='rgb', fillRGB=array([-1, -1, -1]), interpolate=True, lineColor=array([-1, -1, -1]), lineColorSpace='rgb', lineRGB=array([-1, -1, -1]), lineWidth=1.5, name='unnamed ShapeStim', opacity=1.0, ori=-73.63636363636363, pos=array([-0.2165377 , -0.24328788]), size=array([1., 1.]), units='height', vertices=ndarray(...), win=Window(...), windingRule=None)
157.4218 	EXP 	window1: mouseVisible = True
157.4222 	EXP 	Created unnamed Line = Line(__class__=<class 'psychopy.visual.line.Line'>, anchor=('center', 'center'), autoDraw=False, autoLog=True, closeShape=False, color=array([-1, -1, -1]), colorSpace='rgb', contrast=None, depth=2, draggable=False, fillColor=array([0, 0, 0]), fillColorSpace='rgb', fillRGB=array([0, 0, 0]), interpolate=True, lineColor=array([-1, -1, -1]), lineColorSpace='rgb', lineRGB=array([-1, -1, -1]), lineWidth=4, name='unnamed Line', opacity=0.5, ori=0.0, pos=array([0., 0.]), size=array([1., 1.]), units='height', vertices=ndarray(...), win=Window(...), windingRule=None)
157.4222 	EXP 	window1: mouseVisible = True
157.4226 	EXP 	Created unnamed ShapeStim = ShapeStim(__class__=<class 'psychopy.visual.shape.ShapeStim'>, anchor=('center', 'center'), autoDraw=False, autoLog=True, closeShape=True, color=method-wrapper(...), colorSpace='rgb', contrast=None, depth=0, draggable=False, fillColor=array([-1, -1, -1]), fillColorSpace='rgb', fillRGB=array([-1, -1, -1]), interpolate=True, lineColor=array([-1, -1, -1]), lineColorSpace='rgb', lineRGB=array([-1, -1, -1]), lineWidth=1.5, name='unnamed ShapeStim', opacity=1.0, ori=220.90909090909093, pos=array([ 0.13134943, -0.29803506]), size=array([1., 1.]), units='height', vertices=ndarray(...), win=Window(...), windingRule=None)
157.4226 	EXP 	window1: mouseVisible = True
157.4230 	EXP 	Created unnamed Line = Line(__class__=<class 'psychopy.visual.line.Line'>, anchor=('center', 'center'), autoDraw=False, autoLog=True, closeShape=False, color=array([-1, -1, -1]), colorSpace='rgb', contrast=None, depth=2, draggable=False, fillColor=array([0, 0, 0]), fillColorSpace='rgb', fillRGB=array([0, 0, 0]), interpolate=True, lineColor=array([-1, -1, -1]), lineColorSpace='rgb', lineRGB=array([-1, -1, -1]), lineWidth=4, name='unnamed Line', opacity=0.5, ori=0.0, pos=array([0., 0.]), size=array([1., 1.]), units='height', vertices=ndarray(...), win=Window(...), windingRule=None)
157.4230 	EXP 	window1: mouseVisible = True
157.4234 	EXP 	Created unnamed ShapeStim = ShapeStim(__class__=<class 'psychopy.visual.shape.ShapeStim'>, anchor=('center', 'center'), autoDraw=False, autoLog=True, closeShape=True, color=method-wrapper(...), colorSpace='rgb', contrast=None, depth=0, draggable=False, fillColor=array([-1, -1, -1]), fillColorSpace='rgb', fillRGB=array([-1, -1, -1]), interpolate=True, lineColor=array([-1, -1, -1]), lineColorSpace='rgb', lineRGB=array([-1, -1, -1]), lineWidth=1.5, name='unnamed ShapeStim', opacity=1.0, ori=-73.63636363636365, pos=array([-0.27039655,  0.13130863]), size=array([1., 1.]), units='height', vertices=ndarray(...), win=Window(...), windingRule=None)
157.4234 	EXP 	window1: mouseVisible = True
157.4238 	EXP 	Created unnamed Line = Line(__class__=<class 'psychopy.visual.line.Line'>, anchor=('center', 'center'), autoDraw=False, autoLog=True, closeShape=False, color=array([-1, -1, -1]), colorSpace='rgb', contrast=None, depth=2, draggable=False, fillColor=array([0, 0, 0]), fillColorSpace='rgb', fillRGB=array([0, 0, 0]), interpolate=True, lineColor=array([-1, -1, -1]), lineColorSpace='rgb', lineRGB=array([-1, -1, -1]), lineWidth=4, name='unnamed Line', opacity=0.5, ori=0.0, pos=array([0., 0.]), size=array([1., 1.]), units='height', vertices=ndarray(...), win=Window(...), windingRule=None)
157.4238 	EXP 	window1: mouseVisible = True
157.4242 	EXP 	Created unnamed ShapeStim = ShapeStim(__class__=<class 'psychopy.visual.shape.ShapeStim'>, anchor=('center', 'center'), autoDraw=False, autoLog=True, closeShape=True, color=method-wrapper(...), colorSpace='rgb', contrast=None, depth=0, draggable=False, fillColor=array([-1, -1, -1]), fillColorSpace='rgb', fillRGB=array([-1, -1, -1]), interpolate=True, lineColor=array([-1, -1, -1]), lineColorSpace='rgb', lineRGB=array([-1, -1, -1]), lineWidth=1.5, name='unnamed ShapeStim', opacity=1.0, ori=220.90909090909093, pos=array([-0.06586336, -0.29803506]), size=array([1., 1.]), units='height', vertices=ndarray(...), win=Window(...), windingRule=None)
157.4242 	EXP 	window1: mouseVisible = True
157.4246 	EXP 	Created unnamed Line = Line(__class__=<class 'psychopy.visual.line.Line'>, anchor=('center', 'center'), autoDraw=False, autoLog=True, closeShape=False, color=array([-1, -1, -1]), colorSpace='rgb', contrast=None, depth=2, draggable=False, fillColor=array([0, 0, 0]), fillColorSpace='rgb', fillRGB=array([0, 0, 0]), interpolate=True, lineColor=array([-1, -1, -1]), lineColorSpace='rgb', lineRGB=array([-1, -1, -1]), lineWidth=4, name='unnamed Line', opacity=0.5, ori=0.0, pos=array([0., 0.]), size=array([1., 1.]), units='height', vertices=ndarray(...), win=Window(...), windingRule=None)
157.4246 	EXP 	window1: mouseVisible = True
157.4250 	EXP 	Created unnamed ShapeStim = ShapeStim(__class__=<class 'psychopy.visual.shape.ShapeStim'>, anchor=('center', 'center'), autoDraw=False, autoLog=True, closeShape=True, color=method-wrapper(...), colorSpace='rgb', contrast=None, depth=0, draggable=False, fillColor=array([-1, -1, -1]), fillColorSpace='rgb', fillRGB=array([-1, -1, -1]), interpolate=True, lineColor=array([-1, -1, -1]), lineColorSpace='rgb', lineRGB=array([-1, -1, -1]), lineWidth=1.5, name='unnamed ShapeStim', opacity=1.0, ori=253.63636363636365, pos=array([-0.29846286, -0.03572357]), size=array([1., 1.]), units='height', vertices=ndarray(...), win=Window(...), windingRule=None)
157.4251 	EXP 	window1: mouseVisible = True
157.4254 	EXP 	Created unnamed Rect = Rect(__class__=<class 'psychopy.visual.rect.Rect'>, anchor=('center', 'center'), autoDraw=False, autoLog=True, closeShape=True, color=method-wrapper(...), colorSpace='rgb', contrast=None, depth=0, draggable=False, fillColor=array([0.00392157, 0.00392157, 0.00392157]), fillColorSpace='rgb', fillRGB=array([0.00392157, 0.00392157, 0.00392157]), interpolate=True, lineColor=array([0, 0, 0]), lineColorSpace='rgb', lineRGB=array([0, 0, 0]), lineWidth=0, name='unnamed Rect', opacity=0.0, ori=0.0, pos=array([0.1, 0. ]), size=array([1.1, 1. ]), units='height', vertices=ndarray(...), win=Window(...))
157.4342 	EXP 	unnamed Rect: autoDraw = True
157.4342 	EXP 	node0: autoDraw = True
157.4342 	EXP 	unnamed ImageStim: autoDraw = True
157.4342 	EXP 	node1: autoDraw = True
157.4342 	EXP 	unnamed ImageStim: autoDraw = True
157.4342 	EXP 	node2: autoDraw = True
157.4342 	EXP 	unnamed ImageStim: autoDraw = True
157.4342 	EXP 	node3: autoDraw = True
157.4342 	EXP 	unnamed ImageStim: autoDraw = True
157.4342 	EXP 	node4: autoDraw = True
157.4342 	EXP 	unnamed ImageStim: autoDraw = True
157.4342 	EXP 	node5: autoDraw = True
157.4342 	EXP 	unnamed ImageStim: autoDraw = True
157.4342 	EXP 	node6: autoDraw = True
157.4342 	EXP 	unnamed ImageStim: autoDraw = True
157.4342 	EXP 	node7: autoDraw = True
157.4342 	EXP 	unnamed ImageStim: autoDraw = True
157.4342 	EXP 	node8: autoDraw = True
157.4342 	EXP 	unnamed ImageStim: autoDraw = True
157.4342 	EXP 	node9: autoDraw = True
157.4342 	EXP 	node10: autoDraw = True
157.4342 	EXP 	unnamed ImageStim: autoDraw = True
157.4342 	EXP 	unnamed Line: autoDraw = True
157.4342 	EXP 	unnamed Line: autoDraw = True
157.4342 	EXP 	unnamed ShapeStim: autoDraw = True
157.4342 	EXP 	unnamed Line: autoDraw = True
157.4342 	EXP 	unnamed Line: autoDraw = True
157.4342 	EXP 	unnamed ShapeStim: autoDraw = True
157.4342 	EXP 	unnamed Line: autoDraw = True
157.4342 	EXP 	unnamed Line: autoDraw = True
157.4342 	EXP 	unnamed ShapeStim: autoDraw = True
157.4342 	EXP 	unnamed Line: autoDraw = True
157.4342 	EXP 	unnamed Line: autoDraw = True
157.4342 	EXP 	unnamed ShapeStim: autoDraw = True
157.4342 	EXP 	unnamed Line: autoDraw = True
157.4342 	EXP 	unnamed Line: autoDraw = True
157.4342 	EXP 	unnamed ShapeStim: autoDraw = True
157.4342 	EXP 	unnamed Line: autoDraw = True
157.4342 	EXP 	unnamed Line: autoDraw = True
157.4342 	EXP 	unnamed ShapeStim: autoDraw = True
157.4342 	EXP 	unnamed Line: autoDraw = True
157.4342 	EXP 	unnamed Line: autoDraw = True
157.4342 	EXP 	unnamed ShapeStim: autoDraw = True
157.4342 	EXP 	unnamed Line: autoDraw = True
157.4342 	EXP 	unnamed Line: autoDraw = True
157.4342 	EXP 	unnamed ShapeStim: autoDraw = True
157.4342 	EXP 	unnamed Line: autoDraw = True
157.4342 	EXP 	unnamed Line: autoDraw = True
157.4342 	EXP 	unnamed ShapeStim: autoDraw = True
157.4342 	EXP 	unnamed Line: autoDraw = True
157.4342 	EXP 	unnamed Line: autoDraw = True
157.4342 	EXP 	unnamed ShapeStim: autoDraw = True
157.4342 	EXP 	unnamed Rect: autoDraw = True
157.4342 	EXP 	node9: fillColor = '#126DEF'
157.4413 	EXP 	node9: fillColor = '#126DEF'
157.4413 	EXP 	unnamed Line: foreColor = <psychopy.colors.Color: black, alpha=1.0>
157.4413 	EXP 	unnamed Line: borderColor = <psychopy.colors.Color: black, alpha=1.0>
157.4413 	EXP 	unnamed Line: fillColor = <psychopy.colors.Color: black, alpha=1.0>
157.4413 	EXP 	unnamed ShapeStim: foreColor = <psychopy.colors.Color: black, alpha=1.0>
157.4413 	EXP 	unnamed ShapeStim: borderColor = <psychopy.colors.Color: black, alpha=1.0>
157.4413 	EXP 	unnamed ShapeStim: fillColor = <psychopy.colors.Color: black, alpha=1.0>
157.4413 	EXP 	unnamed Line: foreColor = <psychopy.colors.Color: black, alpha=1.0>
157.4413 	EXP 	unnamed Line: borderColor = <psychopy.colors.Color: black, alpha=1.0>
157.4413 	EXP 	unnamed Line: fillColor = <psychopy.colors.Color: black, alpha=1.0>
157.4413 	EXP 	unnamed ShapeStim: foreColor = <psychopy.colors.Color: black, alpha=1.0>
157.4413 	EXP 	unnamed ShapeStim: borderColor = <psychopy.colors.Color: black, alpha=1.0>
157.4413 	EXP 	unnamed ShapeStim: fillColor = <psychopy.colors.Color: black, alpha=1.0>
157.4413 	EXP 	unnamed Line: foreColor = <psychopy.colors.Color: black, alpha=1.0>
157.4413 	EXP 	unnamed Line: borderColor = <psychopy.colors.Color: black, alpha=1.0>
157.4413 	EXP 	unnamed Line: fillColor = <psychopy.colors.Color: black, alpha=1.0>
157.4413 	EXP 	unnamed ShapeStim: foreColor = <psychopy.colors.Color: black, alpha=1.0>
157.4413 	EXP 	unnamed ShapeStim: borderColor = <psychopy.colors.Color: black, alpha=1.0>
157.4413 	EXP 	unnamed ShapeStim: fillColor = <psychopy.colors.Color: black, alpha=1.0>
157.4413 	EXP 	unnamed Line: foreColor = <psychopy.colors.Color: black, alpha=1.0>
157.4413 	EXP 	unnamed Line: borderColor = <psychopy.colors.Color: black, alpha=1.0>
157.4413 	EXP 	unnamed Line: fillColor = <psychopy.colors.Color: black, alpha=1.0>
157.4413 	EXP 	unnamed ShapeStim: foreColor = <psychopy.colors.Color: black, alpha=1.0>
157.4413 	EXP 	unnamed ShapeStim: borderColor = <psychopy.colors.Color: black, alpha=1.0>
157.4413 	EXP 	unnamed ShapeStim: fillColor = <psychopy.colors.Color: black, alpha=1.0>
157.4413 	EXP 	unnamed Line: foreColor = <psychopy.colors.Color: black, alpha=1.0>
157.4413 	EXP 	unnamed Line: borderColor = <psychopy.colors.Color: black, alpha=1.0>
157.4413 	EXP 	unnamed Line: fillColor = <psychopy.colors.Color: black, alpha=1.0>
157.4413 	EXP 	unnamed ShapeStim: foreColor = <psychopy.colors.Color: black, alpha=1.0>
157.4413 	EXP 	unnamed ShapeStim: borderColor = <psychopy.colors.Color: black, alpha=1.0>
157.4413 	EXP 	unnamed ShapeStim: fillColor = <psychopy.colors.Color: black, alpha=1.0>
157.4413 	EXP 	unnamed Line: foreColor = <psychopy.colors.Color: black, alpha=1.0>
157.4413 	EXP 	unnamed Line: borderColor = <psychopy.colors.Color: black, alpha=1.0>
157.4413 	EXP 	unnamed Line: fillColor = <psychopy.colors.Color: black, alpha=1.0>
157.4413 	EXP 	unnamed ShapeStim: foreColor = <psychopy.colors.Color: black, alpha=1.0>
157.4413 	EXP 	unnamed ShapeStim: borderColor = <psychopy.colors.Color: black, alpha=1.0>
157.4413 	EXP 	unnamed ShapeStim: fillColor = <psychopy.colors.Color: black, alpha=1.0>
157.4413 	EXP 	unnamed Line: foreColor = <psychopy.colors.Color: black, alpha=1.0>
157.4413 	EXP 	unnamed Line: borderColor = <psychopy.colors.Color: black, alpha=1.0>
157.4413 	EXP 	unnamed Line: fillColor = <psychopy.colors.Color: black, alpha=1.0>
157.4413 	EXP 	unnamed ShapeStim: foreColor = <psychopy.colors.Color: black, alpha=1.0>
157.4413 	EXP 	unnamed ShapeStim: borderColor = <psychopy.colors.Color: black, alpha=1.0>
157.4413 	EXP 	unnamed ShapeStim: fillColor = <psychopy.colors.Color: black, alpha=1.0>
157.4413 	EXP 	unnamed Line: foreColor = <psychopy.colors.Color: black, alpha=1.0>
157.4413 	EXP 	unnamed Line: borderColor = <psychopy.colors.Color: black, alpha=1.0>
157.4413 	EXP 	unnamed Line: fillColor = <psychopy.colors.Color: black, alpha=1.0>
157.4413 	EXP 	unnamed ShapeStim: foreColor = <psychopy.colors.Color: black, alpha=1.0>
157.4413 	EXP 	unnamed ShapeStim: borderColor = <psychopy.colors.Color: black, alpha=1.0>
157.4413 	EXP 	unnamed ShapeStim: fillColor = <psychopy.colors.Color: black, alpha=1.0>
157.4413 	EXP 	unnamed Line: autoDraw = False
157.4413 	EXP 	unnamed ShapeStim: autoDraw = False
157.4413 	EXP 	unnamed Line: autoDraw = True
157.4413 	EXP 	unnamed ShapeStim: autoDraw = True
157.4413 	EXP 	unnamed Line: autoDraw = False
157.4413 	EXP 	unnamed ShapeStim: autoDraw = False
157.4413 	EXP 	unnamed Line: autoDraw = True
157.4413 	EXP 	unnamed ShapeStim: autoDraw = True
157.4413 	EXP 	unnamed Line: foreColor = <psychopy.colors.Color: (1.0, 0.58, -0.87, 1.0)>
157.4413 	EXP 	unnamed Line: borderColor = <psychopy.colors.Color: (1.0, 0.58, -0.87, 1.0)>
157.4413 	EXP 	unnamed Line: fillColor = <psychopy.colors.Color: (1.0, 0.58, -0.87, 1.0)>
157.4413 	EXP 	unnamed ShapeStim: foreColor = <psychopy.colors.Color: (1.0, 0.58, -0.87, 1.0)>
157.4413 	EXP 	unnamed ShapeStim: borderColor = <psychopy.colors.Color: (1.0, 0.58, -0.87, 1.0)>
157.4413 	EXP 	unnamed ShapeStim: fillColor = <psychopy.colors.Color: (1.0, 0.58, -0.87, 1.0)>
159.1199 	DATA 	Keypress: f
159.1268 	EXP 	unnamed Line: foreColor = <psychopy.colors.Color: black, alpha=1.0>
159.1268 	EXP 	unnamed Line: borderColor = <psychopy.colors.Color: black, alpha=1.0>
159.1268 	EXP 	unnamed Line: fillColor = <psychopy.colors.Color: black, alpha=1.0>
159.1268 	EXP 	unnamed ShapeStim: foreColor = <psychopy.colors.Color: black, alpha=1.0>
159.1268 	EXP 	unnamed ShapeStim: borderColor = <psychopy.colors.Color: black, alpha=1.0>
159.1268 	EXP 	unnamed ShapeStim: fillColor = <psychopy.colors.Color: black, alpha=1.0>
159.1268 	EXP 	unnamed Line: foreColor = <psychopy.colors.Color: (1.0, 0.58, -0.87, 1.0)>
159.1268 	EXP 	unnamed Line: borderColor = <psychopy.colors.Color: (1.0, 0.58, -0.87, 1.0)>
159.1268 	EXP 	unnamed Line: fillColor = <psychopy.colors.Color: (1.0, 0.58, -0.87, 1.0)>
159.1268 	EXP 	unnamed ShapeStim: foreColor = <psychopy.colors.Color: (1.0, 0.58, -0.87, 1.0)>
159.1268 	EXP 	unnamed ShapeStim: borderColor = <psychopy.colors.Color: (1.0, 0.58, -0.87, 1.0)>
159.1268 	EXP 	unnamed ShapeStim: fillColor = <psychopy.colors.Color: (1.0, 0.58, -0.87, 1.0)>
160.0877 	DATA 	Keypress: j
160.0926 	EXP 	node3: fillColor = '#126DEF'
160.0926 	EXP 	node9: fillColor = 'white'
160.1000 	EXP 	unnamed Line: autoDraw = False
160.1000 	EXP 	unnamed ShapeStim: autoDraw = False
160.1000 	EXP 	unnamed Line: autoDraw = True
160.1000 	EXP 	unnamed ShapeStim: autoDraw = True
160.1000 	EXP 	unnamed Line: autoDraw = False
160.1000 	EXP 	unnamed ShapeStim: autoDraw = False
160.1000 	EXP 	unnamed Line: autoDraw = True
160.1000 	EXP 	unnamed ShapeStim: autoDraw = True
160.1000 	EXP 	unnamed Line: foreColor = <psychopy.colors.Color: black, alpha=1.0>
160.1000 	EXP 	unnamed Line: borderColor = <psychopy.colors.Color: black, alpha=1.0>
160.1000 	EXP 	unnamed Line: fillColor = <psychopy.colors.Color: black, alpha=1.0>
160.1000 	EXP 	unnamed ShapeStim: foreColor = <psychopy.colors.Color: black, alpha=1.0>
160.1000 	EXP 	unnamed ShapeStim: borderColor = <psychopy.colors.Color: black, alpha=1.0>
160.1000 	EXP 	unnamed ShapeStim: fillColor = <psychopy.colors.Color: black, alpha=1.0>
160.1000 	EXP 	unnamed Line: foreColor = <psychopy.colors.Color: black, alpha=1.0>
160.1000 	EXP 	unnamed Line: borderColor = <psychopy.colors.Color: black, alpha=1.0>
160.1000 	EXP 	unnamed Line: fillColor = <psychopy.colors.Color: black, alpha=1.0>
160.1000 	EXP 	unnamed ShapeStim: foreColor = <psychopy.colors.Color: black, alpha=1.0>
160.1000 	EXP 	unnamed ShapeStim: borderColor = <psychopy.colors.Color: black, alpha=1.0>
160.1000 	EXP 	unnamed ShapeStim: fillColor = <psychopy.colors.Color: black, alpha=1.0>
160.1000 	EXP 	unnamed Line: foreColor = <psychopy.colors.Color: black, alpha=1.0>
160.1000 	EXP 	unnamed Line: borderColor = <psychopy.colors.Color: black, alpha=1.0>
160.1000 	EXP 	unnamed Line: fillColor = <psychopy.colors.Color: black, alpha=1.0>
160.1000 	EXP 	unnamed ShapeStim: foreColor = <psychopy.colors.Color: black, alpha=1.0>
160.1000 	EXP 	unnamed ShapeStim: borderColor = <psychopy.colors.Color: black, alpha=1.0>
160.1000 	EXP 	unnamed ShapeStim: fillColor = <psychopy.colors.Color: black, alpha=1.0>
160.1000 	EXP 	unnamed Line: foreColor = <psychopy.colors.Color: black, alpha=1.0>
160.1000 	EXP 	unnamed Line: borderColor = <psychopy.colors.Color: black, alpha=1.0>
160.1000 	EXP 	unnamed Line: fillColor = <psychopy.colors.Color: black, alpha=1.0>
160.1000 	EXP 	unnamed ShapeStim: foreColor = <psychopy.colors.Color: black, alpha=1.0>
160.1000 	EXP 	unnamed ShapeStim: borderColor = <psychopy.colors.Color: black, alpha=1.0>
160.1000 	EXP 	unnamed ShapeStim: fillColor = <psychopy.colors.Color: black, alpha=1.0>
160.1000 	EXP 	unnamed Line: foreColor = <psychopy.colors.Color: black, alpha=1.0>
160.1000 	EXP 	unnamed Line: borderColor = <psychopy.colors.Color: black, alpha=1.0>
160.1000 	EXP 	unnamed Line: fillColor = <psychopy.colors.Color: black, alpha=1.0>
160.1000 	EXP 	unnamed ShapeStim: foreColor = <psychopy.colors.Color: black, alpha=1.0>
160.1000 	EXP 	unnamed ShapeStim: borderColor = <psychopy.colors.Color: black, alpha=1.0>
160.1000 	EXP 	unnamed ShapeStim: fillColor = <psychopy.colors.Color: black, alpha=1.0>
160.1000 	EXP 	unnamed Line: foreColor = <psychopy.colors.Color: black, alpha=1.0>
160.1000 	EXP 	unnamed Line: borderColor = <psychopy.colors.Color: black, alpha=1.0>
160.1000 	EXP 	unnamed Line: fillColor = <psychopy.colors.Color: black, alpha=1.0>
160.1000 	EXP 	unnamed ShapeStim: foreColor = <psychopy.colors.Color: black, alpha=1.0>
160.1000 	EXP 	unnamed ShapeStim: borderColor = <psychopy.colors.Color: black, alpha=1.0>
160.1000 	EXP 	unnamed ShapeStim: fillColor = <psychopy.colors.Color: black, alpha=1.0>
160.1000 	EXP 	unnamed Line: foreColor = <psychopy.colors.Color: black, alpha=1.0>
160.1000 	EXP 	unnamed Line: borderColor = <psychopy.colors.Color: black, alpha=1.0>
160.1000 	EXP 	unnamed Line: fillColor = <psychopy.colors.Color: black, alpha=1.0>
160.1000 	EXP 	unnamed ShapeStim: foreColor = <psychopy.colors.Color: black, alpha=1.0>
160.1000 	EXP 	unnamed ShapeStim: borderColor = <psychopy.colors.Color: black, alpha=1.0>
160.1000 	EXP 	unnamed ShapeStim: fillColor = <psychopy.colors.Color: black, alpha=1.0>
160.1000 	EXP 	unnamed Line: foreColor = <psychopy.colors.Color: black, alpha=1.0>
160.1000 	EXP 	unnamed Line: borderColor = <psychopy.colors.Color: black, alpha=1.0>
160.1000 	EXP 	unnamed Line: fillColor = <psychopy.colors.Color: black, alpha=1.0>
160.1000 	EXP 	unnamed ShapeStim: foreColor = <psychopy.colors.Color: black, alpha=1.0>
160.1000 	EXP 	unnamed ShapeStim: borderColor = <psychopy.colors.Color: black, alpha=1.0>
160.1000 	EXP 	unnamed ShapeStim: fillColor = <psychopy.colors.Color: black, alpha=1.0>
160.1000 	EXP 	unnamed Line: foreColor = <psychopy.colors.Color: (1.0, 0.58, -0.87, 1.0)>
160.1000 	EXP 	unnamed Line: borderColor = <psychopy.colors.Color: (1.0, 0.58, -0.87, 1.0)>
160.1000 	EXP 	unnamed Line: fillColor = <psychopy.colors.Color: (1.0, 0.58, -0.87, 1.0)>
160.1000 	EXP 	unnamed ShapeStim: foreColor = <psychopy.colors.Color: (1.0, 0.58, -0.87, 1.0)>
160.1000 	EXP 	unnamed ShapeStim: borderColor = <psychopy.colors.Color: (1.0, 0.58, -0.87, 1.0)>
160.1000 	EXP 	unnamed ShapeStim: fillColor = <psychopy.colors.Color: (1.0, 0.58, -0.87, 1.0)>
162.8957 	DATA 	Keypress: j
162.9012 	EXP 	node7: fillColor = '#126DEF'
162.9012 	EXP 	node3: fillColor = 'white'
163.6013 	EXP 	window1: mouseVisible = True
163.6028 	EXP 	Created unnamed TextStim = TextStim(__class__=<class 'psychopy.visual.text.TextStim'>, alignHoriz=method-wrapper(...), alignText='center', alignVert=method-wrapper(...), anchorHoriz='center', anchorVert='center', antialias=True, autoDraw=False, autoLog=True, bold=True, color=array([-0.88235294, -0.12156863, -0.97647059]), colorSpace='rgb', contrast=1.0, depth=0, draggable=False, flipHoriz=False, flipVert=False, font='', fontFiles=[], height=0.04, italic=False, languageStyle='LTR', name='unnamed TextStim', opacity=1.0, ori=0.0, pos=array([-0.2864375 ,  0.01018981]), rgb=UNKNOWN, text='+1', units='height', win=Window(...), wrapWidth=1)
163.6030 	EXP 	window1: mouseVisible = True
163.6042 	EXP 	Created unnamed TextStim = TextStim(__class__=<class 'psychopy.visual.text.TextStim'>, alignHoriz=method-wrapper(...), alignText='center', alignVert=method-wrapper(...), anchorHoriz='center', anchorVert='center', antialias=True, autoDraw=False, autoLog=True, bold=True, color=array([-0.88235294, -0.12156863, -0.97647059]), colorSpace='rgb', contrast=1.0, depth=0, draggable=False, flipHoriz=False, flipVert=False, font='', fontFiles=[], height=0.04, italic=False, languageStyle='LTR', name='unnamed TextStim', opacity=1.0, ori=0.0, pos=array([ 0.32451235, -0.16920126]), rgb=UNKNOWN, text='+4', units='height', win=Window(...), wrapWidth=1)
163.6088 	EXP 	node7: fillColor = 'white'
163.6088 	EXP 	unnamed ImageStim: autoDraw = True
163.6088 	EXP 	unnamed ImageStim: autoDraw = True
164.6174 	EXP 	unnamed ImageStim: autoDraw = False
164.6174 	EXP 	unnamed ImageStim: autoDraw = False
164.6174 	EXP 	unnamed Rect: autoDraw = False
164.6174 	EXP 	unnamed Rect: autoDraw = True
164.7460 	EXP 	unnamed Rect: autoDraw = False
164.7460 	EXP 	node0: autoDraw = False
164.7460 	EXP 	unnamed ImageStim: autoDraw = False
164.7460 	EXP 	node1: autoDraw = False
164.7460 	EXP 	unnamed ImageStim: autoDraw = False
164.7460 	EXP 	node2: autoDraw = False
164.7460 	EXP 	unnamed ImageStim: autoDraw = False
164.7460 	EXP 	node3: autoDraw = False
164.7460 	EXP 	unnamed ImageStim: autoDraw = False
164.7460 	EXP 	node4: autoDraw = False
164.7460 	EXP 	unnamed ImageStim: autoDraw = False
164.7460 	EXP 	node5: autoDraw = False
164.7460 	EXP 	unnamed ImageStim: autoDraw = False
164.7460 	EXP 	node6: autoDraw = False
164.7460 	EXP 	unnamed ImageStim: autoDraw = False
164.7460 	EXP 	node7: autoDraw = False
164.7460 	EXP 	unnamed ImageStim: autoDraw = False
164.7460 	EXP 	node8: autoDraw = False
164.7460 	EXP 	unnamed ImageStim: autoDraw = False
164.7460 	EXP 	node9: autoDraw = False
164.7460 	EXP 	node10: autoDraw = False
164.7460 	EXP 	unnamed ImageStim: autoDraw = False
164.7460 	EXP 	unnamed Line: autoDraw = False
164.7460 	EXP 	unnamed ShapeStim: autoDraw = False
164.7460 	EXP 	unnamed Line: autoDraw = False
164.7460 	EXP 	unnamed ShapeStim: autoDraw = False
164.7460 	EXP 	unnamed Line: autoDraw = False
164.7460 	EXP 	unnamed ShapeStim: autoDraw = False
164.7460 	EXP 	unnamed Line: autoDraw = False
164.7460 	EXP 	unnamed ShapeStim: autoDraw = False
164.7460 	EXP 	unnamed Line: autoDraw = False
164.7460 	EXP 	unnamed ShapeStim: autoDraw = False
164.7460 	EXP 	unnamed Line: autoDraw = False
164.7460 	EXP 	unnamed ShapeStim: autoDraw = False
164.7460 	EXP 	unnamed Line: autoDraw = False
164.7460 	EXP 	unnamed ShapeStim: autoDraw = False
164.7460 	EXP 	unnamed Line: autoDraw = False
164.7460 	EXP 	unnamed ShapeStim: autoDraw = False
164.7460 	EXP 	unnamed Line: autoDraw = False
164.7460 	EXP 	unnamed ShapeStim: autoDraw = False
164.7460 	EXP 	unnamed Line: autoDraw = False
164.7460 	EXP 	unnamed ShapeStim: autoDraw = False
164.7460 	EXP 	unnamed Rect: autoDraw = False
164.7546 	INFO 	Mouse: using default window
164.7546 	EXP 	window1: mouseVisible = True
164.7547 	EXP 	window1: mouseVisible = True
164.7581 	EXP 	Created unnamed TextStim = TextStim(__class__=<class 'psychopy.visual.text.TextStim'>, alignHoriz=method-wrapper(...), alignText='center', alignVert=method-wrapper(...), anchorHoriz='center', anchorVert='center', antialias=True, autoDraw=False, autoLog=True, bold=False, color=array([1, 1, 1]), colorSpace='rgb', contrast=1.0, depth=0, draggable=False, flipHoriz=False, flipVert=False, font='', fontFiles=[], height=0.035, italic=False, languageStyle='LTR', name='unnamed TextStim', opacity=1.0, ori=0.0, pos=array([0., 0.]), rgb=UNKNOWN, text='press Space to start', units='height', win=Window(...), wrapWidth=1)
165.6719 	DATA 	Keypress: space
165.6724 	EXP 	window1: mouseVisible = True
165.6728 	EXP 	Created unnamed Rect = Rect(__class__=<class 'psychopy.visual.rect.Rect'>, anchor=('center', 'center'), autoDraw=False, autoLog=True, closeShape=True, color=method-wrapper(...), colorSpace='rgb', contrast=None, depth=0, draggable=False, fillColor=array([0.00392157, 0.00392157, 0.00392157]), fillColorSpace='rgb', fillRGB=array([0.00392157, 0.00392157, 0.00392157]), interpolate=True, lineColor=array([0, 0, 0]), lineColorSpace='rgb', lineRGB=array([0, 0, 0]), lineWidth=0, name='unnamed Rect', opacity=0.5, ori=0.0, pos=array([-0.65,  0.45]), size=array([0.1, 0.1]), units='height', vertices=ndarray(...), win=Window(...))
165.6738 	EXP 	window1: mouseVisible = True
165.6758 	EXP 	Created node0 = Circle(__class__=<class 'psychopy.visual.circle.Circle'>, anchor=('center', 'center'), autoDraw=False, autoLog=True, closeShape=True, color=method-wrapper(...), colorSpace='rgb', contrast=None, depth=0, draggable=False, fillColor=array([1, 1, 1]), fillColorSpace='rgb', fillRGB=array([1, 1, 1]), interpolate=True, lineColor=array([-1, -1, -1]), lineColorSpace='rgb', lineRGB=array([-1, -1, -1]), lineWidth=2, name='node0', opacity=1.0, ori=0.0, pos=array([0.  , 0.35]), size=array([1., 1.]), units='height', vertices=ndarray(...), win=Window(...))
165.6759 	EXP 	window1: mouseVisible = True
165.6925 	EXP 	Created unnamed ImageStim = ImageStim(__class__=<class 'psychopy.visual.image.ImageStim'>, anchor=('center', 'center'), autoLog=True, color=array([1., 1., 1.]), colorSpace='rgb', contrast=1.0, depth=0, draggable=False, flipHoriz=False, flipVert=False, image='images/pattern_4.png', interpolate=False, mask=None, maskParams=None, name='unnamed ImageStim', opacity=1.0, ori=0.0, pos=array([0.  , 0.35]), size=array([0.12, 0.12]), texRes=128, units='height', win=Window(...))
165.6935 	EXP 	window1: mouseVisible = True
165.6954 	EXP 	Created node1 = Circle(__class__=<class 'psychopy.visual.circle.Circle'>, anchor=('center', 'center'), autoDraw=False, autoLog=True, closeShape=True, color=method-wrapper(...), colorSpace='rgb', contrast=None, depth=0, draggable=False, fillColor=array([1, 1, 1]), fillColorSpace='rgb', fillRGB=array([1, 1, 1]), interpolate=True, lineColor=array([-1, -1, -1]), lineColorSpace='rgb', lineRGB=array([-1, -1, -1]), lineWidth=2, name='node1', opacity=1.0, ori=0.0, pos=array([-0.18922429,  0.29443874]), size=array([1., 1.]), units='height', vertices=ndarray(...), win=Window(...))
165.6955 	EXP 	window1: mouseVisible = True
165.7118 	EXP 	Created unnamed ImageStim = ImageStim(__class__=<class 'psychopy.visual.image.ImageStim'>, anchor=('center', 'center'), autoLog=True, color=array([1., 1., 1.]), colorSpace='rgb', contrast=1.0, depth=0, draggable=False, flipHoriz=False, flipVert=False, image='images/pattern_3.png', interpolate=False, mask=None, maskParams=None, name='unnamed ImageStim', opacity=1.0, ori=0.0, pos=array([-0.18922429,  0.29443874]), size=array([0.12, 0.12]), texRes=128, units='height', win=Window(...))
165.7128 	EXP 	window1: mouseVisible = True
165.7147 	EXP 	Created node2 = Circle(__class__=<class 'psychopy.visual.circle.Circle'>, anchor=('center', 'center'), autoDraw=False, autoLog=True, closeShape=True, color=method-wrapper(...), colorSpace='rgb', contrast=None, depth=0, draggable=False, fillColor=array([1, 1, 1]), fillColorSpace='rgb', fillRGB=array([1, 1, 1]), interpolate=True, lineColor=array([-1, -1, -1]), lineColorSpace='rgb', lineRGB=array([-1, -1, -1]), lineWidth=2, name='node2', opacity=1.0, ori=0.0, pos=array([-0.3183712 ,  0.14539525]), size=array([1., 1.]), units='height', vertices=ndarray(...), win=Window(...))
165.7148 	EXP 	window1: mouseVisible = True
165.7309 	EXP 	Created unnamed ImageStim = ImageStim(__class__=<class 'psychopy.visual.image.ImageStim'>, anchor=('center', 'center'), autoLog=True, color=array([1., 1., 1.]), colorSpace='rgb', contrast=1.0, depth=0, draggable=False, flipHoriz=False, flipVert=False, image='images/pattern_4.png', interpolate=False, mask=None, maskParams=None, name='unnamed ImageStim', opacity=1.0, ori=0.0, pos=array([-0.3183712 ,  0.14539525]), size=array([0.12, 0.12]), texRes=128, units='height', win=Window(...))
165.7319 	EXP 	window1: mouseVisible = True
165.7339 	EXP 	Created node3 = Circle(__class__=<class 'psychopy.visual.circle.Circle'>, anchor=('center', 'center'), autoDraw=False, autoLog=True, closeShape=True, color=method-wrapper(...), colorSpace='rgb', contrast=None, depth=0, draggable=False, fillColor=array([1, 1, 1]), fillColorSpace='rgb', fillRGB=array([1, 1, 1]), interpolate=True, lineColor=array([-1, -1, -1]), lineColorSpace='rgb', lineRGB=array([-1, -1, -1]), lineWidth=2, name='node3', opacity=1.0, ori=0.0, pos=array([-0.3464375 , -0.04981019]), size=array([1., 1.]), units='height', vertices=ndarray(...), win=Window(...))
165.7339 	EXP 	window1: mouseVisible = True
165.7502 	EXP 	Created unnamed ImageStim = ImageStim(__class__=<class 'psychopy.visual.image.ImageStim'>, anchor=('center', 'center'), autoLog=True, color=array([1., 1., 1.]), colorSpace='rgb', contrast=1.0, depth=0, draggable=False, flipHoriz=False, flipVert=False, image='images/pattern_2.png', interpolate=False, mask=None, maskParams=None, name='unnamed ImageStim', opacity=1.0, ori=0.0, pos=array([-0.3464375 , -0.04981019]), size=array([0.12, 0.12]), texRes=128, units='height', win=Window(...))
165.7512 	EXP 	window1: mouseVisible = True
165.7531 	EXP 	Created node4 = Circle(__class__=<class 'psychopy.visual.circle.Circle'>, anchor=('center', 'center'), autoDraw=False, autoLog=True, closeShape=True, color=method-wrapper(...), colorSpace='rgb', contrast=None, depth=0, draggable=False, fillColor=array([1, 1, 1]), fillColorSpace='rgb', fillRGB=array([1, 1, 1]), interpolate=True, lineColor=array([-1, -1, -1]), lineColorSpace='rgb', lineRGB=array([-1, -1, -1]), lineWidth=2, name='node4', opacity=1.0, ori=0.0, pos=array([-0.26451235, -0.22920126]), size=array([1., 1.]), units='height', vertices=ndarray(...), win=Window(...))
165.7532 	EXP 	window1: mouseVisible = True
165.7708 	EXP 	Created unnamed ImageStim = ImageStim(__class__=<class 'psychopy.visual.image.ImageStim'>, anchor=('center', 'center'), autoLog=True, color=array([1., 1., 1.]), colorSpace='rgb', contrast=1.0, depth=0, draggable=False, flipHoriz=False, flipVert=False, image='images/pattern_8.png', interpolate=False, mask=None, maskParams=None, name='unnamed ImageStim', opacity=1.0, ori=0.0, pos=array([-0.26451235, -0.22920126]), size=array([0.12, 0.12]), texRes=128, units='height', win=Window(...))
165.7718 	EXP 	window1: mouseVisible = True
165.7737 	EXP 	Created node5 = Circle(__class__=<class 'psychopy.visual.circle.Circle'>, anchor=('center', 'center'), autoDraw=False, autoLog=True, closeShape=True, color=method-wrapper(...), colorSpace='rgb', contrast=None, depth=0, draggable=False, fillColor=array([1, 1, 1]), fillColorSpace='rgb', fillRGB=array([1, 1, 1]), interpolate=True, lineColor=array([-1, -1, -1]), lineColorSpace='rgb', lineRGB=array([-1, -1, -1]), lineWidth=2, name='node5', opacity=1.0, ori=0.0, pos=array([-0.09860639, -0.33582254]), size=array([1., 1.]), units='height', vertices=ndarray(...), win=Window(...))
165.7738 	EXP 	window1: mouseVisible = True
165.7902 	EXP 	Created unnamed ImageStim = ImageStim(__class__=<class 'psychopy.visual.image.ImageStim'>, anchor=('center', 'center'), autoLog=True, color=array([1., 1., 1.]), colorSpace='rgb', contrast=1.0, depth=0, draggable=False, flipHoriz=False, flipVert=False, image='images/pattern_1.png', interpolate=False, mask=None, maskParams=None, name='unnamed ImageStim', opacity=1.0, ori=0.0, pos=array([-0.09860639, -0.33582254]), size=array([0.12, 0.12]), texRes=128, units='height', win=Window(...))
165.7912 	EXP 	window1: mouseVisible = True
165.7931 	EXP 	Created node6 = Circle(__class__=<class 'psychopy.visual.circle.Circle'>, anchor=('center', 'center'), autoDraw=False, autoLog=True, closeShape=True, color=method-wrapper(...), colorSpace='rgb', contrast=None, depth=0, draggable=False, fillColor=array([1, 1, 1]), fillColorSpace='rgb', fillRGB=array([1, 1, 1]), interpolate=True, lineColor=array([-1, -1, -1]), lineColorSpace='rgb', lineRGB=array([-1, -1, -1]), lineWidth=2, name='node6', opacity=1.0, ori=0.0, pos=array([ 0.09860639, -0.33582254]), size=array([1., 1.]), units='height', vertices=ndarray(...), win=Window(...))
165.7931 	EXP 	window1: mouseVisible = True
165.8107 	EXP 	Created unnamed ImageStim = ImageStim(__class__=<class 'psychopy.visual.image.ImageStim'>, anchor=('center', 'center'), autoLog=True, color=array([1., 1., 1.]), colorSpace='rgb', contrast=1.0, depth=0, draggable=False, flipHoriz=False, flipVert=False, image='images/pattern_8.png', interpolate=False, mask=None, maskParams=None, name='unnamed ImageStim', opacity=1.0, ori=0.0, pos=array([ 0.09860639, -0.33582254]), size=array([0.12, 0.12]), texRes=128, units='height', win=Window(...))
165.8117 	EXP 	window1: mouseVisible = True
165.8136 	EXP 	Created node7 = Circle(__class__=<class 'psychopy.visual.circle.Circle'>, anchor=('center', 'center'), autoDraw=False, autoLog=True, closeShape=True, color=method-wrapper(...), colorSpace='rgb', contrast=None, depth=0, draggable=False, fillColor=array([1, 1, 1]), fillColorSpace='rgb', fillRGB=array([1, 1, 1]), interpolate=True, lineColor=array([-1, -1, -1]), lineColorSpace='rgb', lineRGB=array([-1, -1, -1]), lineWidth=2, name='node7', opacity=1.0, ori=0.0, pos=array([ 0.26451235, -0.22920126]), size=array([1., 1.]), units='height', vertices=ndarray(...), win=Window(...))
165.8136 	EXP 	window1: mouseVisible = True
165.8302 	EXP 	Created unnamed ImageStim = ImageStim(__class__=<class 'psychopy.visual.image.ImageStim'>, anchor=('center', 'center'), autoLog=True, color=array([1., 1., 1.]), colorSpace='rgb', contrast=1.0, depth=0, draggable=False, flipHoriz=False, flipVert=False, image='images/pattern_5.png', interpolate=False, mask=None, maskParams=None, name='unnamed ImageStim', opacity=1.0, ori=0.0, pos=array([ 0.26451235, -0.22920126]), size=array([0.12, 0.12]), texRes=128, units='height', win=Window(...))
165.8312 	EXP 	window1: mouseVisible = True
165.8331 	EXP 	Created node8 = Circle(__class__=<class 'psychopy.visual.circle.Circle'>, anchor=('center', 'center'), autoDraw=False, autoLog=True, closeShape=True, color=method-wrapper(...), colorSpace='rgb', contrast=None, depth=0, draggable=False, fillColor=array([1, 1, 1]), fillColorSpace='rgb', fillRGB=array([1, 1, 1]), interpolate=True, lineColor=array([-1, -1, -1]), lineColorSpace='rgb', lineRGB=array([-1, -1, -1]), lineWidth=2, name='node8', opacity=1.0, ori=0.0, pos=array([ 0.3464375 , -0.04981019]), size=array([1., 1.]), units='height', vertices=ndarray(...), win=Window(...))
165.8332 	EXP 	window1: mouseVisible = True
165.8494 	EXP 	Created unnamed ImageStim = ImageStim(__class__=<class 'psychopy.visual.image.ImageStim'>, anchor=('center', 'center'), autoLog=True, color=array([1., 1., 1.]), colorSpace='rgb', contrast=1.0, depth=0, draggable=False, flipHoriz=False, flipVert=False, image='images/pattern_6.png', interpolate=False, mask=None, maskParams=None, name='unnamed ImageStim', opacity=1.0, ori=0.0, pos=array([ 0.3464375 , -0.04981019]), size=array([0.12, 0.12]), texRes=128, units='height', win=Window(...))
165.8504 	EXP 	window1: mouseVisible = True
165.8523 	EXP 	Created node9 = Circle(__class__=<class 'psychopy.visual.circle.Circle'>, anchor=('center', 'center'), autoDraw=False, autoLog=True, closeShape=True, color=method-wrapper(...), colorSpace='rgb', contrast=None, depth=0, draggable=False, fillColor=array([1, 1, 1]), fillColorSpace='rgb', fillRGB=array([1, 1, 1]), interpolate=True, lineColor=array([-1, -1, -1]), lineColorSpace='rgb', lineRGB=array([-1, -1, -1]), lineWidth=2, name='node9', opacity=1.0, ori=0.0, pos=array([0.3183712 , 0.14539525]), size=array([1., 1.]), units='height', vertices=ndarray(...), win=Window(...))
165.8533 	EXP 	window1: mouseVisible = True
165.8552 	EXP 	Created node10 = Circle(__class__=<class 'psychopy.visual.circle.Circle'>, anchor=('center', 'center'), autoDraw=False, autoLog=True, closeShape=True, color=method-wrapper(...), colorSpace='rgb', contrast=None, depth=0, draggable=False, fillColor=array([1, 1, 1]), fillColorSpace='rgb', fillRGB=array([1, 1, 1]), interpolate=True, lineColor=array([-1, -1, -1]), lineColorSpace='rgb', lineRGB=array([-1, -1, -1]), lineWidth=2, name='node10', opacity=1.0, ori=0.0, pos=array([0.18922429, 0.29443874]), size=array([1., 1.]), units='height', vertices=ndarray(...), win=Window(...))
165.8552 	EXP 	window1: mouseVisible = True
165.8715 	EXP 	Created unnamed ImageStim = ImageStim(__class__=<class 'psychopy.visual.image.ImageStim'>, anchor=('center', 'center'), autoLog=True, color=array([1., 1., 1.]), colorSpace='rgb', contrast=1.0, depth=0, draggable=False, flipHoriz=False, flipVert=False, image='images/pattern_3.png', interpolate=False, mask=None, maskParams=None, name='unnamed ImageStim', opacity=1.0, ori=0.0, pos=array([0.18922429, 0.29443874]), size=array([0.12, 0.12]), texRes=128, units='height', win=Window(...))
165.8716 	EXP 	window1: mouseVisible = True
165.8720 	EXP 	Created unnamed Line = Line(__class__=<class 'psychopy.visual.line.Line'>, anchor=('center', 'center'), autoDraw=False, autoLog=True, closeShape=False, color=array([-1, -1, -1]), colorSpace='rgb', contrast=None, depth=2, draggable=False, fillColor=array([0, 0, 0]), fillColorSpace='rgb', fillRGB=array([0, 0, 0]), interpolate=True, lineColor=array([-1, -1, -1]), lineColorSpace='rgb', lineRGB=array([-1, -1, -1]), lineWidth=4, name='unnamed Line', opacity=0.5, ori=0.0, pos=array([0., 0.]), size=array([1., 1.]), units='height', vertices=ndarray(...), win=Window(...), windingRule=None)
165.8721 	EXP 	window1: mouseVisible = True
165.8725 	EXP 	Created unnamed ShapeStim = ShapeStim(__class__=<class 'psychopy.visual.shape.ShapeStim'>, anchor=('center', 'center'), autoDraw=False, autoLog=True, closeShape=True, color=method-wrapper(...), colorSpace='rgb', contrast=None, depth=0, draggable=False, fillColor=array([-1, -1, -1]), fillColorSpace='rgb', fillRGB=array([-1, -1, -1]), interpolate=True, lineColor=array([-1, -1, -1]), lineColorSpace='rgb', lineRGB=array([-1, -1, -1]), lineWidth=1.5, name='unnamed ShapeStim', opacity=1.0, ori=89.99999999999999, pos=array([0.13922429, 0.29443874]), size=array([1., 1.]), units='height', vertices=ndarray(...), win=Window(...), windingRule=None)
165.8725 	EXP 	window1: mouseVisible = True
165.8729 	EXP 	Created unnamed Line = Line(__class__=<class 'psychopy.visual.line.Line'>, anchor=('center', 'center'), autoDraw=False, autoLog=True, closeShape=False, color=array([-1, -1, -1]), colorSpace='rgb', contrast=None, depth=2, draggable=False, fillColor=array([0, 0, 0]), fillColorSpace='rgb', fillRGB=array([0, 0, 0]), interpolate=True, lineColor=array([-1, -1, -1]), lineColorSpace='rgb', lineRGB=array([-1, -1, -1]), lineWidth=4, name='unnamed Line', opacity=0.5, ori=0.0, pos=array([0., 0.]), size=array([1., 1.]), units='height', vertices=ndarray(...), win=Window(...), windingRule=None)
165.8729 	EXP 	window1: mouseVisible = True
165.8733 	EXP 	Created unnamed ShapeStim = ShapeStim(__class__=<class 'psychopy.visual.shape.ShapeStim'>, anchor=('center', 'center'), autoDraw=False, autoLog=True, closeShape=True, color=method-wrapper(...), colorSpace='rgb', contrast=None, depth=0, draggable=False, fillColor=array([-1, -1, -1]), fillColorSpace='rgb', fillRGB=array([-1, -1, -1]), interpolate=True, lineColor=array([-1, -1, -1]), lineColorSpace='rgb', lineRGB=array([-1, -1, -1]), lineWidth=1.5, name='unnamed ShapeStim', opacity=1.0, ori=139.09090909090912, pos=array([ 0.23176931, -0.19141378]), size=array([1., 1.]), units='height', vertices=ndarray(...), win=Window(...), windingRule=None)
165.8733 	EXP 	window1: mouseVisible = True
165.8737 	EXP 	Created unnamed Line = Line(__class__=<class 'psychopy.visual.line.Line'>, anchor=('center', 'center'), autoDraw=False, autoLog=True, closeShape=False, color=array([-1, -1, -1]), colorSpace='rgb', contrast=None, depth=2, draggable=False, fillColor=array([0, 0, 0]), fillColorSpace='rgb', fillRGB=array([0, 0, 0]), interpolate=True, lineColor=array([-1, -1, -1]), lineColorSpace='rgb', lineRGB=array([-1, -1, -1]), lineWidth=4, name='unnamed Line', opacity=0.5, ori=0.0, pos=array([0., 0.]), size=array([1., 1.]), units='height', vertices=ndarray(...), win=Window(...), windingRule=None)
165.8738 	EXP 	window1: mouseVisible = True
165.8741 	EXP 	Created unnamed ShapeStim = ShapeStim(__class__=<class 'psychopy.visual.shape.ShapeStim'>, anchor=('center', 'center'), autoDraw=False, autoLog=True, closeShape=True, color=method-wrapper(...), colorSpace='rgb', contrast=None, depth=0, draggable=False, fillColor=array([-1, -1, -1]), fillColorSpace='rgb', fillRGB=array([-1, -1, -1]), interpolate=True, lineColor=array([-1, -1, -1]), lineColorSpace='rgb', lineRGB=array([-1, -1, -1]), lineWidth=1.5, name='unnamed ShapeStim', opacity=1.0, ori=188.1818181818182, pos=array([-3.39321763e-01, -3.19121302e-04]), size=array([1., 1.]), units='height', vertices=ndarray(...), win=Window(...), windingRule=None)
165.8742 	EXP 	window1: mouseVisible = True
165.8745 	EXP 	Created unnamed Line = Line(__class__=<class 'psychopy.visual.line.Line'>, anchor=('center', 'center'), autoDraw=False, autoLog=True, closeShape=False, color=array([-1, -1, -1]), colorSpace='rgb', contrast=None, depth=2, draggable=False, fillColor=array([0, 0, 0]), fillColorSpace='rgb', fillRGB=array([0, 0, 0]), interpolate=True, lineColor=array([-1, -1, -1]), lineColorSpace='rgb', lineRGB=array([-1, -1, -1]), lineWidth=4, name='unnamed Line', opacity=0.5, ori=0.0, pos=array([0., 0.]), size=array([1., 1.]), units='height', vertices=ndarray(...), win=Window(...), windingRule=None)
165.8746 	EXP 	window1: mouseVisible = True
165.8749 	EXP 	Created unnamed ShapeStim = ShapeStim(__class__=<class 'psychopy.visual.shape.ShapeStim'>, anchor=('center', 'center'), autoDraw=False, autoLog=True, closeShape=True, color=method-wrapper(...), colorSpace='rgb', contrast=None, depth=0, draggable=False, fillColor=array([-1, -1, -1]), fillColorSpace='rgb', fillRGB=array([-1, -1, -1]), interpolate=True, lineColor=array([-1, -1, -1]), lineColorSpace='rgb', lineRGB=array([-1, -1, -1]), lineWidth=1.5, name='unnamed ShapeStim', opacity=1.0, ori=139.0909090909091, pos=array([ 0.06586336, -0.29803506]), size=array([1., 1.]), units='height', vertices=ndarray(...), win=Window(...), windingRule=None)
165.8750 	EXP 	window1: mouseVisible = True
165.8754 	EXP 	Created unnamed Line = Line(__class__=<class 'psychopy.visual.line.Line'>, anchor=('center', 'center'), autoDraw=False, autoLog=True, closeShape=False, color=array([-1, -1, -1]), colorSpace='rgb', contrast=None, depth=2, draggable=False, fillColor=array([0, 0, 0]), fillColorSpace='rgb', fillRGB=array([0, 0, 0]), interpolate=True, lineColor=array([-1, -1, -1]), lineColorSpace='rgb', lineRGB=array([-1, -1, -1]), lineWidth=4, name='unnamed Line', opacity=0.5, ori=0.0, pos=array([0., 0.]), size=array([1., 1.]), units='height', vertices=ndarray(...), win=Window(...), windingRule=None)
165.8754 	EXP 	window1: mouseVisible = True
165.8758 	EXP 	Created unnamed ShapeStim = ShapeStim(__class__=<class 'psychopy.visual.shape.ShapeStim'>, anchor=('center', 'center'), autoDraw=False, autoLog=True, closeShape=True, color=method-wrapper(...), colorSpace='rgb', contrast=None, depth=0, draggable=False, fillColor=array([-1, -1, -1]), fillColorSpace='rgb', fillRGB=array([-1, -1, -1]), interpolate=True, lineColor=array([-1, -1, -1]), lineColorSpace='rgb', lineRGB=array([-1, -1, -1]), lineWidth=1.5, name='unnamed ShapeStim', opacity=1.0, ori=122.72727272727275, pos=array([ 0.05654372, -0.3087905 ]), size=array([1., 1.]), units='height', vertices=ndarray(...), win=Window(...), windingRule=None)
165.8758 	EXP 	window1: mouseVisible = True
165.8762 	EXP 	Created unnamed Line = Line(__class__=<class 'psychopy.visual.line.Line'>, anchor=('center', 'center'), autoDraw=False, autoLog=True, closeShape=False, color=array([-1, -1, -1]), colorSpace='rgb', contrast=None, depth=2, draggable=False, fillColor=array([0, 0, 0]), fillColorSpace='rgb', fillRGB=array([0, 0, 0]), interpolate=True, lineColor=array([-1, -1, -1]), lineColorSpace='rgb', lineRGB=array([-1, -1, -1]), lineWidth=4, name='unnamed Line', opacity=0.5, ori=0.0, pos=array([0., 0.]), size=array([1., 1.]), units='height', vertices=ndarray(...), win=Window(...), windingRule=None)
165.8762 	EXP 	window1: mouseVisible = True
165.8766 	EXP 	Created unnamed ShapeStim = ShapeStim(__class__=<class 'psychopy.visual.shape.ShapeStim'>, anchor=('center', 'center'), autoDraw=False, autoLog=True, closeShape=True, color=method-wrapper(...), colorSpace='rgb', contrast=None, depth=0, draggable=False, fillColor=array([-1, -1, -1]), fillColorSpace='rgb', fillRGB=array([-1, -1, -1]), interpolate=True, lineColor=array([-1, -1, -1]), lineColorSpace='rgb', lineRGB=array([-1, -1, -1]), lineWidth=1.5, name='unnamed ShapeStim', opacity=1.0, ori=40.909090909090914, pos=array([-0.03274304,  0.31221252]), size=array([1., 1.]), units='height', vertices=ndarray(...), win=Window(...), windingRule=None)
165.8766 	EXP 	window1: mouseVisible = True
165.8770 	EXP 	Created unnamed Line = Line(__class__=<class 'psychopy.visual.line.Line'>, anchor=('center', 'center'), autoDraw=False, autoLog=True, closeShape=False, color=array([-1, -1, -1]), colorSpace='rgb', contrast=None, depth=2, draggable=False, fillColor=array([0, 0, 0]), fillColorSpace='rgb', fillRGB=array([0, 0, 0]), interpolate=True, lineColor=array([-1, -1, -1]), lineColorSpace='rgb', lineRGB=array([-1, -1, -1]), lineWidth=4, name='unnamed Line', opacity=0.5, ori=0.0, pos=array([0., 0.]), size=array([1., 1.]), units='height', vertices=ndarray(...), win=Window(...), windingRule=None)
165.8770 	EXP 	window1: mouseVisible = True
165.8774 	EXP 	Created unnamed ShapeStim = ShapeStim(__class__=<class 'psychopy.visual.shape.ShapeStim'>, anchor=('center', 'center'), autoDraw=False, autoLog=True, closeShape=True, color=method-wrapper(...), colorSpace='rgb', contrast=None, depth=0, draggable=False, fillColor=array([-1, -1, -1]), fillColorSpace='rgb', fillRGB=array([-1, -1, -1]), interpolate=True, lineColor=array([-1, -1, -1]), lineColorSpace='rgb', lineRGB=array([-1, -1, -1]), lineWidth=1.5, name='unnamed ShapeStim', opacity=1.0, ori=-57.27272727272728, pos=array([-0.22244967, -0.2562333 ]), size=array([1., 1.]), units='height', vertices=ndarray(...), win=Window(...), windingRule=None)
165.8774 	EXP 	window1: mouseVisible = True
165.8778 	EXP 	Created unnamed Line = Line(__class__=<class 'psychopy.visual.line.Line'>, anchor=('center', 'center'), autoDraw=False, autoLog=True, closeShape=False, color=array([-1, -1, -1]), colorSpace='rgb', contrast=None, depth=2, draggable=False, fillColor=array([0, 0, 0]), fillColorSpace='rgb', fillRGB=array([0, 0, 0]), interpolate=True, lineColor=array([-1, -1, -1]), lineColorSpace='rgb', lineRGB=array([-1, -1, -1]), lineWidth=4, name='unnamed Line', opacity=0.5, ori=0.0, pos=array([0., 0.]), size=array([1., 1.]), units='height', vertices=ndarray(...), win=Window(...), windingRule=None)
165.8778 	EXP 	window1: mouseVisible = True
165.8782 	EXP 	Created unnamed ShapeStim = ShapeStim(__class__=<class 'psychopy.visual.shape.ShapeStim'>, anchor=('center', 'center'), autoDraw=False, autoLog=True, closeShape=True, color=method-wrapper(...), colorSpace='rgb', contrast=None, depth=0, draggable=False, fillColor=array([-1, -1, -1]), fillColorSpace='rgb', fillRGB=array([-1, -1, -1]), interpolate=True, lineColor=array([-1, -1, -1]), lineColorSpace='rgb', lineRGB=array([-1, -1, -1]), lineWidth=1.5, name='unnamed ShapeStim', opacity=1.0, ori=57.27272727272728, pos=array([ 0.30437483, -0.07684223]), size=array([1., 1.]), units='height', vertices=ndarray(...), win=Window(...), windingRule=None)
165.8782 	EXP 	window1: mouseVisible = True
165.8786 	EXP 	Created unnamed Line = Line(__class__=<class 'psychopy.visual.line.Line'>, anchor=('center', 'center'), autoDraw=False, autoLog=True, closeShape=False, color=array([-1, -1, -1]), colorSpace='rgb', contrast=None, depth=2, draggable=False, fillColor=array([0, 0, 0]), fillColorSpace='rgb', fillRGB=array([0, 0, 0]), interpolate=True, lineColor=array([-1, -1, -1]), lineColorSpace='rgb', lineRGB=array([-1, -1, -1]), lineWidth=4, name='unnamed Line', opacity=0.5, ori=0.0, pos=array([0., 0.]), size=array([1., 1.]), units='height', vertices=ndarray(...), win=Window(...), windingRule=None)
165.8786 	EXP 	window1: mouseVisible = True
165.8790 	EXP 	Created unnamed ShapeStim = ShapeStim(__class__=<class 'psychopy.visual.shape.ShapeStim'>, anchor=('center', 'center'), autoDraw=False, autoLog=True, closeShape=True, color=method-wrapper(...), colorSpace='rgb', contrast=None, depth=0, draggable=False, fillColor=array([-1, -1, -1]), fillColorSpace='rgb', fillRGB=array([-1, -1, -1]), interpolate=True, lineColor=array([-1, -1, -1]), lineColorSpace='rgb', lineRGB=array([-1, -1, -1]), lineWidth=1.5, name='unnamed ShapeStim', opacity=1.0, ori=-73.63636363636365, pos=array([-0.14124964,  0.28035211]), size=array([1., 1.]), units='height', vertices=ndarray(...), win=Window(...), windingRule=None)
165.8790 	EXP 	window1: mouseVisible = True
165.8794 	EXP 	Created unnamed Line = Line(__class__=<class 'psychopy.visual.line.Line'>, anchor=('center', 'center'), autoDraw=False, autoLog=True, closeShape=False, color=array([-1, -1, -1]), colorSpace='rgb', contrast=None, depth=2, draggable=False, fillColor=array([0, 0, 0]), fillColorSpace='rgb', fillRGB=array([0, 0, 0]), interpolate=True, lineColor=array([-1, -1, -1]), lineColorSpace='rgb', lineRGB=array([-1, -1, -1]), lineWidth=4, name='unnamed Line', opacity=0.5, ori=0.0, pos=array([0., 0.]), size=array([1., 1.]), units='height', vertices=ndarray(...), win=Window(...), windingRule=None)
165.8794 	EXP 	window1: mouseVisible = True
165.8799 	EXP 	Created unnamed ShapeStim = ShapeStim(__class__=<class 'psychopy.visual.shape.ShapeStim'>, anchor=('center', 'center'), autoDraw=False, autoLog=True, closeShape=True, color=method-wrapper(...), colorSpace='rgb', contrast=None, depth=0, draggable=False, fillColor=array([-1, -1, -1]), fillColorSpace='rgb', fillRGB=array([-1, -1, -1]), interpolate=True, lineColor=array([-1, -1, -1]), lineColorSpace='rgb', lineRGB=array([-1, -1, -1]), lineWidth=1.5, name='unnamed ShapeStim', opacity=1.0, ori=220.90909090909093, pos=array([-0.06586336, -0.29803506]), size=array([1., 1.]), units='height', vertices=ndarray(...), win=Window(...), windingRule=None)
165.8799 	EXP 	window1: mouseVisible = True
165.8802 	EXP 	Created unnamed Rect = Rect(__class__=<class 'psychopy.visual.rect.Rect'>, anchor=('center', 'center'), autoDraw=False, autoLog=True, closeShape=True, color=method-wrapper(...), colorSpace='rgb', contrast=None, depth=0, draggable=False, fillColor=array([0.00392157, 0.00392157, 0.00392157]), fillColorSpace='rgb', fillRGB=array([0.00392157, 0.00392157, 0.00392157]), interpolate=True, lineColor=array([0, 0, 0]), lineColorSpace='rgb', lineRGB=array([0, 0, 0]), lineWidth=0, name='unnamed Rect', opacity=0.0, ori=0.0, pos=array([0.1, 0. ]), size=array([1.1, 1. ]), units='height', vertices=ndarray(...), win=Window(...))
165.8868 	EXP 	unnamed Rect: autoDraw = True
165.8868 	EXP 	node0: autoDraw = True
165.8868 	EXP 	unnamed ImageStim: autoDraw = True
165.8868 	EXP 	node1: autoDraw = True
165.8868 	EXP 	unnamed ImageStim: autoDraw = True
165.8868 	EXP 	node2: autoDraw = True
165.8868 	EXP 	unnamed ImageStim: autoDraw = True
165.8868 	EXP 	node3: autoDraw = True
165.8868 	EXP 	unnamed ImageStim: autoDraw = True
165.8868 	EXP 	node4: autoDraw = True
165.8868 	EXP 	unnamed ImageStim: autoDraw = True
165.8868 	EXP 	node5: autoDraw = True
165.8868 	EXP 	unnamed ImageStim: autoDraw = True
165.8868 	EXP 	node6: autoDraw = True
165.8868 	EXP 	unnamed ImageStim: autoDraw = True
165.8868 	EXP 	node7: autoDraw = True
165.8868 	EXP 	unnamed ImageStim: autoDraw = True
165.8868 	EXP 	node8: autoDraw = True
165.8868 	EXP 	unnamed ImageStim: autoDraw = True
165.8868 	EXP 	node9: autoDraw = True
165.8868 	EXP 	node10: autoDraw = True
165.8868 	EXP 	unnamed ImageStim: autoDraw = True
165.8868 	EXP 	unnamed Line: autoDraw = True
165.8868 	EXP 	unnamed Line: autoDraw = True
165.8868 	EXP 	unnamed ShapeStim: autoDraw = True
165.8868 	EXP 	unnamed Line: autoDraw = True
165.8868 	EXP 	unnamed Line: autoDraw = True
165.8868 	EXP 	unnamed ShapeStim: autoDraw = True
165.8868 	EXP 	unnamed Line: autoDraw = True
165.8868 	EXP 	unnamed Line: autoDraw = True
165.8868 	EXP 	unnamed ShapeStim: autoDraw = True
165.8868 	EXP 	unnamed Line: autoDraw = True
165.8868 	EXP 	unnamed Line: autoDraw = True
165.8868 	EXP 	unnamed ShapeStim: autoDraw = True
165.8868 	EXP 	unnamed Line: autoDraw = True
165.8868 	EXP 	unnamed Line: autoDraw = True
165.8868 	EXP 	unnamed ShapeStim: autoDraw = True
165.8868 	EXP 	unnamed Line: autoDraw = True
165.8868 	EXP 	unnamed Line: autoDraw = True
165.8868 	EXP 	unnamed ShapeStim: autoDraw = True
165.8868 	EXP 	unnamed Line: autoDraw = True
165.8868 	EXP 	unnamed Line: autoDraw = True
165.8868 	EXP 	unnamed ShapeStim: autoDraw = True
165.8868 	EXP 	unnamed Line: autoDraw = True
165.8868 	EXP 	unnamed Line: autoDraw = True
165.8868 	EXP 	unnamed ShapeStim: autoDraw = True
165.8868 	EXP 	unnamed Line: autoDraw = True
165.8868 	EXP 	unnamed Line: autoDraw = True
165.8868 	EXP 	unnamed ShapeStim: autoDraw = True
165.8868 	EXP 	unnamed Line: autoDraw = True
165.8868 	EXP 	unnamed Line: autoDraw = True
165.8868 	EXP 	unnamed ShapeStim: autoDraw = True
165.8868 	EXP 	unnamed Rect: autoDraw = True
165.8868 	EXP 	node9: fillColor = '#126DEF'
165.8926 	EXP 	node9: fillColor = '#126DEF'
165.8926 	EXP 	unnamed Line: foreColor = <psychopy.colors.Color: black, alpha=1.0>
165.8926 	EXP 	unnamed Line: borderColor = <psychopy.colors.Color: black, alpha=1.0>
165.8926 	EXP 	unnamed Line: fillColor = <psychopy.colors.Color: black, alpha=1.0>
165.8926 	EXP 	unnamed ShapeStim: foreColor = <psychopy.colors.Color: black, alpha=1.0>
165.8926 	EXP 	unnamed ShapeStim: borderColor = <psychopy.colors.Color: black, alpha=1.0>
165.8926 	EXP 	unnamed ShapeStim: fillColor = <psychopy.colors.Color: black, alpha=1.0>
165.8926 	EXP 	unnamed Line: foreColor = <psychopy.colors.Color: black, alpha=1.0>
165.8926 	EXP 	unnamed Line: borderColor = <psychopy.colors.Color: black, alpha=1.0>
165.8926 	EXP 	unnamed Line: fillColor = <psychopy.colors.Color: black, alpha=1.0>
165.8926 	EXP 	unnamed ShapeStim: foreColor = <psychopy.colors.Color: black, alpha=1.0>
165.8926 	EXP 	unnamed ShapeStim: borderColor = <psychopy.colors.Color: black, alpha=1.0>
165.8926 	EXP 	unnamed ShapeStim: fillColor = <psychopy.colors.Color: black, alpha=1.0>
165.8926 	EXP 	unnamed Line: foreColor = <psychopy.colors.Color: black, alpha=1.0>
165.8926 	EXP 	unnamed Line: borderColor = <psychopy.colors.Color: black, alpha=1.0>
165.8926 	EXP 	unnamed Line: fillColor = <psychopy.colors.Color: black, alpha=1.0>
165.8926 	EXP 	unnamed ShapeStim: foreColor = <psychopy.colors.Color: black, alpha=1.0>
165.8926 	EXP 	unnamed ShapeStim: borderColor = <psychopy.colors.Color: black, alpha=1.0>
165.8926 	EXP 	unnamed ShapeStim: fillColor = <psychopy.colors.Color: black, alpha=1.0>
165.8926 	EXP 	unnamed Line: foreColor = <psychopy.colors.Color: black, alpha=1.0>
165.8926 	EXP 	unnamed Line: borderColor = <psychopy.colors.Color: black, alpha=1.0>
165.8926 	EXP 	unnamed Line: fillColor = <psychopy.colors.Color: black, alpha=1.0>
165.8926 	EXP 	unnamed ShapeStim: foreColor = <psychopy.colors.Color: black, alpha=1.0>
165.8926 	EXP 	unnamed ShapeStim: borderColor = <psychopy.colors.Color: black, alpha=1.0>
165.8926 	EXP 	unnamed ShapeStim: fillColor = <psychopy.colors.Color: black, alpha=1.0>
165.8926 	EXP 	unnamed Line: foreColor = <psychopy.colors.Color: black, alpha=1.0>
165.8926 	EXP 	unnamed Line: borderColor = <psychopy.colors.Color: black, alpha=1.0>
165.8926 	EXP 	unnamed Line: fillColor = <psychopy.colors.Color: black, alpha=1.0>
165.8926 	EXP 	unnamed ShapeStim: foreColor = <psychopy.colors.Color: black, alpha=1.0>
165.8926 	EXP 	unnamed ShapeStim: borderColor = <psychopy.colors.Color: black, alpha=1.0>
165.8926 	EXP 	unnamed ShapeStim: fillColor = <psychopy.colors.Color: black, alpha=1.0>
165.8926 	EXP 	unnamed Line: foreColor = <psychopy.colors.Color: black, alpha=1.0>
165.8926 	EXP 	unnamed Line: borderColor = <psychopy.colors.Color: black, alpha=1.0>
165.8926 	EXP 	unnamed Line: fillColor = <psychopy.colors.Color: black, alpha=1.0>
165.8926 	EXP 	unnamed ShapeStim: foreColor = <psychopy.colors.Color: black, alpha=1.0>
165.8926 	EXP 	unnamed ShapeStim: borderColor = <psychopy.colors.Color: black, alpha=1.0>
165.8926 	EXP 	unnamed ShapeStim: fillColor = <psychopy.colors.Color: black, alpha=1.0>
165.8926 	EXP 	unnamed Line: foreColor = <psychopy.colors.Color: black, alpha=1.0>
165.8926 	EXP 	unnamed Line: borderColor = <psychopy.colors.Color: black, alpha=1.0>
165.8926 	EXP 	unnamed Line: fillColor = <psychopy.colors.Color: black, alpha=1.0>
165.8926 	EXP 	unnamed ShapeStim: foreColor = <psychopy.colors.Color: black, alpha=1.0>
165.8926 	EXP 	unnamed ShapeStim: borderColor = <psychopy.colors.Color: black, alpha=1.0>
165.8926 	EXP 	unnamed ShapeStim: fillColor = <psychopy.colors.Color: black, alpha=1.0>
165.8926 	EXP 	unnamed Line: foreColor = <psychopy.colors.Color: black, alpha=1.0>
165.8926 	EXP 	unnamed Line: borderColor = <psychopy.colors.Color: black, alpha=1.0>
165.8926 	EXP 	unnamed Line: fillColor = <psychopy.colors.Color: black, alpha=1.0>
165.8926 	EXP 	unnamed ShapeStim: foreColor = <psychopy.colors.Color: black, alpha=1.0>
165.8926 	EXP 	unnamed ShapeStim: borderColor = <psychopy.colors.Color: black, alpha=1.0>
165.8926 	EXP 	unnamed ShapeStim: fillColor = <psychopy.colors.Color: black, alpha=1.0>
165.8926 	EXP 	unnamed Line: autoDraw = False
165.8926 	EXP 	unnamed ShapeStim: autoDraw = False
165.8926 	EXP 	unnamed Line: autoDraw = True
165.8926 	EXP 	unnamed ShapeStim: autoDraw = True
165.8926 	EXP 	unnamed Line: autoDraw = False
165.8926 	EXP 	unnamed ShapeStim: autoDraw = False
165.8926 	EXP 	unnamed Line: autoDraw = True
165.8926 	EXP 	unnamed ShapeStim: autoDraw = True
165.8926 	EXP 	unnamed Line: foreColor = <psychopy.colors.Color: (1.0, 0.58, -0.87, 1.0)>
165.8926 	EXP 	unnamed Line: borderColor = <psychopy.colors.Color: (1.0, 0.58, -0.87, 1.0)>
165.8926 	EXP 	unnamed Line: fillColor = <psychopy.colors.Color: (1.0, 0.58, -0.87, 1.0)>
165.8926 	EXP 	unnamed ShapeStim: foreColor = <psychopy.colors.Color: (1.0, 0.58, -0.87, 1.0)>
165.8926 	EXP 	unnamed ShapeStim: borderColor = <psychopy.colors.Color: (1.0, 0.58, -0.87, 1.0)>
165.8926 	EXP 	unnamed ShapeStim: fillColor = <psychopy.colors.Color: (1.0, 0.58, -0.87, 1.0)>
166.7998 	DATA 	Keypress: f
166.8043 	EXP 	unnamed Line: foreColor = <psychopy.colors.Color: black, alpha=1.0>
166.8043 	EXP 	unnamed Line: borderColor = <psychopy.colors.Color: black, alpha=1.0>
166.8043 	EXP 	unnamed Line: fillColor = <psychopy.colors.Color: black, alpha=1.0>
166.8043 	EXP 	unnamed ShapeStim: foreColor = <psychopy.colors.Color: black, alpha=1.0>
166.8043 	EXP 	unnamed ShapeStim: borderColor = <psychopy.colors.Color: black, alpha=1.0>
166.8043 	EXP 	unnamed ShapeStim: fillColor = <psychopy.colors.Color: black, alpha=1.0>
166.8043 	EXP 	unnamed Line: foreColor = <psychopy.colors.Color: (1.0, 0.58, -0.87, 1.0)>
166.8043 	EXP 	unnamed Line: borderColor = <psychopy.colors.Color: (1.0, 0.58, -0.87, 1.0)>
166.8043 	EXP 	unnamed Line: fillColor = <psychopy.colors.Color: (1.0, 0.58, -0.87, 1.0)>
166.8043 	EXP 	unnamed ShapeStim: foreColor = <psychopy.colors.Color: (1.0, 0.58, -0.87, 1.0)>
166.8043 	EXP 	unnamed ShapeStim: borderColor = <psychopy.colors.Color: (1.0, 0.58, -0.87, 1.0)>
166.8043 	EXP 	unnamed ShapeStim: fillColor = <psychopy.colors.Color: (1.0, 0.58, -0.87, 1.0)>
168.1997 	DATA 	Keypress: f
168.2065 	EXP 	unnamed Line: foreColor = <psychopy.colors.Color: black, alpha=1.0>
168.2065 	EXP 	unnamed Line: borderColor = <psychopy.colors.Color: black, alpha=1.0>
168.2065 	EXP 	unnamed Line: fillColor = <psychopy.colors.Color: black, alpha=1.0>
168.2065 	EXP 	unnamed ShapeStim: foreColor = <psychopy.colors.Color: black, alpha=1.0>
168.2065 	EXP 	unnamed ShapeStim: borderColor = <psychopy.colors.Color: black, alpha=1.0>
168.2065 	EXP 	unnamed ShapeStim: fillColor = <psychopy.colors.Color: black, alpha=1.0>
168.2065 	EXP 	unnamed Line: foreColor = <psychopy.colors.Color: (1.0, 0.58, -0.87, 1.0)>
168.2065 	EXP 	unnamed Line: borderColor = <psychopy.colors.Color: (1.0, 0.58, -0.87, 1.0)>
168.2065 	EXP 	unnamed Line: fillColor = <psychopy.colors.Color: (1.0, 0.58, -0.87, 1.0)>
168.2065 	EXP 	unnamed ShapeStim: foreColor = <psychopy.colors.Color: (1.0, 0.58, -0.87, 1.0)>
168.2065 	EXP 	unnamed ShapeStim: borderColor = <psychopy.colors.Color: (1.0, 0.58, -0.87, 1.0)>
168.2065 	EXP 	unnamed ShapeStim: fillColor = <psychopy.colors.Color: (1.0, 0.58, -0.87, 1.0)>
168.5593 	DATA 	Keypress: f
168.5647 	EXP 	unnamed Line: foreColor = <psychopy.colors.Color: black, alpha=1.0>
168.5647 	EXP 	unnamed Line: borderColor = <psychopy.colors.Color: black, alpha=1.0>
168.5647 	EXP 	unnamed Line: fillColor = <psychopy.colors.Color: black, alpha=1.0>
168.5647 	EXP 	unnamed ShapeStim: foreColor = <psychopy.colors.Color: black, alpha=1.0>
168.5647 	EXP 	unnamed ShapeStim: borderColor = <psychopy.colors.Color: black, alpha=1.0>
168.5647 	EXP 	unnamed ShapeStim: fillColor = <psychopy.colors.Color: black, alpha=1.0>
168.5647 	EXP 	unnamed Line: foreColor = <psychopy.colors.Color: (1.0, 0.58, -0.87, 1.0)>
168.5647 	EXP 	unnamed Line: borderColor = <psychopy.colors.Color: (1.0, 0.58, -0.87, 1.0)>
168.5647 	EXP 	unnamed Line: fillColor = <psychopy.colors.Color: (1.0, 0.58, -0.87, 1.0)>
168.5647 	EXP 	unnamed ShapeStim: foreColor = <psychopy.colors.Color: (1.0, 0.58, -0.87, 1.0)>
168.5647 	EXP 	unnamed ShapeStim: borderColor = <psychopy.colors.Color: (1.0, 0.58, -0.87, 1.0)>
168.5647 	EXP 	unnamed ShapeStim: fillColor = <psychopy.colors.Color: (1.0, 0.58, -0.87, 1.0)>
168.7993 	DATA 	Keypress: f
168.8037 	EXP 	unnamed Line: foreColor = <psychopy.colors.Color: black, alpha=1.0>
168.8037 	EXP 	unnamed Line: borderColor = <psychopy.colors.Color: black, alpha=1.0>
168.8037 	EXP 	unnamed Line: fillColor = <psychopy.colors.Color: black, alpha=1.0>
168.8037 	EXP 	unnamed ShapeStim: foreColor = <psychopy.colors.Color: black, alpha=1.0>
168.8037 	EXP 	unnamed ShapeStim: borderColor = <psychopy.colors.Color: black, alpha=1.0>
168.8037 	EXP 	unnamed ShapeStim: fillColor = <psychopy.colors.Color: black, alpha=1.0>
168.8037 	EXP 	unnamed Line: foreColor = <psychopy.colors.Color: (1.0, 0.58, -0.87, 1.0)>
168.8037 	EXP 	unnamed Line: borderColor = <psychopy.colors.Color: (1.0, 0.58, -0.87, 1.0)>
168.8037 	EXP 	unnamed Line: fillColor = <psychopy.colors.Color: (1.0, 0.58, -0.87, 1.0)>
168.8037 	EXP 	unnamed ShapeStim: foreColor = <psychopy.colors.Color: (1.0, 0.58, -0.87, 1.0)>
168.8037 	EXP 	unnamed ShapeStim: borderColor = <psychopy.colors.Color: (1.0, 0.58, -0.87, 1.0)>
168.8037 	EXP 	unnamed ShapeStim: fillColor = <psychopy.colors.Color: (1.0, 0.58, -0.87, 1.0)>
169.0231 	DATA 	Keypress: f
169.0276 	EXP 	unnamed Line: foreColor = <psychopy.colors.Color: black, alpha=1.0>
169.0276 	EXP 	unnamed Line: borderColor = <psychopy.colors.Color: black, alpha=1.0>
169.0276 	EXP 	unnamed Line: fillColor = <psychopy.colors.Color: black, alpha=1.0>
169.0276 	EXP 	unnamed ShapeStim: foreColor = <psychopy.colors.Color: black, alpha=1.0>
169.0276 	EXP 	unnamed ShapeStim: borderColor = <psychopy.colors.Color: black, alpha=1.0>
169.0276 	EXP 	unnamed ShapeStim: fillColor = <psychopy.colors.Color: black, alpha=1.0>
169.0276 	EXP 	unnamed Line: foreColor = <psychopy.colors.Color: (1.0, 0.58, -0.87, 1.0)>
169.0276 	EXP 	unnamed Line: borderColor = <psychopy.colors.Color: (1.0, 0.58, -0.87, 1.0)>
169.0276 	EXP 	unnamed Line: fillColor = <psychopy.colors.Color: (1.0, 0.58, -0.87, 1.0)>
169.0276 	EXP 	unnamed ShapeStim: foreColor = <psychopy.colors.Color: (1.0, 0.58, -0.87, 1.0)>
169.0276 	EXP 	unnamed ShapeStim: borderColor = <psychopy.colors.Color: (1.0, 0.58, -0.87, 1.0)>
169.0276 	EXP 	unnamed ShapeStim: fillColor = <psychopy.colors.Color: (1.0, 0.58, -0.87, 1.0)>
169.3753 	DATA 	Keypress: f
169.3797 	EXP 	unnamed Line: foreColor = <psychopy.colors.Color: black, alpha=1.0>
169.3797 	EXP 	unnamed Line: borderColor = <psychopy.colors.Color: black, alpha=1.0>
169.3797 	EXP 	unnamed Line: fillColor = <psychopy.colors.Color: black, alpha=1.0>
169.3797 	EXP 	unnamed ShapeStim: foreColor = <psychopy.colors.Color: black, alpha=1.0>
169.3797 	EXP 	unnamed ShapeStim: borderColor = <psychopy.colors.Color: black, alpha=1.0>
169.3797 	EXP 	unnamed ShapeStim: fillColor = <psychopy.colors.Color: black, alpha=1.0>
169.3797 	EXP 	unnamed Line: foreColor = <psychopy.colors.Color: (1.0, 0.58, -0.87, 1.0)>
169.3797 	EXP 	unnamed Line: borderColor = <psychopy.colors.Color: (1.0, 0.58, -0.87, 1.0)>
169.3797 	EXP 	unnamed Line: fillColor = <psychopy.colors.Color: (1.0, 0.58, -0.87, 1.0)>
169.3797 	EXP 	unnamed ShapeStim: foreColor = <psychopy.colors.Color: (1.0, 0.58, -0.87, 1.0)>
169.3797 	EXP 	unnamed ShapeStim: borderColor = <psychopy.colors.Color: (1.0, 0.58, -0.87, 1.0)>
169.3797 	EXP 	unnamed ShapeStim: fillColor = <psychopy.colors.Color: (1.0, 0.58, -0.87, 1.0)>
169.6792 	DATA 	Keypress: f
169.6836 	EXP 	unnamed Line: foreColor = <psychopy.colors.Color: black, alpha=1.0>
169.6836 	EXP 	unnamed Line: borderColor = <psychopy.colors.Color: black, alpha=1.0>
169.6836 	EXP 	unnamed Line: fillColor = <psychopy.colors.Color: black, alpha=1.0>
169.6836 	EXP 	unnamed ShapeStim: foreColor = <psychopy.colors.Color: black, alpha=1.0>
169.6836 	EXP 	unnamed ShapeStim: borderColor = <psychopy.colors.Color: black, alpha=1.0>
169.6836 	EXP 	unnamed ShapeStim: fillColor = <psychopy.colors.Color: black, alpha=1.0>
169.6836 	EXP 	unnamed Line: foreColor = <psychopy.colors.Color: (1.0, 0.58, -0.87, 1.0)>
169.6836 	EXP 	unnamed Line: borderColor = <psychopy.colors.Color: (1.0, 0.58, -0.87, 1.0)>
169.6836 	EXP 	unnamed Line: fillColor = <psychopy.colors.Color: (1.0, 0.58, -0.87, 1.0)>
169.6836 	EXP 	unnamed ShapeStim: foreColor = <psychopy.colors.Color: (1.0, 0.58, -0.87, 1.0)>
169.6836 	EXP 	unnamed ShapeStim: borderColor = <psychopy.colors.Color: (1.0, 0.58, -0.87, 1.0)>
169.6836 	EXP 	unnamed ShapeStim: fillColor = <psychopy.colors.Color: (1.0, 0.58, -0.87, 1.0)>
169.9912 	DATA 	Keypress: f
169.9956 	EXP 	unnamed Line: foreColor = <psychopy.colors.Color: black, alpha=1.0>
169.9956 	EXP 	unnamed Line: borderColor = <psychopy.colors.Color: black, alpha=1.0>
169.9956 	EXP 	unnamed Line: fillColor = <psychopy.colors.Color: black, alpha=1.0>
169.9956 	EXP 	unnamed ShapeStim: foreColor = <psychopy.colors.Color: black, alpha=1.0>
169.9956 	EXP 	unnamed ShapeStim: borderColor = <psychopy.colors.Color: black, alpha=1.0>
169.9956 	EXP 	unnamed ShapeStim: fillColor = <psychopy.colors.Color: black, alpha=1.0>
169.9956 	EXP 	unnamed Line: foreColor = <psychopy.colors.Color: (1.0, 0.58, -0.87, 1.0)>
169.9956 	EXP 	unnamed Line: borderColor = <psychopy.colors.Color: (1.0, 0.58, -0.87, 1.0)>
169.9956 	EXP 	unnamed Line: fillColor = <psychopy.colors.Color: (1.0, 0.58, -0.87, 1.0)>
169.9956 	EXP 	unnamed ShapeStim: foreColor = <psychopy.colors.Color: (1.0, 0.58, -0.87, 1.0)>
169.9956 	EXP 	unnamed ShapeStim: borderColor = <psychopy.colors.Color: (1.0, 0.58, -0.87, 1.0)>
169.9956 	EXP 	unnamed ShapeStim: fillColor = <psychopy.colors.Color: (1.0, 0.58, -0.87, 1.0)>
170.3352 	DATA 	Keypress: j
170.3390 	EXP 	node5: fillColor = '#126DEF'
170.3390 	EXP 	node9: fillColor = 'white'
170.3455 	EXP 	unnamed Line: foreColor = <psychopy.colors.Color: black, alpha=1.0>
170.3455 	EXP 	unnamed Line: borderColor = <psychopy.colors.Color: black, alpha=1.0>
170.3455 	EXP 	unnamed Line: fillColor = <psychopy.colors.Color: black, alpha=1.0>
170.3455 	EXP 	unnamed ShapeStim: foreColor = <psychopy.colors.Color: black, alpha=1.0>
170.3455 	EXP 	unnamed ShapeStim: borderColor = <psychopy.colors.Color: black, alpha=1.0>
170.3455 	EXP 	unnamed ShapeStim: fillColor = <psychopy.colors.Color: black, alpha=1.0>
170.3455 	EXP 	unnamed Line: foreColor = <psychopy.colors.Color: black, alpha=1.0>
170.3455 	EXP 	unnamed Line: borderColor = <psychopy.colors.Color: black, alpha=1.0>
170.3455 	EXP 	unnamed Line: fillColor = <psychopy.colors.Color: black, alpha=1.0>
170.3455 	EXP 	unnamed ShapeStim: foreColor = <psychopy.colors.Color: black, alpha=1.0>
170.3455 	EXP 	unnamed ShapeStim: borderColor = <psychopy.colors.Color: black, alpha=1.0>
170.3455 	EXP 	unnamed ShapeStim: fillColor = <psychopy.colors.Color: black, alpha=1.0>
170.3455 	EXP 	unnamed Line: foreColor = <psychopy.colors.Color: black, alpha=1.0>
170.3455 	EXP 	unnamed Line: borderColor = <psychopy.colors.Color: black, alpha=1.0>
170.3455 	EXP 	unnamed Line: fillColor = <psychopy.colors.Color: black, alpha=1.0>
170.3455 	EXP 	unnamed ShapeStim: foreColor = <psychopy.colors.Color: black, alpha=1.0>
170.3455 	EXP 	unnamed ShapeStim: borderColor = <psychopy.colors.Color: black, alpha=1.0>
170.3455 	EXP 	unnamed ShapeStim: fillColor = <psychopy.colors.Color: black, alpha=1.0>
170.3455 	EXP 	unnamed Line: foreColor = <psychopy.colors.Color: black, alpha=1.0>
170.3455 	EXP 	unnamed Line: borderColor = <psychopy.colors.Color: black, alpha=1.0>
170.3455 	EXP 	unnamed Line: fillColor = <psychopy.colors.Color: black, alpha=1.0>
170.3455 	EXP 	unnamed ShapeStim: foreColor = <psychopy.colors.Color: black, alpha=1.0>
170.3455 	EXP 	unnamed ShapeStim: borderColor = <psychopy.colors.Color: black, alpha=1.0>
170.3455 	EXP 	unnamed ShapeStim: fillColor = <psychopy.colors.Color: black, alpha=1.0>
170.3455 	EXP 	unnamed Line: foreColor = <psychopy.colors.Color: black, alpha=1.0>
170.3455 	EXP 	unnamed Line: borderColor = <psychopy.colors.Color: black, alpha=1.0>
170.3455 	EXP 	unnamed Line: fillColor = <psychopy.colors.Color: black, alpha=1.0>
170.3455 	EXP 	unnamed ShapeStim: foreColor = <psychopy.colors.Color: black, alpha=1.0>
170.3455 	EXP 	unnamed ShapeStim: borderColor = <psychopy.colors.Color: black, alpha=1.0>
170.3455 	EXP 	unnamed ShapeStim: fillColor = <psychopy.colors.Color: black, alpha=1.0>
170.3455 	EXP 	unnamed Line: foreColor = <psychopy.colors.Color: black, alpha=1.0>
170.3455 	EXP 	unnamed Line: borderColor = <psychopy.colors.Color: black, alpha=1.0>
170.3455 	EXP 	unnamed Line: fillColor = <psychopy.colors.Color: black, alpha=1.0>
170.3455 	EXP 	unnamed ShapeStim: foreColor = <psychopy.colors.Color: black, alpha=1.0>
170.3455 	EXP 	unnamed ShapeStim: borderColor = <psychopy.colors.Color: black, alpha=1.0>
170.3455 	EXP 	unnamed ShapeStim: fillColor = <psychopy.colors.Color: black, alpha=1.0>
170.3455 	EXP 	unnamed Line: autoDraw = False
170.3455 	EXP 	unnamed ShapeStim: autoDraw = False
170.3455 	EXP 	unnamed Line: autoDraw = True
170.3455 	EXP 	unnamed ShapeStim: autoDraw = True
170.3455 	EXP 	unnamed Line: autoDraw = False
170.3455 	EXP 	unnamed ShapeStim: autoDraw = False
170.3455 	EXP 	unnamed Line: autoDraw = True
170.3455 	EXP 	unnamed ShapeStim: autoDraw = True
170.3455 	EXP 	unnamed Line: foreColor = <psychopy.colors.Color: black, alpha=1.0>
170.3455 	EXP 	unnamed Line: borderColor = <psychopy.colors.Color: black, alpha=1.0>
170.3455 	EXP 	unnamed Line: fillColor = <psychopy.colors.Color: black, alpha=1.0>
170.3455 	EXP 	unnamed ShapeStim: foreColor = <psychopy.colors.Color: black, alpha=1.0>
170.3455 	EXP 	unnamed ShapeStim: borderColor = <psychopy.colors.Color: black, alpha=1.0>
170.3455 	EXP 	unnamed ShapeStim: fillColor = <psychopy.colors.Color: black, alpha=1.0>
170.3455 	EXP 	unnamed Line: foreColor = <psychopy.colors.Color: black, alpha=1.0>
170.3455 	EXP 	unnamed Line: borderColor = <psychopy.colors.Color: black, alpha=1.0>
170.3455 	EXP 	unnamed Line: fillColor = <psychopy.colors.Color: black, alpha=1.0>
170.3455 	EXP 	unnamed ShapeStim: foreColor = <psychopy.colors.Color: black, alpha=1.0>
170.3455 	EXP 	unnamed ShapeStim: borderColor = <psychopy.colors.Color: black, alpha=1.0>
170.3455 	EXP 	unnamed ShapeStim: fillColor = <psychopy.colors.Color: black, alpha=1.0>
170.3455 	EXP 	unnamed Line: foreColor = <psychopy.colors.Color: (1.0, 0.58, -0.87, 1.0)>
170.3455 	EXP 	unnamed Line: borderColor = <psychopy.colors.Color: (1.0, 0.58, -0.87, 1.0)>
170.3455 	EXP 	unnamed Line: fillColor = <psychopy.colors.Color: (1.0, 0.58, -0.87, 1.0)>
170.3455 	EXP 	unnamed ShapeStim: foreColor = <psychopy.colors.Color: (1.0, 0.58, -0.87, 1.0)>
170.3455 	EXP 	unnamed ShapeStim: borderColor = <psychopy.colors.Color: (1.0, 0.58, -0.87, 1.0)>
170.3455 	EXP 	unnamed ShapeStim: fillColor = <psychopy.colors.Color: (1.0, 0.58, -0.87, 1.0)>
171.7996 	DATA 	Keypress: j
171.8051 	EXP 	node8: fillColor = '#126DEF'
171.8051 	EXP 	node5: fillColor = 'white'
172.5052 	EXP 	window1: mouseVisible = True
172.5068 	EXP 	Created unnamed TextStim = TextStim(__class__=<class 'psychopy.visual.text.TextStim'>, alignHoriz=method-wrapper(...), alignText='center', alignVert=method-wrapper(...), anchorHoriz='center', anchorVert='center', antialias=True, autoDraw=False, autoLog=True, bold=True, color=array([ 0.23921569, -1.        , -0.98431373]), colorSpace='rgb', contrast=1.0, depth=0, draggable=False, flipHoriz=False, flipVert=False, font='', fontFiles=[], height=0.04, italic=False, languageStyle='LTR', name='unnamed TextStim', opacity=1.0, ori=0.0, pos=array([-0.03860639, -0.27582254]), rgb=UNKNOWN, text='-4', units='height', win=Window(...), wrapWidth=1)
172.5070 	EXP 	window1: mouseVisible = True
172.5082 	EXP 	Created unnamed TextStim = TextStim(__class__=<class 'psychopy.visual.text.TextStim'>, alignHoriz=method-wrapper(...), alignText='center', alignVert=method-wrapper(...), anchorHoriz='center', anchorVert='center', antialias=True, autoDraw=False, autoLog=True, bold=True, color=array([-0.88235294, -0.12156863, -0.97647059]), colorSpace='rgb', contrast=1.0, depth=0, draggable=False, flipHoriz=False, flipVert=False, font='', fontFiles=[], height=0.04, italic=False, languageStyle='LTR', name='unnamed TextStim', opacity=1.0, ori=0.0, pos=array([0.4064375 , 0.01018981]), rgb=UNKNOWN, text='+1', units='height', win=Window(...), wrapWidth=1)
172.5127 	EXP 	node8: fillColor = 'white'
172.5127 	EXP 	unnamed ImageStim: autoDraw = True
172.5127 	EXP 	unnamed ImageStim: autoDraw = True
173.5214 	EXP 	unnamed ImageStim: autoDraw = False
173.5214 	EXP 	unnamed ImageStim: autoDraw = False
173.5214 	EXP 	unnamed Rect: autoDraw = False
173.5214 	EXP 	unnamed Rect: autoDraw = True
173.6632 	EXP 	unnamed Rect: autoDraw = False
173.6632 	EXP 	node0: autoDraw = False
173.6632 	EXP 	unnamed ImageStim: autoDraw = False
173.6632 	EXP 	node1: autoDraw = False
173.6632 	EXP 	unnamed ImageStim: autoDraw = False
173.6632 	EXP 	node2: autoDraw = False
173.6632 	EXP 	unnamed ImageStim: autoDraw = False
173.6632 	EXP 	node3: autoDraw = False
173.6632 	EXP 	unnamed ImageStim: autoDraw = False
173.6632 	EXP 	node4: autoDraw = False
173.6632 	EXP 	unnamed ImageStim: autoDraw = False
173.6632 	EXP 	node5: autoDraw = False
173.6632 	EXP 	unnamed ImageStim: autoDraw = False
173.6632 	EXP 	node6: autoDraw = False
173.6632 	EXP 	unnamed ImageStim: autoDraw = False
173.6632 	EXP 	node7: autoDraw = False
173.6632 	EXP 	unnamed ImageStim: autoDraw = False
173.6632 	EXP 	node8: autoDraw = False
173.6632 	EXP 	unnamed ImageStim: autoDraw = False
173.6632 	EXP 	node9: autoDraw = False
173.6632 	EXP 	node10: autoDraw = False
173.6632 	EXP 	unnamed ImageStim: autoDraw = False
173.6632 	EXP 	unnamed Line: autoDraw = False
173.6632 	EXP 	unnamed ShapeStim: autoDraw = False
173.6632 	EXP 	unnamed Line: autoDraw = False
173.6632 	EXP 	unnamed ShapeStim: autoDraw = False
173.6632 	EXP 	unnamed Line: autoDraw = False
173.6632 	EXP 	unnamed ShapeStim: autoDraw = False
173.6632 	EXP 	unnamed Line: autoDraw = False
173.6632 	EXP 	unnamed ShapeStim: autoDraw = False
173.6632 	EXP 	unnamed Line: autoDraw = False
173.6632 	EXP 	unnamed ShapeStim: autoDraw = False
173.6632 	EXP 	unnamed Line: autoDraw = False
173.6632 	EXP 	unnamed ShapeStim: autoDraw = False
173.6632 	EXP 	unnamed Line: autoDraw = False
173.6632 	EXP 	unnamed ShapeStim: autoDraw = False
173.6632 	EXP 	unnamed Line: autoDraw = False
173.6632 	EXP 	unnamed ShapeStim: autoDraw = False
173.6632 	EXP 	unnamed Line: autoDraw = False
173.6632 	EXP 	unnamed ShapeStim: autoDraw = False
173.6632 	EXP 	unnamed Line: autoDraw = False
173.6632 	EXP 	unnamed ShapeStim: autoDraw = False
173.6632 	EXP 	unnamed Rect: autoDraw = False
173.6711 	INFO 	Mouse: using default window
173.6711 	EXP 	window1: mouseVisible = True
173.6712 	EXP 	window1: mouseVisible = True
173.6748 	EXP 	Created unnamed TextStim = TextStim(__class__=<class 'psychopy.visual.text.TextStim'>, alignHoriz=method-wrapper(...), alignText='center', alignVert=method-wrapper(...), anchorHoriz='center', anchorVert='center', antialias=True, autoDraw=False, autoLog=True, bold=False, color=array([1, 1, 1]), colorSpace='rgb', contrast=1.0, depth=0, draggable=False, flipHoriz=False, flipVert=False, font='', fontFiles=[], height=0.035, italic=False, languageStyle='LTR', name='unnamed TextStim', opacity=1.0, ori=0.0, pos=array([0., 0.]), rgb=UNKNOWN, text='press Space to start', units='height', win=Window(...), wrapWidth=1)
174.5439 	DATA 	Keypress: space
174.5444 	EXP 	window1: mouseVisible = True
174.5448 	EXP 	Created unnamed Rect = Rect(__class__=<class 'psychopy.visual.rect.Rect'>, anchor=('center', 'center'), autoDraw=False, autoLog=True, closeShape=True, color=method-wrapper(...), colorSpace='rgb', contrast=None, depth=0, draggable=False, fillColor=array([0.00392157, 0.00392157, 0.00392157]), fillColorSpace='rgb', fillRGB=array([0.00392157, 0.00392157, 0.00392157]), interpolate=True, lineColor=array([0, 0, 0]), lineColorSpace='rgb', lineRGB=array([0, 0, 0]), lineWidth=0, name='unnamed Rect', opacity=0.5, ori=0.0, pos=array([-0.65,  0.45]), size=array([0.1, 0.1]), units='height', vertices=ndarray(...), win=Window(...))
174.5459 	EXP 	window1: mouseVisible = True
174.5480 	EXP 	Created node0 = Circle(__class__=<class 'psychopy.visual.circle.Circle'>, anchor=('center', 'center'), autoDraw=False, autoLog=True, closeShape=True, color=method-wrapper(...), colorSpace='rgb', contrast=None, depth=0, draggable=False, fillColor=array([1, 1, 1]), fillColorSpace='rgb', fillRGB=array([1, 1, 1]), interpolate=True, lineColor=array([-1, -1, -1]), lineColorSpace='rgb', lineRGB=array([-1, -1, -1]), lineWidth=2, name='node0', opacity=1.0, ori=0.0, pos=array([0.  , 0.35]), size=array([1., 1.]), units='height', vertices=ndarray(...), win=Window(...))
174.5481 	EXP 	window1: mouseVisible = True
174.5646 	EXP 	Created unnamed ImageStim = ImageStim(__class__=<class 'psychopy.visual.image.ImageStim'>, anchor=('center', 'center'), autoLog=True, color=array([1., 1., 1.]), colorSpace='rgb', contrast=1.0, depth=0, draggable=False, flipHoriz=False, flipVert=False, image='images/pattern_4.png', interpolate=False, mask=None, maskParams=None, name='unnamed ImageStim', opacity=1.0, ori=0.0, pos=array([0.  , 0.35]), size=array([0.12, 0.12]), texRes=128, units='height', win=Window(...))
174.5656 	EXP 	window1: mouseVisible = True
174.5676 	EXP 	Created node1 = Circle(__class__=<class 'psychopy.visual.circle.Circle'>, anchor=('center', 'center'), autoDraw=False, autoLog=True, closeShape=True, color=method-wrapper(...), colorSpace='rgb', contrast=None, depth=0, draggable=False, fillColor=array([1, 1, 1]), fillColorSpace='rgb', fillRGB=array([1, 1, 1]), interpolate=True, lineColor=array([-1, -1, -1]), lineColorSpace='rgb', lineRGB=array([-1, -1, -1]), lineWidth=2, name='node1', opacity=1.0, ori=0.0, pos=array([-0.18922429,  0.29443874]), size=array([1., 1.]), units='height', vertices=ndarray(...), win=Window(...))
174.5676 	EXP 	window1: mouseVisible = True
174.5840 	EXP 	Created unnamed ImageStim = ImageStim(__class__=<class 'psychopy.visual.image.ImageStim'>, anchor=('center', 'center'), autoLog=True, color=array([1., 1., 1.]), colorSpace='rgb', contrast=1.0, depth=0, draggable=False, flipHoriz=False, flipVert=False, image='images/pattern_3.png', interpolate=False, mask=None, maskParams=None, name='unnamed ImageStim', opacity=1.0, ori=0.0, pos=array([-0.18922429,  0.29443874]), size=array([0.12, 0.12]), texRes=128, units='height', win=Window(...))
174.5850 	EXP 	window1: mouseVisible = True
174.5869 	EXP 	Created node2 = Circle(__class__=<class 'psychopy.visual.circle.Circle'>, anchor=('center', 'center'), autoDraw=False, autoLog=True, closeShape=True, color=method-wrapper(...), colorSpace='rgb', contrast=None, depth=0, draggable=False, fillColor=array([1, 1, 1]), fillColorSpace='rgb', fillRGB=array([1, 1, 1]), interpolate=True, lineColor=array([-1, -1, -1]), lineColorSpace='rgb', lineRGB=array([-1, -1, -1]), lineWidth=2, name='node2', opacity=1.0, ori=0.0, pos=array([-0.3183712 ,  0.14539525]), size=array([1., 1.]), units='height', vertices=ndarray(...), win=Window(...))
174.5870 	EXP 	window1: mouseVisible = True
174.6031 	EXP 	Created unnamed ImageStim = ImageStim(__class__=<class 'psychopy.visual.image.ImageStim'>, anchor=('center', 'center'), autoLog=True, color=array([1., 1., 1.]), colorSpace='rgb', contrast=1.0, depth=0, draggable=False, flipHoriz=False, flipVert=False, image='images/pattern_4.png', interpolate=False, mask=None, maskParams=None, name='unnamed ImageStim', opacity=1.0, ori=0.0, pos=array([-0.3183712 ,  0.14539525]), size=array([0.12, 0.12]), texRes=128, units='height', win=Window(...))
174.6041 	EXP 	window1: mouseVisible = True
174.6060 	EXP 	Created node3 = Circle(__class__=<class 'psychopy.visual.circle.Circle'>, anchor=('center', 'center'), autoDraw=False, autoLog=True, closeShape=True, color=method-wrapper(...), colorSpace='rgb', contrast=None, depth=0, draggable=False, fillColor=array([1, 1, 1]), fillColorSpace='rgb', fillRGB=array([1, 1, 1]), interpolate=True, lineColor=array([-1, -1, -1]), lineColorSpace='rgb', lineRGB=array([-1, -1, -1]), lineWidth=2, name='node3', opacity=1.0, ori=0.0, pos=array([-0.3464375 , -0.04981019]), size=array([1., 1.]), units='height', vertices=ndarray(...), win=Window(...))
174.6061 	EXP 	window1: mouseVisible = True
174.6224 	EXP 	Created unnamed ImageStim = ImageStim(__class__=<class 'psychopy.visual.image.ImageStim'>, anchor=('center', 'center'), autoLog=True, color=array([1., 1., 1.]), colorSpace='rgb', contrast=1.0, depth=0, draggable=False, flipHoriz=False, flipVert=False, image='images/pattern_2.png', interpolate=False, mask=None, maskParams=None, name='unnamed ImageStim', opacity=1.0, ori=0.0, pos=array([-0.3464375 , -0.04981019]), size=array([0.12, 0.12]), texRes=128, units='height', win=Window(...))
174.6235 	EXP 	window1: mouseVisible = True
174.6253 	EXP 	Created node4 = Circle(__class__=<class 'psychopy.visual.circle.Circle'>, anchor=('center', 'center'), autoDraw=False, autoLog=True, closeShape=True, color=method-wrapper(...), colorSpace='rgb', contrast=None, depth=0, draggable=False, fillColor=array([1, 1, 1]), fillColorSpace='rgb', fillRGB=array([1, 1, 1]), interpolate=True, lineColor=array([-1, -1, -1]), lineColorSpace='rgb', lineRGB=array([-1, -1, -1]), lineWidth=2, name='node4', opacity=1.0, ori=0.0, pos=array([-0.26451235, -0.22920126]), size=array([1., 1.]), units='height', vertices=ndarray(...), win=Window(...))
174.6254 	EXP 	window1: mouseVisible = True
174.6431 	EXP 	Created unnamed ImageStim = ImageStim(__class__=<class 'psychopy.visual.image.ImageStim'>, anchor=('center', 'center'), autoLog=True, color=array([1., 1., 1.]), colorSpace='rgb', contrast=1.0, depth=0, draggable=False, flipHoriz=False, flipVert=False, image='images/pattern_8.png', interpolate=False, mask=None, maskParams=None, name='unnamed ImageStim', opacity=1.0, ori=0.0, pos=array([-0.26451235, -0.22920126]), size=array([0.12, 0.12]), texRes=128, units='height', win=Window(...))
174.6441 	EXP 	window1: mouseVisible = True
174.6460 	EXP 	Created node5 = Circle(__class__=<class 'psychopy.visual.circle.Circle'>, anchor=('center', 'center'), autoDraw=False, autoLog=True, closeShape=True, color=method-wrapper(...), colorSpace='rgb', contrast=None, depth=0, draggable=False, fillColor=array([1, 1, 1]), fillColorSpace='rgb', fillRGB=array([1, 1, 1]), interpolate=True, lineColor=array([-1, -1, -1]), lineColorSpace='rgb', lineRGB=array([-1, -1, -1]), lineWidth=2, name='node5', opacity=1.0, ori=0.0, pos=array([-0.09860639, -0.33582254]), size=array([1., 1.]), units='height', vertices=ndarray(...), win=Window(...))
174.6460 	EXP 	window1: mouseVisible = True
174.6624 	EXP 	Created unnamed ImageStim = ImageStim(__class__=<class 'psychopy.visual.image.ImageStim'>, anchor=('center', 'center'), autoLog=True, color=array([1., 1., 1.]), colorSpace='rgb', contrast=1.0, depth=0, draggable=False, flipHoriz=False, flipVert=False, image='images/pattern_1.png', interpolate=False, mask=None, maskParams=None, name='unnamed ImageStim', opacity=1.0, ori=0.0, pos=array([-0.09860639, -0.33582254]), size=array([0.12, 0.12]), texRes=128, units='height', win=Window(...))
174.6634 	EXP 	window1: mouseVisible = True
174.6653 	EXP 	Created node6 = Circle(__class__=<class 'psychopy.visual.circle.Circle'>, anchor=('center', 'center'), autoDraw=False, autoLog=True, closeShape=True, color=method-wrapper(...), colorSpace='rgb', contrast=None, depth=0, draggable=False, fillColor=array([1, 1, 1]), fillColorSpace='rgb', fillRGB=array([1, 1, 1]), interpolate=True, lineColor=array([-1, -1, -1]), lineColorSpace='rgb', lineRGB=array([-1, -1, -1]), lineWidth=2, name='node6', opacity=1.0, ori=0.0, pos=array([ 0.09860639, -0.33582254]), size=array([1., 1.]), units='height', vertices=ndarray(...), win=Window(...))
174.6653 	EXP 	window1: mouseVisible = True
174.6829 	EXP 	Created unnamed ImageStim = ImageStim(__class__=<class 'psychopy.visual.image.ImageStim'>, anchor=('center', 'center'), autoLog=True, color=array([1., 1., 1.]), colorSpace='rgb', contrast=1.0, depth=0, draggable=False, flipHoriz=False, flipVert=False, image='images/pattern_8.png', interpolate=False, mask=None, maskParams=None, name='unnamed ImageStim', opacity=1.0, ori=0.0, pos=array([ 0.09860639, -0.33582254]), size=array([0.12, 0.12]), texRes=128, units='height', win=Window(...))
174.6839 	EXP 	window1: mouseVisible = True
174.6858 	EXP 	Created node7 = Circle(__class__=<class 'psychopy.visual.circle.Circle'>, anchor=('center', 'center'), autoDraw=False, autoLog=True, closeShape=True, color=method-wrapper(...), colorSpace='rgb', contrast=None, depth=0, draggable=False, fillColor=array([1, 1, 1]), fillColorSpace='rgb', fillRGB=array([1, 1, 1]), interpolate=True, lineColor=array([-1, -1, -1]), lineColorSpace='rgb', lineRGB=array([-1, -1, -1]), lineWidth=2, name='node7', opacity=1.0, ori=0.0, pos=array([ 0.26451235, -0.22920126]), size=array([1., 1.]), units='height', vertices=ndarray(...), win=Window(...))
174.6859 	EXP 	window1: mouseVisible = True
174.7024 	EXP 	Created unnamed ImageStim = ImageStim(__class__=<class 'psychopy.visual.image.ImageStim'>, anchor=('center', 'center'), autoLog=True, color=array([1., 1., 1.]), colorSpace='rgb', contrast=1.0, depth=0, draggable=False, flipHoriz=False, flipVert=False, image='images/pattern_5.png', interpolate=False, mask=None, maskParams=None, name='unnamed ImageStim', opacity=1.0, ori=0.0, pos=array([ 0.26451235, -0.22920126]), size=array([0.12, 0.12]), texRes=128, units='height', win=Window(...))
174.7034 	EXP 	window1: mouseVisible = True
174.7053 	EXP 	Created node8 = Circle(__class__=<class 'psychopy.visual.circle.Circle'>, anchor=('center', 'center'), autoDraw=False, autoLog=True, closeShape=True, color=method-wrapper(...), colorSpace='rgb', contrast=None, depth=0, draggable=False, fillColor=array([1, 1, 1]), fillColorSpace='rgb', fillRGB=array([1, 1, 1]), interpolate=True, lineColor=array([-1, -1, -1]), lineColorSpace='rgb', lineRGB=array([-1, -1, -1]), lineWidth=2, name='node8', opacity=1.0, ori=0.0, pos=array([ 0.3464375 , -0.04981019]), size=array([1., 1.]), units='height', vertices=ndarray(...), win=Window(...))
174.7054 	EXP 	window1: mouseVisible = True
174.7216 	EXP 	Created unnamed ImageStim = ImageStim(__class__=<class 'psychopy.visual.image.ImageStim'>, anchor=('center', 'center'), autoLog=True, color=array([1., 1., 1.]), colorSpace='rgb', contrast=1.0, depth=0, draggable=False, flipHoriz=False, flipVert=False, image='images/pattern_6.png', interpolate=False, mask=None, maskParams=None, name='unnamed ImageStim', opacity=1.0, ori=0.0, pos=array([ 0.3464375 , -0.04981019]), size=array([0.12, 0.12]), texRes=128, units='height', win=Window(...))
174.7226 	EXP 	window1: mouseVisible = True
174.7245 	EXP 	Created node9 = Circle(__class__=<class 'psychopy.visual.circle.Circle'>, anchor=('center', 'center'), autoDraw=False, autoLog=True, closeShape=True, color=method-wrapper(...), colorSpace='rgb', contrast=None, depth=0, draggable=False, fillColor=array([1, 1, 1]), fillColorSpace='rgb', fillRGB=array([1, 1, 1]), interpolate=True, lineColor=array([-1, -1, -1]), lineColorSpace='rgb', lineRGB=array([-1, -1, -1]), lineWidth=2, name='node9', opacity=1.0, ori=0.0, pos=array([0.3183712 , 0.14539525]), size=array([1., 1.]), units='height', vertices=ndarray(...), win=Window(...))
174.7255 	EXP 	window1: mouseVisible = True
174.7274 	EXP 	Created node10 = Circle(__class__=<class 'psychopy.visual.circle.Circle'>, anchor=('center', 'center'), autoDraw=False, autoLog=True, closeShape=True, color=method-wrapper(...), colorSpace='rgb', contrast=None, depth=0, draggable=False, fillColor=array([1, 1, 1]), fillColorSpace='rgb', fillRGB=array([1, 1, 1]), interpolate=True, lineColor=array([-1, -1, -1]), lineColorSpace='rgb', lineRGB=array([-1, -1, -1]), lineWidth=2, name='node10', opacity=1.0, ori=0.0, pos=array([0.18922429, 0.29443874]), size=array([1., 1.]), units='height', vertices=ndarray(...), win=Window(...))
174.7274 	EXP 	window1: mouseVisible = True
174.7436 	EXP 	Created unnamed ImageStim = ImageStim(__class__=<class 'psychopy.visual.image.ImageStim'>, anchor=('center', 'center'), autoLog=True, color=array([1., 1., 1.]), colorSpace='rgb', contrast=1.0, depth=0, draggable=False, flipHoriz=False, flipVert=False, image='images/pattern_3.png', interpolate=False, mask=None, maskParams=None, name='unnamed ImageStim', opacity=1.0, ori=0.0, pos=array([0.18922429, 0.29443874]), size=array([0.12, 0.12]), texRes=128, units='height', win=Window(...))
174.7437 	EXP 	window1: mouseVisible = True
174.7441 	EXP 	Created unnamed Line = Line(__class__=<class 'psychopy.visual.line.Line'>, anchor=('center', 'center'), autoDraw=False, autoLog=True, closeShape=False, color=array([-1, -1, -1]), colorSpace='rgb', contrast=None, depth=2, draggable=False, fillColor=array([0, 0, 0]), fillColorSpace='rgb', fillRGB=array([0, 0, 0]), interpolate=True, lineColor=array([-1, -1, -1]), lineColorSpace='rgb', lineRGB=array([-1, -1, -1]), lineWidth=4, name='unnamed Line', opacity=0.5, ori=0.0, pos=array([0., 0.]), size=array([1., 1.]), units='height', vertices=ndarray(...), win=Window(...), windingRule=None)
174.7442 	EXP 	window1: mouseVisible = True
174.7446 	EXP 	Created unnamed ShapeStim = ShapeStim(__class__=<class 'psychopy.visual.shape.ShapeStim'>, anchor=('center', 'center'), autoDraw=False, autoLog=True, closeShape=True, color=method-wrapper(...), colorSpace='rgb', contrast=None, depth=0, draggable=False, fillColor=array([-1, -1, -1]), fillColorSpace='rgb', fillRGB=array([-1, -1, -1]), interpolate=True, lineColor=array([-1, -1, -1]), lineColorSpace='rgb', lineRGB=array([-1, -1, -1]), lineWidth=1.5, name='unnamed ShapeStim', opacity=1.0, ori=89.99999999999999, pos=array([0.13922429, 0.29443874]), size=array([1., 1.]), units='height', vertices=ndarray(...), win=Window(...), windingRule=None)
174.7446 	EXP 	window1: mouseVisible = True
174.7450 	EXP 	Created unnamed Line = Line(__class__=<class 'psychopy.visual.line.Line'>, anchor=('center', 'center'), autoDraw=False, autoLog=True, closeShape=False, color=array([-1, -1, -1]), colorSpace='rgb', contrast=None, depth=2, draggable=False, fillColor=array([0, 0, 0]), fillColorSpace='rgb', fillRGB=array([0, 0, 0]), interpolate=True, lineColor=array([-1, -1, -1]), lineColorSpace='rgb', lineRGB=array([-1, -1, -1]), lineWidth=4, name='unnamed Line', opacity=0.5, ori=0.0, pos=array([0., 0.]), size=array([1., 1.]), units='height', vertices=ndarray(...), win=Window(...), windingRule=None)
174.7451 	EXP 	window1: mouseVisible = True
174.7454 	EXP 	Created unnamed ShapeStim = ShapeStim(__class__=<class 'psychopy.visual.shape.ShapeStim'>, anchor=('center', 'center'), autoDraw=False, autoLog=True, closeShape=True, color=method-wrapper(...), colorSpace='rgb', contrast=None, depth=0, draggable=False, fillColor=array([-1, -1, -1]), fillColorSpace='rgb', fillRGB=array([-1, -1, -1]), interpolate=True, lineColor=array([-1, -1, -1]), lineColorSpace='rgb', lineRGB=array([-1, -1, -1]), lineWidth=1.5, name='unnamed ShapeStim', opacity=1.0, ori=139.09090909090912, pos=array([ 0.23176931, -0.19141378]), size=array([1., 1.]), units='height', vertices=ndarray(...), win=Window(...), windingRule=None)
174.7455 	EXP 	window1: mouseVisible = True
174.7458 	EXP 	Created unnamed Line = Line(__class__=<class 'psychopy.visual.line.Line'>, anchor=('center', 'center'), autoDraw=False, autoLog=True, closeShape=False, color=array([-1, -1, -1]), colorSpace='rgb', contrast=None, depth=2, draggable=False, fillColor=array([0, 0, 0]), fillColorSpace='rgb', fillRGB=array([0, 0, 0]), interpolate=True, lineColor=array([-1, -1, -1]), lineColorSpace='rgb', lineRGB=array([-1, -1, -1]), lineWidth=4, name='unnamed Line', opacity=0.5, ori=0.0, pos=array([0., 0.]), size=array([1., 1.]), units='height', vertices=ndarray(...), win=Window(...), windingRule=None)
174.7459 	EXP 	window1: mouseVisible = True
174.7462 	EXP 	Created unnamed ShapeStim = ShapeStim(__class__=<class 'psychopy.visual.shape.ShapeStim'>, anchor=('center', 'center'), autoDraw=False, autoLog=True, closeShape=True, color=method-wrapper(...), colorSpace='rgb', contrast=None, depth=0, draggable=False, fillColor=array([-1, -1, -1]), fillColorSpace='rgb', fillRGB=array([-1, -1, -1]), interpolate=True, lineColor=array([-1, -1, -1]), lineColorSpace='rgb', lineRGB=array([-1, -1, -1]), lineWidth=1.5, name='unnamed ShapeStim', opacity=1.0, ori=188.1818181818182, pos=array([-3.39321763e-01, -3.19121302e-04]), size=array([1., 1.]), units='height', vertices=ndarray(...), win=Window(...), windingRule=None)
174.7463 	EXP 	window1: mouseVisible = True
174.7466 	EXP 	Created unnamed Line = Line(__class__=<class 'psychopy.visual.line.Line'>, anchor=('center', 'center'), autoDraw=False, autoLog=True, closeShape=False, color=array([-1, -1, -1]), colorSpace='rgb', contrast=None, depth=2, draggable=False, fillColor=array([0, 0, 0]), fillColorSpace='rgb', fillRGB=array([0, 0, 0]), interpolate=True, lineColor=array([-1, -1, -1]), lineColorSpace='rgb', lineRGB=array([-1, -1, -1]), lineWidth=4, name='unnamed Line', opacity=0.5, ori=0.0, pos=array([0., 0.]), size=array([1., 1.]), units='height', vertices=ndarray(...), win=Window(...), windingRule=None)
174.7467 	EXP 	window1: mouseVisible = True
174.7471 	EXP 	Created unnamed ShapeStim = ShapeStim(__class__=<class 'psychopy.visual.shape.ShapeStim'>, anchor=('center', 'center'), autoDraw=False, autoLog=True, closeShape=True, color=method-wrapper(...), colorSpace='rgb', contrast=None, depth=0, draggable=False, fillColor=array([-1, -1, -1]), fillColorSpace='rgb', fillRGB=array([-1, -1, -1]), interpolate=True, lineColor=array([-1, -1, -1]), lineColorSpace='rgb', lineRGB=array([-1, -1, -1]), lineWidth=1.5, name='unnamed ShapeStim', opacity=1.0, ori=139.0909090909091, pos=array([ 0.06586336, -0.29803506]), size=array([1., 1.]), units='height', vertices=ndarray(...), win=Window(...), windingRule=None)
174.7471 	EXP 	window1: mouseVisible = True
174.7475 	EXP 	Created unnamed Line = Line(__class__=<class 'psychopy.visual.line.Line'>, anchor=('center', 'center'), autoDraw=False, autoLog=True, closeShape=False, color=array([-1, -1, -1]), colorSpace='rgb', contrast=None, depth=2, draggable=False, fillColor=array([0, 0, 0]), fillColorSpace='rgb', fillRGB=array([0, 0, 0]), interpolate=True, lineColor=array([-1, -1, -1]), lineColorSpace='rgb', lineRGB=array([-1, -1, -1]), lineWidth=4, name='unnamed Line', opacity=0.5, ori=0.0, pos=array([0., 0.]), size=array([1., 1.]), units='height', vertices=ndarray(...), win=Window(...), windingRule=None)
174.7476 	EXP 	window1: mouseVisible = True
174.7479 	EXP 	Created unnamed ShapeStim = ShapeStim(__class__=<class 'psychopy.visual.shape.ShapeStim'>, anchor=('center', 'center'), autoDraw=False, autoLog=True, closeShape=True, color=method-wrapper(...), colorSpace='rgb', contrast=None, depth=0, draggable=False, fillColor=array([-1, -1, -1]), fillColorSpace='rgb', fillRGB=array([-1, -1, -1]), interpolate=True, lineColor=array([-1, -1, -1]), lineColorSpace='rgb', lineRGB=array([-1, -1, -1]), lineWidth=1.5, name='unnamed ShapeStim', opacity=1.0, ori=122.72727272727275, pos=array([ 0.05654372, -0.3087905 ]), size=array([1., 1.]), units='height', vertices=ndarray(...), win=Window(...), windingRule=None)
174.7480 	EXP 	window1: mouseVisible = True
174.7483 	EXP 	Created unnamed Line = Line(__class__=<class 'psychopy.visual.line.Line'>, anchor=('center', 'center'), autoDraw=False, autoLog=True, closeShape=False, color=array([-1, -1, -1]), colorSpace='rgb', contrast=None, depth=2, draggable=False, fillColor=array([0, 0, 0]), fillColorSpace='rgb', fillRGB=array([0, 0, 0]), interpolate=True, lineColor=array([-1, -1, -1]), lineColorSpace='rgb', lineRGB=array([-1, -1, -1]), lineWidth=4, name='unnamed Line', opacity=0.5, ori=0.0, pos=array([0., 0.]), size=array([1., 1.]), units='height', vertices=ndarray(...), win=Window(...), windingRule=None)
174.7484 	EXP 	window1: mouseVisible = True
174.7488 	EXP 	Created unnamed ShapeStim = ShapeStim(__class__=<class 'psychopy.visual.shape.ShapeStim'>, anchor=('center', 'center'), autoDraw=False, autoLog=True, closeShape=True, color=method-wrapper(...), colorSpace='rgb', contrast=None, depth=0, draggable=False, fillColor=array([-1, -1, -1]), fillColorSpace='rgb', fillRGB=array([-1, -1, -1]), interpolate=True, lineColor=array([-1, -1, -1]), lineColorSpace='rgb', lineRGB=array([-1, -1, -1]), lineWidth=1.5, name='unnamed ShapeStim', opacity=1.0, ori=40.909090909090914, pos=array([-0.03274304,  0.31221252]), size=array([1., 1.]), units='height', vertices=ndarray(...), win=Window(...), windingRule=None)
174.7488 	EXP 	window1: mouseVisible = True
174.7491 	EXP 	Created unnamed Line = Line(__class__=<class 'psychopy.visual.line.Line'>, anchor=('center', 'center'), autoDraw=False, autoLog=True, closeShape=False, color=array([-1, -1, -1]), colorSpace='rgb', contrast=None, depth=2, draggable=False, fillColor=array([0, 0, 0]), fillColorSpace='rgb', fillRGB=array([0, 0, 0]), interpolate=True, lineColor=array([-1, -1, -1]), lineColorSpace='rgb', lineRGB=array([-1, -1, -1]), lineWidth=4, name='unnamed Line', opacity=0.5, ori=0.0, pos=array([0., 0.]), size=array([1., 1.]), units='height', vertices=ndarray(...), win=Window(...), windingRule=None)
174.7492 	EXP 	window1: mouseVisible = True
174.7496 	EXP 	Created unnamed ShapeStim = ShapeStim(__class__=<class 'psychopy.visual.shape.ShapeStim'>, anchor=('center', 'center'), autoDraw=False, autoLog=True, closeShape=True, color=method-wrapper(...), colorSpace='rgb', contrast=None, depth=0, draggable=False, fillColor=array([-1, -1, -1]), fillColorSpace='rgb', fillRGB=array([-1, -1, -1]), interpolate=True, lineColor=array([-1, -1, -1]), lineColorSpace='rgb', lineRGB=array([-1, -1, -1]), lineWidth=1.5, name='unnamed ShapeStim', opacity=1.0, ori=-57.27272727272728, pos=array([-0.22244967, -0.2562333 ]), size=array([1., 1.]), units='height', vertices=ndarray(...), win=Window(...), windingRule=None)
174.7496 	EXP 	window1: mouseVisible = True
174.7499 	EXP 	Created unnamed Line = Line(__class__=<class 'psychopy.visual.line.Line'>, anchor=('center', 'center'), autoDraw=False, autoLog=True, closeShape=False, color=array([-1, -1, -1]), colorSpace='rgb', contrast=None, depth=2, draggable=False, fillColor=array([0, 0, 0]), fillColorSpace='rgb', fillRGB=array([0, 0, 0]), interpolate=True, lineColor=array([-1, -1, -1]), lineColorSpace='rgb', lineRGB=array([-1, -1, -1]), lineWidth=4, name='unnamed Line', opacity=0.5, ori=0.0, pos=array([0., 0.]), size=array([1., 1.]), units='height', vertices=ndarray(...), win=Window(...), windingRule=None)
174.7500 	EXP 	window1: mouseVisible = True
174.7504 	EXP 	Created unnamed ShapeStim = ShapeStim(__class__=<class 'psychopy.visual.shape.ShapeStim'>, anchor=('center', 'center'), autoDraw=False, autoLog=True, closeShape=True, color=method-wrapper(...), colorSpace='rgb', contrast=None, depth=0, draggable=False, fillColor=array([-1, -1, -1]), fillColorSpace='rgb', fillRGB=array([-1, -1, -1]), interpolate=True, lineColor=array([-1, -1, -1]), lineColorSpace='rgb', lineRGB=array([-1, -1, -1]), lineWidth=1.5, name='unnamed ShapeStim', opacity=1.0, ori=57.27272727272728, pos=array([ 0.30437483, -0.07684223]), size=array([1., 1.]), units='height', vertices=ndarray(...), win=Window(...), windingRule=None)
174.7504 	EXP 	window1: mouseVisible = True
174.7507 	EXP 	Created unnamed Line = Line(__class__=<class 'psychopy.visual.line.Line'>, anchor=('center', 'center'), autoDraw=False, autoLog=True, closeShape=False, color=array([-1, -1, -1]), colorSpace='rgb', contrast=None, depth=2, draggable=False, fillColor=array([0, 0, 0]), fillColorSpace='rgb', fillRGB=array([0, 0, 0]), interpolate=True, lineColor=array([-1, -1, -1]), lineColorSpace='rgb', lineRGB=array([-1, -1, -1]), lineWidth=4, name='unnamed Line', opacity=0.5, ori=0.0, pos=array([0., 0.]), size=array([1., 1.]), units='height', vertices=ndarray(...), win=Window(...), windingRule=None)
174.7508 	EXP 	window1: mouseVisible = True
174.7511 	EXP 	Created unnamed ShapeStim = ShapeStim(__class__=<class 'psychopy.visual.shape.ShapeStim'>, anchor=('center', 'center'), autoDraw=False, autoLog=True, closeShape=True, color=method-wrapper(...), colorSpace='rgb', contrast=None, depth=0, draggable=False, fillColor=array([-1, -1, -1]), fillColorSpace='rgb', fillRGB=array([-1, -1, -1]), interpolate=True, lineColor=array([-1, -1, -1]), lineColorSpace='rgb', lineRGB=array([-1, -1, -1]), lineWidth=1.5, name='unnamed ShapeStim', opacity=1.0, ori=-73.63636363636365, pos=array([-0.14124964,  0.28035211]), size=array([1., 1.]), units='height', vertices=ndarray(...), win=Window(...), windingRule=None)
174.7512 	EXP 	window1: mouseVisible = True
174.7515 	EXP 	Created unnamed Line = Line(__class__=<class 'psychopy.visual.line.Line'>, anchor=('center', 'center'), autoDraw=False, autoLog=True, closeShape=False, color=array([-1, -1, -1]), colorSpace='rgb', contrast=None, depth=2, draggable=False, fillColor=array([0, 0, 0]), fillColorSpace='rgb', fillRGB=array([0, 0, 0]), interpolate=True, lineColor=array([-1, -1, -1]), lineColorSpace='rgb', lineRGB=array([-1, -1, -1]), lineWidth=4, name='unnamed Line', opacity=0.5, ori=0.0, pos=array([0., 0.]), size=array([1., 1.]), units='height', vertices=ndarray(...), win=Window(...), windingRule=None)
174.7516 	EXP 	window1: mouseVisible = True
174.7520 	EXP 	Created unnamed ShapeStim = ShapeStim(__class__=<class 'psychopy.visual.shape.ShapeStim'>, anchor=('center', 'center'), autoDraw=False, autoLog=True, closeShape=True, color=method-wrapper(...), colorSpace='rgb', contrast=None, depth=0, draggable=False, fillColor=array([-1, -1, -1]), fillColorSpace='rgb', fillRGB=array([-1, -1, -1]), interpolate=True, lineColor=array([-1, -1, -1]), lineColorSpace='rgb', lineRGB=array([-1, -1, -1]), lineWidth=1.5, name='unnamed ShapeStim', opacity=1.0, ori=220.90909090909093, pos=array([-0.06586336, -0.29803506]), size=array([1., 1.]), units='height', vertices=ndarray(...), win=Window(...), windingRule=None)
174.7521 	EXP 	window1: mouseVisible = True
174.7524 	EXP 	Created unnamed Rect = Rect(__class__=<class 'psychopy.visual.rect.Rect'>, anchor=('center', 'center'), autoDraw=False, autoLog=True, closeShape=True, color=method-wrapper(...), colorSpace='rgb', contrast=None, depth=0, draggable=False, fillColor=array([0.00392157, 0.00392157, 0.00392157]), fillColorSpace='rgb', fillRGB=array([0.00392157, 0.00392157, 0.00392157]), interpolate=True, lineColor=array([0, 0, 0]), lineColorSpace='rgb', lineRGB=array([0, 0, 0]), lineWidth=0, name='unnamed Rect', opacity=0.0, ori=0.0, pos=array([0.1, 0. ]), size=array([1.1, 1. ]), units='height', vertices=ndarray(...), win=Window(...))
174.7590 	EXP 	unnamed Rect: autoDraw = True
174.7590 	EXP 	node0: autoDraw = True
174.7590 	EXP 	unnamed ImageStim: autoDraw = True
174.7590 	EXP 	node1: autoDraw = True
174.7590 	EXP 	unnamed ImageStim: autoDraw = True
174.7590 	EXP 	node2: autoDraw = True
174.7590 	EXP 	unnamed ImageStim: autoDraw = True
174.7590 	EXP 	node3: autoDraw = True
174.7590 	EXP 	unnamed ImageStim: autoDraw = True
174.7590 	EXP 	node4: autoDraw = True
174.7590 	EXP 	unnamed ImageStim: autoDraw = True
174.7590 	EXP 	node5: autoDraw = True
174.7590 	EXP 	unnamed ImageStim: autoDraw = True
174.7590 	EXP 	node6: autoDraw = True
174.7590 	EXP 	unnamed ImageStim: autoDraw = True
174.7590 	EXP 	node7: autoDraw = True
174.7590 	EXP 	unnamed ImageStim: autoDraw = True
174.7590 	EXP 	node8: autoDraw = True
174.7590 	EXP 	unnamed ImageStim: autoDraw = True
174.7590 	EXP 	node9: autoDraw = True
174.7590 	EXP 	node10: autoDraw = True
174.7590 	EXP 	unnamed ImageStim: autoDraw = True
174.7590 	EXP 	unnamed Line: autoDraw = True
174.7590 	EXP 	unnamed Line: autoDraw = True
174.7590 	EXP 	unnamed ShapeStim: autoDraw = True
174.7590 	EXP 	unnamed Line: autoDraw = True
174.7590 	EXP 	unnamed Line: autoDraw = True
174.7590 	EXP 	unnamed ShapeStim: autoDraw = True
174.7590 	EXP 	unnamed Line: autoDraw = True
174.7590 	EXP 	unnamed Line: autoDraw = True
174.7590 	EXP 	unnamed ShapeStim: autoDraw = True
174.7590 	EXP 	unnamed Line: autoDraw = True
174.7590 	EXP 	unnamed Line: autoDraw = True
174.7590 	EXP 	unnamed ShapeStim: autoDraw = True
174.7590 	EXP 	unnamed Line: autoDraw = True
174.7590 	EXP 	unnamed Line: autoDraw = True
174.7590 	EXP 	unnamed ShapeStim: autoDraw = True
174.7590 	EXP 	unnamed Line: autoDraw = True
174.7590 	EXP 	unnamed Line: autoDraw = True
174.7590 	EXP 	unnamed ShapeStim: autoDraw = True
174.7590 	EXP 	unnamed Line: autoDraw = True
174.7590 	EXP 	unnamed Line: autoDraw = True
174.7590 	EXP 	unnamed ShapeStim: autoDraw = True
174.7590 	EXP 	unnamed Line: autoDraw = True
174.7590 	EXP 	unnamed Line: autoDraw = True
174.7590 	EXP 	unnamed ShapeStim: autoDraw = True
174.7590 	EXP 	unnamed Line: autoDraw = True
174.7590 	EXP 	unnamed Line: autoDraw = True
174.7590 	EXP 	unnamed ShapeStim: autoDraw = True
174.7590 	EXP 	unnamed Line: autoDraw = True
174.7590 	EXP 	unnamed Line: autoDraw = True
174.7590 	EXP 	unnamed ShapeStim: autoDraw = True
174.7590 	EXP 	unnamed Rect: autoDraw = True
174.7590 	EXP 	node9: fillColor = '#126DEF'
174.7678 	EXP 	node9: fillColor = '#126DEF'
174.7678 	EXP 	unnamed Line: foreColor = <psychopy.colors.Color: black, alpha=1.0>
174.7678 	EXP 	unnamed Line: borderColor = <psychopy.colors.Color: black, alpha=1.0>
174.7678 	EXP 	unnamed Line: fillColor = <psychopy.colors.Color: black, alpha=1.0>
174.7678 	EXP 	unnamed ShapeStim: foreColor = <psychopy.colors.Color: black, alpha=1.0>
174.7678 	EXP 	unnamed ShapeStim: borderColor = <psychopy.colors.Color: black, alpha=1.0>
174.7678 	EXP 	unnamed ShapeStim: fillColor = <psychopy.colors.Color: black, alpha=1.0>
174.7678 	EXP 	unnamed Line: foreColor = <psychopy.colors.Color: black, alpha=1.0>
174.7678 	EXP 	unnamed Line: borderColor = <psychopy.colors.Color: black, alpha=1.0>
174.7678 	EXP 	unnamed Line: fillColor = <psychopy.colors.Color: black, alpha=1.0>
174.7678 	EXP 	unnamed ShapeStim: foreColor = <psychopy.colors.Color: black, alpha=1.0>
174.7678 	EXP 	unnamed ShapeStim: borderColor = <psychopy.colors.Color: black, alpha=1.0>
174.7678 	EXP 	unnamed ShapeStim: fillColor = <psychopy.colors.Color: black, alpha=1.0>
174.7678 	EXP 	unnamed Line: foreColor = <psychopy.colors.Color: black, alpha=1.0>
174.7678 	EXP 	unnamed Line: borderColor = <psychopy.colors.Color: black, alpha=1.0>
174.7678 	EXP 	unnamed Line: fillColor = <psychopy.colors.Color: black, alpha=1.0>
174.7678 	EXP 	unnamed ShapeStim: foreColor = <psychopy.colors.Color: black, alpha=1.0>
174.7678 	EXP 	unnamed ShapeStim: borderColor = <psychopy.colors.Color: black, alpha=1.0>
174.7678 	EXP 	unnamed ShapeStim: fillColor = <psychopy.colors.Color: black, alpha=1.0>
174.7678 	EXP 	unnamed Line: foreColor = <psychopy.colors.Color: black, alpha=1.0>
174.7678 	EXP 	unnamed Line: borderColor = <psychopy.colors.Color: black, alpha=1.0>
174.7678 	EXP 	unnamed Line: fillColor = <psychopy.colors.Color: black, alpha=1.0>
174.7678 	EXP 	unnamed ShapeStim: foreColor = <psychopy.colors.Color: black, alpha=1.0>
174.7678 	EXP 	unnamed ShapeStim: borderColor = <psychopy.colors.Color: black, alpha=1.0>
174.7678 	EXP 	unnamed ShapeStim: fillColor = <psychopy.colors.Color: black, alpha=1.0>
174.7678 	EXP 	unnamed Line: foreColor = <psychopy.colors.Color: black, alpha=1.0>
174.7678 	EXP 	unnamed Line: borderColor = <psychopy.colors.Color: black, alpha=1.0>
174.7678 	EXP 	unnamed Line: fillColor = <psychopy.colors.Color: black, alpha=1.0>
174.7678 	EXP 	unnamed ShapeStim: foreColor = <psychopy.colors.Color: black, alpha=1.0>
174.7678 	EXP 	unnamed ShapeStim: borderColor = <psychopy.colors.Color: black, alpha=1.0>
174.7678 	EXP 	unnamed ShapeStim: fillColor = <psychopy.colors.Color: black, alpha=1.0>
174.7678 	EXP 	unnamed Line: foreColor = <psychopy.colors.Color: black, alpha=1.0>
174.7678 	EXP 	unnamed Line: borderColor = <psychopy.colors.Color: black, alpha=1.0>
174.7678 	EXP 	unnamed Line: fillColor = <psychopy.colors.Color: black, alpha=1.0>
174.7678 	EXP 	unnamed ShapeStim: foreColor = <psychopy.colors.Color: black, alpha=1.0>
174.7678 	EXP 	unnamed ShapeStim: borderColor = <psychopy.colors.Color: black, alpha=1.0>
174.7678 	EXP 	unnamed ShapeStim: fillColor = <psychopy.colors.Color: black, alpha=1.0>
174.7678 	EXP 	unnamed Line: foreColor = <psychopy.colors.Color: black, alpha=1.0>
174.7678 	EXP 	unnamed Line: borderColor = <psychopy.colors.Color: black, alpha=1.0>
174.7678 	EXP 	unnamed Line: fillColor = <psychopy.colors.Color: black, alpha=1.0>
174.7678 	EXP 	unnamed ShapeStim: foreColor = <psychopy.colors.Color: black, alpha=1.0>
174.7678 	EXP 	unnamed ShapeStim: borderColor = <psychopy.colors.Color: black, alpha=1.0>
174.7678 	EXP 	unnamed ShapeStim: fillColor = <psychopy.colors.Color: black, alpha=1.0>
174.7678 	EXP 	unnamed Line: foreColor = <psychopy.colors.Color: black, alpha=1.0>
174.7678 	EXP 	unnamed Line: borderColor = <psychopy.colors.Color: black, alpha=1.0>
174.7678 	EXP 	unnamed Line: fillColor = <psychopy.colors.Color: black, alpha=1.0>
174.7678 	EXP 	unnamed ShapeStim: foreColor = <psychopy.colors.Color: black, alpha=1.0>
174.7678 	EXP 	unnamed ShapeStim: borderColor = <psychopy.colors.Color: black, alpha=1.0>
174.7678 	EXP 	unnamed ShapeStim: fillColor = <psychopy.colors.Color: black, alpha=1.0>
174.7678 	EXP 	unnamed Line: autoDraw = False
174.7678 	EXP 	unnamed ShapeStim: autoDraw = False
174.7678 	EXP 	unnamed Line: autoDraw = True
174.7678 	EXP 	unnamed ShapeStim: autoDraw = True
174.7678 	EXP 	unnamed Line: autoDraw = False
174.7678 	EXP 	unnamed ShapeStim: autoDraw = False
174.7678 	EXP 	unnamed Line: autoDraw = True
174.7678 	EXP 	unnamed ShapeStim: autoDraw = True
174.7678 	EXP 	unnamed Line: foreColor = <psychopy.colors.Color: (1.0, 0.58, -0.87, 1.0)>
174.7678 	EXP 	unnamed Line: borderColor = <psychopy.colors.Color: (1.0, 0.58, -0.87, 1.0)>
174.7678 	EXP 	unnamed Line: fillColor = <psychopy.colors.Color: (1.0, 0.58, -0.87, 1.0)>
174.7678 	EXP 	unnamed ShapeStim: foreColor = <psychopy.colors.Color: (1.0, 0.58, -0.87, 1.0)>
174.7678 	EXP 	unnamed ShapeStim: borderColor = <psychopy.colors.Color: (1.0, 0.58, -0.87, 1.0)>
174.7678 	EXP 	unnamed ShapeStim: fillColor = <psychopy.colors.Color: (1.0, 0.58, -0.87, 1.0)>
175.7439 	DATA 	Keypress: f
175.7484 	EXP 	unnamed Line: foreColor = <psychopy.colors.Color: black, alpha=1.0>
175.7484 	EXP 	unnamed Line: borderColor = <psychopy.colors.Color: black, alpha=1.0>
175.7484 	EXP 	unnamed Line: fillColor = <psychopy.colors.Color: black, alpha=1.0>
175.7484 	EXP 	unnamed ShapeStim: foreColor = <psychopy.colors.Color: black, alpha=1.0>
175.7484 	EXP 	unnamed ShapeStim: borderColor = <psychopy.colors.Color: black, alpha=1.0>
175.7484 	EXP 	unnamed ShapeStim: fillColor = <psychopy.colors.Color: black, alpha=1.0>
175.7484 	EXP 	unnamed Line: foreColor = <psychopy.colors.Color: (1.0, 0.58, -0.87, 1.0)>
175.7484 	EXP 	unnamed Line: borderColor = <psychopy.colors.Color: (1.0, 0.58, -0.87, 1.0)>
175.7484 	EXP 	unnamed Line: fillColor = <psychopy.colors.Color: (1.0, 0.58, -0.87, 1.0)>
175.7484 	EXP 	unnamed ShapeStim: foreColor = <psychopy.colors.Color: (1.0, 0.58, -0.87, 1.0)>
175.7484 	EXP 	unnamed ShapeStim: borderColor = <psychopy.colors.Color: (1.0, 0.58, -0.87, 1.0)>
175.7484 	EXP 	unnamed ShapeStim: fillColor = <psychopy.colors.Color: (1.0, 0.58, -0.87, 1.0)>
176.9437 	DATA 	Keypress: f
176.9537 	EXP 	unnamed Line: foreColor = <psychopy.colors.Color: black, alpha=1.0>
176.9537 	EXP 	unnamed Line: borderColor = <psychopy.colors.Color: black, alpha=1.0>
176.9537 	EXP 	unnamed Line: fillColor = <psychopy.colors.Color: black, alpha=1.0>
176.9537 	EXP 	unnamed ShapeStim: foreColor = <psychopy.colors.Color: black, alpha=1.0>
176.9537 	EXP 	unnamed ShapeStim: borderColor = <psychopy.colors.Color: black, alpha=1.0>
176.9537 	EXP 	unnamed ShapeStim: fillColor = <psychopy.colors.Color: black, alpha=1.0>
176.9537 	EXP 	unnamed Line: foreColor = <psychopy.colors.Color: (1.0, 0.58, -0.87, 1.0)>
176.9537 	EXP 	unnamed Line: borderColor = <psychopy.colors.Color: (1.0, 0.58, -0.87, 1.0)>
176.9537 	EXP 	unnamed Line: fillColor = <psychopy.colors.Color: (1.0, 0.58, -0.87, 1.0)>
176.9537 	EXP 	unnamed ShapeStim: foreColor = <psychopy.colors.Color: (1.0, 0.58, -0.87, 1.0)>
176.9537 	EXP 	unnamed ShapeStim: borderColor = <psychopy.colors.Color: (1.0, 0.58, -0.87, 1.0)>
176.9537 	EXP 	unnamed ShapeStim: fillColor = <psychopy.colors.Color: (1.0, 0.58, -0.87, 1.0)>
177.3676 	DATA 	Keypress: f
177.3721 	EXP 	unnamed Line: foreColor = <psychopy.colors.Color: black, alpha=1.0>
177.3721 	EXP 	unnamed Line: borderColor = <psychopy.colors.Color: black, alpha=1.0>
177.3721 	EXP 	unnamed Line: fillColor = <psychopy.colors.Color: black, alpha=1.0>
177.3721 	EXP 	unnamed ShapeStim: foreColor = <psychopy.colors.Color: black, alpha=1.0>
177.3721 	EXP 	unnamed ShapeStim: borderColor = <psychopy.colors.Color: black, alpha=1.0>
177.3721 	EXP 	unnamed ShapeStim: fillColor = <psychopy.colors.Color: black, alpha=1.0>
177.3721 	EXP 	unnamed Line: foreColor = <psychopy.colors.Color: (1.0, 0.58, -0.87, 1.0)>
177.3721 	EXP 	unnamed Line: borderColor = <psychopy.colors.Color: (1.0, 0.58, -0.87, 1.0)>
177.3721 	EXP 	unnamed Line: fillColor = <psychopy.colors.Color: (1.0, 0.58, -0.87, 1.0)>
177.3721 	EXP 	unnamed ShapeStim: foreColor = <psychopy.colors.Color: (1.0, 0.58, -0.87, 1.0)>
177.3721 	EXP 	unnamed ShapeStim: borderColor = <psychopy.colors.Color: (1.0, 0.58, -0.87, 1.0)>
177.3721 	EXP 	unnamed ShapeStim: fillColor = <psychopy.colors.Color: (1.0, 0.58, -0.87, 1.0)>
177.8074 	DATA 	Keypress: f
177.8117 	EXP 	unnamed Line: foreColor = <psychopy.colors.Color: black, alpha=1.0>
177.8117 	EXP 	unnamed Line: borderColor = <psychopy.colors.Color: black, alpha=1.0>
177.8117 	EXP 	unnamed Line: fillColor = <psychopy.colors.Color: black, alpha=1.0>
177.8117 	EXP 	unnamed ShapeStim: foreColor = <psychopy.colors.Color: black, alpha=1.0>
177.8117 	EXP 	unnamed ShapeStim: borderColor = <psychopy.colors.Color: black, alpha=1.0>
177.8117 	EXP 	unnamed ShapeStim: fillColor = <psychopy.colors.Color: black, alpha=1.0>
177.8117 	EXP 	unnamed Line: foreColor = <psychopy.colors.Color: (1.0, 0.58, -0.87, 1.0)>
177.8117 	EXP 	unnamed Line: borderColor = <psychopy.colors.Color: (1.0, 0.58, -0.87, 1.0)>
177.8117 	EXP 	unnamed Line: fillColor = <psychopy.colors.Color: (1.0, 0.58, -0.87, 1.0)>
177.8117 	EXP 	unnamed ShapeStim: foreColor = <psychopy.colors.Color: (1.0, 0.58, -0.87, 1.0)>
177.8117 	EXP 	unnamed ShapeStim: borderColor = <psychopy.colors.Color: (1.0, 0.58, -0.87, 1.0)>
177.8117 	EXP 	unnamed ShapeStim: fillColor = <psychopy.colors.Color: (1.0, 0.58, -0.87, 1.0)>
178.0634 	DATA 	Keypress: f
178.0679 	EXP 	unnamed Line: foreColor = <psychopy.colors.Color: black, alpha=1.0>
178.0679 	EXP 	unnamed Line: borderColor = <psychopy.colors.Color: black, alpha=1.0>
178.0679 	EXP 	unnamed Line: fillColor = <psychopy.colors.Color: black, alpha=1.0>
178.0679 	EXP 	unnamed ShapeStim: foreColor = <psychopy.colors.Color: black, alpha=1.0>
178.0679 	EXP 	unnamed ShapeStim: borderColor = <psychopy.colors.Color: black, alpha=1.0>
178.0679 	EXP 	unnamed ShapeStim: fillColor = <psychopy.colors.Color: black, alpha=1.0>
178.0679 	EXP 	unnamed Line: foreColor = <psychopy.colors.Color: (1.0, 0.58, -0.87, 1.0)>
178.0679 	EXP 	unnamed Line: borderColor = <psychopy.colors.Color: (1.0, 0.58, -0.87, 1.0)>
178.0679 	EXP 	unnamed Line: fillColor = <psychopy.colors.Color: (1.0, 0.58, -0.87, 1.0)>
178.0679 	EXP 	unnamed ShapeStim: foreColor = <psychopy.colors.Color: (1.0, 0.58, -0.87, 1.0)>
178.0679 	EXP 	unnamed ShapeStim: borderColor = <psychopy.colors.Color: (1.0, 0.58, -0.87, 1.0)>
178.0679 	EXP 	unnamed ShapeStim: fillColor = <psychopy.colors.Color: (1.0, 0.58, -0.87, 1.0)>
178.2472 	DATA 	Keypress: f
178.2515 	EXP 	unnamed Line: foreColor = <psychopy.colors.Color: black, alpha=1.0>
178.2515 	EXP 	unnamed Line: borderColor = <psychopy.colors.Color: black, alpha=1.0>
178.2515 	EXP 	unnamed Line: fillColor = <psychopy.colors.Color: black, alpha=1.0>
178.2515 	EXP 	unnamed ShapeStim: foreColor = <psychopy.colors.Color: black, alpha=1.0>
178.2515 	EXP 	unnamed ShapeStim: borderColor = <psychopy.colors.Color: black, alpha=1.0>
178.2515 	EXP 	unnamed ShapeStim: fillColor = <psychopy.colors.Color: black, alpha=1.0>
178.2515 	EXP 	unnamed Line: foreColor = <psychopy.colors.Color: (1.0, 0.58, -0.87, 1.0)>
178.2515 	EXP 	unnamed Line: borderColor = <psychopy.colors.Color: (1.0, 0.58, -0.87, 1.0)>
178.2515 	EXP 	unnamed Line: fillColor = <psychopy.colors.Color: (1.0, 0.58, -0.87, 1.0)>
178.2515 	EXP 	unnamed ShapeStim: foreColor = <psychopy.colors.Color: (1.0, 0.58, -0.87, 1.0)>
178.2515 	EXP 	unnamed ShapeStim: borderColor = <psychopy.colors.Color: (1.0, 0.58, -0.87, 1.0)>
178.2515 	EXP 	unnamed ShapeStim: fillColor = <psychopy.colors.Color: (1.0, 0.58, -0.87, 1.0)>
178.4630 	DATA 	Keypress: f
178.4675 	EXP 	unnamed Line: foreColor = <psychopy.colors.Color: black, alpha=1.0>
178.4675 	EXP 	unnamed Line: borderColor = <psychopy.colors.Color: black, alpha=1.0>
178.4675 	EXP 	unnamed Line: fillColor = <psychopy.colors.Color: black, alpha=1.0>
178.4675 	EXP 	unnamed ShapeStim: foreColor = <psychopy.colors.Color: black, alpha=1.0>
178.4675 	EXP 	unnamed ShapeStim: borderColor = <psychopy.colors.Color: black, alpha=1.0>
178.4675 	EXP 	unnamed ShapeStim: fillColor = <psychopy.colors.Color: black, alpha=1.0>
178.4675 	EXP 	unnamed Line: foreColor = <psychopy.colors.Color: (1.0, 0.58, -0.87, 1.0)>
178.4675 	EXP 	unnamed Line: borderColor = <psychopy.colors.Color: (1.0, 0.58, -0.87, 1.0)>
178.4675 	EXP 	unnamed Line: fillColor = <psychopy.colors.Color: (1.0, 0.58, -0.87, 1.0)>
178.4675 	EXP 	unnamed ShapeStim: foreColor = <psychopy.colors.Color: (1.0, 0.58, -0.87, 1.0)>
178.4675 	EXP 	unnamed ShapeStim: borderColor = <psychopy.colors.Color: (1.0, 0.58, -0.87, 1.0)>
178.4675 	EXP 	unnamed ShapeStim: fillColor = <psychopy.colors.Color: (1.0, 0.58, -0.87, 1.0)>
178.6551 	DATA 	Keypress: f
178.6595 	EXP 	unnamed Line: foreColor = <psychopy.colors.Color: black, alpha=1.0>
178.6595 	EXP 	unnamed Line: borderColor = <psychopy.colors.Color: black, alpha=1.0>
178.6595 	EXP 	unnamed Line: fillColor = <psychopy.colors.Color: black, alpha=1.0>
178.6595 	EXP 	unnamed ShapeStim: foreColor = <psychopy.colors.Color: black, alpha=1.0>
178.6595 	EXP 	unnamed ShapeStim: borderColor = <psychopy.colors.Color: black, alpha=1.0>
178.6595 	EXP 	unnamed ShapeStim: fillColor = <psychopy.colors.Color: black, alpha=1.0>
178.6595 	EXP 	unnamed Line: foreColor = <psychopy.colors.Color: (1.0, 0.58, -0.87, 1.0)>
178.6595 	EXP 	unnamed Line: borderColor = <psychopy.colors.Color: (1.0, 0.58, -0.87, 1.0)>
178.6595 	EXP 	unnamed Line: fillColor = <psychopy.colors.Color: (1.0, 0.58, -0.87, 1.0)>
178.6595 	EXP 	unnamed ShapeStim: foreColor = <psychopy.colors.Color: (1.0, 0.58, -0.87, 1.0)>
178.6595 	EXP 	unnamed ShapeStim: borderColor = <psychopy.colors.Color: (1.0, 0.58, -0.87, 1.0)>
178.6595 	EXP 	unnamed ShapeStim: fillColor = <psychopy.colors.Color: (1.0, 0.58, -0.87, 1.0)>
178.8551 	DATA 	Keypress: f
178.8596 	EXP 	unnamed Line: foreColor = <psychopy.colors.Color: black, alpha=1.0>
178.8596 	EXP 	unnamed Line: borderColor = <psychopy.colors.Color: black, alpha=1.0>
178.8596 	EXP 	unnamed Line: fillColor = <psychopy.colors.Color: black, alpha=1.0>
178.8596 	EXP 	unnamed ShapeStim: foreColor = <psychopy.colors.Color: black, alpha=1.0>
178.8596 	EXP 	unnamed ShapeStim: borderColor = <psychopy.colors.Color: black, alpha=1.0>
178.8596 	EXP 	unnamed ShapeStim: fillColor = <psychopy.colors.Color: black, alpha=1.0>
178.8596 	EXP 	unnamed Line: foreColor = <psychopy.colors.Color: (1.0, 0.58, -0.87, 1.0)>
178.8596 	EXP 	unnamed Line: borderColor = <psychopy.colors.Color: (1.0, 0.58, -0.87, 1.0)>
178.8596 	EXP 	unnamed Line: fillColor = <psychopy.colors.Color: (1.0, 0.58, -0.87, 1.0)>
178.8596 	EXP 	unnamed ShapeStim: foreColor = <psychopy.colors.Color: (1.0, 0.58, -0.87, 1.0)>
178.8596 	EXP 	unnamed ShapeStim: borderColor = <psychopy.colors.Color: (1.0, 0.58, -0.87, 1.0)>
178.8596 	EXP 	unnamed ShapeStim: fillColor = <psychopy.colors.Color: (1.0, 0.58, -0.87, 1.0)>
178.9990 	DATA 	Keypress: f
179.0034 	EXP 	unnamed Line: foreColor = <psychopy.colors.Color: black, alpha=1.0>
179.0034 	EXP 	unnamed Line: borderColor = <psychopy.colors.Color: black, alpha=1.0>
179.0034 	EXP 	unnamed Line: fillColor = <psychopy.colors.Color: black, alpha=1.0>
179.0034 	EXP 	unnamed ShapeStim: foreColor = <psychopy.colors.Color: black, alpha=1.0>
179.0034 	EXP 	unnamed ShapeStim: borderColor = <psychopy.colors.Color: black, alpha=1.0>
179.0034 	EXP 	unnamed ShapeStim: fillColor = <psychopy.colors.Color: black, alpha=1.0>
179.0034 	EXP 	unnamed Line: foreColor = <psychopy.colors.Color: (1.0, 0.58, -0.87, 1.0)>
179.0034 	EXP 	unnamed Line: borderColor = <psychopy.colors.Color: (1.0, 0.58, -0.87, 1.0)>
179.0034 	EXP 	unnamed Line: fillColor = <psychopy.colors.Color: (1.0, 0.58, -0.87, 1.0)>
179.0034 	EXP 	unnamed ShapeStim: foreColor = <psychopy.colors.Color: (1.0, 0.58, -0.87, 1.0)>
179.0034 	EXP 	unnamed ShapeStim: borderColor = <psychopy.colors.Color: (1.0, 0.58, -0.87, 1.0)>
179.0034 	EXP 	unnamed ShapeStim: fillColor = <psychopy.colors.Color: (1.0, 0.58, -0.87, 1.0)>
179.2550 	DATA 	Keypress: f
179.2594 	EXP 	unnamed Line: foreColor = <psychopy.colors.Color: black, alpha=1.0>
179.2594 	EXP 	unnamed Line: borderColor = <psychopy.colors.Color: black, alpha=1.0>
179.2594 	EXP 	unnamed Line: fillColor = <psychopy.colors.Color: black, alpha=1.0>
179.2594 	EXP 	unnamed ShapeStim: foreColor = <psychopy.colors.Color: black, alpha=1.0>
179.2594 	EXP 	unnamed ShapeStim: borderColor = <psychopy.colors.Color: black, alpha=1.0>
179.2594 	EXP 	unnamed ShapeStim: fillColor = <psychopy.colors.Color: black, alpha=1.0>
179.2594 	EXP 	unnamed Line: foreColor = <psychopy.colors.Color: (1.0, 0.58, -0.87, 1.0)>
179.2594 	EXP 	unnamed Line: borderColor = <psychopy.colors.Color: (1.0, 0.58, -0.87, 1.0)>
179.2594 	EXP 	unnamed Line: fillColor = <psychopy.colors.Color: (1.0, 0.58, -0.87, 1.0)>
179.2594 	EXP 	unnamed ShapeStim: foreColor = <psychopy.colors.Color: (1.0, 0.58, -0.87, 1.0)>
179.2594 	EXP 	unnamed ShapeStim: borderColor = <psychopy.colors.Color: (1.0, 0.58, -0.87, 1.0)>
179.2594 	EXP 	unnamed ShapeStim: fillColor = <psychopy.colors.Color: (1.0, 0.58, -0.87, 1.0)>
179.4552 	DATA 	Keypress: f
179.4595 	EXP 	unnamed Line: foreColor = <psychopy.colors.Color: black, alpha=1.0>
179.4595 	EXP 	unnamed Line: borderColor = <psychopy.colors.Color: black, alpha=1.0>
179.4595 	EXP 	unnamed Line: fillColor = <psychopy.colors.Color: black, alpha=1.0>
179.4595 	EXP 	unnamed ShapeStim: foreColor = <psychopy.colors.Color: black, alpha=1.0>
179.4595 	EXP 	unnamed ShapeStim: borderColor = <psychopy.colors.Color: black, alpha=1.0>
179.4595 	EXP 	unnamed ShapeStim: fillColor = <psychopy.colors.Color: black, alpha=1.0>
179.4595 	EXP 	unnamed Line: foreColor = <psychopy.colors.Color: (1.0, 0.58, -0.87, 1.0)>
179.4595 	EXP 	unnamed Line: borderColor = <psychopy.colors.Color: (1.0, 0.58, -0.87, 1.0)>
179.4595 	EXP 	unnamed Line: fillColor = <psychopy.colors.Color: (1.0, 0.58, -0.87, 1.0)>
179.4595 	EXP 	unnamed ShapeStim: foreColor = <psychopy.colors.Color: (1.0, 0.58, -0.87, 1.0)>
179.4595 	EXP 	unnamed ShapeStim: borderColor = <psychopy.colors.Color: (1.0, 0.58, -0.87, 1.0)>
179.4595 	EXP 	unnamed ShapeStim: fillColor = <psychopy.colors.Color: (1.0, 0.58, -0.87, 1.0)>
179.6551 	DATA 	Keypress: f
179.6597 	EXP 	unnamed Line: foreColor = <psychopy.colors.Color: black, alpha=1.0>
179.6597 	EXP 	unnamed Line: borderColor = <psychopy.colors.Color: black, alpha=1.0>
179.6597 	EXP 	unnamed Line: fillColor = <psychopy.colors.Color: black, alpha=1.0>
179.6597 	EXP 	unnamed ShapeStim: foreColor = <psychopy.colors.Color: black, alpha=1.0>
179.6597 	EXP 	unnamed ShapeStim: borderColor = <psychopy.colors.Color: black, alpha=1.0>
179.6597 	EXP 	unnamed ShapeStim: fillColor = <psychopy.colors.Color: black, alpha=1.0>
179.6597 	EXP 	unnamed Line: foreColor = <psychopy.colors.Color: (1.0, 0.58, -0.87, 1.0)>
179.6597 	EXP 	unnamed Line: borderColor = <psychopy.colors.Color: (1.0, 0.58, -0.87, 1.0)>
179.6597 	EXP 	unnamed Line: fillColor = <psychopy.colors.Color: (1.0, 0.58, -0.87, 1.0)>
179.6597 	EXP 	unnamed ShapeStim: foreColor = <psychopy.colors.Color: (1.0, 0.58, -0.87, 1.0)>
179.6597 	EXP 	unnamed ShapeStim: borderColor = <psychopy.colors.Color: (1.0, 0.58, -0.87, 1.0)>
179.6597 	EXP 	unnamed ShapeStim: fillColor = <psychopy.colors.Color: (1.0, 0.58, -0.87, 1.0)>
179.8472 	DATA 	Keypress: f
179.8516 	EXP 	unnamed Line: foreColor = <psychopy.colors.Color: black, alpha=1.0>
179.8516 	EXP 	unnamed Line: borderColor = <psychopy.colors.Color: black, alpha=1.0>
179.8516 	EXP 	unnamed Line: fillColor = <psychopy.colors.Color: black, alpha=1.0>
179.8516 	EXP 	unnamed ShapeStim: foreColor = <psychopy.colors.Color: black, alpha=1.0>
179.8516 	EXP 	unnamed ShapeStim: borderColor = <psychopy.colors.Color: black, alpha=1.0>
179.8516 	EXP 	unnamed ShapeStim: fillColor = <psychopy.colors.Color: black, alpha=1.0>
179.8516 	EXP 	unnamed Line: foreColor = <psychopy.colors.Color: (1.0, 0.58, -0.87, 1.0)>
179.8516 	EXP 	unnamed Line: borderColor = <psychopy.colors.Color: (1.0, 0.58, -0.87, 1.0)>
179.8516 	EXP 	unnamed Line: fillColor = <psychopy.colors.Color: (1.0, 0.58, -0.87, 1.0)>
179.8516 	EXP 	unnamed ShapeStim: foreColor = <psychopy.colors.Color: (1.0, 0.58, -0.87, 1.0)>
179.8516 	EXP 	unnamed ShapeStim: borderColor = <psychopy.colors.Color: (1.0, 0.58, -0.87, 1.0)>
179.8516 	EXP 	unnamed ShapeStim: fillColor = <psychopy.colors.Color: (1.0, 0.58, -0.87, 1.0)>
179.9830 	DATA 	Keypress: f
179.9874 	EXP 	unnamed Line: foreColor = <psychopy.colors.Color: black, alpha=1.0>
179.9874 	EXP 	unnamed Line: borderColor = <psychopy.colors.Color: black, alpha=1.0>
179.9874 	EXP 	unnamed Line: fillColor = <psychopy.colors.Color: black, alpha=1.0>
179.9874 	EXP 	unnamed ShapeStim: foreColor = <psychopy.colors.Color: black, alpha=1.0>
179.9874 	EXP 	unnamed ShapeStim: borderColor = <psychopy.colors.Color: black, alpha=1.0>
179.9874 	EXP 	unnamed ShapeStim: fillColor = <psychopy.colors.Color: black, alpha=1.0>
179.9874 	EXP 	unnamed Line: foreColor = <psychopy.colors.Color: (1.0, 0.58, -0.87, 1.0)>
179.9874 	EXP 	unnamed Line: borderColor = <psychopy.colors.Color: (1.0, 0.58, -0.87, 1.0)>
179.9874 	EXP 	unnamed Line: fillColor = <psychopy.colors.Color: (1.0, 0.58, -0.87, 1.0)>
179.9874 	EXP 	unnamed ShapeStim: foreColor = <psychopy.colors.Color: (1.0, 0.58, -0.87, 1.0)>
179.9874 	EXP 	unnamed ShapeStim: borderColor = <psychopy.colors.Color: (1.0, 0.58, -0.87, 1.0)>
179.9874 	EXP 	unnamed ShapeStim: fillColor = <psychopy.colors.Color: (1.0, 0.58, -0.87, 1.0)>
180.2230 	DATA 	Keypress: f
180.2274 	EXP 	unnamed Line: foreColor = <psychopy.colors.Color: black, alpha=1.0>
180.2274 	EXP 	unnamed Line: borderColor = <psychopy.colors.Color: black, alpha=1.0>
180.2274 	EXP 	unnamed Line: fillColor = <psychopy.colors.Color: black, alpha=1.0>
180.2274 	EXP 	unnamed ShapeStim: foreColor = <psychopy.colors.Color: black, alpha=1.0>
180.2274 	EXP 	unnamed ShapeStim: borderColor = <psychopy.colors.Color: black, alpha=1.0>
180.2274 	EXP 	unnamed ShapeStim: fillColor = <psychopy.colors.Color: black, alpha=1.0>
180.2274 	EXP 	unnamed Line: foreColor = <psychopy.colors.Color: (1.0, 0.58, -0.87, 1.0)>
180.2274 	EXP 	unnamed Line: borderColor = <psychopy.colors.Color: (1.0, 0.58, -0.87, 1.0)>
180.2274 	EXP 	unnamed Line: fillColor = <psychopy.colors.Color: (1.0, 0.58, -0.87, 1.0)>
180.2274 	EXP 	unnamed ShapeStim: foreColor = <psychopy.colors.Color: (1.0, 0.58, -0.87, 1.0)>
180.2274 	EXP 	unnamed ShapeStim: borderColor = <psychopy.colors.Color: (1.0, 0.58, -0.87, 1.0)>
180.2274 	EXP 	unnamed ShapeStim: fillColor = <psychopy.colors.Color: (1.0, 0.58, -0.87, 1.0)>
180.4473 	DATA 	Keypress: f
180.4518 	EXP 	unnamed Line: foreColor = <psychopy.colors.Color: black, alpha=1.0>
180.4518 	EXP 	unnamed Line: borderColor = <psychopy.colors.Color: black, alpha=1.0>
180.4518 	EXP 	unnamed Line: fillColor = <psychopy.colors.Color: black, alpha=1.0>
180.4518 	EXP 	unnamed ShapeStim: foreColor = <psychopy.colors.Color: black, alpha=1.0>
180.4518 	EXP 	unnamed ShapeStim: borderColor = <psychopy.colors.Color: black, alpha=1.0>
180.4518 	EXP 	unnamed ShapeStim: fillColor = <psychopy.colors.Color: black, alpha=1.0>
180.4518 	EXP 	unnamed Line: foreColor = <psychopy.colors.Color: (1.0, 0.58, -0.87, 1.0)>
180.4518 	EXP 	unnamed Line: borderColor = <psychopy.colors.Color: (1.0, 0.58, -0.87, 1.0)>
180.4518 	EXP 	unnamed Line: fillColor = <psychopy.colors.Color: (1.0, 0.58, -0.87, 1.0)>
180.4518 	EXP 	unnamed ShapeStim: foreColor = <psychopy.colors.Color: (1.0, 0.58, -0.87, 1.0)>
180.4518 	EXP 	unnamed ShapeStim: borderColor = <psychopy.colors.Color: (1.0, 0.58, -0.87, 1.0)>
180.4518 	EXP 	unnamed ShapeStim: fillColor = <psychopy.colors.Color: (1.0, 0.58, -0.87, 1.0)>
180.6310 	DATA 	Keypress: f
180.6353 	EXP 	unnamed Line: foreColor = <psychopy.colors.Color: black, alpha=1.0>
180.6353 	EXP 	unnamed Line: borderColor = <psychopy.colors.Color: black, alpha=1.0>
180.6353 	EXP 	unnamed Line: fillColor = <psychopy.colors.Color: black, alpha=1.0>
180.6353 	EXP 	unnamed ShapeStim: foreColor = <psychopy.colors.Color: black, alpha=1.0>
180.6353 	EXP 	unnamed ShapeStim: borderColor = <psychopy.colors.Color: black, alpha=1.0>
180.6353 	EXP 	unnamed ShapeStim: fillColor = <psychopy.colors.Color: black, alpha=1.0>
180.6353 	EXP 	unnamed Line: foreColor = <psychopy.colors.Color: (1.0, 0.58, -0.87, 1.0)>
180.6353 	EXP 	unnamed Line: borderColor = <psychopy.colors.Color: (1.0, 0.58, -0.87, 1.0)>
180.6353 	EXP 	unnamed Line: fillColor = <psychopy.colors.Color: (1.0, 0.58, -0.87, 1.0)>
180.6353 	EXP 	unnamed ShapeStim: foreColor = <psychopy.colors.Color: (1.0, 0.58, -0.87, 1.0)>
180.6353 	EXP 	unnamed ShapeStim: borderColor = <psychopy.colors.Color: (1.0, 0.58, -0.87, 1.0)>
180.6353 	EXP 	unnamed ShapeStim: fillColor = <psychopy.colors.Color: (1.0, 0.58, -0.87, 1.0)>
180.9352 	DATA 	Keypress: f
180.9396 	EXP 	unnamed Line: foreColor = <psychopy.colors.Color: black, alpha=1.0>
180.9396 	EXP 	unnamed Line: borderColor = <psychopy.colors.Color: black, alpha=1.0>
180.9396 	EXP 	unnamed Line: fillColor = <psychopy.colors.Color: black, alpha=1.0>
180.9396 	EXP 	unnamed ShapeStim: foreColor = <psychopy.colors.Color: black, alpha=1.0>
180.9396 	EXP 	unnamed ShapeStim: borderColor = <psychopy.colors.Color: black, alpha=1.0>
180.9396 	EXP 	unnamed ShapeStim: fillColor = <psychopy.colors.Color: black, alpha=1.0>
180.9396 	EXP 	unnamed Line: foreColor = <psychopy.colors.Color: (1.0, 0.58, -0.87, 1.0)>
180.9396 	EXP 	unnamed Line: borderColor = <psychopy.colors.Color: (1.0, 0.58, -0.87, 1.0)>
180.9396 	EXP 	unnamed Line: fillColor = <psychopy.colors.Color: (1.0, 0.58, -0.87, 1.0)>
180.9396 	EXP 	unnamed ShapeStim: foreColor = <psychopy.colors.Color: (1.0, 0.58, -0.87, 1.0)>
180.9396 	EXP 	unnamed ShapeStim: borderColor = <psychopy.colors.Color: (1.0, 0.58, -0.87, 1.0)>
180.9396 	EXP 	unnamed ShapeStim: fillColor = <psychopy.colors.Color: (1.0, 0.58, -0.87, 1.0)>
182.4235 	DATA 	Keypress: j
182.4293 	EXP 	node5: fillColor = '#126DEF'
182.4293 	EXP 	node9: fillColor = 'white'
182.4363 	EXP 	unnamed Line: foreColor = <psychopy.colors.Color: black, alpha=1.0>
182.4363 	EXP 	unnamed Line: borderColor = <psychopy.colors.Color: black, alpha=1.0>
182.4363 	EXP 	unnamed Line: fillColor = <psychopy.colors.Color: black, alpha=1.0>
182.4363 	EXP 	unnamed ShapeStim: foreColor = <psychopy.colors.Color: black, alpha=1.0>
182.4363 	EXP 	unnamed ShapeStim: borderColor = <psychopy.colors.Color: black, alpha=1.0>
182.4363 	EXP 	unnamed ShapeStim: fillColor = <psychopy.colors.Color: black, alpha=1.0>
182.4363 	EXP 	unnamed Line: foreColor = <psychopy.colors.Color: black, alpha=1.0>
182.4363 	EXP 	unnamed Line: borderColor = <psychopy.colors.Color: black, alpha=1.0>
182.4363 	EXP 	unnamed Line: fillColor = <psychopy.colors.Color: black, alpha=1.0>
182.4363 	EXP 	unnamed ShapeStim: foreColor = <psychopy.colors.Color: black, alpha=1.0>
182.4363 	EXP 	unnamed ShapeStim: borderColor = <psychopy.colors.Color: black, alpha=1.0>
182.4363 	EXP 	unnamed ShapeStim: fillColor = <psychopy.colors.Color: black, alpha=1.0>
182.4363 	EXP 	unnamed Line: foreColor = <psychopy.colors.Color: black, alpha=1.0>
182.4363 	EXP 	unnamed Line: borderColor = <psychopy.colors.Color: black, alpha=1.0>
182.4363 	EXP 	unnamed Line: fillColor = <psychopy.colors.Color: black, alpha=1.0>
182.4363 	EXP 	unnamed ShapeStim: foreColor = <psychopy.colors.Color: black, alpha=1.0>
182.4363 	EXP 	unnamed ShapeStim: borderColor = <psychopy.colors.Color: black, alpha=1.0>
182.4363 	EXP 	unnamed ShapeStim: fillColor = <psychopy.colors.Color: black, alpha=1.0>
182.4363 	EXP 	unnamed Line: foreColor = <psychopy.colors.Color: black, alpha=1.0>
182.4363 	EXP 	unnamed Line: borderColor = <psychopy.colors.Color: black, alpha=1.0>
182.4363 	EXP 	unnamed Line: fillColor = <psychopy.colors.Color: black, alpha=1.0>
182.4363 	EXP 	unnamed ShapeStim: foreColor = <psychopy.colors.Color: black, alpha=1.0>
182.4363 	EXP 	unnamed ShapeStim: borderColor = <psychopy.colors.Color: black, alpha=1.0>
182.4363 	EXP 	unnamed ShapeStim: fillColor = <psychopy.colors.Color: black, alpha=1.0>
182.4363 	EXP 	unnamed Line: foreColor = <psychopy.colors.Color: black, alpha=1.0>
182.4363 	EXP 	unnamed Line: borderColor = <psychopy.colors.Color: black, alpha=1.0>
182.4363 	EXP 	unnamed Line: fillColor = <psychopy.colors.Color: black, alpha=1.0>
182.4363 	EXP 	unnamed ShapeStim: foreColor = <psychopy.colors.Color: black, alpha=1.0>
182.4363 	EXP 	unnamed ShapeStim: borderColor = <psychopy.colors.Color: black, alpha=1.0>
182.4363 	EXP 	unnamed ShapeStim: fillColor = <psychopy.colors.Color: black, alpha=1.0>
182.4363 	EXP 	unnamed Line: foreColor = <psychopy.colors.Color: black, alpha=1.0>
182.4363 	EXP 	unnamed Line: borderColor = <psychopy.colors.Color: black, alpha=1.0>
182.4363 	EXP 	unnamed Line: fillColor = <psychopy.colors.Color: black, alpha=1.0>
182.4363 	EXP 	unnamed ShapeStim: foreColor = <psychopy.colors.Color: black, alpha=1.0>
182.4363 	EXP 	unnamed ShapeStim: borderColor = <psychopy.colors.Color: black, alpha=1.0>
182.4363 	EXP 	unnamed ShapeStim: fillColor = <psychopy.colors.Color: black, alpha=1.0>
182.4363 	EXP 	unnamed Line: autoDraw = False
182.4363 	EXP 	unnamed ShapeStim: autoDraw = False
182.4363 	EXP 	unnamed Line: autoDraw = True
182.4363 	EXP 	unnamed ShapeStim: autoDraw = True
182.4363 	EXP 	unnamed Line: autoDraw = False
182.4363 	EXP 	unnamed ShapeStim: autoDraw = False
182.4363 	EXP 	unnamed Line: autoDraw = True
182.4363 	EXP 	unnamed ShapeStim: autoDraw = True
182.4363 	EXP 	unnamed Line: foreColor = <psychopy.colors.Color: black, alpha=1.0>
182.4363 	EXP 	unnamed Line: borderColor = <psychopy.colors.Color: black, alpha=1.0>
182.4363 	EXP 	unnamed Line: fillColor = <psychopy.colors.Color: black, alpha=1.0>
182.4363 	EXP 	unnamed ShapeStim: foreColor = <psychopy.colors.Color: black, alpha=1.0>
182.4363 	EXP 	unnamed ShapeStim: borderColor = <psychopy.colors.Color: black, alpha=1.0>
182.4363 	EXP 	unnamed ShapeStim: fillColor = <psychopy.colors.Color: black, alpha=1.0>
182.4363 	EXP 	unnamed Line: foreColor = <psychopy.colors.Color: black, alpha=1.0>
182.4363 	EXP 	unnamed Line: borderColor = <psychopy.colors.Color: black, alpha=1.0>
182.4363 	EXP 	unnamed Line: fillColor = <psychopy.colors.Color: black, alpha=1.0>
182.4363 	EXP 	unnamed ShapeStim: foreColor = <psychopy.colors.Color: black, alpha=1.0>
182.4363 	EXP 	unnamed ShapeStim: borderColor = <psychopy.colors.Color: black, alpha=1.0>
182.4363 	EXP 	unnamed ShapeStim: fillColor = <psychopy.colors.Color: black, alpha=1.0>
182.4363 	EXP 	unnamed Line: foreColor = <psychopy.colors.Color: (1.0, 0.58, -0.87, 1.0)>
182.4363 	EXP 	unnamed Line: borderColor = <psychopy.colors.Color: (1.0, 0.58, -0.87, 1.0)>
182.4363 	EXP 	unnamed Line: fillColor = <psychopy.colors.Color: (1.0, 0.58, -0.87, 1.0)>
182.4363 	EXP 	unnamed ShapeStim: foreColor = <psychopy.colors.Color: (1.0, 0.58, -0.87, 1.0)>
182.4363 	EXP 	unnamed ShapeStim: borderColor = <psychopy.colors.Color: (1.0, 0.58, -0.87, 1.0)>
182.4363 	EXP 	unnamed ShapeStim: fillColor = <psychopy.colors.Color: (1.0, 0.58, -0.87, 1.0)>
183.1354 	DATA 	Keypress: f
183.1399 	EXP 	unnamed Line: foreColor = <psychopy.colors.Color: black, alpha=1.0>
183.1399 	EXP 	unnamed Line: borderColor = <psychopy.colors.Color: black, alpha=1.0>
183.1399 	EXP 	unnamed Line: fillColor = <psychopy.colors.Color: black, alpha=1.0>
183.1399 	EXP 	unnamed ShapeStim: foreColor = <psychopy.colors.Color: black, alpha=1.0>
183.1399 	EXP 	unnamed ShapeStim: borderColor = <psychopy.colors.Color: black, alpha=1.0>
183.1399 	EXP 	unnamed ShapeStim: fillColor = <psychopy.colors.Color: black, alpha=1.0>
183.1399 	EXP 	unnamed Line: foreColor = <psychopy.colors.Color: (1.0, 0.58, -0.87, 1.0)>
183.1399 	EXP 	unnamed Line: borderColor = <psychopy.colors.Color: (1.0, 0.58, -0.87, 1.0)>
183.1399 	EXP 	unnamed Line: fillColor = <psychopy.colors.Color: (1.0, 0.58, -0.87, 1.0)>
183.1399 	EXP 	unnamed ShapeStim: foreColor = <psychopy.colors.Color: (1.0, 0.58, -0.87, 1.0)>
183.1399 	EXP 	unnamed ShapeStim: borderColor = <psychopy.colors.Color: (1.0, 0.58, -0.87, 1.0)>
183.1399 	EXP 	unnamed ShapeStim: fillColor = <psychopy.colors.Color: (1.0, 0.58, -0.87, 1.0)>
183.4713 	DATA 	Keypress: f
183.4757 	EXP 	unnamed Line: foreColor = <psychopy.colors.Color: black, alpha=1.0>
183.4757 	EXP 	unnamed Line: borderColor = <psychopy.colors.Color: black, alpha=1.0>
183.4757 	EXP 	unnamed Line: fillColor = <psychopy.colors.Color: black, alpha=1.0>
183.4757 	EXP 	unnamed ShapeStim: foreColor = <psychopy.colors.Color: black, alpha=1.0>
183.4757 	EXP 	unnamed ShapeStim: borderColor = <psychopy.colors.Color: black, alpha=1.0>
183.4757 	EXP 	unnamed ShapeStim: fillColor = <psychopy.colors.Color: black, alpha=1.0>
183.4757 	EXP 	unnamed Line: foreColor = <psychopy.colors.Color: (1.0, 0.58, -0.87, 1.0)>
183.4757 	EXP 	unnamed Line: borderColor = <psychopy.colors.Color: (1.0, 0.58, -0.87, 1.0)>
183.4757 	EXP 	unnamed Line: fillColor = <psychopy.colors.Color: (1.0, 0.58, -0.87, 1.0)>
183.4757 	EXP 	unnamed ShapeStim: foreColor = <psychopy.colors.Color: (1.0, 0.58, -0.87, 1.0)>
183.4757 	EXP 	unnamed ShapeStim: borderColor = <psychopy.colors.Color: (1.0, 0.58, -0.87, 1.0)>
183.4757 	EXP 	unnamed ShapeStim: fillColor = <psychopy.colors.Color: (1.0, 0.58, -0.87, 1.0)>
183.6553 	DATA 	Keypress: f
183.6598 	EXP 	unnamed Line: foreColor = <psychopy.colors.Color: black, alpha=1.0>
183.6598 	EXP 	unnamed Line: borderColor = <psychopy.colors.Color: black, alpha=1.0>
183.6598 	EXP 	unnamed Line: fillColor = <psychopy.colors.Color: black, alpha=1.0>
183.6598 	EXP 	unnamed ShapeStim: foreColor = <psychopy.colors.Color: black, alpha=1.0>
183.6598 	EXP 	unnamed ShapeStim: borderColor = <psychopy.colors.Color: black, alpha=1.0>
183.6598 	EXP 	unnamed ShapeStim: fillColor = <psychopy.colors.Color: black, alpha=1.0>
183.6598 	EXP 	unnamed Line: foreColor = <psychopy.colors.Color: (1.0, 0.58, -0.87, 1.0)>
183.6598 	EXP 	unnamed Line: borderColor = <psychopy.colors.Color: (1.0, 0.58, -0.87, 1.0)>
183.6598 	EXP 	unnamed Line: fillColor = <psychopy.colors.Color: (1.0, 0.58, -0.87, 1.0)>
183.6598 	EXP 	unnamed ShapeStim: foreColor = <psychopy.colors.Color: (1.0, 0.58, -0.87, 1.0)>
183.6598 	EXP 	unnamed ShapeStim: borderColor = <psychopy.colors.Color: (1.0, 0.58, -0.87, 1.0)>
183.6598 	EXP 	unnamed ShapeStim: fillColor = <psychopy.colors.Color: (1.0, 0.58, -0.87, 1.0)>
183.8713 	DATA 	Keypress: f
183.8757 	EXP 	unnamed Line: foreColor = <psychopy.colors.Color: black, alpha=1.0>
183.8757 	EXP 	unnamed Line: borderColor = <psychopy.colors.Color: black, alpha=1.0>
183.8757 	EXP 	unnamed Line: fillColor = <psychopy.colors.Color: black, alpha=1.0>
183.8757 	EXP 	unnamed ShapeStim: foreColor = <psychopy.colors.Color: black, alpha=1.0>
183.8757 	EXP 	unnamed ShapeStim: borderColor = <psychopy.colors.Color: black, alpha=1.0>
183.8757 	EXP 	unnamed ShapeStim: fillColor = <psychopy.colors.Color: black, alpha=1.0>
183.8757 	EXP 	unnamed Line: foreColor = <psychopy.colors.Color: (1.0, 0.58, -0.87, 1.0)>
183.8757 	EXP 	unnamed Line: borderColor = <psychopy.colors.Color: (1.0, 0.58, -0.87, 1.0)>
183.8757 	EXP 	unnamed Line: fillColor = <psychopy.colors.Color: (1.0, 0.58, -0.87, 1.0)>
183.8757 	EXP 	unnamed ShapeStim: foreColor = <psychopy.colors.Color: (1.0, 0.58, -0.87, 1.0)>
183.8757 	EXP 	unnamed ShapeStim: borderColor = <psychopy.colors.Color: (1.0, 0.58, -0.87, 1.0)>
183.8757 	EXP 	unnamed ShapeStim: fillColor = <psychopy.colors.Color: (1.0, 0.58, -0.87, 1.0)>
184.0152 	DATA 	Keypress: f
184.0197 	EXP 	unnamed Line: foreColor = <psychopy.colors.Color: black, alpha=1.0>
184.0197 	EXP 	unnamed Line: borderColor = <psychopy.colors.Color: black, alpha=1.0>
184.0197 	EXP 	unnamed Line: fillColor = <psychopy.colors.Color: black, alpha=1.0>
184.0197 	EXP 	unnamed ShapeStim: foreColor = <psychopy.colors.Color: black, alpha=1.0>
184.0197 	EXP 	unnamed ShapeStim: borderColor = <psychopy.colors.Color: black, alpha=1.0>
184.0197 	EXP 	unnamed ShapeStim: fillColor = <psychopy.colors.Color: black, alpha=1.0>
184.0197 	EXP 	unnamed Line: foreColor = <psychopy.colors.Color: (1.0, 0.58, -0.87, 1.0)>
184.0197 	EXP 	unnamed Line: borderColor = <psychopy.colors.Color: (1.0, 0.58, -0.87, 1.0)>
184.0197 	EXP 	unnamed Line: fillColor = <psychopy.colors.Color: (1.0, 0.58, -0.87, 1.0)>
184.0197 	EXP 	unnamed ShapeStim: foreColor = <psychopy.colors.Color: (1.0, 0.58, -0.87, 1.0)>
184.0197 	EXP 	unnamed ShapeStim: borderColor = <psychopy.colors.Color: (1.0, 0.58, -0.87, 1.0)>
184.0197 	EXP 	unnamed ShapeStim: fillColor = <psychopy.colors.Color: (1.0, 0.58, -0.87, 1.0)>
184.5994 	DATA 	Keypress: f
184.6039 	EXP 	unnamed Line: foreColor = <psychopy.colors.Color: black, alpha=1.0>
184.6039 	EXP 	unnamed Line: borderColor = <psychopy.colors.Color: black, alpha=1.0>
184.6039 	EXP 	unnamed Line: fillColor = <psychopy.colors.Color: black, alpha=1.0>
184.6039 	EXP 	unnamed ShapeStim: foreColor = <psychopy.colors.Color: black, alpha=1.0>
184.6039 	EXP 	unnamed ShapeStim: borderColor = <psychopy.colors.Color: black, alpha=1.0>
184.6039 	EXP 	unnamed ShapeStim: fillColor = <psychopy.colors.Color: black, alpha=1.0>
184.6039 	EXP 	unnamed Line: foreColor = <psychopy.colors.Color: (1.0, 0.58, -0.87, 1.0)>
184.6039 	EXP 	unnamed Line: borderColor = <psychopy.colors.Color: (1.0, 0.58, -0.87, 1.0)>
184.6039 	EXP 	unnamed Line: fillColor = <psychopy.colors.Color: (1.0, 0.58, -0.87, 1.0)>
184.6039 	EXP 	unnamed ShapeStim: foreColor = <psychopy.colors.Color: (1.0, 0.58, -0.87, 1.0)>
184.6039 	EXP 	unnamed ShapeStim: borderColor = <psychopy.colors.Color: (1.0, 0.58, -0.87, 1.0)>
184.6039 	EXP 	unnamed ShapeStim: fillColor = <psychopy.colors.Color: (1.0, 0.58, -0.87, 1.0)>
185.0394 	DATA 	Keypress: j
185.0432 	EXP 	node4: fillColor = '#126DEF'
185.0432 	EXP 	node5: fillColor = 'white'
185.7433 	EXP 	window1: mouseVisible = True
185.7449 	EXP 	Created unnamed TextStim = TextStim(__class__=<class 'psychopy.visual.text.TextStim'>, alignHoriz=method-wrapper(...), alignText='center', alignVert=method-wrapper(...), anchorHoriz='center', anchorVert='center', antialias=True, autoDraw=False, autoLog=True, bold=True, color=array([ 0.23921569, -1.        , -0.98431373]), colorSpace='rgb', contrast=1.0, depth=0, draggable=False, flipHoriz=False, flipVert=False, font='', fontFiles=[], height=0.04, italic=False, languageStyle='LTR', name='unnamed TextStim', opacity=1.0, ori=0.0, pos=array([-0.03860639, -0.27582254]), rgb=UNKNOWN, text='-4', units='height', win=Window(...), wrapWidth=1)
185.7451 	EXP 	window1: mouseVisible = True
185.7462 	EXP 	Created unnamed TextStim = TextStim(__class__=<class 'psychopy.visual.text.TextStim'>, alignHoriz=method-wrapper(...), alignText='center', alignVert=method-wrapper(...), anchorHoriz='center', anchorVert='center', antialias=True, autoDraw=False, autoLog=True, bold=True, color=array([-0.88235294, -0.12156863, -0.97647059]), colorSpace='rgb', contrast=1.0, depth=0, draggable=False, flipHoriz=False, flipVert=False, font='', fontFiles=[], height=0.04, italic=False, languageStyle='LTR', name='unnamed TextStim', opacity=1.0, ori=0.0, pos=array([-0.20451235, -0.16920126]), rgb=UNKNOWN, text='+3', units='height', win=Window(...), wrapWidth=1)
185.7507 	EXP 	node4: fillColor = 'white'
185.7507 	EXP 	unnamed ImageStim: autoDraw = True
185.7507 	EXP 	unnamed ImageStim: autoDraw = True
186.7593 	EXP 	unnamed ImageStim: autoDraw = False
186.7593 	EXP 	unnamed ImageStim: autoDraw = False
186.7593 	EXP 	unnamed Rect: autoDraw = False
186.7593 	EXP 	unnamed Rect: autoDraw = True
186.8993 	EXP 	unnamed Rect: autoDraw = False
186.8993 	EXP 	node0: autoDraw = False
186.8993 	EXP 	unnamed ImageStim: autoDraw = False
186.8993 	EXP 	node1: autoDraw = False
186.8993 	EXP 	unnamed ImageStim: autoDraw = False
186.8993 	EXP 	node2: autoDraw = False
186.8993 	EXP 	unnamed ImageStim: autoDraw = False
186.8993 	EXP 	node3: autoDraw = False
186.8993 	EXP 	unnamed ImageStim: autoDraw = False
186.8993 	EXP 	node4: autoDraw = False
186.8993 	EXP 	unnamed ImageStim: autoDraw = False
186.8993 	EXP 	node5: autoDraw = False
186.8993 	EXP 	unnamed ImageStim: autoDraw = False
186.8993 	EXP 	node6: autoDraw = False
186.8993 	EXP 	unnamed ImageStim: autoDraw = False
186.8993 	EXP 	node7: autoDraw = False
186.8993 	EXP 	unnamed ImageStim: autoDraw = False
186.8993 	EXP 	node8: autoDraw = False
186.8993 	EXP 	unnamed ImageStim: autoDraw = False
186.8993 	EXP 	node9: autoDraw = False
186.8993 	EXP 	node10: autoDraw = False
186.8993 	EXP 	unnamed ImageStim: autoDraw = False
186.8993 	EXP 	unnamed Line: autoDraw = False
186.8993 	EXP 	unnamed ShapeStim: autoDraw = False
186.8993 	EXP 	unnamed Line: autoDraw = False
186.8993 	EXP 	unnamed ShapeStim: autoDraw = False
186.8993 	EXP 	unnamed Line: autoDraw = False
186.8993 	EXP 	unnamed ShapeStim: autoDraw = False
186.8993 	EXP 	unnamed Line: autoDraw = False
186.8993 	EXP 	unnamed ShapeStim: autoDraw = False
186.8993 	EXP 	unnamed Line: autoDraw = False
186.8993 	EXP 	unnamed ShapeStim: autoDraw = False
186.8993 	EXP 	unnamed Line: autoDraw = False
186.8993 	EXP 	unnamed ShapeStim: autoDraw = False
186.8993 	EXP 	unnamed Line: autoDraw = False
186.8993 	EXP 	unnamed ShapeStim: autoDraw = False
186.8993 	EXP 	unnamed Line: autoDraw = False
186.8993 	EXP 	unnamed ShapeStim: autoDraw = False
186.8993 	EXP 	unnamed Line: autoDraw = False
186.8993 	EXP 	unnamed ShapeStim: autoDraw = False
186.8993 	EXP 	unnamed Line: autoDraw = False
186.8993 	EXP 	unnamed ShapeStim: autoDraw = False
186.8993 	EXP 	unnamed Rect: autoDraw = False
186.9134 	INFO 	Mouse: using default window
186.9135 	EXP 	window1: mouseVisible = True
186.9136 	EXP 	window1: mouseVisible = True
186.9174 	EXP 	Created unnamed TextStim = TextStim(__class__=<class 'psychopy.visual.text.TextStim'>, alignHoriz=method-wrapper(...), alignText='center', alignVert=method-wrapper(...), anchorHoriz='center', anchorVert='center', antialias=True, autoDraw=False, autoLog=True, bold=False, color=array([1, 1, 1]), colorSpace='rgb', contrast=1.0, depth=0, draggable=False, flipHoriz=False, flipVert=False, font='', fontFiles=[], height=0.035, italic=False, languageStyle='LTR', name='unnamed TextStim', opacity=1.0, ori=0.0, pos=array([0., 0.]), rgb=UNKNOWN, text='press Space to start', units='height', win=Window(...), wrapWidth=1)
187.8158 	DATA 	Keypress: space
187.8163 	EXP 	window1: mouseVisible = True
187.8167 	EXP 	Created unnamed Rect = Rect(__class__=<class 'psychopy.visual.rect.Rect'>, anchor=('center', 'center'), autoDraw=False, autoLog=True, closeShape=True, color=method-wrapper(...), colorSpace='rgb', contrast=None, depth=0, draggable=False, fillColor=array([0.00392157, 0.00392157, 0.00392157]), fillColorSpace='rgb', fillRGB=array([0.00392157, 0.00392157, 0.00392157]), interpolate=True, lineColor=array([0, 0, 0]), lineColorSpace='rgb', lineRGB=array([0, 0, 0]), lineWidth=0, name='unnamed Rect', opacity=0.5, ori=0.0, pos=array([-0.65,  0.45]), size=array([0.1, 0.1]), units='height', vertices=ndarray(...), win=Window(...))
187.8177 	EXP 	window1: mouseVisible = True
187.8197 	EXP 	Created node0 = Circle(__class__=<class 'psychopy.visual.circle.Circle'>, anchor=('center', 'center'), autoDraw=False, autoLog=True, closeShape=True, color=method-wrapper(...), colorSpace='rgb', contrast=None, depth=0, draggable=False, fillColor=array([1, 1, 1]), fillColorSpace='rgb', fillRGB=array([1, 1, 1]), interpolate=True, lineColor=array([-1, -1, -1]), lineColorSpace='rgb', lineRGB=array([-1, -1, -1]), lineWidth=2, name='node0', opacity=1.0, ori=0.0, pos=array([0.  , 0.35]), size=array([1., 1.]), units='height', vertices=ndarray(...), win=Window(...))
187.8197 	EXP 	window1: mouseVisible = True
187.8363 	EXP 	Created unnamed ImageStim = ImageStim(__class__=<class 'psychopy.visual.image.ImageStim'>, anchor=('center', 'center'), autoLog=True, color=array([1., 1., 1.]), colorSpace='rgb', contrast=1.0, depth=0, draggable=False, flipHoriz=False, flipVert=False, image='images/pattern_4.png', interpolate=False, mask=None, maskParams=None, name='unnamed ImageStim', opacity=1.0, ori=0.0, pos=array([0.  , 0.35]), size=array([0.12, 0.12]), texRes=128, units='height', win=Window(...))
187.8373 	EXP 	window1: mouseVisible = True
187.8392 	EXP 	Created node1 = Circle(__class__=<class 'psychopy.visual.circle.Circle'>, anchor=('center', 'center'), autoDraw=False, autoLog=True, closeShape=True, color=method-wrapper(...), colorSpace='rgb', contrast=None, depth=0, draggable=False, fillColor=array([1, 1, 1]), fillColorSpace='rgb', fillRGB=array([1, 1, 1]), interpolate=True, lineColor=array([-1, -1, -1]), lineColorSpace='rgb', lineRGB=array([-1, -1, -1]), lineWidth=2, name='node1', opacity=1.0, ori=0.0, pos=array([-0.18922429,  0.29443874]), size=array([1., 1.]), units='height', vertices=ndarray(...), win=Window(...))
187.8392 	EXP 	window1: mouseVisible = True
187.8555 	EXP 	Created unnamed ImageStim = ImageStim(__class__=<class 'psychopy.visual.image.ImageStim'>, anchor=('center', 'center'), autoLog=True, color=array([1., 1., 1.]), colorSpace='rgb', contrast=1.0, depth=0, draggable=False, flipHoriz=False, flipVert=False, image='images/pattern_3.png', interpolate=False, mask=None, maskParams=None, name='unnamed ImageStim', opacity=1.0, ori=0.0, pos=array([-0.18922429,  0.29443874]), size=array([0.12, 0.12]), texRes=128, units='height', win=Window(...))
187.8565 	EXP 	window1: mouseVisible = True
187.8915 	EXP 	Created node2 = Circle(__class__=<class 'psychopy.visual.circle.Circle'>, anchor=('center', 'center'), autoDraw=False, autoLog=True, closeShape=True, color=method-wrapper(...), colorSpace='rgb', contrast=None, depth=0, draggable=False, fillColor=array([1, 1, 1]), fillColorSpace='rgb', fillRGB=array([1, 1, 1]), interpolate=True, lineColor=array([-1, -1, -1]), lineColorSpace='rgb', lineRGB=array([-1, -1, -1]), lineWidth=2, name='node2', opacity=1.0, ori=0.0, pos=array([-0.3183712 ,  0.14539525]), size=array([1., 1.]), units='height', vertices=ndarray(...), win=Window(...))
187.8916 	EXP 	window1: mouseVisible = True
187.9086 	EXP 	Created unnamed ImageStim = ImageStim(__class__=<class 'psychopy.visual.image.ImageStim'>, anchor=('center', 'center'), autoLog=True, color=array([1., 1., 1.]), colorSpace='rgb', contrast=1.0, depth=0, draggable=False, flipHoriz=False, flipVert=False, image='images/pattern_4.png', interpolate=False, mask=None, maskParams=None, name='unnamed ImageStim', opacity=1.0, ori=0.0, pos=array([-0.3183712 ,  0.14539525]), size=array([0.12, 0.12]), texRes=128, units='height', win=Window(...))
187.9097 	EXP 	window1: mouseVisible = True
187.9116 	EXP 	Created node3 = Circle(__class__=<class 'psychopy.visual.circle.Circle'>, anchor=('center', 'center'), autoDraw=False, autoLog=True, closeShape=True, color=method-wrapper(...), colorSpace='rgb', contrast=None, depth=0, draggable=False, fillColor=array([1, 1, 1]), fillColorSpace='rgb', fillRGB=array([1, 1, 1]), interpolate=True, lineColor=array([-1, -1, -1]), lineColorSpace='rgb', lineRGB=array([-1, -1, -1]), lineWidth=2, name='node3', opacity=1.0, ori=0.0, pos=array([-0.3464375 , -0.04981019]), size=array([1., 1.]), units='height', vertices=ndarray(...), win=Window(...))
187.9117 	EXP 	window1: mouseVisible = True
187.9282 	EXP 	Created unnamed ImageStim = ImageStim(__class__=<class 'psychopy.visual.image.ImageStim'>, anchor=('center', 'center'), autoLog=True, color=array([1., 1., 1.]), colorSpace='rgb', contrast=1.0, depth=0, draggable=False, flipHoriz=False, flipVert=False, image='images/pattern_2.png', interpolate=False, mask=None, maskParams=None, name='unnamed ImageStim', opacity=1.0, ori=0.0, pos=array([-0.3464375 , -0.04981019]), size=array([0.12, 0.12]), texRes=128, units='height', win=Window(...))
187.9292 	EXP 	window1: mouseVisible = True
187.9312 	EXP 	Created node4 = Circle(__class__=<class 'psychopy.visual.circle.Circle'>, anchor=('center', 'center'), autoDraw=False, autoLog=True, closeShape=True, color=method-wrapper(...), colorSpace='rgb', contrast=None, depth=0, draggable=False, fillColor=array([1, 1, 1]), fillColorSpace='rgb', fillRGB=array([1, 1, 1]), interpolate=True, lineColor=array([-1, -1, -1]), lineColorSpace='rgb', lineRGB=array([-1, -1, -1]), lineWidth=2, name='node4', opacity=1.0, ori=0.0, pos=array([-0.26451235, -0.22920126]), size=array([1., 1.]), units='height', vertices=ndarray(...), win=Window(...))
187.9312 	EXP 	window1: mouseVisible = True
187.9489 	EXP 	Created unnamed ImageStim = ImageStim(__class__=<class 'psychopy.visual.image.ImageStim'>, anchor=('center', 'center'), autoLog=True, color=array([1., 1., 1.]), colorSpace='rgb', contrast=1.0, depth=0, draggable=False, flipHoriz=False, flipVert=False, image='images/pattern_8.png', interpolate=False, mask=None, maskParams=None, name='unnamed ImageStim', opacity=1.0, ori=0.0, pos=array([-0.26451235, -0.22920126]), size=array([0.12, 0.12]), texRes=128, units='height', win=Window(...))
187.9500 	EXP 	window1: mouseVisible = True
187.9519 	EXP 	Created node5 = Circle(__class__=<class 'psychopy.visual.circle.Circle'>, anchor=('center', 'center'), autoDraw=False, autoLog=True, closeShape=True, color=method-wrapper(...), colorSpace='rgb', contrast=None, depth=0, draggable=False, fillColor=array([1, 1, 1]), fillColorSpace='rgb', fillRGB=array([1, 1, 1]), interpolate=True, lineColor=array([-1, -1, -1]), lineColorSpace='rgb', lineRGB=array([-1, -1, -1]), lineWidth=2, name='node5', opacity=1.0, ori=0.0, pos=array([-0.09860639, -0.33582254]), size=array([1., 1.]), units='height', vertices=ndarray(...), win=Window(...))
187.9519 	EXP 	window1: mouseVisible = True
187.9683 	EXP 	Created unnamed ImageStim = ImageStim(__class__=<class 'psychopy.visual.image.ImageStim'>, anchor=('center', 'center'), autoLog=True, color=array([1., 1., 1.]), colorSpace='rgb', contrast=1.0, depth=0, draggable=False, flipHoriz=False, flipVert=False, image='images/pattern_1.png', interpolate=False, mask=None, maskParams=None, name='unnamed ImageStim', opacity=1.0, ori=0.0, pos=array([-0.09860639, -0.33582254]), size=array([0.12, 0.12]), texRes=128, units='height', win=Window(...))
187.9694 	EXP 	window1: mouseVisible = True
187.9713 	EXP 	Created node6 = Circle(__class__=<class 'psychopy.visual.circle.Circle'>, anchor=('center', 'center'), autoDraw=False, autoLog=True, closeShape=True, color=method-wrapper(...), colorSpace='rgb', contrast=None, depth=0, draggable=False, fillColor=array([1, 1, 1]), fillColorSpace='rgb', fillRGB=array([1, 1, 1]), interpolate=True, lineColor=array([-1, -1, -1]), lineColorSpace='rgb', lineRGB=array([-1, -1, -1]), lineWidth=2, name='node6', opacity=1.0, ori=0.0, pos=array([ 0.09860639, -0.33582254]), size=array([1., 1.]), units='height', vertices=ndarray(...), win=Window(...))
187.9713 	EXP 	window1: mouseVisible = True
187.9890 	EXP 	Created unnamed ImageStim = ImageStim(__class__=<class 'psychopy.visual.image.ImageStim'>, anchor=('center', 'center'), autoLog=True, color=array([1., 1., 1.]), colorSpace='rgb', contrast=1.0, depth=0, draggable=False, flipHoriz=False, flipVert=False, image='images/pattern_8.png', interpolate=False, mask=None, maskParams=None, name='unnamed ImageStim', opacity=1.0, ori=0.0, pos=array([ 0.09860639, -0.33582254]), size=array([0.12, 0.12]), texRes=128, units='height', win=Window(...))
187.9900 	EXP 	window1: mouseVisible = True
187.9919 	EXP 	Created node7 = Circle(__class__=<class 'psychopy.visual.circle.Circle'>, anchor=('center', 'center'), autoDraw=False, autoLog=True, closeShape=True, color=method-wrapper(...), colorSpace='rgb', contrast=None, depth=0, draggable=False, fillColor=array([1, 1, 1]), fillColorSpace='rgb', fillRGB=array([1, 1, 1]), interpolate=True, lineColor=array([-1, -1, -1]), lineColorSpace='rgb', lineRGB=array([-1, -1, -1]), lineWidth=2, name='node7', opacity=1.0, ori=0.0, pos=array([ 0.26451235, -0.22920126]), size=array([1., 1.]), units='height', vertices=ndarray(...), win=Window(...))
187.9920 	EXP 	window1: mouseVisible = True
188.0086 	EXP 	Created unnamed ImageStim = ImageStim(__class__=<class 'psychopy.visual.image.ImageStim'>, anchor=('center', 'center'), autoLog=True, color=array([1., 1., 1.]), colorSpace='rgb', contrast=1.0, depth=0, draggable=False, flipHoriz=False, flipVert=False, image='images/pattern_5.png', interpolate=False, mask=None, maskParams=None, name='unnamed ImageStim', opacity=1.0, ori=0.0, pos=array([ 0.26451235, -0.22920126]), size=array([0.12, 0.12]), texRes=128, units='height', win=Window(...))
188.0096 	EXP 	window1: mouseVisible = True
188.0115 	EXP 	Created node8 = Circle(__class__=<class 'psychopy.visual.circle.Circle'>, anchor=('center', 'center'), autoDraw=False, autoLog=True, closeShape=True, color=method-wrapper(...), colorSpace='rgb', contrast=None, depth=0, draggable=False, fillColor=array([1, 1, 1]), fillColorSpace='rgb', fillRGB=array([1, 1, 1]), interpolate=True, lineColor=array([-1, -1, -1]), lineColorSpace='rgb', lineRGB=array([-1, -1, -1]), lineWidth=2, name='node8', opacity=1.0, ori=0.0, pos=array([ 0.3464375 , -0.04981019]), size=array([1., 1.]), units='height', vertices=ndarray(...), win=Window(...))
188.0115 	EXP 	window1: mouseVisible = True
188.0278 	EXP 	Created unnamed ImageStim = ImageStim(__class__=<class 'psychopy.visual.image.ImageStim'>, anchor=('center', 'center'), autoLog=True, color=array([1., 1., 1.]), colorSpace='rgb', contrast=1.0, depth=0, draggable=False, flipHoriz=False, flipVert=False, image='images/pattern_6.png', interpolate=False, mask=None, maskParams=None, name='unnamed ImageStim', opacity=1.0, ori=0.0, pos=array([ 0.3464375 , -0.04981019]), size=array([0.12, 0.12]), texRes=128, units='height', win=Window(...))
188.0288 	EXP 	window1: mouseVisible = True
188.0307 	EXP 	Created node9 = Circle(__class__=<class 'psychopy.visual.circle.Circle'>, anchor=('center', 'center'), autoDraw=False, autoLog=True, closeShape=True, color=method-wrapper(...), colorSpace='rgb', contrast=None, depth=0, draggable=False, fillColor=array([1, 1, 1]), fillColorSpace='rgb', fillRGB=array([1, 1, 1]), interpolate=True, lineColor=array([-1, -1, -1]), lineColorSpace='rgb', lineRGB=array([-1, -1, -1]), lineWidth=2, name='node9', opacity=1.0, ori=0.0, pos=array([0.3183712 , 0.14539525]), size=array([1., 1.]), units='height', vertices=ndarray(...), win=Window(...))
188.0318 	EXP 	window1: mouseVisible = True
188.0336 	EXP 	Created node10 = Circle(__class__=<class 'psychopy.visual.circle.Circle'>, anchor=('center', 'center'), autoDraw=False, autoLog=True, closeShape=True, color=method-wrapper(...), colorSpace='rgb', contrast=None, depth=0, draggable=False, fillColor=array([1, 1, 1]), fillColorSpace='rgb', fillRGB=array([1, 1, 1]), interpolate=True, lineColor=array([-1, -1, -1]), lineColorSpace='rgb', lineRGB=array([-1, -1, -1]), lineWidth=2, name='node10', opacity=1.0, ori=0.0, pos=array([0.18922429, 0.29443874]), size=array([1., 1.]), units='height', vertices=ndarray(...), win=Window(...))
188.0337 	EXP 	window1: mouseVisible = True
188.0499 	EXP 	Created unnamed ImageStim = ImageStim(__class__=<class 'psychopy.visual.image.ImageStim'>, anchor=('center', 'center'), autoLog=True, color=array([1., 1., 1.]), colorSpace='rgb', contrast=1.0, depth=0, draggable=False, flipHoriz=False, flipVert=False, image='images/pattern_3.png', interpolate=False, mask=None, maskParams=None, name='unnamed ImageStim', opacity=1.0, ori=0.0, pos=array([0.18922429, 0.29443874]), size=array([0.12, 0.12]), texRes=128, units='height', win=Window(...))
188.0500 	EXP 	window1: mouseVisible = True
188.0504 	EXP 	Created unnamed Line = Line(__class__=<class 'psychopy.visual.line.Line'>, anchor=('center', 'center'), autoDraw=False, autoLog=True, closeShape=False, color=array([-1, -1, -1]), colorSpace='rgb', contrast=None, depth=2, draggable=False, fillColor=array([0, 0, 0]), fillColorSpace='rgb', fillRGB=array([0, 0, 0]), interpolate=True, lineColor=array([-1, -1, -1]), lineColorSpace='rgb', lineRGB=array([-1, -1, -1]), lineWidth=4, name='unnamed Line', opacity=0.5, ori=0.0, pos=array([0., 0.]), size=array([1., 1.]), units='height', vertices=ndarray(...), win=Window(...), windingRule=None)
188.0505 	EXP 	window1: mouseVisible = True
188.0509 	EXP 	Created unnamed ShapeStim = ShapeStim(__class__=<class 'psychopy.visual.shape.ShapeStim'>, anchor=('center', 'center'), autoDraw=False, autoLog=True, closeShape=True, color=method-wrapper(...), colorSpace='rgb', contrast=None, depth=0, draggable=False, fillColor=array([-1, -1, -1]), fillColorSpace='rgb', fillRGB=array([-1, -1, -1]), interpolate=True, lineColor=array([-1, -1, -1]), lineColorSpace='rgb', lineRGB=array([-1, -1, -1]), lineWidth=1.5, name='unnamed ShapeStim', opacity=1.0, ori=89.99999999999999, pos=array([0.13922429, 0.29443874]), size=array([1., 1.]), units='height', vertices=ndarray(...), win=Window(...), windingRule=None)
188.0509 	EXP 	window1: mouseVisible = True
188.0513 	EXP 	Created unnamed Line = Line(__class__=<class 'psychopy.visual.line.Line'>, anchor=('center', 'center'), autoDraw=False, autoLog=True, closeShape=False, color=array([-1, -1, -1]), colorSpace='rgb', contrast=None, depth=2, draggable=False, fillColor=array([0, 0, 0]), fillColorSpace='rgb', fillRGB=array([0, 0, 0]), interpolate=True, lineColor=array([-1, -1, -1]), lineColorSpace='rgb', lineRGB=array([-1, -1, -1]), lineWidth=4, name='unnamed Line', opacity=0.5, ori=0.0, pos=array([0., 0.]), size=array([1., 1.]), units='height', vertices=ndarray(...), win=Window(...), windingRule=None)
188.0513 	EXP 	window1: mouseVisible = True
188.0517 	EXP 	Created unnamed ShapeStim = ShapeStim(__class__=<class 'psychopy.visual.shape.ShapeStim'>, anchor=('center', 'center'), autoDraw=False, autoLog=True, closeShape=True, color=method-wrapper(...), colorSpace='rgb', contrast=None, depth=0, draggable=False, fillColor=array([-1, -1, -1]), fillColorSpace='rgb', fillRGB=array([-1, -1, -1]), interpolate=True, lineColor=array([-1, -1, -1]), lineColorSpace='rgb', lineRGB=array([-1, -1, -1]), lineWidth=1.5, name='unnamed ShapeStim', opacity=1.0, ori=139.09090909090912, pos=array([ 0.23176931, -0.19141378]), size=array([1., 1.]), units='height', vertices=ndarray(...), win=Window(...), windingRule=None)
188.0517 	EXP 	window1: mouseVisible = True
188.0521 	EXP 	Created unnamed Line = Line(__class__=<class 'psychopy.visual.line.Line'>, anchor=('center', 'center'), autoDraw=False, autoLog=True, closeShape=False, color=array([-1, -1, -1]), colorSpace='rgb', contrast=None, depth=2, draggable=False, fillColor=array([0, 0, 0]), fillColorSpace='rgb', fillRGB=array([0, 0, 0]), interpolate=True, lineColor=array([-1, -1, -1]), lineColorSpace='rgb', lineRGB=array([-1, -1, -1]), lineWidth=4, name='unnamed Line', opacity=0.5, ori=0.0, pos=array([0., 0.]), size=array([1., 1.]), units='height', vertices=ndarray(...), win=Window(...), windingRule=None)
188.0522 	EXP 	window1: mouseVisible = True
188.0525 	EXP 	Created unnamed ShapeStim = ShapeStim(__class__=<class 'psychopy.visual.shape.ShapeStim'>, anchor=('center', 'center'), autoDraw=False, autoLog=True, closeShape=True, color=method-wrapper(...), colorSpace='rgb', contrast=None, depth=0, draggable=False, fillColor=array([-1, -1, -1]), fillColorSpace='rgb', fillRGB=array([-1, -1, -1]), interpolate=True, lineColor=array([-1, -1, -1]), lineColorSpace='rgb', lineRGB=array([-1, -1, -1]), lineWidth=1.5, name='unnamed ShapeStim', opacity=1.0, ori=188.1818181818182, pos=array([-3.39321763e-01, -3.19121302e-04]), size=array([1., 1.]), units='height', vertices=ndarray(...), win=Window(...), windingRule=None)
188.0526 	EXP 	window1: mouseVisible = True
188.0529 	EXP 	Created unnamed Line = Line(__class__=<class 'psychopy.visual.line.Line'>, anchor=('center', 'center'), autoDraw=False, autoLog=True, closeShape=False, color=array([-1, -1, -1]), colorSpace='rgb', contrast=None, depth=2, draggable=False, fillColor=array([0, 0, 0]), fillColorSpace='rgb', fillRGB=array([0, 0, 0]), interpolate=True, lineColor=array([-1, -1, -1]), lineColorSpace='rgb', lineRGB=array([-1, -1, -1]), lineWidth=4, name='unnamed Line', opacity=0.5, ori=0.0, pos=array([0., 0.]), size=array([1., 1.]), units='height', vertices=ndarray(...), win=Window(...), windingRule=None)
188.0530 	EXP 	window1: mouseVisible = True
188.0534 	EXP 	Created unnamed ShapeStim = ShapeStim(__class__=<class 'psychopy.visual.shape.ShapeStim'>, anchor=('center', 'center'), autoDraw=False, autoLog=True, closeShape=True, color=method-wrapper(...), colorSpace='rgb', contrast=None, depth=0, draggable=False, fillColor=array([-1, -1, -1]), fillColorSpace='rgb', fillRGB=array([-1, -1, -1]), interpolate=True, lineColor=array([-1, -1, -1]), lineColorSpace='rgb', lineRGB=array([-1, -1, -1]), lineWidth=1.5, name='unnamed ShapeStim', opacity=1.0, ori=139.0909090909091, pos=array([ 0.06586336, -0.29803506]), size=array([1., 1.]), units='height', vertices=ndarray(...), win=Window(...), windingRule=None)
188.0534 	EXP 	window1: mouseVisible = True
188.0538 	EXP 	Created unnamed Line = Line(__class__=<class 'psychopy.visual.line.Line'>, anchor=('center', 'center'), autoDraw=False, autoLog=True, closeShape=False, color=array([-1, -1, -1]), colorSpace='rgb', contrast=None, depth=2, draggable=False, fillColor=array([0, 0, 0]), fillColorSpace='rgb', fillRGB=array([0, 0, 0]), interpolate=True, lineColor=array([-1, -1, -1]), lineColorSpace='rgb', lineRGB=array([-1, -1, -1]), lineWidth=4, name='unnamed Line', opacity=0.5, ori=0.0, pos=array([0., 0.]), size=array([1., 1.]), units='height', vertices=ndarray(...), win=Window(...), windingRule=None)
188.0538 	EXP 	window1: mouseVisible = True
188.0542 	EXP 	Created unnamed ShapeStim = ShapeStim(__class__=<class 'psychopy.visual.shape.ShapeStim'>, anchor=('center', 'center'), autoDraw=False, autoLog=True, closeShape=True, color=method-wrapper(...), colorSpace='rgb', contrast=None, depth=0, draggable=False, fillColor=array([-1, -1, -1]), fillColorSpace='rgb', fillRGB=array([-1, -1, -1]), interpolate=True, lineColor=array([-1, -1, -1]), lineColorSpace='rgb', lineRGB=array([-1, -1, -1]), lineWidth=1.5, name='unnamed ShapeStim', opacity=1.0, ori=122.72727272727275, pos=array([ 0.05654372, -0.3087905 ]), size=array([1., 1.]), units='height', vertices=ndarray(...), win=Window(...), windingRule=None)
188.0542 	EXP 	window1: mouseVisible = True
188.0546 	EXP 	Created unnamed Line = Line(__class__=<class 'psychopy.visual.line.Line'>, anchor=('center', 'center'), autoDraw=False, autoLog=True, closeShape=False, color=array([-1, -1, -1]), colorSpace='rgb', contrast=None, depth=2, draggable=False, fillColor=array([0, 0, 0]), fillColorSpace='rgb', fillRGB=array([0, 0, 0]), interpolate=True, lineColor=array([-1, -1, -1]), lineColorSpace='rgb', lineRGB=array([-1, -1, -1]), lineWidth=4, name='unnamed Line', opacity=0.5, ori=0.0, pos=array([0., 0.]), size=array([1., 1.]), units='height', vertices=ndarray(...), win=Window(...), windingRule=None)
188.0546 	EXP 	window1: mouseVisible = True
188.0550 	EXP 	Created unnamed ShapeStim = ShapeStim(__class__=<class 'psychopy.visual.shape.ShapeStim'>, anchor=('center', 'center'), autoDraw=False, autoLog=True, closeShape=True, color=method-wrapper(...), colorSpace='rgb', contrast=None, depth=0, draggable=False, fillColor=array([-1, -1, -1]), fillColorSpace='rgb', fillRGB=array([-1, -1, -1]), interpolate=True, lineColor=array([-1, -1, -1]), lineColorSpace='rgb', lineRGB=array([-1, -1, -1]), lineWidth=1.5, name='unnamed ShapeStim', opacity=1.0, ori=40.909090909090914, pos=array([-0.03274304,  0.31221252]), size=array([1., 1.]), units='height', vertices=ndarray(...), win=Window(...), windingRule=None)
188.0550 	EXP 	window1: mouseVisible = True
188.0554 	EXP 	Created unnamed Line = Line(__class__=<class 'psychopy.visual.line.Line'>, anchor=('center', 'center'), autoDraw=False, autoLog=True, closeShape=False, color=array([-1, -1, -1]), colorSpace='rgb', contrast=None, depth=2, draggable=False, fillColor=array([0, 0, 0]), fillColorSpace='rgb', fillRGB=array([0, 0, 0]), interpolate=True, lineColor=array([-1, -1, -1]), lineColorSpace='rgb', lineRGB=array([-1, -1, -1]), lineWidth=4, name='unnamed Line', opacity=0.5, ori=0.0, pos=array([0., 0.]), size=array([1., 1.]), units='height', vertices=ndarray(...), win=Window(...), windingRule=None)
188.0554 	EXP 	window1: mouseVisible = True
188.0558 	EXP 	Created unnamed ShapeStim = ShapeStim(__class__=<class 'psychopy.visual.shape.ShapeStim'>, anchor=('center', 'center'), autoDraw=False, autoLog=True, closeShape=True, color=method-wrapper(...), colorSpace='rgb', contrast=None, depth=0, draggable=False, fillColor=array([-1, -1, -1]), fillColorSpace='rgb', fillRGB=array([-1, -1, -1]), interpolate=True, lineColor=array([-1, -1, -1]), lineColorSpace='rgb', lineRGB=array([-1, -1, -1]), lineWidth=1.5, name='unnamed ShapeStim', opacity=1.0, ori=-57.27272727272728, pos=array([-0.22244967, -0.2562333 ]), size=array([1., 1.]), units='height', vertices=ndarray(...), win=Window(...), windingRule=None)
188.0558 	EXP 	window1: mouseVisible = True
188.0562 	EXP 	Created unnamed Line = Line(__class__=<class 'psychopy.visual.line.Line'>, anchor=('center', 'center'), autoDraw=False, autoLog=True, closeShape=False, color=array([-1, -1, -1]), colorSpace='rgb', contrast=None, depth=2, draggable=False, fillColor=array([0, 0, 0]), fillColorSpace='rgb', fillRGB=array([0, 0, 0]), interpolate=True, lineColor=array([-1, -1, -1]), lineColorSpace='rgb', lineRGB=array([-1, -1, -1]), lineWidth=4, name='unnamed Line', opacity=0.5, ori=0.0, pos=array([0., 0.]), size=array([1., 1.]), units='height', vertices=ndarray(...), win=Window(...), windingRule=None)
188.0562 	EXP 	window1: mouseVisible = True
188.0566 	EXP 	Created unnamed ShapeStim = ShapeStim(__class__=<class 'psychopy.visual.shape.ShapeStim'>, anchor=('center', 'center'), autoDraw=False, autoLog=True, closeShape=True, color=method-wrapper(...), colorSpace='rgb', contrast=None, depth=0, draggable=False, fillColor=array([-1, -1, -1]), fillColorSpace='rgb', fillRGB=array([-1, -1, -1]), interpolate=True, lineColor=array([-1, -1, -1]), lineColorSpace='rgb', lineRGB=array([-1, -1, -1]), lineWidth=1.5, name='unnamed ShapeStim', opacity=1.0, ori=57.27272727272728, pos=array([ 0.30437483, -0.07684223]), size=array([1., 1.]), units='height', vertices=ndarray(...), win=Window(...), windingRule=None)
188.0566 	EXP 	window1: mouseVisible = True
188.0570 	EXP 	Created unnamed Line = Line(__class__=<class 'psychopy.visual.line.Line'>, anchor=('center', 'center'), autoDraw=False, autoLog=True, closeShape=False, color=array([-1, -1, -1]), colorSpace='rgb', contrast=None, depth=2, draggable=False, fillColor=array([0, 0, 0]), fillColorSpace='rgb', fillRGB=array([0, 0, 0]), interpolate=True, lineColor=array([-1, -1, -1]), lineColorSpace='rgb', lineRGB=array([-1, -1, -1]), lineWidth=4, name='unnamed Line', opacity=0.5, ori=0.0, pos=array([0., 0.]), size=array([1., 1.]), units='height', vertices=ndarray(...), win=Window(...), windingRule=None)
188.0570 	EXP 	window1: mouseVisible = True
188.0574 	EXP 	Created unnamed ShapeStim = ShapeStim(__class__=<class 'psychopy.visual.shape.ShapeStim'>, anchor=('center', 'center'), autoDraw=False, autoLog=True, closeShape=True, color=method-wrapper(...), colorSpace='rgb', contrast=None, depth=0, draggable=False, fillColor=array([-1, -1, -1]), fillColorSpace='rgb', fillRGB=array([-1, -1, -1]), interpolate=True, lineColor=array([-1, -1, -1]), lineColorSpace='rgb', lineRGB=array([-1, -1, -1]), lineWidth=1.5, name='unnamed ShapeStim', opacity=1.0, ori=-73.63636363636365, pos=array([-0.14124964,  0.28035211]), size=array([1., 1.]), units='height', vertices=ndarray(...), win=Window(...), windingRule=None)
188.0575 	EXP 	window1: mouseVisible = True
188.0578 	EXP 	Created unnamed Line = Line(__class__=<class 'psychopy.visual.line.Line'>, anchor=('center', 'center'), autoDraw=False, autoLog=True, closeShape=False, color=array([-1, -1, -1]), colorSpace='rgb', contrast=None, depth=2, draggable=False, fillColor=array([0, 0, 0]), fillColorSpace='rgb', fillRGB=array([0, 0, 0]), interpolate=True, lineColor=array([-1, -1, -1]), lineColorSpace='rgb', lineRGB=array([-1, -1, -1]), lineWidth=4, name='unnamed Line', opacity=0.5, ori=0.0, pos=array([0., 0.]), size=array([1., 1.]), units='height', vertices=ndarray(...), win=Window(...), windingRule=None)
188.0579 	EXP 	window1: mouseVisible = True
188.0582 	EXP 	Created unnamed ShapeStim = ShapeStim(__class__=<class 'psychopy.visual.shape.ShapeStim'>, anchor=('center', 'center'), autoDraw=False, autoLog=True, closeShape=True, color=method-wrapper(...), colorSpace='rgb', contrast=None, depth=0, draggable=False, fillColor=array([-1, -1, -1]), fillColorSpace='rgb', fillRGB=array([-1, -1, -1]), interpolate=True, lineColor=array([-1, -1, -1]), lineColorSpace='rgb', lineRGB=array([-1, -1, -1]), lineWidth=1.5, name='unnamed ShapeStim', opacity=1.0, ori=220.90909090909093, pos=array([-0.06586336, -0.29803506]), size=array([1., 1.]), units='height', vertices=ndarray(...), win=Window(...), windingRule=None)
188.0583 	EXP 	window1: mouseVisible = True
188.0586 	EXP 	Created unnamed Rect = Rect(__class__=<class 'psychopy.visual.rect.Rect'>, anchor=('center', 'center'), autoDraw=False, autoLog=True, closeShape=True, color=method-wrapper(...), colorSpace='rgb', contrast=None, depth=0, draggable=False, fillColor=array([0.00392157, 0.00392157, 0.00392157]), fillColorSpace='rgb', fillRGB=array([0.00392157, 0.00392157, 0.00392157]), interpolate=True, lineColor=array([0, 0, 0]), lineColorSpace='rgb', lineRGB=array([0, 0, 0]), lineWidth=0, name='unnamed Rect', opacity=0.0, ori=0.0, pos=array([0.1, 0. ]), size=array([1.1, 1. ]), units='height', vertices=ndarray(...), win=Window(...))
188.0677 	EXP 	unnamed Rect: autoDraw = True
188.0677 	EXP 	node0: autoDraw = True
188.0677 	EXP 	unnamed ImageStim: autoDraw = True
188.0677 	EXP 	node1: autoDraw = True
188.0677 	EXP 	unnamed ImageStim: autoDraw = True
188.0677 	EXP 	node2: autoDraw = True
188.0677 	EXP 	unnamed ImageStim: autoDraw = True
188.0677 	EXP 	node3: autoDraw = True
188.0677 	EXP 	unnamed ImageStim: autoDraw = True
188.0677 	EXP 	node4: autoDraw = True
188.0677 	EXP 	unnamed ImageStim: autoDraw = True
188.0677 	EXP 	node5: autoDraw = True
188.0677 	EXP 	unnamed ImageStim: autoDraw = True
188.0677 	EXP 	node6: autoDraw = True
188.0677 	EXP 	unnamed ImageStim: autoDraw = True
188.0677 	EXP 	node7: autoDraw = True
188.0677 	EXP 	unnamed ImageStim: autoDraw = True
188.0677 	EXP 	node8: autoDraw = True
188.0677 	EXP 	unnamed ImageStim: autoDraw = True
188.0677 	EXP 	node9: autoDraw = True
188.0677 	EXP 	node10: autoDraw = True
188.0677 	EXP 	unnamed ImageStim: autoDraw = True
188.0677 	EXP 	unnamed Line: autoDraw = True
188.0677 	EXP 	unnamed Line: autoDraw = True
188.0677 	EXP 	unnamed ShapeStim: autoDraw = True
188.0677 	EXP 	unnamed Line: autoDraw = True
188.0677 	EXP 	unnamed Line: autoDraw = True
188.0677 	EXP 	unnamed ShapeStim: autoDraw = True
188.0677 	EXP 	unnamed Line: autoDraw = True
188.0677 	EXP 	unnamed Line: autoDraw = True
188.0677 	EXP 	unnamed ShapeStim: autoDraw = True
188.0677 	EXP 	unnamed Line: autoDraw = True
188.0677 	EXP 	unnamed Line: autoDraw = True
188.0677 	EXP 	unnamed ShapeStim: autoDraw = True
188.0677 	EXP 	unnamed Line: autoDraw = True
188.0677 	EXP 	unnamed Line: autoDraw = True
188.0677 	EXP 	unnamed ShapeStim: autoDraw = True
188.0677 	EXP 	unnamed Line: autoDraw = True
188.0677 	EXP 	unnamed Line: autoDraw = True
188.0677 	EXP 	unnamed ShapeStim: autoDraw = True
188.0677 	EXP 	unnamed Line: autoDraw = True
188.0677 	EXP 	unnamed Line: autoDraw = True
188.0677 	EXP 	unnamed ShapeStim: autoDraw = True
188.0677 	EXP 	unnamed Line: autoDraw = True
188.0677 	EXP 	unnamed Line: autoDraw = True
188.0677 	EXP 	unnamed ShapeStim: autoDraw = True
188.0677 	EXP 	unnamed Line: autoDraw = True
188.0677 	EXP 	unnamed Line: autoDraw = True
188.0677 	EXP 	unnamed ShapeStim: autoDraw = True
188.0677 	EXP 	unnamed Line: autoDraw = True
188.0677 	EXP 	unnamed Line: autoDraw = True
188.0677 	EXP 	unnamed ShapeStim: autoDraw = True
188.0677 	EXP 	unnamed Rect: autoDraw = True
188.0677 	EXP 	node9: fillColor = '#126DEF'
188.0747 	EXP 	node9: fillColor = '#126DEF'
188.0747 	EXP 	unnamed Line: foreColor = <psychopy.colors.Color: black, alpha=1.0>
188.0747 	EXP 	unnamed Line: borderColor = <psychopy.colors.Color: black, alpha=1.0>
188.0747 	EXP 	unnamed Line: fillColor = <psychopy.colors.Color: black, alpha=1.0>
188.0747 	EXP 	unnamed ShapeStim: foreColor = <psychopy.colors.Color: black, alpha=1.0>
188.0747 	EXP 	unnamed ShapeStim: borderColor = <psychopy.colors.Color: black, alpha=1.0>
188.0747 	EXP 	unnamed ShapeStim: fillColor = <psychopy.colors.Color: black, alpha=1.0>
188.0747 	EXP 	unnamed Line: foreColor = <psychopy.colors.Color: black, alpha=1.0>
188.0747 	EXP 	unnamed Line: borderColor = <psychopy.colors.Color: black, alpha=1.0>
188.0747 	EXP 	unnamed Line: fillColor = <psychopy.colors.Color: black, alpha=1.0>
188.0747 	EXP 	unnamed ShapeStim: foreColor = <psychopy.colors.Color: black, alpha=1.0>
188.0747 	EXP 	unnamed ShapeStim: borderColor = <psychopy.colors.Color: black, alpha=1.0>
188.0747 	EXP 	unnamed ShapeStim: fillColor = <psychopy.colors.Color: black, alpha=1.0>
188.0747 	EXP 	unnamed Line: foreColor = <psychopy.colors.Color: black, alpha=1.0>
188.0747 	EXP 	unnamed Line: borderColor = <psychopy.colors.Color: black, alpha=1.0>
188.0747 	EXP 	unnamed Line: fillColor = <psychopy.colors.Color: black, alpha=1.0>
188.0747 	EXP 	unnamed ShapeStim: foreColor = <psychopy.colors.Color: black, alpha=1.0>
188.0747 	EXP 	unnamed ShapeStim: borderColor = <psychopy.colors.Color: black, alpha=1.0>
188.0747 	EXP 	unnamed ShapeStim: fillColor = <psychopy.colors.Color: black, alpha=1.0>
188.0747 	EXP 	unnamed Line: foreColor = <psychopy.colors.Color: black, alpha=1.0>
188.0747 	EXP 	unnamed Line: borderColor = <psychopy.colors.Color: black, alpha=1.0>
188.0747 	EXP 	unnamed Line: fillColor = <psychopy.colors.Color: black, alpha=1.0>
188.0747 	EXP 	unnamed ShapeStim: foreColor = <psychopy.colors.Color: black, alpha=1.0>
188.0747 	EXP 	unnamed ShapeStim: borderColor = <psychopy.colors.Color: black, alpha=1.0>
188.0747 	EXP 	unnamed ShapeStim: fillColor = <psychopy.colors.Color: black, alpha=1.0>
188.0747 	EXP 	unnamed Line: foreColor = <psychopy.colors.Color: black, alpha=1.0>
188.0747 	EXP 	unnamed Line: borderColor = <psychopy.colors.Color: black, alpha=1.0>
188.0747 	EXP 	unnamed Line: fillColor = <psychopy.colors.Color: black, alpha=1.0>
188.0747 	EXP 	unnamed ShapeStim: foreColor = <psychopy.colors.Color: black, alpha=1.0>
188.0747 	EXP 	unnamed ShapeStim: borderColor = <psychopy.colors.Color: black, alpha=1.0>
188.0747 	EXP 	unnamed ShapeStim: fillColor = <psychopy.colors.Color: black, alpha=1.0>
188.0747 	EXP 	unnamed Line: foreColor = <psychopy.colors.Color: black, alpha=1.0>
188.0747 	EXP 	unnamed Line: borderColor = <psychopy.colors.Color: black, alpha=1.0>
188.0747 	EXP 	unnamed Line: fillColor = <psychopy.colors.Color: black, alpha=1.0>
188.0747 	EXP 	unnamed ShapeStim: foreColor = <psychopy.colors.Color: black, alpha=1.0>
188.0747 	EXP 	unnamed ShapeStim: borderColor = <psychopy.colors.Color: black, alpha=1.0>
188.0747 	EXP 	unnamed ShapeStim: fillColor = <psychopy.colors.Color: black, alpha=1.0>
188.0747 	EXP 	unnamed Line: foreColor = <psychopy.colors.Color: black, alpha=1.0>
188.0747 	EXP 	unnamed Line: borderColor = <psychopy.colors.Color: black, alpha=1.0>
188.0747 	EXP 	unnamed Line: fillColor = <psychopy.colors.Color: black, alpha=1.0>
188.0747 	EXP 	unnamed ShapeStim: foreColor = <psychopy.colors.Color: black, alpha=1.0>
188.0747 	EXP 	unnamed ShapeStim: borderColor = <psychopy.colors.Color: black, alpha=1.0>
188.0747 	EXP 	unnamed ShapeStim: fillColor = <psychopy.colors.Color: black, alpha=1.0>
188.0747 	EXP 	unnamed Line: foreColor = <psychopy.colors.Color: black, alpha=1.0>
188.0747 	EXP 	unnamed Line: borderColor = <psychopy.colors.Color: black, alpha=1.0>
188.0747 	EXP 	unnamed Line: fillColor = <psychopy.colors.Color: black, alpha=1.0>
188.0747 	EXP 	unnamed ShapeStim: foreColor = <psychopy.colors.Color: black, alpha=1.0>
188.0747 	EXP 	unnamed ShapeStim: borderColor = <psychopy.colors.Color: black, alpha=1.0>
188.0747 	EXP 	unnamed ShapeStim: fillColor = <psychopy.colors.Color: black, alpha=1.0>
188.0747 	EXP 	unnamed Line: autoDraw = False
188.0747 	EXP 	unnamed ShapeStim: autoDraw = False
188.0747 	EXP 	unnamed Line: autoDraw = True
188.0747 	EXP 	unnamed ShapeStim: autoDraw = True
188.0747 	EXP 	unnamed Line: autoDraw = False
188.0747 	EXP 	unnamed ShapeStim: autoDraw = False
188.0747 	EXP 	unnamed Line: autoDraw = True
188.0747 	EXP 	unnamed ShapeStim: autoDraw = True
188.0747 	EXP 	unnamed Line: foreColor = <psychopy.colors.Color: (1.0, 0.58, -0.87, 1.0)>
188.0747 	EXP 	unnamed Line: borderColor = <psychopy.colors.Color: (1.0, 0.58, -0.87, 1.0)>
188.0747 	EXP 	unnamed Line: fillColor = <psychopy.colors.Color: (1.0, 0.58, -0.87, 1.0)>
188.0747 	EXP 	unnamed ShapeStim: foreColor = <psychopy.colors.Color: (1.0, 0.58, -0.87, 1.0)>
188.0747 	EXP 	unnamed ShapeStim: borderColor = <psychopy.colors.Color: (1.0, 0.58, -0.87, 1.0)>
188.0747 	EXP 	unnamed ShapeStim: fillColor = <psychopy.colors.Color: (1.0, 0.58, -0.87, 1.0)>
188.8159 	DATA 	Keypress: f
188.8214 	EXP 	unnamed Line: foreColor = <psychopy.colors.Color: black, alpha=1.0>
188.8214 	EXP 	unnamed Line: borderColor = <psychopy.colors.Color: black, alpha=1.0>
188.8214 	EXP 	unnamed Line: fillColor = <psychopy.colors.Color: black, alpha=1.0>
188.8214 	EXP 	unnamed ShapeStim: foreColor = <psychopy.colors.Color: black, alpha=1.0>
188.8214 	EXP 	unnamed ShapeStim: borderColor = <psychopy.colors.Color: black, alpha=1.0>
188.8214 	EXP 	unnamed ShapeStim: fillColor = <psychopy.colors.Color: black, alpha=1.0>
188.8214 	EXP 	unnamed Line: foreColor = <psychopy.colors.Color: (1.0, 0.58, -0.87, 1.0)>
188.8214 	EXP 	unnamed Line: borderColor = <psychopy.colors.Color: (1.0, 0.58, -0.87, 1.0)>
188.8214 	EXP 	unnamed Line: fillColor = <psychopy.colors.Color: (1.0, 0.58, -0.87, 1.0)>
188.8214 	EXP 	unnamed ShapeStim: foreColor = <psychopy.colors.Color: (1.0, 0.58, -0.87, 1.0)>
188.8214 	EXP 	unnamed ShapeStim: borderColor = <psychopy.colors.Color: (1.0, 0.58, -0.87, 1.0)>
188.8214 	EXP 	unnamed ShapeStim: fillColor = <psychopy.colors.Color: (1.0, 0.58, -0.87, 1.0)>
189.0312 	DATA 	Keypress: f
189.0357 	EXP 	unnamed Line: foreColor = <psychopy.colors.Color: black, alpha=1.0>
189.0357 	EXP 	unnamed Line: borderColor = <psychopy.colors.Color: black, alpha=1.0>
189.0357 	EXP 	unnamed Line: fillColor = <psychopy.colors.Color: black, alpha=1.0>
189.0357 	EXP 	unnamed ShapeStim: foreColor = <psychopy.colors.Color: black, alpha=1.0>
189.0357 	EXP 	unnamed ShapeStim: borderColor = <psychopy.colors.Color: black, alpha=1.0>
189.0357 	EXP 	unnamed ShapeStim: fillColor = <psychopy.colors.Color: black, alpha=1.0>
189.0357 	EXP 	unnamed Line: foreColor = <psychopy.colors.Color: (1.0, 0.58, -0.87, 1.0)>
189.0357 	EXP 	unnamed Line: borderColor = <psychopy.colors.Color: (1.0, 0.58, -0.87, 1.0)>
189.0357 	EXP 	unnamed Line: fillColor = <psychopy.colors.Color: (1.0, 0.58, -0.87, 1.0)>
189.0357 	EXP 	unnamed ShapeStim: foreColor = <psychopy.colors.Color: (1.0, 0.58, -0.87, 1.0)>
189.0357 	EXP 	unnamed ShapeStim: borderColor = <psychopy.colors.Color: (1.0, 0.58, -0.87, 1.0)>
189.0357 	EXP 	unnamed ShapeStim: fillColor = <psychopy.colors.Color: (1.0, 0.58, -0.87, 1.0)>
189.1991 	DATA 	Keypress: f
189.2035 	EXP 	unnamed Line: foreColor = <psychopy.colors.Color: black, alpha=1.0>
189.2035 	EXP 	unnamed Line: borderColor = <psychopy.colors.Color: black, alpha=1.0>
189.2035 	EXP 	unnamed Line: fillColor = <psychopy.colors.Color: black, alpha=1.0>
189.2035 	EXP 	unnamed ShapeStim: foreColor = <psychopy.colors.Color: black, alpha=1.0>
189.2035 	EXP 	unnamed ShapeStim: borderColor = <psychopy.colors.Color: black, alpha=1.0>
189.2035 	EXP 	unnamed ShapeStim: fillColor = <psychopy.colors.Color: black, alpha=1.0>
189.2035 	EXP 	unnamed Line: foreColor = <psychopy.colors.Color: (1.0, 0.58, -0.87, 1.0)>
189.2035 	EXP 	unnamed Line: borderColor = <psychopy.colors.Color: (1.0, 0.58, -0.87, 1.0)>
189.2035 	EXP 	unnamed Line: fillColor = <psychopy.colors.Color: (1.0, 0.58, -0.87, 1.0)>
189.2035 	EXP 	unnamed ShapeStim: foreColor = <psychopy.colors.Color: (1.0, 0.58, -0.87, 1.0)>
189.2035 	EXP 	unnamed ShapeStim: borderColor = <psychopy.colors.Color: (1.0, 0.58, -0.87, 1.0)>
189.2035 	EXP 	unnamed ShapeStim: fillColor = <psychopy.colors.Color: (1.0, 0.58, -0.87, 1.0)>
189.3989 	DATA 	Keypress: f
189.4032 	EXP 	unnamed Line: foreColor = <psychopy.colors.Color: black, alpha=1.0>
189.4032 	EXP 	unnamed Line: borderColor = <psychopy.colors.Color: black, alpha=1.0>
189.4032 	EXP 	unnamed Line: fillColor = <psychopy.colors.Color: black, alpha=1.0>
189.4032 	EXP 	unnamed ShapeStim: foreColor = <psychopy.colors.Color: black, alpha=1.0>
189.4032 	EXP 	unnamed ShapeStim: borderColor = <psychopy.colors.Color: black, alpha=1.0>
189.4032 	EXP 	unnamed ShapeStim: fillColor = <psychopy.colors.Color: black, alpha=1.0>
189.4032 	EXP 	unnamed Line: foreColor = <psychopy.colors.Color: (1.0, 0.58, -0.87, 1.0)>
189.4032 	EXP 	unnamed Line: borderColor = <psychopy.colors.Color: (1.0, 0.58, -0.87, 1.0)>
189.4032 	EXP 	unnamed Line: fillColor = <psychopy.colors.Color: (1.0, 0.58, -0.87, 1.0)>
189.4032 	EXP 	unnamed ShapeStim: foreColor = <psychopy.colors.Color: (1.0, 0.58, -0.87, 1.0)>
189.4032 	EXP 	unnamed ShapeStim: borderColor = <psychopy.colors.Color: (1.0, 0.58, -0.87, 1.0)>
189.4032 	EXP 	unnamed ShapeStim: fillColor = <psychopy.colors.Color: (1.0, 0.58, -0.87, 1.0)>
189.6553 	DATA 	Keypress: f
189.6597 	EXP 	unnamed Line: foreColor = <psychopy.colors.Color: black, alpha=1.0>
189.6597 	EXP 	unnamed Line: borderColor = <psychopy.colors.Color: black, alpha=1.0>
189.6597 	EXP 	unnamed Line: fillColor = <psychopy.colors.Color: black, alpha=1.0>
189.6597 	EXP 	unnamed ShapeStim: foreColor = <psychopy.colors.Color: black, alpha=1.0>
189.6597 	EXP 	unnamed ShapeStim: borderColor = <psychopy.colors.Color: black, alpha=1.0>
189.6597 	EXP 	unnamed ShapeStim: fillColor = <psychopy.colors.Color: black, alpha=1.0>
189.6597 	EXP 	unnamed Line: foreColor = <psychopy.colors.Color: (1.0, 0.58, -0.87, 1.0)>
189.6597 	EXP 	unnamed Line: borderColor = <psychopy.colors.Color: (1.0, 0.58, -0.87, 1.0)>
189.6597 	EXP 	unnamed Line: fillColor = <psychopy.colors.Color: (1.0, 0.58, -0.87, 1.0)>
189.6597 	EXP 	unnamed ShapeStim: foreColor = <psychopy.colors.Color: (1.0, 0.58, -0.87, 1.0)>
189.6597 	EXP 	unnamed ShapeStim: borderColor = <psychopy.colors.Color: (1.0, 0.58, -0.87, 1.0)>
189.6597 	EXP 	unnamed ShapeStim: fillColor = <psychopy.colors.Color: (1.0, 0.58, -0.87, 1.0)>
189.9114 	DATA 	Keypress: f
189.9158 	EXP 	unnamed Line: foreColor = <psychopy.colors.Color: black, alpha=1.0>
189.9158 	EXP 	unnamed Line: borderColor = <psychopy.colors.Color: black, alpha=1.0>
189.9158 	EXP 	unnamed Line: fillColor = <psychopy.colors.Color: black, alpha=1.0>
189.9158 	EXP 	unnamed ShapeStim: foreColor = <psychopy.colors.Color: black, alpha=1.0>
189.9158 	EXP 	unnamed ShapeStim: borderColor = <psychopy.colors.Color: black, alpha=1.0>
189.9158 	EXP 	unnamed ShapeStim: fillColor = <psychopy.colors.Color: black, alpha=1.0>
189.9158 	EXP 	unnamed Line: foreColor = <psychopy.colors.Color: (1.0, 0.58, -0.87, 1.0)>
189.9158 	EXP 	unnamed Line: borderColor = <psychopy.colors.Color: (1.0, 0.58, -0.87, 1.0)>
189.9158 	EXP 	unnamed Line: fillColor = <psychopy.colors.Color: (1.0, 0.58, -0.87, 1.0)>
189.9158 	EXP 	unnamed ShapeStim: foreColor = <psychopy.colors.Color: (1.0, 0.58, -0.87, 1.0)>
189.9158 	EXP 	unnamed ShapeStim: borderColor = <psychopy.colors.Color: (1.0, 0.58, -0.87, 1.0)>
189.9158 	EXP 	unnamed ShapeStim: fillColor = <psychopy.colors.Color: (1.0, 0.58, -0.87, 1.0)>
190.1113 	DATA 	Keypress: f
190.1156 	EXP 	unnamed Line: foreColor = <psychopy.colors.Color: black, alpha=1.0>
190.1156 	EXP 	unnamed Line: borderColor = <psychopy.colors.Color: black, alpha=1.0>
190.1156 	EXP 	unnamed Line: fillColor = <psychopy.colors.Color: black, alpha=1.0>
190.1156 	EXP 	unnamed ShapeStim: foreColor = <psychopy.colors.Color: black, alpha=1.0>
190.1156 	EXP 	unnamed ShapeStim: borderColor = <psychopy.colors.Color: black, alpha=1.0>
190.1156 	EXP 	unnamed ShapeStim: fillColor = <psychopy.colors.Color: black, alpha=1.0>
190.1156 	EXP 	unnamed Line: foreColor = <psychopy.colors.Color: (1.0, 0.58, -0.87, 1.0)>
190.1156 	EXP 	unnamed Line: borderColor = <psychopy.colors.Color: (1.0, 0.58, -0.87, 1.0)>
190.1156 	EXP 	unnamed Line: fillColor = <psychopy.colors.Color: (1.0, 0.58, -0.87, 1.0)>
190.1156 	EXP 	unnamed ShapeStim: foreColor = <psychopy.colors.Color: (1.0, 0.58, -0.87, 1.0)>
190.1156 	EXP 	unnamed ShapeStim: borderColor = <psychopy.colors.Color: (1.0, 0.58, -0.87, 1.0)>
190.1156 	EXP 	unnamed ShapeStim: fillColor = <psychopy.colors.Color: (1.0, 0.58, -0.87, 1.0)>
190.2714 	DATA 	Keypress: f
190.2757 	EXP 	unnamed Line: foreColor = <psychopy.colors.Color: black, alpha=1.0>
190.2757 	EXP 	unnamed Line: borderColor = <psychopy.colors.Color: black, alpha=1.0>
190.2757 	EXP 	unnamed Line: fillColor = <psychopy.colors.Color: black, alpha=1.0>
190.2757 	EXP 	unnamed ShapeStim: foreColor = <psychopy.colors.Color: black, alpha=1.0>
190.2757 	EXP 	unnamed ShapeStim: borderColor = <psychopy.colors.Color: black, alpha=1.0>
190.2757 	EXP 	unnamed ShapeStim: fillColor = <psychopy.colors.Color: black, alpha=1.0>
190.2757 	EXP 	unnamed Line: foreColor = <psychopy.colors.Color: (1.0, 0.58, -0.87, 1.0)>
190.2757 	EXP 	unnamed Line: borderColor = <psychopy.colors.Color: (1.0, 0.58, -0.87, 1.0)>
190.2757 	EXP 	unnamed Line: fillColor = <psychopy.colors.Color: (1.0, 0.58, -0.87, 1.0)>
190.2757 	EXP 	unnamed ShapeStim: foreColor = <psychopy.colors.Color: (1.0, 0.58, -0.87, 1.0)>
190.2757 	EXP 	unnamed ShapeStim: borderColor = <psychopy.colors.Color: (1.0, 0.58, -0.87, 1.0)>
190.2757 	EXP 	unnamed ShapeStim: fillColor = <psychopy.colors.Color: (1.0, 0.58, -0.87, 1.0)>
190.9435 	DATA 	Keypress: f
190.9478 	EXP 	unnamed Line: foreColor = <psychopy.colors.Color: black, alpha=1.0>
190.9478 	EXP 	unnamed Line: borderColor = <psychopy.colors.Color: black, alpha=1.0>
190.9478 	EXP 	unnamed Line: fillColor = <psychopy.colors.Color: black, alpha=1.0>
190.9478 	EXP 	unnamed ShapeStim: foreColor = <psychopy.colors.Color: black, alpha=1.0>
190.9478 	EXP 	unnamed ShapeStim: borderColor = <psychopy.colors.Color: black, alpha=1.0>
190.9478 	EXP 	unnamed ShapeStim: fillColor = <psychopy.colors.Color: black, alpha=1.0>
190.9478 	EXP 	unnamed Line: foreColor = <psychopy.colors.Color: (1.0, 0.58, -0.87, 1.0)>
190.9478 	EXP 	unnamed Line: borderColor = <psychopy.colors.Color: (1.0, 0.58, -0.87, 1.0)>
190.9478 	EXP 	unnamed Line: fillColor = <psychopy.colors.Color: (1.0, 0.58, -0.87, 1.0)>
190.9478 	EXP 	unnamed ShapeStim: foreColor = <psychopy.colors.Color: (1.0, 0.58, -0.87, 1.0)>
190.9478 	EXP 	unnamed ShapeStim: borderColor = <psychopy.colors.Color: (1.0, 0.58, -0.87, 1.0)>
190.9478 	EXP 	unnamed ShapeStim: fillColor = <psychopy.colors.Color: (1.0, 0.58, -0.87, 1.0)>
192.2636 	DATA 	Keypress: f
192.2701 	EXP 	unnamed Line: foreColor = <psychopy.colors.Color: black, alpha=1.0>
192.2701 	EXP 	unnamed Line: borderColor = <psychopy.colors.Color: black, alpha=1.0>
192.2701 	EXP 	unnamed Line: fillColor = <psychopy.colors.Color: black, alpha=1.0>
192.2701 	EXP 	unnamed ShapeStim: foreColor = <psychopy.colors.Color: black, alpha=1.0>
192.2701 	EXP 	unnamed ShapeStim: borderColor = <psychopy.colors.Color: black, alpha=1.0>
192.2701 	EXP 	unnamed ShapeStim: fillColor = <psychopy.colors.Color: black, alpha=1.0>
192.2701 	EXP 	unnamed Line: foreColor = <psychopy.colors.Color: (1.0, 0.58, -0.87, 1.0)>
192.2701 	EXP 	unnamed Line: borderColor = <psychopy.colors.Color: (1.0, 0.58, -0.87, 1.0)>
192.2701 	EXP 	unnamed Line: fillColor = <psychopy.colors.Color: (1.0, 0.58, -0.87, 1.0)>
192.2701 	EXP 	unnamed ShapeStim: foreColor = <psychopy.colors.Color: (1.0, 0.58, -0.87, 1.0)>
192.2701 	EXP 	unnamed ShapeStim: borderColor = <psychopy.colors.Color: (1.0, 0.58, -0.87, 1.0)>
192.2701 	EXP 	unnamed ShapeStim: fillColor = <psychopy.colors.Color: (1.0, 0.58, -0.87, 1.0)>
192.9996 	DATA 	Keypress: f
193.0049 	EXP 	unnamed Line: foreColor = <psychopy.colors.Color: black, alpha=1.0>
193.0049 	EXP 	unnamed Line: borderColor = <psychopy.colors.Color: black, alpha=1.0>
193.0049 	EXP 	unnamed Line: fillColor = <psychopy.colors.Color: black, alpha=1.0>
193.0049 	EXP 	unnamed ShapeStim: foreColor = <psychopy.colors.Color: black, alpha=1.0>
193.0049 	EXP 	unnamed ShapeStim: borderColor = <psychopy.colors.Color: black, alpha=1.0>
193.0049 	EXP 	unnamed ShapeStim: fillColor = <psychopy.colors.Color: black, alpha=1.0>
193.0049 	EXP 	unnamed Line: foreColor = <psychopy.colors.Color: (1.0, 0.58, -0.87, 1.0)>
193.0049 	EXP 	unnamed Line: borderColor = <psychopy.colors.Color: (1.0, 0.58, -0.87, 1.0)>
193.0049 	EXP 	unnamed Line: fillColor = <psychopy.colors.Color: (1.0, 0.58, -0.87, 1.0)>
193.0049 	EXP 	unnamed ShapeStim: foreColor = <psychopy.colors.Color: (1.0, 0.58, -0.87, 1.0)>
193.0049 	EXP 	unnamed ShapeStim: borderColor = <psychopy.colors.Color: (1.0, 0.58, -0.87, 1.0)>
193.0049 	EXP 	unnamed ShapeStim: fillColor = <psychopy.colors.Color: (1.0, 0.58, -0.87, 1.0)>
193.5353 	DATA 	Keypress: f
193.5407 	EXP 	unnamed Line: foreColor = <psychopy.colors.Color: black, alpha=1.0>
193.5407 	EXP 	unnamed Line: borderColor = <psychopy.colors.Color: black, alpha=1.0>
193.5407 	EXP 	unnamed Line: fillColor = <psychopy.colors.Color: black, alpha=1.0>
193.5407 	EXP 	unnamed ShapeStim: foreColor = <psychopy.colors.Color: black, alpha=1.0>
193.5407 	EXP 	unnamed ShapeStim: borderColor = <psychopy.colors.Color: black, alpha=1.0>
193.5407 	EXP 	unnamed ShapeStim: fillColor = <psychopy.colors.Color: black, alpha=1.0>
193.5407 	EXP 	unnamed Line: foreColor = <psychopy.colors.Color: (1.0, 0.58, -0.87, 1.0)>
193.5407 	EXP 	unnamed Line: borderColor = <psychopy.colors.Color: (1.0, 0.58, -0.87, 1.0)>
193.5407 	EXP 	unnamed Line: fillColor = <psychopy.colors.Color: (1.0, 0.58, -0.87, 1.0)>
193.5407 	EXP 	unnamed ShapeStim: foreColor = <psychopy.colors.Color: (1.0, 0.58, -0.87, 1.0)>
193.5407 	EXP 	unnamed ShapeStim: borderColor = <psychopy.colors.Color: (1.0, 0.58, -0.87, 1.0)>
193.5407 	EXP 	unnamed ShapeStim: fillColor = <psychopy.colors.Color: (1.0, 0.58, -0.87, 1.0)>
195.6956 	DATA 	Keypress: j
195.7014 	EXP 	node5: fillColor = '#126DEF'
195.7014 	EXP 	node9: fillColor = 'white'
195.7079 	EXP 	unnamed Line: foreColor = <psychopy.colors.Color: black, alpha=1.0>
195.7079 	EXP 	unnamed Line: borderColor = <psychopy.colors.Color: black, alpha=1.0>
195.7079 	EXP 	unnamed Line: fillColor = <psychopy.colors.Color: black, alpha=1.0>
195.7079 	EXP 	unnamed ShapeStim: foreColor = <psychopy.colors.Color: black, alpha=1.0>
195.7079 	EXP 	unnamed ShapeStim: borderColor = <psychopy.colors.Color: black, alpha=1.0>
195.7079 	EXP 	unnamed ShapeStim: fillColor = <psychopy.colors.Color: black, alpha=1.0>
195.7079 	EXP 	unnamed Line: foreColor = <psychopy.colors.Color: black, alpha=1.0>
195.7079 	EXP 	unnamed Line: borderColor = <psychopy.colors.Color: black, alpha=1.0>
195.7079 	EXP 	unnamed Line: fillColor = <psychopy.colors.Color: black, alpha=1.0>
195.7079 	EXP 	unnamed ShapeStim: foreColor = <psychopy.colors.Color: black, alpha=1.0>
195.7079 	EXP 	unnamed ShapeStim: borderColor = <psychopy.colors.Color: black, alpha=1.0>
195.7079 	EXP 	unnamed ShapeStim: fillColor = <psychopy.colors.Color: black, alpha=1.0>
195.7079 	EXP 	unnamed Line: foreColor = <psychopy.colors.Color: black, alpha=1.0>
195.7079 	EXP 	unnamed Line: borderColor = <psychopy.colors.Color: black, alpha=1.0>
195.7079 	EXP 	unnamed Line: fillColor = <psychopy.colors.Color: black, alpha=1.0>
195.7079 	EXP 	unnamed ShapeStim: foreColor = <psychopy.colors.Color: black, alpha=1.0>
195.7079 	EXP 	unnamed ShapeStim: borderColor = <psychopy.colors.Color: black, alpha=1.0>
195.7079 	EXP 	unnamed ShapeStim: fillColor = <psychopy.colors.Color: black, alpha=1.0>
195.7079 	EXP 	unnamed Line: foreColor = <psychopy.colors.Color: black, alpha=1.0>
195.7079 	EXP 	unnamed Line: borderColor = <psychopy.colors.Color: black, alpha=1.0>
195.7079 	EXP 	unnamed Line: fillColor = <psychopy.colors.Color: black, alpha=1.0>
195.7079 	EXP 	unnamed ShapeStim: foreColor = <psychopy.colors.Color: black, alpha=1.0>
195.7079 	EXP 	unnamed ShapeStim: borderColor = <psychopy.colors.Color: black, alpha=1.0>
195.7079 	EXP 	unnamed ShapeStim: fillColor = <psychopy.colors.Color: black, alpha=1.0>
195.7079 	EXP 	unnamed Line: foreColor = <psychopy.colors.Color: black, alpha=1.0>
195.7079 	EXP 	unnamed Line: borderColor = <psychopy.colors.Color: black, alpha=1.0>
195.7079 	EXP 	unnamed Line: fillColor = <psychopy.colors.Color: black, alpha=1.0>
195.7079 	EXP 	unnamed ShapeStim: foreColor = <psychopy.colors.Color: black, alpha=1.0>
195.7079 	EXP 	unnamed ShapeStim: borderColor = <psychopy.colors.Color: black, alpha=1.0>
195.7079 	EXP 	unnamed ShapeStim: fillColor = <psychopy.colors.Color: black, alpha=1.0>
195.7079 	EXP 	unnamed Line: foreColor = <psychopy.colors.Color: black, alpha=1.0>
195.7079 	EXP 	unnamed Line: borderColor = <psychopy.colors.Color: black, alpha=1.0>
195.7079 	EXP 	unnamed Line: fillColor = <psychopy.colors.Color: black, alpha=1.0>
195.7079 	EXP 	unnamed ShapeStim: foreColor = <psychopy.colors.Color: black, alpha=1.0>
195.7079 	EXP 	unnamed ShapeStim: borderColor = <psychopy.colors.Color: black, alpha=1.0>
195.7079 	EXP 	unnamed ShapeStim: fillColor = <psychopy.colors.Color: black, alpha=1.0>
195.7079 	EXP 	unnamed Line: autoDraw = False
195.7079 	EXP 	unnamed ShapeStim: autoDraw = False
195.7079 	EXP 	unnamed Line: autoDraw = True
195.7079 	EXP 	unnamed ShapeStim: autoDraw = True
195.7079 	EXP 	unnamed Line: autoDraw = False
195.7079 	EXP 	unnamed ShapeStim: autoDraw = False
195.7079 	EXP 	unnamed Line: autoDraw = True
195.7079 	EXP 	unnamed ShapeStim: autoDraw = True
195.7079 	EXP 	unnamed Line: foreColor = <psychopy.colors.Color: black, alpha=1.0>
195.7079 	EXP 	unnamed Line: borderColor = <psychopy.colors.Color: black, alpha=1.0>
195.7079 	EXP 	unnamed Line: fillColor = <psychopy.colors.Color: black, alpha=1.0>
195.7079 	EXP 	unnamed ShapeStim: foreColor = <psychopy.colors.Color: black, alpha=1.0>
195.7079 	EXP 	unnamed ShapeStim: borderColor = <psychopy.colors.Color: black, alpha=1.0>
195.7079 	EXP 	unnamed ShapeStim: fillColor = <psychopy.colors.Color: black, alpha=1.0>
195.7079 	EXP 	unnamed Line: foreColor = <psychopy.colors.Color: black, alpha=1.0>
195.7079 	EXP 	unnamed Line: borderColor = <psychopy.colors.Color: black, alpha=1.0>
195.7079 	EXP 	unnamed Line: fillColor = <psychopy.colors.Color: black, alpha=1.0>
195.7079 	EXP 	unnamed ShapeStim: foreColor = <psychopy.colors.Color: black, alpha=1.0>
195.7079 	EXP 	unnamed ShapeStim: borderColor = <psychopy.colors.Color: black, alpha=1.0>
195.7079 	EXP 	unnamed ShapeStim: fillColor = <psychopy.colors.Color: black, alpha=1.0>
195.7079 	EXP 	unnamed Line: foreColor = <psychopy.colors.Color: (1.0, 0.58, -0.87, 1.0)>
195.7079 	EXP 	unnamed Line: borderColor = <psychopy.colors.Color: (1.0, 0.58, -0.87, 1.0)>
195.7079 	EXP 	unnamed Line: fillColor = <psychopy.colors.Color: (1.0, 0.58, -0.87, 1.0)>
195.7079 	EXP 	unnamed ShapeStim: foreColor = <psychopy.colors.Color: (1.0, 0.58, -0.87, 1.0)>
195.7079 	EXP 	unnamed ShapeStim: borderColor = <psychopy.colors.Color: (1.0, 0.58, -0.87, 1.0)>
195.7079 	EXP 	unnamed ShapeStim: fillColor = <psychopy.colors.Color: (1.0, 0.58, -0.87, 1.0)>
196.7836 	DATA 	Keypress: f
196.7880 	EXP 	unnamed Line: foreColor = <psychopy.colors.Color: black, alpha=1.0>
196.7880 	EXP 	unnamed Line: borderColor = <psychopy.colors.Color: black, alpha=1.0>
196.7880 	EXP 	unnamed Line: fillColor = <psychopy.colors.Color: black, alpha=1.0>
196.7880 	EXP 	unnamed ShapeStim: foreColor = <psychopy.colors.Color: black, alpha=1.0>
196.7880 	EXP 	unnamed ShapeStim: borderColor = <psychopy.colors.Color: black, alpha=1.0>
196.7880 	EXP 	unnamed ShapeStim: fillColor = <psychopy.colors.Color: black, alpha=1.0>
196.7880 	EXP 	unnamed Line: foreColor = <psychopy.colors.Color: (1.0, 0.58, -0.87, 1.0)>
196.7880 	EXP 	unnamed Line: borderColor = <psychopy.colors.Color: (1.0, 0.58, -0.87, 1.0)>
196.7880 	EXP 	unnamed Line: fillColor = <psychopy.colors.Color: (1.0, 0.58, -0.87, 1.0)>
196.7880 	EXP 	unnamed ShapeStim: foreColor = <psychopy.colors.Color: (1.0, 0.58, -0.87, 1.0)>
196.7880 	EXP 	unnamed ShapeStim: borderColor = <psychopy.colors.Color: (1.0, 0.58, -0.87, 1.0)>
196.7880 	EXP 	unnamed ShapeStim: fillColor = <psychopy.colors.Color: (1.0, 0.58, -0.87, 1.0)>
197.1754 	DATA 	Keypress: j
197.1802 	EXP 	node4: fillColor = '#126DEF'
197.1802 	EXP 	node5: fillColor = 'white'
197.8804 	EXP 	window1: mouseVisible = True
197.8819 	EXP 	Created unnamed TextStim = TextStim(__class__=<class 'psychopy.visual.text.TextStim'>, alignHoriz=method-wrapper(...), alignText='center', alignVert=method-wrapper(...), anchorHoriz='center', anchorVert='center', antialias=True, autoDraw=False, autoLog=True, bold=True, color=array([ 0.23921569, -1.        , -0.98431373]), colorSpace='rgb', contrast=1.0, depth=0, draggable=False, flipHoriz=False, flipVert=False, font='', fontFiles=[], height=0.04, italic=False, languageStyle='LTR', name='unnamed TextStim', opacity=1.0, ori=0.0, pos=array([-0.03860639, -0.27582254]), rgb=UNKNOWN, text='-4', units='height', win=Window(...), wrapWidth=1)
197.8821 	EXP 	window1: mouseVisible = True
197.8832 	EXP 	Created unnamed TextStim = TextStim(__class__=<class 'psychopy.visual.text.TextStim'>, alignHoriz=method-wrapper(...), alignText='center', alignVert=method-wrapper(...), anchorHoriz='center', anchorVert='center', antialias=True, autoDraw=False, autoLog=True, bold=True, color=array([-0.88235294, -0.12156863, -0.97647059]), colorSpace='rgb', contrast=1.0, depth=0, draggable=False, flipHoriz=False, flipVert=False, font='', fontFiles=[], height=0.04, italic=False, languageStyle='LTR', name='unnamed TextStim', opacity=1.0, ori=0.0, pos=array([-0.20451235, -0.16920126]), rgb=UNKNOWN, text='+3', units='height', win=Window(...), wrapWidth=1)
197.8866 	EXP 	node4: fillColor = 'white'
197.8866 	EXP 	unnamed ImageStim: autoDraw = True
197.8866 	EXP 	unnamed ImageStim: autoDraw = True
198.8957 	EXP 	unnamed ImageStim: autoDraw = False
198.8957 	EXP 	unnamed ImageStim: autoDraw = False
198.8957 	EXP 	unnamed Rect: autoDraw = False
198.8957 	EXP 	unnamed Rect: autoDraw = True
199.0454 	EXP 	unnamed Rect: autoDraw = False
199.0454 	EXP 	node0: autoDraw = False
199.0454 	EXP 	unnamed ImageStim: autoDraw = False
199.0454 	EXP 	node1: autoDraw = False
199.0454 	EXP 	unnamed ImageStim: autoDraw = False
199.0454 	EXP 	node2: autoDraw = False
199.0454 	EXP 	unnamed ImageStim: autoDraw = False
199.0454 	EXP 	node3: autoDraw = False
199.0454 	EXP 	unnamed ImageStim: autoDraw = False
199.0454 	EXP 	node4: autoDraw = False
199.0454 	EXP 	unnamed ImageStim: autoDraw = False
199.0454 	EXP 	node5: autoDraw = False
199.0454 	EXP 	unnamed ImageStim: autoDraw = False
199.0454 	EXP 	node6: autoDraw = False
199.0454 	EXP 	unnamed ImageStim: autoDraw = False
199.0454 	EXP 	node7: autoDraw = False
199.0454 	EXP 	unnamed ImageStim: autoDraw = False
199.0454 	EXP 	node8: autoDraw = False
199.0454 	EXP 	unnamed ImageStim: autoDraw = False
199.0454 	EXP 	node9: autoDraw = False
199.0454 	EXP 	node10: autoDraw = False
199.0454 	EXP 	unnamed ImageStim: autoDraw = False
199.0454 	EXP 	unnamed Line: autoDraw = False
199.0454 	EXP 	unnamed ShapeStim: autoDraw = False
199.0454 	EXP 	unnamed Line: autoDraw = False
199.0454 	EXP 	unnamed ShapeStim: autoDraw = False
199.0454 	EXP 	unnamed Line: autoDraw = False
199.0454 	EXP 	unnamed ShapeStim: autoDraw = False
199.0454 	EXP 	unnamed Line: autoDraw = False
199.0454 	EXP 	unnamed ShapeStim: autoDraw = False
199.0454 	EXP 	unnamed Line: autoDraw = False
199.0454 	EXP 	unnamed ShapeStim: autoDraw = False
199.0454 	EXP 	unnamed Line: autoDraw = False
199.0454 	EXP 	unnamed ShapeStim: autoDraw = False
199.0454 	EXP 	unnamed Line: autoDraw = False
199.0454 	EXP 	unnamed ShapeStim: autoDraw = False
199.0454 	EXP 	unnamed Line: autoDraw = False
199.0454 	EXP 	unnamed ShapeStim: autoDraw = False
199.0454 	EXP 	unnamed Line: autoDraw = False
199.0454 	EXP 	unnamed ShapeStim: autoDraw = False
199.0454 	EXP 	unnamed Line: autoDraw = False
199.0454 	EXP 	unnamed ShapeStim: autoDraw = False
199.0454 	EXP 	unnamed Rect: autoDraw = False
199.0499 	INFO 	Mouse: using default window
199.0500 	EXP 	window1: mouseVisible = True
200.0077 	DATA 	Keypress: space
200.0082 	INFO 	Mouse: using default window
200.0083 	EXP 	window1: mouseVisible = True
200.0083 	EXP 	window1: mouseVisible = True
200.0112 	EXP 	Created unnamed TextStim = TextStim(__class__=<class 'psychopy.visual.text.TextStim'>, alignHoriz=method-wrapper(...), alignText='center', alignVert=method-wrapper(...), anchorHoriz='center', anchorVert='center', antialias=True, autoDraw=False, autoLog=True, bold=False, color=array([1, 1, 1]), colorSpace='rgb', contrast=1.0, depth=0, draggable=False, flipHoriz=False, flipVert=False, font='', fontFiles=[], height=0.035, italic=False, languageStyle='LTR', name='unnamed TextStim', opacity=1.0, ori=0.0, pos=array([0., 0.]), rgb=UNKNOWN, text='press Space to start', units='height', win=Window(...), wrapWidth=1)
201.5277 	DATA 	Keypress: space
201.5281 	EXP 	window1: mouseVisible = True
201.5285 	EXP 	Created unnamed Rect = Rect(__class__=<class 'psychopy.visual.rect.Rect'>, anchor=('center', 'center'), autoDraw=False, autoLog=True, closeShape=True, color=method-wrapper(...), colorSpace='rgb', contrast=None, depth=0, draggable=False, fillColor=array([0.00392157, 0.00392157, 0.00392157]), fillColorSpace='rgb', fillRGB=array([0.00392157, 0.00392157, 0.00392157]), interpolate=True, lineColor=array([0, 0, 0]), lineColorSpace='rgb', lineRGB=array([0, 0, 0]), lineWidth=0, name='unnamed Rect', opacity=0.5, ori=0.0, pos=array([-0.65,  0.45]), size=array([0.1, 0.1]), units='height', vertices=ndarray(...), win=Window(...))
201.5296 	EXP 	window1: mouseVisible = True
201.5316 	EXP 	Created node0 = Circle(__class__=<class 'psychopy.visual.circle.Circle'>, anchor=('center', 'center'), autoDraw=False, autoLog=True, closeShape=True, color=method-wrapper(...), colorSpace='rgb', contrast=None, depth=0, draggable=False, fillColor=array([1, 1, 1]), fillColorSpace='rgb', fillRGB=array([1, 1, 1]), interpolate=True, lineColor=array([-1, -1, -1]), lineColorSpace='rgb', lineRGB=array([-1, -1, -1]), lineWidth=2, name='node0', opacity=1.0, ori=0.0, pos=array([0.  , 0.35]), size=array([1., 1.]), units='height', vertices=ndarray(...), win=Window(...))
201.5316 	EXP 	window1: mouseVisible = True
201.5481 	EXP 	Created unnamed ImageStim = ImageStim(__class__=<class 'psychopy.visual.image.ImageStim'>, anchor=('center', 'center'), autoLog=True, color=array([1., 1., 1.]), colorSpace='rgb', contrast=1.0, depth=0, draggable=False, flipHoriz=False, flipVert=False, image='images/pattern_4.png', interpolate=False, mask=None, maskParams=None, name='unnamed ImageStim', opacity=1.0, ori=0.0, pos=array([0.  , 0.35]), size=array([0.12, 0.12]), texRes=128, units='height', win=Window(...))
201.5491 	EXP 	window1: mouseVisible = True
201.5511 	EXP 	Created node1 = Circle(__class__=<class 'psychopy.visual.circle.Circle'>, anchor=('center', 'center'), autoDraw=False, autoLog=True, closeShape=True, color=method-wrapper(...), colorSpace='rgb', contrast=None, depth=0, draggable=False, fillColor=array([1, 1, 1]), fillColorSpace='rgb', fillRGB=array([1, 1, 1]), interpolate=True, lineColor=array([-1, -1, -1]), lineColorSpace='rgb', lineRGB=array([-1, -1, -1]), lineWidth=2, name='node1', opacity=1.0, ori=0.0, pos=array([-0.18922429,  0.29443874]), size=array([1., 1.]), units='height', vertices=ndarray(...), win=Window(...))
201.5511 	EXP 	window1: mouseVisible = True
201.5676 	EXP 	Created unnamed ImageStim = ImageStim(__class__=<class 'psychopy.visual.image.ImageStim'>, anchor=('center', 'center'), autoLog=True, color=array([1., 1., 1.]), colorSpace='rgb', contrast=1.0, depth=0, draggable=False, flipHoriz=False, flipVert=False, image='images/pattern_3.png', interpolate=False, mask=None, maskParams=None, name='unnamed ImageStim', opacity=1.0, ori=0.0, pos=array([-0.18922429,  0.29443874]), size=array([0.12, 0.12]), texRes=128, units='height', win=Window(...))
201.5686 	EXP 	window1: mouseVisible = True
201.5706 	EXP 	Created node2 = Circle(__class__=<class 'psychopy.visual.circle.Circle'>, anchor=('center', 'center'), autoDraw=False, autoLog=True, closeShape=True, color=method-wrapper(...), colorSpace='rgb', contrast=None, depth=0, draggable=False, fillColor=array([1, 1, 1]), fillColorSpace='rgb', fillRGB=array([1, 1, 1]), interpolate=True, lineColor=array([-1, -1, -1]), lineColorSpace='rgb', lineRGB=array([-1, -1, -1]), lineWidth=2, name='node2', opacity=1.0, ori=0.0, pos=array([-0.3183712 ,  0.14539525]), size=array([1., 1.]), units='height', vertices=ndarray(...), win=Window(...))
201.5706 	EXP 	window1: mouseVisible = True
201.5869 	EXP 	Created unnamed ImageStim = ImageStim(__class__=<class 'psychopy.visual.image.ImageStim'>, anchor=('center', 'center'), autoLog=True, color=array([1., 1., 1.]), colorSpace='rgb', contrast=1.0, depth=0, draggable=False, flipHoriz=False, flipVert=False, image='images/pattern_4.png', interpolate=False, mask=None, maskParams=None, name='unnamed ImageStim', opacity=1.0, ori=0.0, pos=array([-0.3183712 ,  0.14539525]), size=array([0.12, 0.12]), texRes=128, units='height', win=Window(...))
201.5879 	EXP 	window1: mouseVisible = True
201.5898 	EXP 	Created node3 = Circle(__class__=<class 'psychopy.visual.circle.Circle'>, anchor=('center', 'center'), autoDraw=False, autoLog=True, closeShape=True, color=method-wrapper(...), colorSpace='rgb', contrast=None, depth=0, draggable=False, fillColor=array([1, 1, 1]), fillColorSpace='rgb', fillRGB=array([1, 1, 1]), interpolate=True, lineColor=array([-1, -1, -1]), lineColorSpace='rgb', lineRGB=array([-1, -1, -1]), lineWidth=2, name='node3', opacity=1.0, ori=0.0, pos=array([-0.3464375 , -0.04981019]), size=array([1., 1.]), units='height', vertices=ndarray(...), win=Window(...))
201.5898 	EXP 	window1: mouseVisible = True
201.6063 	EXP 	Created unnamed ImageStim = ImageStim(__class__=<class 'psychopy.visual.image.ImageStim'>, anchor=('center', 'center'), autoLog=True, color=array([1., 1., 1.]), colorSpace='rgb', contrast=1.0, depth=0, draggable=False, flipHoriz=False, flipVert=False, image='images/pattern_2.png', interpolate=False, mask=None, maskParams=None, name='unnamed ImageStim', opacity=1.0, ori=0.0, pos=array([-0.3464375 , -0.04981019]), size=array([0.12, 0.12]), texRes=128, units='height', win=Window(...))
201.6073 	EXP 	window1: mouseVisible = True
201.6092 	EXP 	Created node4 = Circle(__class__=<class 'psychopy.visual.circle.Circle'>, anchor=('center', 'center'), autoDraw=False, autoLog=True, closeShape=True, color=method-wrapper(...), colorSpace='rgb', contrast=None, depth=0, draggable=False, fillColor=array([1, 1, 1]), fillColorSpace='rgb', fillRGB=array([1, 1, 1]), interpolate=True, lineColor=array([-1, -1, -1]), lineColorSpace='rgb', lineRGB=array([-1, -1, -1]), lineWidth=2, name='node4', opacity=1.0, ori=0.0, pos=array([-0.26451235, -0.22920126]), size=array([1., 1.]), units='height', vertices=ndarray(...), win=Window(...))
201.6092 	EXP 	window1: mouseVisible = True
201.6269 	EXP 	Created unnamed ImageStim = ImageStim(__class__=<class 'psychopy.visual.image.ImageStim'>, anchor=('center', 'center'), autoLog=True, color=array([1., 1., 1.]), colorSpace='rgb', contrast=1.0, depth=0, draggable=False, flipHoriz=False, flipVert=False, image='images/pattern_8.png', interpolate=False, mask=None, maskParams=None, name='unnamed ImageStim', opacity=1.0, ori=0.0, pos=array([-0.26451235, -0.22920126]), size=array([0.12, 0.12]), texRes=128, units='height', win=Window(...))
201.6279 	EXP 	window1: mouseVisible = True
201.6298 	EXP 	Created node5 = Circle(__class__=<class 'psychopy.visual.circle.Circle'>, anchor=('center', 'center'), autoDraw=False, autoLog=True, closeShape=True, color=method-wrapper(...), colorSpace='rgb', contrast=None, depth=0, draggable=False, fillColor=array([1, 1, 1]), fillColorSpace='rgb', fillRGB=array([1, 1, 1]), interpolate=True, lineColor=array([-1, -1, -1]), lineColorSpace='rgb', lineRGB=array([-1, -1, -1]), lineWidth=2, name='node5', opacity=1.0, ori=0.0, pos=array([-0.09860639, -0.33582254]), size=array([1., 1.]), units='height', vertices=ndarray(...), win=Window(...))
201.6299 	EXP 	window1: mouseVisible = True
201.6463 	EXP 	Created unnamed ImageStim = ImageStim(__class__=<class 'psychopy.visual.image.ImageStim'>, anchor=('center', 'center'), autoLog=True, color=array([1., 1., 1.]), colorSpace='rgb', contrast=1.0, depth=0, draggable=False, flipHoriz=False, flipVert=False, image='images/pattern_1.png', interpolate=False, mask=None, maskParams=None, name='unnamed ImageStim', opacity=1.0, ori=0.0, pos=array([-0.09860639, -0.33582254]), size=array([0.12, 0.12]), texRes=128, units='height', win=Window(...))
201.6473 	EXP 	window1: mouseVisible = True
201.6492 	EXP 	Created node6 = Circle(__class__=<class 'psychopy.visual.circle.Circle'>, anchor=('center', 'center'), autoDraw=False, autoLog=True, closeShape=True, color=method-wrapper(...), colorSpace='rgb', contrast=None, depth=0, draggable=False, fillColor=array([1, 1, 1]), fillColorSpace='rgb', fillRGB=array([1, 1, 1]), interpolate=True, lineColor=array([-1, -1, -1]), lineColorSpace='rgb', lineRGB=array([-1, -1, -1]), lineWidth=2, name='node6', opacity=1.0, ori=0.0, pos=array([ 0.09860639, -0.33582254]), size=array([1., 1.]), units='height', vertices=ndarray(...), win=Window(...))
201.6493 	EXP 	window1: mouseVisible = True
201.6669 	EXP 	Created unnamed ImageStim = ImageStim(__class__=<class 'psychopy.visual.image.ImageStim'>, anchor=('center', 'center'), autoLog=True, color=array([1., 1., 1.]), colorSpace='rgb', contrast=1.0, depth=0, draggable=False, flipHoriz=False, flipVert=False, image='images/pattern_8.png', interpolate=False, mask=None, maskParams=None, name='unnamed ImageStim', opacity=1.0, ori=0.0, pos=array([ 0.09860639, -0.33582254]), size=array([0.12, 0.12]), texRes=128, units='height', win=Window(...))
201.6679 	EXP 	window1: mouseVisible = True
201.6698 	EXP 	Created node7 = Circle(__class__=<class 'psychopy.visual.circle.Circle'>, anchor=('center', 'center'), autoDraw=False, autoLog=True, closeShape=True, color=method-wrapper(...), colorSpace='rgb', contrast=None, depth=0, draggable=False, fillColor=array([1, 1, 1]), fillColorSpace='rgb', fillRGB=array([1, 1, 1]), interpolate=True, lineColor=array([-1, -1, -1]), lineColorSpace='rgb', lineRGB=array([-1, -1, -1]), lineWidth=2, name='node7', opacity=1.0, ori=0.0, pos=array([ 0.26451235, -0.22920126]), size=array([1., 1.]), units='height', vertices=ndarray(...), win=Window(...))
201.6699 	EXP 	window1: mouseVisible = True
201.6864 	EXP 	Created unnamed ImageStim = ImageStim(__class__=<class 'psychopy.visual.image.ImageStim'>, anchor=('center', 'center'), autoLog=True, color=array([1., 1., 1.]), colorSpace='rgb', contrast=1.0, depth=0, draggable=False, flipHoriz=False, flipVert=False, image='images/pattern_5.png', interpolate=False, mask=None, maskParams=None, name='unnamed ImageStim', opacity=1.0, ori=0.0, pos=array([ 0.26451235, -0.22920126]), size=array([0.12, 0.12]), texRes=128, units='height', win=Window(...))
201.6875 	EXP 	window1: mouseVisible = True
201.6894 	EXP 	Created node8 = Circle(__class__=<class 'psychopy.visual.circle.Circle'>, anchor=('center', 'center'), autoDraw=False, autoLog=True, closeShape=True, color=method-wrapper(...), colorSpace='rgb', contrast=None, depth=0, draggable=False, fillColor=array([1, 1, 1]), fillColorSpace='rgb', fillRGB=array([1, 1, 1]), interpolate=True, lineColor=array([-1, -1, -1]), lineColorSpace='rgb', lineRGB=array([-1, -1, -1]), lineWidth=2, name='node8', opacity=1.0, ori=0.0, pos=array([ 0.3464375 , -0.04981019]), size=array([1., 1.]), units='height', vertices=ndarray(...), win=Window(...))
201.6894 	EXP 	window1: mouseVisible = True
201.7057 	EXP 	Created unnamed ImageStim = ImageStim(__class__=<class 'psychopy.visual.image.ImageStim'>, anchor=('center', 'center'), autoLog=True, color=array([1., 1., 1.]), colorSpace='rgb', contrast=1.0, depth=0, draggable=False, flipHoriz=False, flipVert=False, image='images/pattern_6.png', interpolate=False, mask=None, maskParams=None, name='unnamed ImageStim', opacity=1.0, ori=0.0, pos=array([ 0.3464375 , -0.04981019]), size=array([0.12, 0.12]), texRes=128, units='height', win=Window(...))
201.7067 	EXP 	window1: mouseVisible = True
201.7086 	EXP 	Created node9 = Circle(__class__=<class 'psychopy.visual.circle.Circle'>, anchor=('center', 'center'), autoDraw=False, autoLog=True, closeShape=True, color=method-wrapper(...), colorSpace='rgb', contrast=None, depth=0, draggable=False, fillColor=array([1, 1, 1]), fillColorSpace='rgb', fillRGB=array([1, 1, 1]), interpolate=True, lineColor=array([-1, -1, -1]), lineColorSpace='rgb', lineRGB=array([-1, -1, -1]), lineWidth=2, name='node9', opacity=1.0, ori=0.0, pos=array([0.3183712 , 0.14539525]), size=array([1., 1.]), units='height', vertices=ndarray(...), win=Window(...))
201.7096 	EXP 	window1: mouseVisible = True
201.7114 	EXP 	Created node10 = Circle(__class__=<class 'psychopy.visual.circle.Circle'>, anchor=('center', 'center'), autoDraw=False, autoLog=True, closeShape=True, color=method-wrapper(...), colorSpace='rgb', contrast=None, depth=0, draggable=False, fillColor=array([1, 1, 1]), fillColorSpace='rgb', fillRGB=array([1, 1, 1]), interpolate=True, lineColor=array([-1, -1, -1]), lineColorSpace='rgb', lineRGB=array([-1, -1, -1]), lineWidth=2, name='node10', opacity=1.0, ori=0.0, pos=array([0.18922429, 0.29443874]), size=array([1., 1.]), units='height', vertices=ndarray(...), win=Window(...))
201.7115 	EXP 	window1: mouseVisible = True
201.7278 	EXP 	Created unnamed ImageStim = ImageStim(__class__=<class 'psychopy.visual.image.ImageStim'>, anchor=('center', 'center'), autoLog=True, color=array([1., 1., 1.]), colorSpace='rgb', contrast=1.0, depth=0, draggable=False, flipHoriz=False, flipVert=False, image='images/pattern_3.png', interpolate=False, mask=None, maskParams=None, name='unnamed ImageStim', opacity=1.0, ori=0.0, pos=array([0.18922429, 0.29443874]), size=array([0.12, 0.12]), texRes=128, units='height', win=Window(...))
201.7279 	EXP 	window1: mouseVisible = True
201.7283 	EXP 	Created unnamed Line = Line(__class__=<class 'psychopy.visual.line.Line'>, anchor=('center', 'center'), autoDraw=False, autoLog=True, closeShape=False, color=array([-1, -1, -1]), colorSpace='rgb', contrast=None, depth=2, draggable=False, fillColor=array([0, 0, 0]), fillColorSpace='rgb', fillRGB=array([0, 0, 0]), interpolate=True, lineColor=array([-1, -1, -1]), lineColorSpace='rgb', lineRGB=array([-1, -1, -1]), lineWidth=4, name='unnamed Line', opacity=0.5, ori=0.0, pos=array([0., 0.]), size=array([1., 1.]), units='height', vertices=ndarray(...), win=Window(...), windingRule=None)
201.7283 	EXP 	window1: mouseVisible = True
201.7287 	EXP 	Created unnamed ShapeStim = ShapeStim(__class__=<class 'psychopy.visual.shape.ShapeStim'>, anchor=('center', 'center'), autoDraw=False, autoLog=True, closeShape=True, color=method-wrapper(...), colorSpace='rgb', contrast=None, depth=0, draggable=False, fillColor=array([-1, -1, -1]), fillColorSpace='rgb', fillRGB=array([-1, -1, -1]), interpolate=True, lineColor=array([-1, -1, -1]), lineColorSpace='rgb', lineRGB=array([-1, -1, -1]), lineWidth=1.5, name='unnamed ShapeStim', opacity=1.0, ori=89.99999999999999, pos=array([0.13922429, 0.29443874]), size=array([1., 1.]), units='height', vertices=ndarray(...), win=Window(...), windingRule=None)
201.7288 	EXP 	window1: mouseVisible = True
201.7291 	EXP 	Created unnamed Line = Line(__class__=<class 'psychopy.visual.line.Line'>, anchor=('center', 'center'), autoDraw=False, autoLog=True, closeShape=False, color=array([-1, -1, -1]), colorSpace='rgb', contrast=None, depth=2, draggable=False, fillColor=array([0, 0, 0]), fillColorSpace='rgb', fillRGB=array([0, 0, 0]), interpolate=True, lineColor=array([-1, -1, -1]), lineColorSpace='rgb', lineRGB=array([-1, -1, -1]), lineWidth=4, name='unnamed Line', opacity=0.5, ori=0.0, pos=array([0., 0.]), size=array([1., 1.]), units='height', vertices=ndarray(...), win=Window(...), windingRule=None)
201.7292 	EXP 	window1: mouseVisible = True
201.7296 	EXP 	Created unnamed ShapeStim = ShapeStim(__class__=<class 'psychopy.visual.shape.ShapeStim'>, anchor=('center', 'center'), autoDraw=False, autoLog=True, closeShape=True, color=method-wrapper(...), colorSpace='rgb', contrast=None, depth=0, draggable=False, fillColor=array([-1, -1, -1]), fillColorSpace='rgb', fillRGB=array([-1, -1, -1]), interpolate=True, lineColor=array([-1, -1, -1]), lineColorSpace='rgb', lineRGB=array([-1, -1, -1]), lineWidth=1.5, name='unnamed ShapeStim', opacity=1.0, ori=139.09090909090912, pos=array([ 0.23176931, -0.19141378]), size=array([1., 1.]), units='height', vertices=ndarray(...), win=Window(...), windingRule=None)
201.7296 	EXP 	window1: mouseVisible = True
201.7300 	EXP 	Created unnamed Line = Line(__class__=<class 'psychopy.visual.line.Line'>, anchor=('center', 'center'), autoDraw=False, autoLog=True, closeShape=False, color=array([-1, -1, -1]), colorSpace='rgb', contrast=None, depth=2, draggable=False, fillColor=array([0, 0, 0]), fillColorSpace='rgb', fillRGB=array([0, 0, 0]), interpolate=True, lineColor=array([-1, -1, -1]), lineColorSpace='rgb', lineRGB=array([-1, -1, -1]), lineWidth=4, name='unnamed Line', opacity=0.5, ori=0.0, pos=array([0., 0.]), size=array([1., 1.]), units='height', vertices=ndarray(...), win=Window(...), windingRule=None)
201.7300 	EXP 	window1: mouseVisible = True
201.7304 	EXP 	Created unnamed ShapeStim = ShapeStim(__class__=<class 'psychopy.visual.shape.ShapeStim'>, anchor=('center', 'center'), autoDraw=False, autoLog=True, closeShape=True, color=method-wrapper(...), colorSpace='rgb', contrast=None, depth=0, draggable=False, fillColor=array([-1, -1, -1]), fillColorSpace='rgb', fillRGB=array([-1, -1, -1]), interpolate=True, lineColor=array([-1, -1, -1]), lineColorSpace='rgb', lineRGB=array([-1, -1, -1]), lineWidth=1.5, name='unnamed ShapeStim', opacity=1.0, ori=188.1818181818182, pos=array([-3.39321763e-01, -3.19121302e-04]), size=array([1., 1.]), units='height', vertices=ndarray(...), win=Window(...), windingRule=None)
201.7304 	EXP 	window1: mouseVisible = True
201.7308 	EXP 	Created unnamed Line = Line(__class__=<class 'psychopy.visual.line.Line'>, anchor=('center', 'center'), autoDraw=False, autoLog=True, closeShape=False, color=array([-1, -1, -1]), colorSpace='rgb', contrast=None, depth=2, draggable=False, fillColor=array([0, 0, 0]), fillColorSpace='rgb', fillRGB=array([0, 0, 0]), interpolate=True, lineColor=array([-1, -1, -1]), lineColorSpace='rgb', lineRGB=array([-1, -1, -1]), lineWidth=4, name='unnamed Line', opacity=0.5, ori=0.0, pos=array([0., 0.]), size=array([1., 1.]), units='height', vertices=ndarray(...), win=Window(...), windingRule=None)
201.7308 	EXP 	window1: mouseVisible = True
201.7312 	EXP 	Created unnamed ShapeStim = ShapeStim(__class__=<class 'psychopy.visual.shape.ShapeStim'>, anchor=('center', 'center'), autoDraw=False, autoLog=True, closeShape=True, color=method-wrapper(...), colorSpace='rgb', contrast=None, depth=0, draggable=False, fillColor=array([-1, -1, -1]), fillColorSpace='rgb', fillRGB=array([-1, -1, -1]), interpolate=True, lineColor=array([-1, -1, -1]), lineColorSpace='rgb', lineRGB=array([-1, -1, -1]), lineWidth=1.5, name='unnamed ShapeStim', opacity=1.0, ori=139.0909090909091, pos=array([ 0.06586336, -0.29803506]), size=array([1., 1.]), units='height', vertices=ndarray(...), win=Window(...), windingRule=None)
201.7312 	EXP 	window1: mouseVisible = True
201.7316 	EXP 	Created unnamed Line = Line(__class__=<class 'psychopy.visual.line.Line'>, anchor=('center', 'center'), autoDraw=False, autoLog=True, closeShape=False, color=array([-1, -1, -1]), colorSpace='rgb', contrast=None, depth=2, draggable=False, fillColor=array([0, 0, 0]), fillColorSpace='rgb', fillRGB=array([0, 0, 0]), interpolate=True, lineColor=array([-1, -1, -1]), lineColorSpace='rgb', lineRGB=array([-1, -1, -1]), lineWidth=4, name='unnamed Line', opacity=0.5, ori=0.0, pos=array([0., 0.]), size=array([1., 1.]), units='height', vertices=ndarray(...), win=Window(...), windingRule=None)
201.7317 	EXP 	window1: mouseVisible = True
201.7321 	EXP 	Created unnamed ShapeStim = ShapeStim(__class__=<class 'psychopy.visual.shape.ShapeStim'>, anchor=('center', 'center'), autoDraw=False, autoLog=True, closeShape=True, color=method-wrapper(...), colorSpace='rgb', contrast=None, depth=0, draggable=False, fillColor=array([-1, -1, -1]), fillColorSpace='rgb', fillRGB=array([-1, -1, -1]), interpolate=True, lineColor=array([-1, -1, -1]), lineColorSpace='rgb', lineRGB=array([-1, -1, -1]), lineWidth=1.5, name='unnamed ShapeStim', opacity=1.0, ori=122.72727272727275, pos=array([ 0.05654372, -0.3087905 ]), size=array([1., 1.]), units='height', vertices=ndarray(...), win=Window(...), windingRule=None)
201.7321 	EXP 	window1: mouseVisible = True
201.7324 	EXP 	Created unnamed Line = Line(__class__=<class 'psychopy.visual.line.Line'>, anchor=('center', 'center'), autoDraw=False, autoLog=True, closeShape=False, color=array([-1, -1, -1]), colorSpace='rgb', contrast=None, depth=2, draggable=False, fillColor=array([0, 0, 0]), fillColorSpace='rgb', fillRGB=array([0, 0, 0]), interpolate=True, lineColor=array([-1, -1, -1]), lineColorSpace='rgb', lineRGB=array([-1, -1, -1]), lineWidth=4, name='unnamed Line', opacity=0.5, ori=0.0, pos=array([0., 0.]), size=array([1., 1.]), units='height', vertices=ndarray(...), win=Window(...), windingRule=None)
201.7325 	EXP 	window1: mouseVisible = True
201.7328 	EXP 	Created unnamed ShapeStim = ShapeStim(__class__=<class 'psychopy.visual.shape.ShapeStim'>, anchor=('center', 'center'), autoDraw=False, autoLog=True, closeShape=True, color=method-wrapper(...), colorSpace='rgb', contrast=None, depth=0, draggable=False, fillColor=array([-1, -1, -1]), fillColorSpace='rgb', fillRGB=array([-1, -1, -1]), interpolate=True, lineColor=array([-1, -1, -1]), lineColorSpace='rgb', lineRGB=array([-1, -1, -1]), lineWidth=1.5, name='unnamed ShapeStim', opacity=1.0, ori=40.909090909090914, pos=array([-0.03274304,  0.31221252]), size=array([1., 1.]), units='height', vertices=ndarray(...), win=Window(...), windingRule=None)
201.7329 	EXP 	window1: mouseVisible = True
201.7332 	EXP 	Created unnamed Line = Line(__class__=<class 'psychopy.visual.line.Line'>, anchor=('center', 'center'), autoDraw=False, autoLog=True, closeShape=False, color=array([-1, -1, -1]), colorSpace='rgb', contrast=None, depth=2, draggable=False, fillColor=array([0, 0, 0]), fillColorSpace='rgb', fillRGB=array([0, 0, 0]), interpolate=True, lineColor=array([-1, -1, -1]), lineColorSpace='rgb', lineRGB=array([-1, -1, -1]), lineWidth=4, name='unnamed Line', opacity=0.5, ori=0.0, pos=array([0., 0.]), size=array([1., 1.]), units='height', vertices=ndarray(...), win=Window(...), windingRule=None)
201.7333 	EXP 	window1: mouseVisible = True
201.7337 	EXP 	Created unnamed ShapeStim = ShapeStim(__class__=<class 'psychopy.visual.shape.ShapeStim'>, anchor=('center', 'center'), autoDraw=False, autoLog=True, closeShape=True, color=method-wrapper(...), colorSpace='rgb', contrast=None, depth=0, draggable=False, fillColor=array([-1, -1, -1]), fillColorSpace='rgb', fillRGB=array([-1, -1, -1]), interpolate=True, lineColor=array([-1, -1, -1]), lineColorSpace='rgb', lineRGB=array([-1, -1, -1]), lineWidth=1.5, name='unnamed ShapeStim', opacity=1.0, ori=-57.27272727272728, pos=array([-0.22244967, -0.2562333 ]), size=array([1., 1.]), units='height', vertices=ndarray(...), win=Window(...), windingRule=None)
201.7337 	EXP 	window1: mouseVisible = True
201.7340 	EXP 	Created unnamed Line = Line(__class__=<class 'psychopy.visual.line.Line'>, anchor=('center', 'center'), autoDraw=False, autoLog=True, closeShape=False, color=array([-1, -1, -1]), colorSpace='rgb', contrast=None, depth=2, draggable=False, fillColor=array([0, 0, 0]), fillColorSpace='rgb', fillRGB=array([0, 0, 0]), interpolate=True, lineColor=array([-1, -1, -1]), lineColorSpace='rgb', lineRGB=array([-1, -1, -1]), lineWidth=4, name='unnamed Line', opacity=0.5, ori=0.0, pos=array([0., 0.]), size=array([1., 1.]), units='height', vertices=ndarray(...), win=Window(...), windingRule=None)
201.7341 	EXP 	window1: mouseVisible = True
201.7344 	EXP 	Created unnamed ShapeStim = ShapeStim(__class__=<class 'psychopy.visual.shape.ShapeStim'>, anchor=('center', 'center'), autoDraw=False, autoLog=True, closeShape=True, color=method-wrapper(...), colorSpace='rgb', contrast=None, depth=0, draggable=False, fillColor=array([-1, -1, -1]), fillColorSpace='rgb', fillRGB=array([-1, -1, -1]), interpolate=True, lineColor=array([-1, -1, -1]), lineColorSpace='rgb', lineRGB=array([-1, -1, -1]), lineWidth=1.5, name='unnamed ShapeStim', opacity=1.0, ori=57.27272727272728, pos=array([ 0.30437483, -0.07684223]), size=array([1., 1.]), units='height', vertices=ndarray(...), win=Window(...), windingRule=None)
201.7345 	EXP 	window1: mouseVisible = True
201.7348 	EXP 	Created unnamed Line = Line(__class__=<class 'psychopy.visual.line.Line'>, anchor=('center', 'center'), autoDraw=False, autoLog=True, closeShape=False, color=array([-1, -1, -1]), colorSpace='rgb', contrast=None, depth=2, draggable=False, fillColor=array([0, 0, 0]), fillColorSpace='rgb', fillRGB=array([0, 0, 0]), interpolate=True, lineColor=array([-1, -1, -1]), lineColorSpace='rgb', lineRGB=array([-1, -1, -1]), lineWidth=4, name='unnamed Line', opacity=0.5, ori=0.0, pos=array([0., 0.]), size=array([1., 1.]), units='height', vertices=ndarray(...), win=Window(...), windingRule=None)
201.7349 	EXP 	window1: mouseVisible = True
201.7352 	EXP 	Created unnamed ShapeStim = ShapeStim(__class__=<class 'psychopy.visual.shape.ShapeStim'>, anchor=('center', 'center'), autoDraw=False, autoLog=True, closeShape=True, color=method-wrapper(...), colorSpace='rgb', contrast=None, depth=0, draggable=False, fillColor=array([-1, -1, -1]), fillColorSpace='rgb', fillRGB=array([-1, -1, -1]), interpolate=True, lineColor=array([-1, -1, -1]), lineColorSpace='rgb', lineRGB=array([-1, -1, -1]), lineWidth=1.5, name='unnamed ShapeStim', opacity=1.0, ori=-73.63636363636365, pos=array([-0.14124964,  0.28035211]), size=array([1., 1.]), units='height', vertices=ndarray(...), win=Window(...), windingRule=None)
201.7353 	EXP 	window1: mouseVisible = True
201.7356 	EXP 	Created unnamed Line = Line(__class__=<class 'psychopy.visual.line.Line'>, anchor=('center', 'center'), autoDraw=False, autoLog=True, closeShape=False, color=array([-1, -1, -1]), colorSpace='rgb', contrast=None, depth=2, draggable=False, fillColor=array([0, 0, 0]), fillColorSpace='rgb', fillRGB=array([0, 0, 0]), interpolate=True, lineColor=array([-1, -1, -1]), lineColorSpace='rgb', lineRGB=array([-1, -1, -1]), lineWidth=4, name='unnamed Line', opacity=0.5, ori=0.0, pos=array([0., 0.]), size=array([1., 1.]), units='height', vertices=ndarray(...), win=Window(...), windingRule=None)
201.7357 	EXP 	window1: mouseVisible = True
201.7361 	EXP 	Created unnamed ShapeStim = ShapeStim(__class__=<class 'psychopy.visual.shape.ShapeStim'>, anchor=('center', 'center'), autoDraw=False, autoLog=True, closeShape=True, color=method-wrapper(...), colorSpace='rgb', contrast=None, depth=0, draggable=False, fillColor=array([-1, -1, -1]), fillColorSpace='rgb', fillRGB=array([-1, -1, -1]), interpolate=True, lineColor=array([-1, -1, -1]), lineColorSpace='rgb', lineRGB=array([-1, -1, -1]), lineWidth=1.5, name='unnamed ShapeStim', opacity=1.0, ori=220.90909090909093, pos=array([-0.06586336, -0.29803506]), size=array([1., 1.]), units='height', vertices=ndarray(...), win=Window(...), windingRule=None)
201.7361 	EXP 	window1: mouseVisible = True
201.7365 	EXP 	Created unnamed Rect = Rect(__class__=<class 'psychopy.visual.rect.Rect'>, anchor=('center', 'center'), autoDraw=False, autoLog=True, closeShape=True, color=method-wrapper(...), colorSpace='rgb', contrast=None, depth=0, draggable=False, fillColor=array([0.00392157, 0.00392157, 0.00392157]), fillColorSpace='rgb', fillRGB=array([0.00392157, 0.00392157, 0.00392157]), interpolate=True, lineColor=array([0, 0, 0]), lineColorSpace='rgb', lineRGB=array([0, 0, 0]), lineWidth=0, name='unnamed Rect', opacity=0.0, ori=0.0, pos=array([0.1, 0. ]), size=array([1.1, 1. ]), units='height', vertices=ndarray(...), win=Window(...))
201.7456 	EXP 	unnamed Rect: autoDraw = True
201.7456 	EXP 	node0: autoDraw = True
201.7456 	EXP 	unnamed ImageStim: autoDraw = True
201.7456 	EXP 	node1: autoDraw = True
201.7456 	EXP 	unnamed ImageStim: autoDraw = True
201.7456 	EXP 	node2: autoDraw = True
201.7456 	EXP 	unnamed ImageStim: autoDraw = True
201.7456 	EXP 	node3: autoDraw = True
201.7456 	EXP 	unnamed ImageStim: autoDraw = True
201.7456 	EXP 	node4: autoDraw = True
201.7456 	EXP 	unnamed ImageStim: autoDraw = True
201.7456 	EXP 	node5: autoDraw = True
201.7456 	EXP 	unnamed ImageStim: autoDraw = True
201.7456 	EXP 	node6: autoDraw = True
201.7456 	EXP 	unnamed ImageStim: autoDraw = True
201.7456 	EXP 	node7: autoDraw = True
201.7456 	EXP 	unnamed ImageStim: autoDraw = True
201.7456 	EXP 	node8: autoDraw = True
201.7456 	EXP 	unnamed ImageStim: autoDraw = True
201.7456 	EXP 	node9: autoDraw = True
201.7456 	EXP 	node10: autoDraw = True
201.7456 	EXP 	unnamed ImageStim: autoDraw = True
201.7456 	EXP 	unnamed Line: autoDraw = True
201.7456 	EXP 	unnamed Line: autoDraw = True
201.7456 	EXP 	unnamed ShapeStim: autoDraw = True
201.7456 	EXP 	unnamed Line: autoDraw = True
201.7456 	EXP 	unnamed Line: autoDraw = True
201.7456 	EXP 	unnamed ShapeStim: autoDraw = True
201.7456 	EXP 	unnamed Line: autoDraw = True
201.7456 	EXP 	unnamed Line: autoDraw = True
201.7456 	EXP 	unnamed ShapeStim: autoDraw = True
201.7456 	EXP 	unnamed Line: autoDraw = True
201.7456 	EXP 	unnamed Line: autoDraw = True
201.7456 	EXP 	unnamed ShapeStim: autoDraw = True
201.7456 	EXP 	unnamed Line: autoDraw = True
201.7456 	EXP 	unnamed Line: autoDraw = True
201.7456 	EXP 	unnamed ShapeStim: autoDraw = True
201.7456 	EXP 	unnamed Line: autoDraw = True
201.7456 	EXP 	unnamed Line: autoDraw = True
201.7456 	EXP 	unnamed ShapeStim: autoDraw = True
201.7456 	EXP 	unnamed Line: autoDraw = True
201.7456 	EXP 	unnamed Line: autoDraw = True
201.7456 	EXP 	unnamed ShapeStim: autoDraw = True
201.7456 	EXP 	unnamed Line: autoDraw = True
201.7456 	EXP 	unnamed Line: autoDraw = True
201.7456 	EXP 	unnamed ShapeStim: autoDraw = True
201.7456 	EXP 	unnamed Line: autoDraw = True
201.7456 	EXP 	unnamed Line: autoDraw = True
201.7456 	EXP 	unnamed ShapeStim: autoDraw = True
201.7456 	EXP 	unnamed Line: autoDraw = True
201.7456 	EXP 	unnamed Line: autoDraw = True
201.7456 	EXP 	unnamed ShapeStim: autoDraw = True
201.7456 	EXP 	unnamed Rect: autoDraw = True
201.7456 	EXP 	node9: fillColor = '#126DEF'
201.7524 	EXP 	node9: fillColor = '#126DEF'
201.7524 	EXP 	unnamed Line: foreColor = <psychopy.colors.Color: black, alpha=1.0>
201.7524 	EXP 	unnamed Line: borderColor = <psychopy.colors.Color: black, alpha=1.0>
201.7524 	EXP 	unnamed Line: fillColor = <psychopy.colors.Color: black, alpha=1.0>
201.7524 	EXP 	unnamed ShapeStim: foreColor = <psychopy.colors.Color: black, alpha=1.0>
201.7524 	EXP 	unnamed ShapeStim: borderColor = <psychopy.colors.Color: black, alpha=1.0>
201.7524 	EXP 	unnamed ShapeStim: fillColor = <psychopy.colors.Color: black, alpha=1.0>
201.7524 	EXP 	unnamed Line: foreColor = <psychopy.colors.Color: black, alpha=1.0>
201.7524 	EXP 	unnamed Line: borderColor = <psychopy.colors.Color: black, alpha=1.0>
201.7524 	EXP 	unnamed Line: fillColor = <psychopy.colors.Color: black, alpha=1.0>
201.7524 	EXP 	unnamed ShapeStim: foreColor = <psychopy.colors.Color: black, alpha=1.0>
201.7524 	EXP 	unnamed ShapeStim: borderColor = <psychopy.colors.Color: black, alpha=1.0>
201.7524 	EXP 	unnamed ShapeStim: fillColor = <psychopy.colors.Color: black, alpha=1.0>
201.7524 	EXP 	unnamed Line: foreColor = <psychopy.colors.Color: black, alpha=1.0>
201.7524 	EXP 	unnamed Line: borderColor = <psychopy.colors.Color: black, alpha=1.0>
201.7524 	EXP 	unnamed Line: fillColor = <psychopy.colors.Color: black, alpha=1.0>
201.7524 	EXP 	unnamed ShapeStim: foreColor = <psychopy.colors.Color: black, alpha=1.0>
201.7524 	EXP 	unnamed ShapeStim: borderColor = <psychopy.colors.Color: black, alpha=1.0>
201.7524 	EXP 	unnamed ShapeStim: fillColor = <psychopy.colors.Color: black, alpha=1.0>
201.7524 	EXP 	unnamed Line: foreColor = <psychopy.colors.Color: black, alpha=1.0>
201.7524 	EXP 	unnamed Line: borderColor = <psychopy.colors.Color: black, alpha=1.0>
201.7524 	EXP 	unnamed Line: fillColor = <psychopy.colors.Color: black, alpha=1.0>
201.7524 	EXP 	unnamed ShapeStim: foreColor = <psychopy.colors.Color: black, alpha=1.0>
201.7524 	EXP 	unnamed ShapeStim: borderColor = <psychopy.colors.Color: black, alpha=1.0>
201.7524 	EXP 	unnamed ShapeStim: fillColor = <psychopy.colors.Color: black, alpha=1.0>
201.7524 	EXP 	unnamed Line: foreColor = <psychopy.colors.Color: black, alpha=1.0>
201.7524 	EXP 	unnamed Line: borderColor = <psychopy.colors.Color: black, alpha=1.0>
201.7524 	EXP 	unnamed Line: fillColor = <psychopy.colors.Color: black, alpha=1.0>
201.7524 	EXP 	unnamed ShapeStim: foreColor = <psychopy.colors.Color: black, alpha=1.0>
201.7524 	EXP 	unnamed ShapeStim: borderColor = <psychopy.colors.Color: black, alpha=1.0>
201.7524 	EXP 	unnamed ShapeStim: fillColor = <psychopy.colors.Color: black, alpha=1.0>
201.7524 	EXP 	unnamed Line: foreColor = <psychopy.colors.Color: black, alpha=1.0>
201.7524 	EXP 	unnamed Line: borderColor = <psychopy.colors.Color: black, alpha=1.0>
201.7524 	EXP 	unnamed Line: fillColor = <psychopy.colors.Color: black, alpha=1.0>
201.7524 	EXP 	unnamed ShapeStim: foreColor = <psychopy.colors.Color: black, alpha=1.0>
201.7524 	EXP 	unnamed ShapeStim: borderColor = <psychopy.colors.Color: black, alpha=1.0>
201.7524 	EXP 	unnamed ShapeStim: fillColor = <psychopy.colors.Color: black, alpha=1.0>
201.7524 	EXP 	unnamed Line: foreColor = <psychopy.colors.Color: black, alpha=1.0>
201.7524 	EXP 	unnamed Line: borderColor = <psychopy.colors.Color: black, alpha=1.0>
201.7524 	EXP 	unnamed Line: fillColor = <psychopy.colors.Color: black, alpha=1.0>
201.7524 	EXP 	unnamed ShapeStim: foreColor = <psychopy.colors.Color: black, alpha=1.0>
201.7524 	EXP 	unnamed ShapeStim: borderColor = <psychopy.colors.Color: black, alpha=1.0>
201.7524 	EXP 	unnamed ShapeStim: fillColor = <psychopy.colors.Color: black, alpha=1.0>
201.7524 	EXP 	unnamed Line: foreColor = <psychopy.colors.Color: black, alpha=1.0>
201.7524 	EXP 	unnamed Line: borderColor = <psychopy.colors.Color: black, alpha=1.0>
201.7524 	EXP 	unnamed Line: fillColor = <psychopy.colors.Color: black, alpha=1.0>
201.7524 	EXP 	unnamed ShapeStim: foreColor = <psychopy.colors.Color: black, alpha=1.0>
201.7524 	EXP 	unnamed ShapeStim: borderColor = <psychopy.colors.Color: black, alpha=1.0>
201.7524 	EXP 	unnamed ShapeStim: fillColor = <psychopy.colors.Color: black, alpha=1.0>
201.7524 	EXP 	unnamed Line: autoDraw = False
201.7524 	EXP 	unnamed ShapeStim: autoDraw = False
201.7524 	EXP 	unnamed Line: autoDraw = True
201.7524 	EXP 	unnamed ShapeStim: autoDraw = True
201.7524 	EXP 	unnamed Line: autoDraw = False
201.7524 	EXP 	unnamed ShapeStim: autoDraw = False
201.7524 	EXP 	unnamed Line: autoDraw = True
201.7524 	EXP 	unnamed ShapeStim: autoDraw = True
201.7524 	EXP 	unnamed Line: foreColor = <psychopy.colors.Color: (1.0, 0.58, -0.87, 1.0)>
201.7524 	EXP 	unnamed Line: borderColor = <psychopy.colors.Color: (1.0, 0.58, -0.87, 1.0)>
201.7524 	EXP 	unnamed Line: fillColor = <psychopy.colors.Color: (1.0, 0.58, -0.87, 1.0)>
201.7524 	EXP 	unnamed ShapeStim: foreColor = <psychopy.colors.Color: (1.0, 0.58, -0.87, 1.0)>
201.7524 	EXP 	unnamed ShapeStim: borderColor = <psychopy.colors.Color: (1.0, 0.58, -0.87, 1.0)>
201.7524 	EXP 	unnamed ShapeStim: fillColor = <psychopy.colors.Color: (1.0, 0.58, -0.87, 1.0)>
202.4717 	DATA 	Keypress: f
202.4765 	EXP 	unnamed Line: foreColor = <psychopy.colors.Color: black, alpha=1.0>
202.4765 	EXP 	unnamed Line: borderColor = <psychopy.colors.Color: black, alpha=1.0>
202.4765 	EXP 	unnamed Line: fillColor = <psychopy.colors.Color: black, alpha=1.0>
202.4765 	EXP 	unnamed ShapeStim: foreColor = <psychopy.colors.Color: black, alpha=1.0>
202.4765 	EXP 	unnamed ShapeStim: borderColor = <psychopy.colors.Color: black, alpha=1.0>
202.4765 	EXP 	unnamed ShapeStim: fillColor = <psychopy.colors.Color: black, alpha=1.0>
202.4765 	EXP 	unnamed Line: foreColor = <psychopy.colors.Color: (1.0, 0.58, -0.87, 1.0)>
202.4765 	EXP 	unnamed Line: borderColor = <psychopy.colors.Color: (1.0, 0.58, -0.87, 1.0)>
202.4765 	EXP 	unnamed Line: fillColor = <psychopy.colors.Color: (1.0, 0.58, -0.87, 1.0)>
202.4765 	EXP 	unnamed ShapeStim: foreColor = <psychopy.colors.Color: (1.0, 0.58, -0.87, 1.0)>
202.4765 	EXP 	unnamed ShapeStim: borderColor = <psychopy.colors.Color: (1.0, 0.58, -0.87, 1.0)>
202.4765 	EXP 	unnamed ShapeStim: fillColor = <psychopy.colors.Color: (1.0, 0.58, -0.87, 1.0)>
202.9035 	DATA 	Keypress: f
202.9088 	EXP 	unnamed Line: foreColor = <psychopy.colors.Color: black, alpha=1.0>
202.9088 	EXP 	unnamed Line: borderColor = <psychopy.colors.Color: black, alpha=1.0>
202.9088 	EXP 	unnamed Line: fillColor = <psychopy.colors.Color: black, alpha=1.0>
202.9088 	EXP 	unnamed ShapeStim: foreColor = <psychopy.colors.Color: black, alpha=1.0>
202.9088 	EXP 	unnamed ShapeStim: borderColor = <psychopy.colors.Color: black, alpha=1.0>
202.9088 	EXP 	unnamed ShapeStim: fillColor = <psychopy.colors.Color: black, alpha=1.0>
202.9088 	EXP 	unnamed Line: foreColor = <psychopy.colors.Color: (1.0, 0.58, -0.87, 1.0)>
202.9088 	EXP 	unnamed Line: borderColor = <psychopy.colors.Color: (1.0, 0.58, -0.87, 1.0)>
202.9088 	EXP 	unnamed Line: fillColor = <psychopy.colors.Color: (1.0, 0.58, -0.87, 1.0)>
202.9088 	EXP 	unnamed ShapeStim: foreColor = <psychopy.colors.Color: (1.0, 0.58, -0.87, 1.0)>
202.9088 	EXP 	unnamed ShapeStim: borderColor = <psychopy.colors.Color: (1.0, 0.58, -0.87, 1.0)>
202.9088 	EXP 	unnamed ShapeStim: fillColor = <psychopy.colors.Color: (1.0, 0.58, -0.87, 1.0)>
203.8236 	DATA 	Keypress: f
203.8291 	EXP 	unnamed Line: foreColor = <psychopy.colors.Color: black, alpha=1.0>
203.8291 	EXP 	unnamed Line: borderColor = <psychopy.colors.Color: black, alpha=1.0>
203.8291 	EXP 	unnamed Line: fillColor = <psychopy.colors.Color: black, alpha=1.0>
203.8291 	EXP 	unnamed ShapeStim: foreColor = <psychopy.colors.Color: black, alpha=1.0>
203.8291 	EXP 	unnamed ShapeStim: borderColor = <psychopy.colors.Color: black, alpha=1.0>
203.8291 	EXP 	unnamed ShapeStim: fillColor = <psychopy.colors.Color: black, alpha=1.0>
203.8291 	EXP 	unnamed Line: foreColor = <psychopy.colors.Color: (1.0, 0.58, -0.87, 1.0)>
203.8291 	EXP 	unnamed Line: borderColor = <psychopy.colors.Color: (1.0, 0.58, -0.87, 1.0)>
203.8291 	EXP 	unnamed Line: fillColor = <psychopy.colors.Color: (1.0, 0.58, -0.87, 1.0)>
203.8291 	EXP 	unnamed ShapeStim: foreColor = <psychopy.colors.Color: (1.0, 0.58, -0.87, 1.0)>
203.8291 	EXP 	unnamed ShapeStim: borderColor = <psychopy.colors.Color: (1.0, 0.58, -0.87, 1.0)>
203.8291 	EXP 	unnamed ShapeStim: fillColor = <psychopy.colors.Color: (1.0, 0.58, -0.87, 1.0)>
204.2473 	DATA 	Keypress: f
204.2526 	EXP 	unnamed Line: foreColor = <psychopy.colors.Color: black, alpha=1.0>
204.2526 	EXP 	unnamed Line: borderColor = <psychopy.colors.Color: black, alpha=1.0>
204.2526 	EXP 	unnamed Line: fillColor = <psychopy.colors.Color: black, alpha=1.0>
204.2526 	EXP 	unnamed ShapeStim: foreColor = <psychopy.colors.Color: black, alpha=1.0>
204.2526 	EXP 	unnamed ShapeStim: borderColor = <psychopy.colors.Color: black, alpha=1.0>
204.2526 	EXP 	unnamed ShapeStim: fillColor = <psychopy.colors.Color: black, alpha=1.0>
204.2526 	EXP 	unnamed Line: foreColor = <psychopy.colors.Color: (1.0, 0.58, -0.87, 1.0)>
204.2526 	EXP 	unnamed Line: borderColor = <psychopy.colors.Color: (1.0, 0.58, -0.87, 1.0)>
204.2526 	EXP 	unnamed Line: fillColor = <psychopy.colors.Color: (1.0, 0.58, -0.87, 1.0)>
204.2526 	EXP 	unnamed ShapeStim: foreColor = <psychopy.colors.Color: (1.0, 0.58, -0.87, 1.0)>
204.2526 	EXP 	unnamed ShapeStim: borderColor = <psychopy.colors.Color: (1.0, 0.58, -0.87, 1.0)>
204.2526 	EXP 	unnamed ShapeStim: fillColor = <psychopy.colors.Color: (1.0, 0.58, -0.87, 1.0)>
204.5514 	DATA 	Keypress: f
204.5557 	EXP 	unnamed Line: foreColor = <psychopy.colors.Color: black, alpha=1.0>
204.5557 	EXP 	unnamed Line: borderColor = <psychopy.colors.Color: black, alpha=1.0>
204.5557 	EXP 	unnamed Line: fillColor = <psychopy.colors.Color: black, alpha=1.0>
204.5557 	EXP 	unnamed ShapeStim: foreColor = <psychopy.colors.Color: black, alpha=1.0>
204.5557 	EXP 	unnamed ShapeStim: borderColor = <psychopy.colors.Color: black, alpha=1.0>
204.5557 	EXP 	unnamed ShapeStim: fillColor = <psychopy.colors.Color: black, alpha=1.0>
204.5557 	EXP 	unnamed Line: foreColor = <psychopy.colors.Color: (1.0, 0.58, -0.87, 1.0)>
204.5557 	EXP 	unnamed Line: borderColor = <psychopy.colors.Color: (1.0, 0.58, -0.87, 1.0)>
204.5557 	EXP 	unnamed Line: fillColor = <psychopy.colors.Color: (1.0, 0.58, -0.87, 1.0)>
204.5557 	EXP 	unnamed ShapeStim: foreColor = <psychopy.colors.Color: (1.0, 0.58, -0.87, 1.0)>
204.5557 	EXP 	unnamed ShapeStim: borderColor = <psychopy.colors.Color: (1.0, 0.58, -0.87, 1.0)>
204.5557 	EXP 	unnamed ShapeStim: fillColor = <psychopy.colors.Color: (1.0, 0.58, -0.87, 1.0)>
204.9674 	DATA 	Keypress: f
204.9719 	EXP 	unnamed Line: foreColor = <psychopy.colors.Color: black, alpha=1.0>
204.9719 	EXP 	unnamed Line: borderColor = <psychopy.colors.Color: black, alpha=1.0>
204.9719 	EXP 	unnamed Line: fillColor = <psychopy.colors.Color: black, alpha=1.0>
204.9719 	EXP 	unnamed ShapeStim: foreColor = <psychopy.colors.Color: black, alpha=1.0>
204.9719 	EXP 	unnamed ShapeStim: borderColor = <psychopy.colors.Color: black, alpha=1.0>
204.9719 	EXP 	unnamed ShapeStim: fillColor = <psychopy.colors.Color: black, alpha=1.0>
204.9719 	EXP 	unnamed Line: foreColor = <psychopy.colors.Color: (1.0, 0.58, -0.87, 1.0)>
204.9719 	EXP 	unnamed Line: borderColor = <psychopy.colors.Color: (1.0, 0.58, -0.87, 1.0)>
204.9719 	EXP 	unnamed Line: fillColor = <psychopy.colors.Color: (1.0, 0.58, -0.87, 1.0)>
204.9719 	EXP 	unnamed ShapeStim: foreColor = <psychopy.colors.Color: (1.0, 0.58, -0.87, 1.0)>
204.9719 	EXP 	unnamed ShapeStim: borderColor = <psychopy.colors.Color: (1.0, 0.58, -0.87, 1.0)>
204.9719 	EXP 	unnamed ShapeStim: fillColor = <psychopy.colors.Color: (1.0, 0.58, -0.87, 1.0)>
205.3432 	DATA 	Keypress: f
205.3475 	EXP 	unnamed Line: foreColor = <psychopy.colors.Color: black, alpha=1.0>
205.3475 	EXP 	unnamed Line: borderColor = <psychopy.colors.Color: black, alpha=1.0>
205.3475 	EXP 	unnamed Line: fillColor = <psychopy.colors.Color: black, alpha=1.0>
205.3475 	EXP 	unnamed ShapeStim: foreColor = <psychopy.colors.Color: black, alpha=1.0>
205.3475 	EXP 	unnamed ShapeStim: borderColor = <psychopy.colors.Color: black, alpha=1.0>
205.3475 	EXP 	unnamed ShapeStim: fillColor = <psychopy.colors.Color: black, alpha=1.0>
205.3475 	EXP 	unnamed Line: foreColor = <psychopy.colors.Color: (1.0, 0.58, -0.87, 1.0)>
205.3475 	EXP 	unnamed Line: borderColor = <psychopy.colors.Color: (1.0, 0.58, -0.87, 1.0)>
205.3475 	EXP 	unnamed Line: fillColor = <psychopy.colors.Color: (1.0, 0.58, -0.87, 1.0)>
205.3475 	EXP 	unnamed ShapeStim: foreColor = <psychopy.colors.Color: (1.0, 0.58, -0.87, 1.0)>
205.3475 	EXP 	unnamed ShapeStim: borderColor = <psychopy.colors.Color: (1.0, 0.58, -0.87, 1.0)>
205.3475 	EXP 	unnamed ShapeStim: fillColor = <psychopy.colors.Color: (1.0, 0.58, -0.87, 1.0)>
205.7833 	DATA 	Keypress: f
205.7877 	EXP 	unnamed Line: foreColor = <psychopy.colors.Color: black, alpha=1.0>
205.7877 	EXP 	unnamed Line: borderColor = <psychopy.colors.Color: black, alpha=1.0>
205.7877 	EXP 	unnamed Line: fillColor = <psychopy.colors.Color: black, alpha=1.0>
205.7877 	EXP 	unnamed ShapeStim: foreColor = <psychopy.colors.Color: black, alpha=1.0>
205.7877 	EXP 	unnamed ShapeStim: borderColor = <psychopy.colors.Color: black, alpha=1.0>
205.7877 	EXP 	unnamed ShapeStim: fillColor = <psychopy.colors.Color: black, alpha=1.0>
205.7877 	EXP 	unnamed Line: foreColor = <psychopy.colors.Color: (1.0, 0.58, -0.87, 1.0)>
205.7877 	EXP 	unnamed Line: borderColor = <psychopy.colors.Color: (1.0, 0.58, -0.87, 1.0)>
205.7877 	EXP 	unnamed Line: fillColor = <psychopy.colors.Color: (1.0, 0.58, -0.87, 1.0)>
205.7877 	EXP 	unnamed ShapeStim: foreColor = <psychopy.colors.Color: (1.0, 0.58, -0.87, 1.0)>
205.7877 	EXP 	unnamed ShapeStim: borderColor = <psychopy.colors.Color: (1.0, 0.58, -0.87, 1.0)>
205.7877 	EXP 	unnamed ShapeStim: fillColor = <psychopy.colors.Color: (1.0, 0.58, -0.87, 1.0)>
206.0793 	DATA 	Keypress: f
206.0836 	EXP 	unnamed Line: foreColor = <psychopy.colors.Color: black, alpha=1.0>
206.0836 	EXP 	unnamed Line: borderColor = <psychopy.colors.Color: black, alpha=1.0>
206.0836 	EXP 	unnamed Line: fillColor = <psychopy.colors.Color: black, alpha=1.0>
206.0836 	EXP 	unnamed ShapeStim: foreColor = <psychopy.colors.Color: black, alpha=1.0>
206.0836 	EXP 	unnamed ShapeStim: borderColor = <psychopy.colors.Color: black, alpha=1.0>
206.0836 	EXP 	unnamed ShapeStim: fillColor = <psychopy.colors.Color: black, alpha=1.0>
206.0836 	EXP 	unnamed Line: foreColor = <psychopy.colors.Color: (1.0, 0.58, -0.87, 1.0)>
206.0836 	EXP 	unnamed Line: borderColor = <psychopy.colors.Color: (1.0, 0.58, -0.87, 1.0)>
206.0836 	EXP 	unnamed Line: fillColor = <psychopy.colors.Color: (1.0, 0.58, -0.87, 1.0)>
206.0836 	EXP 	unnamed ShapeStim: foreColor = <psychopy.colors.Color: (1.0, 0.58, -0.87, 1.0)>
206.0836 	EXP 	unnamed ShapeStim: borderColor = <psychopy.colors.Color: (1.0, 0.58, -0.87, 1.0)>
206.0836 	EXP 	unnamed ShapeStim: fillColor = <psychopy.colors.Color: (1.0, 0.58, -0.87, 1.0)>
206.4472 	DATA 	Keypress: f
206.4515 	EXP 	unnamed Line: foreColor = <psychopy.colors.Color: black, alpha=1.0>
206.4515 	EXP 	unnamed Line: borderColor = <psychopy.colors.Color: black, alpha=1.0>
206.4515 	EXP 	unnamed Line: fillColor = <psychopy.colors.Color: black, alpha=1.0>
206.4515 	EXP 	unnamed ShapeStim: foreColor = <psychopy.colors.Color: black, alpha=1.0>
206.4515 	EXP 	unnamed ShapeStim: borderColor = <psychopy.colors.Color: black, alpha=1.0>
206.4515 	EXP 	unnamed ShapeStim: fillColor = <psychopy.colors.Color: black, alpha=1.0>
206.4515 	EXP 	unnamed Line: foreColor = <psychopy.colors.Color: (1.0, 0.58, -0.87, 1.0)>
206.4515 	EXP 	unnamed Line: borderColor = <psychopy.colors.Color: (1.0, 0.58, -0.87, 1.0)>
206.4515 	EXP 	unnamed Line: fillColor = <psychopy.colors.Color: (1.0, 0.58, -0.87, 1.0)>
206.4515 	EXP 	unnamed ShapeStim: foreColor = <psychopy.colors.Color: (1.0, 0.58, -0.87, 1.0)>
206.4515 	EXP 	unnamed ShapeStim: borderColor = <psychopy.colors.Color: (1.0, 0.58, -0.87, 1.0)>
206.4515 	EXP 	unnamed ShapeStim: fillColor = <psychopy.colors.Color: (1.0, 0.58, -0.87, 1.0)>
206.9033 	DATA 	Keypress: f
206.9076 	EXP 	unnamed Line: foreColor = <psychopy.colors.Color: black, alpha=1.0>
206.9076 	EXP 	unnamed Line: borderColor = <psychopy.colors.Color: black, alpha=1.0>
206.9076 	EXP 	unnamed Line: fillColor = <psychopy.colors.Color: black, alpha=1.0>
206.9076 	EXP 	unnamed ShapeStim: foreColor = <psychopy.colors.Color: black, alpha=1.0>
206.9076 	EXP 	unnamed ShapeStim: borderColor = <psychopy.colors.Color: black, alpha=1.0>
206.9076 	EXP 	unnamed ShapeStim: fillColor = <psychopy.colors.Color: black, alpha=1.0>
206.9076 	EXP 	unnamed Line: foreColor = <psychopy.colors.Color: (1.0, 0.58, -0.87, 1.0)>
206.9076 	EXP 	unnamed Line: borderColor = <psychopy.colors.Color: (1.0, 0.58, -0.87, 1.0)>
206.9076 	EXP 	unnamed Line: fillColor = <psychopy.colors.Color: (1.0, 0.58, -0.87, 1.0)>
206.9076 	EXP 	unnamed ShapeStim: foreColor = <psychopy.colors.Color: (1.0, 0.58, -0.87, 1.0)>
206.9076 	EXP 	unnamed ShapeStim: borderColor = <psychopy.colors.Color: (1.0, 0.58, -0.87, 1.0)>
206.9076 	EXP 	unnamed ShapeStim: fillColor = <psychopy.colors.Color: (1.0, 0.58, -0.87, 1.0)>
207.2472 	DATA 	Keypress: f
207.2516 	EXP 	unnamed Line: foreColor = <psychopy.colors.Color: black, alpha=1.0>
207.2516 	EXP 	unnamed Line: borderColor = <psychopy.colors.Color: black, alpha=1.0>
207.2516 	EXP 	unnamed Line: fillColor = <psychopy.colors.Color: black, alpha=1.0>
207.2516 	EXP 	unnamed ShapeStim: foreColor = <psychopy.colors.Color: black, alpha=1.0>
207.2516 	EXP 	unnamed ShapeStim: borderColor = <psychopy.colors.Color: black, alpha=1.0>
207.2516 	EXP 	unnamed ShapeStim: fillColor = <psychopy.colors.Color: black, alpha=1.0>
207.2516 	EXP 	unnamed Line: foreColor = <psychopy.colors.Color: (1.0, 0.58, -0.87, 1.0)>
207.2516 	EXP 	unnamed Line: borderColor = <psychopy.colors.Color: (1.0, 0.58, -0.87, 1.0)>
207.2516 	EXP 	unnamed Line: fillColor = <psychopy.colors.Color: (1.0, 0.58, -0.87, 1.0)>
207.2516 	EXP 	unnamed ShapeStim: foreColor = <psychopy.colors.Color: (1.0, 0.58, -0.87, 1.0)>
207.2516 	EXP 	unnamed ShapeStim: borderColor = <psychopy.colors.Color: (1.0, 0.58, -0.87, 1.0)>
207.2516 	EXP 	unnamed ShapeStim: fillColor = <psychopy.colors.Color: (1.0, 0.58, -0.87, 1.0)>
207.4954 	DATA 	Keypress: f
207.4998 	EXP 	unnamed Line: foreColor = <psychopy.colors.Color: black, alpha=1.0>
207.4998 	EXP 	unnamed Line: borderColor = <psychopy.colors.Color: black, alpha=1.0>
207.4998 	EXP 	unnamed Line: fillColor = <psychopy.colors.Color: black, alpha=1.0>
207.4998 	EXP 	unnamed ShapeStim: foreColor = <psychopy.colors.Color: black, alpha=1.0>
207.4998 	EXP 	unnamed ShapeStim: borderColor = <psychopy.colors.Color: black, alpha=1.0>
207.4998 	EXP 	unnamed ShapeStim: fillColor = <psychopy.colors.Color: black, alpha=1.0>
207.4998 	EXP 	unnamed Line: foreColor = <psychopy.colors.Color: (1.0, 0.58, -0.87, 1.0)>
207.4998 	EXP 	unnamed Line: borderColor = <psychopy.colors.Color: (1.0, 0.58, -0.87, 1.0)>
207.4998 	EXP 	unnamed Line: fillColor = <psychopy.colors.Color: (1.0, 0.58, -0.87, 1.0)>
207.4998 	EXP 	unnamed ShapeStim: foreColor = <psychopy.colors.Color: (1.0, 0.58, -0.87, 1.0)>
207.4998 	EXP 	unnamed ShapeStim: borderColor = <psychopy.colors.Color: (1.0, 0.58, -0.87, 1.0)>
207.4998 	EXP 	unnamed ShapeStim: fillColor = <psychopy.colors.Color: (1.0, 0.58, -0.87, 1.0)>
207.8075 	DATA 	Keypress: f
207.8118 	EXP 	unnamed Line: foreColor = <psychopy.colors.Color: black, alpha=1.0>
207.8118 	EXP 	unnamed Line: borderColor = <psychopy.colors.Color: black, alpha=1.0>
207.8118 	EXP 	unnamed Line: fillColor = <psychopy.colors.Color: black, alpha=1.0>
207.8118 	EXP 	unnamed ShapeStim: foreColor = <psychopy.colors.Color: black, alpha=1.0>
207.8118 	EXP 	unnamed ShapeStim: borderColor = <psychopy.colors.Color: black, alpha=1.0>
207.8118 	EXP 	unnamed ShapeStim: fillColor = <psychopy.colors.Color: black, alpha=1.0>
207.8118 	EXP 	unnamed Line: foreColor = <psychopy.colors.Color: (1.0, 0.58, -0.87, 1.0)>
207.8118 	EXP 	unnamed Line: borderColor = <psychopy.colors.Color: (1.0, 0.58, -0.87, 1.0)>
207.8118 	EXP 	unnamed Line: fillColor = <psychopy.colors.Color: (1.0, 0.58, -0.87, 1.0)>
207.8118 	EXP 	unnamed ShapeStim: foreColor = <psychopy.colors.Color: (1.0, 0.58, -0.87, 1.0)>
207.8118 	EXP 	unnamed ShapeStim: borderColor = <psychopy.colors.Color: (1.0, 0.58, -0.87, 1.0)>
207.8118 	EXP 	unnamed ShapeStim: fillColor = <psychopy.colors.Color: (1.0, 0.58, -0.87, 1.0)>
208.3274 	DATA 	Keypress: j
208.3311 	EXP 	node1: fillColor = '#126DEF'
208.3311 	EXP 	node9: fillColor = 'white'
208.3376 	EXP 	unnamed Line: autoDraw = False
208.3376 	EXP 	unnamed ShapeStim: autoDraw = False
208.3376 	EXP 	unnamed Line: autoDraw = True
208.3376 	EXP 	unnamed ShapeStim: autoDraw = True
208.3376 	EXP 	unnamed Line: autoDraw = False
208.3376 	EXP 	unnamed ShapeStim: autoDraw = False
208.3376 	EXP 	unnamed Line: autoDraw = True
208.3376 	EXP 	unnamed ShapeStim: autoDraw = True
208.3376 	EXP 	unnamed Line: foreColor = <psychopy.colors.Color: black, alpha=1.0>
208.3376 	EXP 	unnamed Line: borderColor = <psychopy.colors.Color: black, alpha=1.0>
208.3376 	EXP 	unnamed Line: fillColor = <psychopy.colors.Color: black, alpha=1.0>
208.3376 	EXP 	unnamed ShapeStim: foreColor = <psychopy.colors.Color: black, alpha=1.0>
208.3376 	EXP 	unnamed ShapeStim: borderColor = <psychopy.colors.Color: black, alpha=1.0>
208.3376 	EXP 	unnamed ShapeStim: fillColor = <psychopy.colors.Color: black, alpha=1.0>
208.3376 	EXP 	unnamed Line: foreColor = <psychopy.colors.Color: black, alpha=1.0>
208.3376 	EXP 	unnamed Line: borderColor = <psychopy.colors.Color: black, alpha=1.0>
208.3376 	EXP 	unnamed Line: fillColor = <psychopy.colors.Color: black, alpha=1.0>
208.3376 	EXP 	unnamed ShapeStim: foreColor = <psychopy.colors.Color: black, alpha=1.0>
208.3376 	EXP 	unnamed ShapeStim: borderColor = <psychopy.colors.Color: black, alpha=1.0>
208.3376 	EXP 	unnamed ShapeStim: fillColor = <psychopy.colors.Color: black, alpha=1.0>
208.3376 	EXP 	unnamed Line: foreColor = <psychopy.colors.Color: black, alpha=1.0>
208.3376 	EXP 	unnamed Line: borderColor = <psychopy.colors.Color: black, alpha=1.0>
208.3376 	EXP 	unnamed Line: fillColor = <psychopy.colors.Color: black, alpha=1.0>
208.3376 	EXP 	unnamed ShapeStim: foreColor = <psychopy.colors.Color: black, alpha=1.0>
208.3376 	EXP 	unnamed ShapeStim: borderColor = <psychopy.colors.Color: black, alpha=1.0>
208.3376 	EXP 	unnamed ShapeStim: fillColor = <psychopy.colors.Color: black, alpha=1.0>
208.3376 	EXP 	unnamed Line: foreColor = <psychopy.colors.Color: black, alpha=1.0>
208.3376 	EXP 	unnamed Line: borderColor = <psychopy.colors.Color: black, alpha=1.0>
208.3376 	EXP 	unnamed Line: fillColor = <psychopy.colors.Color: black, alpha=1.0>
208.3376 	EXP 	unnamed ShapeStim: foreColor = <psychopy.colors.Color: black, alpha=1.0>
208.3376 	EXP 	unnamed ShapeStim: borderColor = <psychopy.colors.Color: black, alpha=1.0>
208.3376 	EXP 	unnamed ShapeStim: fillColor = <psychopy.colors.Color: black, alpha=1.0>
208.3376 	EXP 	unnamed Line: foreColor = <psychopy.colors.Color: black, alpha=1.0>
208.3376 	EXP 	unnamed Line: borderColor = <psychopy.colors.Color: black, alpha=1.0>
208.3376 	EXP 	unnamed Line: fillColor = <psychopy.colors.Color: black, alpha=1.0>
208.3376 	EXP 	unnamed ShapeStim: foreColor = <psychopy.colors.Color: black, alpha=1.0>
208.3376 	EXP 	unnamed ShapeStim: borderColor = <psychopy.colors.Color: black, alpha=1.0>
208.3376 	EXP 	unnamed ShapeStim: fillColor = <psychopy.colors.Color: black, alpha=1.0>
208.3376 	EXP 	unnamed Line: foreColor = <psychopy.colors.Color: black, alpha=1.0>
208.3376 	EXP 	unnamed Line: borderColor = <psychopy.colors.Color: black, alpha=1.0>
208.3376 	EXP 	unnamed Line: fillColor = <psychopy.colors.Color: black, alpha=1.0>
208.3376 	EXP 	unnamed ShapeStim: foreColor = <psychopy.colors.Color: black, alpha=1.0>
208.3376 	EXP 	unnamed ShapeStim: borderColor = <psychopy.colors.Color: black, alpha=1.0>
208.3376 	EXP 	unnamed ShapeStim: fillColor = <psychopy.colors.Color: black, alpha=1.0>
208.3376 	EXP 	unnamed Line: foreColor = <psychopy.colors.Color: black, alpha=1.0>
208.3376 	EXP 	unnamed Line: borderColor = <psychopy.colors.Color: black, alpha=1.0>
208.3376 	EXP 	unnamed Line: fillColor = <psychopy.colors.Color: black, alpha=1.0>
208.3376 	EXP 	unnamed ShapeStim: foreColor = <psychopy.colors.Color: black, alpha=1.0>
208.3376 	EXP 	unnamed ShapeStim: borderColor = <psychopy.colors.Color: black, alpha=1.0>
208.3376 	EXP 	unnamed ShapeStim: fillColor = <psychopy.colors.Color: black, alpha=1.0>
208.3376 	EXP 	unnamed Line: foreColor = <psychopy.colors.Color: black, alpha=1.0>
208.3376 	EXP 	unnamed Line: borderColor = <psychopy.colors.Color: black, alpha=1.0>
208.3376 	EXP 	unnamed Line: fillColor = <psychopy.colors.Color: black, alpha=1.0>
208.3376 	EXP 	unnamed ShapeStim: foreColor = <psychopy.colors.Color: black, alpha=1.0>
208.3376 	EXP 	unnamed ShapeStim: borderColor = <psychopy.colors.Color: black, alpha=1.0>
208.3376 	EXP 	unnamed ShapeStim: fillColor = <psychopy.colors.Color: black, alpha=1.0>
208.3376 	EXP 	unnamed Line: foreColor = <psychopy.colors.Color: (1.0, 0.58, -0.87, 1.0)>
208.3376 	EXP 	unnamed Line: borderColor = <psychopy.colors.Color: (1.0, 0.58, -0.87, 1.0)>
208.3376 	EXP 	unnamed Line: fillColor = <psychopy.colors.Color: (1.0, 0.58, -0.87, 1.0)>
208.3376 	EXP 	unnamed ShapeStim: foreColor = <psychopy.colors.Color: (1.0, 0.58, -0.87, 1.0)>
208.3376 	EXP 	unnamed ShapeStim: borderColor = <psychopy.colors.Color: (1.0, 0.58, -0.87, 1.0)>
208.3376 	EXP 	unnamed ShapeStim: fillColor = <psychopy.colors.Color: (1.0, 0.58, -0.87, 1.0)>
209.2397 	DATA 	Keypress: j
209.2433 	EXP 	node7: fillColor = '#126DEF'
209.2433 	EXP 	node1: fillColor = 'white'
209.9435 	EXP 	window1: mouseVisible = True
209.9451 	EXP 	Created unnamed TextStim = TextStim(__class__=<class 'psychopy.visual.text.TextStim'>, alignHoriz=method-wrapper(...), alignText='center', alignVert=method-wrapper(...), anchorHoriz='center', anchorVert='center', antialias=True, autoDraw=False, autoLog=True, bold=True, color=array([ 0.23921569, -1.        , -0.98431373]), colorSpace='rgb', contrast=1.0, depth=0, draggable=False, flipHoriz=False, flipVert=False, font='', fontFiles=[], height=0.04, italic=False, languageStyle='LTR', name='unnamed TextStim', opacity=1.0, ori=0.0, pos=array([-0.12922429,  0.35443874]), rgb=UNKNOWN, text='-2', units='height', win=Window(...), wrapWidth=1)
209.9453 	EXP 	window1: mouseVisible = True
209.9465 	EXP 	Created unnamed TextStim = TextStim(__class__=<class 'psychopy.visual.text.TextStim'>, alignHoriz=method-wrapper(...), alignText='center', alignVert=method-wrapper(...), anchorHoriz='center', anchorVert='center', antialias=True, autoDraw=False, autoLog=True, bold=True, color=array([0.68627451, 0.68627451, 0.68627451]), colorSpace='rgb', contrast=1.0, depth=0, draggable=False, flipHoriz=False, flipVert=False, font='', fontFiles=[], height=0.04, italic=False, languageStyle='LTR', name='unnamed TextStim', opacity=1.0, ori=0.0, pos=array([ 0.32451235, -0.16920126]), rgb=UNKNOWN, text='+0', units='height', win=Window(...), wrapWidth=1)
209.9510 	EXP 	node7: fillColor = 'white'
209.9510 	EXP 	unnamed ImageStim: autoDraw = True
209.9510 	EXP 	unnamed ImageStim: autoDraw = True
210.9596 	EXP 	unnamed ImageStim: autoDraw = False
210.9596 	EXP 	unnamed ImageStim: autoDraw = False
210.9596 	EXP 	unnamed Rect: autoDraw = False
210.9596 	EXP 	unnamed Rect: autoDraw = True
211.1132 	EXP 	unnamed Rect: autoDraw = False
211.1132 	EXP 	node0: autoDraw = False
211.1132 	EXP 	unnamed ImageStim: autoDraw = False
211.1132 	EXP 	node1: autoDraw = False
211.1132 	EXP 	unnamed ImageStim: autoDraw = False
211.1132 	EXP 	node2: autoDraw = False
211.1132 	EXP 	unnamed ImageStim: autoDraw = False
211.1132 	EXP 	node3: autoDraw = False
211.1132 	EXP 	unnamed ImageStim: autoDraw = False
211.1132 	EXP 	node4: autoDraw = False
211.1132 	EXP 	unnamed ImageStim: autoDraw = False
211.1132 	EXP 	node5: autoDraw = False
211.1132 	EXP 	unnamed ImageStim: autoDraw = False
211.1132 	EXP 	node6: autoDraw = False
211.1132 	EXP 	unnamed ImageStim: autoDraw = False
211.1132 	EXP 	node7: autoDraw = False
211.1132 	EXP 	unnamed ImageStim: autoDraw = False
211.1132 	EXP 	node8: autoDraw = False
211.1132 	EXP 	unnamed ImageStim: autoDraw = False
211.1132 	EXP 	node9: autoDraw = False
211.1132 	EXP 	node10: autoDraw = False
211.1132 	EXP 	unnamed ImageStim: autoDraw = False
211.1132 	EXP 	unnamed Line: autoDraw = False
211.1132 	EXP 	unnamed ShapeStim: autoDraw = False
211.1132 	EXP 	unnamed Line: autoDraw = False
211.1132 	EXP 	unnamed ShapeStim: autoDraw = False
211.1132 	EXP 	unnamed Line: autoDraw = False
211.1132 	EXP 	unnamed ShapeStim: autoDraw = False
211.1132 	EXP 	unnamed Line: autoDraw = False
211.1132 	EXP 	unnamed ShapeStim: autoDraw = False
211.1132 	EXP 	unnamed Line: autoDraw = False
211.1132 	EXP 	unnamed ShapeStim: autoDraw = False
211.1132 	EXP 	unnamed Line: autoDraw = False
211.1132 	EXP 	unnamed ShapeStim: autoDraw = False
211.1132 	EXP 	unnamed Line: autoDraw = False
211.1132 	EXP 	unnamed ShapeStim: autoDraw = False
211.1132 	EXP 	unnamed Line: autoDraw = False
211.1132 	EXP 	unnamed ShapeStim: autoDraw = False
211.1132 	EXP 	unnamed Line: autoDraw = False
211.1132 	EXP 	unnamed ShapeStim: autoDraw = False
211.1132 	EXP 	unnamed Line: autoDraw = False
211.1132 	EXP 	unnamed ShapeStim: autoDraw = False
211.1132 	EXP 	unnamed Rect: autoDraw = False
212.6398 	DATA 	Keypress: space
250.0666 	DATA 	Keypress: space
250.3555 	EXP 	window1: mouseVisible = False
250.3556 	EXP 	window1: units = 'pix'
250.3557 	INFO 	Mouse: using default window
250.4983 	INFO 	Mouse: using default window
251.1706 	DATA 	Keypress: return
329.8682 	EXP 	window1: units = 'pix'
393.6149 	EXP 	window1: units = 'pix'
395.7754 	EXP 	window1: units = 'pix'
395.7785 	EXP 	window1: units = 'pix'
403.1907 	DATA 	Keypress: space
403.2492 	EXP 	window1: units = 'pix'
412.8023 	DATA 	Keypress: space
414.5917 	DATA 	Keypress: space
418.7678 	DATA 	Keypress: space
419.7758 	DATA 	Keypress: space
422.4798 	DATA 	Keypress: space
423.4956 	DATA 	Keypress: space
424.1354 	DATA 	Keypress: space
426.4156 	DATA 	Keypress: space
426.4160 	INFO 	Mouse: using default window
428.4365 	DATA 	Keypress: space
428.4816 	EXP 	window1: units = 'pix'
431.3040 	DATA 	Keypress: f
433.2318 	DATA 	Keypress: f
433.7756 	DATA 	Keypress: f
434.3356 	DATA 	Keypress: f
435.1836 	DATA 	Keypress: f
435.6396 	DATA 	Keypress: j
437.5117 	DATA 	Keypress: j
440.8560 	DATA 	Keypress: space
440.8565 	INFO 	Mouse: using default window
443.6702 	DATA 	Keypress: space
443.7143 	EXP 	window1: units = 'pix'
445.4240 	DATA 	Keypress: f
448.2318 	DATA 	Keypress: f
451.7513 	DATA 	Keypress: j
452.6637 	DATA 	Keypress: j
455.5359 	DATA 	Keypress: space
455.5364 	INFO 	Mouse: using default window
457.3492 	DATA 	Keypress: space
457.4002 	EXP 	window1: units = 'pix'
459.3439 	DATA 	Keypress: f
460.6398 	DATA 	Keypress: f
461.4316 	DATA 	Keypress: f
461.9037 	DATA 	Keypress: f
463.9038 	DATA 	Keypress: f
464.2475 	DATA 	Keypress: f
464.8875 	DATA 	Keypress: f
465.4716 	DATA 	Keypress: f
466.3836 	DATA 	Keypress: f
467.9117 	DATA 	Keypress: f
468.6235 	DATA 	Keypress: j
469.3195 	DATA 	Keypress: j
471.7359 	DATA 	Keypress: space
471.7364 	INFO 	Mouse: using default window
472.5344 	DATA 	Keypress: space
472.5821 	EXP 	window1: units = 'pix'
473.7120 	DATA 	Keypress: f
474.5038 	DATA 	Keypress: f
476.0798 	DATA 	Keypress: f
478.0799 	DATA 	Keypress: f
481.4222 	DATA 	Keypress: f
481.7514 	DATA 	Keypress: j
482.1596 	DATA 	Keypress: j
483.2830 	DATA 	Keypress: space
484.7359 	DATA 	Keypress: space
484.7363 	INFO 	Mouse: using default window
485.6029 	DATA 	Keypress: space
485.6464 	EXP 	window1: units = 'pix'
487.0080 	DATA 	Keypress: f
487.3996 	DATA 	Keypress: f
487.8234 	DATA 	Keypress: f
489.2718 	DATA 	Keypress: f
490.9358 	DATA 	Keypress: j
491.5917 	DATA 	Keypress: f
491.9115 	DATA 	Keypress: j
494.4639 	DATA 	Keypress: space
494.4644 	INFO 	Mouse: using default window
496.2710 	DATA 	Keypress: space
496.3169 	EXP 	window1: units = 'pix'
496.8791 	DATA 	Keypress: space
499.1517 	DATA 	Keypress: f
500.0237 	DATA 	Keypress: f
501.3277 	DATA 	Keypress: f
504.9117 	DATA 	Keypress: f
506.8958 	DATA 	Keypress: j
507.1675 	DATA 	Keypress: f
508.0477 	DATA 	Keypress: f
508.4315 	DATA 	Keypress: j
511.0478 	DATA 	Keypress: space
511.0483 	INFO 	Mouse: using default window
511.9040 	DATA 	Keypress: space
511.9464 	EXP 	window1: units = 'pix'
513.0560 	DATA 	Keypress: f
513.9677 	DATA 	Keypress: f
519.2157 	DATA 	Keypress: j
519.6716 	DATA 	Keypress: j
521.9759 	DATA 	Keypress: space
521.9763 	INFO 	Mouse: using default window
522.8798 	DATA 	Keypress: space
522.9190 	EXP 	window1: units = 'pix'
523.9680 	DATA 	Keypress: f
525.0959 	DATA 	Keypress: f
528.5598 	DATA 	Keypress: j
529.6878 	DATA 	Keypress: j
531.9679 	DATA 	Keypress: space
531.9684 	INFO 	Mouse: using default window
532.8574 	DATA 	Keypress: space
538.1885 	EXP 	window1: units = 'pix'
540.5498 	DATA 	Keypress: return
580.6957 	EXP 	window1: units = 'pix'
594.0922 	DATA 	Keypress: return
633.6101 	EXP 	window1: units = 'pix'
634.6501 	EXP 	window1: units = 'pix'
636.7993 	DATA 	Keypress: c
640.8199 	DATA 	Keypress: space
640.9457 	EXP 	window1: units = 'pix'
642.3440 	DATA 	Keypress: f
643.3542 	DATA 	Keypress: f
645.2158 	DATA 	Keypress: f
645.5676 	DATA 	Keypress: f
646.8637 	DATA 	Keypress: j
647.3276 	DATA 	Keypress: f
647.8955 	DATA 	Keypress: j
649.6176 	DATA 	Keypress: space
650.5517 	DATA 	Keypress: space
650.5521 	INFO 	Mouse: using default window
651.5939 	DATA 	Keypress: space
651.6303 	EXP 	window1: units = 'pix'
652.6080 	DATA 	Keypress: f
656.0959 	DATA 	Keypress: j
656.4718 	DATA 	Keypress: f
656.9436 	DATA 	Keypress: f
657.2156 	DATA 	Keypress: j
657.8079 	DATA 	Keypress: space
658.8718 	DATA 	Keypress: space
659.7759 	DATA 	Keypress: space
659.7763 	INFO 	Mouse: using default window
661.1062 	DATA 	Keypress: space
661.1509 	EXP 	window1: units = 'pix'
662.2560 	DATA 	Keypress: f
663.4958 	DATA 	Keypress: j
664.2796 	DATA 	Keypress: f
665.1918 	DATA 	Keypress: j
666.2856 	DATA 	Keypress: space
667.5038 	DATA 	Keypress: space
667.5043 	INFO 	Mouse: using default window
668.1159 	DATA 	Keypress: space
668.1630 	EXP 	window1: units = 'pix'
669.1520 	DATA 	Keypress: f
670.0398 	DATA 	Keypress: f
670.4155 	DATA 	Keypress: f
671.9762 	DATA 	Keypress: f
672.3196 	DATA 	Keypress: f
672.7198 	DATA 	Keypress: j
673.2558 	DATA 	Keypress: j
674.7768 	DATA 	Keypress: space
675.5681 	DATA 	Keypress: space
675.5702 	INFO 	Mouse: using default window
676.0522 	DATA 	Keypress: space
676.1290 	EXP 	window1: units = 'pix'
677.2960 	DATA 	Keypress: f
677.8799 	DATA 	Keypress: f
678.8237 	DATA 	Keypress: f
680.3918 	DATA 	Keypress: f
680.7438 	DATA 	Keypress: j
681.5917 	DATA 	Keypress: j
684.1199 	DATA 	Keypress: space
684.1203 	INFO 	Mouse: using default window
685.0606 	DATA 	Keypress: space
685.0984 	EXP 	window1: units = 'pix'
686.0800 	DATA 	Keypress: f
686.6318 	DATA 	Keypress: f
687.8078 	DATA 	Keypress: space
689.1358 	DATA 	Keypress: j
689.5436 	DATA 	Keypress: j
690.8222 	DATA 	Keypress: space
691.8238 	DATA 	Keypress: space
691.8242 	INFO 	Mouse: using default window
692.3380 	DATA 	Keypress: space
692.3962 	EXP 	window1: units = 'pix'
693.3360 	DATA 	Keypress: f
695.0318 	DATA 	Keypress: j
695.5997 	DATA 	Keypress: f
696.1118 	DATA 	Keypress: j
696.7518 	DATA 	Keypress: space
697.6243 	DATA 	Keypress: space
698.3039 	DATA 	Keypress: space
698.3043 	INFO 	Mouse: using default window
698.7339 	DATA 	Keypress: space
698.8617 	EXP 	window1: units = 'pix'
701.0320 	DATA 	Keypress: f
707.6000 	DATA 	Keypress: f
708.6398 	DATA 	Keypress: f
709.3437 	DATA 	Keypress: j
709.8476 	DATA 	Keypress: space
710.7598 	DATA 	Keypress: f
711.5997 	DATA 	Keypress: j
712.7438 	DATA 	Keypress: space
713.2797 	DATA 	Keypress: space
713.9679 	DATA 	Keypress: space
713.9683 	INFO 	Mouse: using default window
714.4278 	DATA 	Keypress: space
714.5237 	EXP 	window1: units = 'pix'
715.4481 	DATA 	Keypress: f
716.9119 	DATA 	Keypress: j
717.3678 	DATA 	Keypress: j
717.7072 	DATA 	Keypress: j
718.7801 	DATA 	Keypress: space
719.6479 	DATA 	Keypress: space
719.6483 	INFO 	Mouse: using default window
720.3727 	DATA 	Keypress: space
720.4121 	EXP 	window1: units = 'pix'
724.8001 	DATA 	Keypress: j
725.7438 	DATA 	Keypress: f
726.2077 	DATA 	Keypress: f
726.7837 	DATA 	Keypress: j
727.1123 	DATA 	Keypress: space
728.3680 	DATA 	Keypress: space
729.3998 	DATA 	Keypress: space
729.4003 	INFO 	Mouse: using default window
730.5110 	DATA 	Keypress: space
730.5620 	EXP 	window1: units = 'pix'
732.9520 	DATA 	Keypress: f
734.1358 	DATA 	Keypress: j
739.0318 	DATA 	Keypress: j
739.9552 	DATA 	Keypress: space
740.7444 	DATA 	Keypress: space
741.3518 	DATA 	Keypress: space
741.3522 	INFO 	Mouse: using default window
741.9752 	DATA 	Keypress: space
742.0976 	EXP 	window1: units = 'pix'
743.1281 	DATA 	Keypress: f
744.5998 	DATA 	Keypress: j
744.8315 	DATA 	Keypress: f
745.3437 	DATA 	Keypress: f
745.6636 	DATA 	Keypress: j
747.0288 	DATA 	Keypress: space
747.9679 	DATA 	Keypress: space
747.9683 	INFO 	Mouse: using default window
748.6602 	DATA 	Keypress: space
748.6975 	EXP 	window1: units = 'pix'
749.8320 	DATA 	Keypress: f
750.6874 	DATA 	Keypress: j
751.7118 	DATA 	Keypress: f
752.3757 	DATA 	Keypress: j
752.9521 	DATA 	Keypress: space
753.5571 	DATA 	Keypress: space
754.6719 	DATA 	Keypress: space
754.6723 	INFO 	Mouse: using default window
755.4085 	DATA 	Keypress: space
755.4444 	EXP 	window1: units = 'pix'
756.6559 	DATA 	Keypress: f
758.4880 	DATA 	Keypress: j
759.0319 	DATA 	Keypress: j
760.5095 	DATA 	Keypress: space
760.9999 	DATA 	Keypress: space
761.0004 	INFO 	Mouse: using default window
761.6798 	DATA 	Keypress: space
761.7131 	EXP 	window1: units = 'pix'
762.9121 	DATA 	Keypress: f
764.2319 	DATA 	Keypress: j
764.8156 	DATA 	Keypress: f
765.2635 	DATA 	Keypress: j
765.5809 	DATA 	Keypress: space
766.4197 	DATA 	Keypress: space
767.5918 	DATA 	Keypress: space
767.5923 	INFO 	Mouse: using default window
768.1899 	DATA 	Keypress: space
768.2288 	EXP 	window1: units = 'pix'
769.3681 	DATA 	Keypress: f
771.2559 	DATA 	Keypress: f
771.8478 	DATA 	Keypress: f
772.1277 	DATA 	Keypress: j
772.6877 	DATA 	Keypress: f
773.3358 	DATA 	Keypress: f
773.7676 	DATA 	Keypress: j
774.7007 	DATA 	Keypress: space
775.4399 	DATA 	Keypress: space
776.0559 	DATA 	Keypress: space
776.0563 	INFO 	Mouse: using default window
777.4552 	DATA 	Keypress: j
778.0044 	DATA 	Keypress: space
778.0488 	EXP 	window1: units = 'pix'
779.0641 	DATA 	Keypress: f
779.6792 	DATA 	Keypress: f
780.4958 	DATA 	Keypress: f
781.3678 	DATA 	Keypress: f
781.9678 	DATA 	Keypress: f
782.7518 	DATA 	Keypress: f
782.9995 	DATA 	Keypress: f
783.2315 	DATA 	Keypress: f
783.5755 	DATA 	Keypress: f
783.9515 	DATA 	Keypress: j
784.6637 	DATA 	Keypress: j
785.5622 	DATA 	Keypress: space
786.2639 	DATA 	Keypress: space
786.7679 	DATA 	Keypress: space
786.7683 	INFO 	Mouse: using default window
787.2157 	DATA 	Keypress: space
787.3422 	EXP 	window1: units = 'pix'
788.2480 	DATA 	Keypress: f
789.5679 	DATA 	Keypress: f
789.7916 	DATA 	Keypress: f
791.4159 	DATA 	Keypress: f
792.8478 	DATA 	Keypress: f
793.1356 	DATA 	Keypress: j
793.5196 	DATA 	Keypress: space
795.1119 	DATA 	Keypress: j
795.8676 	DATA 	Keypress: space
796.6960 	DATA 	Keypress: space
797.6559 	DATA 	Keypress: space
797.6563 	INFO 	Mouse: using default window
798.8803 	DATA 	Keypress: space
798.9327 	EXP 	window1: units = 'pix'
799.8801 	DATA 	Keypress: f
801.8159 	DATA 	Keypress: j
802.1117 	DATA 	Keypress: f
802.6316 	DATA 	Keypress: f
802.9356 	DATA 	Keypress: j
804.0450 	DATA 	Keypress: space
804.6567 	DATA 	Keypress: space
805.1678 	DATA 	Keypress: space
805.1682 	INFO 	Mouse: using default window
805.7288 	DATA 	Keypress: space
805.7609 	EXP 	window1: units = 'pix'
806.6800 	DATA 	Keypress: f
807.7279 	DATA 	Keypress: f
807.9431 	DATA 	Keypress: f
809.6000 	DATA 	Keypress: f
812.0879 	DATA 	Keypress: f
813.1998 	DATA 	Keypress: j
813.7037 	DATA 	Keypress: space
814.3918 	DATA 	Keypress: j
815.0959 	DATA 	Keypress: j
816.7598 	DATA 	Keypress: j
817.1755 	DATA 	Keypress: space
817.1759 	INFO 	Mouse: using default window
817.6615 	DATA 	Keypress: space
818.4307 	DATA 	Keypress: space
818.4822 	EXP 	window1: units = 'pix'
819.5121 	DATA 	Keypress: f
820.8000 	DATA 	Keypress: f
821.9758 	DATA 	Keypress: f
822.4557 	DATA 	Keypress: f
823.1118 	DATA 	Keypress: f
823.9679 	DATA 	Keypress: f
824.3276 	DATA 	Keypress: f
827.2399 	DATA 	Keypress: j
827.9037 	DATA 	Keypress: f
828.2796 	DATA 	Keypress: j
828.8249 	DATA 	Keypress: space
829.6559 	DATA 	Keypress: space
830.3199 	DATA 	Keypress: space
830.3204 	INFO 	Mouse: using default window
831.2276 	DATA 	Keypress: space
831.2624 	EXP 	window1: units = 'pix'
832.0800 	DATA 	Keypress: f
833.8640 	DATA 	Keypress: f
834.4237 	DATA 	Keypress: f
834.6796 	DATA 	Keypress: f
834.9435 	DATA 	Keypress: f
835.1915 	DATA 	Keypress: f
835.4555 	DATA 	Keypress: f
835.6875 	DATA 	Keypress: f
835.9515 	DATA 	Keypress: f
836.1995 	DATA 	Keypress: f
836.4634 	DATA 	Keypress: f
836.6554 	DATA 	Keypress: f
836.7353 	DATA 	Keypress: f
837.4957 	DATA 	Keypress: f
838.0477 	DATA 	Keypress: f
838.8559 	DATA 	Keypress: j
839.2956 	DATA 	Keypress: space
840.1198 	DATA 	Keypress: j
840.4607 	DATA 	Keypress: space
841.2413 	DATA 	Keypress: space
841.8963 	DATA 	Keypress: space
842.3518 	DATA 	Keypress: space
842.3522 	INFO 	Mouse: using default window
842.8734 	DATA 	Keypress: space
842.9290 	EXP 	window1: units = 'pix'
843.8721 	DATA 	Keypress: f
844.5440 	DATA 	Keypress: j
844.7677 	DATA 	Keypress: j
845.0622 	DATA 	Keypress: j
845.6436 	DATA 	Keypress: j
846.1393 	DATA 	Keypress: space
846.9359 	DATA 	Keypress: space
846.9363 	INFO 	Mouse: using default window
847.4459 	DATA 	Keypress: space
848.3298 	DATA 	Keypress: space
848.3807 	EXP 	window1: units = 'pix'
849.4161 	DATA 	Keypress: f
851.6079 	DATA 	Keypress: f
853.5520 	DATA 	Keypress: f
853.7996 	DATA 	Keypress: j
854.1035 	DATA 	Keypress: j
854.8565 	DATA 	Keypress: f
855.5175 	DATA 	Keypress: j
856.0479 	DATA 	Keypress: space
856.0483 	INFO 	Mouse: using default window
856.7706 	DATA 	Keypress: space
856.8123 	EXP 	window1: units = 'pix'
857.6721 	DATA 	Keypress: f
858.6639 	DATA 	Keypress: f
859.1759 	DATA 	Keypress: f
860.5518 	DATA 	Keypress: j
860.9597 	DATA 	Keypress: j
861.3643 	DATA 	Keypress: j
862.3033 	DATA 	Keypress: j
862.7799 	DATA 	Keypress: space
863.3277 	DATA 	Keypress: space
863.3281 	INFO 	Mouse: using default window
864.0135 	DATA 	Keypress: space
865.1202 	DATA 	Keypress: space
865.1674 	EXP 	window1: units = 'pix'
866.1121 	DATA 	Keypress: f
867.6559 	DATA 	Keypress: f
868.4237 	DATA 	Keypress: f
868.6955 	DATA 	Keypress: f
869.2797 	DATA 	Keypress: f
869.4955 	DATA 	Keypress: f
870.0556 	DATA 	Keypress: f
870.5197 	DATA 	Keypress: f
871.1917 	DATA 	Keypress: f
873.7919 	DATA 	Keypress: j
874.0316 	DATA 	Keypress: j
875.4758 	DATA 	Keypress: space
876.3679 	DATA 	Keypress: space
876.3684 	INFO 	Mouse: using default window
877.0205 	DATA 	Keypress: space
877.0624 	EXP 	window1: units = 'pix'
878.0242 	DATA 	Keypress: f
879.0639 	DATA 	Keypress: f
880.7919 	DATA 	Keypress: j
881.3518 	DATA 	Keypress: j
882.6856 	DATA 	Keypress: space
883.4960 	DATA 	Keypress: space
883.4965 	INFO 	Mouse: using default window
884.4766 	DATA 	Keypress: space
884.5148 	EXP 	window1: units = 'pix'
885.7921 	DATA 	Keypress: f
886.7360 	DATA 	Keypress: j
887.2877 	DATA 	Keypress: f
888.1919 	DATA 	Keypress: j
889.5813 	DATA 	Keypress: space
890.5280 	DATA 	Keypress: space
890.5284 	INFO 	Mouse: using default window
891.7010 	DATA 	Keypress: space
891.7480 	EXP 	window1: units = 'pix'
892.6074 	DATA 	Keypress: f
894.9359 	DATA 	Keypress: j
895.0955 	DATA 	Keypress: f
895.5999 	DATA 	Keypress: j
896.7427 	DATA 	Keypress: space
897.4512 	DATA 	Keypress: space
897.8799 	DATA 	Keypress: space
897.8803 	INFO 	Mouse: using default window
898.4629 	DATA 	Keypress: space
898.4969 	EXP 	window1: units = 'pix'
899.4401 	DATA 	Keypress: f
899.9038 	DATA 	Keypress: f
900.9199 	DATA 	Keypress: f
901.4638 	DATA 	Keypress: f
902.2559 	DATA 	Keypress: f
903.8239 	DATA 	Keypress: f
904.9999 	DATA 	Keypress: j
905.2075 	DATA 	Keypress: j
905.8559 	DATA 	Keypress: f
906.6967 	DATA 	Keypress: j
907.4959 	DATA 	Keypress: j
908.0557 	DATA 	Keypress: space
908.0560 	INFO 	Mouse: using default window
908.6922 	DATA 	Keypress: space
909.4731 	DATA 	Keypress: space
910.3385 	DATA 	Keypress: space
911.1412 	DATA 	Keypress: space
911.1981 	EXP 	window1: units = 'pix'
912.1602 	DATA 	Keypress: f
913.5602 	DATA 	Keypress: f
917.2559 	DATA 	Keypress: f
917.7277 	DATA 	Keypress: f
918.4548 	DATA 	Keypress: f
919.8719 	DATA 	Keypress: f
920.9759 	DATA 	Keypress: j
921.5038 	DATA 	Keypress: j
922.4465 	DATA 	Keypress: j
922.8635 	DATA 	Keypress: space
923.7520 	DATA 	Keypress: space
923.7524 	INFO 	Mouse: using default window
924.4779 	DATA 	Keypress: space
924.5179 	EXP 	window1: units = 'pix'
925.3602 	DATA 	Keypress: f
925.9440 	DATA 	Keypress: f
927.7039 	DATA 	Keypress: j
928.2157 	DATA 	Keypress: f
928.6398 	DATA 	Keypress: j
929.7489 	DATA 	Keypress: space
931.0080 	DATA 	Keypress: space
931.0085 	INFO 	Mouse: using default window
932.8573 	DATA 	Keypress: space
932.9002 	EXP 	window1: units = 'pix'
933.9122 	DATA 	Keypress: f
934.4879 	DATA 	Keypress: f
935.4959 	DATA 	Keypress: f
936.4160 	DATA 	Keypress: f
936.6796 	DATA 	Keypress: f
936.9037 	DATA 	Keypress: f
937.2716 	DATA 	Keypress: f
937.4476 	DATA 	Keypress: f
937.6315 	DATA 	Keypress: f
937.8395 	DATA 	Keypress: f
938.0315 	DATA 	Keypress: f
938.2075 	DATA 	Keypress: f
938.3915 	DATA 	Keypress: f
938.5995 	DATA 	Keypress: f
938.7835 	DATA 	Keypress: f
938.9835 	DATA 	Keypress: f
939.1675 	DATA 	Keypress: f
939.3595 	DATA 	Keypress: f
939.5596 	DATA 	Keypress: f
939.7756 	DATA 	Keypress: f
939.9756 	DATA 	Keypress: f
940.1755 	DATA 	Keypress: f
940.3835 	DATA 	Keypress: f
940.5915 	DATA 	Keypress: f
940.7835 	DATA 	Keypress: f
940.9916 	DATA 	Keypress: f
941.1995 	DATA 	Keypress: f
941.3915 	DATA 	Keypress: f
941.5995 	DATA 	Keypress: f
941.7914 	DATA 	Keypress: f
941.9915 	DATA 	Keypress: f
942.1914 	DATA 	Keypress: f
942.3914 	DATA 	Keypress: f
942.5916 	DATA 	Keypress: f
942.7995 	DATA 	Keypress: f
942.9996 	DATA 	Keypress: f
943.2716 	DATA 	Keypress: f
943.5915 	DATA 	Keypress: f
943.8635 	DATA 	Keypress: f
944.1108 	DATA 	Keypress: f
944.3284 	DATA 	Keypress: f
944.5606 	DATA 	Keypress: f
944.7521 	DATA 	Keypress: f
944.9424 	DATA 	Keypress: f
945.1758 	DATA 	Keypress: f
945.3835 	DATA 	Keypress: f
945.5916 	DATA 	Keypress: f
945.7994 	DATA 	Keypress: f
946.0075 	DATA 	Keypress: f
946.2155 	DATA 	Keypress: f
946.4317 	DATA 	Keypress: f
946.6315 	DATA 	Keypress: f
946.9596 	DATA 	Keypress: f
947.2716 	DATA 	Keypress: j
947.7196 	DATA 	Keypress: j
949.2576 	DATA 	Keypress: space
949.9359 	DATA 	Keypress: space
949.9363 	INFO 	Mouse: using default window
950.4675 	DATA 	Keypress: space
950.5123 	EXP 	window1: units = 'pix'
951.4082 	DATA 	Keypress: f
952.6400 	DATA 	Keypress: j
953.1681 	DATA 	Keypress: j
954.5368 	DATA 	Keypress: j
955.4322 	DATA 	Keypress: space
955.4326 	INFO 	Mouse: using default window
956.0155 	DATA 	Keypress: space
956.0623 	EXP 	window1: units = 'pix'
956.9757 	DATA 	Keypress: f
957.3679 	DATA 	Keypress: f
957.6236 	DATA 	Keypress: j
957.8156 	DATA 	Keypress: j
958.3082 	DATA 	Keypress: j
958.9491 	DATA 	Keypress: space
959.7841 	DATA 	Keypress: space
959.7845 	INFO 	Mouse: using default window
960.5766 	DATA 	Keypress: space
960.6118 	EXP 	window1: units = 'pix'
961.4482 	DATA 	Keypress: f
962.0718 	DATA 	Keypress: f
964.6800 	DATA 	Keypress: j
965.0717 	DATA 	Keypress: f
965.5278 	DATA 	Keypress: j
970.7682 	DATA 	Keypress: j
972.3999 	DATA 	Keypress: space
972.4003 	INFO 	Mouse: using default window
973.3564 	DATA 	Keypress: space
973.3955 	EXP 	window1: units = 'pix'
974.7603 	DATA 	Keypress: f
976.9360 	DATA 	Keypress: j
977.2958 	DATA 	Keypress: j
977.7242 	DATA 	Keypress: space
978.5286 	DATA 	Keypress: space
979.5601 	DATA 	Keypress: space
979.5605 	INFO 	Mouse: using default window
981.2546 	DATA 	Keypress: space
981.3161 	EXP 	window1: units = 'pix'
982.1681 	DATA 	Keypress: f
982.7119 	DATA 	Keypress: f
984.0400 	DATA 	Keypress: j
984.2558 	DATA 	Keypress: j
985.4316 	DATA 	Keypress: space
986.5600 	DATA 	Keypress: space
986.5604 	INFO 	Mouse: using default window
987.6717 	DATA 	Keypress: space
989.4338 	DATA 	Keypress: space
991.2236 	DATA 	Keypress: space
991.2808 	EXP 	window1: units = 'pix'
992.3442 	DATA 	Keypress: f
993.2240 	DATA 	Keypress: f
993.7597 	DATA 	Keypress: f
994.0076 	DATA 	Keypress: f
994.2155 	DATA 	Keypress: f
994.4236 	DATA 	Keypress: f
994.6556 	DATA 	Keypress: f
994.8636 	DATA 	Keypress: f
995.0715 	DATA 	Keypress: f
995.2956 	DATA 	Keypress: f
995.8078 	DATA 	Keypress: f
996.8319 	DATA 	Keypress: j
998.2559 	DATA 	Keypress: f
999.1599 	DATA 	Keypress: f
1000.1279 	DATA 	Keypress: j
1001.0839 	DATA 	Keypress: j
1002.4954 	DATA 	Keypress: space
1002.4959 	INFO 	Mouse: using default window
1005.0966 	DATA 	Keypress: space
1005.1485 	EXP 	window1: units = 'pix'
1006.1681 	DATA 	Keypress: f
1006.5920 	DATA 	Keypress: f
1007.2399 	DATA 	Keypress: j
1007.5437 	DATA 	Keypress: j
1007.8610 	DATA 	Keypress: j
1009.2481 	DATA 	Keypress: space
1009.7920 	DATA 	Keypress: space
1009.7924 	INFO 	Mouse: using default window
1010.1886 	DATA 	Keypress: space
1010.7779 	DATA 	Keypress: space
1011.6319 	DATA 	Keypress: space
1012.1800 	DATA 	Keypress: space
1012.2299 	EXP 	window1: units = 'pix'
1013.2641 	DATA 	Keypress: f
1013.8559 	DATA 	Keypress: f
1014.2877 	DATA 	Keypress: f
1015.7919 	DATA 	Keypress: f
1019.1120 	DATA 	Keypress: j
1019.3676 	DATA 	Keypress: j
1020.5226 	DATA 	Keypress: space
1021.1459 	DATA 	Keypress: space
1021.5678 	DATA 	Keypress: space
1021.5681 	INFO 	Mouse: using default window
1022.0062 	DATA 	Keypress: space
1022.1261 	EXP 	window1: units = 'pix'
1023.0404 	DATA 	Keypress: f
1023.5118 	DATA 	Keypress: f
1024.1361 	DATA 	Keypress: j
1025.3599 	DATA 	Keypress: f
1026.0797 	DATA 	Keypress: f
1027.7040 	DATA 	Keypress: j
1030.3520 	DATA 	Keypress: space
1030.3525 	INFO 	Mouse: using default window
1031.0271 	DATA 	Keypress: space
1031.6285 	DATA 	Keypress: space
1031.6803 	EXP 	window1: units = 'pix'
1032.6161 	DATA 	Keypress: f
1035.6720 	DATA 	Keypress: f
1036.6319 	DATA 	Keypress: f
1036.9037 	DATA 	Keypress: j
1037.2557 	DATA 	Keypress: j
1038.5768 	DATA 	Keypress: space
1039.0465 	DATA 	Keypress: space
1039.5359 	DATA 	Keypress: space
1039.5363 	INFO 	Mouse: using default window
1040.0455 	DATA 	Keypress: space
1040.1120 	EXP 	window1: units = 'pix'
1041.2402 	DATA 	Keypress: f
1042.2080 	DATA 	Keypress: j
1042.4877 	DATA 	Keypress: f
1042.9758 	DATA 	Keypress: f
1043.2397 	DATA 	Keypress: j
1044.0921 	DATA 	Keypress: space
1044.7853 	DATA 	Keypress: space
1045.3040 	DATA 	Keypress: space
1045.3044 	INFO 	Mouse: using default window
1045.8765 	DATA 	Keypress: space
1045.9463 	EXP 	window1: units = 'pix'
1046.9123 	DATA 	Keypress: f
1048.1760 	DATA 	Keypress: f
1048.4798 	DATA 	Keypress: j
1049.0798 	DATA 	Keypress: f
1049.3659 	DATA 	Keypress: j
1049.7628 	DATA 	Keypress: space
1050.4570 	DATA 	Keypress: space
1051.1298 	DATA 	Keypress: space
1051.8159 	DATA 	Keypress: space
1051.8164 	INFO 	Mouse: using default window
1052.3482 	DATA 	Keypress: space
1052.3950 	EXP 	window1: units = 'pix'
1053.2323 	DATA 	Keypress: f
1053.7598 	DATA 	Keypress: f
1055.0639 	DATA 	Keypress: f
1055.9919 	DATA 	Keypress: j
1056.4558 	DATA 	Keypress: j
1056.8066 	DATA 	Keypress: space
1057.5467 	DATA 	Keypress: space
1058.3361 	DATA 	Keypress: space
1058.9919 	DATA 	Keypress: space
1058.9922 	INFO 	Mouse: using default window
1059.4803 	DATA 	Keypress: space
1060.0311 	DATA 	Keypress: space
1060.0781 	EXP 	window1: units = 'pix'
1060.9522 	DATA 	Keypress: f
1061.3838 	DATA 	Keypress: f
1062.0078 	DATA 	Keypress: f
1062.3517 	DATA 	Keypress: f
1062.7437 	DATA 	Keypress: j
1063.3199 	DATA 	Keypress: space
1063.7757 	DATA 	Keypress: j
1064.1120 	DATA 	Keypress: space
1065.0190 	DATA 	Keypress: space
1065.7840 	DATA 	Keypress: space
1065.7845 	INFO 	Mouse: using default window
1066.3963 	DATA 	Keypress: space
1066.4453 	EXP 	window1: units = 'pix'
1067.2322 	DATA 	Keypress: f
1068.3201 	DATA 	Keypress: j
1068.7998 	DATA 	Keypress: j
1070.0013 	DATA 	Keypress: j
1070.7122 	DATA 	Keypress: space
1070.7126 	INFO 	Mouse: using default window
1071.4973 	DATA 	Keypress: space
1071.5292 	EXP 	window1: units = 'pix'
1072.8481 	DATA 	Keypress: f
1073.3038 	DATA 	Keypress: f
1073.6397 	DATA 	Keypress: f
1074.1117 	DATA 	Keypress: f
1074.7038 	DATA 	Keypress: j
1075.0638 	DATA 	Keypress: f
1075.5037 	DATA 	Keypress: j
1075.7881 	DATA 	Keypress: space
1076.4696 	DATA 	Keypress: space
1077.0149 	DATA 	Keypress: space
1077.5200 	DATA 	Keypress: space
1077.5205 	INFO 	Mouse: using default window
1078.3070 	DATA 	Keypress: space
1079.9465 	DATA 	Keypress: space
1080.0524 	EXP 	window1: units = 'pix'
1081.1041 	DATA 	Keypress: f
1081.8480 	DATA 	Keypress: j
1083.1680 	DATA 	Keypress: j
1084.7522 	DATA 	Keypress: space
1086.3841 	DATA 	Keypress: space
1086.3845 	INFO 	Mouse: using default window
1086.8178 	DATA 	Keypress: space
1087.3953 	DATA 	Keypress: space
1087.4295 	EXP 	window1: units = 'pix'
1091.4482 	DATA 	Keypress: f
1092.8401 	DATA 	Keypress: j
1093.4639 	DATA 	Keypress: f
1094.1440 	DATA 	Keypress: f
1094.3037 	DATA 	Keypress: j
1095.2781 	DATA 	Keypress: space
1096.0791 	DATA 	Keypress: space
1096.7441 	DATA 	Keypress: space
1096.7445 	INFO 	Mouse: using default window
1097.5711 	DATA 	Keypress: space
1097.6141 	EXP 	window1: units = 'pix'
1098.5362 	DATA 	Keypress: f
1099.4880 	DATA 	Keypress: f
1100.2240 	DATA 	Keypress: j
1100.9920 	DATA 	Keypress: j
1101.8346 	DATA 	Keypress: j
1102.0496 	DATA 	Keypress: space
1102.6878 	DATA 	Keypress: space
1103.1361 	DATA 	Keypress: space
1103.1365 	INFO 	Mouse: using default window
1103.5162 	DATA 	Keypress: space
1103.8608 	DATA 	Keypress: space
1103.8952 	EXP 	window1: units = 'pix'
1104.2805 	DATA 	Keypress: space
1105.1599 	DATA 	Keypress: f
1106.1440 	DATA 	Keypress: j
1107.1040 	DATA 	Keypress: j
1107.4975 	DATA 	Keypress: j
1108.2368 	DATA 	Keypress: space
1108.7441 	DATA 	Keypress: space
1109.4000 	DATA 	Keypress: space
1109.4005 	INFO 	Mouse: using default window
1109.8594 	DATA 	Keypress: space
1110.4591 	DATA 	Keypress: space
1110.5137 	EXP 	window1: units = 'pix'
1111.3843 	DATA 	Keypress: f
1111.8879 	DATA 	Keypress: f
1112.6320 	DATA 	Keypress: j
1113.0961 	DATA 	Keypress: f
1113.6637 	DATA 	Keypress: j
1114.0707 	DATA 	Keypress: space
1114.9206 	DATA 	Keypress: space
1115.8961 	DATA 	Keypress: f
1116.1515 	DATA 	Keypress: space
1116.1519 	INFO 	Mouse: using default window
1116.7132 	DATA 	Keypress: space
1116.7496 	EXP 	window1: units = 'pix'
1117.4643 	DATA 	Keypress: f
1118.5361 	DATA 	Keypress: space
1119.5120 	DATA 	Keypress: j
1120.0720 	DATA 	Keypress: j
1120.7681 	DATA 	Keypress: space
1121.4176 	DATA 	Keypress: space
1121.9762 	DATA 	Keypress: space
1121.9768 	INFO 	Mouse: using default window
1122.6008 	DATA 	Keypress: j
1122.8438 	DATA 	Keypress: space
1122.8786 	EXP 	window1: units = 'pix'
1123.4243 	DATA 	Keypress: space
1124.3441 	DATA 	Keypress: j
1124.9759 	DATA 	Keypress: f
1126.0000 	DATA 	Keypress: j
1126.3176 	DATA 	Keypress: space
1127.1449 	DATA 	Keypress: space
1127.6079 	DATA 	Keypress: space
1127.9761 	DATA 	Keypress: space
1127.9765 	INFO 	Mouse: using default window
1128.4755 	DATA 	Keypress: space
1128.5117 	EXP 	window1: units = 'pix'
1129.8802 	DATA 	Keypress: f
1130.3678 	DATA 	Keypress: f
1131.5600 	DATA 	Keypress: f
1133.6800 	DATA 	Keypress: j
1134.2158 	DATA 	Keypress: j
1134.9200 	DATA 	Keypress: j
1136.0123 	DATA 	Keypress: space
1136.5357 	DATA 	Keypress: space
1136.5361 	INFO 	Mouse: using default window
1137.0177 	DATA 	Keypress: space
1137.4644 	DATA 	Keypress: space
1137.5136 	EXP 	window1: units = 'pix'
1138.8883 	DATA 	Keypress: j
1139.4959 	DATA 	Keypress: f
1139.8398 	DATA 	Keypress: j
1140.3527 	DATA 	Keypress: space
1140.9151 	DATA 	Keypress: space
1141.4481 	DATA 	Keypress: j
1141.9040 	DATA 	Keypress: space
1141.9044 	INFO 	Mouse: using default window
1142.6689 	DATA 	Keypress: space
1142.7115 	EXP 	window1: units = 'pix'
1143.6243 	DATA 	Keypress: f
1144.1518 	DATA 	Keypress: f
1146.1760 	DATA 	Keypress: j
1147.3681 	DATA 	Keypress: f
1147.9438 	DATA 	Keypress: j
1148.5761 	DATA 	Keypress: space
1149.1117 	DATA 	Keypress: space
1149.7295 	DATA 	Keypress: space
1150.3198 	DATA 	Keypress: space
1150.3202 	INFO 	Mouse: using default window
1150.8019 	DATA 	Keypress: space
1151.6223 	DATA 	Keypress: space
1152.2694 	DATA 	Keypress: space
1152.3782 	EXP 	window1: units = 'pix'
1152.9683 	DATA 	Keypress: space
1153.5758 	DATA 	Keypress: f
1154.5440 	DATA 	Keypress: f
1156.1041 	DATA 	Keypress: j
1156.6558 	DATA 	Keypress: j
1157.3760 	DATA 	Keypress: space
1158.1857 	DATA 	Keypress: space
1159.0481 	DATA 	Keypress: space
1159.0486 	INFO 	Mouse: using default window
1159.4673 	DATA 	Keypress: space
1159.8810 	DATA 	Keypress: space
1159.9282 	EXP 	window1: units = 'pix'
1161.2324 	DATA 	Keypress: j
1161.6720 	DATA 	Keypress: j
1162.1920 	DATA 	Keypress: j
1162.6377 	DATA 	Keypress: space
1163.6161 	DATA 	Keypress: space
1163.6166 	INFO 	Mouse: using default window
1164.1320 	DATA 	Keypress: space
1164.1783 	EXP 	window1: units = 'pix'
1164.5377 	DATA 	Keypress: space
1165.5681 	DATA 	Keypress: f
1166.7840 	DATA 	Keypress: j
1166.9920 	DATA 	Keypress: f
1167.4320 	DATA 	Keypress: j
1168.1862 	DATA 	Keypress: space
1168.9120 	DATA 	Keypress: space
1169.5601 	DATA 	Keypress: space
1169.5605 	INFO 	Mouse: using default window
1169.9566 	DATA 	Keypress: space
1170.4027 	DATA 	Keypress: space
1170.4449 	EXP 	window1: units = 'pix'
1171.6963 	DATA 	Keypress: f
1172.7121 	DATA 	Keypress: j
1173.4481 	DATA 	Keypress: f
1173.9839 	DATA 	Keypress: j
1174.3467 	DATA 	Keypress: space
1175.1507 	DATA 	Keypress: space
1176.2081 	DATA 	Keypress: space
1176.2086 	INFO 	Mouse: using default window
1176.6674 	DATA 	Keypress: space
1177.1552 	DATA 	Keypress: space
1177.1974 	EXP 	window1: units = 'pix'
1178.1683 	DATA 	Keypress: f
1178.6481 	DATA 	Keypress: f
1179.1759 	DATA 	Keypress: j
1179.9119 	DATA 	Keypress: f
1180.4960 	DATA 	Keypress: j
1181.4298 	DATA 	Keypress: space
1182.0802 	DATA 	Keypress: space
1182.7921 	DATA 	Keypress: space
1182.7925 	INFO 	Mouse: using default window
1183.3644 	DATA 	Keypress: space
1183.4118 	EXP 	window1: units = 'pix'
1184.6723 	DATA 	Keypress: f
1185.6480 	DATA 	Keypress: j
1186.3520 	DATA 	Keypress: f
1186.7998 	DATA 	Keypress: f
1187.0797 	DATA 	Keypress: j
1187.5747 	DATA 	Keypress: space
1188.2455 	DATA 	Keypress: space
1188.8484 	DATA 	Keypress: space
1189.3599 	DATA 	Keypress: space
1189.3603 	INFO 	Mouse: using default window
1189.9943 	DATA 	Keypress: space
1190.0294 	EXP 	window1: units = 'pix'
1191.0002 	DATA 	Keypress: f
1191.7841 	DATA 	Keypress: j
1192.1438 	DATA 	Keypress: f
1192.6558 	DATA 	Keypress: f
1193.4721 	DATA 	Keypress: j
1193.8914 	DATA 	Keypress: space
1194.5487 	DATA 	Keypress: space
1195.1521 	DATA 	Keypress: space
1195.8401 	DATA 	Keypress: space
1195.8405 	INFO 	Mouse: using default window
1196.3743 	DATA 	Keypress: space
1196.4108 	EXP 	window1: units = 'pix'
1197.4883 	DATA 	Keypress: f
1198.0160 	DATA 	Keypress: j
1198.5199 	DATA 	Keypress: f
1199.2635 	DATA 	Keypress: f
1199.5437 	DATA 	Keypress: space
1200.4400 	DATA 	Keypress: j
1200.7470 	DATA 	Keypress: space
1201.4282 	DATA 	Keypress: space
1202.0481 	DATA 	Keypress: space
1202.5121 	DATA 	Keypress: space
1202.5126 	INFO 	Mouse: using default window
1202.9934 	DATA 	Keypress: space
1203.0284 	EXP 	window1: units = 'pix'
1204.0483 	DATA 	Keypress: f
1205.1601 	DATA 	Keypress: f
1205.5359 	DATA 	Keypress: j
1206.1039 	DATA 	Keypress: space
1206.4718 	DATA 	Keypress: j
1206.7659 	DATA 	Keypress: space
1207.6177 	DATA 	Keypress: space
1208.3530 	DATA 	Keypress: space
1208.8000 	DATA 	Keypress: space
1208.8004 	INFO 	Mouse: using default window
1209.3720 	DATA 	Keypress: space
1209.4109 	EXP 	window1: units = 'pix'
1210.4242 	DATA 	Keypress: f
1211.3921 	DATA 	Keypress: f
1213.0961 	DATA 	Keypress: f
1213.7440 	DATA 	Keypress: f
1214.0238 	DATA 	Keypress: j
1214.4639 	DATA 	Keypress: f
1214.9838 	DATA 	Keypress: space
1215.7440 	DATA 	Keypress: j
1216.0832 	DATA 	Keypress: space
1217.6884 	DATA 	Keypress: space
1217.6889 	INFO 	Mouse: using default window
1218.6117 	DATA 	Keypress: space
1218.6452 	EXP 	window1: units = 'pix'
1219.6564 	DATA 	Keypress: f
1220.5762 	DATA 	Keypress: j
1221.1360 	DATA 	Keypress: f
1222.1280 	DATA 	Keypress: j
1222.6655 	DATA 	Keypress: space
1223.3282 	DATA 	Keypress: space
1224.4801 	DATA 	Keypress: j
1224.7997 	DATA 	Keypress: space
1224.8000 	INFO 	Mouse: using default window
1225.4136 	DATA 	Keypress: space
1225.4610 	EXP 	window1: units = 'pix'
1226.3042 	DATA 	Keypress: f
1227.3121 	DATA 	Keypress: j
1227.8399 	DATA 	Keypress: f
1228.3038 	DATA 	Keypress: f
1229.1041 	DATA 	Keypress: j
1229.6880 	DATA 	Keypress: space
1230.3807 	DATA 	Keypress: space
1231.0881 	DATA 	Keypress: space
1231.0886 	INFO 	Mouse: using default window
1231.6103 	DATA 	Keypress: space
1231.6447 	EXP 	window1: units = 'pix'
1232.7284 	DATA 	Keypress: f
1233.2883 	DATA 	Keypress: j
1234.4481 	DATA 	Keypress: j
1234.8540 	DATA 	Keypress: space
1235.5062 	DATA 	Keypress: space
1236.0961 	DATA 	Keypress: space
1236.9362 	DATA 	Keypress: space
1236.9366 	INFO 	Mouse: using default window
1237.6284 	DATA 	Keypress: space
1237.7618 	EXP 	window1: units = 'pix'
1238.5684 	DATA 	Keypress: f
1239.0560 	DATA 	Keypress: f
1239.5199 	DATA 	Keypress: j
1240.0638 	DATA 	Keypress: f
1240.7038 	DATA 	Keypress: j
1242.0046 	DATA 	Keypress: space
1242.7122 	DATA 	Keypress: space
1242.7126 	INFO 	Mouse: using default window
1243.2225 	DATA 	Keypress: space
1243.6696 	DATA 	Keypress: space
1243.7115 	EXP 	window1: units = 'pix'
1244.5524 	DATA 	Keypress: f
1246.3921 	DATA 	Keypress: j
1247.6962 	DATA 	Keypress: j
1249.1881 	DATA 	Keypress: space
1249.9842 	DATA 	Keypress: space
1249.9846 	INFO 	Mouse: using default window
1250.6599 	DATA 	Keypress: space
1250.6933 	EXP 	window1: units = 'pix'
1251.8004 	DATA 	Keypress: f
1253.0321 	DATA 	Keypress: j
1253.6320 	DATA 	Keypress: f
1254.3121 	DATA 	Keypress: j
1255.0332 	DATA 	Keypress: space
1255.7491 	DATA 	Keypress: space
1256.6481 	DATA 	Keypress: space
1256.6486 	INFO 	Mouse: using default window
1257.1180 	DATA 	Keypress: space
1257.2054 	EXP 	window1: units = 'pix'
1258.3204 	DATA 	Keypress: f
1260.1594 	DATA 	Keypress: j
1260.6399 	DATA 	Keypress: f
1261.0878 	DATA 	Keypress: j
1262.8127 	DATA 	Keypress: space
1263.3841 	DATA 	Keypress: space
1263.3845 	INFO 	Mouse: using default window
1263.8544 	DATA 	Keypress: space
1263.9710 	EXP 	window1: units = 'pix'
1264.7043 	DATA 	Keypress: f
1265.5681 	DATA 	Keypress: f
1265.9438 	DATA 	Keypress: j
1266.3998 	DATA 	Keypress: j
1267.6462 	DATA 	Keypress: j
1268.0560 	DATA 	Keypress: space
1268.6722 	DATA 	Keypress: space
1268.6726 	INFO 	Mouse: using default window
1269.2377 	DATA 	Keypress: space
1269.2778 	EXP 	window1: units = 'pix'
1270.0963 	DATA 	Keypress: f
1270.9921 	DATA 	Keypress: f
1271.3761 	DATA 	Keypress: f
1271.8239 	DATA 	Keypress: j
1272.4959 	DATA 	Keypress: f
1272.8719 	DATA 	Keypress: j
1273.4880 	DATA 	Keypress: space
1274.0926 	DATA 	Keypress: space
1274.8082 	DATA 	Keypress: space
1274.8087 	INFO 	Mouse: using default window
1275.4742 	DATA 	Keypress: space
1275.5114 	EXP 	window1: units = 'pix'
1276.4004 	DATA 	Keypress: f
1276.8160 	DATA 	Keypress: f
1278.4241 	DATA 	Keypress: j
1278.7119 	DATA 	Keypress: f
1279.0798 	DATA 	Keypress: j
1279.4300 	DATA 	Keypress: space
1280.0441 	DATA 	Keypress: space
1280.6418 	DATA 	Keypress: space
1281.6481 	DATA 	Keypress: space
1281.6486 	INFO 	Mouse: using default window
1282.3738 	DATA 	Keypress: space
1282.4276 	EXP 	window1: units = 'pix'
1283.2323 	DATA 	Keypress: f
1284.4403 	DATA 	Keypress: j
1284.9519 	DATA 	Keypress: f
1285.2478 	DATA 	Keypress: j
1285.6757 	DATA 	Keypress: space
1286.2927 	DATA 	Keypress: space
1286.8323 	DATA 	Keypress: space
1287.5282 	DATA 	Keypress: space
1287.5287 	INFO 	Mouse: using default window
1287.9589 	DATA 	Keypress: space
1288.0962 	EXP 	window1: units = 'pix'
1288.9283 	DATA 	Keypress: f
1289.8643 	DATA 	Keypress: f
1290.1279 	DATA 	Keypress: j
1290.4478 	DATA 	Keypress: f
1290.7920 	DATA 	Keypress: j
1291.2436 	DATA 	Keypress: space
1291.9249 	DATA 	Keypress: space
1292.4800 	DATA 	Keypress: space
1293.0722 	DATA 	Keypress: space
1293.0726 	INFO 	Mouse: using default window
1293.6993 	DATA 	Keypress: space
1293.8128 	EXP 	window1: units = 'pix'
1294.6483 	DATA 	Keypress: f
1295.2320 	DATA 	Keypress: f
1295.5599 	DATA 	Keypress: j
1296.0561 	DATA 	Keypress: f
1296.9121 	DATA 	Keypress: j
1297.7118 	DATA 	Keypress: space
1298.5122 	DATA 	Keypress: space
1299.1682 	DATA 	Keypress: space
1299.1686 	INFO 	Mouse: using default window
1299.6670 	DATA 	Keypress: space
1299.7281 	EXP 	window1: units = 'pix'
1300.5443 	DATA 	Keypress: f
1301.5042 	DATA 	Keypress: j
1301.8959 	DATA 	Keypress: f
1302.2960 	DATA 	Keypress: f
1302.7039 	DATA 	Keypress: j
1303.3601 	DATA 	Keypress: space
1304.2247 	DATA 	Keypress: space
1304.9922 	DATA 	Keypress: space
1304.9926 	INFO 	Mouse: using default window
1305.7800 	DATA 	Keypress: space
1305.8276 	EXP 	window1: units = 'pix'
1306.6964 	DATA 	Keypress: f
1308.7522 	DATA 	Keypress: f
1309.7361 	DATA 	Keypress: f
1309.9437 	DATA 	Keypress: j
1310.3599 	DATA 	Keypress: j
1311.1134 	DATA 	Keypress: j
1311.7371 	DATA 	Keypress: space
1312.3442 	DATA 	Keypress: space
1312.3446 	INFO 	Mouse: using default window
1313.0695 	DATA 	Keypress: space
1313.1113 	EXP 	window1: units = 'pix'
1314.1843 	DATA 	Keypress: f
1314.7041 	DATA 	Keypress: f
1315.0799 	DATA 	Keypress: f
1315.5039 	DATA 	Keypress: j
1316.1198 	DATA 	Keypress: j
1316.7600 	DATA 	Keypress: space
1317.3868 	DATA 	Keypress: space
1318.0962 	DATA 	Keypress: space
1318.0966 	INFO 	Mouse: using default window
1318.6286 	DATA 	Keypress: space
1318.6943 	EXP 	window1: units = 'pix'
1319.5045 	DATA 	Keypress: f
1321.1924 	DATA 	Keypress: f
1322.5043 	DATA 	Keypress: f
1322.7838 	DATA 	Keypress: j
1323.4321 	DATA 	Keypress: f
1323.9599 	DATA 	Keypress: j
1324.2880 	DATA 	Keypress: space
1325.2048 	DATA 	Keypress: space
1325.7457 	DATA 	Keypress: space
1326.2239 	DATA 	Keypress: space
1326.2242 	INFO 	Mouse: using default window
1327.6381 	DATA 	Keypress: j
1328.2496 	DATA 	Keypress: space
1328.2974 	EXP 	window1: units = 'pix'
1329.6724 	DATA 	Keypress: f
1330.5522 	DATA 	Keypress: j
1330.9201 	DATA 	Keypress: f
1332.1441 	DATA 	Keypress: f
1332.8082 	DATA 	Keypress: f
1332.9758 	DATA 	Keypress: j
1333.4050 	DATA 	Keypress: space
1334.0283 	DATA 	Keypress: space
1334.6561 	DATA 	Keypress: space
1337.8082 	DATA 	Keypress: space
1337.8087 	INFO 	Mouse: using default window
1338.2418 	DATA 	Keypress: j
1338.6773 	DATA 	Keypress: space
1338.7126 	EXP 	window1: units = 'pix'
1339.7363 	DATA 	Keypress: f
1341.2001 	DATA 	Keypress: j
1341.5120 	DATA 	Keypress: f
1341.8559 	DATA 	Keypress: f
1342.0878 	DATA 	Keypress: j
1342.4706 	DATA 	Keypress: space
1343.1537 	DATA 	Keypress: space
1343.8618 	DATA 	Keypress: space
1344.4709 	DATA 	Keypress: space
1344.4713 	INFO 	Mouse: using default window
1345.1052 	DATA 	Keypress: space
1345.5808 	DATA 	Keypress: space
1345.6300 	EXP 	window1: units = 'pix'
1346.4804 	DATA 	Keypress: f
1347.0001 	DATA 	Keypress: f
1347.3599 	DATA 	Keypress: f
1347.6799 	DATA 	Keypress: f
1348.3039 	DATA 	Keypress: f
1348.6159 	DATA 	Keypress: j
1349.0959 	DATA 	Keypress: j
1350.0848 	DATA 	Keypress: space
1350.6260 	DATA 	Keypress: space
1351.1042 	DATA 	Keypress: space
1351.1046 	INFO 	Mouse: using default window
1351.6251 	DATA 	Keypress: space
1351.6611 	EXP 	window1: units = 'pix'
1352.4244 	DATA 	Keypress: f
1352.9440 	DATA 	Keypress: f
1353.3999 	DATA 	Keypress: j
1353.7039 	DATA 	Keypress: f
1354.1758 	DATA 	Keypress: j
1354.6164 	DATA 	Keypress: space
1355.2210 	DATA 	Keypress: space
1355.7923 	DATA 	Keypress: space
1356.2643 	DATA 	Keypress: space
1356.2647 	INFO 	Mouse: using default window
1356.7853 	DATA 	Keypress: space
1357.4370 	DATA 	Keypress: space
1357.4820 	EXP 	window1: units = 'pix'
1358.2724 	DATA 	Keypress: f
1358.6960 	DATA 	Keypress: f
1359.0638 	DATA 	Keypress: j
1359.5999 	DATA 	Keypress: f
1359.9038 	DATA 	Keypress: f
1360.1518 	DATA 	Keypress: j
1360.3793 	DATA 	Keypress: space
1360.7282 	DATA 	Keypress: space
1361.0602 	DATA 	Keypress: space
1361.6728 	DATA 	Keypress: space
1362.1202 	DATA 	Keypress: space
1362.1206 	INFO 	Mouse: using default window
1362.6824 	DATA 	Keypress: space
1362.7279 	EXP 	window1: units = 'pix'
1363.5124 	DATA 	Keypress: f
1363.8639 	DATA 	Keypress: f
1364.2399 	DATA 	Keypress: f
1364.5279 	DATA 	Keypress: j
1364.8478 	DATA 	Keypress: f
1365.2398 	DATA 	Keypress: f
1365.5759 	DATA 	Keypress: j
1365.8582 	DATA 	Keypress: space
1366.3282 	DATA 	Keypress: space
1366.7525 	DATA 	Keypress: space
1367.1919 	DATA 	Keypress: space
1367.5284 	DATA 	Keypress: space
1367.5288 	INFO 	Mouse: using default window
1367.9749 	DATA 	Keypress: space
1368.3890 	DATA 	Keypress: space
1368.4281 	EXP 	window1: units = 'pix'
1369.3765 	DATA 	Keypress: f
1370.7683 	DATA 	Keypress: f
1372.4162 	DATA 	Keypress: f
1372.7756 	DATA 	Keypress: j
1373.8322 	DATA 	Keypress: j
1374.2839 	DATA 	Keypress: space
1374.9325 	DATA 	Keypress: space
1375.4403 	DATA 	Keypress: space
1376.0322 	DATA 	Keypress: space
1376.0326 	INFO 	Mouse: using default window
1376.6669 	DATA 	Keypress: space
1376.7113 	EXP 	window1: units = 'pix'
1378.0485 	DATA 	Keypress: f
1379.0882 	DATA 	Keypress: j
1379.8642 	DATA 	Keypress: j
1380.9745 	DATA 	Keypress: j
1381.3259 	DATA 	Keypress: space
1382.0803 	DATA 	Keypress: space
1382.0807 	INFO 	Mouse: using default window
1383.6512 	DATA 	Keypress: space
1383.6972 	EXP 	window1: units = 'pix'
1384.5687 	DATA 	Keypress: f
1385.0003 	DATA 	Keypress: f
1385.9042 	DATA 	Keypress: j
1386.4241 	DATA 	Keypress: f
1386.8479 	DATA 	Keypress: j
1387.2445 	DATA 	Keypress: space
1387.9035 	DATA 	Keypress: space
1388.6452 	DATA 	Keypress: space
1389.4241 	DATA 	Keypress: space
1389.4245 	INFO 	Mouse: using default window
1390.7018 	DATA 	Keypress: space
1390.7494 	EXP 	window1: units = 'pix'
1392.4084 	DATA 	Keypress: space
1393.5842 	DATA 	Keypress: f
1394.5043 	DATA 	Keypress: f
1394.8640 	DATA 	Keypress: f
1396.7522 	DATA 	Keypress: f
1396.9199 	DATA 	Keypress: j
1397.1197 	DATA 	Keypress: j
1397.5483 	DATA 	Keypress: j
1398.1289 	DATA 	Keypress: space
1398.5783 	DATA 	Keypress: space
1399.1682 	DATA 	Keypress: space
1399.1686 	INFO 	Mouse: using default window
1399.6267 	DATA 	Keypress: space
1400.2270 	DATA 	Keypress: space
1400.2631 	EXP 	window1: units = 'pix'
1401.1363 	DATA 	Keypress: f
1401.5762 	DATA 	Keypress: f
1402.4641 	DATA 	Keypress: j
1402.9600 	DATA 	Keypress: j
1403.8024 	DATA 	Keypress: space
1404.5215 	DATA 	Keypress: space
1405.4242 	DATA 	Keypress: space
1405.4246 	INFO 	Mouse: using default window
1405.9994 	DATA 	Keypress: space
1406.0446 	EXP 	window1: units = 'pix'
1407.2645 	DATA 	Keypress: f
1408.2242 	DATA 	Keypress: j
1409.0002 	DATA 	Keypress: j
1409.6801 	DATA 	Keypress: space
1410.1967 	DATA 	Keypress: space
1410.6160 	DATA 	Keypress: space
1411.2962 	DATA 	Keypress: j
1411.3130 	DATA 	Keypress: space
1411.3133 	INFO 	Mouse: using default window
1411.8548 	DATA 	Keypress: space
1412.4643 	DATA 	Keypress: space
1412.9724 	DATA 	Keypress: space
1413.0295 	EXP 	window1: units = 'pix'
1413.9366 	DATA 	Keypress: f
1415.0483 	DATA 	Keypress: f
1415.5602 	DATA 	Keypress: j
1416.0401 	DATA 	Keypress: j
1417.1993 	DATA 	Keypress: space
1418.2563 	DATA 	Keypress: space
1418.2567 	INFO 	Mouse: using default window
1418.8828 	DATA 	Keypress: space
1419.5007 	DATA 	Keypress: space
1419.5454 	EXP 	window1: units = 'pix'
1420.3681 	DATA 	Keypress: f
1421.5283 	DATA 	Keypress: j
1422.4562 	DATA 	Keypress: f
1422.7999 	DATA 	Keypress: j
1423.5199 	DATA 	Keypress: space
1424.1789 	DATA 	Keypress: space
1424.8883 	DATA 	Keypress: space
1424.8887 	INFO 	Mouse: using default window
1425.4537 	DATA 	Keypress: space
1425.4940 	EXP 	window1: units = 'pix'
1426.3525 	DATA 	Keypress: f
1427.0082 	DATA 	Keypress: f
1427.5842 	DATA 	Keypress: j
1427.8399 	DATA 	Keypress: f
1428.2399 	DATA 	Keypress: f
1428.5039 	DATA 	Keypress: space
1429.3040 	DATA 	Keypress: j
1429.5436 	DATA 	Keypress: space
1430.5161 	DATA 	Keypress: space
1430.9923 	DATA 	Keypress: space
1431.6003 	DATA 	Keypress: space
1431.6007 	INFO 	Mouse: using default window
1432.2021 	DATA 	Keypress: space
1432.2444 	EXP 	window1: units = 'pix'
1433.1605 	DATA 	Keypress: f
1433.6083 	DATA 	Keypress: f
1435.0642 	DATA 	Keypress: f
1435.6482 	DATA 	Keypress: f
1435.9041 	DATA 	Keypress: j
1437.1362 	DATA 	Keypress: j
1437.4111 	DATA 	Keypress: space
1437.9135 	DATA 	Keypress: space
1438.2836 	DATA 	Keypress: space
1438.7122 	DATA 	Keypress: space
1439.1443 	DATA 	Keypress: space
1439.1447 	INFO 	Mouse: using default window
1439.6258 	DATA 	Keypress: space
1440.0740 	DATA 	Keypress: space
1440.1109 	EXP 	window1: units = 'pix'
1440.9444 	DATA 	Keypress: f
1441.8403 	DATA 	Keypress: j
1442.0403 	DATA 	Keypress: f
1442.4400 	DATA 	Keypress: j
1442.6334 	DATA 	Keypress: j
1442.9696 	DATA 	Keypress: j
1443.3488 	DATA 	Keypress: space
1443.6991 	DATA 	Keypress: space
1444.0241 	DATA 	Keypress: space
1444.3763 	DATA 	Keypress: space
1444.3768 	INFO 	Mouse: using default window
1444.8753 	DATA 	Keypress: space
1445.0009 	EXP 	window1: units = 'pix'
1445.7924 	DATA 	Keypress: f
1446.7682 	DATA 	Keypress: f
1447.7442 	DATA 	Keypress: f
1448.3362 	DATA 	Keypress: j
1448.7519 	DATA 	Keypress: f
1449.0879 	DATA 	Keypress: f
1449.2879 	DATA 	Keypress: j
1449.6272 	DATA 	Keypress: space
1450.2986 	DATA 	Keypress: space
1450.8257 	DATA 	Keypress: space
1451.7524 	DATA 	Keypress: j
1452.0559 	DATA 	Keypress: space
1452.0562 	INFO 	Mouse: using default window
1452.6918 	DATA 	Keypress: space
1452.7632 	EXP 	window1: units = 'pix'
1453.5125 	DATA 	Keypress: f
1454.0962 	DATA 	Keypress: f
1454.6081 	DATA 	Keypress: j
1455.1839 	DATA 	Keypress: f
1455.4960 	DATA 	Keypress: j
1455.8148 	DATA 	Keypress: space
1456.3717 	DATA 	Keypress: space
1457.4484 	DATA 	Keypress: space
1457.4489 	INFO 	Mouse: using default window
1458.0160 	DATA 	Keypress: space
1458.1188 	EXP 	window1: units = 'pix'
1459.0324 	DATA 	Keypress: f
1460.0083 	DATA 	Keypress: f
1461.3683 	DATA 	Keypress: f
1462.6003 	DATA 	Keypress: f
1462.9999 	DATA 	Keypress: j
1463.4960 	DATA 	Keypress: f
1463.8639 	DATA 	Keypress: space
1464.4233 	DATA 	Keypress: j
1464.6294 	DATA 	Keypress: space
1465.2562 	DATA 	Keypress: space
1465.7161 	DATA 	Keypress: space
1466.0960 	DATA 	Keypress: space
1466.5043 	DATA 	Keypress: space
1466.5048 	INFO 	Mouse: using default window
1467.0768 	DATA 	Keypress: space
1467.1095 	EXP 	window1: units = 'pix'
1467.9925 	DATA 	Keypress: f
1468.5441 	DATA 	Keypress: f
1469.0641 	DATA 	Keypress: j
1469.3840 	DATA 	Keypress: f
1470.3199 	DATA 	Keypress: j
1470.6719 	DATA 	Keypress: space
1471.4764 	DATA 	Keypress: space
1471.9921 	DATA 	Keypress: space
1472.4083 	DATA 	Keypress: space
1472.4087 	INFO 	Mouse: using default window
1472.8962 	DATA 	Keypress: space
1473.4064 	DATA 	Keypress: space
1473.4498 	EXP 	window1: units = 'pix'
1474.3445 	DATA 	Keypress: f
1475.2723 	DATA 	Keypress: f
1476.3924 	DATA 	Keypress: f
1476.8961 	DATA 	Keypress: f
1477.1761 	DATA 	Keypress: f
1479.3043 	DATA 	Keypress: j
1479.5760 	DATA 	Keypress: f
1480.0401 	DATA 	Keypress: f
1480.5040 	DATA 	Keypress: space
1480.9121 	DATA 	Keypress: j
1481.2058 	DATA 	Keypress: space
1481.8340 	DATA 	Keypress: space
1482.3654 	DATA 	Keypress: space
1482.8327 	DATA 	Keypress: space
1482.8333 	INFO 	Mouse: using default window
1483.6251 	DATA 	Keypress: space
1483.6604 	EXP 	window1: units = 'pix'
1484.5524 	DATA 	Keypress: f
1485.8563 	DATA 	Keypress: j
1486.2000 	DATA 	Keypress: f
1486.5200 	DATA 	Keypress: f
1486.7921 	DATA 	Keypress: j
1487.1087 	DATA 	Keypress: space
1487.6112 	DATA 	Keypress: space
1488.0591 	DATA 	Keypress: space
1488.6861 	DATA 	Keypress: space
1489.1440 	DATA 	Keypress: space
1489.1443 	INFO 	Mouse: using default window
1489.8798 	DATA 	Keypress: space
1489.9271 	EXP 	window1: units = 'pix'
1490.6565 	DATA 	Keypress: f
1491.6244 	DATA 	Keypress: f
1492.6002 	DATA 	Keypress: f
1493.5603 	DATA 	Keypress: j
1493.8079 	DATA 	Keypress: j
1494.6950 	DATA 	Keypress: j
1495.2421 	DATA 	Keypress: space
1495.7046 	DATA 	Keypress: space
1495.7053 	INFO 	Mouse: using default window
1496.3401 	DATA 	Keypress: space
1496.7978 	DATA 	Keypress: space
1497.5098 	DATA 	Keypress: space
1497.5630 	EXP 	window1: units = 'pix'
1498.3844 	DATA 	Keypress: f
1498.8960 	DATA 	Keypress: f
1499.4562 	DATA 	Keypress: j
1500.3602 	DATA 	Keypress: j
1500.7222 	DATA 	Keypress: space
1501.5063 	DATA 	Keypress: space
1502.0163 	DATA 	Keypress: space
1502.4083 	DATA 	Keypress: space
1502.4087 	INFO 	Mouse: using default window
1502.9294 	DATA 	Keypress: space
1502.9775 	EXP 	window1: units = 'pix'
1503.6885 	DATA 	Keypress: f
1504.9283 	DATA 	Keypress: f
1505.7683 	DATA 	Keypress: f
1505.9518 	DATA 	Keypress: j
1506.4562 	DATA 	Keypress: j
1506.8612 	DATA 	Keypress: space
1507.3434 	DATA 	Keypress: space
1507.8145 	DATA 	Keypress: space
1508.1600 	DATA 	Keypress: space
1508.5123 	DATA 	Keypress: space
1508.5127 	INFO 	Mouse: using default window
1508.9208 	DATA 	Keypress: space
1509.3791 	DATA 	Keypress: space
1509.4123 	EXP 	window1: units = 'pix'
1510.2404 	DATA 	Keypress: f
1511.1523 	DATA 	Keypress: f
1511.5521 	DATA 	Keypress: j
1511.9841 	DATA 	Keypress: f
1512.2799 	DATA 	Keypress: j
1512.5960 	DATA 	Keypress: space
1513.2324 	DATA 	Keypress: space
1513.7904 	DATA 	Keypress: space
1514.2085 	DATA 	Keypress: space
1514.2091 	INFO 	Mouse: using default window
1514.8447 	DATA 	Keypress: space
1514.9110 	EXP 	window1: units = 'pix'
1515.6645 	DATA 	Keypress: f
1516.3523 	DATA 	Keypress: f
1517.7203 	DATA 	Keypress: j
1518.3041 	DATA 	Keypress: j
1518.6541 	DATA 	Keypress: space
1519.2038 	DATA 	Keypress: space
1519.6838 	DATA 	Keypress: space
1520.1468 	DATA 	Keypress: space
1520.5604 	DATA 	Keypress: space
1520.5608 	INFO 	Mouse: using default window
1521.0192 	DATA 	Keypress: space
1521.4764 	DATA 	Keypress: space
1521.5115 	EXP 	window1: units = 'pix'
1521.8968 	DATA 	Keypress: space
1522.5043 	DATA 	Keypress: f
1523.4082 	DATA 	Keypress: j
1524.1282 	DATA 	Keypress: f
1524.9522 	DATA 	Keypress: j
1525.2359 	DATA 	Keypress: space
1525.7957 	DATA 	Keypress: space
1526.2674 	DATA 	Keypress: space
1526.6968 	DATA 	Keypress: space
1527.2402 	DATA 	Keypress: space
1527.2406 	INFO 	Mouse: using default window
1528.2862 	DATA 	Keypress: space
1528.6330 	EXP 	window1: units = 'pix'
1528.7213 	DATA 	Keypress: space
1529.5205 	DATA 	Keypress: f
1529.8560 	DATA 	Keypress: f
1530.2481 	DATA 	Keypress: f
1530.6960 	DATA 	Keypress: f
1531.1841 	DATA 	Keypress: f
1531.9042 	DATA 	Keypress: j
1532.3922 	DATA 	Keypress: f
1532.7200 	DATA 	Keypress: j
1533.0032 	DATA 	Keypress: space
1533.4163 	DATA 	Keypress: space
1534.0081 	DATA 	Keypress: space
1535.1036 	DATA 	Keypress: space
1535.1041 	INFO 	Mouse: using default window
1535.7156 	DATA 	Keypress: space
1535.7607 	EXP 	window1: units = 'pix'
1536.7284 	DATA 	Keypress: f
1537.9682 	DATA 	Keypress: f
1538.8963 	DATA 	Keypress: j
1539.3842 	DATA 	Keypress: f
1540.0243 	DATA 	Keypress: j
1540.3866 	DATA 	Keypress: space
1541.1458 	DATA 	Keypress: space
1541.8617 	DATA 	Keypress: space
1542.4482 	DATA 	Keypress: space
1542.4486 	INFO 	Mouse: using default window
1543.1113 	DATA 	Keypress: space
1543.1610 	EXP 	window1: units = 'pix'
1544.2165 	DATA 	Keypress: f
1544.8643 	DATA 	Keypress: j
1545.3363 	DATA 	Keypress: f
1545.6961 	DATA 	Keypress: f
1546.2802 	DATA 	Keypress: j
1546.6074 	DATA 	Keypress: space
1547.3469 	DATA 	Keypress: space
1547.8414 	DATA 	Keypress: space
1548.5603 	DATA 	Keypress: space
1548.5607 	INFO 	Mouse: using default window
1549.0711 	DATA 	Keypress: space
1549.1442 	EXP 	window1: units = 'pix'
1549.8646 	DATA 	Keypress: f
1550.5604 	DATA 	Keypress: f
1550.9841 	DATA 	Keypress: f
1551.4880 	DATA 	Keypress: f
1551.9360 	DATA 	Keypress: f
1552.2880 	DATA 	Keypress: f
1552.5840 	DATA 	Keypress: j
1553.0230 	DATA 	Keypress: f
1553.3045 	DATA 	Keypress: j
1553.6682 	DATA 	Keypress: space
1554.0919 	DATA 	Keypress: space
1554.7303 	DATA 	Keypress: space
1555.2883 	DATA 	Keypress: space
1555.2887 	INFO 	Mouse: using default window
1555.9325 	DATA 	Keypress: space
1555.9774 	EXP 	window1: units = 'pix'
1556.6885 	DATA 	Keypress: f
1557.5363 	DATA 	Keypress: f
1557.9121 	DATA 	Keypress: f
1558.2481 	DATA 	Keypress: space
1558.4799 	DATA 	Keypress: f
1559.0321 	DATA 	Keypress: space
1559.3361 	DATA 	Keypress: j
1560.3682 	DATA 	Keypress: f
1560.8322 	DATA 	Keypress: j
1561.9987 	DATA 	Keypress: space
1563.1444 	DATA 	Keypress: space
1563.1448 	INFO 	Mouse: using default window
1563.8695 	DATA 	Keypress: space
1563.9095 	EXP 	window1: units = 'pix'
1564.6966 	DATA 	Keypress: f
1565.7364 	DATA 	Keypress: j
1566.7683 	DATA 	Keypress: j
1567.5217 	DATA 	Keypress: space
1568.0363 	DATA 	Keypress: space
1568.7204 	DATA 	Keypress: space
1568.7208 	INFO 	Mouse: using default window
1569.2428 	DATA 	Keypress: space
1569.2769 	EXP 	window1: units = 'pix'
1570.1686 	DATA 	Keypress: f
1571.3845 	DATA 	Keypress: f
1572.3844 	DATA 	Keypress: f
1574.2243 	DATA 	Keypress: j
1574.4640 	DATA 	Keypress: f
1574.8800 	DATA 	Keypress: f
1575.1440 	DATA 	Keypress: space
1575.6083 	DATA 	Keypress: j
1575.8696 	DATA 	Keypress: space
1576.4509 	DATA 	Keypress: space
1576.8993 	DATA 	Keypress: space
1577.5043 	DATA 	Keypress: space
1577.9922 	DATA 	Keypress: space
1577.9926 	INFO 	Mouse: using default window
1578.6151 	DATA 	Keypress: space
1579.0620 	DATA 	Keypress: space
1579.1127 	EXP 	window1: units = 'pix'
1579.8486 	DATA 	Keypress: f
1580.2641 	DATA 	Keypress: f
1580.9924 	DATA 	Keypress: j
1581.6083 	DATA 	Keypress: f
1582.1923 	DATA 	Keypress: j
1582.4888 	DATA 	Keypress: space
1582.9699 	DATA 	Keypress: space
1583.5647 	DATA 	Keypress: space
1584.2884 	DATA 	Keypress: f
1584.6001 	DATA 	Keypress: space
1584.6004 	INFO 	Mouse: using default window
1584.9986 	DATA 	Keypress: space
1585.5238 	DATA 	Keypress: space
1585.5642 	EXP 	window1: units = 'pix'
1586.3525 	DATA 	Keypress: f
1586.8001 	DATA 	Keypress: f
1587.4952 	DATA 	Keypress: j
1588.1122 	DATA 	Keypress: j
1588.6418 	DATA 	Keypress: space
1589.4911 	DATA 	Keypress: space
1590.1684 	DATA 	Keypress: space
1590.1688 	INFO 	Mouse: using default window
1590.7414 	DATA 	Keypress: space
1590.7942 	EXP 	window1: units = 'pix'
1591.4725 	DATA 	Keypress: f
1591.9041 	DATA 	Keypress: f
1592.4481 	DATA 	Keypress: j
1592.7600 	DATA 	Keypress: f
1593.1520 	DATA 	Keypress: j
1593.5010 	DATA 	Keypress: space
1594.1847 	DATA 	Keypress: space
1594.6733 	DATA 	Keypress: space
1595.4084 	DATA 	Keypress: space
1595.4088 	INFO 	Mouse: using default window
1595.9701 	DATA 	Keypress: space
1596.3959 	DATA 	Keypress: space
1596.4307 	EXP 	window1: units = 'pix'
1597.4806 	DATA 	Keypress: f
1597.9523 	DATA 	Keypress: f
1598.5922 	DATA 	Keypress: f
1599.0002 	DATA 	Keypress: f
1600.1043 	DATA 	Keypress: f
1600.5841 	DATA 	Keypress: f
1601.4243 	DATA 	Keypress: f
1601.7520 	DATA 	Keypress: j
1602.3842 	DATA 	Keypress: f
1602.8561 	DATA 	Keypress: j
1603.2971 	DATA 	Keypress: space
1603.9889 	DATA 	Keypress: space
1604.4802 	DATA 	Keypress: space
1605.0804 	DATA 	Keypress: space
1605.0808 	INFO 	Mouse: using default window
1605.7435 	DATA 	Keypress: space
1605.7940 	EXP 	window1: units = 'pix'
1606.5285 	DATA 	Keypress: f
1608.5124 	DATA 	Keypress: f
1609.5924 	DATA 	Keypress: f
1610.0722 	DATA 	Keypress: f
1610.3198 	DATA 	Keypress: j
1610.5686 	DATA 	Keypress: f
1610.9281 	DATA 	Keypress: f
1611.1920 	DATA 	Keypress: j
1611.4411 	DATA 	Keypress: space
1612.1009 	DATA 	Keypress: space
1612.9635 	DATA 	Keypress: space
1613.5283 	DATA 	Keypress: space
1613.5287 	INFO 	Mouse: using default window
1614.3563 	DATA 	Keypress: space
1614.4102 	EXP 	window1: units = 'pix'
1615.1366 	DATA 	Keypress: f
1615.5602 	DATA 	Keypress: f
1616.6243 	DATA 	Keypress: f
1619.6724 	DATA 	Keypress: j
1619.9761 	DATA 	Keypress: f
1620.4079 	DATA 	Keypress: j
1620.6688 	DATA 	Keypress: space
1621.3391 	DATA 	Keypress: space
1621.8680 	DATA 	Keypress: space
1622.2882 	DATA 	Keypress: space
1622.8321 	DATA 	Keypress: space
1622.8325 	INFO 	Mouse: using default window
1623.0467 	DATA 	Keypress: space
1623.3910 	DATA 	Keypress: space
1623.6838 	DATA 	Keypress: space
1623.7295 	EXP 	window1: units = 'pix'
1624.4887 	DATA 	Keypress: f
1625.0163 	DATA 	Keypress: f
1625.3040 	DATA 	Keypress: j
1625.5280 	DATA 	Keypress: f
1625.9120 	DATA 	Keypress: j
1626.1511 	DATA 	Keypress: space
1626.7980 	DATA 	Keypress: space
1627.0933 	DATA 	Keypress: space
1627.5285 	DATA 	Keypress: space
1627.9204 	DATA 	Keypress: space
1627.9208 	INFO 	Mouse: using default window
1628.3684 	DATA 	Keypress: space
1628.4108 	EXP 	window1: units = 'pix'
1629.2005 	DATA 	Keypress: f
1629.8643 	DATA 	Keypress: j
1630.4482 	DATA 	Keypress: f
1630.7441 	DATA 	Keypress: f
1630.9599 	DATA 	Keypress: j
1631.1535 	DATA 	Keypress: space
1631.6788 	DATA 	Keypress: space
1632.0152 	DATA 	Keypress: space
1632.4188 	DATA 	Keypress: space
1632.7444 	DATA 	Keypress: space
1633.1764 	DATA 	Keypress: space
1633.1768 	INFO 	Mouse: using default window
1633.5444 	DATA 	Keypress: space
1633.9015 	DATA 	Keypress: space
1633.9440 	EXP 	window1: units = 'pix'
1634.8485 	DATA 	Keypress: f
1635.2161 	DATA 	Keypress: f
1635.4881 	DATA 	Keypress: j
1635.8161 	DATA 	Keypress: f
1636.2721 	DATA 	Keypress: j
1636.7670 	DATA 	Keypress: space
1637.1697 	DATA 	Keypress: space
1637.5297 	DATA 	Keypress: space
1637.9850 	DATA 	Keypress: space
1638.3363 	DATA 	Keypress: space
1638.3367 	INFO 	Mouse: using default window
1638.7330 	DATA 	Keypress: space
1639.0680 	DATA 	Keypress: space
1639.1274 	EXP 	window1: units = 'pix'
1639.8806 	DATA 	Keypress: f
1640.4882 	DATA 	Keypress: f
1641.7684 	DATA 	Keypress: f
1642.3602 	DATA 	Keypress: f
1642.8721 	DATA 	Keypress: f
1643.4721 	DATA 	Keypress: f
1643.7120 	DATA 	Keypress: j
1644.4970 	DATA 	Keypress: f
1644.9602 	DATA 	Keypress: f
1645.1359 	DATA 	Keypress: j
1645.4299 	DATA 	Keypress: space
1645.8773 	DATA 	Keypress: space
1646.2906 	DATA 	Keypress: space
1646.7764 	DATA 	Keypress: space
1647.1284 	DATA 	Keypress: space
1647.1288 	INFO 	Mouse: using default window
1647.6164 	DATA 	Keypress: space
1647.6606 	EXP 	window1: units = 'pix'
1648.4325 	DATA 	Keypress: f
1649.5765 	DATA 	Keypress: j
1649.7521 	DATA 	Keypress: f
1650.1763 	DATA 	Keypress: f
1650.4320 	DATA 	Keypress: j
1650.7499 	DATA 	Keypress: space
1651.0711 	DATA 	Keypress: space
1651.4424 	DATA 	Keypress: space
1651.8629 	DATA 	Keypress: space
1652.2280 	DATA 	Keypress: space
1652.5748 	DATA 	Keypress: space
1652.5754 	INFO 	Mouse: using default window
1653.0572 	DATA 	Keypress: space
1653.1576 	EXP 	window1: units = 'pix'
1653.5203 	DATA 	Keypress: space
1654.5444 	DATA 	Keypress: f
1656.1444 	DATA 	Keypress: f
1656.6641 	DATA 	Keypress: f
1657.1442 	DATA 	Keypress: f
1658.5363 	DATA 	Keypress: j
1659.0882 	DATA 	Keypress: j
1659.5951 	DATA 	Keypress: space
1660.0544 	DATA 	Keypress: space
1660.6416 	DATA 	Keypress: space
1661.1444 	DATA 	Keypress: space
1661.1448 	INFO 	Mouse: using default window
1661.5521 	DATA 	Keypress: space
1661.9265 	DATA 	Keypress: space
1662.4865 	DATA 	Keypress: space
1662.5314 	EXP 	window1: units = 'pix'
1663.3207 	DATA 	Keypress: f
1663.7522 	DATA 	Keypress: f
1664.2483 	DATA 	Keypress: f
1665.1924 	DATA 	Keypress: j
1665.3925 	DATA 	Keypress: f
1665.8403 	DATA 	Keypress: space
1666.5203 	DATA 	Keypress: j
1666.8278 	DATA 	Keypress: space
1667.2748 	DATA 	Keypress: space
1667.5881 	DATA 	Keypress: space
1667.9605 	DATA 	Keypress: space
1668.3278 	DATA 	Keypress: space
1668.7683 	DATA 	Keypress: space
1668.7687 	INFO 	Mouse: using default window
1669.2786 	DATA 	Keypress: space
1669.7889 	DATA 	Keypress: space
1669.8257 	EXP 	window1: units = 'pix'
1670.6727 	DATA 	Keypress: f
1671.0322 	DATA 	Keypress: f
1672.4805 	DATA 	Keypress: f
1672.7922 	DATA 	Keypress: f
1672.9920 	DATA 	Keypress: space
1673.6722 	DATA 	Keypress: j
1674.1123 	DATA 	Keypress: j
1675.1352 	DATA 	Keypress: j
1675.7206 	DATA 	Keypress: space
1676.3286 	DATA 	Keypress: space
1676.3290 	INFO 	Mouse: using default window
1676.7884 	DATA 	Keypress: space
1676.9093 	EXP 	window1: units = 'pix'
1677.8729 	DATA 	Keypress: f
1678.7445 	DATA 	Keypress: j
1679.2802 	DATA 	Keypress: f
1679.8244 	DATA 	Keypress: f
1680.6484 	DATA 	Keypress: j
1680.9883 	DATA 	Keypress: space
1681.7935 	DATA 	Keypress: space
1682.2805 	DATA 	Keypress: j
1683.0165 	DATA 	Keypress: space
1683.0170 	INFO 	Mouse: using default window
1683.4140 	DATA 	Keypress: space
1683.8615 	DATA 	Keypress: space
1683.9105 	EXP 	window1: units = 'pix'
1684.6326 	DATA 	Keypress: f
1685.2164 	DATA 	Keypress: f
1686.1364 	DATA 	Keypress: j
1686.5923 	DATA 	Keypress: j
1687.0557 	DATA 	Keypress: space
1687.7006 	DATA 	Keypress: space
1688.2323 	DATA 	Keypress: space
1688.7366 	DATA 	Keypress: space
1688.7370 	INFO 	Mouse: using default window
1689.2358 	DATA 	Keypress: space
1689.3100 	EXP 	window1: units = 'pix'
1690.0887 	DATA 	Keypress: f
1691.0644 	DATA 	Keypress: j
1691.6244 	DATA 	Keypress: f
1691.9682 	DATA 	Keypress: j
1692.3075 	DATA 	Keypress: space
1692.9223 	DATA 	Keypress: space
1693.4705 	DATA 	Keypress: space
1694.1925 	DATA 	Keypress: space
1694.1929 	INFO 	Mouse: using default window
1694.6230 	DATA 	Keypress: space
1695.0375 	DATA 	Keypress: space
1695.4325 	DATA 	Keypress: space
1696.1012 	DATA 	Keypress: space
1696.1506 	EXP 	window1: units = 'pix'
1696.6327 	DATA 	Keypress: space
1697.1442 	DATA 	Keypress: f
1698.2084 	DATA 	Keypress: f
1699.0004 	DATA 	Keypress: j
1699.8805 	DATA 	Keypress: f
1700.1921 	DATA 	Keypress: f
1700.4721 	DATA 	Keypress: j
1700.8775 	DATA 	Keypress: space
1701.2466 	DATA 	Keypress: space
1701.6046 	DATA 	Keypress: space
1701.9927 	DATA 	Keypress: space
1702.4405 	DATA 	Keypress: space
1702.4409 	INFO 	Mouse: using default window
1702.8997 	DATA 	Keypress: space
1703.4483 	DATA 	Keypress: space
1703.4934 	EXP 	window1: units = 'pix'
1704.2486 	DATA 	Keypress: f
1704.6643 	DATA 	Keypress: f
1704.9039 	DATA 	Keypress: j
1705.2081 	DATA 	Keypress: f
1705.9604 	DATA 	Keypress: f
1706.4973 	DATA 	Keypress: j
1706.7484 	DATA 	Keypress: space
1707.4199 	DATA 	Keypress: space
1707.9500 	DATA 	Keypress: space
1708.4804 	DATA 	Keypress: space
1708.4809 	INFO 	Mouse: using default window
1708.9177 	DATA 	Keypress: space
1709.3776 	DATA 	Keypress: space
1709.4268 	EXP 	window1: units = 'pix'
1710.4567 	DATA 	Keypress: f
1710.8082 	DATA 	Keypress: f
1711.0641 	DATA 	Keypress: j
1711.7205 	DATA 	Keypress: f
1713.0084 	DATA 	Keypress: f
1713.5442 	DATA 	Keypress: space
1714.2082 	DATA 	Keypress: j
1714.5148 	DATA 	Keypress: space
1715.3082 	DATA 	Keypress: space
1719.3525 	DATA 	Keypress: space
1719.3529 	INFO 	Mouse: using default window
1719.8381 	DATA 	Keypress: space
1719.9276 	EXP 	window1: units = 'pix'
1720.9126 	DATA 	Keypress: f
1724.9044 	DATA 	Keypress: j
1725.6964 	DATA 	Keypress: j
1726.2498 	DATA 	Keypress: space
1726.8303 	DATA 	Keypress: space
1727.3204 	DATA 	Keypress: space
1727.8085 	DATA 	Keypress: space
1727.8090 	INFO 	Mouse: using default window
1728.3193 	DATA 	Keypress: space
1728.3934 	EXP 	window1: units = 'pix'
1730.9687 	DATA 	Keypress: f
1732.4325 	DATA 	Keypress: j
1732.9523 	DATA 	Keypress: j
1733.3463 	DATA 	Keypress: space
1733.9744 	DATA 	Keypress: space
1734.5137 	DATA 	Keypress: space
1735.1045 	DATA 	Keypress: space
1735.1049 	INFO 	Mouse: using default window
1735.6076 	DATA 	Keypress: space
1735.6773 	EXP 	window1: units = 'pix'
1737.0567 	DATA 	Keypress: f
1737.9205 	DATA 	Keypress: j
1738.3602 	DATA 	Keypress: f
1738.7922 	DATA 	Keypress: j
1739.2194 	DATA 	Keypress: space
1739.8035 	DATA 	Keypress: space
1740.3065 	DATA 	Keypress: space
1740.8086 	DATA 	Keypress: space
1740.8090 	INFO 	Mouse: using default window
1741.2964 	DATA 	Keypress: space
1741.8236 	DATA 	Keypress: space
1742.2986 	DATA 	Keypress: space
1743.0595 	DATA 	Keypress: space
1743.6166 	DATA 	Keypress: space
1743.7149 	EXP 	window1: units = 'pix'
1744.2488 	DATA 	Keypress: space
1744.8403 	DATA 	Keypress: f
1745.5445 	DATA 	Keypress: j
1746.1443 	DATA 	Keypress: j
1746.6278 	DATA 	Keypress: j
1747.0210 	DATA 	Keypress: space
1748.0651 	DATA 	Keypress: space
1748.0657 	INFO 	Mouse: using default window
1748.6610 	DATA 	Keypress: space
1748.7921 	EXP 	window1: units = 'pix'
1749.6727 	DATA 	Keypress: f
1750.0642 	DATA 	Keypress: f
1750.8644 	DATA 	Keypress: j
1751.4563 	DATA 	Keypress: j
1751.7740 	DATA 	Keypress: space
1752.2890 	DATA 	Keypress: space
1752.8389 	DATA 	Keypress: space
1753.4245 	DATA 	Keypress: space
1753.4250 	INFO 	Mouse: using default window
1754.3050 	DATA 	Keypress: space
1754.7179 	DATA 	Keypress: space
1754.7619 	EXP 	window1: units = 'pix'
1755.6326 	DATA 	Keypress: f
1756.0242 	DATA 	Keypress: f
1756.9444 	DATA 	Keypress: j
1757.5445 	DATA 	Keypress: f
1757.8962 	DATA 	Keypress: j
1758.2031 	DATA 	Keypress: space
1758.7161 	DATA 	Keypress: space
1759.0644 	DATA 	Keypress: space
1759.5124 	DATA 	Keypress: space
1759.9445 	DATA 	Keypress: space
1759.9449 	INFO 	Mouse: using default window
1760.4772 	DATA 	Keypress: space
1760.5601 	EXP 	window1: units = 'pix'
1761.3608 	DATA 	Keypress: f
1762.2805 	DATA 	Keypress: j
1763.3125 	DATA 	Keypress: f
1764.3124 	DATA 	Keypress: j
1764.6192 	DATA 	Keypress: space
1765.2805 	DATA 	Keypress: space
1765.8336 	DATA 	Keypress: space
1766.3525 	DATA 	Keypress: space
1766.3529 	INFO 	Mouse: using default window
1767.0554 	DATA 	Keypress: space
1767.0937 	EXP 	window1: units = 'pix'
1767.8886 	DATA 	Keypress: f
1768.4323 	DATA 	Keypress: f
1769.3604 	DATA 	Keypress: j
1770.3924 	DATA 	Keypress: f
1770.8482 	DATA 	Keypress: j
1771.3075 	DATA 	Keypress: space
1771.8822 	DATA 	Keypress: space
1772.4724 	DATA 	Keypress: space
1772.9606 	DATA 	Keypress: space
1772.9610 	INFO 	Mouse: using default window
1773.5000 	DATA 	Keypress: space
1773.5809 	EXP 	window1: units = 'pix'
1774.3606 	DATA 	Keypress: f
1774.8002 	DATA 	Keypress: f
1775.5365 	DATA 	Keypress: f
1776.2966 	DATA 	Keypress: j
1776.9124 	DATA 	Keypress: f
1777.4404 	DATA 	Keypress: j
1778.9205 	DATA 	Keypress: space
1779.3526 	DATA 	Keypress: space
1779.3531 	INFO 	Mouse: using default window
1781.0767 	DATA 	Keypress: space
1781.9099 	DATA 	Keypress: space
1782.2944 	DATA 	Keypress: space
1782.6499 	DATA 	Keypress: space
1782.7003 	EXP 	window1: units = 'pix'
1783.6167 	DATA 	Keypress: f
1784.7286 	DATA 	Keypress: f
1785.8725 	DATA 	Keypress: f
1787.0325 	DATA 	Keypress: f
1787.7044 	DATA 	Keypress: j
1788.2242 	DATA 	Keypress: j
1788.6179 	DATA 	Keypress: space
1789.2123 	DATA 	Keypress: space
1789.7066 	DATA 	Keypress: space
1790.2725 	DATA 	Keypress: space
1790.2729 	INFO 	Mouse: using default window
1790.8372 	DATA 	Keypress: space
1790.9100 	EXP 	window1: units = 'pix'
1791.5847 	DATA 	Keypress: f
1792.2485 	DATA 	Keypress: j
1792.9353 	DATA 	Keypress: j
1793.2077 	DATA 	Keypress: space
1793.9263 	DATA 	Keypress: space
1794.6507 	DATA 	Keypress: space
1795.1606 	DATA 	Keypress: space
1795.1610 	INFO 	Mouse: using default window
1795.7101 	DATA 	Keypress: space
1796.0953 	DATA 	Keypress: space
1796.4680 	DATA 	Keypress: space
1796.8921 	DATA 	Keypress: space
1797.3499 	DATA 	Keypress: space
1797.3995 	EXP 	window1: units = 'pix'
1798.1607 	DATA 	Keypress: f
1798.5523 	DATA 	Keypress: f
1798.9602 	DATA 	Keypress: j
1799.2242 	DATA 	Keypress: f
1799.5361 	DATA 	Keypress: j
1799.9195 	DATA 	Keypress: space
1800.4108 	DATA 	Keypress: space
1800.8271 	DATA 	Keypress: space
1801.2804 	DATA 	Keypress: space
1801.7045 	DATA 	Keypress: space
1801.7049 	INFO 	Mouse: using default window
1802.5758 	DATA 	Keypress: space
1802.6097 	EXP 	window1: units = 'pix'
1803.4567 	DATA 	Keypress: f
1804.3045 	DATA 	Keypress: j
1804.7763 	DATA 	Keypress: f
1805.0881 	DATA 	Keypress: j
1805.5709 	DATA 	Keypress: space
1806.0648 	DATA 	Keypress: space
1806.5986 	DATA 	Keypress: space
1807.0166 	DATA 	Keypress: space
1807.0171 	INFO 	Mouse: using default window
1807.5706 	DATA 	Keypress: space
1807.6552 	EXP 	window1: units = 'pix'
1808.3447 	DATA 	Keypress: f
1808.8965 	DATA 	Keypress: f
1809.4164 	DATA 	Keypress: f
1809.8161 	DATA 	Keypress: j
1810.1042 	DATA 	Keypress: j
1810.4211 	DATA 	Keypress: j
1810.8233 	DATA 	Keypress: space
1811.2365 	DATA 	Keypress: space
1811.7045 	DATA 	Keypress: space
1812.1526 	DATA 	Keypress: space
1812.1530 	INFO 	Mouse: using default window
1812.7646 	DATA 	Keypress: space
1812.8101 	EXP 	window1: units = 'pix'
1813.5847 	DATA 	Keypress: f
1814.7766 	DATA 	Keypress: j
1815.1843 	DATA 	Keypress: j
1815.6032 	DATA 	Keypress: space
1816.1832 	DATA 	Keypress: space
1816.6965 	DATA 	Keypress: space
1817.1846 	DATA 	Keypress: space
1817.1850 	INFO 	Mouse: using default window
1817.7462 	DATA 	Keypress: space
1817.7953 	EXP 	window1: units = 'pix'
1818.1703 	DATA 	Keypress: space
1818.7044 	DATA 	Keypress: f
1819.4964 	DATA 	Keypress: j
1819.9684 	DATA 	Keypress: j
1820.2521 	DATA 	Keypress: space
1820.7786 	DATA 	Keypress: space
1821.2402 	DATA 	Keypress: space
1821.7610 	DATA 	Keypress: space
1822.2083 	DATA 	Keypress: space
1822.2086 	INFO 	Mouse: using default window
1822.6049 	DATA 	Keypress: space
1823.0288 	DATA 	Keypress: space
1823.6240 	DATA 	Keypress: space
1824.0600 	DATA 	Keypress: space
1824.3928 	DATA 	Keypress: space
1824.4444 	EXP 	window1: units = 'pix'
1824.8131 	DATA 	Keypress: space
1825.4166 	DATA 	Keypress: f
1825.7602 	DATA 	Keypress: f
1826.2643 	DATA 	Keypress: j
1826.6003 	DATA 	Keypress: j
1826.9275 	DATA 	Keypress: j
1827.4428 	DATA 	Keypress: space
1827.9380 	DATA 	Keypress: space
1828.4698 	DATA 	Keypress: space
1828.9442 	DATA 	Keypress: space
1828.9445 	INFO 	Mouse: using default window
1829.3129 	DATA 	Keypress: space
1829.7487 	DATA 	Keypress: space
1830.1325 	DATA 	Keypress: space
1830.1786 	EXP 	window1: units = 'pix'
1830.5849 	DATA 	Keypress: space
1831.1684 	DATA 	Keypress: f
1831.5363 	DATA 	Keypress: f
1831.9124 	DATA 	Keypress: j
1832.7925 	DATA 	Keypress: f
1833.5204 	DATA 	Keypress: j
1833.7377 	DATA 	Keypress: space
1834.0965 	DATA 	Keypress: space
1834.4769 	DATA 	Keypress: space
1834.8266 	DATA 	Keypress: space
1835.3114 	DATA 	Keypress: space
1835.8965 	DATA 	Keypress: j
1836.0159 	DATA 	Keypress: space
1836.0163 	INFO 	Mouse: using default window
1836.5498 	DATA 	Keypress: space
1836.5966 	EXP 	window1: units = 'pix'
1837.3929 	DATA 	Keypress: f
1838.1765 	DATA 	Keypress: j
1838.9205 	DATA 	Keypress: f
1839.3042 	DATA 	Keypress: j
1839.5550 	DATA 	Keypress: space
1840.0917 	DATA 	Keypress: space
1840.7159 	DATA 	Keypress: space
1841.1881 	DATA 	Keypress: space
1841.7443 	DATA 	Keypress: space
1841.7446 	INFO 	Mouse: using default window
1842.2030 	DATA 	Keypress: space
1842.6443 	DATA 	Keypress: space
1843.0695 	DATA 	Keypress: space
1843.3011 	DATA 	Keypress: space
1843.3991 	EXP 	window1: units = 'pix'
1843.8088 	DATA 	Keypress: space
1844.2725 	DATA 	Keypress: f
1844.6723 	DATA 	Keypress: f
1844.9282 	DATA 	Keypress: j
1845.2162 	DATA 	Keypress: j
1845.5224 	DATA 	Keypress: j
1846.0028 	DATA 	Keypress: j
1846.3178 	DATA 	Keypress: space
1846.7278 	DATA 	Keypress: space
1847.1047 	DATA 	Keypress: j
1847.4802 	DATA 	Keypress: space
1847.4805 	INFO 	Mouse: using default window
1847.8602 	DATA 	Keypress: space
1848.2215 	DATA 	Keypress: space
1848.2764 	EXP 	window1: units = 'pix'
1848.6524 	DATA 	Keypress: space
1849.1764 	DATA 	Keypress: f
1849.7125 	DATA 	Keypress: j
1850.1603 	DATA 	Keypress: f
1850.3761 	DATA 	Keypress: j
1850.6047 	DATA 	Keypress: space
1851.0643 	DATA 	Keypress: space
1851.4871 	DATA 	Keypress: space
1851.8711 	DATA 	Keypress: space
1852.2691 	DATA 	Keypress: space
1852.8004 	DATA 	Keypress: space
1852.8007 	INFO 	Mouse: using default window
1853.3329 	DATA 	Keypress: space
1853.3764 	EXP 	window1: units = 'pix'
1853.9128 	DATA 	Keypress: space
1854.3523 	DATA 	Keypress: f
1855.2965 	DATA 	Keypress: f
1856.3045 	DATA 	Keypress: j
1856.6483 	DATA 	Keypress: f
1856.8561 	DATA 	Keypress: j
1857.2284 	DATA 	Keypress: space
1857.5866 	DATA 	Keypress: space
1857.9438 	DATA 	Keypress: space
1858.2609 	DATA 	Keypress: space
1858.7388 	DATA 	Keypress: space
1859.0161 	DATA 	Keypress: space
1859.0165 	INFO 	Mouse: using default window
1859.3728 	DATA 	Keypress: space
1859.4100 	EXP 	window1: units = 'pix'
1860.4968 	DATA 	Keypress: f
1861.3286 	DATA 	Keypress: j
1861.9845 	DATA 	Keypress: f
1862.1522 	DATA 	Keypress: j
1862.4486 	DATA 	Keypress: space
1862.8004 	DATA 	Keypress: space
1863.2290 	DATA 	Keypress: space
1863.7445 	DATA 	Keypress: space
1864.1286 	DATA 	Keypress: space
1864.1290 	INFO 	Mouse: using default window
1864.5373 	DATA 	Keypress: space
1864.8999 	DATA 	Keypress: space
1864.9435 	EXP 	window1: units = 'pix'
1865.3075 	DATA 	Keypress: space
1865.9925 	DATA 	Keypress: f
1866.3282 	DATA 	Keypress: f
1866.5922 	DATA 	Keypress: j
1867.1203 	DATA 	Keypress: f
1867.3443 	DATA 	Keypress: j
1867.6285 	DATA 	Keypress: j
1867.6765 	DATA 	Keypress: space
1868.0243 	DATA 	Keypress: space
1868.3421 	DATA 	Keypress: space
1868.6361 	DATA 	Keypress: space
1868.8892 	DATA 	Keypress: space
1869.1786 	DATA 	Keypress: space
1869.4403 	DATA 	Keypress: space
1869.4406 	INFO 	Mouse: using default window
1869.7459 	DATA 	Keypress: space
1870.3199 	DATA 	Keypress: space
1870.6933 	DATA 	Keypress: space
1870.9860 	DATA 	Keypress: space
1871.2900 	DATA 	Keypress: space
1871.3448 	EXP 	window1: units = 'pix'
1871.8168 	DATA 	Keypress: space
1872.2724 	DATA 	Keypress: f
1872.5603 	DATA 	Keypress: f
1873.0805 	DATA 	Keypress: f
1874.0088 	DATA 	Keypress: j
1874.3043 	DATA 	Keypress: f
1874.6163 	DATA 	Keypress: j
1874.9793 	DATA 	Keypress: j
1875.3045 	DATA 	Keypress: space
1875.6473 	DATA 	Keypress: space
1875.9891 	DATA 	Keypress: space
1876.4890 	DATA 	Keypress: space
1876.4897 	INFO 	Mouse: using default window
1877.0946 	DATA 	Keypress: space
1877.1597 	EXP 	window1: units = 'pix'
1877.9689 	DATA 	Keypress: f
1878.4724 	DATA 	Keypress: f
1879.1206 	DATA 	Keypress: f
1879.3522 	DATA 	Keypress: j
1880.2406 	DATA 	Keypress: f
1880.4642 	DATA 	Keypress: space
1880.7284 	DATA 	Keypress: j
1881.2967 	DATA 	Keypress: j
1881.6504 	DATA 	Keypress: space
1882.1900 	DATA 	Keypress: space
1882.5469 	DATA 	Keypress: space
1882.9924 	DATA 	Keypress: space
1882.9928 	INFO 	Mouse: using default window
1883.4013 	DATA 	Keypress: space
1883.8593 	DATA 	Keypress: space
1883.8958 	EXP 	window1: units = 'pix'
1885.0806 	DATA 	Keypress: f
1885.9046 	DATA 	Keypress: j
1886.5045 	DATA 	Keypress: f
1886.7923 	DATA 	Keypress: j
1887.0869 	DATA 	Keypress: space
1887.6117 	DATA 	Keypress: space
1888.1295 	DATA 	Keypress: j
1888.9366 	DATA 	Keypress: space
1888.9370 	INFO 	Mouse: using default window
1889.3676 	DATA 	Keypress: space
1889.4973 	EXP 	window1: units = 'pix'
1890.2887 	DATA 	Keypress: f
1891.0887 	DATA 	Keypress: f
1891.7765 	DATA 	Keypress: f
1892.8645 	DATA 	Keypress: j
1893.3926 	DATA 	Keypress: j
1893.7436 	DATA 	Keypress: j
1894.2358 	DATA 	Keypress: j
1894.7648 	DATA 	Keypress: space
1895.2277 	DATA 	Keypress: j
1895.7351 	DATA 	Keypress: j
1896.0963 	DATA 	Keypress: space
1896.0966 	INFO 	Mouse: using default window
1896.4945 	DATA 	Keypress: space
1896.9010 	DATA 	Keypress: space
1896.9471 	EXP 	window1: units = 'pix'
1897.6924 	DATA 	Keypress: f
1898.4565 	DATA 	Keypress: j
1900.2166 	DATA 	Keypress: j
1900.5572 	DATA 	Keypress: space
1900.9395 	DATA 	Keypress: space
1901.3180 	DATA 	Keypress: space
1901.7616 	DATA 	Keypress: space
1902.1846 	DATA 	Keypress: space
1902.1850 	INFO 	Mouse: using default window
1902.6578 	DATA 	Keypress: space
1903.0722 	DATA 	Keypress: space
1903.1103 	EXP 	window1: units = 'pix'
1904.0968 	DATA 	Keypress: f
1904.5123 	DATA 	Keypress: f
1904.7282 	DATA 	Keypress: j
1905.0723 	DATA 	Keypress: f
1905.4404 	DATA 	Keypress: j
1905.7231 	DATA 	Keypress: j
1905.9697 	DATA 	Keypress: j
1906.2258 	DATA 	Keypress: space
1906.5287 	DATA 	Keypress: space
1906.9611 	DATA 	Keypress: space
1907.3927 	DATA 	Keypress: space
1907.3931 	INFO 	Mouse: using default window
1907.9132 	DATA 	Keypress: space
1908.3205 	DATA 	Keypress: space
1908.4329 	EXP 	window1: units = 'pix'
1908.7960 	DATA 	Keypress: space
1909.2565 	DATA 	Keypress: f
1909.6964 	DATA 	Keypress: f
1909.9282 	DATA 	Keypress: j
1910.4164 	DATA 	Keypress: f
1910.6087 	DATA 	Keypress: j
1910.9025 	DATA 	Keypress: j
1911.1844 	DATA 	Keypress: space
1911.4501 	DATA 	Keypress: space
1911.6552 	DATA 	Keypress: space
1911.8942 	DATA 	Keypress: space
1912.1531 	DATA 	Keypress: space
1912.3436 	DATA 	Keypress: space
1912.6246 	DATA 	Keypress: space
1912.6250 	INFO 	Mouse: using default window
1913.0332 	DATA 	Keypress: space
1913.4691 	DATA 	Keypress: space
1913.5097 	EXP 	window1: units = 'pix'
1914.2166 	DATA 	Keypress: f
1914.7204 	DATA 	Keypress: f
1915.3206 	DATA 	Keypress: f
1915.6324 	DATA 	Keypress: j
1916.3044 	DATA 	Keypress: j
1916.5653 	DATA 	Keypress: space
1917.0286 	DATA 	Keypress: space
1917.5091 	DATA 	Keypress: space
1917.9606 	DATA 	Keypress: space
1918.2966 	DATA 	Keypress: space
1918.2970 	INFO 	Mouse: using default window
1918.9487 	DATA 	Keypress: space
1918.9935 	EXP 	window1: units = 'pix'
1919.3849 	DATA 	Keypress: space
1919.9446 	DATA 	Keypress: f
1920.3604 	DATA 	Keypress: f
1920.8084 	DATA 	Keypress: j
1921.0003 	DATA 	Keypress: j
1921.4950 	DATA 	Keypress: f
1921.7195 	DATA 	Keypress: f
1921.8990 	DATA 	Keypress: f
1922.1720 	DATA 	Keypress: j
1922.1978 	DATA 	Keypress: f
1922.3152 	DATA 	Keypress: j
1922.4997 	DATA 	Keypress: j
1922.5292 	DATA 	Keypress: f
1922.6563 	DATA 	Keypress: j
1922.8483 	DATA 	Keypress: space
1923.4565 	DATA 	Keypress: space
1923.4569 	INFO 	Mouse: using default window
1924.1347 	DATA 	Keypress: space
1924.1783 	EXP 	window1: units = 'pix'
1925.0568 	DATA 	Keypress: f
1925.9206 	DATA 	Keypress: f
1927.0887 	DATA 	Keypress: j
1927.5764 	DATA 	Keypress: j
1928.1218 	DATA 	Keypress: j
1928.5658 	DATA 	Keypress: space
1928.9940 	DATA 	Keypress: space
1929.3946 	DATA 	Keypress: space
1929.8323 	DATA 	Keypress: space
1929.8327 	INFO 	Mouse: using default window
1930.3199 	DATA 	Keypress: space
1930.3601 	EXP 	window1: units = 'pix'
1931.1608 	DATA 	Keypress: f
1931.5604 	DATA 	Keypress: f
1932.2805 	DATA 	Keypress: f
1932.9525 	DATA 	Keypress: f
1933.7605 	DATA 	Keypress: j
1933.9442 	DATA 	Keypress: f
1934.2564 	DATA 	Keypress: j
1934.5504 	DATA 	Keypress: space
1935.1764 	DATA 	Keypress: space
1935.7399 	DATA 	Keypress: space
1936.2247 	DATA 	Keypress: space
1936.2251 	INFO 	Mouse: using default window
1936.8777 	DATA 	Keypress: space
1936.9262 	EXP 	window1: units = 'pix'
1937.6089 	DATA 	Keypress: f
1938.0645 	DATA 	Keypress: f
1938.3683 	DATA 	Keypress: j
1938.9365 	DATA 	Keypress: j
1939.2311 	DATA 	Keypress: j
1939.5526 	DATA 	Keypress: space
1940.0132 	DATA 	Keypress: space
1940.5287 	DATA 	Keypress: space
1940.9207 	DATA 	Keypress: space
1940.9211 	INFO 	Mouse: using default window
1941.4461 	DATA 	Keypress: space
1941.4935 	EXP 	window1: units = 'pix'
1942.3364 	DATA 	Keypress: f
1942.7366 	DATA 	Keypress: f
1943.1044 	DATA 	Keypress: f
1943.6165 	DATA 	Keypress: j
1944.1766 	DATA 	Keypress: f
1944.7846 	DATA 	Keypress: j
1947.8248 	DATA 	Keypress: space
1947.8253 	INFO 	Mouse: using default window
1948.3088 	DATA 	Keypress: space
1948.3595 	EXP 	window1: units = 'pix'
1949.2328 	DATA 	Keypress: f
1949.8967 	DATA 	Keypress: f
1950.2245 	DATA 	Keypress: f
1950.8246 	DATA 	Keypress: f
1951.8166 	DATA 	Keypress: f
1952.0401 	DATA 	Keypress: f
1952.2322 	DATA 	Keypress: j
1952.5846 	DATA 	Keypress: j
1953.1143 	DATA 	Keypress: space
1953.6051 	DATA 	Keypress: space
1954.0112 	DATA 	Keypress: space
1954.3772 	DATA 	Keypress: space
1954.6645 	DATA 	Keypress: space
1954.6649 	INFO 	Mouse: using default window
1955.0622 	DATA 	Keypress: space
1955.4693 	DATA 	Keypress: space
1955.5095 	EXP 	window1: units = 'pix'
1955.9368 	DATA 	Keypress: space
1956.4884 	DATA 	Keypress: f
1956.9125 	DATA 	Keypress: f
1958.2886 	DATA 	Keypress: f
1959.4725 	DATA 	Keypress: j
1959.9445 	DATA 	Keypress: f
1960.1522 	DATA 	Keypress: j
1960.4141 	DATA 	Keypress: space
1960.7284 	DATA 	Keypress: space
1961.1503 	DATA 	Keypress: space
1961.6453 	DATA 	Keypress: space
1962.0487 	DATA 	Keypress: space
1962.0492 	INFO 	Mouse: using default window
1962.5528 	DATA 	Keypress: space
1962.9669 	DATA 	Keypress: space
1963.0100 	EXP 	window1: units = 'pix'
1963.7609 	DATA 	Keypress: f
1964.1605 	DATA 	Keypress: f
1964.5043 	DATA 	Keypress: f
1964.7204 	DATA 	Keypress: j
1965.2244 	DATA 	Keypress: f
1965.4403 	DATA 	Keypress: j
1965.6789 	DATA 	Keypress: space
1965.9771 	DATA 	Keypress: space
1966.5387 	DATA 	Keypress: space
1967.1045 	DATA 	Keypress: space
1967.5687 	DATA 	Keypress: space
1967.5691 	INFO 	Mouse: using default window
1968.0055 	DATA 	Keypress: space
1968.0433 	EXP 	window1: units = 'pix'
1968.7209 	DATA 	Keypress: f
1969.0964 	DATA 	Keypress: f
1969.7045 	DATA 	Keypress: j
1970.1043 	DATA 	Keypress: f
1970.8726 	DATA 	Keypress: space
1971.3363 	DATA 	Keypress: j
1971.7538 	DATA 	Keypress: space
1972.1907 	DATA 	Keypress: space
1972.6967 	DATA 	Keypress: space
1973.0404 	DATA 	Keypress: space
1973.6247 	DATA 	Keypress: j
1973.6402 	DATA 	Keypress: space
1973.6403 	INFO 	Mouse: using default window
1974.0231 	DATA 	Keypress: space
1974.5483 	DATA 	Keypress: space
1974.5932 	EXP 	window1: units = 'pix'
1975.2331 	DATA 	Keypress: f
1975.7113 	DATA 	Keypress: f
1976.0475 	DATA 	Keypress: j
1976.9129 	DATA 	Keypress: f
1978.0169 	DATA 	Keypress: j
1978.2569 	DATA 	Keypress: space
1978.7515 	DATA 	Keypress: space
1979.0990 	DATA 	Keypress: space
1979.5931 	DATA 	Keypress: space
1979.9688 	DATA 	Keypress: space
1979.9694 	INFO 	Mouse: using default window
1980.3995 	DATA 	Keypress: space
1980.5226 	EXP 	window1: units = 'pix'
1980.8796 	DATA 	Keypress: space
1981.4009 	DATA 	Keypress: f
1982.0007 	DATA 	Keypress: j
1982.2084 	DATA 	Keypress: f
1983.8887 	DATA 	Keypress: j
1984.1265 	DATA 	Keypress: space
1984.6520 	DATA 	Keypress: space
1985.0332 	DATA 	Keypress: space
1985.4581 	DATA 	Keypress: space
1985.7699 	DATA 	Keypress: space
1986.0884 	DATA 	Keypress: space
1986.0888 	INFO 	Mouse: using default window
1986.4997 	DATA 	Keypress: space
1987.0596 	DATA 	Keypress: space
1987.0955 	EXP 	window1: units = 'pix'
1987.9129 	DATA 	Keypress: f
1988.3286 	DATA 	Keypress: f
1989.0246 	DATA 	Keypress: f
1989.3363 	DATA 	Keypress: f
1989.6646 	DATA 	Keypress: f
1990.0964 	DATA 	Keypress: f
1990.9125 	DATA 	Keypress: f
1991.3845 	DATA 	Keypress: f
1991.6163 	DATA 	Keypress: space
1992.2486 	DATA 	Keypress: j
1992.8887 	DATA 	Keypress: j
1993.1605 	DATA 	Keypress: space
1993.6647 	DATA 	Keypress: space
1994.1565 	DATA 	Keypress: space
1994.5525 	DATA 	Keypress: space
1995.1110 	DATA 	Keypress: space
1995.1115 	INFO 	Mouse: using default window
1995.7748 	DATA 	Keypress: space
1996.3141 	DATA 	Keypress: space
1996.8730 	DATA 	Keypress: space
1996.9281 	EXP 	window1: units = 'pix'
1997.5937 	DATA 	Keypress: f
1998.1441 	DATA 	Keypress: f
1999.4806 	DATA 	Keypress: j
1999.7203 	DATA 	Keypress: f
2000.0564 	DATA 	Keypress: j
2000.4071 	DATA 	Keypress: j
2000.7288 	DATA 	Keypress: space
2001.2025 	DATA 	Keypress: space
2001.6889 	DATA 	Keypress: space
2002.1528 	DATA 	Keypress: space
2002.1532 	INFO 	Mouse: using default window
2002.6124 	DATA 	Keypress: space
2002.6596 	EXP 	window1: units = 'pix'
2003.4326 	DATA 	Keypress: f
2003.8966 	DATA 	Keypress: f
2004.3751 	DATA 	Keypress: f
2004.9927 	DATA 	Keypress: j
2005.3205 	DATA 	Keypress: f
2005.7926 	DATA 	Keypress: j
2006.1552 	DATA 	Keypress: space
2006.6566 	DATA 	Keypress: space
2007.0719 	DATA 	Keypress: space
2007.5771 	DATA 	Keypress: space
2008.1040 	DATA 	Keypress: space
2008.1044 	INFO 	Mouse: using default window
2008.5669 	DATA 	Keypress: space
2008.6861 	EXP 	window1: units = 'pix'
2009.7130 	DATA 	Keypress: f
2010.6887 	DATA 	Keypress: f
2011.8806 	DATA 	Keypress: f
2012.0963 	DATA 	Keypress: f
2012.5124 	DATA 	Keypress: f
2012.7682 	DATA 	Keypress: j
2013.0883 	DATA 	Keypress: f
2013.5684 	DATA 	Keypress: space
2013.8643 	DATA 	Keypress: j
2014.1150 	DATA 	Keypress: space
2014.9197 	DATA 	Keypress: j
2015.3774 	DATA 	Keypress: space
2016.0248 	DATA 	Keypress: space
2016.0253 	INFO 	Mouse: using default window
2016.7397 	DATA 	Keypress: space
2016.7759 	EXP 	window1: units = 'pix'
2017.9049 	DATA 	Keypress: f
2018.3526 	DATA 	Keypress: f
2018.6565 	DATA 	Keypress: f
2019.0484 	DATA 	Keypress: f
2019.3284 	DATA 	Keypress: f
2019.8006 	DATA 	Keypress: j
2020.3926 	DATA 	Keypress: j
2020.6639 	DATA 	Keypress: space
2021.2018 	DATA 	Keypress: space
2021.5713 	DATA 	Keypress: space
2021.9841 	DATA 	Keypress: space
2022.5689 	DATA 	Keypress: space
2022.7926 	DATA 	Keypress: space
2022.9381 	DATA 	Keypress: space
2095.5531 	DATA 	Keypress: space
2096.2088 	DATA 	Keypress: space
